frequency_hz,s11_mag,s11_db,s11_phase_deg,s21_mag,s21_db,s21_phase_deg,s12_mag,s12_db,s12_phase_deg,s22_mag,s22_db,s22_phase_deg
4000000000.0,0.9886151184275103,-0.0994550472511832,0.7907410947419453,0.021171720560193084,-33.484876935564245,-0.8344159082327678,0.021171720560193084,-33.484876935564245,-0.8344159082327678,0.9886479653823441,-0.09916646145094679,0.7910928100728355
4006006006.0060062,0.9885624121838656,-0.09991813223829714,0.7870899327620449,0.021314527826959483,-33.42648567358335,-0.8382523285880299,0.021314527826959483,-33.42648567358335,-0.8382523285880299,0.9885955364554178,-0.09962709452199547,0.787441984635912
4012012012.012012,0.9885094427559388,-0.10038355447788322,0.7834361915542163,0.02145849956486164,-33.36801296658345,-0.842091227003087,0.02145849956486164,-33.36801296658345,-0.842091227003087,0.9885428470358777,-0.10009004085609971,0.7837886266383897
4018018018.0180182,0.9884562077290265,-0.10085133556314127,0.7797798429052624,0.02160364823145889,-33.309458057533675,-0.845932630144361,0.02160364823145889,-33.309458057533675,-0.845932630144361,0.9884898947377546,-0.10055532178743759,0.7801327083977988
4024024024.024024,0.9884027046523612,-0.1013214974107213,0.7761208583151409,0.02174998645359901,-33.2508201839607,-0.8497765648511358,0.02174998645359901,-33.2508201839607,-0.8497765648511358,0.9884366771393647,-0.10102295897043186,0.7764742019496509
4030030030.0300303,0.9883489310384329,-0.10179406226682515,0.7724592089932454,0.021897527030165048,-33.192098577897376,-0.853623058141495,0.021897527030165048,-33.192098577897376,-0.853623058141495,0.9883831917826327,-0.1014929743858408,0.7728130790437342
4036036036.036036,0.9882948843622903,-0.10226905271349884,0.7687948658545356,0.02204628293487368,-33.13329246583071,-0.857472137218366,0.02204628293487368,-33.13329246583071,-0.857472137218366,0.9883294361723567,-0.101965390347368,0.7691493111404074
4042042042.0420423,0.9882405620608412,-0.10274649167493523,0.7651277995157225,0.022196267319125638,-33.07440106864953,-0.8613238294756175,0.022196267319125638,-33.07440106864953,-0.8613238294756175,0.9882754077756186,-0.10244022950699286,0.7654828694068028
4048048048.048048,0.988185961532123,-0.10322640242404292,0.7614579802913187,0.02234749351490917,-33.015423601591614,-0.8651781625042796,0.02234749351490917,-33.015423601591614,-0.8651781625042796,0.9882211040209,-0.10291751486289592,0.7618137247129111
4054054054.0540543,0.9881310801345611,-0.10370880858912487,0.7577853781895916,0.022499975037757896,-32.95635927419055,-0.8690351640988075,0.022499975037757896,-32.95635927419055,-0.8690351640988075,0.9881665222975052,-0.1033972697646873,0.7581418476276788
4060060060.06006,0.98807591518623,-0.10419373416053797,0.7541099629085461,0.02265372558976433,-32.89720729022184,-0.8728948622634771,0.02265372558976433,-32.89720729022184,-0.8728948622634771,0.9881116599547524,-0.10387951792067965,0.754467208415036
4066066066.0660663,0.9880204639640543,-0.10468120349788582,0.7504317038317537,0.022808759062649998,-32.83796684764883,-0.8767572852188419,0.022808759062649998,-32.83796684764883,-0.8767572852188419,0.9880565143011524,-0.1043642834052702,0.7507897770297434
4072072072.072072,0.9879647237030529,-0.1051712413368387,0.7467505700241227,0.022965089540893442,-32.7786371385679,-0.8806224614083082,0.022965089540893442,-32.7786371385679,-0.8806224614083082,0.9880010826037547,-0.1048515906648631,0.7471095231133623
4078078078.0780783,0.9879086915954857,-0.10566387279680897,0.7430665302276903,0.023122731304916964,-32.71921734915351,-0.884490419504759,0.023122731304916964,-32.71921734915351,-0.884490419504759,0.9879453620871808,-0.10534146452654221,0.7434264159899444
4084084084.084084,0.9878523647900763,-0.10615912338796893,0.7393795528571571,0.023281698834334435,-32.65970665960233,-0.8883611884173372,0.023281698834334435,-32.65970665960233,-0.8883611884173372,0.9878893499329592,-0.10583393020409047,0.7397404246618487
4090090090.0900903,0.9877957403911354,-0.10665701901914697,0.7356896059955498,0.02344200681126011,-32.60010424407728,-0.892234797298274,0.02344200681126011,-32.60010424407728,-0.892234797298274,0.9878330432785793,-0.10632901330649874,0.7360515178053184
4096096096.096096,0.9877388154576907,-0.1071575860056647,0.7319966573896781,0.023603670123680663,-32.54040927065085,-0.896111275549826,0.023603670123680663,-32.54040927065085,-0.896111275549826,0.9877764392166799,-0.1068267398452865,0.7323596637660968
4102102102.1021023,0.9876815870026474,-0.10766085107692046,0.7283006744455258,0.023766703868891417,-32.48062090124799,-0.8999906528313363,0.023766703868891417,-32.48062090124799,-0.8999906528313363,0.9877195347941788,-0.10732713624234441,0.7286648305548837
4108108108.108108,0.9876240519918242,-0.10816684138506405,0.7246016242236367,0.023931123356998284,-32.420738291588485,-0.9038729590663671,0.023931123356998284,-32.420738291588485,-0.9038729590663671,0.9876623270113669,-0.1078302293381042,0.724966985842814
4114114114.1141143,0.9875662073430738,-0.10867558451294079,0.7208994734343371,0.02409694411448688,-32.36076059112879,-0.9077582244499588,0.02409694411448688,-32.36076059112879,-0.9077582244499588,0.9876048128209686,-0.10833604639999918,0.7212660969567567
4120120120.12012,0.987508049925313,-0.10918710848282846,0.7171941884329344,0.024264181887860194,-32.3006869430033,-0.9116464794559821,0.024264181887860194,-32.3006869430033,-0.9116464794559821,0.9875469891272028,-0.10884461513093162,0.7175621308745503
4126126126.1261263,0.987449576557584,-0.10970144176491829,0.7134857352147504,0.024432852647345914,-32.24051648396528,-0.9155377548445911,0.024432852647345914,-32.24051648396528,-0.9155377548445911,0.9874888527849062,-0.1093559636772007,0.7138550542202804
4132132132.132132,0.9873907840080046,-0.1102186132867641,0.709774079410202,0.024602972590675554,-32.18024834432708,-0.9194320816698047,0.024602972590675554,-32.18024834432708,-0.9194320816698047,0.98743040059841,-0.10987012063859296,0.710144833259236
4138138138.1381383,0.9873316689928249,-0.11073865244181287,0.706059186279678,0.02477455814693715,-32.119881647899724,-0.9233294912871846,0.02477455814693715,-32.119881647899724,-0.9233294912871846,0.9873716293206519,-0.11038711507642691,0.7064314338930535
4144144144.144144,0.9872722281753377,-0.11126158909922215,0.7023410207083426,0.024947625980501573,-32.05941551193224,-0.9272300153616293,0.024947625980501573,-32.05941551193224,-0.9272300153616293,0.9873125356520887,-0.11090697652334268,0.7027148216545125
4150150150.1501503,0.9872124581648424,-0.11178745361321733,0.698619547200911,0.025122192995026087,-31.998849047050154,-0.931133685875279,0.025122192995026087,-31.998849047050154,-0.931133685875279,0.9872531162396521,-0.11142973499272477,0.6989949617024582
4156156156.156156,0.9871523555155556,-0.11231627683292267,0.6948947298762804,0.025298276337535282,-31.93818135719363,-0.9350405351355479,0.025298276337535282,-31.93818135719363,-0.9350405351355479,0.9871933676756646,-0.11195542098848549,0.6952718188164879
4162162162.1621623,0.9870919167254779,-0.11284809011258425,0.6911665324620534,0.025475893402582207,-31.877411539554807,-0.9389505957832563,0.025475893402582207,-31.877411539554807,-0.9389505957832563,0.987133286496796,-0.11248406551449187,0.6915453573916421
4168168168.168168,0.9870311382353053,-0.11338292532141046,0.687434918289012,0.025655061836490533,-31.81653868451474,-0.9428639008009055,0.025655061836490533,-31.81653868451474,-0.9428639008009055,0.9870728691828128,-0.11301570008582633,0.6878155414328808
4174174174.1741743,0.9869700164271901,-0.11392081485474093,0.6836998502854688,0.025835799541680186,-31.75556187557968,-0.9467804835210585,0.025835799541680186,-31.75556187557968,-0.9467804835210585,0.9870121121555531,-0.11355035673806799,0.6840823345496257
4180180180.18018,0.9869085476236196,-0.11446179164418854,0.6799612909715006,0.026018124681078107,-31.694480189316682,-0.9507003776348586,0.026018124681078107,-31.694480189316682,-0.9507003776348586,0.9869510117776282,-0.11408806803898758,0.6803456999500184
4186186186.1861863,0.9868467280861505,-0.11500588916906046,0.6762192024530818,0.026202055682615605,-31.63329269528877,-0.95462361720065,0.026202055682615605,-31.63329269528877,-0.95462361720065,0.9868895643512954,-0.11462886709874692,0.6766056004352824
4192192192.192192,0.9867845540141559,-0.11555314146767441,0.6724735464161751,0.026387611243815244,-31.57199845598928,-0.9585502366527683,0.026387611243815244,-31.57199845598928,-0.9585502366527683,0.9868277661171907,-0.11517278758133048,0.6728619983937655
4198198198.1981983,0.9867220215435853,-0.11610358314856867,0.668724284120609,0.026574810336468132,-31.510596526775714,-0.9624802708104276,0.026574810336468132,-31.510596526775714,-0.9624802708104276,0.9867656132530103,-0.11571986371644764,0.6691148557950215
4204204204.204204,0.9866591267456001,-0.11665724940282172,0.6649713763939166,0.02676367221140427,-31.449085955802897,-0.9664137548867505,0.02676367221140427,-31.449085955802897,-0.9664137548867505,0.9867031018722837,-0.11627013031062672,0.6653641341837923
4210210210.2102103,0.9865958656252743,-0.11721417601579605,0.6612147836250465,0.02695421640335801,-31.387465783955477,-0.970350724497949,0.02695421640335801,-31.387465783955477,-0.970350724497949,0.9866402280230032,-0.11682362275959102,0.661609794673747
4216216216.216216,0.9865322341201811,-0.11777439937991202,0.6574544657579828,0.027146462735930434,-31.325735044779826,-0.9742912156726203,0.027146462735930434,-31.325735044779826,-0.9742912156726203,0.9865769876862028,-0.11738037706108118,0.6578517979412407
4222222222.2222223,0.9864682280990132,-0.11833795650711645,0.6536903822851562,0.027340431326651322,-31.26389276441518,-0.978235264861207,0.027340431326651322,-31.26389276441518,-0.978235264861207,0.9865133767747056,-0.11794042982621017,0.6540901042189295
4228228228.228228,0.9864038433600976,-0.11890488504230744,0.6499224922408713,0.027536142592142713,-31.20193796152408,-0.9821829089455855,0.027536142592142713,-31.20193796152408,-0.9821829089455855,0.9864493911315281,-0.11850381829384507,0.650324673289167
4234234234.2342343,0.9863390756299879,-0.11947522327607042,0.6461507541944845,0.02773361725338594,-31.13986964722229,-0.9861341852488088,0.02773361725338594,-31.13986964722229,-0.9861341852488088,0.9863850265284927,-0.11907058034316563,0.6465554644774696
4240240240.24024,0.986273920561861,-0.12004901015916306,0.6423751262435459,0.02793287634109535,-31.077686825007817,-0.9900891315449871,0.02793287634109535,-31.077686825007817,-0.9900891315449871,0.9863202786647304,-0.1196407545072046,0.6427824366456596
4246246246.2462463,0.9862083737340254,-0.12062628531601671,0.6385955660067533,0.028133941201200798,-31.0153884906892,-0.9940477860693548,0.028133941201200798,-31.0153884906892,-0.9940477860693548,0.9862551431651102,-0.1202143799870373,0.639005548185026
4252252252.252252,0.9861424306482977,-0.12120708905941285,0.6348120306168272,0.02833683350044016,-30.95297363231345,-0.9980101875284293,0.02833683350044016,-30.95297363231345,-0.9980101875284293,0.9861896155786656,-0.12079149666601458,0.635224757009287
4258258258.2582583,0.9860760867283958,-0.12179146240502813,0.6310244767132213,0.028541575232067382,-30.890441230092595,-1.0019763751103965,0.028541575232067382,-30.890441230092595,-1.0019763751103965,0.9861236913769793,-0.1213721451243689,0.6314400205474229
4264264264.264264,0.9860093373182419,-0.12237944708678075,0.6272328604346545,0.028748188721675484,-30.827790256329966,-1.0059463884956115,0.028748188721675484,-30.827790256329966,-1.0059463884956115,0.9860573659525114,-0.12195636665433696,0.6276512957364184
4270270270.2702703,0.9859421776802504,-0.12297108557232721,0.6234371374116212,0.02895669663313844,-30.76501967534572,-1.0099202678672825,0.02895669663313844,-30.76501967534572,-1.0099202678672825,0.9859906346169347,-0.12254420327522393,0.6238585390138451
4276276276.276276,0.9858746029936047,-0.12356642107866173,0.6196372627586347,0.029167121974676007,-30.702128443401175,-1.013898053922315,0.029167121974676007,-30.702128443401175,-1.013898053922315,0.9859234925993231,-0.12313569774978303,0.6200617063102529
4282282282.2822824,0.9858066083524023,-0.12416549758890058,0.6158331910663948,0.029379488105041675,-30.639115508622833,-1.0178797878823282,0.029379488105041675,-30.639115508622833,-1.0178797878823282,0.9858559350444374,-0.12373089359974271,0.6162607530415176
4288288288.288288,0.9857381887638429,-0.12476835986868919,0.6120248763937856,0.029593818739839267,-30.575979810925205,-1.021865511504846,0.029593818739839267,-30.575979810925205,-1.021865511504846,0.9857879570108233,-0.12432983512300386,0.6124556341009342
4294294294.2942944,0.985669339146342,-0.1253750534832891,0.6082122722597163,0.029810137957968892,-30.512720281933102,-1.0258552670946577,0.029810137957968892,-30.512720281933102,-1.0258552670946577,0.9857195534689978,-0.12493256741007848,0.6086463038512748
4300300300.300301,0.985600054327549,-0.12598562481551726,0.6043953316348243,0.030028470208207307,-30.449335844902876,-1.0298490975153796,0.030028470208207307,-30.449335844902876,-1.0298490975153796,0.9856507192994741,-0.12553913636195124,0.6048327161165955
4306306306.306306,0.9855303290423995,-0.12660012108339896,0.6005740069329812,0.030248840315924022,-30.38582541464295,-1.0338470462011682,0.030248840315924022,-30.38582541464295,-1.0338470462011682,0.9855814492907898,-0.12614958870794502,0.6010148241739055
4312312312.312312,0.9854601579310487,-0.12721859035888144,0.5967482500026966,0.030471273489937917,-30.32218789743338,-1.0378491571686526,0.030471273489937917,-30.32218789743338,-1.0378491571686526,0.9855117381375125,-0.12676397202378598,0.5971925807447672
4318318318.318318,0.9853895355367864,-0.12784108158673463,0.5929180121182791,0.030695795329516325,-30.258422190944607,-1.0418554750290352,0.030695795329516325,-30.258422190944607,-1.0418554750290352,0.9854415804381113,-0.12738233475087207,0.5933659379865742
4324324324.324325,0.9853184563038637,-0.12846764460423785,0.589083243970917,0.030922431831520814,-30.194527184155312,-1.0458660450004043,0.030922431831520814,-30.194527184155312,-1.0458660450004043,0.9853709706928652,-0.12800472621523518,0.5895348474838087
4330330330.33033,0.9852469145753397,-0.1290983301607098,0.5852438956594477,0.031151209397703217,-30.130501757269208,-1.0498809129202298,0.031151209397703217,-30.130501757269208,-1.0498809129202298,0.9852999033016403,-0.128631196647673,0.5856992602390136
4336336336.336336,0.9851749045907527,-0.12973318993860716,0.581399916681134,0.031382154842154536,-30.066344781631127,-1.0539001252580835,0.031382154842154536,-30.066344781631127,-1.0539001252580835,0.985228372561694,-0.1292617972036615,0.581859126663722
4342342342.342342,0.985102420483875,-0.1303722765739002,0.5775512559220863,0.031615295398911294,-30.002055119641994,-1.0579237291285384,0.031615295398911294,-30.002055119641994,-1.0579237291285384,0.9851563726653088,-0.12989657998478887,0.5780143965690372
4348348348.348349,0.985029456280267,-0.1310156436782377,0.5736978616475871,0.03185065872972284,-29.937631624672886,-1.0619517723043077,0.03185065872972284,-29.937631624672886,-1.0619517723043077,0.9850838976974613,-0.13053559805989234,0.5741650191561761
4354354354.354355,0.9849560058948685,-0.13166334586080625,0.5698396814922254,0.03208827293198326,-29.873073140978104,-1.0659843032295786,0.03208827293198326,-29.873073140978104,-1.0659843032295786,0.9850109416334081,-0.1311789054869589,0.5703109430067645
4360360360.36036,0.9848820631294757,-0.13231543875121873,0.5659766624497908,0.032328166546831995,-29.80837850360723,-1.0700213710335873,0.032328166546831995,-29.80837850360723,-1.0700213710335873,0.9849374983361738,-0.13182655733589527,0.5664521160729021
4366366366.366366,0.9848076216701913,-0.13297197902265157,0.5621087508629732,0.032570368567427385,-29.74354653831613,-1.07406302554439,0.032570368567427385,-29.74354653831613,-1.07406302554439,0.9848635615539952,-0.13247860971171677,0.562588485667123
4372372372.372373,0.984732675084751,-0.13363302441610786,0.5582358924129323,0.03281490844739673,-29.67857606147706,-1.0781093173028962,0.03281490844739673,-29.67857606147706,-1.0781093173028962,0.9847891249177362,-0.13313511977800763,0.5587199984521047
4378378378.378378,0.9846572168198231,-0.13429863376493098,0.5543580321085592,0.033061816109467956,-29.613465879987487,-1.0821602975771119,0.033061816109467956,-29.613465879987487,-1.0821602975771119,0.9847141819381345,-0.13379614578188978,0.5548466004301088
4384384384.384384,0.9845812401982517,-0.13496886701984037,0.5504751142755584,0.03331112195428702,-29.548214791177955,-1.0862160183766463,0.03331112195428702,-29.548214791177955,-1.0862160183766463,0.9846387260030659,-0.1344617470788651,0.5509682369323367
4390390390.39039,0.9845047384161457,-0.13564378527535445,0.5465870825453167,0.03356285686942458,-29.482821582718962,-1.0902765324674248,0.03356285686942458,-29.482821582718962,-1.0902765324674248,0.9845627503747365,-0.13513198415830613,0.5470848526080001
4396396396.396397,0.984427704539996,-0.1363234507959917,0.5426938798435903,0.033817052238578636,-29.41728503252643,-1.0943418933867068,0.033817052238578636,-29.41728503252643,-1.0943418933867068,0.9844862481867181,-0.13580691867036526,0.5431963914131588
4402402402.402403,0.9843501315036172,-0.13700792704403647,0.538795448378859,0.034073739950975845,-29.35160390866627,-1.0984121554583055,0.034073739950975845,-29.35160390866627,-1.0984121554583055,0.9844092124409688,-0.136486613453036,0.5393027965993132
4408408408.408408,0.9842720121050919,-0.13769727870732235,0.5348917296305103,0.03433295241097737,-29.285776969257743,-1.1024873738081145,0.03433295241097737,-29.285776969257743,-1.1024873738081145,0.9843316360047956,-0.1371711325597491,0.5354040107018962
4414414414.414414,0.9841933390035542,-0.13839157172845093,0.530982664336799,0.03459472254789498,-29.21980296237546,-1.1065676043798607,0.03459472254789498,-29.21980296237546,-1.1065676043798607,0.9842535116076444,-0.13786054128852526,0.5314999755283684
4420420420.420421,0.9841141047159497,-0.1390908733342554,0.527068192482517,0.034859083826020654,-29.153680625950432,-1.1106529039511626,0.034859083826020654,-29.153680625950432,-1.1106529039511626,0.9841748318378656,-0.1385549062113702,0.5275906321461236
4426426426.426426,0.9840343016136708,-0.13979525206638843,0.5231482532864039,0.03512607025487711,-29.08740868766968,-1.1147433301498562,0.03512607025487711,-29.08740868766968,-1.1147433301498562,0.9840955891394346,-0.13925429520409194,0.5236759208702235
4432432432.432432,0.9839539219191085,-0.14050477781268034,0.5192227851883562,0.03539571639969298,-29.02098586487474,-1.1188389414705961,0.03539571639969298,-29.02098586487474,-1.1188389414705961,0.9840157758084712,-0.1399587774779321,0.5197557812507361
4438438438.438438,0.9838729577021114,-0.1412195218393514,0.5152917258363062,0.035668057392109945,-28.954410864458705,-1.1229397972917738,0.035668057392109945,-28.954410864458705,-1.1229397972917738,0.9839353839897179,-0.1406684236115836,0.5158301520599542
4444444444.444445,0.9837914008763493,-0.14193955682409598,0.511355012072865,0.035943128941125835,-28.887682382762176,-1.1270459578926992,0.035943128941125835,-28.887682382762176,-1.1270459578926992,0.9838544056729749,-0.14138330558362985,0.5118989712792518
4450450450.450451,0.9837092431955584,-0.14266495689024997,0.507412579921679,0.03622096734428123,-28.82079910546766,-1.1311574844711343,0.03622096734428123,-28.82079910546766,-1.1311574844711343,0.9837728326893559,-0.14210349680659537,0.5079621760856887
4456456456.456456,0.9836264762497298,-0.14339579764149113,0.5034643645734607,0.03650160949909408,-28.753759707492854,-1.1352744391610843,0.03650160949909408,-28.753759707492854,-1.1352744391610843,0.9836906567074596,-0.14282907216178004,0.5040197028383799
4462462462.462462,0.9835430914611184,-0.1441321561981643,0.4995103003718372,0.03678509291475056,-28.68656285288228,-1.1393968850509606,0.03678509291475056,-28.68656285288228,-1.1393968850509606,0.9836078692294633,-0.14356010803481456,0.5000714870644896
4468468468.468469,0.9834590800802044,-0.14487411123406752,0.49555032079873346,0.037071455724056415,-28.619207194697736,-1.1435248862020366,0.037071455724056415,-28.619207194697736,-1.1435248862020366,0.9835244615870959,-0.1442966823523212,0.49611746344504243
4474474474.474475,0.983374433181521,-0.1456217430144553,0.4915843584596111,0.03736073669565719,-28.55169137490722,-1.1476585076672565,0.03736073669565719,-28.55169137490722,-1.1476585076672565,0.9834404249374511,-0.14503887462002535,0.4921575658003209
4480480480.48048,0.9832891416593412,-0.146375133435326,0.4876123450682795,0.03765297524653352,-28.484014024272327,-1.1517978155103685,0.03765297524653352,-28.484014024272327,-1.1517978155103685,0.9833557502587611,-0.1457867659612529,0.4881917270750356
4486486486.486486,0.9832031962232818,-0.14713436606349556,0.48363421143143087,0.03794821145477795,-28.41617376223431,-1.1559428768254414,0.03794821145477795,-28.41617376223431,-1.1559428768254414,0.9832704283460177,-0.14654043915682494,0.484219879323148
4492492492.492493,0.983116587393748,-0.1478995261781087,0.4796498874328362,0.0382464860726617,-28.348169196798423,-1.1600937597567005,0.0382464860726617,-28.348169196798423,-1.1600937597567005,0.983184449806415,-0.14729997868656933,0.4802419536923411
4498498498.498499,0.9830293054972817,-0.14867070081305905,0.4756593020171929,0.038547840539997595,-28.27999892441691,-1.16425053351877,0.038547840539997595,-28.27999892441691,-1.16425053351877,0.9830978050547458,-0.1480654707712817,0.4762578804082094
4504504504.504504,0.9829413406617381,-0.1494479788009732,0.47166238317365766,0.03885231699780747,-28.211661529870288,-1.1684132684172557,0.03885231699780747,-28.211661529870288,-1.1684132684172557,0.9830104843086497,-0.1488370034160561,0.47226758875811997
4510510510.51051,0.9828526828113575,-0.150231450818164,0.4676590579189482,0.03915995830230208,-28.14315558614702,-1.1725820358697554,0.03915995830230208,-28.14315558614702,-1.1725820358697554,0.9829224775836447,-0.14961466645556848,0.4682710070745785
4516516516.516517,0.9827633216616851,-0.15102120943098912,0.4636492522801711,0.03947080803918044,-28.074479654321696,-1.176756908427222,0.03947080803918044,-28.074479654321696,-1.176756908427222,0.982833774688147,-0.15039855159951968,0.46426806271848003
4522522522.522523,0.982673246714334,-0.15181734914364414,0.45963289127719653,0.03978491053825872,-28.005632283431297,-1.1809379597957663,0.03978491053825872,-28.005632283431297,-1.1809379597957663,0.9827443652182213,-0.151188752480514,0.4602586820617468
4528528528.528528,0.9825824472516046,-0.15261996644728126,0.4556098989047104,0.04010231088843541,-27.936612010350007,-1.1851252648588535,0.04010231088843541,-27.936612010350007,-1.1851252648588535,0.9826542385522723,-0.15198536470250965,0.45624279046976046
4534534534.534534,0.9824909123309548,-0.15342915987051048,0.4515801981138149,0.040423054953003267,-27.867417359662042,-1.1893188996999475,0.040423054953003267,-27.867417359662042,-1.1893188996999475,0.9825633838455278,-0.15278848589117583,0.4522203122833382
4540540540.540541,0.9823986307792779,-0.15424503003165452,0.44754371079326155,0.04074718938531492,-27.798046843533,-1.1935189416255583,0.04074718938531492,-27.798046843533,-1.1935189416255583,0.9824717900243599,-0.15359821574573315,0.44819117080028453
4546546546.546547,0.9823055911870862,-0.1550676796919107,0.44350035775023766,0.04107476164481415,-27.728498961579156,-1.1977254691887782,0.04107476164481415,-27.728498961579156,-1.1977254691887782,0.9823794457804995,-0.15441465609180746,0.4441552882566053
4552552552.552552,0.98221178190241,-0.15589721381108315,0.43945005869079107,0.041405820013440245,-27.658772200735005,-1.2019385622132424,0.041405820013440245,-27.658772200735005,-1.2019385622132424,0.982286339564996,-0.15523791093659484,0.44011258580724977
4558558558.558558,0.9821171910246206,-0.15673373960406908,0.4353927321997168,0.0417404136124161,-27.588865035119024,-1.2061583018175772,0.0417404136124161,-27.588865035119024,-1.2061583018175772,0.9821924595820838,-0.1560680865249226,0.4360629835064828
4564564564.564565,0.9820218063980163,-0.15757736659950214,0.43132829572007536,0.04207859241943093,-27.51877592589733,-1.2103847704403359,0.04207859241943093,-27.51877592589733,-1.2103847704403359,0.9820977937827524,-0.15690529139800038,0.4320064002876979
4570570570.570571,0.9819256156052477,-0.15842820669989713,0.42725666553223157,0.04242040728622582,-27.448503321145722,-1.2146180518654075,0.04242040728622582,-27.448503321145722,-1.2146180518654075,0.9820023298582781,-0.15774963645258605,0.42794275394294157
4576576576.576576,0.9818286059604853,-0.15928637424415135,0.42317775673239943,0.04276590995659651,-27.37804565570933,-1.2188582312479614,0.04276590995659651,-27.37804565570933,-1.2188582312479614,0.9819060552334454,-0.15860123500296672,0.4238719611018842
4582582582.582582,0.9817307645024903,-0.1601519860709784,0.4190914832107165,0.0431151530848209,-27.307401351060538,-1.2231053951408917,0.0431151530848209,-27.307401351060538,-1.2231053951408917,0.981808957059578,-0.15946020284471302,0.4197939372102148
4588588588.588589,0.9816320779873576,-0.1610251615853347,0.4149977576288127,0.043468190254523864,-27.236568815154968,-1.2273596315218045,0.043468190254523864,-27.236568815154968,-1.2273596315218045,0.9817110222074302,-0.16032665831974124,0.41570859650782627
4594594594.594595,0.9815325328811386,-0.1619060228259887,0.41089649139689327,0.04382507599799352,-27.1655464422849,-1.2316210298205579,0.04382507599799352,-27.1655464422849,-1.2316210298205579,0.9816122372597619,-0.16120072238426647,0.4116158520061811
4600600600.6006,0.9814321153521673,-0.1627946945358104,0.40678759465024855,0.044185865815956876,-27.094332612931066,-1.2358896809473592,0.044185865815956876,-27.094332612931066,-1.2358896809473592,0.9815125885038007,-0.16208251867784207,0.4075156154654169
4606606606.6066065,0.9813308112632004,-0.16369130423380385,0.40267097622527104,0.044550616197830496,-27.02292569361202,-1.2401656773214433,0.044550616197830496,-27.02292569361202,-1.2401656773214433,0.9814120619233736,-0.16297217359542182,0.40340779737074867
4612612612.612613,0.9812286061633031,-0.16459598228948516,0.39854654363490394,0.04491938464245781,-26.951324036731403,-1.244449112900339,0.04491938464245781,-26.951324036731403,-1.244449112900339,0.9813106431908721,-0.16386981636098302,0.39929230690842993
4618618618.618619,0.981125485279475,-0.16550886199966713,0.39441420304350056,0.04529222967934661,-26.879525980422887,-1.2487400832097593,0.04529222967934661,-26.879525980422887,-1.2487400832097593,0.9812083176589135,-0.16477557910395263,0.39516905194114116
4624624624.624624,0.9810214335080353,-0.1664300796674817,0.39027385924112884,0.04566921089041999,-26.807529848392928,-1.2530386853741018,0.04566921089041999,-26.807529848392928,-1.2530386853741018,0.9811050703518017,-0.16568959693750243,0.39103793898275835
4630630630.6306305,0.9809164354057367,-0.167359774683917,0.3861254156172611,0.046050388932295676,-26.73533394976108,-1.2573450181476036,0.046050388932295676,-26.73533394976108,-1.2573450181476036,0.9810008859566696,-0.16661200803978507,0.3868988731725829
4636636636.636637,0.9808104751806098,-0.16829808961185622,0.3819687741338339,0.04643582555910625,-26.662936578898183,-1.2616591819461447,0.04643582555910625,-26.662936578898183,-1.2616591819461447,0.980895748814412,-0.16754295373712716,0.3827517582489863
4642642642.642643,0.9807035366824834,-0.16924517027310945,0.3778038352977239,0.0468255836458785,-26.59033601526177,-1.2659812788797487,0.0468255836458785,-26.59033601526177,-1.2659812788797487,0.9807896429102367,-0.16848257859073518,0.37859649652231375
4648648648.648648,0.9805956033932769,-0.17020116583759193,0.3736304981325347,0.047219727212483215,-26.517530523229475,-1.2703114127857609,0.047219727212483215,-26.517530523229475,-1.2703114127857609,0.9806825518640722,-0.1694310304847899,0.3744329888473647
4654654654.6546545,0.9804866584169594,-0.17116622891558397,0.36944866014968586,0.04761832144817521,-26.444518351929528,-1.2746496892627577,0.04761832144817521,-26.444518351929528,-1.2746496892627577,0.9805744589204929,-0.17038846071894187,0.37026113459499377
4660660660.660661,0.9803766844691496,-0.17214051565331606,0.3652582173188882,0.04802143273673603,-26.37129773506914,-1.2789962157051777,0.04802143273673603,-26.37129773506914,-1.2789962157051777,0.9804653469384813,-0.1713550241023975,0.36608083162318694
4666666666.666667,0.9802656638664641,-0.1731241858309262,0.3610590640378679,0.048429128682240356,-26.297866890759927,-1.2833511013387309,0.048429128682240356,-26.297866890759927,-1.2833511013387309,0.9803551983807752,-0.1723308790518137,0.36189197624741437
4672672672.672672,0.9801535785154659,-0.17411740296410602,0.35685109310137697,0.048841478135459054,-26.224224021341065,-1.2877144572565635,0.048841478135459054,-26.224224021341065,-1.2877144572565635,0.9802439953029236,-0.17331618769192728,0.3576944632102082
4678678678.6786785,0.9800404099012955,-0.1751203344087262,0.35263419566944854,0.04925855122092097,-26.150367313199503,-1.2920863964562364,0.04925855122092097,-26.150367313199503,-1.2920863964562364,0.9801317193419761,-0.17431111595958432,0.35348818565011386
4684684684.684685,0.9799261390759227,-0.17613315146897734,0.3484082612348883,0.04968041936464818,-26.076294936587693,-1.2964670338775228,0.04968041936464818,-26.076294936587693,-1.2964670338775228,0.9800183517048099,-0.1753158337111448,0.3492730350698424
4690690690.690691,0.979810746646043,-0.17715602950884551,0.3441731775900153,0.05010715532258648,-26.002005045438473,-1.3008564864410528,0.05010715532258648,-26.002005045438473,-1.3008564864410528,0.9799038731561052,-0.17633051483317394,0.3450489013036118
4696696696.696697,0.9796942127605639,-0.17818914806738778,0.3399288307925081,0.05053883320974863,-25.92749577717729,-1.3052548730878226,0.05053883320974863,-25.92749577717729,-1.3052548730878226,0.9797882640058699,-0.17735533735730044,0.3408156724837873
4702702702.7027025,0.9795765170976763,-0.17923269097789085,0.33567510513052945,0.05097552853009265,-25.8527652525314,-1.3096623148196067,0.05097552853009265,-25.8527652525314,-1.3096623148196067,0.979671504096651,-0.17839048357804493,0.33657323500659775
4708708708.708709,0.9794576388515606,-0.1802868464904531,0.33141188308688435,0.051417318207154436,-25.777811575336305,-1.314078934740284,0.051417318207154436,-25.777811575336305,-1.314078934740284,0.9795535727902966,-0.17943614017481724,0.3323214734971452
4714714714.714715,0.9793375567186099,-0.18135180739905488,0.3271390453023893,0.05186428061545536,-25.702632832339475,-1.3185048580981151,0.05186428061545536,-25.702632832339475,-1.3185048580981151,0.9794344489542168,-0.18049249833856562,0.3280602707733981
4720720720.72072,0.9792162488831875,-0.18242777117298375,0.32285647053827804,0.052316495612710505,-25.627227093000748,-1.3229402123289915,0.052316495612710505,-25.627227093000748,-1.3229402123289915,0.9793141109473092,-0.18155975390160897,0.32378950780945953
4726726726.726727,0.9790936930029986,-0.18351494009189406,0.3185640356376786,0.05277404457285648,-25.551592409289988,-1.3273851271006893,0.05277404457285648,-25.551592409289988,-1.3273851271006893,0.9791925366053791,-0.18263810747217424,0.31950906369778936
4732732732.732733,0.9789698661939177,-0.18461352138594145,0.3142616154861804,0.05323701041992443,-25.475726815481686,-1.3318397343581585,0.05323701041992443,-25.475726815481686,-1.3318397343581585,0.9790697032260142,-0.18372776457399875,0.3152188156105503
4738738738.738739,0.978844745014282,-0.18572372738088916,0.3099490829713519,0.05370547766278192,-25.399628327946505,-1.336304168369859,0.05370547766278192,-25.399628327946505,-1.336304168369859,0.9789455875530872,-0.18482893578948228,0.31091863876003367
4744744744.744745,0.9787183054487846,-0.186845775647036,0.3056263089412738,0.05417953243077041,-25.32329494493945,-1.3407785657752227,0.05417953243077041,-25.32329494493945,-1.3407785657752227,0.9788201657606124,-0.1859418369088236,0.3066084063579861
4750750750.750751,0.9785905228916939,-0.18797988915438396,0.30129316216206165,0.054659262510260244,-25.24672464638534,-1.3452630656332003,0.054659262510260244,-25.24672464638534,-1.3452630656332003,0.9786934134361643,-0.1870666890832992,0.302287989573992
4756756756.756757,0.9784613721296228,-0.18912629643208959,0.29694950927422975,0.05514475738215505,-25.169915393660606,-1.3497578094720082,0.05514475738215505,-25.169915393660606,-1.3497578094720082,0.9785653055636855,-0.18820371898425808,0.29795725749278584
4762762762.762763,0.9783308273236277,-0.19028523173415665,0.292595214748014,0.05563610826036834,-25.092865129372267,-1.3542629413400327,0.05563610826036834,-25.092865129372267,-1.3542629413400327,0.9784358165057532,-0.18935315896719387,0.29361607707045934
4768768768.768768,0.978198861990784,-0.19145693521009144,0.2882301408375588,0.05613340813130384,-25.01557177713339,-1.3587786078579953,0.05613340813130384,-25.01557177713339,-1.3587786078579953,0.9783049199852063,-0.19051524724181296,0.2892643130896368
4774774774.774775,0.9780654489850935,-0.1926416530818073,0.2838541475338845,0.05663675179436857,-24.93803324133514,-1.3633049582723709,0.05663675179436857,-24.93803324133514,-1.3633049582723709,0.978172589066209,-0.19169022804741867,0.2849018281134013
4780780780.780781,0.9779305604777536,-0.19383963782654784,0.2794670925166943,0.05714623590354596,-24.86024740691592,-1.3678421445101019,0.05714623590354596,-24.86024740691592,-1.3678421445101019,0.9780387961345954,-0.1928783518350134,0.2805284824380362
4786786786.786787,0.9777941679367482,-0.1950511483661821,0.27506883110490576,0.057661959010065246,-24.782212139126592,-1.372390321234677,0.057661959010065246,-24.782212139126592,-1.372390321234677,0.9779035128776357,-0.19407987545489738,0.27614413404473515
4792792792.792793,0.9776562421057626,-0.1962764502628842,0.270659216205924,0.05818402160619443,-24.70392528329271,-1.3769496459035853,0.05818402160619443,-24.70392528329271,-1.3769496459035853,0.9777667102630007,-0.19529506235174368,0.27174863854977876
4798798798.798799,0.9775167529823411,-0.1975158159219327,0.26623809826360284,0.05871252617019368,-24.62538466457307,-1.3815202788271925,0.05871252617019368,-24.62538466457307,-1.3815202788271925,0.9776283585171318,-0.19652418276535444,0.26734184915367437
4804804804.804805,0.9773756697953166,-0.19876952480138818,0.26180532520477734,0.05924757721246145,-24.54658808771487,-1.386102383229099,0.05924757721246145,-24.54658808771487,-1.386102383229099,0.9774884271027322,-0.19776751393962322,0.26292361658879854
4810810810.810811,0.9772329609814665,-0.20003786362908632,0.2573607423845356,0.05978928132291043,-24.467533336805264,-1.3906961253080181,0.05978928132291043,-24.467533336805264,-1.3906961253080181,0.97734688469559,-0.19902534033785957,0.2584937890657934
4816816816.816816,0.9770885941613198,-0.201321126627618,0.2529041925299008,0.06033774721960685,-24.388218175019666,-1.395301674301197,0.06033774721960685,-24.388218175019666,-1.395301674301197,0.9772036991605085,-0.2002979538664955,0.2540522122184611
4822822822.822823,0.9769425361141266,-0.202619615747241,0.248435515682142,0.06089308579871548,-24.308640344366133,-1.3999192025494747,0.06089308579871548,-24.308640344366133,-1.3999192025494747,0.9770588375264866,-0.20158565410593413,0.2495987290472658
4828828828.828829,0.9767947527520369,-0.20393364090632154,0.24395454913748058,0.06145541018578603,-24.22879756542635,-1.4045488855639903,0.06145541018578603,-24.22879756542635,-1.4045488855639903,0.9769122659609222,-0.20288874855056183,0.245133179861339
4834834834.834835,0.9766452090932103,-0.20526352024179964,0.23946112738627,0.062024835788420996,-24.148687537093146,-1.4091909020946036,0.062024835788420996,-24.148687537093146,-1.4091909020946036,0.9767639497429927,-0.204207552856608,0.24065540221887027
4840840840.840841,0.9764938692341277,-0.2066095803673161,0.23495508205052512,0.06260148035036905,-24.06830793630418,-1.41384543420009,0.06260148035036905,-24.06830793630418,-1.41384543420009,0.9766138532360745,-0.20554239109909062,0.23616523086605917
4846846846.846847,0.9763406963208339,-0.20797215664142227,0.23043624181976477,0.06318546400708523,-23.987656417772087,-1.4185126673201554,0.06318546400708523,-23.987656417772087,-1.4185126673201554,0.9764619398591388,-0.20689359603843369,0.2316624976742535
4852852852.852853,0.9761856525191964,-0.20935159344515036,0.2259044323851972,0.06377690934280233,-23.906730613710995,-1.4231927903493375,0.06377690934280233,-23.906730613710995,-1.4231927903493375,0.9763081720572128,-0.20826150939600435,0.22714703157557103
4858858858.858859,0.9760286989840704,-0.2107482444699687,0.2213594763720179,0.06437594144915883,-23.825528133559523,-1.4278859957128338,0.06437594144915883,-23.825528133559523,-1.4278859957128338,0.9761525112706964,-0.20964648214046544,0.2226186584966767
4864864864.864864,0.975869795827379,-0.21216247301605334,0.2168011932699673,0.0649826879854327,-23.74404656369993,-1.432592479444353,0.0649826879854327,-23.74404656369993,-1.432592479444353,0.9759949179036236,-0.21104887478417855,0.21807720129072156
4870870870.870871,0.9757089020850319,-0.21359465230161637,0.21222939936196564,0.06559727924042749,-23.66228346717376,-1.4373124412660145,0.06559727924042749,-23.66228346717376,-1.4373124412660145,0.9758353512908068,-0.21246905769025295,0.21352247966764343
4876876876.876877,0.9755459756826771,-0.21504516578336996,0.20764390765077995,0.06621984819606241,-23.580236383393895,-1.4420460846703897,0.06621984819606241,-23.580236383393895,-1.4420460846703897,0.9756737696637164,-0.2139074113915838,0.20895431012234694
4882882882.882883,0.9753809734001527,-0.2165144074893462,0.20304452778366486,0.06685053059271832,-23.497902827852883,-1.4467936170047424,0.06685053059271832,-23.497902827852883,-1.4467936170047424,0.9755101301151697,-0.21536432692127114,0.2043725058610088
4888888888.888889,0.9752138508346823,-0.2180027823637419,0.19843106597503954,0.06748946499639312,-23.415280291827788,-1.4515552495575392,0.06748946499639312,-23.415280291827788,-1.4515552495575392,0.9753443885627598,-0.2168402061550678,0.1997768767253778
4894894894.894895,0.9750445623627211,-0.2195107066246442,0.1938033249268553,0.068136792867722,-23.332366242081456,-1.456331197647309,0.068136792867722,-23.332366242081456,-1.456331197647309,0.9751764997108316,-0.21833546216763147,0.19516722911491574
4900900900.900901,0.97487306110038,-0.22103860813535442,0.18916110374688833,0.0687926586329217,-23.24915812056009,-1.4611216807139211,0.0687926586329217,-23.24915812056009,-1.4611216807139211,0.9750064170112244,-0.21985051960066626,0.19054336590688112
4906906906.906907,0.9746992988623981,-0.22258692678960396,0.18450419786469086,0.06945720975671357,-23.165653344087673,-1.465926922412365,0.06945720975671357,-23.165653344087673,-1.465926922412365,0.9748340926224114,-0.2213858150462972,0.18590508637410308
4912912912.912913,0.9745232261196107,-0.22415611491120807,0.1798323989452226,0.07013059681729263,-23.081849304056572,-1.4707471507091068,0.07013059681729263,-23.081849304056572,-1.4707471507091068,0.974659477367206,-0.22294179744422865,0.18125218610049335
4918918918.918919,0.9743447919547931,-0.22574663766926392,0.17514549480004354,0.07081297358340051,-22.99774336611504,-1.475582597981125,0.07081297358340051,-22.99774336611504,-1.475582597981125,0.9744825206888794,-0.2245189284941156,0.1765844568942116
4924924924.924925,0.9741639440168834,-0.22735897350894066,0.17044326929597617,0.0715044970935714,-22.913332869851143,-1.4804335011176877,0.0715044970935714,-22.913332869851143,-1.4804335011176877,0.9743031706056121,-0.22611768308390423,0.17190168669834738
4930930930.930931,0.973980628473498,-0.22899361459869516,0.16572550226125546,0.07220532773761483,-22.828615128473743,-1.4853001016249814,0.07220532773761483,-22.828615128473743,-1.4853001016249814,0.9741213736632607,-0.22773854973437752,0.16720365949913726
4936936936.936937,0.9737947899616183,-0.23065106729504786,0.16099196938893157,0.07291562934040878,-22.743587428490027,-1.4901826457336753,0.07291562934040878,-22.743587428490027,-1.4901826457336753,0.9739370748863535,-0.2293820310607349,0.16249015523149962
4942942942.942943,0.9736063715364456,-0.2323318526250473,0.1562424421375745,0.07363556924807178,-22.658247029380107,-1.49508138450953,0.07363556924807178,-22.658247029380107,-1.49508138450953,0.9737502177271823,-0.23104864425247076,0.15776094968197985
4948948948.948949,0.9734153146182856,-0.2340365067877142,0.15147668762910124,0.07436531841659032,-22.57259116326861,-1.4999965739671368,0.07436531841659032,-22.57259116326861,-1.4999965739671368,0.9735607440130043,-0.23273892157149453,0.15301581438886075
4954954954.954955,0.9732215589374287,-0.23576558167486006,0.14669446854371762,0.07510505150297672,-22.48661703459345,-1.504928475186903,0.07510505150297672,-22.48661703459345,-1.504928475186903,0.9733685938911965,-0.23445341086999086,0.14825451653939933
4960960960.960961,0.9730250424769162,-0.23751964541234807,0.1418955430117527,0.07585494695903734,-22.400321819771957,-1.5098773544353885,0.07585494695903734,-22.400321819771957,-1.5098773544353885,0.9731737057723553,-0.23619267612815986,0.14347681886419017
4966966966.966967,0.9728257014130529,-0.23929928292313374,0.13707966450243664,0.07661518712783412,-22.313702666864195,-1.5148434832891116,0.07661518712783412,-22.313702666864195,-1.5148434832891116,0.9729760162711323,-0.23795729801380816,0.13868247952836338
4972972972.972973,0.9726234700537278,-0.24110509651162865,0.1322465817094139,0.07738595834292145,-22.226756695234148,-1.5198271387619253,0.07738595834292145,-22.226756695234148,-1.5198271387619253,0.9727754601448457,-0.23974787446352078,0.1338712520197606
4978978978.978979,0.9724182807742064,-0.24293770647250973,0.1273960384329175,0.07816745103044627,-22.139480995208597,-1.5248286034361087,0.07816745103044627,-22.139480995208597,-1.5248286034361087,0.9725719702296858,-0.24156502128715507,0.12904288503372552
4984984984.984985,0.9722100639505558,-0.24479775172263255,0.1225277734584813,0.07895985981420404,-22.05187262773386,-1.5298481655972822,0.07895985981420404,-22.05187262773386,-1.5298481655972822,0.9723654773744047,-0.24340937279673064,0.12419712235464395
4990990990.990991,0.97199874789035,-0.24668589045932274,0.11764152043212059,0.07976338362373894,-21.963928624030874,-1.5348861193732726,0.07976338362373894,-21.963928624030874,-1.5348861193732726,0.9721559103714803,-0.24528158245994142,0.11933370273393971
4996996996.996997,0.9717842587607227,-0.2486028008445809,0.11273700773182167,0.0805782258055883,-21.875645985248568,-1.5399427648770905,0.0805782258055883,-21.875645985248568,-1.5399427648770905,0.9719431958855091,-0.24718232358058675,0.1144523597644938
5003003003.003003,0.9715665205135494,-0.2505491817172644,0.10781395833520588,0.08140459423776729,-21.787021682116045,-1.5450184083541254,0.08140459423776729,-21.787021682116045,-1.5450184083541254,0.9717272583787832,-0.249112290006472,0.10955282175144888
5009009009.009009,0.9713454548076942,-0.2525257533339874,0.10287208968327737,0.08224270144759836,-21.698052654593617,-1.5501133623337267,0.08224270144759836,-21.698052654593617,-1.5501133623337267,0.9715080200339564,-0.25107219686575066,0.10463481157902806
5015015015.015015,0.9711209809281233,-0.25453325814065036,0.09791111354013009,0.0830927647329882,-21.608735811523268,-1.5552279457853104,0.0830927647329882,-21.608735811523268,-1.5552279457853104,0.9712854006735722,-0.25306278133391624,0.09969804657351448
5021021021.021021,0.970893015701806,-0.25657246157547575,0.09293073584839466,0.08395500628726593,-21.519068030278355,-1.5603624842791717,0.08395500628726593,-21.519068030278355,-1.5603624842791717,0.9710593176764256,-0.25508480343182116,0.09474223836211548
5027027027.027027,0.9706614734102629,-0.25864415290497533,0.08793065658042754,0.08482965332768659,-21.429046156413825,-1.565517310152115,0.08482965332768659,-21.429046156413825,-1.565517310152115,0.9708296858905586,-0.25713904685671896,0.08976709272761108
5033033033.033033,0.9704262656985394,-0.2607491460950193,0.08291056958495276,0.08571693822772451,-21.338667003316303,-1.570692762678128,0.08571693822772451,-21.338667003316303,-1.570692762678128,0.9705964175427205,-0.2592263198479935,0.08477230945857976
5039039039.039039,0.9701873014805603,-0.26288828071760256,0.07787016242907999,0.0866170986532704,-21.247927351855186,-1.575889188244239,0.0866170986532704,-21.247927351855186,-1.575889188244239,0.9703594221441679,-0.26134745608890797,0.07975758219518189
5045045045.045045,0.9699444868405526,-0.26506242289631565,0.0728091162355356,0.0875303777028576,-21.156823950034873,-1.5811069405317453,0.0875303777028576,-21.156823950034873,-1.5811069405317453,0.9701186063926899,-0.26350331564559815,0.0747225982702623
5051051051.051051,0.9696977249305624,-0.26727246629051366,0.06772710551494504,0.08845702405204192,-21.065353512648905,-1.5863463807030072,0.08845702405204192,-21.065353512648905,-1.5863463807030072,0.969873874070562,-0.26569478594618257,0.06966703854561052
5057057057.057057,0.9694469158636342,-0.2695193331222938,0.062623797992969,0.08939729210207063,-20.973512720936085,-1.5916078775940024,0.08939729210207063,-20.973512720936085,-1.5916078775940024,0.9696251259383433,-0.2679227828010029,0.06459057724322606
5063063063.063063,0.9691919566027323,-0.2718039752458131,0.057498854432138924,0.09035144213296979,-20.881298222239728,-1.5968918079128291,0.09035144213296979,-20.881298222239728,-1.5968918079128291,0.9693722596243257,-0.27018825146593833,0.05949288177147175
5069069069.069069,0.9689327408449517,-0.27412737526328274,0.05235192844824542,0.0913197404611933,-20.788706629670163,-1.6021985564443948,0.0913197404611933,-20.788706629670163,-1.6021985564443948,0.969115169509376,-0.27249216775141133,0.054373612545848174
5075075075.075075,0.9686691589010404,-0.2764905476877346,0.04718266632099675,0.09230245960197539,-20.6957345217714,-1.607528516261482,0.09230245960197539,-20.6957345217714,-1.607528516261482,0.9688537466070413,-0.2748355391785092,0.04923242280435477
5081081081.081081,0.9684010975697711,-0.2788945401570044,0.04199070679888589,0.09329987843653072,-20.602378442192894,-1.6128820889424271,0.09329987843653072,-20.602378442192894,-1.6128820889424271,0.9685878784385841,-0.27721940618553176,0.04406895841699199
5087087087.087088,0.9681284400071741,-0.2813404346991696,0.03677568089792817,0.09431228238426073,-20.508634899366545,-1.618259684795664,0.09431228238426073,-20.508634899366545,-1.618259684795664,0.9683174489028826,-0.2796448433858754,0.038882857689516256
5093093093.093093,0.9678510655902277,-0.28382934905341617,0.03153721169416508,0.0953399635801149,-20.414500366190474,-1.6236617230913424,0.0953399635801149,-20.414500366190474,-1.6236617230913424,0.9680423381407836,-0.2821129608812952,0.03367375116106536
5099099099.099099,0.9675688497747654,-0.28636243804886874,0.02627491410966036,0.09638322105727286,-20.31997127972,-1.6290886323003109,0.09638322105727286,-20.31997127972,-1.6290886323003109,0.9677624223937763,-0.28462490563210324,0.02844126139543241
5105105105.105105,0.9672816639474022,-0.2889408950435777,0.02098839469181598,0.0974423609353088,-20.225044040867033,-1.6345408503406933,0.0974423609353088,-20.225044040867033,-1.6345408503406933,0.9674775738566542,-0.2871818628877076,0.023185002765852187
5111111111.111111,0.966989375271197,-0.2915659534266306,0.01567725138567649,0.09851769661401026,-20.129715014108793,-1.6400188248323602,0.09851769661401026,-20.129715014108793,-1.6400188248323602,0.9671876605238781,-0.2897850576804777,0.01790458123311445
5117117117.117117,0.9666918465246096,-0.2942388881878259,0.010341073299124917,0.09960954897302447,-20.033980527206996,-1.645523013359561,0.09960954897302447,-20.033980527206996,-1.645523013359561,0.9668925460294784,-0.2924357563848614,0.012599594116565058
5123123123.123123,0.9663889359336597,-0.2969610175562432,0.004979440460594756,0.10071824657751034,-19.93783687093879,-1.6510538837420046,0.10071824657751034,-19.93783687093879,-1.6510538837420046,0.9665920894799468,-0.2951352683471939,0.007269629858058546
5129129129.129129,0.9660804969968115,-0.29973370471252325,-0.00040807643088545595,0.10184412588998307,-19.84128029884047,-1.6566119143147306,0.10184412588998307,-19.84128029884047,-1.6566119143147306,0.9662861452800228,-0.29788494758756145,0.0019142677782860707
5135135135.135136,0.9657663783022501,-0.30255835957843913,-0.005821916263619744,0.10298753148853412,-19.74430702696575,-1.662197594217026,0.10298753148853412,-19.74430702696575,-1.662197594217026,0.965974562950914,-0.30068619457844525,-0.003466922174432789
5141141141.141141,0.9654464233372931,-0.30543644068667847,-0.01126252777937459,0.10414881629162613,-19.646913233659575,-1.6678114236907775,0.10414881629162613,-19.646913233659575,-1.6678114236907775,0.9656571869406093,-0.30354045810381675,-0.008874379683486708
5147147147.147147,0.9651204702894361,-0.3083694571360182,-0.016730369848070106,0.10532834178965425,-19.54909505934952,-1.6734539143885616,0.10532834178965425,-19.54909505934952,-1.6734539143885616,0.9653338564259348,-0.30644923720248274,-0.014308554331497284
5153153153.153153,0.9647883518386985,-0.3113589706355925,-0.022225911751260242,0.10652647828347951,-19.450848606356203,-1.6791255896918273,0.10652647828347951,-19.450848606356203,-1.6791255896918273,0.9650044051059239,-0.3094140832002441,-0.019769905876350826
5159159159.159159,0.9644498949408392,-0.3144065976428995,-0.027749633474709576,0.107743605130142,-19.352169938724472,-1.6848269850395616,0.107743605130142,-19.352169938724472,-1.6848269850395616,0.9646686609861016,-0.3124366018352158,-0.025258904536116025
5165165165.165165,0.9641049206010183,-0.3175140116001906,-0.03330202601045364,0.10898011099596236,-19.25305508207747,-1.690558648267801,0.10898011099596236,-19.25305508207747,-1.690558648267801,0.9643264461532363,-0.3155184554811475,-0.030776031283070115
5171171171.171171,0.963753243637395,-0.32068294527469726,-0.0388835916685711,0.11023639411724713,-19.153500023495717,-1.6963211399603726,0.11023639411724713,-19.153500023495717,-1.6963211399603726,0.9639775765401417,-0.3186613654733627,-0.03632177814716368
5177177177.177177,0.9633946724342268,-0.32391519320758727,-0.044494844399102104,0.11151286256882131,-19.053500711423126,-1.7021150338113007,0.11151286256882131,-19.053500711423126,-1.7021150338113007,0.9636218616799348,-0.32186711454361805,-0.04189664852922148
5183183183.183184,0.9630290086839204,-0.3272126142776024,-0.050136310124367874,0.11280993454060836,-18.953053055602606,-1.7079409169992814,0.11280993454060836,-18.953053055602606,-1.7079409169992814,0.9632591044493881,-0.32513754936813416,-0.04750115752433066
5189189189.189189,0.9626560471175394,-0.33057713438494946,-0.05580852708212039,0.11412803862248562,-18.852152927043765,-1.7137993905746731,0.11412803862248562,-18.852152927043765,-1.7137993905746731,0.9628891008007257,-0.32847458323576084,-0.05313583225556599
5195195195.195195,0.9622755752231255,-0.3340107492624298,-0.06151204617989751,0.115467614097649,-18.750796158025253,-1.7196910698594585,0.115467614097649,-18.750796158025253,-1.7196910698594585,0.9625116394813098,-0.3318801988424175,-0.058801212218610954
5201201201.201201,0.9618873729513333,-0.3375155274195823,-0.06724743136089163,0.11682911124471622,-18.648978542135005,-1.7256165848606484,0.11682911124471622,-18.648978542135005,-1.7256165848606484,0.9621265017406974,-0.3353564512177773,-0.06449784963745232
5207207207.207207,0.9614912124076606,-0.3410936132277027,-0.07301525998181116,0.1182129916488101,-18.546695834351148,-1.7315765806976164,0.1182129916488101,-18.546695834351148,-1.7315765806976164,0.961733461024393,-0.33890547079160815,-0.07022630983172387
5213213213.213213,0.9610868575306886,-0.34474723015249253,-0.07881612320312138,0.11961972852185981,-18.44394375116709,-1.737571718043877,0.11961972852185981,-18.44394375116709,-1.737571718043877,0.961332282653589,-0.34252946660765066,-0.07598717159585872
5219219219.219219,0.9606740637555619,-0.348478684142903,-0.08465062639204701,0.12104980703235804,-18.340717970764487,-1.7436026735838215,0.12104980703235804,-18.340717970764487,-1.7436026735838215,0.960922723490309,-0.3462307296918594,-0.08178102759068337
5225225225.225225,0.9602525776620565,-0.35229036718376766,-0.09051938953883008,0.1225037246448222,-18.2370141332376,-1.7496701404849655,0.1225037246448222,-18.2370141332376,-1.7496701404849655,0.960504531587136,-0.35001163658411877,-0.08760848474769019
5231231231.231232,0.9598221366064157,-0.3561847610215044,-0.09642304768666052,0.12398199146919855,-18.132827840873347,-1.7557748288862716,0.12398199146919855,-18.132827840873347,-1.7557748288862716,0.9600774458208118,-0.3538746530416967,-0.0934701646865316
5237237237.237237,0.9593824683361154,-0.3601644410724589,-0.10236225137571661,0.12548513062044986,-18.028154658491577,-1.761917466403107,0.12548513062044986,-18.028154658491577,-1.761917466403107,0.9596411955088577,-0.35782233792410884,-0.09936670414601552
5243243243.243243,0.9589332905867819,-0.3642320805230975,-0.10833766710184306,0.12701367858857698,-17.922990113849643,-1.7680987986494854,0.12701367858857698,-17.922990113849643,-1.7680987986494854,0.9591955000084219,-0.3618573472687095,-0.10529875542928721
5249249249.249249,0.9584743106603283,-0.3683904546328235,-0.11434997779031003,0.12856818561930225,-17.817329698117096,-1.774319589778158,0.12856818561930225,-17.817329698117096,-1.774319589778158,0.9587400682963714,-0.36598243856819956,-0.11126698686343629
5255255255.255255,0.9580052249833021,-0.37264244525107326,-0.12039988328518246,0.1301492161056589,-17.711168866425215,-1.7805806230392434,0.1301492161056589,-17.711168866425215,-1.7805806230392434,0.9582745985297992,-0.37020047526006195,-0.1172720832740841
5261261261.261261,0.9575257186445492,-0.3769910455595269,-0.1264881008547709,0.13175734899071934,-17.604503038497143,-1.7868827013580424,0.13175734899071934,-17.604503038497143,-1.7868827013580424,0.9577987775858581,-0.37451443144047547,-0.12331474647546177
5267267267.267267,0.9570354649111222,-0.3814393650521,-0.13261536571373048,0.13339317818167726,-17.497327599365335,-1.7932266479327126,0.13339317818167726,-17.497327599365335,-1.7932266479327126,0.9573122805799016,-0.37892739681484966,-0.1293956957764096
5273273273.273273,0.956534124721199,-0.3859906347671136,-0.1387824315623575,0.13505731297551857,-17.389637900181903,-1.799613306852547,0.13505731297551857,-17.389637900181903,-1.799613306852547,0.956814770360907,-0.38344258189745173,-0.13551566850285013
5279279279.27928,0.9560213461530765,-0.39064821278357037,-0.14499007114353013,0.13675037849647367,-17.281429259129762,-1.8060435437375406,0.13675037849647367,-17.281429259129762,-1.8060435437375406,0.9563058969828782,-0.38806332347533196,-0.14167542053725035
5285285285.285285,0.9554967638688314,-0.395415589998084,-0.15123907681803028,0.13847301614546365,-17.17269696244121,-1.8125182464000416,0.13847301614546365,-17.17269696244121,-1.8125182464000416,0.9557852971511566,-0.3927930903499831,-0.1478757268754789
5291291291.291291,0.9549599985314243,-0.40029639619762214,-0.1575302611586187,0.1402258840617123,-17.063436265532683,-1.8190383255292302,0.1402258840617123,-17.063436265532683,-1.8190383255292302,0.9552525936422356,-0.39763548937349935,-0.15411738220178597
5297297297.2972975,0.9544106561938736,-0.4052944064449573,-0.16386445756360352,0.14200965759669984,-16.953642394263674,-1.8256047153992376,0.14200965759669984,-16.953642394263674,-1.8256047153992376,0.9547073946958763,-0.4025942717944933,-0.16040120148226933
5303303303.303303,0.953848327659134,-0.4104135477940011,-0.17024252089041914,0.1438250298006064,-16.843310546329104,-1.8322183746017242,0.1438250298006064,-16.843310546329104,-1.8322183746017242,0.9541492933778657,-0.40767333993356847,-0.16672802057743924
5309309309.309309,0.9532725878091101,-0.41565790635449235,-0.17666532810980975,0.14567271192137218,-16.732435892794854,-1.8388802868037573,0.14567271192137218,-16.732435892794854,-1.8388802868037573,0.9535778669122494,-0.4128767542040812,-0.17309869687447108
5315315315.315315,0.952682994901172,-0.42103173472651056,-0.18313377898124492,0.14755343391647505,-16.621013579786986,-1.8455914615318487,0.14755343391647505,-16.621013579786986,-1.8455914615318487,0.9529926759811118,-0.41820874050128015,-0.17951410993958278
5321321321.3213215,0.9520790898307115,-0.4265394598242464,-0.18964879675018825,0.14946794497750182,-16.50903873034562,-1.8523529349830445,0.14946794497750182,-16.50903873034562,-1.8523529349830445,0.952393263990569,-0.42367369797799764,-0.1859751621911996
5327327327.327328,0.9514603953577546,-0.43218569111372884,-0.19621132886775772,0.15141701406755187,-16.396506446455295,-1.8591657708639626,0.15141701406755187,-16.396506446455295,-1.8591657708639626,0.9517791563009617,-0.42927620723178966,-0.19248277959439394
5333333333.333333,0.9508264152959488,-0.43797522928706395,-0.20282234773352092,0.15340143047147195,-16.28341181126485,-1.8660310612587168,0.15340143047147195,-16.28341181126485,-1.8660310612587168,0.9511498594196156,-0.4350210389255121,-0.1990379123772019
5339339339.339339,0.950176633661879,-0.4439130753996908,-0.20948285146189433,0.15542200435888698,-16.169749891509834,-1.8729499275266583,0.15542200435888698,-16.169749891509834,-1.8729499275266583,0.9505048601541661,-0.44091316286735893,-0.20564153576929903
5345345345.3453455,0.9495105137828501,-0.4500044404961787,-0.21619386467285154,0.15747956735992744,-16.05551574015258,-1.8799235212308982,0.15747956735992744,-16.05551574015258,-1.8799235212308982,0.9498436247243971,-0.44695775757748074,-0.21229465076356113
5351351351.351352,0.9488274973607547,-0.4562547557556123,-0.22295643930749043,0.15957497315351432,-15.940704399254894,-1.8869530250985973,0.15957497315351432,-15.940704399254894,-1.8869530250985973,0.9491655978305109,-0.45316022036938364,-0.21899828490118223
5357357357.357357,0.9481270034899795,-0.4626696831853715,-0.22977165546908804,0.16170909806799053,-15.825310903100185,-1.8940396540139983,0.16170909806799053,-15.825310903100185,-1.8940396540139983,0.948470201675554,-0.45952617797688305,-0.22575349308059628
5363363363.363363,0.9474084276269428,-0.46925512689635485,-0.23664062229015972,0.16388284169381906,-15.709330281582565,-1.9011846560452184,0.16388284169381906,-15.709330281582565,-1.9011846560452184,0.9477568349397706,-0.4660614977578476,-0.2325613583909409
5369369369.3693695,0.9466711405087448,-0.4760172449946854,-0.24356447882613003,0.1660971275079901,-15.59275756388197,-1.908389313505789,0.1660971275079901,-15.59275756388197,-1.908389313505789,0.9470248717041849,-0.47277229951129884,-0.23942299297036546
5375375375.375376,0.9459144870183386,-0.48296246212673966,-0.2505443949760738,0.1683529035096918,-15.47558778244527,-1.915654944051983,0.1683529035096918,-15.47558778244527,-1.915654944051983,0.9462736603211295,-0.4796649679416747,-0.24633953888958496
5381381381.381382,0.9451377849935982,-0.49009748271581804,-0.257581572431135,0.1706511428666997,-15.357815977294987,-1.9229829018169275,0.1706511428666997,-15.357815977294987,-1.9229829018169275,0.9455025222287331,-0.48674616581172553,-0.2533121690612983
5387387387.387387,0.9443403239772655,-0.49742930493372983,-0.2646772456508968,0.1729928445718304,-15.23943720068851,-1.9303745785825224,0.1729928445718304,-15.23943720068851,-1.9303745785825224,0.9447107507067206,-0.4940228478237082,-0.2603420881754467
5393393393.3933935,0.943521363904948,-0.5049652354502532,-0.27183268286831636,0.17537903410867822,-15.120446522152546,-1.9378314049901668,0.17537903410867822,-15.120446522152546,-1.9378314049901668,0.9438976095704501,-0.5015022752738783,-0.26743053366094205
5399399399.3994,0.9426801337279435,-0.5127129050086807,-0.2790491871233954,0.17781076412572028,-15.000839033918933,-1.9453548517912775,0.17781076412572028,-15.000839033918933,-1.9453548517912775,0.9430623318001429,-0.5091920315265938,-0.2745787766737837
5405405405.405405,0.9418158299676291,-0.5206802848777422,-0.2863280973259861,0.18028911511772852,-14.880609856789512,-1.9529464311385936,0.18028911511772852,-14.880609856789512,-1.9529464311385936,0.9422041181019579,-0.5171000383588485,-0.2817881231120465
5411411411.411411,0.9409276151980359,-0.5288757042332044,-0.293670789347875,0.18281519611324518,-14.759754146460269,-1.960607697919175,0.18281519611324518,-14.759754146460269,-1.960607697919175,0.9413221353976295,-0.5252345732273377,-0.2890599146574073
5417417417.417418,0.9400146164530013,-0.5373078685266366,-0.30107867714430675,0.18539014536669993,-14.638267100336437,-1.9683402511300323,0.18539014536669993,-14.638267100336437,-1.9683402511300323,0.9404155152390222,-0.533604287515588,-0.29639552984348116
5423423423.423424,0.9390759235541614,-0.5459858789023843,-0.3085532139048971,0.18801513105353537,-14.516143964872645,-1.9761457352972107,0.18801513105353537,-14.516143964872645,-1.9761457352972107,0.9394833521438928,-0.5422182258215706,-0.3037963851505908
5429429429.42943,0.9381105873560477,-0.5549192527262751,-0.3160958932339148,0.19069135196648845,-14.393380043473856,-1.9840258419391812,0.19069135196648845,-14.393380043473856,-1.9840258419391812,0.9385247018491527,-0.5510858463486928,-0.31126393612690745
5435435435.435435,0.9371176179039614,-0.5641179452978835,-0.323708250359586,0.19342003821089213,-14.269970704996664,-1.9919823110752013,0.19342003821089213,-14.269970704996664,-1.9919823110752013,0.9375385794773959,-0.5602170424707051,-0.31879967853521934
5441441441.441442,0.9360959825007485,-0.5735923728170679,-0.33139186337211735,0.19620245189662552,-14.14591139289092,-2.0000169327793733,0.19620245189662552,-14.14591139289092,-2.0000169327793733,0.9365239576126837,-0.5696221655420095,-0.3264051495249748
5447447447.447448,0.9350446036779441,-0.5833534366849679,-0.3391483544897498,0.19903988782397541,-14.021197635026885,-2.008131548780861,0.19903988782397541,-14.021197635026885,-2.008131548780861,0.9354797642812026,-0.5793120490316752,-0.33408192882861093
5453453453.453453,0.9339623570668113,-0.5934125492228407,-0.3469793913521442,0.2019336741603844,-13.89582505425354,-2.0163280541107658,0.2019336741603844,-13.89582505425354,-2.0163280541107658,0.9344048808323616,-0.5892980340636175,-0.34183163998126814
5459459459.459459,0.9328480691646676,-0.6037816608974804,-0.35488668834007125,0.20488517310464413,-13.769789379738416,-2.0246083987959227,0.20488517310464413,-13.769789379738416,-2.0246083987959227,0.9332981397156332,-0.5995919964518717,-0.3496559515624631
5465465465.465466,0.9317005149916697,-0.614473289148514,-0.36287200792000895,0.20789578153469046,-13.643086459141973,-2.0329745895997355,0.20789578153469046,-13.643086459141973,-2.0329745895997355,0.9321583221484521,-0.6102063753242923,-0.35755657845826555
5471471471.471472,0.9305184156330878,-0.6255005489192206,-0.3709371620122436,0.21096693163470684,-13.515712271682649,-2.041428691810037,0.21096693163470684,-13.515712271682649,-2.041428691810037,0.9309841556701901,-0.6211542034356609,-0.3655352831420778
5477477477.477478,0.9293004356621518,-0.6368771849974876,-0.37908401338044606,0.21410009149672818,-13.38766294215274,-2.049972831073665,0.21410009149672818,-13.38766294215274,-2.049972831073665,0.9297743115772981,-0.6324491392759763,-0.3735938769716299
5483483483.483483,0.9280451804380646,-0.6486176062841864,-0.38731447704043986,0.21729676569139378,-13.258934755948824,-2.058609195277284,0.21729676569139378,-13.258934755948824,-2.058609195277284,0.9285274022342992,-0.6441055010894353,-0.3817342214997808
5489489489.48949,0.9267511932741447,-0.6607369221094841,-0.3956305216855039,0.2205584958018903,-13.129524175184423,-2.0673400364736363,0.2205584958018903,-13.129524175184423,-2.0673400364736363,0.9272419782556758,-0.6561383029229242,-0.3899582297958129
5495495495.495496,0.9254169524707152,-0.6732509807282439,-0.4040341711249585,0.22388686091445908,-12.99942785595697,-2.0761676728521326,0.22388686091445908,-12.99942785595697,-2.0761676728521326,0.9259165255530092,-0.6685632928364783,-0.3982678677737222
5501501501.501501,0.9240408682071474,-0.6861764101357787,-0.41252750573238306,0.22728347805812535,-12.868642666845131,-2.0850944907523106,0.22728347805812535,-12.868642666845131,-2.0850944907523106,0.9245494622424285,-0.6813969934097186,-0.4066651555232737
5507507507.507507,0.9226212792880121,-0.6995306613491202,-0.42111266389905283,0.2307500025855046,-12.737165708717464,-2.094122946718304,0.2307500025855046,-12.737165708717464,-2.094122946718304,0.9231391354066064,-0.6946567446948017,-0.41515216863903304
5513513513.513514,0.9211564497376525,-0.7133320543149145,-0.42979184348773775,0.23428812848567376,-12.604994335938125,-2.1032555695919664,0.23428812848567376,-12.604994335938125,-2.1032555695919664,0.9216838177063421,-0.708360749768716,-0.42373103954193125
5519519519.51952,0.9196445652380282,-0.7275998266110104,-0.4385673032809614,0.2378995886191475,-12.472126179060364,-2.112494962641815,0.2378995886191475,-12.472126179060364,-2.112494962641815,0.9201817038362406,-0.7225281230535634,-0.4324039587868206
5525525525.525526,0.9180837294046825,-0.7423541851208995,-0.44744136441738913,0.2415861548639814,-12.338559169103165,-2.1218438057243754,0.2415861548639814,-12.338559169103165,-2.1218438057243754,0.9186309068194275,-0.7371789415813914,-0.4411731763491626
5531531531.531531,0.916471959895646,-0.7576163608739837,-0.45641641180857623,0.24534963816086994,-12.204291563512824,-2.131304857473804,0.24534963816086994,-12.204291563512824,-2.131304857473804,0.9170294541364243,-0.7523342993915905,-0.450041002882359
5537537537.537538,0.9148071843487702,-0.7734086672529811,-0.46549489552780504,0.24919188844391452,-12.069321973915716,-2.1408809575150105,0.24919188844391452,-12.069321973915716,-2.1408809575150105,0.9153752836833856,-0.768016365262771,-0.45900981093667537
5543543543.543544,0.9130872361428537,-0.7897545617874486,-0.47467933216117797,0.25311479444238943,-11.933649395774816,-2.1505750286946106,0.25311479444238943,-11.933649395774816,-2.1505750286946106,0.9136662395554597,-0.7842484439918338,-0.4680820361291691
5549549549.549549,0.9113098499788528,-0.806678711761649,-0.4839723061100367,0.25712028333739784,-11.797273240068208,-2.1603900793231716,0.25712028333739784,-11.797273240068208,-2.1603900793231716,0.9119000676513591,-0.8010550414477303,-0.47726017825283434
5555555555.555555,0.9094726572775033,-0.8242070638846716,-0.4933764708324116,0.26121032025576707,-11.660193367113148,-2.170329205421193,0.26121032025576707,-11.660193367113148,-2.170329205421193,0.910074411095769,-0.8184619336419351,-0.4865468023115094
5561561561.561562,0.9075731813908984,-0.8423669182812419,-0.5028945500094266,0.26538690758181505,-11.522410122666326,-2.1803955929601027,0.26538690758181505,-11.522410122666326,-2.1803955929601027,0.9081868054770497,-0.8364962400715485,-0.49594453946582506
5567567567.567568,0.9056088326258591,-0.8611870070832857,-0.5125293386210376,0.26965208406583974,-11.383924376435605,-2.190592520088318,0.26965208406583974,-11.383924376435605,-2.190592520088318,0.9062346738983312,-0.855186501608879,-0.5054560878730033
5573573573.573574,0.9035769030785107,-0.8806975779142674,-0.5222837039134582,0.27400792370621097,-11.244737563145023,-2.2009233593310418,0.27400792370621097,-11.244737563145023,-2.2009233593310418,0.9042153218413209,-0.8745627632262487,-0.5150842134018299
5579579579.579579,0.9014745612801328,-0.9009304825818648,-0.5321605862384492,0.27845653437984325,-11.104851726300655,-2.211391579750881,0.27845653437984325,-11.104851726300655,-2.211391579750881,0.9021259318431417,-0.8946566618645502,-0.5248317502016856
5585585585.585586,0.899298846656212,-0.9219192713096804,-0.5421629997423438,0.28300005619358914,-10.964269564810078,-2.2220007490547107,0.28300005619358914,-10.964269564810078,-2.2220007490547107,0.8999635579881552,-0.9155015197708359,-0.5347016011017934
5591591591.591592,0.8970466638020207,-0.9436992928616327,-0.5522940328800006,0.2876406595266933,-10.822994482613392,-2.2327545356303173,0.2876406595266933,-10.822994482613392,-2.2327545356303173,0.897725120218297,-0.937132443650853,-0.5446967378144542
5597597597.597597,0.8947147765801644,-0.9663078009324984,-0.562556848726098,0.29238054273189346,-10.68103064148845,-2.2436567104943057,0.29238054273189346,-10.68103064148845,-2.2436567104943057,0.8954073984673674,-0.9595864300035029,-0.5548202009127108
5603603603.603603,0.8922998020476771,-0.9897840672017546,-0.5729546850527998,0.2972219294600484,-10.538383017196939,-2.2547111491304728,0.2972219294600484,-10.538383017196939,-2.2547111491304728,0.8930070266272153,-0.9829024770236938,-0.5650750995496356
5609609609.60961,0.8897982042231399,-1.014169501468816,-0.5834908541395072,0.30216706557029444,-10.39505745914185,-2.265921833195358,0.30216706557029444,-10.39505745914185,-2.265921833195358,0.8905204863561133,-1.0071217034852795,-0.5754646108827288
5615615615.615616,0.8872062877069891,-1.039507779315602,-0.5941687422764708,0.30721821558477197,-10.251060753707709,-2.277292852065039,0.30721821558477197,-10.251060753707709,-2.277292852065039,0.8879441007429856,-1.0322874750361235,-0.5859919791628022
5621621621.621622,0.8845201911719681,-1.0658449777650256,-0.6049918089197565,0.3123776586437498,-10.106400691458166,-2.2888284041941547,0.3123776586437498,-10.106400691458166,-2.2888284041941547,0.8852740278444918,-1.0584455383632045,-0.5966605144421927
5627627627.627627,0.8817358807445737,-1.0932297194315186,-0.6159635854504416,0.3176476839137688,-9.961086138363267,-2.300532798255058,0.3176476839137688,-9.961086138363267,-2.300532798255058,0.8825062541158506,-1.0856441637120589,-0.6074735908524396
5633633633.633634,0.8788491433028134,-1.121713325688127,-0.6270876734858778,0.3230305853980139,-9.815127111227715,-2.3124104540214065,0.3230305853980139,-9.815127111227715,-2.3124104540214065,0.8796365877613429,-1.1139342962661238,-0.6184346443958019
5639639639.63964,0.875855579720931,-1.1513499794017121,-0.6383677426850698,0.32852865609466286,-9.668534857487348,-2.324465902956738,0.32852865609466286,-9.668534857487348,-2.324465902956738,0.8766606520348771,-1.14336971692564,-0.6295471701893093
5645645645.645645,0.8727505980974294,-1.1821968978190867,-0.6498075279844171,0.3341441814454938,-9.521321939533335,-2.3367037884645594,0.3341441814454938,-9.521321939533335,-2.3367037884645594,0.8735738785276548,-1.1740072130456072,-0.6408147190936254
5651651651.651651,0.869529407009438,-1.2143145162163682,-0.6614108261930183,0.339879432013473,-9.373502323715478,-2.349128865752001,0.339879432013473,-9.373502323715478,-2.349128865752001,0.8703715004859807,-1.2059067597265696,-0.6522408936516277
5657657657.657658,0.8661870088437164,-1.247766682956983,-0.6731814918698202,0.3457366553246232,-9.225091474161879,-2.361746001254457,0.3457366553246232,-9.225091474161879,-2.361746001254457,0.8670485462100027,-1.239131712277868,-0.6638293432539143
5663663663.663664,0.8627181932630144,-1.2826208666349368,-0.6851234323967164,0.3517180668061134,-9.076106451535743,-2.374560171563626,0.3517180668061134,-9.076106451535743,-2.374560171563626,0.8635998325923282,-1.2737490105040552,-0.6755837584403842
5669669669.66967,0.8591175308755167,-1.3189483760158494,-0.6972406021532249,0.35782583974935483,-8.92656601682857,-2.387576461796048,0.35782583974935483,-8.92656601682857,-2.387576461796048,0.8600199588647696,-1.30982939549487,-0.6875078642372229
5675675675.675675,0.8553793671855635,-1.356824593520719,-0.709536995689015,0.3640620942240197,-8.776490740262522,-2.400800063333607,0.3640620942240197,-8.776490740262522,-2.400800063333607,0.8563033006316926,-1.347447639630495,-0.6996054124189885
5681681681.681682,0.8514978169148292,-1.396329223036613,-0.7220166397803458,0.370428884866459,-8.625903115341519,-2.4142362708616574,0.370428884866459,-8.625903115341519,-2.4142362708616574,0.8524440042798891,-1.3866827905442127,-0.7118801725746144
5687687687.687688,0.8474667587957619,-1.4375465528739637,-0.7346835842457258,0.37692818746405177,-8.474827678051845,-2.4278904786242634,0.37692818746405177,-8.474827678051845,-2.4278904786242634,0.8484359818670727,-1.4276184298197552,-0.7243359218440416
5693693693.693693,0.8432798309526057,-1.4805657347300252,-0.7475418913839909,0.3835618842558159,-8.323291131165643,-2.441768175809744,0.3835618842558159,-8.323291131165643,-2.441768175809744,0.844272906605149,-1.470342947229569,-0.7369764331797152
5699699699.699699,0.8389304270001049,-1.5254810795592553,-0.760595623885672,0.3903317478692767,-8.171322473544933,-2.455874940973306,0.3903317478692767,-8.171322473544933,-2.455874940973306,0.8399482090690411,-1.514949831356519,-0.749805461973083
5705705705.705706,0.8344116930059281,-1.572392371295669,-0.7738488310543064,0.3972394238143139,-8.01895313427962,-2.470216435396925,0.3972394238143139,-8.01895313427962,-2.470216435396925,0.8354550742779422,-1.5615379774768465,-0.7628267308714938
5711711711.711712,0.8297165254802701,-1.6214051994166216,-0.7873055331601528,0.40428641145686545,-7.866217111415871,-2.4847983952802792,0.40428641145686545,-7.866217111415871,-2.4847983952802792,0.8307864398133075,-1.6102120136178086,-0.7760439125943547
5717717717.717718,0.824837570574154,-1.672631311391225,-0.8009697037324991,0.41147404339901317,-7.713151114945559,-2.499626622650083,0.41147404339901317,-7.713151114945559,-2.499626622650083,0.8259349951563907,-1.6610826457427454,-0.7894606105402684
5723723723.723723,0.8197672246877242,-1.7261889861090403,-0.8148452495801054,0.4188034631976361,-7.559794713626829,-2.5147069748691324,0.4188034631976361,-7.559794713626829,-2.5147069748691324,0.820893182447741,-1.714267023058678,-0.8030803369580475
5729729729.72973,0.8144976367100348,-1.7822034294490317,-0.8289359883110726,0.42627560136172227,-7.40619048509208,-2.5300453526208835,0.42627560136172227,-7.40619048509208,-2.5300453526208835,0.8156531988916204,-1.769889124488826,-0.8169064884337526
5735735735.735736,0.8090207121331985,-1.840807193217823,-0.8432456231039532,0.4338911495788984,-7.252384168572621,-2.5456476862402844,0.4338911495788984,-7.252384168572621,-2.5456476862402844,0.8102070010499305,-1.8280801674027056,-0.8309423184246291
5741741741.741742,0.8033281193051703,-1.902140618771607,-0.8577777144611644,0.44165053313535857,-7.098424819424123,-2.5615199202577577,0.44165053313535857,-7.098424819424123,-2.5615199202577577,0.8045463112919286,-1.8889790397599757,-0.8451909065464652
5747747747.747747,0.7974112981078427,-1.9663523067272757,-0.8725356486532752,0.449553881510336,-6.9443649644782965,-2.5776679960202795,0.449553881510336,-6.9443649644782965,-2.5776679960202795,0.7986626266885396,-1.952732756891977,-0.859655124295905
5753753753.753754,0.791261471368147,-2.033599614290561,-0.8875226025389992,0.4576009971472521,-6.790260757068241,-2.5940978322523285,0.4576009971472521,-6.790260757068241,-2.5940978322523285,0.7925472306617528,-2.0194969442339374,-0.8743375968608771
5759759759.75976,0.7848696593312507,-2.10404918186307,-0.9027415044192773,0.465791322428925,-6.636172130382202,-2.6108153034199533,0.465791322428925,-6.636172130382202,-2.6108153034199533,0.7861912077212402,-2.089436347421116,-0.8892406606422321
5765765765.765766,0.7782266975439815,-2.1778774907650473,-0.9181949905561422,0.47412390491440665,-6.482162947588687,-2.6278262157642396,0.47412390491440665,-6.482162947588687,-2.6278262157642396,0.7795854616400061,-2.162725371293419,-0.9043663160764764
5771771771.771772,0.7713232585141229,-2.255271454117473,-0.933885356956004,0.4825973609303968,-6.328301146949128,-2.6451362808760717,0.4825973609303968,-6.328301146949128,-2.6451362808760717,0.772720737438867,-2.239548649510737,-0.919716175312677
5777777777.777778,0.7641498775249049,-2.336429043191485,-0.9498145059829164,0.4912098376512297,-6.174658879892303,-2.662751086693013,0.4912098376512297,-6.174658879892303,-2.662751086693013,0.7655876475642345,-2.3201016466819513,-0.935291404255874
5783783783.783784,0.7566969829943233,-2.4215599518507003,-0.9659838873296407,0.4999589738485004,-6.021312639768849,-2.680676065811914,0.4999589738485004,-6.021312639768849,-2.680676065811914,0.758176702654653,-2.4045912951575974,-0.9510926584432638
5789789789.78979,0.7489549317728096,-2.5108863021191747,-0.982394432831331,0.5088418595446199,-5.868343378739001,-2.6989164610279337,0.5088418595446199,-5.868343378739001,-2.6989164610279337,0.750478347296636,-2.4932366689537075,-0.9671200121675538
5795795795.795795,0.7409140497709958,-2.6046433944000515,-0.9990464845572742,0.5178549948641634,-5.7158366099740165,-2.7174772880327174,0.5178549948641634,-5.7158366099740165,-2.7174772880327174,0.7424830011696492,-2.5862696976622495,-0.9833728802014079
5801801801.801802,0.7325646782980485,-2.7030805064970194,-1.0159397155591214,0.5269942484426693,-5.563882492077029,-2.7363632952322114,0.5269942484426693,-5.563882492077029,-2.7363632952322114,0.7341811059705123,-2.683935923699508,-0.9998499314071575
5807807807.807808,0.7238972264711232,-2.8064617463533748,-1.0330730425857753,0.5362548158240479,-5.412575892361878,-2.755578920678004,0.5362548158240479,-5.412575892361878,-2.755578920678004,0.7255631784892791,-2.7864953068502585,-1.0165489934330032
5813813813.813814,0.714902230024151,-2.9150669643798874,-1.0504445299938987,0.5456311783548301,-5.262016425367939,-2.7751282461468083,0.5456311783548301,-5.262016425367939,-2.7751282461468083,0.7166198701783633,-2.8942230808310825,-1.0334669475975728
5819819819.81982,0.7055704167991584,-3.029192732417616,-1.0680512839833076,0.5551170631645003,-5.112308462755896,-2.7950149484497095,0.5551170631645003,-5.112308462755896,-2.7950149484497095,0.7073420335142359,-3.007410667535812,-1.050599612945072
5825825825.825826,0.6958927791434277,-3.1491533978316735,-1.0858893361639623,0.5647054049053908,-4.963561110523509,-2.815242248107803,0.5647054049053908,-4.963561110523509,-2.815242248107803,0.6977207953945016,-3.126366655782138,-1.0679416183053962
5831831831.831832,0.6858606533599575,-3.275282223010984,-1.103953515308173,0.5743883100108135,-4.815888149321373,-2.8358128555929847,0.5743883100108135,-4.815888149321373,-2.8358128555929847,0.6877476377402907,-3.251417852807554,-1.0854862610119926
5837837837.837838,0.6754658062652331,-3.4079326227337297,-1.1222373059486916,0.5841570243142101,-4.669407933546021,-2.856728915402471,0.5841570243142101,-4.669407933546021,-2.856728915402471,0.6774144853857911,-3.3829104184910017,-1.1032253507026741
5843843843.843843,0.6647005287976221,-3.547479514518751,-1.140732692239207,0.5940019049521285,-4.524243244858584,-2.8779919483124705,0.5940019049521285,-4.524243244858584,-2.8779919483124705,0.6667138012305757,-3.5212110943915236,-1.1211490363437397
5849849849.84985,0.6535577364903529,-3.6943208003355394,-1.1594299851818288,0.603912397546516,-4.380521095835798,-2.8996027922398393,0.603912397546516,-4.380521095835798,-2.8996027922398393,0.6556386885080835,-3.6667085422435752,-1.1392456142569831
5855855855.855856,0.642031076477605,-3.8488790019842662,-1.1783176309270533,0.6138770197230566,-4.238372479625511,-2.921561542229235,0.6138770197230566,-4.238372479625511,-2.921561542229235,0.6441829998858444,-3.8198148096121365,-1.1575013144728759
5861861861.861862,0.6301150405406334,-4.011603077246958,-1.1973819973389388,0.623883352067987,-4.097932061762759,-2.943867490176296,0.623883352067987,-4.097932061762759,-2.943867490176296,0.6323414529611114,-3.9809669440876054,-1.1759000621508215
5867867867.867868,0.6178050835283879,-4.182970449689604,-1.2166071353568222,0.6339180376508046,-3.959337810726769,-2.966519064991976,0.6339180376508046,-3.959337810726769,-2.966519064991976,0.6201097515550551,-4.150628781761162,-1.1944232100652823
5873873873.873874,0.6050977463067951,-4.363489291982594,-1.2359745108322238,0.6439667912399005,-3.822730564391645,-2.989513774007828,0.6439667912399005,-3.822730564391645,-2.989513774007828,0.6074847120429625,-4.329292940895054,-1.2130492372053492
5879879879.87988,0.5919907822109118,-4.553701111018058,-1.2554627014142512,0.6540144193070212,-3.6882535302596446,-3.0128481465130004,0.6540144193070212,-3.6882535302596446,-3.0128481465130004,0.5944643937959344,-4.517483057778571,-1.231753407316115
5885885885.885886,0.5784832858026148,-4.7541836932267865,-1.275047051624994,0.6640448518498219,-3.5560517182712763,-3.0365176803980396,0.6640448518498219,-3.5560517182712763,-3.0365176803980396,0.5810482326607666,-4.715756308854849,-1.2505073796408877
5891891891.8918915,0.5645758225851073,-4.965554480661199,-1.2946992774038326,0.6740411869553391,-3.4262713060614765,-3.060516792954388,0.6740411869553391,-3.4262713060614765,-3.060516792954388,0.5672371762815771,-4.92470627142029,-1.2692787621020245
5897897897.897898,0.5502705582091248,-5.18847446299808,-1.3143870089716352,0.6839857488771609,-3.2990589377756456,-3.0848387769370733,0.6839857488771609,-3.2990589377756456,-3.0848387769370733,0.5530338199855762,-5.14496618461135,-1.288030594544225
5903903903.903904,0.5355713856410318,-5.423652688098701,-1.3340732576893908,0.6938601602034976,-3.174560958956354,-3.109475763037674,0.6938601602034976,-3.174560958956354,-3.109475763037674,0.5384425419361214,-5.377212683028874,-1.3067207462753354
5909909909.90991,0.5204840487724929,-5.671851514663081,-1.353715788414162,0.7036454284513737,-3.052922591543909,-3.134418689930322,0.7036454284513737,-3.052922591543909,-3.134418689930322,0.5234696363226904,-5.622170087150559,-1.325301207732579
5915915915.915916,0.50501626106069,-5.933892755439448,-1.3732663733495567,0.7133220471353083,-2.9342870546701745,-3.1596572830411644,0.7133220471353083,-2.9342870546701745,-3.1596572830411644,0.5081234435398271,-5.880615347410798,-1.343717250341839
5921921921.921922,0.4891778180291529,-6.210664889049918,-1.3926698960821617,0.7228701110308592,-2.818794638626052,-3.185180043147456,0.7228701110308592,-2.818794638626052,-3.185180043147456,0.49241447664258103,-6.153383751956182,-1.3619064210825513
5927927927.927928,0.47298070287217875,-6.503131553408154,-1.4118632647403422,0.7322694449907139,-2.706581741099548,-3.210974245833294,0.7322694449907139,-2.706581741099548,-3.210974245833294,0.4763555439002421,-6.4413755205989265,-1.3797973283031195
5933933933.933934,0.4564391850405638,-6.812341574454946,-1.4307740800916295,0.7414997452827203,-2.597779876456501,-3.2370259527127265,0.7414997452827203,-2.597779876456501,-3.2370259527127265,0.4599618680624597,-6.745563417520309,-1.3973081621119245
5939939939.9399395,0.43956991260981526,-7.139440830644976,-1.449318986612783,0.75054073201717,-2.4925146704056016,-3.2633200351769407,0.75054073201717,-2.4925146704056016,-3.2633200351769407,0.443251204080451,-7.067001519513915,-1.4143448750291294
5945945945.945946,0.4223920005338749,-7.485686305549914,-1.4674016102550684,0.7593723108290644,-2.3909048537844,-3.289840211231273,0.7593723108290644,-2.3909048537844,-3.289840211231273,0.42624395859456676,-7.406835269320834,-1.4307989248943027
5951951951.951952,0.40492711869496373,-7.852462735553429,-1.4849099530844452,0.7679747415960115,-2.2930612703558197,-3.3165690957620417,0.7679747415960115,-2.2930612703558197,-3.3165690957620417,0.40896331665524593,-7.76631291509484,-1.4465444500042717
5957957957.957958,0.3871995861582266,-8.241302310810823,-1.5017130682408513,0.7763288116215672,-2.1990859143442303,-3.343488264317959,0.7763288116215672,-2.1990859143442303,-3.343488264317959,0.3914353840944335,-8.146798370577335,-1.4614347028944084
5963963963.963964,0.3692364815049305,-8.65390792250229,-1.517656772879626,0.7844160104147438,-2.109071013909247,-3.3705783302113894,0.7844160104147438,-2.109071013909247,-3.3705783302113894,0.3736893580117177,-8.54978539770869,-1.4752975095572691
5969969969.96997,0.3510677839740327,-9.092180441980117,-1.5325580632016318,0.7922187029664134,-2.023098176800958,-3.397819034449737,0.7922187029664134,-2.023098176800958,-3.397819034449737,0.35575774343541944,-8.976912765439996,-1.4879294388725153
5975975975.975976,0.3327265670486155,-9.558250417130878,-1.5461977612256155,0.7997202982777395,-1.9412376140266805,-3.4251893477061204,0.7997202982777395,-1.9412376140266805,-3.4251893477061204,0.3376766420356133,-9.429979591904443,-1.4990882537795631
5981981981.981982,0.3142492761298173,-10.054514280680223,-1.5583107277812513,0.8069054098469046,-1.8635474564694965,-3.452667583241439,0.8069054098469046,-1.8635474564694965,-3.452667583241439,0.31948614983083035,-9.910959287352457,-1.5084830592167884
5987987987.9879875,0.29567613672807025,-10.583674497338416,-1.5685726902843038,0.8137600048768222,-1.790073178033609,-3.480231519408866,0.8137600048768222,-1.790073178033609,-3.480231519408866,0.30123091669756424,-10.422009131359493,-1.5157613463172297
5993993993.993994,0.27705176190940217,-11.148781672030807,-1.5765823119511806,0.8202715391317515,-1.7208471370766811,-3.5078585301173026,0.8202715391317515,-1.7208471370766811,-3.5078585301173026,0.2829609435331845,-10.965470100721317,-1.5204918388248856
6000000000.0,0.25842606206613616,-11.753273804192773,-1.5818365041356535,0.8264290746429929,-1.655888245671483,-3.535525721413184,0.8264290746429929,-1.655888245671483,-3.535525721413184,0.2647327267103316,-11.543847343134184,-1.522141657971729
6006006006.006006,0.2398556138921963,-12.40100224574441,-1.5836960599811203,0.8322233778359649,-1.595201773683927,-3.563210072170097,0.8322233778359649,-1.595201773683927,-3.563210072170097,0.24661090926106433,-12.159754310921944,-1.520045831827121
6012012012.0120125,0.22140573110328238,-13.096222831357602,-1.5813373427052024,0.8376469961099473,-1.5387792918503878,-3.590888576759471,0.8376469961099473,-1.5387792918503878,-3.590888576759471,0.22867067141534045,-12.815790661451754,-1.5133666309202847
6018018018.018018,0.20315361724275433,-13.843508809150398,-1.5736838793641565,0.842694311430494,-1.4865987550790438,-3.61853838751951,0.842694311430494,-1.4865987550790438,-3.61853838751951,0.21100119883395974,-13.514301543762322,-1.5010398064317523
6024024024.024024,0.1851932029774409,-14.647499139643363,-1.5593093286920279,0.8473615700713919,-1.438624724198644,-3.646136954845154,0.8473615700713919,-1.438624724198644,-3.646136954845154,0.19371071278256383,-14.256927216624259,-1.4817051133069814
6030030030.03003,0.1676426226101109,-15.512311073181174,-1.5363011003366953,0.8516468882445016,-1.3948087214408078,-3.6736621627894306,0.8516468882445016,-1.3948087214408078,-3.6736621627894306,0.1769337264477712,-15.043787512062837,-1.4536210176140436
6036036036.036036,0.15065581435791442,-16.44028205315066,-1.5020747711541815,0.8555502339569312,-1.355089712175683,-3.7010924581931497,0.8555502339569312,-1.355089712175683,-3.7010924581931497,0.16084134791059482,-15.872045920076818,-1.4145718236998284
6042042042.042042,0.13444040916745473,-17.42940348863059,-1.453142729393494,0.8590733860112791,-1.3193947029230289,-3.728406971539073,0.8590733860112791,-1.3193947029230289,-3.728406971539073,0.14565537219395291,-16.733469853934253,-1.3617975169648946
6048048048.048048,0.11928450550658631,-18.468319309328184,-1.38489286111214,0.8622198715938206,-1.2876394435119516,-3.7555856279515076,0.8622198715938206,-1.2876394435119516,-3.7555856279515076,0.13166599288737887,-17.610527630376765,-1.2920270715365798
6054054054.054054,0.10559340103886368,-19.527264435657116,-1.2915888529905668,0.8649948843580402,-1.2597292195278582,-3.7826092470226076,0.8649948843580402,-1.2597292195278582,-3.7826092470226076,0.1192498254706996,-18.470844958070188,-1.2017920333388308
6060060060.0600605,0.09392861013821682,-20.54404207743939,-1.1671654209824442,0.8674051852917424,-1.235559719907006,-3.809459630431342,0.8674051852917424,-1.235559719907006,-3.809459630431342,0.10887726648583429,-19.261255824614047,-1.088320570635125
6066066066.066066,0.08501508502838544,-21.41008012963901,-1.0078886001166758,0.8694589889448873,-1.2150179637367444,-3.836119636619833,0.8694589889448873,-1.2150179637367444,-3.836119636619833,0.10108533051100065,-19.906237291814573,-0.9512871027834455
6072072072.072072,0.07963834437605619,-21.977555544418653,-0.817481371257463,0.8711658377869453,-1.1979832699932098,-3.8625732420926204,0.8711658377869453,-1.1979832699932098,-3.8625732420926204,0.09638471942778526,-20.31983625020342,-0.7950657829106802
6078078078.078078,0.07836371481845232,-22.11769969067854,-0.6114742854526035,0.8725364675568729,-1.1843282540748534,-3.888805589196975,0.8725364675568729,-1.1843282540748534,-3.888805589196975,0.09509962533294011,-20.43642388126375,-0.6297381368776365
6084084084.084084,0.08120839832148809,-21.807981100872436,-0.41323085120251213,0.8735826664700552,-1.1739198355314913,-3.914803020518118,0.8735826664700552,-1.1739198355314913,-3.914803020518118,0.09721947172573157,-20.244934862765646,-0.46868516125429494
6090090090.09009,0.0875964704336157,-21.150267854283626,-0.24187436156172126,0.8743171310630345,-1.1666202422914713,-3.940553100273537,0.8743171310630345,-1.1666202422914713,-3.940553100273537,0.10238329973244482,-19.79541755187894,-0.3235623874264877
6096096096.096096,0.09665942366717747,-20.295115973496,-0.10480165189864636,0.8747533212997837,-1.1622879978915626,-3.966044623309814,0.8747533212997837,-1.1622879978915626,-3.966044623309814,0.11001556689051928,-19.170917181139778,-0.20069532267946263
6102102102.102102,0.10756471198854424,-19.366603625850747,-9.317731502855327e-05,0.8749053173460575,-1.1607788796469896,-3.991267612490063,0.8749053173460575,-1.1607788796469896,-3.991267612490063,0.11950195024853644,-18.452500141134212,-0.10110686198622479
6108108108.1081085,0.11966229856495325,-18.440853183065503,0.0779577570448728,0.874787680155346,-1.1619468372931028,-4.016213305406932,0.874787680155346,-1.1619468372931028,-4.016213305406932,0.130303275031653,-17.700893372578626,-0.02261905099595814
6114114114.114115,0.13248991266633636,-17.556343723617495,0.13533841583356898,0.8744153177158025,-1.1656448633175576,-4.040874131465467,0.8744153177158025,-1.1656448633175576,-4.040874131465467,0.14199335743958505,-16.954639435551563,0.03812970840512919
6120120120.12012,0.14572981968408596,-16.72903144927114,0.17704119872054305,0.8738033584962361,-1.1717258079197186,-4.0652436804527525,0.8738033584962361,-1.1717258079197186,-4.0652436804527525,0.15425260948162334,-16.235349606006732,0.08452017810363152
6126126126.126126,0.15916446845753876,-15.963077535372195,0.20688941806977146,0.8729670333136759,-1.1800431332263326,-4.08931666374933,0.8729670333136759,-1.1800431332263326,-4.08931666374933,0.16684667079845802,-15.553649093732918,0.11948191235604329
6132132132.132133,0.17264340478351597,-15.25700015293227,0.22772152244918864,0.8719215665362439,-1.1904516030122727,-4.113088869344075,0.8719215665362439,-1.1904516030122727,-4.113088869344075,0.1796046110340964,-14.913650355494806,0.1453916999970016
6138138138.138138,0.1860610059777959,-14.606892705372214,0.24163010821818148,0.870682077242327,-1.2028079056845171,-4.1365571117941,0.870682077242327,-1.2028079056845171,-4.1365571117941,0.19240136229646068,-14.315837145367336,0.1641217819243069
6144144144.144144,0.19934198619097465,-14.008024377156909,0.2501645424141582,0.8692634906874213,-1.2169712096581966,-4.159719178227613,0.8692634906874213,-1.2169712096581966,-4.159719178227613,0.20514478698356595,-13.758790291761176,0.17713038025987232
6150150150.15015,0.21243199270822424,-13.455601539915122,0.2544829407897859,0.8676804601886318,-1.2328036514664653,-4.182573771425923,0.8676804601886318,-1.2328036514664653,-4.182573771425923,0.21776650318021842,-13.240178451456234,0.18555135823352087
6156156156.156157,0.2252914408779674,-12.945106147776212,0.2554611374662575,0.8659472993267655,-1.2501707579907715,-4.205120450944803,0.8659472993267655,-1.2501707579907715,-4.205120450944803,0.23021545187859893,-12.757310604533034,0.19026945116407643
6162162162.162163,0.23789140235940456,-12.472425070590598,0.2537696779748388,0.8640779241887092,-1.268941805071501,-4.2273595731496165,0.8640779241887092,-1.268941805071501,-4.2273595731496165,0.24245338057186208,-12.307435121175786,0.19197928652311455
6168168168.168168,0.2502108066069466,-12.033878741100354,0.24992818101653638,0.8620858052283286,-1.2889901154639611,-4.2492922309465335,0.8620858052283286,-1.2889901154639611,-4.2492922309465335,0.25445164532669956,-11.887894731223728,0.19123032678108168
6174174174.174174,0.2622344945673563,-11.626203627829359,0.24434395905763254,0.8599839282112204,-1.310193299649637,-4.270920193897597,0.8599839282112204,-1.310193299649637,-4.270920193897597,0.266188918147391,-11.496200576597108,0.1884606798500574
6180180180.18018,0.2739518350689171,-11.246515721877973,0.23733972007242177,0.8577847636252653,-1.3324334434086933,-4.292245849312559,0.8577847636252653,-1.3324334434086933,-4.292245849312559,0.2776495193044526,-11.130061481725244,0.18402246179835732
6186186186.186186,0.2853557196964823,-10.892268359778983,0.22917366068711376,0.8555002438822625,-1.3555972463218908,-4.313272144818411,0.8555002438822625,-1.3555972463218908,-4.313272144818411,0.28882218526501624,-10.787389008189042,0.17820086561872958
6192192192.192192,0.29644181713883944,-10.561210664889115,0.2200542131033384,0.8531417476029366,-1.3795761155135522,-4.334002532819434,0.8531417476029366,-1.3795761155135522,-4.334002532819434,0.29969914390430663,-10.466289952442903,0.17122857203351163
6198198198.198198,0.307208008854647,-10.251349330359918,0.21015099698293851,0.8507200902649468,-1.4042662189887969,-4.354440917178604,0.8507200902649468,-1.4042662189887969,-4.354440917178604,0.31027540940126963,-10.165052853416501,0.16329671411051663
6204204204.204205,0.3176539538811692,-9.960914691473677,0.19960304753013094,0.8482455204979037,-1.4295685028741967,-4.374591602375283,0.8482455204979037,-1.4295685028741967,-4.374591602375283,0.32054823643693303,-9.882132162709361,0.15456328362255495
6210210210.210211,0.32778074737744844,-9.688331177194932,0.18852506645407477,0.8457277213276007,-1.4553886767570718,-4.394459245325988,0.8457277213276007,-1.4553886767570718,-4.394459245325988,0.33051669161128516,-9.616132061441112,0.14515962784285516
6216216216.216216,0.33759064847981657,-9.432191843407704,0.1770122216565049,0.8431758157006896,-1.4816371711496639,-4.414048809994069,0.8431758157006896,-1.4816371711496639,-4.414048809994069,0.3401813123961578,-9.365790954160097,0.13519551139188393
6222222222.222222,0.34708686035356445,-9.191236541550419,0.16514386994754499,0.8405983756581918,-1.508229070893472,-4.433365524860661,0.8405983756581918,-1.508229070893472,-4.433365524860661,0.34954383242936227,-9.129967128632552,0.12476309181816049
6228228228.228228,0.35627335025270124,-8.96433324543295,0.15298647209841956,0.8380034345690892,-1.5350840280783253,-4.452414843283323,0.8380034345690892,-1.5350840280783253,-4.452414843283323,0.3586069578232245,-8.907625767037356,0.1139400665374418
6234234234.234234,0.3651547007709868,-8.750462083073677,0.1405958960554435,0.8353985018816922,-1.5621261577908938,-4.471202406729761,0.8353985018816922,-1.5621261577908938,-4.471202406729761,0.36737418326075466,-8.697827328668577,0.10279218273497208
6240240240.24024,0.3737359858040564,-8.54870166710684,0.12801925217558563,0.8327905798988836,-1.5892839197359945,-4.489734010841259,0.8327905798988836,-1.5892839197359945,-4.489734010841259,0.3758496395480807,-8.499717238401868,0.09137525374659285
6246246246.246246,0.38202266638423865,-8.35821737037513,0.11529636722211724,0.8301861821320643,-1.61648998850044,-4.508015574254171,0.8301861821320643,-1.61648998850044,-4.508015574254171,0.3840379663592432,-8.31251677487584,0.07973679020658359
6252252252.252253,0.3900205027176202,-8.178251244952962,0.10246097707350335,0.8275913528367091,-1.643681114957396,-4.526053110086531,0.8275913528367091,-1.643681114957396,-4.526053110086531,0.39194420540103864,-8.13551503770669,0.06791732827122626
6258258258.258259,0.3977354795950817,-8.008113329634696,0.08954169858323277,0.825011687378874,-1.6707979810451281,-4.543852699980627,0.825011687378874,-1.6707979810451281,-4.543852699980627,0.3995737103141052,-7.96806187244008,0.055951517944496286
6264264264.264264,0.4051737429638399,-7.847174131753355,0.07656282667642757,0.8224523531261303,-1.6977850499010136,-4.561420470580397,0.8224523531261303,-1.6977850499010136,-4.561420470580397,0.4069320704299525,-7.8095616385739595,0.04386902011377514
6270270270.27027,0.41234154590133354,-7.694858104036577,0.063544992118769,0.8199181105978057,-1.724590413092129,-4.578762572314226,0.8199181105978057,-1.724590413092129,-4.578762572314226,0.41402504610214286,-7.659467715990812,0.03169525004858757
6276276276.276276,0.41924520257436476,-7.550637966561631,0.05050570742259812,0.8174133346477941,-1.7511656364591808,-4.595885160348454,0.8174133346477941,-1.7511656364591808,-4.595885160348454,0.4208585137825542,-7.517277656258797,0.019451996886646145
6282282282.282282,0.4258910490262785,-7.414029748388607,0.037459822337759276,0.8149420354882718,-1.7774656058835172,-4.612794377574677,0.8149420354882718,-1.7774656058835172,-4.612794377574677,0.4274384193588387,-7.382528896332855,0.0071579423491431125
6288288288.288288,0.4322854098349078,-7.284588443854817,0.024419905799466592,0.8125078793946044,-1.8034483740954865,-4.629496339493468,0.8125078793946044,-1.8034483740954865,-4.629496339493468,0.433770738535532,-7.254794962581038,-0.005170902901281287
6294294294.294294,0.4384345698408333,-7.16190419543706,0.01139656769682834,0.8101142089603272,-1.829075009469182,-4.645997120858882,0.8101142089603272,-1.829075009469182,-4.645997120858882,0.43986144325029175,-7.133682102473243,-0.01752083057961719
6300300300.300301,0.44434475026954506,-7.0455989291304375,-0.0016012688823944243,0.8077640627966168,-1.8543094475915223,-4.66230274395113,0.8077640627966168,-1.8543094475915223,-4.66230274395113,0.44571647328124053,-7.018826289650377,-0.029880122003562416
6306306306.306307,0.4500220886710422,-6.935323379936969,-0.014566136381003167,0.8054601945932143,-1.8791183462527714,-4.6784191683489285,0.8054601945932143,-1.8791183462527714,-4.6784191683489285,0.45134171233364406,-6.909890555424594,-0.04223878172917803
6312312312.312313,0.4554726221819584,-6.830754454725982,-0.027491825574144105,0.8032050914774833,-1.9034709443803364,-4.694352282078205,0.8032050914774833,-1.9034709443803364,-4.694352282078205,0.4567429680009636,-6.80656260613739,-0.0545883098976541
6318318318.318318,0.46070227368232397,-6.731592887776872,-0.04037321684010729,0.8010009916254499,-1.9273389253266215,-4.710107894019414,0.8010009916254499,-1.9273389253266215,-4.710107894019414,0.46192595508260753,-6.708552691312262,-0.06692150701513372
6324324324.324325,0.4657168404753798,-6.637561151017045,-0.05320613532620487,0.7988499010934134,-1.950696284824396,-4.725691727461912,0.7988499010934134,-1.950696284824396,-4.725691727461912,0.4668962818133474,-6.615591692271683,-0.07923230602135603
6330330330.33033,0.47052198516616806,-6.548401586571647,-0.06598722625573529,0.7967536098513175,-1.9735192038381255,-4.74110941470016,0.7967536098513175,-1.9735192038381255,-4.74110941470016,0.4716594386194424,-6.527429404964194,-0.09151562741174077
6336336336.336336,0.47512322845492366,-6.463874733935615,-0.07871384728021157,0.7947137070097103,-1.9957859264661206,-4.75636649257311,0.7947137070097103,-1.9957859264661206,-4.75636649257311,0.4762207890675702,-6.443832994235596,-0.10376725390818313
6342342342.342342,0.47952594359624007,-6.383757828014799,-0.09138397531107065,0.7927315952410209,-2.017476642985041,-4.771468398854501,0.7927315952410209,-2.017476642985041,-4.771468398854501,0.48058556271576386,-6.364585599774941,-0.11598372176741642
6348348348.348349,0.4837353523046527,-6.3078434476084055,-0.10399612569540967,0.7908085044032271,-2.038573378074394,-4.78642046940837,0.7908085044032271,-2.038573378074394,-4.78642046940837,0.4847588496126841,-6.289485076532369,-0.12816222629646035
6354354354.354355,0.48775652191375773,-6.235938296701904,-0.11654928194965092,0.7889455043799652,-2.059059884213176,-4.801227936030243,0.7889455043799652,-2.059059884213176,-4.801227936030243,0.4887455962230257,-6.218342854618447,-0.1403005395395689
6360360360.360361,0.49159436361862474,-6.167862103317939,-0.12904283455226112,0.787143517155943,-2.0789215402024412,-4.815895924900585,0.787143517155943,-2.0789215402024412,-4.815895924900585,0.4925506025848175,-6.150982905583845,-0.15239693842365876
6366366366.366366,0.4952536316515185,-6.103446622686564,-0.14147652753194664,0.7854033281502425,-2.0981452547364365,-4.830429455582922,0.7854033281502425,-2.0981452547364365,-4.830429455582922,0.49617852052791533,-6.087240803618408,-0.16445014191619983
6372372372.372373,0.49873892325855745,-6.042534733215916,-0.15385041178226488,0.7837255968329959,-2.1167193749187985,-4.844833440504553,0.7837255968329959,-2.1167193749187985,-4.844833440504553,0.49963385280412603,-6.0269628716127235,-0.1764592559703302
6378378378.378378,0.5020546793606969,-5.984979615210211,-0.16616480419521767,0.7821108666529858,-2.134633599600021,-4.85911268486301,0.7821108666529858,-2.134633599600021,-4.85911268486301,0.5029209529975268,-5.97000540324491,-0.1884237252153833
6384384384.384384,0.5052051857961378,-5.9306440035420565,-0.17842025184068297,0.7805595743051796,-2.151878897396072,-4.873271886906439,0.7805595743051796,-2.151878897396072,-4.873271886906439,0.5060440260998106,-5.916233953304984,-0.2003432905041725
6390390390.39039,0.5081945750538636,-5.879399506560956,-0.19061750053107568,0.779072058368107,-2.168447429235678,-4.887315638540587,0.779072058368107,-2.168447429235678,-4.887315638540587,0.5090071296493113,-5.865522689387878,-0.2122179515569054
6396396396.396397,0.5110268284185041,-5.831125984457816,-0.20275746720484605,0.7776485673414154,-2.184332475274879,-4.901248426219521,0.7776485673414154,-2.184332475274879,-4.901248426219521,0.5118141753452082,-5.817753798873139,-0.2240479340493258
6402402402.402403,0.5137057784568363,-5.785710981101988,-0.21484121564196249,0.7762892671140225,-2.199528366011003,-4.915074632081115,0.7762892671140225,-2.199528366011003,-4.915074632081115,0.514468931059001,-5.772816945807509,-0.23583366058365615
6408408408.408409,0.5162351117845991,-5.74304920406798,-0.22686993509178785,0.7749942478930039,-2.21403041742472,-4.928798535292136,0.7749942478930039,-2.21403041742472,-4.928798535292136,0.5169750231753482,-5.730608772904612,-0.24757572505820882
6414414414.414414,0.5186183720600422,-5.703042048172149,-0.23884492145056088,0.7737635306228782,-2.227834869976767,-4.942424313571171,0.7737635306228782,-2.227834869976767,-4.942424313571171,0.5193359392028566,-5.69103244440501,-0.25927487001666516
6420420420.420421,0.520858963157416,-5.665597158366335,-0.2507675606742815,0.7725970729242394,-2.24093883128602,-4.955956044860793,0.7725970729242394,-2.24093883128602,-4.955956044860793,0.5215550306029468,-5.6539972260029545,-0.27093196661363617
6426426426.426426,0.522960152479756,-5.630628028293165,-0.2626393141540819,0.7714947745798351,-2.253340222316816,-4.969397709123269,0.7714947745798351,-2.253340222316816,-4.969397709123269,0.5236355157916635,-5.619418098451307,-0.28254799688125615
6432432432.432432,0.5249250743754413,-5.59805363121364,-0.2744617058166581,0.7704564825952199,-2.2650377269059336,-4.982753190236808,0.7704564825952199,-2.2650377269059336,-4.982753190236808,0.5255804832752614,-5.587215401812902,-0.2941240380216476
6438438438.438438,0.5267567336280927,-5.5677980803646925,-0.28623631074255246,0.7694819958600552,-2.276030744463003,-4.996026277971727,0.7694819958600552,-2.276030744463003,-4.996026277971727,0.5273928948857233,-5.557314507640053,-0.3056612484852625
6444444444.444445,0.5284580089932752,-5.539790316119594,-0.2979647451212341,0.7685710694350106,-2.286319345682286,-5.009220670028197,0.7685710694350106,-2.286319345682286,-5.009220670028197,0.529075589086722,-5.529645516646783,-0.3171608556257577
6450450450.450451,0.5300316567595194,-5.513963817591852,-0.30964865738470726,0.7677234184880803,-2.295904231108413,-5.022339974119177,0.7677234184880803,-2.295904231108413,-5.022339974119177,0.5306312843250051,-5.504142979678378,-0.3286241447470879
6456456456.456457,0.5314803143141755,-5.490256336569321,-0.3212897203802728,0.7669387219029528,-2.3047866924038085,-5.03538771008405,0.7669387219029528,-2.3047866924038085,-5.03538771008405,0.5320625824055426,-5.480745640005443,-0.34005244938177787
6462462462.462462,0.5328065036978248,-5.468609651873784,-0.3328896244607105,0.7662166255809113,-2.3129685761709973,-5.048367312020087,0.7662166255809113,-2.3129685761709973,-5.048367312020087,0.5333719718720646,-5.459396195162062,-0.35144714265869664
6468468468.468469,0.5340126351332407,-5.448969342435372,-0.3444500713839918,0.7655567454565809,-2.3204522501886125,-5.061282130420386,0.7655567454565809,-2.3204522501886125,-5.061282130420386,0.5345618313774405,-5.44004107672011,-0.36280962963507213
6474474474.474474,0.5351010105176084,-5.431284577532029,-0.3559727689280894,0.764958670246703,-2.327240571925691,-5.0741354343082925,0.764958670246703,-2.327240571925691,-5.0741354343082925,0.5356344330307397,-5.422630246547213,-0.37414134048281034
6480480480.48048,0.5360738268681747,-5.415507922802478,-0.3674594261369907,0.7644219639500114,-2.3333368592046733,-5.086930413359562,0.7644219639500114,-2.3333368592046733,-5.086930413359562,0.5365919457101858,-5.40711700823031,-0.38544372443184005
6486486486.486486,0.5369331797137387,-5.401595160766764,-0.3789117491240804,0.7639461681152067,-2.3387448628893432,-5.099670180004555,0.7639461681152067,-2.3387448628893432,-5.099670180004555,0.5374364383328142,-5.393457832474931,-0.3967182443842564
6492492492.492493,0.5376810664256473,-5.389505124712323,-0.39033143736745357,0.7635308038930013,-2.3434687414796165,-5.112357771503825,0.7635308038930013,-2.3434687414796165,-5.112357771503825,0.5381698830737215,-5.381612195394259,-0.4079663721231295
6498498498.498499,0.53831938948335,-5.37919954490963,-0.40172018043890173,0.7631753738871975,-2.347513037500916,-5.124996151991313,0.7631753738871975,-2.347513037500916,-5.124996151991313,0.5387941585289019,-5.371542428706963,-0.4191895840480596
6504504504.504505,0.5388499596710075,-5.370642906212932,-0.4130796551152412,0.7628793638188344,-2.350882655581154,-5.137588214480127,0.7628793638188344,-2.350882655581154,-5.137588214480127,0.5393110528171132,-5.363213580949409,-0.43038935737784184
6510510510.51051,0.5392744992021974,-5.3638023161954145,-0.42441152282609323,0.7626422440165245,-2.353582842113907,-5.150136782826685,0.7626422440165245,-2.353582842113907,-5.150136782826685,0.5397222666175003,-5.356593288885405,-0.44156716676611596
6516516516.516517,0.5395946447711769,-5.358647383037068,-0.43571742739726377,0.7624634707452462,-2.355619166411483,-5.162644613649534,0.7624634707452462,-2.355619166411483,-5.162644613649534,0.540029416140212,-5.351651658376795,-0.4527244812830443
6522522522.522522,0.5398119505295561,-5.355150102459546,-0.44699899305337737,0.7623424873850573,-2.3569975032565686,-5.17511439819977,0.7623424873850573,-2.3569975032565686,-5.17511439819977,0.5402340360287137,-5.348361154033682,-0.4638627617199611
6528528528.528528,0.5399278909881061,-5.353284753062033,-0.4582578226474639,0.7622787254704263,-2.3577240167659568,-5.1875487641805185,0.7622787254704263,-2.3577240167659568,-5.1875487641805185,0.540337582192638,-5.346696497032001,-0.47498345817944254
6534534534.534534,0.5399438638439237,-5.353027799470599,-0.46949549608816304,0.7622716056001637,-2.3578051454844755,-5.1999502775133095,0.7622716056001637,-2.3578051454844755,-5.1999502775133095,0.5403414345711266,-5.346634570532316,-0.4860880079167049
6540540540.540541,0.5398611927337659,-5.354357802763538,-0.4807135689388914,0.7623205382272601,-2.357247588631613,-5.212321444049621,0.7623205382272601,-2.357247588631613,-5.212321444049621,0.5402468998268859,-5.348154332186952,-0.4971778334019016
6546546546.546547,0.5396811299146476,-5.357255337684536,-0.4919135711654601,0.762424924337312,-2.3560582934274814,-5.22466471122621,0.762424924337312,-2.3560582934274814,-5.22466471122621,0.5400552139716785,-5.351236733266642,-0.5082543405762749
6552552552.552553,0.5394048588732829,-5.361702916196074,-0.5030970060113117,0.7625841560236265,-2.3542444434287533,-5.23698246966315,0.7625841560236265,-2.3542444434287533,-5.23698246966315,0.539767544924513,-5.35586464397605,-0.5193189172772978
6558558558.558558,0.5390334968662119,-5.367684916965088,-0.5142653489814972,0.7627976169665435,-2.351813447808971,-5.249277054703758,0.7627976169665435,-2.351813447808971,-5.249277054703758,0.5393849950039727,-5.362022784567124,-0.5303729318113239
6564564564.564565,0.5385680973927202,-5.375187520408208,-0.5254200469184319,0.7630646828240142,-2.3487729315211103,-5.261550747895829,0.7630646828240142,-2.3487729315211103,-5.261550747895829,0.5389086033565488,-5.369697661890952,-0.5414177316533502
6570570570.57057,0.5380096526028221,-5.384198648957133,-0.5365625171540769,0.763384721539986,-2.345130726283748,-5.273805778413828,0.763384721539986,-2.345130726283748,-5.273805778413828,0.5383393483229335,-5.378877511062027,-0.5524546422564076
6576576576.576576,0.5373590956428388,-5.394707912233101,-0.5476941467246536,0.763757093576724,-2.3408948623351704,-5.286044324421832,0.763757093576724,-2.3408948623351704,-5.286044324421832,0.5376781497445813,-5.389552241935048,-0.5634849659539891
6582582582.582582,0.5366173029411885,-5.406706556847535,-0.5588162916351571,0.7641811520767722,-2.3360735609029297,-5.298268514377205,0.7641811520767722,-2.3360735609029297,-5.298268514377205,0.5369258712128995,-5.401713390122199,-0.5745099809413264
6588588588.588589,0.5357850964370999,-5.420187420571443,-0.5699302761623791,0.7646562429599074,-2.330675227338887,-5.310480428275107,0.7646562429599074,-2.330675227338887,-5.310480428275107,0.5360833222635744,-5.415354072302895,-0.5855309403215017
6594594594.594595,0.5348632457551128,-5.4351448906382736,-0.5810373921856389,0.7651817049600714,-2.3247084448726643,-5.322682098834046,0.7651817049600714,-2.3247084448726643,-5.322682098834046,0.5351512605187956,-5.4304689455978465,-0.5965490712047512
6600600600.600601,0.5338524703282311,-5.451574865967384,-0.5921388985357503,0.7657568696069679,-2.31818196893862,-5.334875512622836,0.7657568696069679,-2.31818196893862,-5.334875512622836,0.5341303937798799,-5.447054170805556,-0.6075655738497497
6606606606.6066065,0.5327534414726876,-5.469474723114425,-0.6032360203532506,0.7663810611567154,-2.3111047220338725,-5.347062611129301,0.7663810611567154,-2.3111047220338725,-5.347062611129301,0.5330213820732922,-5.465107379311542,-0.6185816208362088
6612612612.612613,0.5315667844172218,-5.488843285774855,-0.6143299484476537,0.7670535964756803,-2.303485789067016,-5.359245291771304,0.7670535964756803,-2.303485789067016,-5.359245291771304,0.5318248396526866,-5.484627643505279,-0.6295983562601696
6618618618.618618,0.5302930802899121,-5.509680797682098,-0.625421838649994,0.7677737848813787,-2.2953344131590816,-5.371425408850553,0.7677737848813787,-2.2953344131590816,-5.371425408850553,0.5305413369599103,-5.505615450551915,-0.6406168949424444
6624624624.624624,0.5289328680654788,-5.531988898760016,-0.6365128111514722,0.7685409279441203,-2.2866599918601573,-5.38360477444989,0.7685409279441203,-2.2866599918601573,-5.38360477444989,0.5291714025477976,-5.528072679383657,-0.6516383216428854
6630630630.6306305,0.5274866464760409,-5.555770604403509,-0.6476039498215156,0.7693543192528569,-2.2774720737468774,-5.39578515927462,0.7693543192528569,-2.2774720737468774,-5.39578515927462,0.527715524967552,-5.55200258079103,-0.6626636902723279
6636636636.636637,0.5259548758882658,-5.581030287775723,-0.6586963014986245,0.770213244148541,-2.2677803553673974,-5.4079682934386435,0.770213244148541,-2.2677803553673974,-5.4079682934386435,0.5261741546235532,-5.577409760507636,-0.6736940230955871
6642642642.642643,0.5243379801497394,-5.607773665025498,-0.6697908752479671,0.7711169794281277,-2.2575946785020578,-5.420155867196112,0.7711169794281277,-2.2575946785020578,-5.420155867196112,0.5245477055983964,-5.604300165195427,-0.6847303099184806
6648648648.648649,0.5226363484075257,-5.636007783338774,-0.6808886415796547,0.7720647930222131,-2.2469250277093074,-5.432349531619307,0.7720647930222131,-2.2469250277093074,-5.432349531619307,0.5228365574508979,-5.632681071251284,-0.6957735072526566
6654654654.6546545,0.5208503369016032,-5.66574101175418,-0.6919905316220892,0.7730559436491851,-2.235781528127581,-5.44455089922363,0.7730559436491851,-2.235781528127581,-5.44455089922363,0.5210410569898019,-5.662561076367304,-0.7068245374520544
6660660660.660661,0.518980270736008,-5.69698303468193,-0.703097436244455,0.7740896804486507,-2.224174443505062,-5.456761544540438,0.7740896804486507,-2.224174443505062,-5.456761544540438,0.5191615200258283,-5.693950093790114,-0.717884287815214
6666666666.666666,0.5170264456303872,-5.729744848078138,-0.7142102051229171,0.7751652425968016,-2.2121141744303476,-5.4689830046385755,0.7751652425968016,-2.2121141744303476,-5.4689830046385755,0.5171982331046767,-5.726859349235801,-0.7289536096474369
6672672672.672672,0.5149891296544422,-5.764038758240889,-0.7253296457448254,0.7762818589063101,-2.1996112567379114,-5.481216779595509,0.7762818589063101,-2.1996112567379114,-5.481216779595509,0.515151455223551,-5.76130138042842,-0.7400333172773671
6678678678.6786785,0.5128685649480131,-5.799878383200162,-0.7364565223451862,0.7774387474132727,-2.1866763600631884,-5.493464332918876,0.7774387474132727,-2.1866763600631884,-5.493464332918876,0.5130214195335855,-5.797290039243476,-0.7511241870222404
6684684684.684685,0.5106649694291195,-5.837278656691028,-0.7475915547698957,0.7786351149536599,-2.1733202865229866,-5.505727091919394,0.7786351149536599,-2.1733202865229866,-5.505727091919394,0.5108083350306921,-5.834840496445636,-0.7622269560963889
6690690690.690691,0.5083785384923808,-5.8762558347078455,-0.7587354172594496,0.7798701567316867,-2.159553969497592,-5.518006448036039,0.7798701567316867,-2.159553969497592,-5.518006448036039,0.5085123882370579,-5.87396924902495,-0.7733423214569511
6696696696.696697,0.5060094467001482,-5.916827504648677,-0.7698887371473927,0.7811430558824877,-2.145388472491619,-5.530303757114453,0.7811430558824877,-2.145388472491619,-5.530303757114453,0.5061337448754774,-5.914694130146857,-0.7844709385814865
6702702702.702703,0.5035578494685597,-5.959012597071331,-0.781052093466864,0.7824529830314354,-2.1308349880514426,-5.542620339639521,0.7824529830314354,-2.1308349880514426,-5.542620339639521,0.503672551538807,-5.957034321739817,-0.7956134201714752
6708708708.708709,0.5010238847505138,-6.002831400096391,-0.7922260154588323,0.7837990958524468,-2.115904836717387,-5.554957480923159,0.7837990958524468,-2.115904836717387,-5.554957480923159,0.5011289373563714,-6.001010369762726,-0.8067703347751721
6714714714.714715,0.49840767471776437,-6.048305576499692,-0.8034109809747974,0.785180538627584,-2.1006094659896424,-5.567316431248291,0.785180538627584,-2.1006094659896424,-5.567316431248291,0.49850301565945526,-6.046644202199999,-0.8179422053241556
6720720720.72072,0.49570932744382695,-6.095458183556337,-0.8146074147665682,0.7865964418102752,-2.084960449287154,-5.579698405970111,0.7865964418102752,-2.084960449287154,-5.579698405970111,0.4957948856475419,-6.093959149851525,-0.8291295075763219
6726726726.726727,0.49292893858968123,-6.144313695704796,-0.8258156866552362,0.7880459215944665,-2.068969484879333,-5.592104585575711,0.7880459215944665,-2.068969484879333,-5.592104585575711,0.4930046340571454,-6.142979969993393,-0.8403326684585286
6732732732.732733,0.4900665930937737,-6.194898030119842,-0.8370361095706951,0.7895280794920257,-2.0526483947708396,-5.604536115703187,0.7895280794920257,-2.0526483947708396,-5.604536115703187,0.4901323368347098,-6.193732873004106,-0.8515520643014383
6738738738.738739,0.4871223668680583,-6.247238575291737,-0.8482689374526059,0.7910420019207316,-2.0360091235200883,-5.616994107121399,0.7910420019207316,-2.0360091235200883,-5.616994107121399,0.48717806081515513,-6.2462455520624065,-0.8627880189582664
6744744744.744745,0.4840963285013147,-6.301364222731304,-0.8595143630028371,0.7925867598052007,-2.019063736972455,-5.629479635671633,0.7925867598052007,-2.019063736972455,-5.629479635671633,0.4841418654074125,-6.300547216040999,-0.8740408017992473
6750750750.7507515,0.4809885409712415,-6.357305401930362,-0.8707725152785644,0.7941614081931058,-2.00182442088972,-5.641993742172346,0.7941614081931058,-2.00182442088972,-5.641993742172346,0.48102380428802755,-6.356668625740279,-0.8853106255720615
6756756756.756757,0.477799063366367,-6.415094118730648,-0.8820434571143596,0.7957649858890765,-1.9843034794574457,-5.654537432288374,0.7957649858890765,-1.9843034794574457,-5.654537432288374,0.4778239271041295,-6.414642133618535,-0.8965976441185993
6762762762.762763,0.4745279526189038,-6.474763997269617,-0.8933271823604181,0.7973965151086847,-1.9665133336524585,-5.667111676365933,0.7973965151086847,-1.9665133336524585,-5.667111676365933,0.47454228118655445,-6.474501727201795,-0.9079019499367589
6768768768.768768,0.47117526524938413,-6.536350325694919,-0.9046236129227597,0.7990550011549343,-1.9484665194529924,-5.6797174092348195,0.7990550011549343,-1.9484665194529924,-5.6797174092348195,0.4711789132739031,-6.536283076375945,-0.9192235715754699
6774774774.774775,0.46774105912390473,-6.599890105859439,-0.915932595590183,0.8007394321197036,-1.9301756858743533,-5.692355529979335,0.8007394321197036,-1.9301756858743533,-5.692355529979335,0.46773387124831506,-6.600023584784589,-0.9305624708498677
6780780780.780781,0.4642253952245585,-6.665422107234993,-0.9272538986307106,0.8024487786125977,-1.9116535928134228,-5.705026901679413,0.8024487786125977,-1.9116535928134228,-5.705026901679413,0.46420720588330894,-6.665762445586995,-0.9419185398620787
6786786786.786787,0.4606283394335451,-6.732986925308248,-0.9385872081390737,0.8041819935197017,-1.892913108685574,-5.717732351123638,0.8041819935197017,-1.892913108685574,-5.717732351123638,0.4605989726040839,-6.733540701854977,-0.9532915978118854
6792792792.792793,0.45694996433124213,-6.802627044752551,-0.949932124114222,0.8059380117947081,-1.8739672078382796,-5.730472668495764,0.8059380117947081,-1.8739672078382796,-5.730472668495764,0.45690923326044924,-6.803401311919558,-0.9646813875796979
6798798798.7987995,0.45319035100850225,-6.874386907698563,-0.9612881562440662,0.8077157502849379,-1.8548289677257979,-5.743248607036533,0.8077157502849379,-1.8548289677257979,-5.743248607036533,0.45313805791236206,-6.875389220012598,-0.9760875720623322
6804804804.804805,0.4493495908930842,-6.948312987465341,-0.9726547193718941,0.8095141075947522,-1.8355115658300258,-5.756060882682627,0.8095141075947522,-1.8355115658300258,-5.756060882682627,0.44928552662794957,-6.949551432584603,-0.987509730240161
6810810810.810811,0.44542778759017837,-7.024453868147975,-0.9840311286160534,0.8113319639888585,-1.8160282763130913,-5.768910173684638,0.8113319639888585,-1.8160282763130913,-5.768910173684638,0.4453517312936608,-7.025937100722215,-0.9989473529517473
6816816816.816816,0.441425058736736,-7.102860330502062,-0.9954165941114387,0.8131681813380126,-1.7963924663877084,-5.7817971202060745,0.8131681813380126,-1.7963924663877084,-5.7817971202060745,0.4413367774360515,-7.104597609133706,-1.0103998383490664
6822822822.822823,0.4373415378691941,-7.183585444611334,-1.006810215337295,0.8150216031095905,-1.776617592392025,-5.794722323905473,0.8150216031095905,-1.776617592392025,-5.794722323905473,0.4372407860546138,-7.185586672219558,-1.0218664870036227
6828828828.828829,0.4331773763040274,-7.266684669876748,-1.0182109749921404,0.8168910544054863,-1.7567171955563055,-5.807686347503765,0.8168910544054863,-1.7567171955563055,-5.807686347503765,0.4330638954646946,-7.26896043780479,-1.0333464966302863
6834834834.834835,0.42893274503048695,-7.352215962921202,-1.0296177323715017,0.8187753420497582,-1.7367048974494284,-5.820689714339165,0.8187753420497582,-1.7367048974494284,-5.820689714339165,0.4288062631496784,-7.354777599165802,-1.0448389563911817
6840840840.840841,0.42460783661473456,-7.440239894067896,-1.0410292161990138,0.8206732547283941,-1.7165943950940292,-5.833732907911914,0.8206732547283941,-1.7165943950940292,-5.833732907911914,0.4244680676211805,-7.443099516058682,-1.0563428407379774
6846846846.846848,0.4202028671144595,-7.530819773121042,-1.0524440168551426,0.8225835631835187,-1.6963994557398199,-5.846816371421273,0.8225835631835187,-1.6963994557398199,-5.846816371421273,0.4200495102861477,-7.533990345526613,-1.0678570027451724
6852852852.852853,0.415718078003043,-7.624021785254392,-1.063860577941009,0.8245050204642833,-1.6761339112856306,-5.859940507297287,0.8245050204642833,-1.6761339112856306,-5.859940507297287,0.4155508173191603,-7.627517183359083,-1.0793801668815592
6858858858.858859,0.4111537381022025,-7.719915137901618,-1.0752771871065252,0.826436362236618,-1.655811652341448,-5.873105676729933,0.826436362236618,-1.655811652341448,-5.873105676729933,0.4109722415388427,-7.723750217156333,-1.0909109211595225
6864864864.864864,0.406510145522053,-7.818572219638861,-1.0866919660633563,0.8283763071539002,-1.6354466219229946,-5.886312199198268,0.8283763071539002,-1.6354466219229946,-5.886312199198268,0.4063140642864113,-7.822762892075447,-1.1024477085946285
6870870870.870871,0.4017876296074693,-7.9200687721594685,-1.098102859692141,0.8303235572905169,-1.6150528087721618,-5.899560352002401,0.8303235572905169,-1.6150528087721618,-5.899560352002401,0.40157659730485107,-7.924632090443668,-1.1139888178986999
6876876876.876877,0.39698655288980783,-8.024484076559464,-1.1095076241419943,0.8322767986401391,-1.5946442402980476,-5.912850369801037,0.8322767986401391,-1.5946442402980476,-5.912850369801037,0.39676018461695833,-8.02943832656372,-1.1255323733189875
6882882882.882883,0.39210731304283625,-8.13190115529491,-1.120903813806086,0.834234701680407,-1.5742349751343632,-5.926182444157576,0.834234701680407,-1.5742349751343632,-5.926182444157576,0.391865204400509,-8.137265958187205,-1.137076323524736
6888888888.888889,0.38715034484216965,-8.242406991318582,-1.1322887670413044,0.8361959220055639,-1.553839095310249,-5.9395567230976845,0.8361959220055639,-1.553839095310249,-5.9395567230976845,0.38689207085876726,-8.248203416305033,-1.1486184294280375
6894894894.894896,0.38211612212746315,-8.356092766080877,-1.1436595904814528,0.8381591010283809,-1.5334706980331445,-5.952973310681359,0.8381591010283809,-1.5334706980331445,-5.952973310681359,0.3818412360848271,-8.36234345509318,-1.1601562508102212
6900900900.900901,0.37700515976703586,-8.473054118270504,-1.1550131417722183,0.8401228667525563,-1.5131438870833858,-5.966432266592628,0.8401228667525563,-1.5131438870833858,-5.966432266592628,0.37671319191807845,-8.479783424078395,-1.1716871316067003
6906906906.906907,0.37181801562477823,-8.593391425393394,-1.1663460105316033,0.8420858346165291,-1.4928727638221018,-5.979933605749967,0.8420858346165291,-1.4928727638221018,-5.979933605749967,0.371508471791656,-8.600625564828961,-1.183208183681554
6912912912.912912,0.36655529252979535,-8.717210110532516,-1.1776544973099692,0.8440466084094473,-1.4726714178151998,-5.993477297940609,0.8440466084094473,-1.4726714178151998,-5.993477297940609,0.3662276525696096,-8.724977334766832,-1.1947162688978785
6918918918.918919,0.361217640249783,-8.844620976911992,-1.1889345902915296,0.8460037812597664,-1.452553917078128,-6.007063267481995,0.8460037812597664,-1.452553917078128,-6.007063267481995,0.36087135637330003,-8.852951761009829,-1.2062079792613802
6924924924.924925,0.35580575746972837,-8.97574057320926,-1.200181939438743,0.847955936696709,-1.4325342979475562,-6.020691392913522,0.847955936696709,-1.4325342979475562,-6.020691392913522,0.3554402523966251,-8.984667827527899,-1.2176796148800533
6930930930.930931,0.35032039377858226,-9.110691592915487,-1.211391827735963,0.849901649784522,-1.412626554588081,-6.03436150672185,0.849901649784522,-1.412626554588081,-6.03436150672185,0.3499350587104776,-9.12025089931193,-1.2291271594426187
6936936936.936937,0.34476235166747626,-9.249603311457948,-1.2225591391345976,0.8518394883291979,-1.3928446281435705,-6.048073395103016,0.8518394883291979,-1.3928446281435705,-6.048073395103016,0.3443565440575386,-9.25983318773478,-1.2405462528715752
6942942942.942944,0.3391324885444538,-9.392612065262963,-1.2336783227384456,0.8537680141569912,-1.3732023955448869,-6.061826797764514,0.8537680141569912,-1.3732023955448869,-6.061826797764514,0.3387055296394342,-9.403554261834886,-1.2519321607508815
6948948948.948949,0.33343171877230016,-9.539861777469659,-1.2447433526932439,0.8556857844637624,-1.3537136579873554,-6.075621407770557,0.8556857844637624,-1.3537136579873554,-6.075621407770557,0.33298289089931454,-9.551561610888998,-1.2632797400622306
6954954954.954955,0.32766101573786055,-9.691504535615884,-1.2557476831555154,0.857591353233829,-1.3343921290934002,-6.089456871433638,0.857591353233829,-1.3343921290934002,-6.089456871433638,0.32718955930454785,-9.704011264364366,-1.274583400685885
6960960960.96096,0.32182141396374253,-9.847701227308288,-1.266684197610495,0.859483272726672,-1.315251422777544,-6.103332788255472,0.859483272726672,-1.315251422777544,-6.103332788255472,0.3213265241354945,-9.861068476194323,-1.28583706202876
6966966966.966967,0.31591401127599766,-10.00862224068726,-1.2775451516836747,0.8613600950294827,-1.2963050408329588,-6.117248710920311,0.8613600950294827,-1.2963050408329588,-6.117248710920311,0.3153948342888216,-10.022908481285754,-1.297034104030956
6972972972.972973,0.30993997104480897,-10.174448237409008,-1.2883221084395666,0.8632203736731612,-1.2775663602607426,-6.131204145343539,0.8632203736731612,-1.2775663602607426,-6.131204145343539,0.3093956001059794,-10.189717333307108,-1.3081673116689754
6978978978.978979,0.30390052451932653,-10.345371006913641,-1.2990058649824474,0.8650626653090262,-1.2590486203648508,-6.145198550778356,0.8650626653090262,-1.2590486203648508,-6.145198550778356,0.3033299952406332,-10.361692834117529,-1.3192288119125677
6984984984.984985,0.2977969732828618,-10.5215944119476,-1.3095863689558898,0.8668855314431194,-1.2407649096374946,-6.159231339983221,0.8668855314431194,-1.2407649096374946,-6.159231339983221,0.2971992585824221,-10.539045566732915,-1.330210001898602
6990990990.990992,0.29163069186054813,-10.703335436693884,-1.3200526232772143,0.8686875402245812,-1.2227281524619673,-6.173301879452581,0.8686875402245812,-1.2227281524619673,-6.173301879452581,0.2910046962589002,-10.722000045514255,-1.341101466850018
6996996996.996997,0.28540313051904836,-10.890825350447635,-1.3303925771243779,0.8704672682842528,-1.2049510956611384,-6.18740948971324,0.8704672682842528,-1.2049510956611384,-6.18740948971324,0.2847476837431392,-10.910795999352283,-1.3518928859820645
7003003003.003003,0.2791158183069399,-11.084311001596244,-1.3405930008073097,0.8722233026192404,-1.1874462949220734,-6.201553445688611,0.8722233026192404,-1.1874462949220734,-6.201553445688611,0.27842966810068803,-11.105689806090995,-1.3625729242866211
7009009009.009008,0.27277036639525093,-11.284056258762408,-1.3506393416830902,0.8739542425188382,-1.1702261011286124,-6.215732977132795,0.8739542425188382,-1.1702261011286124,-6.215732977132795,0.27205217041834306,-11.306956099300493,-1.3731291076582315
7015015015.015015,0.2663684717913302,-11.490343618365275,-1.3605155576937458,0.8756587015268489,-1.1533026466353729,-6.22994726913633,0.8756587015268489,-1.1533026466353729,-6.22994726913633,0.26561678846683645,-11.514889571917642,-1.3835476782924145
7021021021.021021,0.2599119215159431,-11.703476000603077,-1.3702039243922042,0.8773353094349864,-1.1366878315181794,-6.244195462705102,0.8773353094349864,-1.1366878315181794,-6.244195462705102,0.25912519966226877,-11.729807005269851,-1.3938134266332047
7027027027.027027,0.2534025973542224,-11.923778758994306,-1.3796848104357133,0.878982714301734,-1.1203933098371404,-6.258476655413824,0.878982714301734,-1.1203933098371404,-6.258476655413824,0.25257916440671585,-11.952049556722496,-1.4039094953265987
7033033033.033033,0.24684248131718892,-12.151601932161068,-1.3889364154255164,0.8805995844907102,-1.1044304759499,-6.272789902135075,0.8805995844907102,-1.1044304759499,-6.272789902135075,0.24598052990778296,-12.181985344782191,-1.4138171496141314
7039039039.03904,0.2402336619829071,-12.387322770540433,-1.3979344625956713,0.8821846107223015,-1.0888104509137255,-6.287134215844704,0.8821846107223015,-1.0888104509137255,-6.287134215844704,0.2393312346017535,-12.420012377085445,-1.4235155073130312
7045045045.045045,0.2335783419276341,-12.631348575146431,-1.406651837124837,0.8837365081320805,-1.0735440690158007,-6.3015085685041194,0.8837365081320805,-1.0735440690158007,-6.3015085685041194,0.2326333133358074,-12.666561874527718,-1.4329812198978045
7051051051.051051,0.2268788465093094,-12.88411989037032,-1.4150581586617932,0.8852540183292713,-1.0586418644720168,-6.315911892019669,0.8852540183292713,-1.0586418644720168,-6.315911892019669,0.22588890350475455,-12.922102054015825,-1.442188094123982
7057057057.057056,0.22013763433220102,-13.14611409799053,-1.4231192738857554,0.886735911448318,-1.0441140583351562,-6.330343079278964,0.886735911448318,-1.0441140583351562,-6.330343079278964,0.21910025238866346,-13.187142443223072,-1.4511066409774545
7063063063.063063,0.21335730980734852,-13.417849464847807,-1.430796651384941,0.8881809881864623,-1.0299705456534947,-6.344800985263829,0.8881809881864623,-1.0299705456534947,-6.344800985263829,0.21226972600363708,-13.462238813533105,-1.4597035353070344
7069069069.069069,0.2065406383338919,-13.699889701675495,-1.4380466566008714,0.8895880818200664,-1.0162208829213764,-6.359284428239024,0.8895880818200664,-1.0162208829213764,-6.359284428239024,0.20539981986415282,-13.74799883230536,-1.4679409650546382
7075075075.075075,0.199690564770629,-13.992849094659626,-1.444819678727766,0.8909560601923447,-1.0028742758630003,-6.373792191015749,0.8909560601923447,-1.0028742758630003,-6.373792191015749,0.19849317216815635,-14.045088552898227,-1.4757758431939212
7081081081.081081,0.19281023605675462,-14.29739827329438,-1.4510590738555842,0.892283827665103,-0.9899395675904941,-6.388323022288527,0.892283827665103,-0.9899395675904941,-6.388323022288527,0.19155258006554562,-14.354239880594506,-1.4831588478491275
7087087087.087088,0.1859030290907939,-14.614270676138206,-1.4566998787214405,0.8935703270270473,-0.9774252271770603,-6.402875638043712,0.8935703270270473,-0.9774252271770603,-6.402875638043712,0.18458101987057793,-14.67625917446474,-1.4900332459438468
7093093093.093094,0.1789725853108156,-14.944269767001302,-1.4616672364035235,0.8948145413512831,-0.9653393386850024,-6.417448723037572,0.8948145413512831,-0.9653393386850024,-6.417448723037572,0.17758167234755945,-15.012037168563868,-1.4963334422047745
7099099099.099099,0.17202285386737462,-15.28827703287752,-1.4658744580898353,0.8960154957946616,-0.9536895906878208,-6.432040932341572,0.8960154957946616,-0.9536895906878208,-6.432040932341572,0.17055795456547843,-15.36256041890679,-1.5019831771372862
7105105105.105105,0.16505814588857498,-15.647260753282193,-1.4692206222212365,0.8971722593317691,-0.9424832663242402,-6.446650892952131,0.8971722593317691,-0.9424832663242402,-6.446650892952131,0.16351356032040518,-15.728924501893964,-1.5068932728684608
7111111111.111111,0.15808320316670965,-16.022285455188058,-1.4715875818628945,0.8982839464165013,-0.9317272339208169,-6.461277205461816,0.8982839464165013,-0.9317272339208169,-6.461277205461816,0.15645251182275569,-16.11234919851742,-1.5109587919142498
7117117117.117117,0.1511032857406271,-16.414521836514215,-1.4728362103987391,0.8993497185643822,-0.9214279382180401,-6.4759184457887065,0.8993497185643822,-0.9214279382180401,-6.4759184457887065,0.14937922632725337,-16.51419588424585,-1.514055427217173
7123123123.123123,0.14412428443883113,-16.825256718321448,-1.472801660945773,0.9003687858490139,-0.9115913922333534,-6.490573166960198,0.9003687858490139,-0.9115913922333534,-6.490573166960198,0.14229860277525797,-16.935987284326195,-1.5160348767866312
7129129129.129129,0.1371528666784047,-17.255902212577798,-1.4712873414480279,0.9013404083063754,-0.9022231697921259,-6.5052399009474415,0.9013404083063754,-0.9022231697921259,-6.5052399009474415,0.1352161355185097,-17.379429607455155,-1.5167188650705583
7135135135.135136,0.13019666696656707,-17.708002671202312,-1.4680572091173338,0.9022638972409774,-0.8933283987558888,-6.519917160546201,0.9022638972409774,-0.8933283987558888,-6.519917160546201,0.12813806510076003,-17.84643676380643,-1.515891344326913
7141141141.141142,0.12326453803789285,-18.183236951393525,-1.462825857455658,0.9031386164283046,-0.8849117549743544,-6.534603441299717,0.9031386164283046,-0.8849117549743544,-6.534603441299717,0.1210715803535222,-18.339155773659655,-1.5132882261466094
7147147147.147147,0.11636688498307338,-18.68341182245998,-1.4552456991328162,0.9039639832083497,-0.8769774569855828,-6.549297223458961,0.9039639832083497,-0.8769774569855828,-6.549297223458961,0.1140250924424539,-18.85999133991082,-1.5085837322014217
7153153153.153153,0.1095161139515244,-19.210439500430894,-1.4448903343621595,0.904739469465535,-0.8695292614856147,-6.563996973975455,0.904739469465535,-0.8695292614856147,-6.563996973975455,0.10700861112623279,-19.411625453000497,-1.5013720813864402
7159159159.159159,0.10272724025375327,-19.766287579227043,-1.431232944977059,0.9054646024907609,-0.8625704595864297,-6.578701148521562,0.9054646024907609,-0.8625704595864297,-6.578701148521562,0.10003426817505937,-19.99702401401229,-1.4911427051891861
7165165165.165165,0.0960187195487472,-20.35288179666872,-1.4136183102384035,0.9061389657218754,-0.8561038738777706,-6.593408193533206,0.9061389657218754,-0.8561038738777706,-6.593408193533206,0.0931170555019321,-20.619415310129675,-1.4772464575334245
7171171171.171171,0.08941359210606253,-20.971929148025605,-1.3912269246658318,0.9067621993593634,-0.8501318563056349,-6.608116548269603,0.9067621993593634,-0.8501318563056349,-6.608116548269603,0.08627588053229023,-21.282211992021697,-1.4588493336069632
7177177177.177177,0.08294106516980113,-21.6246078302728,-1.3630300247271356,0.9073340008546457,-0.8446562868768535,-6.6228246468846645,0.9073340008546457,-0.8446562868768535,-6.6228246468846645,0.07953509529494701,-21.98882388480734,-1.434869110483583
7183183183.183184,0.07663870050315466,-22.311037356537497,-1.3277358351192174,0.9078541252689353,-0.8396785731961516,-6.637530920504609,0.9078541252689353,-0.8396785731961516,-6.637530920504609,0.07292673749737924,-22.74226429821168,-1.4038894818970442
7189189189.18919,0.07055541177005008,-23.029393383981223,-1.283731639237413,0.9083223855012129,-0.8351996508387016,-6.652233799306239,0.9083223855012129,-0.8351996508387016,-6.652233799306239,0.0664938397937334,-23.544371745821042,-1.364047051929754
7195195195.195195,0.0647554716086484,-23.77447058692764,-1.2290366320530226,0.9087386523844697,-0.8312199845580265,-6.66693171459036,0.9087386523844697,-0.8312199845580265,-6.66693171459036,0.06029531263664439,-24.39432897284061,-1.312892887382063
7201201201.201201,0.05932358041181058,-24.53545290939113,-1.1613027196255905,0.9091028546499877,-0.8277395703257541,-6.681623100844879,0.9091028546499877,-0.8277395703257541,-6.681623100844879,0.05441302430438967,-25.285942702169887,-1.2472522610170547
7207207207.207207,0.05437053123512304,-25.292728472812787,-1.0779418783616996,0.9094149787600289,-0.8247579381965441,-6.696306397792016,0.9094149787600289,-0.8247579381965441,-6.696306397792016,0.04896154102259006,-26.202898432006812,-1.1631664964707753
7213213213.213213,0.050037713791223105,-26.01405082631029,-0.9765186757030033,0.9096750686099075,-0.8222741559883049,-6.710980052414341,0.9096750686099075,-0.8222741559883049,-6.710980052414341,0.04409981404966955,-27.11126483530204,-1.056138739524316
7219219219.219219,0.04649624564234998,-26.651642259463838,-0.8555824667888572,0.909883225101027,-0.820286833764612,-6.725642520954221,0.909883225101027,-0.820286833764612,-6.725642520954221,0.04004026992015389,-27.95006007018891,-0.9221384038834636
7225225225.225225,0.04393357981349746,-27.14406815872892,-0.7159817488105521,0.9100396055870262,-0.818794129103321,-6.740292270881648,0.9100396055870262,-0.818794129103321,-6.740292270881648,0.03704247667587693,-28.62599967808055,-0.7599389404004304
7231231231.231232,0.0425209615841472,-27.427938454956482,-0.5621964358943697,0.9101444231957605,-0.8177937531323188,-6.754927782825296,0.9101444231957605,-0.8177937531323188,-6.754927782825296,0.03537012380345807,-29.027268401067378,-0.5745538271213749
7237237237.237238,0.042365880527135545,-27.459675256827488,-0.4025192433084137,0.9101979460303741,-0.8172829773106238,-6.76954755246206,0.9101979460303741,-0.8172829773106238,-6.76954755246206,0.035203355343173384,-29.068318811359322,-0.3790629385403111
7243243243.243243,0.0434727810622262,-27.235651520386224,-0.2471092978115001,0.9102004962532464,-0.8172586409302942,-6.78415009236039,0.9102004962532464,-0.8172586409302942,-6.78415009236039,0.036552089853696165,-28.741755747046337,-0.19094965554049137
7249249249.249249,0.04574017163133585,-26.79404420236755,-0.10474846486364493,0.9101524490570803,-0.8177171593121163,-6.798733933773045,0.9101524490570803,-0.8177171593121163,-6.798733933773045,0.039248837322471274,-28.123464078712882,-0.024415950977178295
7255255255.255255,0.048996627638240274,-26.196676215146084,0.019430409470092204,0.9100542315278436,-0.8186545326658137,-6.813297628375045,0.9100542315278436,-0.8186545326658137,-6.813297628375045,0.04302889201190959,-27.32479673594078,0.11424703945037527
7261261261.261261,0.05304939102381907,-25.506391943646022,0.12406973433079445,0.9099063214047189,-0.8200663555831531,-6.827839749942997,0.9099063214047189,-0.8200663555831531,-6.827839749942997,0.04762285197794858,-26.443691993323736,0.2255020337838325
7267267267.267267,0.05771988610806848,-24.77349069040877,0.21034786672394176,0.909709245742583,-0.821947827130506,-6.842358895972049,0.909709245742583,-0.821947827130506,-6.842358895972049,0.052806633005160517,-25.546230452122202,0.31312703724267427
7273273273.273273,0.0628594676251411,-24.032586029347655,0.2806110997485506,0.9094635794828833,-0.8242937615056585,-6.85685368922724,0.9094635794828833,-0.8242937615056585,-6.85685368922724,0.058411476950956595,-24.670036247217407,0.38163998406775823
7279279279.27928,0.06835136833536748,-23.30505573617302,0.33745863383422564,0.9091699439390848,-0.8270985992220674,-6.8713227792261335,0.9091699439390848,-0.8270985992220674,-6.8713227792261335,0.06431567655496732,-23.833663150686185,0.43511526921086685
7285285285.285286,0.07410639673983094,-22.602886056632553,0.3832905919517498,0.908829005203122,-0.8303564187824444,-6.885764843650046,0.908829005203122,-0.8303564187824444,-6.885764843650046,0.07043251749159517,-23.044535764123243,0.4768536059770971
7291291291.291291,0.08005708935379514,-21.932004072918147,0.4201489121818001,0.9084414724794969,-0.8340609488025035,-6.900178589681433,0.9084414724794969,-0.8340609488025035,-6.900178589681433,0.07669993254021143,-22.30410036050586,0.5094114060749587
7297297297.2972975,0.08615236265547938,-21.29465615789598,0.4497028544369591,0.9080080963538516,-0.8382055805447087,-6.914562755265403,0.9080080963538516,-0.8382055805447087,-6.914562755265403,0.08307290542626883,-21.61081200147404,0.5347359359574402
7303303303.303303,0.09235324896265129,-20.690956431820403,0.4732917439872957,0.9075296670029582,-0.8427833808213374,-6.928916110293521,0.9075296670029582,-0.8427833808213374,-6.928916110293521,0.08951821643230731,-20.961771586190086,0.5543065948560402
7309309309.309309,0.09862969651571468,-20.11984606403148,0.4919825752243235,0.9070070123531636,-0.8477871052256248,-6.943237457708557,0.9070070123531636,-0.8477871052256248,-6.943237457708557,0.09601088185269122,-20.353590826552654,0.569252428895759
7315315315.315315,0.10495823252310336,-19.57966982688473,0.5066249268839267,0.906440996194367,-0.8532092116495709,-6.957525634529009,0.906440996194367,-0.8532092116495709,-6.957525634529009,0.10253174648902388,-19.78283289893024,0.5804421105377771
7321321321.3213215,0.11132027366251798,-19.068514693907687,0.5178974413662736,0.9058325162566085,-0.8590418740469828,-6.971779512792653,0.9058325162566085,-0.8590418740469828,-6.971779512792653,0.1090658444534561,-19.246224674359787,0.5885505368342878
7327327327.327328,0.11770090570587483,-18.584403905144853,0.5263451140195068,0.9051825022563048,-0.8652769964005441,-6.985998000418657,0.9051825022563048,-0.8652769964005441,-6.985998000418657,0.11560127027087172,-18.740747873915485,0.5941075162523562
7333333333.333334,0.12408799816637876,-18.12540443161694,0.5324084510110972,0.9044919139190992,-0.8719062268520105,-7.000180041988076,0.9044919139190992,-0.8719062268520105,-7.000180041988076,0.12212839088027039,-18.263667299421044,0.5975333031086217
7339339339.339339,0.13047155731834426,-17.68968307624775,0.5364460052228381,0.9037617389861715,-0.8789209719552904,-7.014324619442897,0.9037617389861715,-0.8789209719552904,-7.014324619442897,0.1286392877316366,-17.81252746505244,0.5991646367195336
7345345345.3453455,0.1368432492184424,-17.27553244874461,0.5387517266187518,0.9029929912107036,-0.8863124110129204,-7.028430752704066,0.9029929912107036,-0.8863124110129204,-7.028430752704066,0.1351273561404864,-17.385134408429902,0.5992739566900372
7351351351.351351,0.1431960446666128,-16.881379557209637,0.5395683285038851,0.9021867083510319,-0.8940715104572378,-7.0424975002091745,0.9021867083510319,-0.8940715104572378,-7.0424975002091745,0.14158701356496228,-16.97953157073821,0.5980837043698474
7357357357.357357,0.1495239523048936,-16.505784639015655,0.5390976183672265,0.9013439501667821,-0.9021890382388544,-7.056523959370834,0.9013439501667821,-0.9021890382388544,-7.056523959370834,0.1480134843513333,-16.593974352558604,0.5957770660898333
7363363363.363363,0.15582181597652098,-16.14743477217251,0.5375085215400786,0.9004657964240779,-0.9106555781859775,-7.0705092669569,0.9004657964240779,-0.9106555781859775,-7.0705092669569,0.15440263887878494,-16.22690562913763,0.5925061203502457
7369369369.3693695,0.16208515936509207,-15.805134952986926,0.5349433490062955,0.8995533449156236,-0.9194615442997187,-7.084452599394075,0.8995533449156236,-0.9194615442997187,-7.084452599394075,0.16075087189913498,-15.876933256416184,0.5883980747344543
7375375375.375376,0.16831006574243534,-15.477798207438344,0.5315227243609597,0.8986077095012085,-0.928597194951782,-7.098353172996502,0.8986077095012085,-0.928597194951782,-7.098353172996502,0.16705500946097146,-15.54280993375406,0.5835600845000414
7381381381.381382,0.17449308402538397,-15.16443562958424,0.5273494819533712,0.8976300181738681,-0.9380526469525529,-7.112210244121282,0.8976300181738681,-0.9380526469525529,-7.112210244121282,0.17331223692016984,-15.223415446323498,0.5780830085050573
7387387387.387387,0.18063115472268693,-14.864146834908055,0.5225117712499011,0.8966214111566186,-0.9478178894593332,-7.126023109252918,0.8966214111566186,-0.9478178894593332,-7.126023109252918,0.17952004267386198,-14.917741143748195,0.5720443617622774
7393393393.3933935,0.18672155104828092,-14.576111074205485,0.517085545088594,0.8955830390343751,-0.9578827976959905,-7.139791105019017,0.8955830390343751,-0.9578827976959905,-7.139791105019017,0.18567617373831602,-14.624876440859369,0.5655106553054177
7399399399.399399,0.1927618316937644,-14.299579110509043,0.511136566763628,0.8945160609253112,-0.9682371464572086,-7.153513608139491,0.8945160609253112,-0.9682371464572086,-7.153513608139491,0.19177860033260438,-14.343997106598911,0.5585392648192796
7405405405.405405,0.19874980263429073,-14.033865878826672,0.5047220389711683,0.8934216426955863,-0.9788706233722767,-7.167190035311928,0.8934216426955863,-0.9788706233722767,-7.167190035311928,0.19782548737165054,-14.074355113039497,0.5511799338705945
7411411411.411411,0.2046834859853806,-13.778343902464044,0.49789193373828794,0.8923009552210157,-0.989772841905215,-7.180819843035628,0.8923009552210157,-0.989772841905215,-7.180819843035628,0.2038151713037557,-13.815269834631698,0.5434759915914189
7417417417.417418,0.21056109440217996,-13.532437415844754,0.49069008445612683,0.8911551726989168,-1.0009333540698824,-7.194402527377121,0.8911551726989168,-1.0009333540698824,-7.194402527377121,0.20974614111479703,-13.56612041050646,0.535465345553653
7423423423.423424,0.216381009864719,-13.295617133125887,0.4831550875169029,0.8899854710130185,-1.012341662840566,-7.207937623679927,0.8899854710130185,-1.012341662840566,-7.207937623679927,0.21561702260419868,-13.32633910614031,0.5271812963937568
7429429429.42943,0.22214176595610693,-13.067395599045216,0.47532105068860925,0.8887930261539675,-1.0239872342405305,-7.221424706221449,0.8887930261539675,-1.0239872342405305,-7.221424706221449,0.22142656524828874,-13.095405532864003,0.5186532101500808
7435435435.435435,0.22784203293952018,-12.84732305994509,0.46721821742854347,0.8875790126976486,-1.0358595090926346,-7.234863387819913,0.8875790126976486,-1.0358595090926346,-7.234863387819913,0.22717363112229305,-12.872841603823016,0.5099070762857043
7441441441.441442,0.23348060509066135,-12.634983796770296,0.4588734902319746,0.8863446023431768,-1.0479479144182509,-7.248253319394329,0.8863446023431768,-1.0479479144182509,-7.248253319394329,0.2328571854712763,-12.658207122640714,0.5009659733093217
7447447447.447447,0.23905638985821293,-12.429992866757818,0.4503108713851142,0.8850909625121238,-1.0602418744722364,-7.261594189480393,0.8850909625121238,-1.0602418744722364,-7.261594189480393,0.2384762886090409,-12.451095916391782,0.4918504592691366
7453453453.453453,0.24456839851372575,-12.231993205827447,0.4415518358121599,0.8838192550102141,-1.0727308214036178,-7.274885723705386,0.8838192550102141,-1.0727308214036178,-7.274885723705386,0.2440300888929732,-12.25113243760701,0.48257890082672017
7459459459.459459,0.2500157380215568,-12.040653048896008,0.43261564782626116,0.8825306347524194,-1.0854042055334037,-7.288127684224959,0.8825306347524194,-1.0854042055334037,-7.288127684224959,0.249517816575406,-12.0579687712223,0.47316775185046034
7465465465.465466,0.2553976039133406,-11.855663630261443,0.4235196313258797,0.8812262485521154,-1.0982515052423887,-7.301319869124806,0.8812262485521154,-1.0982515052423887,-7.301319869124806,0.2549387783729588,-11.87128199187159,0.4636317903108233
7471471471.471472,0.2607132739938312,-11.676737130717372,0.41427940118476475,0.8799072339746595,-1.111262236463659,-7.314462111790128,0.8799072339746595,-1.111262236463659,-7.314462111790128,0.26029235262729566,-11.690771824949714,0.4539843205654621
7477477477.477478,0.2659621027383219,-11.503604842128379,0.40490906215657785,0.8785747182555151,-1.1244259617758305,-7.327554280245732,0.8785747182555151,-1.1244259617758305,-7.327554280245732,0.26557798495578094,-11.516158571659583,0.4442373467858649
7483483483.483484,0.27114351626833805,-11.336015523818151,0.39542138047407643,0.8772298172827827,-1.1377322990946452,-7.340596276469665,0.8772298172827827,-1.1377322990946452,-7.340596276469665,0.2707951843101732,-11.3471812640004,0.43440172221502776
7489489489.48949,0.2762570078134795,-11.173733928317844,0.3858279324075908,0.8758736346437798,-1.1511709299618695,-7.353588035683012,0.8758736346437798,-1.1511709299618695,-7.353588035683012,0.27594351937743306,-11.183596020499053,0.4244872780991215
7495495495.495496,0.2813021335841022,-11.016539476831902,0.37613923330733506,0.8745072607350937,-1.1647316074317577,-7.366529525618713,0.8745072607350937,-1.1647316074317577,-7.366529525618713,0.28102261526891986,-11.025174577607412,0.4145029354560816
7501501501.501501,0.2862785089932781,-10.864225067227999,0.3663648500553211,0.873131771935331,-1.1784041635566123,-7.379420745771863,0.873131771935331,-1.1784041635566123,-7.379420745771863,0.28603215045445096,-10.87170297516661,0.40445680229546316
7507507507.507507,0.29118580517737525,-10.716595999501115,0.35651349936470794,0.8717482298396085,-1.1921785164740877,-7.392261726634135,0.8717482298396085,-1.1921785164740877,-7.392261726634135,0.2909718539057135,-10.722980377300669,0.3943562584613096
7513513513.513514,0.29602374577349044,-10.573469005526267,0.3465931339658517,0.8703576805546644,-1.2060446770999649,-7.405052528914722,0.8703576805546644,-1.2060446770999649,-7.405052528914722,0.2958415024199173,-10.578818012622953,0.38420802990677605
7519519519.51952,0.3007921039192849,-10.434671371534307,0.336611018390141,0.8689611540533129,-1.2199927554311636,-7.417793242750166,0.8689611540533129,-1.2199927554311636,-7.417793242750166,0.3006409181000029,-10.439038219780768,0.3740182539152012
7525525525.525526,0.3054906994467117,-10.300040143155663,0.32657379579405194,0.8675596635868347,-1.2340129664646395,-7.430483986905344,0.8675596635868347,-1.2340129664646395,-7.430483986905344,0.3053699659717095,-10.303473586205808,0.36379253653908966
7531531531.531532,0.3101193962457916,-10.169421404109702,0.3164875470417699,0.8661542051537846,-1.2480956357385713,-7.443124907967737,0.8661542051537846,-1.2480956357385713,-7.443124907967737,0.31002855172158744,-10.171966169498962,0.3535360033290477
7537537537.537538,0.31467809977883254,-10.04266962067839,0.3063578430799124,0.8647457570235658,-1.262231204503251,-7.455716179537099,0.8647457570235658,-1.262231204503251,-7.455716179537099,0.31461661954260356,-10.04436679223286,0.34325334425950194
7543543543.543544,0.3191667547284754,-9.919647045042037,0.29618979148331415,0.8633352793130623,-1.27641023452947,-7.468258001412444,0.8633352793130623,-1.27641023452947,-7.468258001412444,0.31913415007648144,-9.920534402108341,0.33294885362002785
7549549549.549549,0.32358534276588086,-9.800223171359951,0.28598807792222314,0.8619237136145234,-1.2906234125629947,-7.480750598778202,0.8619237136145234,-1.2906234125629947,-7.480750598778202,0.32358115844369717,-9.800335490401897,0.322626465527946
7555555555.555555,0.3279338804274281,-9.6842742391922,0.27575700319244423,0.8605119826728316,-1.3048615544342643,-7.493194221391326,0.8605119826728316,-1.3048615544342643,-7.493194221391326,0.32795769235356675,-9.6836435625036,0.31228978562076815
7561561561.561562,0.3322124170901424,-9.571682779477676,0.26550051635927957,0.8591009901102419,-1.3191156088328115,-7.505589142770977,0.8591009901102419,-1.3191156088328115,-7.505589142770977,0.33226383028833034,-9.570338655084807,0.30194211940772003
7567567567.567568,0.33642103303777565,-9.462337198820661,0.25522224448947745,0.8576916201966318,-1.3333766607564181,-7.517935659392329,0.8576916201966318,-1.3333766607564181,-7.517935659392329,0.33649967975591916,-9.460306895088548,0.29158649769169587
7573573573.573574,0.340559837610389,-9.356131398321994,0.24492551937976326,0.8562847376632761,-1.3476359346453168,-7.530234089885956,0.8562847376632761,-1.3476359346453168,-7.530234089885956,0.34066537560705995,-9.353440096293665,0.28122569941589076
7579579579.57958,0.3446289674316796,-9.252964423598316,0.23461340163587638,0.8548811875581471,-1.3618847972119679,-7.542484774244111,0.8548811875581471,-1.3618847972119679,-7.542484774244111,0.344761078413143,-9.249635389690935,0.27086227224081544
7585585585.585586,0.3486285847088722,-9.152740143006735,0.2242887024088762,0.853481795140714,-1.3761147599773815,-7.554688073035181,0.853481795140714,-1.3761147599773815,-7.554688073035181,0.34878697290162947,-9.148794884341648,0.26049855111689985
7591591591.591592,0.3525588756008917,-9.0553669514097,0.21395400305507897,0.8520873658142414,-1.3903174815248036,-7.566844366627435,0.8520873658142414,-1.3903174815248036,-7.566844366627435,0.3527432664464548,-9.050825355756325,0.2501366750821008
7597597597.597597,0.35642004865107485,-8.96075749710047,0.20361167295228944,0.8506986850935713,-1.4044847694820133,-7.578954054423107,0.8506986850935713,-1.4044847694820133,-7.578954054423107,0.3566301876112109,-8.955637959159334,0.23977860248495772
7603603603.603603,0.3602123332810454,-8.868828429763125,0.1932638856748108,0.8493165186063988,-1.418608582243388,-7.591017554103818,0.8493165186063988,-1.418608582243388,-7.591017554103818,0.3604479847429538,-8.863147965297562,0.229426124807005
7609609609.60961,0.363935978343095,-8.779500167555138,0.1829126337050713,0.8479416121260783,-1.4326810304429238,-7.603035300888154,0.8479416121260783,-1.4326810304429238,-7.603035300888154,0.36419692461522596,-8.773274516691075,0.2190808792375612
7615615615.615616,0.36759125072831417,-8.692696681607195,0.17255974183741526,0.8465746916340117,-1.4466943781895067,-7.61500774680224,0.8465746916340117,-1.4466943781895067,-7.61500774680224,0.36787729111840306,-8.685940402462005,0.20874436013370037
7621621621.621622,0.3711784340284221,-8.608345296398427,0.16220687941095235,0.845216463409721,-1.460641044075508,-7.626935359963955,0.845216463409721,-1.460641044075508,-7.626935359963955,0.3714893839964031,-8.60107185005508,0.19841792948342563
7627627627.627628,0.3746978272491575,-8.526376504627232,0.15185557149195783,0.8438676141467301,-1.4745136019698926,-7.638818623881479,0.8438676141467301,-1.4745136019698926,-7.638818623881479,0.3750335176282087,-8.518598332353204,0.18810282647449098
7633633633.633634,0.37814974357343206,-8.44672379533134,0.1415072091123131,0.8425288110924357,-1.4883047816067432,-7.650658036766633,0.8425288110924357,-1.4883047816067432,-7.650658036766633,0.37851001985316096,-8.43845238883485,0.17780017626036615
7639639639.63964,0.3815345091726106,-8.369323494132836,0.1311630586579605,0.8412007022101904,-1.5020074689800569,-7.6624541108635835,0.8412007022101904,-1.5020074689800569,-7.6624541108635835,0.38191923083907525,-8.360569459555467,0.1675109980031543
7645645645.645645,0.384852462064253,-8.294114614596259,0.12082427049058903,0.8398839163618653,-1.5156147065555103,-7.674207371793225,0.8398839163618653,-1.5156147065555103,-7.674207371793225,0.3852615019919594,-8.284887730863337,0.15723621226494372
7651651651.651651,0.38810395101506956,-8.221038719777987,0.11049188687662316,0.8385790635092232,-1.5291196933096285,-7.685918357913655,0.8385790635092232,-1.5291196933096285,-7.685918357913655,0.38853719490655303,-8.21134799185841,0.14697664781051392
7657657657.657658,0.3912893344874647,-8.150039793142433,0.1001668492893834,0.8372867349324747,-1.5425157846066886,-7.697587619696968,0.8372867349324747,-1.5425157846066886,-7.697587619696968,0.3917466803565952,-8.139893500706068,0.13673304787724558
7663663663.663664,0.39440897962863186,-8.081064118086609,0.08985000514255058,0.8360075034644622,-1.5557964919233327,-7.709215719122613,0.8360075034644622,-1.5557964919233327,-7.709215719122613,0.39489033732413026,-8.070469859994475,0.1265060759623494
7669669669.66967,0.39746326130082127,-8.01406016539328,0.07954211400762856,0.8347419237389567,-1.568955482430758,-7.720803229087467,0.8347419237389567,-1.568955482430758,-7.720803229087467,0.3979685520666086,-8.003024900413033,0.11629632117171418
7675675675.675676,0.40045256115157074,-7.9489784879926875,0.0692438533619573,0.8334905324516284,-1.581986578443983,-7.732350732832737,0.8334905324516284,-1.581986578443983,-7.732350732832737,0.4009817172213833,-7.937508572079105,0.1061043031702321
7681681681.681682,0.4033772667228936,-7.885771622465265,0.05895582390900261,0.8322538486322958,-1.5948837567475158,-7.743858823387762,0.8322538486322958,-1.5948837567475158,-7.743858823387762,0.4039302309461785,-7.873872842924053,0.09593047676882052
7687687687.687688,0.4062377705981528,-7.824393996774966,0.04867855450850907,0.8310323739271329,-1.6076411478063788,-7.755328103030724,0.8310323739271329,-1.6076411478063788,-7.755328103030724,0.40681449609514114,-7.812071603581635,0.08577523618048451
7693693693.693693,0.40903446958564477,-7.764801843762317,0.03841250675021037,0.8298265928895613,-1.6202530348712472,-7.76675918276623,0.8298265928895613,-1.6202530348712472,-7.76675918276623,0.40963491942930524,-7.752060578288332,0.0756389189737129
7699699699.699699,0.41176776393775666,-7.7069531199713595,0.02815807920139114,0.8286369732786203,-1.6327138529861203,-7.7781526818197335,0.8286369732786203,-1.6327138529861203,-7.7781526818197335,0.4123919108607139,-7.6937972413402465,0.06552180974890169
7705705705.705706,0.41443805660469585,-7.650807429419199,0.01791561135560304,0.8274639663636626,-1.6450181879066967,-7.789509227148659,0.8274639663636626,-1.6450181879066967,-7.789509227148659,0.4150858827293381,-7.6372407386934915,0.055424143561310465
7711711711.711712,0.41704575252175585,-7.596325951951389,0.007685387307181407,0.8263080072342902,-1.657160774937232,-7.8008294529701185,0.8263080072342902,-1.657160774937232,-7.8008294529701185,0.4177172491119018,-7.582351814331535,0.04534610911119013
7717717717.717718,0.4195912579291004,-7.543471375856665,-0.002532360826165118,0.8251695151144904,-1.669136497693483,-7.812114000305039,0.8251695151144904,-1.669136497693483,-7.812114000305039,0.42028642516170467,-7.529092741055781,0.035287851720035644
7723723723.723724,0.42207497972309055,-7.492207834441338,-0.012737449712481726,0.8240488936799917,-1.6809403867990227,-7.823363516538528,0.8240488936799917,-1.6809403867990227,-7.823363516538528,0.42279382647876657,-7.4774272553802135,0.025249476110297858
7729729729.72973,0.4244973248381742,-7.442500846288907,-0.022929741828190575,0.822946531377928,-1.6925676185217489,-7.834578654996239,0.822946531377928,-1.6925676185217489,-7.834578654996239,0.42523986850913903,-7.427320496247448,0.015231049003819486
7735735735.735736,0.4268586996583398,-7.394317258953695,-0.033109142677472427,0.8218628017479248,-1.7040135133574368,-7.845760074536492,0.8218628017479248,-1.7040135133574368,-7.845760074536492,0.42762496597280975,-7.3787389472956,0.005232601553373978
7741741741.741741,0.42915950945725584,-7.347625195855531,-0.043275598193517874,0.8207980637438086,-1.7152735345665073,-7.8569084391579,0.8207980637438086,-1.7152735345665073,-7.8569084391579,0.4299495323192193,-7.331650382435719,-0.004745868380177306
7747747747.747747,0.43140015786610575,-7.302394006163863,-0.0534290923077558,0.8197526620551497,-1.7263432866703299,-7.8680244176222205,0.8197526620551497,-1.7263432866703299,-7.8680244176222205,0.43221397920945887,-7.286023814518353,-0.014704394093065615
7753753753.753754,0.4335810463682221,-7.258594217474856,-0.06356964467446671,0.8187269274279474,-1.737218513912597,-7.879108683092107,0.8187269274279474,-1.737218513912597,-7.879108683092107,0.43441871602460813,-7.241829446878054,-0.02464303803588084
7759759759.75976,0.43570257381963523,-7.216197491100694,-0.07369730853959329,0.817721176983762,-1.7478950986915385,-7.890161912783485,0.817721176983762,-1.7478950986915385,-7.890161912783485,0.43656414939898064,-7.199038627575152,-0.0345618899325173
7765765765.765766,0.4377651359945976,-7.175176579805709,-0.08381216874297773,0.8167357145366829,-1.7583690599680986,-7.901184787632179,0.8167357145366829,-1.7583690599680986,-7.901184787632179,0.43865068277785335,-7.157623806152897,-0.04446106501278383
7771771771.771772,0.4397691251552927,-7.135505287834242,-0.09391433984465429,0.8157708309075491,-1.7686365516550708,-7.91217799197451,0.8157708309075491,-1.7686365516550708,-7.91217799197451,0.4406787159985513,-7.117558492756072,-0.054340702349668805
7777777777.777778,0.4417149296447942,-7.097158433090057,-0.10400396436631328,0.8148268042348752,-1.7786938609920109,-7.923142213241447,0.8148268042348752,-1.7786938609920109,-7.923142213241447,0.44264864489432026,-7.078817219458514,-0.06420096329423092
7783783783.783784,0.4436029335025312,-7.0601118113344885,-0.11408121113996839,0.8139039002819974,-1.7885374069102566,-7.934078141666015,0.8139039002819974,-1.7885374069102566,-7.934078141666015,0.44456086092010616,-7.041375503664925,-0.07404203000098775
7789789789.789789,0.44543351610133897,-7.0243421622841655,-0.12414627375624043,0.8130023727399609,-1.7981637383924793,-7.944986470003553,0.8130023727399609,-1.7981637383924793,-7.944986470003553,0.4464157507994432,-7.005209813461231,-0.08386410403761693
7795795795.795795,0.4472070518054092,-6.9898271374939105,-0.13419936910568545,0.8121224635257422,-1.8075695328305623,-7.95586789326449,0.8121224635257422,-1.8075695328305623,-7.95586789326449,0.44821369619177115,-6.970297534795222,-0.09366740507299154
7801801801.801802,0.4489239096482542,-6.956545269923047,-0.1442407360066262,0.8112644030754028,-1.8167515943857482,-7.966723108459225,0.8112644030754028,-1.8167515943857482,-7.966723108459225,0.44995507337942736,-6.936616940379724,-0.10345216963814215
7807807807.807808,0.4505844530300596,-6.924475945086147,-0.15427063391394527,0.8104284106318261,-1.825706852354474,-7.977552814354766,0.8104284106318261,-1.825706852354474,-7.977552814354766,0.4516402529735684,-6.904147160218558,-0.11321864995529977
7813813813.813814,0.452189039433501,-6.893599373702547,-0.16428934170315396,0.809614694526711,-1.8344323595432808,-7.988357711242733,0.809614694526711,-1.8344323595432808,-7.988357711242733,0.4532695996382899,-6.872868153663008,-0.12296711283002149
7819819819.81982,0.4537380201575188,-6.863896565757564,-0.1742971565251787,0.808823452456524,-1.842925290655916,-7.9991385007183355,0.808823452456524,-1.842925290655916,-7.9991385007183355,0.4548434718323658,-6.842760682910565,-0.13269783860260065
7825825825.825826,0.45523174006820777,-6.835349305901274,-0.1842943927269664,0.8080548717521483,-1.8511829406955185,-8.00989588546998,0.8080548717521483,-1.8511829406955185,-8.00989588546998,0.4563622215678475,-6.813806287867788,-0.1424111201543941
7831831831.831832,0.4566705373661755,-6.80794013011269,-0.1942813808337683,0.8073091296419844,-1.859202723384647,-8.02063056907907,0.8073091296419844,-1.859202723384647,-8.02063056907907,0.45782619418489495,-6.785987262302596,-0.15210726196544275
7837837837.837837,0.4580547433697558,-6.7816523035620495,-0.20425846658916458,0.806586393508292,-1.8669821696056579,-8.031343255829661,0.806586393508292,-1.8669821696056579,-8.031343255829661,0.45923572814220254,-6.759286631217116,-0.1617865792200486
7843843843.843843,0.4593846823134207,-6.7564697996097545,-0.21422601004917635,0.8058868211365754,-1.8745189258638444,-8.04203465052758,0.8058868211365754,-1.8745189258638444,-8.04203465052758,0.4605911548224681,-6.733688129375767,-0.17144939695686612
7849849849.84985,0.4606606711607792,-6.732377279884393,-0.22418438472702387,0.8052105609578488,-1.8818107527754848,-8.052705458328614,0.8052105609578488,-1.8818107527754848,-8.052705458328614,0.46189279835229213,-6.709176180929314,-0.18109604926082978
7855855855.855856,0.46188301943156784,-6.709360075386299,-0.23413397678524478,0.8045577522836284,-1.888855523582861,-8.063356384575426,0.8045577522836284,-1.888855523582861,-8.063356384575426,0.4631409754358217,-6.685735880081452,-0.19072687849363887
7861861861.861862,0.46305202904205484,-6.6874041685669035,-0.24407518427253708,0.8039285255335253,-1.8956512226980837,-8.073988134642798,0.8039285255335253,-1.8956512226980837,-8.073988134642798,0.4643359952018264,-6.663352972741638,-0.200342234560565
7867867867.867868,0.46416799415835824,-6.666496176336432,-0.25400841640214517,0.803323002455325,-1.9021959442774987,-8.084601413790843,0.803323002455325,-1.9021959442774987,-8.084601413790843,0.46547815906347273,-6.642013839119775,-0.2099424742108667
7873873873.873875,0.46523120106213467,-6.646623333956944,-0.26393409286954217,0.8027412963374556,-1.9084878908282568,-8.09519692702583,0.8027412963374556,-1.9084878908282568,-8.09519692702583,0.4665677605903798,-6.621705477216034,-0.21952796036967331
7879879879.87988,0.46624192802805986,-6.627773479781691,-0.2738526432067951,0.80218351221378,-1.9145253718483808,-8.105775378968238,0.80218351221378,-1.9145253718483808,-8.105775378968238,0.46760508539242174,-6.602415487164705,-0.22909906149886702
7885885885.885886,0.46720044521279613,-6.60993504079976,-0.2837645061714813,0.8016497470606275,-1.920306802501832,-8.11633747372772,0.8016497470606275,-1.920306802501832,-8.11633747372772,0.4685904110149653,-6.5841320563900325,-0.23865615098505796
7891891891.8918915,0.46810701455471876,-6.593097018955865,-0.2936701291678598,0.8011400899860333,-1.9258307023295766,-8.126883914784578,0.8011400899860333,-1.9258307023295766,-8.126883914784578,0.4695240068448231,-6.566843945542606,-0.24819960655286882
7897897897.897898,0.4689618896842976,-6.577248978206213,-0.30356996769858435,0.8006546224111336,-1.931095693997875,-8.137415404877453,0.8006546224111336,-1.931095693997875,-8.137415404877453,0.4704061340267612,-6.550540475177251,-0.25772980970125764
7903903903.903904,0.46976531584441344,-6.562381032285539,-0.31346448484486567,0.8001934182437007,-1.9361005020846347,-8.147932645896839,0.8001934182437007,-1.9361005020846347,-8.147932645896839,0.47123704539002315,-6.535211513143077,-0.2672471451614588
7909909909.90991,0.4705175298203415,-6.548483833154353,-0.32335415077328983,0.7997565440437948,-1.9408439519047573,-8.15843633878412,0.7997565440437948,-1.9408439519047573,-8.15843633878412,0.47201698538450804,-6.520847462655538,-0.27675200037482334
7915915915.915916,0.4712187598791037,-6.535548560098389,-0.3332394422679275,0.7993440591815313,-1.9453249683751785,-8.168927183435791,0.7993440591815313,-1.9453249683751785,-8.168927183435791,0.472746190026276,-6.5074392510220544,-0.2862447649887276
7921921921.921923,0.4718692257176509,-6.523566909458905,-0.343120842285917,0.7989560159869656,-1.9495425749202677,-8.179405878612513,0.7989560159869656,-1.9495425749202677,-8.179405878612513,0.4734248868519373,-6.49497831899712,-0.29572583036946654
7927927927.927928,0.4724691384196857,-6.512531084968005,-0.35299883953514033,0.7985924598921068,-1.9534958924181485,-8.189873121852703,0.7985924598921068,-1.9534958924181485,-8.189873121852703,0.47405329488178966,-6.48345661073924,-0.3051955891301713
7933933933.933934,0.4730187004207542,-6.502433788668616,-0.3628739280725565,0.7982534295650824,-1.9571841381883637,-8.200329609390353,0.7982534295650824,-1.9571841381883637,-8.200329609390353,0.4746316245911453,-6.472866564351798,-0.31465443467291593
7939939939.9399395,0.47351810548127343,-6.493268212399793,-0.3727466069220849,0.7979389570364775,-1.9606066250213208,-8.210776036076716,0.7979389570364775,-1.9606066250213208,-8.210776036076716,0.4751600778898106,-6.463201102982243,-0.32410276074309463
7945945945.945946,0.47396753866728936,-6.485028029827512,-0.3826173797104661,0.7976490678178839,-1.9637627602497778,-8.221213095305615,0.7976490678178839,-1.9637627602497778,-8.221213095305615,0.47563884810930934,-6.454453626462609,-0.33354096099530195
7951951951.951952,0.4743671763386797,-6.477707389004261,-0.39248675432028846,0.7973837810126995,-1.9666520448625726,-8.231641478942034,0.7973837810126995,-1.9666520448625726,-8.231641478942034,0.4760681199975772,-6.446618003473533,-0.34296942856926826
7957957957.957958,0.4747171861444571,-6.471300905443425,-0.4023552425587537,0.7971431094192184,-1.9692740726608022,-8.242061877253688,0.7971431094192184,-1.9692740726608022,-8.242061877253688,0.4764480697210192,-6.4396885642125765,-0.35238855567441146
7963963963.963964,0.4750177270251594,-6.465803655689953,-0.41222335984140046,0.7969270596260682,-1.9716285294564442,-8.252474978845322,0.7969270596260682,-1.9716285294564442,-8.252474978845322,0.4767788648736611,-6.433660093552092,-0.36179873318245326
7969969969.969971,0.47526894922188573,-6.4612111713780624,-0.4220916248896302,0.7967356321000432,-1.9737151923134852,-8.262881470595413,0.7967356321000432,-1.9737151923134852,-8.262881470595413,0.477060664493076,-6.4285278246742745,-0.3712003502263131
7975975975.975976,0.4754709942919655,-6.457519433760391,-0.43196055944102396,0.7965688212663949,-1.9755339288314615,-8.273282037594996,0.7965688212663949,-1.9755339288314615,-8.273282037594996,0.4772936190832427,-6.424287433163749,-0.38059379380464214
7981981981.981982,0.4756239951309811,-6.454724868699142,-0.44183068797178965,0.7964266155816444,-1.9770846964712907,-8.28367736308836,0.7964266155816444,-1.9770846964712907,-8.28367736308836,0.4774778706436942,-6.4209350315539195,-0.38997944839073756
7987987987.9879875,0.47572807600107275,-6.452824342107382,-0.45170253743030064,0.7963089975989789,-1.9783675419232127,-8.294068128415313,0.7963089975989789,-1.9783675419232127,-8.294068128415313,0.477613552705294,-6.418467164306789,-0.39935769554486555
7993993993.993994,0.4757833525652515,-6.451815155833515,-0.4615766369808226,0.7962159440263077,-1.9793826005165744,-8.304455012954776,0.7962159440263077,-1.9793826005165744,-8.304455012954776,0.47770079037219954,-6.416880803221307,-0.40872891352880203
8000000000.0,0.47578993192779523,-6.451695043976917,-0.47145351775695105,0.7961474257770471,-1.9801300956711652,-8.314838694069397,0.7961474257770471,-1.9801300956711652,-8.314838694069397,0.4777397003700232,-6.416173343258337,-0.418093476921838
8006006006.006006,0.4757479126803958,-6.452462169631228,-0.4813337126236733,0.7961034080137114,-1.9806103383897522,-8.32521984705098,0.7961034080137114,-1.9806103383897522,-8.32521984705098,0.4777303911000665,-6.416342598773878,-0.42745175623701326
8012012012.0120125,0.4756573849541675,-6.454115122044951,-0.4912177559475821,0.7960838501843929,-1.980823726791342,-8.335599145066421,0.7960838501843929,-1.980823726791342,-8.335599145066421,0.47767296269959475,-6.417386800151662,-0.43680411753681214
8018018018.018019,0.475518430477247,-6.456652914197046,-0.5011061833744612,0.7960887060522065,-1.980770745684789,-8.345977259103947,0.7960887060522065,-1.980770745684789,-8.345977259103947,0.4775675071080286,-6.419304590828948,-0.44615092204706325
8024024024.024024,0.4753311226380947,-6.460074980779369,-0.5109995316135405,0.7961179237177919,-1.980451966182129,-8.35635485791935,0.7961179237177919,-1.980451966182129,-8.35635485791935,0.47741410813902857,-6.422095024708541,-0.45549252576819915
8030030030.03003,0.4750955265543455,-6.46438117658366,-0.520898338227924,0.7961714456349549,-1.979868045351131,-8.366732607982026,0.7961714456349549,-1.979868045351131,-8.366732607982026,0.4772128415584601,-6.425757563950922,-0.46482927908315963
8036036036.036036,0.474811699147144,-6.469571775290298,-0.5308031414304384,0.7962492086195425,-1.979019725906408,-8.377111173420545,0.7962492086195425,-1.979019725906408,-8.377111173420545,0.47696377516819555,-6.430292077141875,-0.4741615263603046
8042042042.042042,0.47447968922107064,-6.475647468653864,-0.5407144798844561,0.7963511438516433,-1.9779078359384155,-8.387491215967536,0.7963511438516433,-1.9779078359384155,-8.387491215967536,0.4766669688957928,-6.4356988378304685,-0.48348960555098175
8048048048.048048,0.47409953754951356,-6.482609366086269,-0.550632892509047,0.7964771768712113,-1.9765332886796025,-8.397873394903606,0.7964771768712113,-1.9765332886796025,-8.397873394903606,0.47632247488996515,-6.441978523435468,-0.49281384778053494
8054054054.054054,0.4736712769655599,-6.490458994635187,-0.5605589182879173,0.7966272275672096,-1.9748970823069645,-8.408258367000146,0.7966272275672096,-1.9748970823069645,-8.408258367000146,0.47593033762197157,-6.449132214515281,-0.5021345769315032
8060060060.0600605,0.4731949324583611,-6.499198299358687,-0.5704930960816545,0.796801210160381,-1.9730002997801113,-8.418646786460691,0.796801210160381,-1.9730002997801113,-8.418646786460691,0.4754905939929339,-6.457161394399659,-0.5114521092183316
8066066066.066067,0.4726705212751638,-6.508829644093719,-0.5804359644428247,0.7969990331797451,-1.970844108714049,-8.42903930486069,0.7969990331797451,-1.970844108714049,-8.42903930486069,0.4750032734471324,-6.466067949181497,-0.5207667527524262
8072072072.072072,0.47209805302876445,-6.519355812624959,-0.5903880614332746,0.7972205994329369,-1.96842976128567,-8.439436571085427,0.7972205994329369,-1.96842976128567,-8.439436571085427,0.4744683980912402,-6.475854168069589,-0.5300788070963087
8078078078.078078,0.4714775298107026,-6.530780010251417,-0.6003499244433543,0.7974658059704938,-1.9657585941730389,-8.44983923126589,0.7974658059704938,-1.9657585941730389,-8.44983923126589,0.47388598281979083,-6.486522744098021,-0.5393885628061129
8084084084.084084,0.47080894631011333,-6.54310586575639,-0.6103220900124408,0.7977345440442151,-1.962832028526347,-8.460247928712354,0.7977345440442151,-1.962832028526347,-8.460247928712354,0.47325603544677547,-6.498076775195982,-0.5486963009610094
8090090090.09009,0.4700922899383314,-6.55633743378427,-0.6203050936504977,0.7980266990597028,-1.9596515699695884,-8.470663303845463,0.7980266990597028,-1.9596515699695884,-8.470663303845463,0.47257855684357614,-6.510519765617049,-0.5580022926785723
8096096096.096096,0.4693275409593698,-6.570479197628184,-0.6302994696600491,0.7983421505232201,-1.956218808631685,-8.481085994124642,0.7983421505232201,-1.956218808631685,-8.481085994124642,0.47185354108326516,-6.523855627731036,-0.5673067986148044
8102102102.102102,0.4685146726263056,-6.585536072435147,-0.6403057509583008,0.7986807719829885,-1.9525354192059527,-8.491516633973566,0.7986807719829885,-1.9525354192059527,-8.491516633973566,0.47108097559149736,-6.538088684178845,-0.5766100684476492
8108108108.1081085,0.4676536513237176,-6.601513408834453,-0.6503244688988984,0.7990424309650627,-1.9486031610366186,-8.501955854702551,0.7990424309650627,-1.9486031610366186,-8.501955854702551,0.47026084130406554,-6.553223670394433,-0.5859123403427909
8114114114.114115,0.46674443671625493,-6.618416996997323,-0.6603561530930288,0.7994269889039177,-1.9444238782311298,-8.512404284427593,0.7994269889039177,-1.9444238782311298,-8.512404284427593,0.4693931128312632,-6.5692657374976235,-0.5952138404002146
8120120120.12012,0.46578698190347906,-6.636253071135801,-0.6704013312293398,0.799834301067897,-1.939999499796855,-8.522862547985941,0.799834301067897,-1.939999499796855,-8.522862547985941,0.4684777586292798,-6.586220455560852,-0.60451478208031
8126126126.126126,0.4647812335811097,-6.655028314450289,-0.6804605288924932,0.8002642164796726,-1.935332039800747,-8.533331266847926,0.8002642164796726,-1.935332039800747,-8.533331266847926,0.4675147411786673,-6.604093817257283,-0.6138153656081722
8132132132.132132,0.4637271322087726,-6.674749864536854,-0.6905342693797205,0.8007165778318649,-1.9304235975506068,-8.54381105902489,0.8007165778318649,-1.9304235975506068,-8.54381105902489,0.46650401717027024,-6.622892241892197,-0.6231157773542703
8138138138.138138,0.46262461218441636,-6.695425319265512,-0.7006230735152967,0.8011912213980026,-1.9252763577962093,-8.554302538973072,0.8011912213980026,-1.9252763577962093,-8.554302538973072,0.4654455376985493,-6.642622579828964,-0.6324161891903989
8144144144.144144,0.46147360202554405,-6.7170627431422645,-0.7107274594623718,0.8016879769389754,-1.9198925909488955,-8.56480631749318,0.8016879769389754,-1.9198925909488955,-8.56480631749318,0.46433924846275887,-6.663292117312109,-0.6417167578187267
8150150150.15015,0.4602740245574088,-6.739670674169016,-0.720847942531865,0.8022066676051697,-1.914274653317838,-8.575323001625506,0.8022066676051697,-1.914274653317838,-8.575323001625506,0.4631850899759545,-6.684908581699976,-0.6510176240727805
8156156156.156157,0.4590257971083565,-6.763258131216231,-0.7309850349881652,0.8027471098344667,-1.9084249873613044,-8.585853194540453,0.8027471098344667,-1.9084249873613044,-8.585853194540453,0.46198299778226093,-6.707480147112014,-0.6603189121880405
8162162162.162163,0.457728831712413,-6.7878346219262875,-0.7411392458511971,0.8033091132463053,-1.9023461219510671,-8.596397495424236,0.8033091132463053,-1.9023461219510671,-8.596397495424236,0.46073290268243816,-6.731015440504099,-0.6696207290406833
8168168168.168168,0.4563830353193743,-6.813410151163963,-0.7513110806945003,0.8038924805319965,-1.89604067264824,-8.606956499359578,0.8038924805319965,-1.89604067264824,-8.606956499359578,0.4594347309681738,-6.755523548179136,-0.6789231633521072
8174174174.174174,0.454988310012518,-6.839995230034745,-0.7615010414391505,0.8044970073415258,-1.8895113419883782,-8.617530797201336,0.8044970073415258,-1.8895113419883782,-8.617530797201336,0.45808840466516804,-6.781014022748001,-0.6882262848573163
8180180180.18018,0.4535445532340962,-6.8676008854926005,-0.7717096261429596,0.8051224821670419,-1.882760919774085,-8.628120975446777,0.8051224821670419,-1.882760919774085,-8.628120975446777,0.4566938417853993,-6.807496890551084,-0.6975301434348244
8186186186.186186,0.4520516580188482,-6.8962386705591,-0.7819373287848984,0.8057686862232811,-1.8757922833728506,-8.638727616100425,0.8057686862232811,-1.8757922833728506,-8.638727616100425,0.45525095658876646,-6.8349826595554655,-0.7068347681958457
8192192192.192192,0.45050951323567706,-6.925920675179512,-0.7921846390442219,0.8064353933251638,-1.8686083980180903,-8.649351296533315,0.8064353933251638,-1.8686083980180903,-8.649351296533315,0.4537596598544142,-6.863482327741952,-0.7161401665299262
8198198198.198198,0.448918003837653,-6.956659537743106,-0.8024520420740193,0.8071223697628154,-1.861212317111126,-8.659992589336488,0.8071223697628154,-1.861212317111126,-8.659992589336488,0.45221985916200297,-6.893007391998337,-0.7254463231047373
8204204204.204205,0.447277011120569,-6.98846845729589,-0.8127400182689545,0.807829374174285,-1.8536071825217797,-8.670652062168612,0.807829374174285,-1.8536071825217797,-8.670652062168612,0.450631459183211,-6.92356985753616,-0.7347531988167986
8210210210.210211,0.44558641299017315,-7.021361206478145,-0.8230490430268578,0.808556157416232,-1.8457962248852624,-8.681330277597601,0.808556157416232,-1.8457962248852624,-8.681330277597601,0.44899436198377046,-6.955182247849375,-0.7440607296903654
8216216216.216216,0.443846084238376,-7.0553521452182615,-0.8333795865037493,0.8093024624328788,-1.8377827638928244,-8.692027792936097,0.8093024624328788,-1.8377827638928244,-8.692027792936097,0.4473084673363226,-6.987857615235161,-0.7533688257210633
8222222222.222222,0.44205589682841695,-7.090456235222966,-0.8437321133621812,0.8100680241235308,-1.82957020857368,-8.702745160070695,0.8100680241235308,-1.82957020857368,-8.702745160070695,0.4455736730444442,-7.021609551897422,-0.7626773696609683
8228228228.228229,0.4402157201893498,-7.126689055299602,-0.8541070825123089,0.8108525692089762,-1.8211620575656267,-8.713482925284808,0.8108525692089762,-1.8211620575656267,-8.713482925284808,0.4437898752781167,-7.056452201656716,-0.7719862157411091
8234234234.234234,0.4383254215199145,-7.164066817554675,-0.8645049468457445,0.8116558160971106,-1.8125618993715265,-8.7242416290751,0.8116558160971106,-1.8125618993715265,-8.7242416290751,0.4419569689209546,-7.092400272291252,-0.7812951883279796
8240240240.24024,0.43638486610199745,-7.2026063845135,-0.8749261529614973,0.8124774747481163,-1.8037734125990499,-8.73502180596134,0.8124774747481163,-1.8037734125990499,-8.73502180596134,0.44007484792955676,-7.129469048534533,-0.790604080509215
8246246246.246246,0.4343939176238069,-7.242325287210656,-0.8853711408839795,0.813317246539573,-1.7948003661806446,-8.745823984289647,0.813317246539573,-1.7948003661806446,-8.745823984289647,0.4381434057053084,-7.167674405757859,-0.799912652604351
8252252252.252253,0.4323524385129613,-7.283241744303238,-0.8958403437725387,0.8141748241318613,-1.7856466195709586,-8.756648686029015,0.8141748241318613,-1.7856466195709586,-8.756648686029015,0.436162535478971,-7.207032824367804,-0.8092206305954972
8258258258.258259,0.4302602902796098,-7.325374682264405,-0.9063341876223799,0.8150498913342632,-1.7763161229185376,-8.767496426561102,0.8150498913342632,-1.7763161229185376,-8.767496426561102,0.4341321307083607,-7.2475614049517,-0.8185277044729647
8264264264.264265,0.42811733386968154,-7.368743756719488,-0.9168530909563535,0.8159421229721614,-1.7668129172087956,-8.778367714463204,0.8159421229721614,-1.7668129172087956,-8.778367714463204,0.43205208548955953,-7.28927788420366,-0.8278335264898222
8270270270.27027,0.4259234300284363,-7.413369374990023,-0.9273974645074677,0.8168511847557611,-1.7571411343750354,-8.789263051284369,0.8168511847557611,-1.7571411343750354,-8.789263051284369,0.42992229498198387,-7.3322006516684795,-0.8371377093197263
8276276276.276277,0.42367843967441515,-7.459272719917575,-0.9379677108915561,0.8177767331507746,-1.7473049973742814,-8.800182931314655,0.8177767331507746,-1.7473049973742814,-8.800182931314655,0.4277426558475808,-7.376348767344542,-0.8464398241112389
8282282282.282282,0.42138222428388594,-7.506475775044709,-0.9485642242699828,0.8187184152515268,-1.737308820224561,-8.81112784134751,0.8187184152515268,-1.737308820224561,-8.81112784134751,0.42551306670475364,-7.421741980182973,-0.855739398431638
8288288288.288288,0.4190346462858086,-7.555001351237875,-0.9591873900017329,0.8196758686569582,-1.727157008000191,-8.822098260435268,0.8196758686569582,-1.727157008000191,-8.822098260435268,0.4232334285971534,-7.468400747532627,-0.865035914092661
8294294294.294294,0.41663556946747504,-7.60487311484063,-0.96983758428481,0.8206487213500061,-1.71685405678168,-8.833094659637805,0.8206487213500061,-1.71685405678168,-8.833094659637805,0.4209036454779198,-7.516346255574677,-0.8743288048498485
8300300300.300301,0.4141848593908232,-7.656115617455896,-0.9805151737862239,0.8216365915808806,-1.706404553556584,-8.844117501764359,0.8216365915808806,-1.706404553556584,-8.844117501764359,0.418523624709631,-7.56560044080058,-0.883617453966759
8306306306.306307,0.4116823838194183,-7.708754327463639,-0.9912205152603856,0.8226390877547556,-1.6958131760677366,-8.855167241108585,0.8226390877547556,-1.6958131760677366,-8.855167241108585,0.41609327758051434,-7.616186012584764,-0.8929011916341455
8312312312.312312,0.4091280131561564,-7.762815663387407,-1.001953955155319,0.8236558083244129,-1.6850846926051746,-8.866244323176911,0.8236558083244129,-1.6850846926051746,-8.866244323176911,0.4136125198372524,-7.6681264769118656,-0.9021792922340374
8318318318.318318,0.40652162089168004,-7.818327029233615,-1.0127158292062735,0.8246863416884016,-1.674223961737968,-8.8773491844103,0.8246863416884016,-1.674223961737968,-8.8773491844103,0.4110812722348769,-7.721446161319092,-0.9114509714369773
8324324324.324325,0.4038630840633456,-7.87531685194055,-1.0235064620161536,0.825730266095281,-1.6632359319821899,-8.888482251899482,0.825730266095281,-1.6632359319821899,-8.888482251899482,0.4084994611041309,-7.776170241121236,-0.9207153831203353
8330330330.330331,0.4011522837248882,-7.933814621078459,-1.0343261666223909,0.8267871495545381,-1.6521256414011463,-8.899643943093803,0.8267871495545381,-1.6521256414011463,-8.899643943093803,0.40586701893692895,-7.832324766985275,-0.9299716160942831
8336336336.336336,0.3983891054264804,-7.993850930963572,-1.0451752440493391,0.8278565497547811,-1.6408982171340016,-8.910834665503884,0.8278565497547811,-1.6408982171340016,-8.910834665503884,0.40318388499025815,-7.88993669393271,-0.9392186906209412
8342342342.342342,0.3955734397051488,-8.055457525356331,-1.0560539828459827,0.828938013989836,-1.62955887484876,-8.922054816398173,0.828938013989836,-1.62955887484876,-8.922054816398173,0.4004500059091727,-7.9490339118466755,-0.9484555547105701
8348348348.348349,0.392705182585395,-8.118667344930973,-1.0669626586079137,0.8300310790933638,-1.6181129181158154,-8.933304782493657,0.8300310790933638,-1.6181129181158154,-8.933304782493657,0.3976653363693093,-8.009645277571556,-0.9576810801777574
8354354354.354355,0.3897842360897918,-8.183514577721136,-1.0779015334829385,0.831135271382662,-1.6065657376978657,-8.944584939640889,0.831135271382662,-1.6065657376978657,-8.944584939640889,0.3948298397396703,-8.07180064869224,-0.9668940584386777
8360360360.36036,0.38681050875944634,-8.2500347127609,-1.088870855659585,0.8322501066122934,-1.5949228107523585,-8.955895652503637,0.8322501066122934,-1.5949228107523585,-8.955895652503637,0.3919434887661924,-8.13553091909182,-0.976093196028715
8366366366.366366,0.3837839161838161,-8.318264597168968,-1.0998708588374797,0.833375089938225,-1.5831896999423178,-8.96723727423336,0.833375089938225,-1.5831896999423178,-8.96723727423336,0.38900626627677404,-8.200868056390414,-0.9852771098179106
8372372372.372373,0.38070438153991276,-8.388242496932715,-1.1109017616784882,0.8345097158931458,-1.571372052451634,-8.978610146138825,0.8345097158931458,-1.571372052451634,-8.978610146138825,0.38601816590860144,-8.267845141371842,-0.9944443218996118
8378378378.378379,0.37757183614025547,-8.460008161687412,-1.1219637672379053,0.8356534683736586,-1.559475598900769,-8.990014597351175,0.8356534683736586,-1.559475598900769,-8.990014597351175,0.3829791928584188,-8.336496409517446,-1.0035932541251076
8384384384.384384,0.3743862199893801,-8.533602893801966,-1.1330570623738403,0.8368058206400395,-1.5475061521589017,-9.001450944484798,0.8368058206400395,-1.5475061521589017,-9.001450944484798,0.3798893646567427,-8.40685729476734,-1.012722222254875
8390390390.39039,0.3711474823484488,-8.609069622117321,-1.144181817134106,0.8379662353292682,-1.5354696060485737,-9.012919491294385,0.8379662353292682,-1.5354696060485737,-9.012919491294385,0.3767487119668289,-8.478964475643117,-1.0218294296933246
8396396396.396397,0.3678555823073799,-8.68645298071856,-1.1553381841184647,0.8391341644820324,-1.5233719339389526,-9.024420528328521,0.8391341644820324,-1.5233719339389526,-9.024420528328521,0.37355727940958183,-8.552855923867519,-1.030912960771756
8402402402.402403,0.3645104893641934,-8.765799393151037,-1.166526297814898,0.840309049584418,-1.5112191872238459,-9.03595433258032,0.840309049584418,-1.5112191872238459,-9.03595433258032,0.3703151264154081,-8.62857095563167,-1.039970773539924
8408408408.408408,0.3611121840107816,-8.847157162541755,-1.1777462739078755,0.84149032162499,-1.499017493680732,-9.047521167135482,0.84149032162499,-1.499017493680732,-9.047521167135482,0.3670223281043898,-8.706150285663378,-1.049000692022423
8414414414.414414,0.35766065832468447,-8.930576568122822,-1.1889982085562338,0.8426774011679713,-1.4867730557071248,-9.059121280818308,0.8426774011679713,-1.4867730557071248,-9.059121280818308,0.36367897619614514,-8.785636084262343,-1.0580003978926213
8420420420.420421,0.3541559165661644,-9.016109968709635,-1.2002821776385901,0.8438696984432166,-1.4744921484307434,-9.070754907836186,0.8438696984432166,-1.4744921484307434,-9.070754907836186,0.3602851799510337,-8.867072037474312,-1.0669674215109328
8426426426.426427,0.350597975779771,-9.103811913744273,-1.211598235963305,0.8450666134536902,-1.462181117689897,-9.082422267423095,0.8450666134536902,-1.462181117689897,-9.082422267423095,0.35684106714433095,-8.950503410590663,-1.07589913226894
8432432432.432432,0.34698686639978776,-9.193739262571281,-1.222946416439728,0.8462675361011108,-1.44984637788099,-9.094123563482684,0.8462675361011108,-1.44984637788099,-9.094123563482684,0.35334678507556433,-9.035977115160858,-1.084792728175148
8438438438.438438,0.34332263285866305,-9.285951312689157,-1.2343267292076732,0.847471846330456,-1.4374944096697804,-9.105858984231588,0.847471846330456,-1.4374944096697804,-9.105858984231588,0.34980250161509224,-9.123541779722856,-1.0936452246103205
8444444444.444445,0.3396053341976095,-9.380509937796473,-1.245739160720526,0.8486789142939722,-1.4251317575635138,-9.117628701843564,0.8486789142939722,-1.4251317575635138,-9.117628701843564,0.34620840629058375,-9.213247824458552,-1.1024534421737044
8450450450.450451,0.33583504467844166,-9.477479736541612,-1.2571836727779155,0.8498881005353289,-1.4127650273411374,-9.129432872095151,0.8498881005353289,-1.4127650273411374,-9.129432872095151,0.342564711416222,-9.305147539993413,-1.111213993531332
8456456456.456456,0.33201185439565223,-9.57692819298508,-1.268660201502524,0.8510987561945441,-1.4004008833388835,-9.141271634013586,0.8510987561945441,-1.4004008833388835,-9.141271634013586,0.33887165326783136,-9.399295170567221,-1.1199232691692997
8462462462.462462,0.32813586988779436,-9.67892584989248,-1.2801686562553178,0.8523102232342573,-1.3880460455890202,-9.153145109527628,0.8523102232342573,-1.3880460455890202,-9.153145109527628,0.3351294933077982,-9.495747001803052,-1.1285774219427662
8468468468.468469,0.32420721474707986,-9.783546496105345,-1.2917089184822026,0.8535218346879262,-1.37570728680951,-9.165053403122123,0.8535218346879262,-1.37570728680951,-9.165053403122123,0.33133851946372267,-9.594561453317175,-1.1371723502996094
8474474474.474475,0.32022603022592444,-9.890867369383535,-1.3032808404848935,0.8547329149304703,-1.3633914292427882,-9.176996601497095,0.8547329149304703,-1.3633914292427882,-9.176996601497095,0.327499047465818,-9.695799176402172,-1.1457036800435336
8480480480.48048,0.3161924758395916,-10.000969376262493,-1.3148842441067792,0.8559427799718622,-1.35110534134204,-9.188974773232122,0.8559427799718622,-1.35110534134204,-9.188974773232122,0.32361142224835904,-9.799523157024307,-1.1541667444858938
8486486486.486486,0.3121067299633529,-10.113937330670577,-1.326518919324125,0.857150737774111,-1.3388559343038007,-9.20098796845693,0.857150737774111,-1.3388559343038007,-9.20098796845693,0.3196760194214001,-9.905798824367753,-1.1625565628174095
8492492492.492493,0.30796899042320225,-10.22986021324314,-1.3381846227307483,0.8583560885920614,-1.3266501584458288,-9.213036218528982,0.8583560885920614,-1.3266501584458288,-9.213036218528982,0.3156932468198619,-10.014694165148267,-1.170867816511238
8498498498.498499,0.3037794750786179,-10.34883145352155,-1.349881075903305,0.8595581253383662,-1.3144949994296957,-9.22511953571904,0.8595581253383662,-1.3144949994296957,-9.22511953571904,0.3116635461380078,-10.126279843905145,-1.1790948235460732
8504504504.504504,0.2995384223961243,-10.470949237489492,-1.3616079636317586,0.8607561339729385,-1.302397474327937,-9.237237912905574,0.8607561339729385,-1.302397474327937,-9.237237912905574,0.3075873946586281,-10.240629329452023,-1.1872315102118631
8510510510.51051,0.29524609201224467,-10.59631684321359,-1.3733649319973007,0.8619493939171503,-1.2903646275358003,-9.249391323278946,0.8619493939171503,-1.2903646275358003,-9.249391323278946,0.30346530708741776,-10.35781902763661,-1.1952713802322779
8516516516.516517,0.2909027652844088,-10.72504300771254,-1.3851515862779913,0.8631371784929658,-1.278403526528239,-9.261579720056364,0.8631371784929658,-1.278403526528239,-9.261579720056364,0.2992978375046312,-10.477928420509812,-1.2032074809042856
8522522522.522523,0.28650874582830665,-10.857242328591465,-1.3969674886580328,0.8643187553871441,-1.2665212574631135,-9.27380303620853,0.8643187553871441,-1.2665212574631135,-9.27380303620853,0.2950855814479686,-10.601040211936903,-1.211032365917834
8528528528.528528,0.28206436004036656,-10.993035704445422,-1.408812155713765,0.8654933871405783,-1.254724920632012,-9.286061184199042,0.8654933871405783,-1.254724920632012,-9.286061184199042,0.2908291781424779,-10.727240479603928,-1.2187380544759503
8534534534.534534,0.27756995760359315,-11.132550818596712,-1.4206850556447668,0.8666603316627635,-1.2430216257605826,-9.298354055737462,0.8666603316627635,-1.2430216257605826,-9.298354055737462,0.28652931289579375,-10.856618833255585,-1.2263159862868036
8540540540.540541,0.273025911975521,-11.275922671349385,-1.4325856052128931,0.8678188427713045,-1.231418487160812,-9.31068152154712,0.8678188427713045,-1.231418487160812,-9.31068152154712,0.2821867196796909,-10.989268578858312,-1.2337569719433823
8546546546.546547,0.2684326208564547,-11.423294166699993,-1.444513166346586,0.8689681707563226,-1.2199226187379208,-9.323043431148678,0.8689681707563226,-1.2199226187379208,-9.323043431148678,0.27780218392202277,-11.125286888198788,-1.2410511381436848
8552552552.552552,0.2637905066367307,-11.574816760286623,-1.4564670423593167,0.8701075629694915,-1.2085411288554821,-9.335439612660378,0.8701075629694915,-1.2085411288554821,-9.335439612660378,0.2733765455369099,-11.264774973187334,-1.2481878671317708
8558558558.558558,0.25910001682119477,-11.730651176381395,-1.4684464737237675,0.8712362644373988,-1.1972811150624172,-9.347869872616153,0.8712362644373988,-1.1972811150624172,-9.347869872616153,0.2689107022251901,-11.407838263837949,-1.2551557296575626
8564564564.564565,0.25436162442954674,-11.890968202897616,-1.4804506333310343,0.8723535184988012,-1.1861496586864002,-9.360333995802447,0.8723535184988012,-1.1861496586864002,-9.360333995802447,0.2644056130820586,-11.55458658851698,-1.2619424106588835
8570570570.570571,0.24957582837094083,-12.055949574780538,-1.4924786211531178,0.873458567465268,-1.1751538192986182,-9.37283174511486,0.873458567465268,-1.1751538192986182,-9.37283174511486,0.25986230255476145,-11.70513435456574,-1.268534626762329
8576576576.576576,0.24474315379135747,-12.225788957787255,-1.5045294582105118,0.8745506533046193,-1.1643006290552684,-9.385362861435576,0.8745506533046193,-1.1643006290552684,-9.385362861435576,0.25528186479958237,-11.859600726807178,-1.274918034575698
8582582582.582582,0.23986415239228132,-12.40069304660511,-1.516602079728848,0.8756290183464522,-1.1535970869219472,-9.397927063532592,0.8756290183464522,-1.1535970869219472,-9.397927063532592,0.2506654684956099,-12.0181098006712,-1.28107712860514
8588588588.588589,0.23493940271939176,-12.580882793564353,-1.5286953273459687,0.8766929060089604,-1.1430501527875079,-9.410524047981621,0.8766929060089604,-1.1430501527875079,-9.410524047981621,0.2460143621815521,-12.180790765727199,-1.2869951274698084
8594594594.594595,0.22996951041971309,-12.766594786971439,-1.5408079402032995,0.8777415615461636,-1.1326667414744542,-9.423153489111712,0.8777415615461636,-1.1326667414744542,-9.423153489111712,0.24132988019283344,-12.34777805420116,-1.292653846904854
8600600600.600601,0.22495510846618602,-12.958082801381071,-1.5529385447216175,0.8787742328145365,-1.1224537166537254,-9.435815038975445,0.8787742328145365,-1.1224537166537254,-9.435815038975445,0.23661344928869454,-12.519211467546356,-1.298033557835604
8606606606.606606,0.21989685734836562,-13.155619546118988,-1.5650856428204427,0.879790171057962,-1.112417884671967,-9.448508327344605,0.879790171057962,-1.112417884671967,-9.448508327344605,0.2318665960737877,-12.695236272239423,-1.3031128275714698
8612612612.612614,0.21479544522823765,-13.359498643175494,-1.577247598288114,0.8807886317098002,-1.1025659883002146,-9.461232961732135,0.8807886317098002,-1.1025659883002146,-9.461232961732135,0.22709095533608162,-12.876003253593254,-1.307868341901963
8618618618.618618,0.20965158806033934,-13.570036871434809,-1.5894226209464482,0.8817688752107817,-1.092904700413321,-9.473988527441206,0.8817688752107817,-1.092904700413321,-9.473988527441206,0.22228827944342697,-13.061668713382895,-1.3122747055787494
8624624624.624626,0.204466029675341,-13.787576721351298,-1.6016087481733294,0.882730167841344,-1.0834406176098796,-9.48677458764222,0.882730167841344,-1.0834406176098796,-9.48677458764222,0.2174604489649741,-13.252394393331885,-1.3163042183341715
8630630630.63063,0.19923954182671574,-14.012489312930596,-1.6138038232465426,0.8836717825668998,-1.0741802537832146,-9.499590683478269,0.8836717825668998,-1.0741802537832146,-9.499590683478269,0.21260948471206875,-13.448347301782874,-1.3199266232173879
8636636636.636637,0.1939729242001816,-14.245177740684111,-1.626005469843919,0.8845929998944808,-1.0651300336540617,-9.512436334199961,0.8845929998944808,-1.0651300336540617,-9.512436334199961,0.2077375614265947,-13.649699414945925,-1.3231088236258963
8642642642.642643,0.1886670043860451,-14.486080922620976,-1.638211061872406,0.8854931087390527,-1.0562962862765128,-9.525311037329992,0.8854931087390527,-1.0562962862765128,-9.525311037329992,0.20284702338381866,-13.856627216670756,-1.3258145649778303
8648648648.64865,0.18332263781493144,-14.735678047067049,-1.6504176875906902,0.8863714072977584,-1.0476852385288236,-9.538214268858077,0.8863714072977584,-1.0476852385288236,-9.538214268858077,0.19794040222320095,-14.0693110313102,-1.3280040765153094
8654654654.654655,0.17794070765783487,-14.994493732106607,-1.6626221067192624,0.8872272039302254,-1.0393030086014103,-9.551145483466776,0.8872272039302254,-1.0393030086014103,-9.551145483466776,0.1930204373745698,-14.287934092477867,-1.3296336682745231
8660660660.66066,0.17252212469207653,-15.26310403899812,-1.6748206988809335,0.8880598180430185,-1.0311555994945312,-9.56410411478846,0.8880598180430185,-1.0311555994945312,-9.56410411478846,0.1880900995106385,-14.512681275707802,-1.3306552778261433
8666666666.666668,0.16706782713560214,-15.542143514730164,-1.6870094012531915,0.8888685809762269,-1.0232488925386771,-9.577089575693876,0.8888685809762269,-1.0232488925386771,-9.577089575693876,0.18315261753089074,-14.743737404460596,-1.331015961029719
8672672672.672672,0.16157878045288407,-15.832313482282544,-1.6991836327030978,0.8896528368901152,-1.0155886409509016,-9.590101258612439,0.8896528368901152,-1.0155886409509016,-9.590101258612439,0.17821150966743887,-14.981285015675507,-1.330657320827972
8678678678.678679,0.1560559771371548,-16.13439185327366,-1.711338200858302,0.8904119436497067,-1.0081804634406235,-9.603138535884561,0.8904119436497067,-1.0081804634406235,-9.603138535884561,0.173270619402209,-15.225501441999057,-1.329514868136437
8684684684.684685,0.15050043647532477,-16.449244810897753,-1.723467187465711,0.8911452737051033,-1.0010298378787326,-9.616200760145853,0.8911452737051033,-1.0010298378787326,-9.616200760145853,0.16833415699649373,-15.47655503164493,-1.3275173093207109
8690690690.690691,0.14491320430431584,-16.777840807452822,-1.7355638058867997,0.8918522149653068,-0.9941420950439767,-9.62928726474346,0.8918522149653068,-0.9941420950439767,-9.62928726474346,0.16340674755935838,-15.734600281984953,-1.324585755830246
8696696696.696697,0.13929535277054464,-17.121267448947197,-1.7476202225051605,0.8925321716632667,-0.9875224124607117,-9.642397364184214,0.8925321716632667,-0.9875224124607117,-9.642397364184214,0.15849348671684768,-15.999771607858806,-1.3206328536106862
8702702702.702702,0.1336479801087591,-17.48075201151198,-1.7596273309300452,0.8931845652098405,-0.9811758083423427,-9.65553035461448,0.8931845652098405,-0.9811758083423427,-9.65553035461448,0.15360000508699498,-16.27217539842688,-1.3155618334311026
8708708708.70871,0.1279722104622688,-17.857686568478353,-1.7715744637907422,0.8938088350343405,-0.9751071356546658,-9.668685514331482,0.8938088350343405,-0.9751071356546658,-9.668685514331482,0.14873254290502677,-16.551879935844408,-1.3092654889218003
8714714714.714714,0.12226919377543663,-18.25365902912518,-1.7834490210519418,0.8944044394093206,-0.9693210763134599,-9.681862104325496,0.8944044394093206,-0.9693210763134599,-9.681862104325496,0.14389803626466371,-16.838902654310242,-1.3016250978789319
8720720720.720722,0.11654010580145685,-18.670491839389996,-1.7952359852473898,0.8949708562572682,-0.9638221355304372,-9.695059368852764,0.8949708562572682,-0.9638221355304372,-9.695059368852764,0.1391042165174723,-17.133194110077547,-1.2925093155629452
8726726726.726727,0.11078614828702682,-19.110290730521754,-1.8069172813986547,0.8955075839368412,-0.9586146363218995,-9.708276536038142,0.8955075839368412,-0.9586146363218995,-9.708276536038142,0.1343597243606709,-17.434617915714703,-1.2817730880640459
8732732732.732733,0.10500854942281304,-19.575506815553855,-1.8184709203529157,0.8960141420063584,-0.9537027141937564,-9.721512818507204,0.8960141420063584,-0.9537027141937564,-9.721512818507204,0.12967423997948968,-17.742925774523453,-1.2692566616134022
8738738738.738739,0.09920856469115699,-20.069016670314145,-1.829869835017881,0.8964900719622262,-0.9490903120169102,-9.734767414046667,0.8964900719622262,-0.9490903120169102,-9.734767414046667,0.12505863019327793,-18.05772665188179,-1.2547848028456332
8744744744.744745,0.09338747830841419,-20.594227029171694,-1.8410802730131004,0.8969349379500683,-0.9447811751062267,-9.748039506292525,0.8969349379500683,-0.9447811751062267,-9.748039506292525,0.12052511274212742,-18.378449071902484,-1.2381663987775906
8750750750.750751,0.08754660556629253,-21.155213762006394,-1.8520595352645532,0.8973483274463416,-0.9407788465163719,-9.761328265444764,0.8973483274463416,-0.9407788465163719,-9.761328265444764,0.11608743643835706,-18.704295584683674,-1.219194677040976
8756756756.756756,0.08168729655271376,-21.756909534228356,-1.862752727704766,0.8977298519083069,-0.937086662567099,-9.774632849007672,0.8977298519083069,-0.937086662567099,-9.774632849007672,0.11176107362109183,-19.034188697384245,-1.1976483792258394
8762762762.762764,0.07581094203349258,-22.405362134902504,-1.8730879845970843,0.8980791473902724,-0.9337077486103557,-9.787952402554561,0.8980791473902724,-0.9337077486103557,-9.787952402554561,0.10756341784446125,-19.36670812908507,-1.1732943328411345
8768768768.768768,0.06991898280682772,-23.10809797034353,-1.8829692538107616,0.898395875124135,-0.9306450150508334,-9.80128606051562,0.898395875124135,-0.9306450150508334,-9.80128606051562,0.10351397460115105,-19.70002031187494,-1.1458919941217802
8774774774.774775,0.06401292481722452,-23.87464657967062,-1.8922650585581484,0.8986797220623051,-0.9279011536313019,-9.814632946987684,0.8986797220623051,-0.9279011536313019,-9.814632946987684,0.09963452575457943,-20.031802840673194,-1.1152006570443371
8780780780.78078,0.058094364188412406,-24.717319941037537,-1.9007903521557439,0.898930401381231,-0.9254786339931953,-9.827992176564342,0.898930401381231,-0.9254786339931953,-9.827992176564342,0.09594923903052745,-20.359169305730873,-1.0809901069134873
8786786786.786787,0.05216503013059557,-25.652410748654603,-1.908275954118275,0.8991476529438325,-0.9233797005224298,-9.841362855185046,0.8991476529438325,-0.9233797005224298,-9.841362855185046,0.09248468268806427,-20.678603783033726,-1.0430554757943118
8792792792.792793,0.04622686186993375,-26.70211175651624,-1.914314389964172,0.8993312437192786,-0.9216063694896444,-9.854744081001602,0.8993312437192786,-0.9216063694896444,-9.854744081001602,0.08926969359394918,-20.985919117603423,-1.0012368350339838
8798798798.798798,0.0402821548229766,-27.89774611356127,-1.918257785481841,0.8994809681586724,-0.9201604264933592,-9.868134945260376,0.8994809681586724,-0.9201604264933592,-9.868134945260376,0.08633503716320436,-21.276258394248657,-0.9554435138661397
8804804804.804806,0.03433386000692722,-29.285547359698793,-1.9190098656738872,0.8995966485253448,-0.919043424213664,-9.881534533198614,0.8995966485253448,-0.919043424213664,-9.881534533198614,0.08371279488592621,-21.544163164225935,-0.9056821460182091
8810810810.81081,0.028386261073063888,-30.937836145447545,-1.9145576944752039,0.8996781351785957,-0.9182566804833487,-9.89494192495301,0.8996781351785957,-0.9182566804833487,-9.89494192495301,0.08143542634200449,-21.78373251208327,-0.8520859837979932
8816816816.816818,0.022446726117846497,-32.97693984834578,-1.9007658293186704,0.8997253068098823,-0.9178012766823608,-9.90835619647892,0.8997253068098823,-0.9178012766823608,-9.90835619647892,0.07953448518021698,-21.988890514633056,-0.7949412468465362
8822822822.822823,0.016531213605755744,-35.63390524806791,-1.867614193344771,0.8997380706305922,-0.917678056460779,-9.921776420478128,0.8997380706305922,-0.917678056460779,-9.921776420478128,0.07803902693659541,-22.15376308865183,-0.7347046736443584
8828828828.828829,0.010687843565297922,-39.42219822915406,-1.7833537615850121,0.8997163625107231,-0.9178876247943468,-9.93520166733353,0.8997163625107231,-0.9178876247943468,-9.93520166733353,0.07697382670145694,-22.273138444978922,-0.6720058259577844
8834834834.834835,0.005177783639909294,-45.7171220210769,-1.4806757942586173,0.8996601470679308,-0.9184303473758717,-9.948631006048675,0.8996601470679308,-0.9184303473758717,-9.948631006048675,0.07635760905328341,-22.342953578124366,-0.6076289487592146
8840840840.840841,0.0033255852386181494,-49.562638324288166,0.017820250864874036,0.8995694177065936,-0.9193063503447028,-9.962063505190306,0.8995694177065936,-0.9193063503447028,-9.962063505190306,0.07620155115786127,-22.360723761543117,-0.5424727471263413
8846846846.846848,0.008182511693254612,-41.7422673077812,0.6881577350719438,0.8994441966067019,-0.9205155203555565,-9.975498233831956,0.8994441966067019,-0.9205155203555565,-9.975498233831956,0.0765083199024005,-22.325826697912802,-0.4774917080830153
8852852852.852852,0.013942663034692087,-37.11308537007476,0.8261147407673011,0.8992845346625497,-0.9220575049870794,-9.988934262496608,0.8992845346625497,-0.9220575049870794,-9.988934262496608,0.07727182863881359,-22.23957620097776,-0.4136278107547828
8858858858.85886,0.019830089534900737,-34.0535064981173,0.8750609473901857,0.8990905113713881,-0.9239317134893593,-10.002370664096567,0.8990905113713881,-0.9239317134893593,-10.002370664096567,0.0784777627824132,-22.105067723444375,-0.351744426286954
8864864864.864864,0.025753269756759685,-31.78335246086997,0.89547274975655,0.8988622346723614,-0.9261373178687902,-10.015806514868421,0.8988622346723614,-0.9261373178687902,-10.015806514868421,0.08010477005934805,-21.926832437673024,-0.2925735216578798
8870870870.87087,0.03168755321389132,-29.98222587995555,0.9032923011928142,0.898599840736211,-0.9286732543076949,-10.029240895301445,0.898599840736211,-0.9286732543076949,-10.029240895301445,0.08212609339850731,-21.710376706931918,-0.2366832787926724
8876876876.876877,0.037622937841015475,-28.49094589909097,0.9044719221673732,0.8983034937064153,-0.9315382249150422,-10.042672891057206,0.8983034937064153,-0.9315382249150422,-10.042672891057206,0.08451137691806501,-21.46169644819013,-0.18446775087993808
8882882882.882883,0.043554130934267486,-27.21941295233373,0.9017292020488431,0.8979733853925838,-0.9347306998037299,-10.056101593878811,0.8979733853925838,-0.9347306998037299,-10.056101593878811,0.08722840013024201,-21.186841858285664,-0.1361553787649458
8888888888.88889,0.049477733914791315,-26.11180398637101,0.8964795515594234,0.89760973491708,-0.9382489194890389,-10.06952610248771,0.89760973491708,-0.9382489194890389,-10.06952610248771,0.09024456758372645,-20.89157863374682,-0.09183045809033631
8894894894.894894,0.05539123388227412,-25.131179210049,0.8895322868769775,0.8972127883160105,-0.9420908976018365,-10.082945523466444,0.8972127883160105,-0.9420908976018365,-10.082945523466444,0.093528067087039,-20.581160819582966,-0.0514611578514563
8900900900.900902,0.061292580972121265,-24.251841810729108,0.88138362597723,0.8967828180958635,-0.9462544239092736,-10.096358972125454,0.8967828180958635,-0.9462544239092736,-10.096358972125454,0.09704868318885929,-20.260207059750787,-0.014928769892652008
8906906906.906906,0.0671799900805777,-23.455201292396968,0.8723547949654139,0.8963201227472102,-0.9507370676349701,-10.109765573352334,0.8963201227472102,-0.9507370676349701,-10.109765573352334,0.10077830148240272,-19.9326593103643,0.017945391299541154
8912912912.912914,0.0730518396346986,-22.727376858621476,0.862662991246533,0.8958250262170275,-0.9555361810697727,-10.123164462441924,0.8958250262170275,-0.9555361810697727,-10.123164462441924,0.10469116326604781,-19.601799490922946,0.04737732143174966
8918918918.918919,0.07890661643008436,-22.057731581286994,0.8524604166562727,0.895297877341323,-0.9606489034634241,-10.136554785905544,0.895297877341323,-0.9606489034634241,-10.136554785905544,0.10876393525195273,-19.270301746720286,0.07360247802254243
8924924924.924925,0.0847428840081256,-21.437935199548942,0.8418569666425493,0.8947390492398473,-0.9660721651868888,-10.149935702258094,0.8947390492398473,-0.9660721651868888,-10.149935702258094,0.1129756529460825,-18.940302799437553,0.09686251930947726
8930930930.930931,0.09055926380063421,-20.861342334560806,0.8309340361818911,0.8941489386748085,-0.971802692154179,-10.163306382781405,0.8941489386748085,-0.971802692154179,-10.163306382781405,0.11730758528119536,-18.613478097116673,0.11739598454164998
8936936936.936937,0.09635442354784238,-20.322566849372606,0.819753250295487,0.8935279653755783,-0.9778370104921459,-10.176666012262643,0.8935279653755783,-0.9778370104921459,-10.176666012262643,0.12174305616046968,-18.29111600385864,0.1354321333905888
8942942942.942944,0.10212707003247817,-19.817182551502135,0.8083621696927077,0.892876571331481,-0.9841714514459461,-10.190013789706438,0.892876571331481,-0.9841714514459461,-10.190013789706438,0.12626724792402402,-17.974185703141,0.1511871880728387
8948948948.948948,0.10787594446357443,-19.341507779458542,0.796798127154968,0.892195220054823,-0.9908021565075231,-10.203348929019675,0.892195220054823,-0.9908021565075231,-10.203348929019675,0.13086700320929237,-17.663396852116456,0.16486232501375506
8954954954.954956,0.1135998195331983,-18.892447171056055,0.7850908719333307,0.8914843958164003,-0.9977250827538198,-10.216670659667795,0.8914843958164003,-0.9977250827538198,-10.216670659667795,0.13553063530432477,-17.359250517960334,0.17664289035434494
8960960960.96096,0.11929749755363268,-18.467373324421683,0.7732644328428853,0.890744602855764,-1.004936008381168,-10.22997822730164,0.890744602855764,-1.004936008381168,-10.22997822730164,0.140247752597219,-17.06208178752466,0.1866984365513589
8966966966.966967,0.12496780930463419,-18.064036866528454,0.7613384566425496,0.8899763645685717,-1.0124305384219183,-10.243270894354115,0.8899763645685717,-1.0124305384219183,-10.243270894354115,0.14500909970651213,-16.77209487553156,0.19518328295020052
8972972972.972973,0.13060961335272958,-17.680497123946225,0.749329186318164,0.8891802226733968,-1.0202041106289796,-10.256547940605628,0.8891802226733968,-1.0202041106289796,-10.256547940605628,0.1498064159464992,-16.489391723319645,0.2022373879483745
8978978978.97898,0.13622179568637222,-17.315067982236517,0.7372501874071518,0.8883567363603743,-1.0282520015138705,-10.26980866371791,0.8883567363603743,-1.0282520015138705,-10.26980866371791,0.15463231061846613,-16.213995090997,0.20798738527737082
8984984984.984985,0.14180326956162678,-16.966275109969807,0.7251128949228662,0.8875064814240878,-1.0365693325235554,-10.283052379735446,0.8875064814240878,-1.0365693325235554,-10.283052379735446,0.1594801539724572,-15.94586707426908,0.21254768501524304
8990990990.99099,0.1473529754866713,-16.63282180104594,0.7129270305064157,0.8866300493831055,-1.0451510763412468,-10.2962784235541,0.8866300493831055,-1.0451510763412468,-10.2962784235541,0.16434398237639702,-15.684923868589138,0.21602157462205912
8996996996.996998,0.15286988129496434,-16.31356143313691,0.7007009243439878,0.8857280465885439,-1.0539920632964361,-10.309486149356617,0.8857280465885439,-1.0539920632964361,-10.309486149356617,0.16921841613226088,-15.43104748440463,0.2185022797464114
9003003003.003002,0.1583529822716751,-16.007475062395116,0.6884417662715095,0.8848010933240603,-1.0630869878690725,-10.322674931014587,0.8848010933240603,-1.0630869878690725,-10.322674931014587,0.17409858840770226,-15.184095002608103,0.22007396143392088
9009009009.00901,0.16380130130823492,-15.713653046781753,0.676155803585462,0.8838498228996039,-1.0724304152732473,-10.335844162456835,0.8838498228996039,-1.0724304152732473,-10.335844162456835,0.17898008385006334,-14.943905855847825,0.22081263777185603
9015015015.015015,0.16921388906660492,-15.43127985934089,0.6638484982984455,0.882874880741256,-1.0820167881054683,-10.348993258003997,0.882874880741256,-1.0820167881054683,-10.348993258003997,0.1838588855812619,-14.710307531767413,0.22078702551753948
9021021021.02102,0.17458982414009505,-15.159621449561042,0.6515246532135268,0.8818769234794173,-1.0918404330430551,-10.362121652669487,0.8818769234794173,-1.0918404330430551,-10.362121652669487,0.1887313294159722,-14.48312001863026,0.2200593020457511
9027027027.027027,0.1799282132009718,-14.89801465673426,0.6391885137980313,0.8808566180375763,-1.1018955675780642,-10.37522880242667,0.8808566180375763,-1.1018955675780642,-10.37522880242667,0.19359406428702436,-14.262159251183729,0.21868579087452025
9033033033.033033,0.1852281911277996,-14.64585828834052,0.626843851106414,0.8798146407238043,-1.1121763067726822,-10.388314184442734,0.8798146407238043,-1.1121763067726822,-10.388314184442734,0.1984440179954217,-14.047239763378807,0.2167175756798147
9039039039.03904,0.1904889211073942,-14.402605559015614,0.6144940297424409,0.8787516763270803,-1.1226766700220467,-10.401377297279259,0.8787516763270803,-1.1226766700220467,-10.401377297279259,0.203278367523389,-13.838176713033196,0.21420104852452326
9045045045.045044,0.1957095947076828,-14.167757648673586,0.6021420639196099,0.877668417220457,-1.1333905878109691,-10.414417661060025,0.877668417220457,-1.1333905878109691,-10.414417661060025,0.20809451325644868,-13.634787410074205,0.21117839829383148
9051051051.051052,0.20088943191890876,-13.94085818688897,0.5897906639847919,0.876565562473022,-1.1443119084511613,-10.427434817606372,0.876565562473022,-1.1443119084511613,-10.427434817606372,0.21289005655460347,-13.436892453179487,0.20768804525455856
9057057057.057056,0.20602768116149056,-13.721488508340244,0.5774422752501887,0.8754438169724993,-1.155434404786202,-10.440428330540644,0.8754438169724993,-1.155434404786202,-10.440428330540644,0.21766278019469157,-13.244316558178292,0.20376502737705737
9063063063.063065,0.21112361925948553,-13.50926355362388,0.5650991105812505,0.8743038905602704,-1.1667517808516763,-10.453397785358357,0.8743038905602704,-1.1667517808516763,-10.453397785358357,0.22241063127603697,-13.05688914448239,0.1994413436648027
9069069069.069069,0.21617655137907615,-13.30382831301608,0.5527631778869563,0.8731464971804939,-1.1782576784784395,-10.466342789469541,0.8731464971804939,-1.1782576784784395,-10.466342789469541,0.22713170624159987,-12.874444732194508,0.19474625929431896
9075075075.075075,0.22118581093213474,-13.104854729220804,0.5404363034245103,0.8719723540449015,-1.189945683827498,-10.479262972210236,0.8719723540449015,-1.189945683827498,-10.479262972210236,0.23182423771851268,-12.69682319168393,0.1897065769082583
9081081081.081081,0.22615075944491925,-12.91203898991695,0.5281201516495007,0.870782180814764,-1.2018093338453326,-10.492157984824624,0.870782180814764,-1.2018093338453326,-10.492157984824624,0.23648658292502878,-12.523869878812324,0.18434687795788857
9087087087.087088,0.23107078639258383,-12.725099152769461,0.5158162422012277,0.869576698801409,-1.2138421226291403,-10.505027500418793,0.869576698801409,-1.2138421226291403,-10.505027500418793,0.24111721342854744,-12.355435682108302,0.17868973756775877
9093093093.093094,0.23594530900011632,-12.543773055178107,0.5035259645006279,0.8683566301865813,-1.2260375076918741,-10.517871213886892,0.8683566301865813,-1.2260375076918741,-10.517871213886892,0.24571470607028056,-12.191377002751253,0.172755916004188
9099099099.099098,0.24077377201070918,-12.367816468832656,0.49125059034971014,0.8671226972638268,-1.2383889161175938,-10.530688841810646,0.8671226972638268,-1.2383889161175938,-10.530688841810646,0.25027773489960786,-12.03155568385139,0.16656452947230227
9105105105.105106,0.24555564742255798,-12.197001465528421,0.47899128485217063,0.8658756217019764,-1.2508897505981942,-10.543480122333168,0.8658756217019764,-1.2508897505981942,-10.543480122333168,0.25480506398287606,-11.87583890208968,0.16013320264665043
9111111111.11111,0.25029043419531666,-12.031114965931868,0.4667491159166165,0.8646161238317283,-1.2635333953428955,-10.556244815007958,0.8646161238317283,-1.2635333953428955,-10.556244815007958,0.25929554097183644,-11.724099031984892,0.1534782050526197
9117117117.117117,0.25497765792748756,-11.869957447313197,0.45452506255970926,0.8633449219561824,-1.2763132218528899,-10.56898270062427,0.8633449219561824,-1.2763132218528899,-10.56898270062427,0.26374809133224997,-11.57621349089893,0.14661457316286497
9123123123.123123,0.25961687050606774,-11.713341789850023,0.4423200221891145,0.8620627316861252,-1.2892225945536198,-10.58169358100973,0.8620627316861252,-1.2892225945536198,-10.58169358100973,0.26816171314780746,-11.43206457111994,0.13955621984721223
9129129129.12913,0.26420764972991956,-11.561092244089444,0.4301348170162715,0.8607702653007347,-1.3022548762780526,-10.594377278811358,0.8607702653007347,-1.3022548762780526,-10.594377278811358,0.2725354724261729,-11.291539263978931,0.1323160326170939
9135135135.135136,0.2687495989082787,-11.413043504656162,0.417970199724467,0.8594682311342885,-1.315403433594759,-10.60703363725606,0.8594682311342885,-1.315403433594759,-10.60703363725606,0.27686849884403614,-11.15452907984874,0.12490596193141681
9141141141.14114,0.2732423464359449,-11.269039877386753,0.4058268584974828,0.858157332989365,-1.3286616419751476,-10.619662519891671,0.858157332989365,-1.3286616419751476,-10.619662519891671,0.28115998187690383,-11.020929866985963,0.11733710067824664
9147147147.147148,0.2776855453466464,-11.128934528838784,0.39370542149799564,0.8568382695769309,-1.3420228907948153,-10.632263810309713,0.8568382695769309,-1.3420228907948153,-10.632263810309713,0.285409167266586,-10.890641631480506,0.10961975581263292
9153153153.153152,0.28207887284609007,-10.992588808616375,0.3816064608703354,0.8555117339836282,-1.3554805881643963,-10.644837411850855,0.8555117339836282,-1.3554805881643963,-10.644837411850855,0.2896153537857047,-10.763568360019015,0.1017635130144893
9159159159.15916,0.2864220298263022,-10.859871636218221,0.3695304963315569,0.8541784131664613,-1.36902816558614,-10.657383247294458,0.8541784131664613,-1.36902816558614,-10.657383247294458,0.29377789026425205,-10.639617846718593,0.09377729512673182
9165165165.165165,0.290714740362676,-10.73065894519865,0.35747799840513184,0.8528389874750535,-1.382659082432387,-10.669901258532976,0.8528389874750535,-1.382659082432387,-10.669901258532976,0.29789617284740033,-10.518701524952716,0.08566941504536041
9171171171.171171,0.2949567511953907,-10.604833178345617,0.3454493913427814,0.8514941302014891,-1.3963668302434507,-10.68239140623272,0.8514941302014891,-1.3963668302434507,-10.68239140623272,0.3019696424583497,-10.400734304798164,0.07744762365352705
9177177177.177177,0.29914783119655564,-10.482282828378027,0.33344505577486183,0.8501445071577661,-1.4101449368419696,-10.694853669481757,0.8501445071577661,-1.4101449368419696,-10.694853669481757,0.3059977824430148,-10.285634416528639,0.06911915332342532
9183183183.183184,0.3032877708246688,-10.362902019335001,0.3214653311223991,0.8487907762807314,-1.4239869702621721,-10.707288045426349,0.8487907762807314,-1.4239869702621721,-10.707288045426349,0.3099801163766988,-10.173323260400387,0.060690757449130675
9189189189.18919,0.3073763815677862,-10.246590124419226,0.309510517800338,0.8474335872643618,-1.4378865424923195,-10.71969454889683,0.8474335872643618,-1.4378865424923195,-10.71969454889683,0.3139162060150508,-10.063725262855922,0.05216874642040513
9195195195.195194,0.3114134953768254,-10.13325141655967,0.29758087923691334,0.8460735812191659,-1.4518373130293143,-10.732073212024101,0.8460735812191659,-1.4518373130293143,-10.732073212024101,0.3178056493744269,-9.956767739153477,0.04355902040169463
9201201201.201202,0.31539896409040663,-10.0227947483959,0.28567664373075913,0.8447113903584078,-1.4658329922450208,-10.744424083847875,0.8447113903584078,-1.4658329922450208,-10.744424083847875,0.32164807892809294,-9.852380762369732,0.03486709923876851
9207207207.207207,0.31933265885255163,-9.915133258767517,0.2737980061646213,0.8433476377108376,-1.479867344563877,-10.756747229917561,0.8433476377108376,-1.479867344563877,-10.756747229917561,0.32544315990680817,-9.75049703865315,0.02609814978018033
9213213213.213213,0.3232144695245729,-9.810184103121355,0.26194512959169275,0.8419829368595098,-1.493934191452285,-10.769042731887069,0.8419829368595098,-1.493934191452285,-10.769042731887069,0.3291905886936218,-9.651051788566745,0.017257010869042765
9219219219.21922,0.3270443040923556,-9.707868205540219,0.2501181467090103,0.8406178917062694,-1.5080274142201797,-10.78131068710433,0.8406178917062694,-1.5080274142201797,-10.78131068710433,0.33289009130400865,-9.553982634327538,0.008348216232213589
9225225225.225225,0.33082208807032565,-9.608110030345603,0.23831716122970117,0.8392530962614099,-1.5221409566358917,-10.793551208196716,0.8392530962614099,-1.5221409566358917,-10.793551208196716,0.33654142194344555,-9.459229492731826,-0.0006239845296175721
9231231231.231232,0.33454776390315627,-9.510837371453416,0.22654224916529006,0.8378891344579775,-1.536268827355585,-10.805764422653201,0.8378891344579775,-1.536268827355585,-10.805764422653201,0.3401443616357859,-9.366734473533832,-0.00965560667024623
9237237237.237236,0.3382212903664494,-9.415981157849947,0.2147934600270989,0.8365265799901634,-1.550405102168937,-10.81795047240434,0.8365265799901634,-1.550405102168937,-10.81795047240434,0.34369871691622855,-9.276441783047865,-0.01874291258242871
9243243243.243244,0.34184264196735975,-9.323475273732257,0.20307081795475138,0.8351659961751748,-1.564543926063138,-10.830109513400927,0.8351659961751748,-1.564543926063138,-10.830109513400927,0.34720431858374484,-9.188297632732006,-0.02788239549345565
9249249249.249249,0.345411808346207,-9.233256392004765,0.19137432277951297,0.8338079358379776,-1.5786795151073147,-10.842241715192229,0.8338079358379776,-1.5786795151073147,-10.842241715192229,0.3506610205082224,-9.10225015251778,-0.03707076444185302
9255255255.255257,0.3489287936800442,-9.145263819957952,0.17970395102800155,0.8324529412182364,-1.5928061581601543,-10.854347260504749,0.8324529412182364,-1.5928061581601543,-10.854347260504749,0.35406869848827643,-9.018249308649834,-0.04630493041885959
9261261261.261261,0.3523936160890816,-9.059439356073673,0.16805965687240332,0.8311015438987884,-1.6069182184034334,-10.866426344822287,0.8311015438987884,-1.6069182184034334,-10.866426344822287,0.35742724915608115,-8.936246825806643,-0.055581993569324514
9267267267.267267,0.35580630704681415,-8.975727157006379,0.15644137303168945,0.8297542647549478,-1.6210101347045978,-10.878479175968216,0.8297542647549478,-1.6210101347045978,-10.878479175968216,0.3607365889260362,-8.856196113278875,-0.06489923135852069
9273273273.273273,0.35916691079466495,-8.894073613882282,0.14484901162820868,0.8284116139239305,-1.6350764228116845,-10.890505973690669,0.8284116139239305,-1.6350764228116845,-10.890505973690669,0.36399665298435974,-8.77805219499176,-0.07425408761951527
9279279279.27928,0.36247548376189337,-8.814427237141716,0.13328246500348873,0.8270740907936679,-1.6491116763841371,-10.902506969251485,0.8270740907936679,-1.6491116763841371,-10.902506969251485,0.36720739431725136,-8.701771643160619,-0.08364416240482606
9285285285.285286,0.3657320939915138,-8.736738549222743,0.12174160649641637,0.8257421840102727,-1.663110567863244,-10.91448240501964,0.8257421840102727,-1.663110567863244,-10.91448240501964,0.37036878277511415,-8.627312515387946,-0.093067202573317
9291291291.29129,0.3689368205727618,-8.66095998445389,0.11022629118702722,0.8244163715033987,-1.6770678491862063,-10.926432534069864,0.8244163715033987,-1.6770678491862063,-10.926432534069864,0.3734808041711812,-8.554634295004714,-0.10252109305001422
9297297297.297298,0.3720897530808805,-8.587045795576088,0.0987363566081643,0.8230971205287538,-1.690978352347796,-10.938357619787118,0.8230971205287538,-1.690978352347796,-10.938357619787118,0.37654345941241213,-8.483697834484351,-0.11200384870252031
9303303303.303303,0.3751909910246291,-8.514951966374616,0.08727162342775946,0.8217848877269933,-1.7048369898139906,-10.950257935477596,0.8217848877269933,-1.7048369898139906,-10.950257935477596,0.37955676366128327,-8.414465301753092,-0.1215136067828034
9309309309.309309,0.37824064330212076,-8.444636129943149,0.07583189610333192,0.8204801191982305,-1.7186387547920157,-10.962133763986945,0.8204801191982305,-1.7186387547920157,-10.962133763986945,0.38252074552696314,-8.346900129236506,-0.1310486198882207
9315315315.315315,0.38123882766542516,-8.376057492147805,0.06441696351111384,0.8191832505914161,-1.7323787213611848,-10.973985397326132,0.8191832505914161,-1.7323787213611848,-10.973985397326132,0.3854354462845483,-8.280966965489526,-0.14060724939983338
9321321321.321321,0.3841856701943606,-8.309176759896575,0.053026599550793196,0.8178947072078012,-1.7460520444694605,-10.985813136305747,0.8178947072078012,-1.7460520444694605,-10.985813136305747,0.3883009191211758,-8.216631629265375,-0.15018795935976645
9327327327.327328,0.3870813047798468,-8.243956073854342,0.04166056372809346,0.8166149041177486,-1.759653959800285,-10.997617290179122,0.8166149041177486,-1.759653959800285,-10.997617290179122,0.3911172284079975,-8.153861065885522,-0.1597893107528964
9333333333.333332,0.38992587261716877,-8.180358945274385,0.030318601715871016,0.8153442462901203,-1.7731797835147458,-11.0093981762948,0.8153442462901203,-1.7731797835147458,-11.0093981762948,0.39388444899698904,-8.092623305782947,-0.1694099561615718
9339339339.33934,0.3927195217094915,-8.118350196644851,0.019000445895273176,0.8140831287334986,-1.7866249118740134,-11.021156119758986,0.8140831287334986,-1.7866249118740134,-11.021156119758986,0.39660266554168505,-8.032887425097686,-0.17904863476439642
9345345345.345345,0.39546240638177005,-8.057895905877569,0.007705815878114969,0.812831936648512,-1.7999848207469873,-11.032891453108173,0.812831936648512,-1.7999848207469873,-11.032891453108173,0.39927197184100116,-7.974623508210609,-0.188704167652644
9351351351.351353,0.3981546868054539,-7.998963353783218,-0.003565580988878831,0.8115910455904993,-1.8132550650086257,-11.044604515992686,0.8115910455904993,-1.8132550650086257,-11.044604515992686,0.40189247020552027,-7.917802612104897,-0.19837545344106877
9357357357.357357,0.40079652853402814,-7.941520974604877,-0.014814049136815796,0.8103608216418299,-1.826431277833748,-11.05629565487128,0.8103608216418299,-1.826431277833748,-11.05629565487128,0.4044642708452289,-7.862396732460698,-0.20806146415027368
9363363363.363363,0.4033881020496413,-7.8855383093956375,-0.026039904303573183,0.8091416215931333,-1.8395091698919088,-11.067965222717353,0.8091416215931333,-1.8395091698919088,-11.067965222717353,0.4069874912784317,-7.80837877137939,-0.2177612413414585
9369369369.36937,0.40592958232090937,-7.830985962046029,-0.03724347307823804,0.8079337931327504,-1.8524845284485025,-11.079613578737044,0.8079337931327504,-1.8524845284485025,-11.079613578737044,0.4094622557608386,-7.755722506656405,-0.22747389248479183
9375375375.375376,0.4084211483720488,-7.777835557780685,-0.04842509246046909,0.8067376750437115,-1.86535321637748,-11.091241088099558,0.8067376750437115,-1.86535321637748,-11.091241088099558,0.41188869473447987,-7.704402562513407,-0.23719858754448367
9381381381.381382,0.41086298286331446,-7.7260597039611145,-0.059585109433869514,0.8055535974075638,-1.8781111710910658,-11.102848121680033,0.8055535974075638,-1.8781111710910658,-11.102848121680033,0.41426694429583344,-7.654394381712236,-0.24693455576563894
9387387387.387386,0.4132552716829299,-7.67563195303936,-0.07072388055312682,0.8043818818143735,-1.8907544033919628,-11.11443505581523,0.8043818818143735,-1.8907544033919628,-11.11443505581523,0.41659714568256556,-7.605674198978036,-0.25668108264821277
9393393393.393394,0.41559820355041166,-7.626526767524799,-0.08184177154419371,0.803222841578259,-1.9032789962533951,-11.12600227207232,0.803222841578259,-1.9032789962533951,-11.12600227207232,0.4188794447784785,-7.558219015659856,-0.2664375070953682
9399399399.399399,0.41789196963133335,-7.578719486833552,-0.0929391569168639,0.8020767819578116,-1.915681103532472,-11.137550157030908,0.8020767819578116,-1.915681103532472,-11.137550157030908,0.421113991636126,-7.512006575564558,-0.2762032187241577
9405405405.405407,0.4201367631635634,-7.532186295899738,-0.10401641958973228,0.8009440003807705,-1.927956948622428,-11.149079102078652,0.8009440003807705,-1.927956948622428,-11.149079102078652,0.4233009400165873,-7.467015341903519,-0.2859776553274336
9411411411.411411,0.42233277909484923,-7.486904195439808,-0.11507395052655803,0.7998247866723528,-1.9401028230490458,-11.160589503220507,0.7998247866723528,-1.9401028230490458,-11.160589503220507,0.42544044694606636,-7.42322447529208,-0.2957603004770821
9417417417.417418,0.4244802137317489,-7.442850973766405,-0.12611214838402146,0.7987194232866185,-1.9521150850169908,-11.172081760901914,0.7987194232866185,-1.9521150850169908,-11.172081760901914,0.4275326722888016,-7.380613812749244,-0.3055506812587234
9423423423.423424,0.4265792643998156,-7.40000518005746,-0.13713141917022612,0.7976281855403122,-1.9639901579112284,-11.18355627984591,0.7976281855403122,-1.9639901579112284,-11.18355627984591,0.42957777833582667,-7.339163847647531,-0.3153483661296899
9429429429.42943,0.4286301291149758,-7.358346098992156,-0.14813217591375344,0.7965513418485911,-1.9757245287592045,-11.195013468904406,0.7965513418485911,-1.9757245287592045,-11.195013468904406,0.43157592940930883,-7.2988557105624,-0.3251529628921352
9435435435.435436,0.4306330062659676,-7.3178537266730315,-0.1591148383427657,0.7954891539620859,-1.9873147466591965,-11.20645374092368,0.7954891539620859,-1.9873147466591965,-11.20645374092368,0.43352729148192665,-7.259671150979209,-0.33496411677353877
9441441441.44144,0.4325880943077137,-7.278508747758927,-0.17007983257385909,0.7944418772047618,-1.9987574211801697,-11.217877512624138,0.7944418772047618,-1.9987574211801697,-11.217877512624138,0.4354320318109971,-7.2215925198134805,-0.34478150860821466
9447447447.447449,0.4344955914655708,-7.240292513737315,-0.18102759081049574,0.7934097607120365,-2.0100492207386997,-11.229285204494506,0.7934097607120365,-2.0100492207386997,-11.229285204494506,0.4372903185869361,-7.18460275270561,-0.35460485311325607
9453453453.453453,0.4363556954502497,-7.203187022272321,-0.19195855105033374,0.7923930476686587,-2.0211868709581386,-11.240677240700268,0.7923930476686587,-2.0211868709581386,-11.240677240700268,0.43910232059565735,-7.148685354053187,-0.3644338972527587
9459459459.45946,0.43816860318329465,-7.1671748975672,-0.20287315680157386,0.791391975545823,-2.0321671530156307,-11.25205404900668,0.791391975545823,-2.0321671530156307,-11.25205404900668,0.4408682068946343,-7.113824381744164,-0.37426841868533534
9465465465.465466,0.4399345105329759,-7.132239371684864,-0.21377185680771107,0.7904067763370607,-2.0429869019820033,-11.263416060716029,0.7904067763370607,-2.0429869019820033,-11.263416060716029,0.4425881465021818,-7.080004432559733,-0.3841082242894088
9471471471.471472,0.4416536120603798,-7.098364266775109,-0.2246551047805272,0.7894376767924047,-2.0536430051601076,-11.27476371061938,0.7894376767924047,-2.0536430051601076,-11.27476371061938,0.44426230809970535,-7.047210628213988,-0.39395314876176407
9477477477.477478,0.44332610077567597,-7.065533978156914,-0.23552335914106576,0.788484898650394,-2.0641324004265518,-11.286097436962587,0.788484898650394,-2.0641324004265518,-11.286097436962587,0.4458908597464811,-7.015428602003231,-0.40380305328476557
9483483483.483482,0.44495216790418307,-7.033733458214417,-0.24637708276822431,0.7875486588674461,-2.0744520745822768,-11.297417681426621,0.7875486588674461,-2.0744520745822768,-11.297417681426621,0.4474739686067488,-6.98464448603519,-0.41365782425826175
9489489489.48949,0.4465320026622566,-7.0029482010602635,-0.25721674275481393,0.7866291698441776,-2.0845990617169514,-11.308724889122097,0.7866291698441776,-2.0845990617169514,-11.308724889122097,0.4490118006887137,-6.954844899013959,-0.42351737209229084
9495495495.495495,0.44806579204269337,-6.9731642279292885,-0.2680428101706496,0.7857266396482474,-2.0945704415922854,-11.320019508597843,0.7857266396482474,-2.0945704415922854,-11.320019508597843,0.4505045205952003,-6.926016934555184,-0.4333816300570725
9501501501.501503,0.4495537206095526,-6.944368073264039,-0.27885575983267785,0.7848412722333002,-2.104363338049425,-11.331301991863555,0.7848412722333002,-2.104363338049425,-11.331301991863555,0.45195229128564507,-6.8981481500086925,-0.4432505531865653
9507507507.507507,0.4509959703021509,-6.916546771458889,-0.28965607008151817,0.7839732676536271,-2.113974917445235,-11.342572794426225,0.7839732676536271,-2.113974917445235,-11.342572794426225,0.4533552738490467,-6.871226555768578,-0.45312411723307716
9513513513.513514,0.45239272024811583,-6.889687844229177,-0.30044422256458136,0.7831228222741393,-2.1234023871225354,-11.35383237534036,0.7831228222741393,-2.1234023871225354,-11.35383237534036,0.4547136272878095,-6.845240605046015,-0.4630023176693897
9519519519.51952,0.45374414658525664,-6.863779288576463,-0.3112207020251885,0.7822901289752912,-2.1326429939190303,-11.365081197271673,0.7822901289752912,-2.1326429939190303,-11.365081197271673,0.4560275083119048,-6.8201791840912485,-0.47288516873605
9525525525.525526,0.45505042229211595,-6.838809565320831,-0.3219859960975915,0.7814753773525757,-2.1416940227197885,-11.376319726574224,0.7814753773525757,-2.1416940227197885,-11.376319726574224,0.4572970711432946,-6.796031602842465,-0.48277270253091115
9531531531.531532,0.45631171702700934,-6.814767588174147,-0.33274059510767523,0.7806787539102402,-2.1505527950579895,-11.387548433380715,0.7806787539102402,-2.1505527950579895,-11.387548433380715,0.4585224673303061,-6.7727875859853395,-0.4926649681388572
9537537537.537537,0.45752819697537483,-6.7916427133296144,-0.34348499187900855,0.7799004422488741,-2.1592166677685727,-11.398767791705758,0.7799004422488741,-2.1592166677685727,-11.398767791705758,0.45970384557160027,-6.750437264409069,-0.5025620307990681
9543543543.543545,0.45870002470525767,-6.769424729544486,-0.354219681544148,0.7791406232465344,-2.167683031699348,-11.409978279561923,0.7791406232465344,-2.167683031699348,-11.409978279561923,0.46084135154963657,-6.72897116704077,-0.5124639711079567
9549549549.54955,0.459827359030752,-6.74810384869443,-0.3649451613607846,0.7783994752330763,-2.175949310484123,-11.421180379088279,0.7783994752330763,-2.175949310484123,-11.421180379088279,0.4619351277733006,-6.708380213045723,-0.5223708842555975
9555555555.555555,0.46091035488327003,-6.727670696778474,-0.3756619305326477,0.7776771741573697,-2.184012959382261,-11.432374576691256,0.7776771741573697,-2.184012959382261,-11.432374576691256,0.4629853134294287,-6.688655704380486,-0.5322828792937897
9561561561.561562,0.4619491631904003,-6.708116305356949,-0.3863704900349231,0.7769738937470927,-2.1918714641890054,-11.44356136319749,0.7769738937470927,-2.1918714641890054,-11.44356136319749,0.4639920442431318,-6.669789318683785,-0.5422000784339813
9567567567.567568,0.4629439307622786,-6.689432103402958,-0.3970713424438747,0.7762898056607945,-2.1995223402208723,-11.454741234018421,0.7762898056607945,-2.1995223402208723,-11.454741234018421,0.4649554523465633,-6.651773102495708,-0.5521226163732467
9573573573.573574,0.46389480018523044,-6.67160990955228,-0.40776499177051756,0.7756250796319322,-2.206963131380303,-11.465914689326379,0.7756250796319322,-2.206963131380303,-11.465914689326379,0.46587566615602916,-6.634599464791885,-0.56205063964691
9579579579.579578,0.4648019097226169,-6.654641924734434,-0.4184519432981444,0.7749798836045868,-2.2141914093037296,-11.477082234241788,0.7749798836045868,-2.2141914093037296,-11.477082234241788,0.46675281025713844,-6.618261170823797,-0.5719843060060483
9585585585.585587,0.46566539322268385,-6.638520725171212,-0.4291327034234283,0.7743543838605776,-2.221204772597073,-11.488244379031308,0.7743543838605776,-2.221204772597073,-11.488244379031308,0.46758700529792757,-6.602751336252833,-0.5819237838187301
9591591591.59159,0.46648538003325163,-6.623239255729269,-0.43980777950084454,0.7737487451376978,-2.2280008461625953,-11.499401639316414,0.7737487451376978,-2.2280008461625953,-11.499401639316414,0.4683783678896113,-6.588063421571552,-0.5918692514932085
9597597597.597599,0.4672619949231988,-6.60879082361216,-0.4504776796904293,0.7731631307387805,-2.234577280621177,-11.51055453629235,0.7731631307387805,-2.234577280621177,-11.51055453629235,0.46912701051497124,-6.574191226799744,-0.6018208969223693
9603603603.603603,0.46799535801049436,-6.595169092381857,-0.4611429128082627,0.7725977026313499,-2.240931751833575,-11.521703596956781,0.7725977026313499,-2.240931751833575,-11.521703596956781,0.4698330414440575,-6.561128886449746,-0.6117789169474785
9609609609.60961,0.46868558469675115,-6.58236807629652,-0.4718039881799252,0.7720526215375628,-2.2470619605246607,-11.532849354348192,0.7720526215375628,-2.2470619605246607,-11.532849354348192,0.4704965646571125,-6.548870864751755,-0.6217435168407817
9615615615.615616,0.469332785608118,-6.570382134955079,-0.4824614154963589,0.7715280470141948,-2.252965632014148,-11.54399234779331,0.7715280470141948,-2.252965632014148,-11.54399234779331,0.4711176797745654,-6.537411951131668,-0.6317149098052347
9621621621.621622,0.46993706654242157,-6.559205968238173,-0.4931157046720599,0.7710241375223991,-2.2586405160574636,-11.555133123163454,0.7710241375223991,-2.2586405160574636,-11.555133123163454,0.4716964819939713,-6.52674725593409,-0.641693316490778
9627627627.627628,0.4704985284224539,-6.548834611536076,-0.5037673657054785,0.7705410504869775,-2.2640843868003224,-11.566272233139319,0.7705410504869775,-2.2640843868003224,-11.566272233139319,0.47223306203365467,-6.516872206385777,-0.6516789645257466
9633633633.633633,0.47101726725529647,-6.539263431254982,-0.5144169085412904,0.7700789423449034,-2.2692950428504277,-11.577410237483868,0.7700789423449034,-2.2692950428504277,-11.577410237483868,0.4727275060831275,-6.507782542789728,-0.6616720880628651
9639639639.63964,0.47149337409756836,-6.5304881205938425,-0.5250648429343524,0.7696379685828298,-2.2742703074697794,-11.588547703322925,0.7696379685828298,-2.2742703074697794,-11.588547703322925,0.4731798957599242,-6.49947431494841,-0.6716729273383868
9645645645.645645,0.47192693502658395,-6.522504695582743,-0.5357116783152887,0.7692182837633312,-2.2790080288908117,-11.599685205433074,0.7692182837633312,-2.2790080288908117,-11.599685205433074,0.4735903080729505,-6.491943878806872,-0.6816817282440861
9651651651.651651,0.47231803111719983,-6.515309491378272,-0.5463579236572915,0.7688200415395929,-2.283506080759878,-11.610823326536547,0.7688200415395929,-2.283506080759878,-11.610823326536547,0.47395881539211693,-6.485187893312915,-0.6916987419107657
9657657657.657658,0.4726667384244355,-6.508899158806285,-0.5570040873441048,0.7684433946583039,-2.287762362711074,-11.62196265760256,0.7684433946583039,-2.287762362711074,-11.62196265760256,0.4742854854242145,-6.479203317488587,-0.7017242243026247
9663663663.663664,0.47297312797169366,-6.5032706611478535,-0.5676506770389378,0.7680884949504594,-2.291774801073837,-11.633103798154854,0.7680884949504594,-2.291774801073837,-11.633103798154854,0.4745703811949397,-6.473987407708633,-0.7117584358219381
9669669669.66967,0.4732372657445142,-6.498421271162719,-0.5782981995541119,0.7677554933098075,-2.295541349717359,-11.644247356584899,0.7677554933098075,-2.295541349717359,-11.644247356584899,0.47481356103693556,-6.469537715182748,-0.7218016409228941
9675675675.675674,0.47345921268991326,-6.494348568343016,-0.5889471607212445,0.7674445396586522,-2.2990599910350014,-11.65539395047041,0.7674445396586522,-2.2990599910350014,-11.65539395047041,0.4750150785838873,-6.465852083635739,-0.7318541077341013
9681681681.681683,0.4736390247211033,-6.491050436395166,-0.5995980652617984,0.7671557829007205,-2.30232873707183,-11.666544206898788,0.7671557829007205,-2.30232873707183,-11.666544206898788,0.4751749827705258,-6.4629286471835865,-0.7419161076891807
9687687687.687687,0.4737767527276931,-6.488525060942885,-0.61025141665782,0.7668893708607989,-2.305345630798329,-11.677698762794908,0.7668893708607989,-2.305345630798329,-11.677698762794908,0.47529331783845513,-6.460765828402573,-0.7519879151644253
9693693693.693695,0.4738724425912178,-6.486770927449209,-0.6209077170226243,0.7666454502108232,-2.3081087475334554,-11.688858265253035,0.7666454502108232,-2.3081087475334554,-11.688858265253035,0.4753701233478551,-6.459362336586663,-0.7620698071232298
9699699699.6997,0.47392613520604554,-6.485786819352412,-0.6315674669712675,0.7664241663821141,-2.3106161965199865,-11.700023371872232,0.7664241663821141,-2.3106161965199865,-11.700023371872232,0.47540543419493164,-6.458717166191944,-0.7721620627663516
9705705705.705706,0.47393786650560304,-6.485571816412984,-0.6422311654906943,0.7662256634634137,-2.3128661226554037,-11.711194751094983,0.7662256634634137,-2.3128661226554037,-11.711194751094983,0.4753992806351337,-6.458829595464649,-0.782264963187754
9711711711.711712,0.47390766749390995,-6.486125293268493,-0.6528993098092197,0.7660500840843955,-2.3148567083812273,-11.722373082548394,0.7660500840843955,-2.3148567083812273,-11.722373082548394,0.4753516883120413,-6.459699185251769,-0.7923787910350503
9717717717.717718,0.4738355642824042,-6.487446918193682,-0.6635723952653321,0.7658975692842773,-2.3165861757340593,-11.733559057387723,0.7658975692842773,-2.3165861757340593,-11.733559057387723,0.4752626782919534,-6.461325777991339,-0.8025038301742374
9723723723.723724,0.4737215781320365,-6.489536652063693,-0.6742509151755357,0.7657682583651756,-2.318052788561358,-11.744753378641587,0.7657682583651756,-2.318052788561358,-11.744753378641587,0.47513226710420536,-6.463709496879881,-0.8126403653580782
9729729729.729729,0.4735657255006943,-6.492394747517235,-0.6849353607010296,0.7656622887298049,-2.319254854905184,-11.755956761558473,0.7656622887298049,-2.319254854905184,-11.755956761558473,0.47496046678707876,-6.466850745217817,-0.822788681897555
9735735735.735737,0.4733680180958447,-6.49602174832002,-0.6956262207132098,0.7655797957031238,-2.320190729557062,-11.76716993395408,0.7655797957031238,-2.320190729557062,-11.76716993395408,0.4747472849393745,-6.4707502059302975,-0.8329490653359372
9741741741.741741,0.47312846293253197,-6.500418488924765,-0.7063239816575441,0.7655209123374979,-2.3208588167872635,-11.778393636558883,0.7655209123374979,-2.3208588167872635,-11.778393636558883,0.4744927247777253,-6.475408841261096,-0.8431218011248369
9747747747.747747,0.4728470623967031,-6.505586094227337,-0.7170291274159375,0.7654857692009382,-2.3212575732517866,-11.789628623365571,0.7654857692009382,-2.3212575732517866,-11.789628623365571,0.47419678519949404,-6.480827892641758,-0.8533071743018606
9753753753.753754,0.4725238143137701,-6.511525979520317,-0.7277421391672213,0.7654744941479513,-2.321385511080422,-11.800875661975713,0.7654744941479513,-2.321385511080422,-11.800875661975713,0.47385946085136943,-6.487008880733741,-0.8635054691692841
9759759759.75976,0.472158712022656,-6.518239850639356,-0.7384634952456509,0.7654872120725095,-2.3212412011493617,-11.812135533945174,0.7654872120725095,-2.3212412011493617,-11.812135533945174,0.47348074220371056,-6.493953605642645,-0.8737169689731739
9765765765.765766,0.47175174445513607,-6.5257297043061415,-0.7491936709972187,0.765524044642637,-2.320823276541855,-11.823409035127739,0.765524044642637,-2.320823276541855,-11.823409035127739,0.47306061563060275,-6.501664147305651,-0.8839419555827677
9771771771.771772,0.47130289622060567,-6.533997828666283,-0.7599331386337083,0.7655851100160728,-2.320130436200541,-11.834696976016373,0.7655851100160728,-2.320130436200541,-11.834696976016373,0.4725990634955953,-6.510142866053455,-0.8941807091692138
9777777777.777779,0.470812147696368,-6.54304680402153,-0.7706823670841305,0.7656705225364515,-2.319161448775167,-11.84600018208149,0.7656705225364515,-2.319161448775167,-11.84600018208149,0.472096064243325,-6.519392403344018,-0.9044335078835251
9783783783.783783,0.47027947512335166,-6.5528795037594705,-0.7814418218435996,0.7657803924094166,-2.317915156669495,-11.857319494105713,0.7657803924094166,-2.317915156669495,-11.857319494105713,0.4715515924968935,-6.529415682672008,-0.9147006275331581
9789789789.789791,0.4697048507074002,-6.563499095480032,-0.7922119648192977,0.7659148253580534,-2.3163904802912803,-11.868655768514436,0.7659148253580534,-2.3163904802912803,-11.868655768514436,0.4709656191611418,-6.540215910652989,-0.9249823412567902
9795795795.795795,0.4690882427261537,-6.5749090423206695,-0.8029932541734438,0.766073922256998,-2.3145864225093806,-11.880009877701518,0.766073922256998,-2.3145864225093806,-11.880009877701518,0.4703381115318013,-6.551796578284864,-0.9352789191967341
9801801801.801802,0.4684296156415359,-6.587113104482701,-0.8137861441631252,0.7662577787445535,-2.3125020733221016,-11.891382710349522,0.7662577787445535,-2.3125020733221016,-11.891382710349522,0.46966903341062516,-6.564161462387038,-0.9455906281685644
9807807807.807808,0.4677289302179893,-6.600115340959267,-0.8245910849767458,0.7664664848121135,-2.310136614741027,-11.90277517174368,0.7664664848121135,-2.310136614741027,-11.90277517174368,0.4689583452264834,-6.577314627220394,-0.9559177313277138
9813813813.813814,0.4669861436464302,-6.613920111468873,-0.8354085225670079,0.766700124370165,-2.307489325894693,-11.914188184078915,0.766700124370165,-2.307489325894693,-11.914188184078915,0.4682060041625464,-6.591260426288837,-0.9662604878322331
9819819819.81982,0.4662012096740009,-6.628532078597048,-0.8462388984802243,0.7669587747901085,-2.3045595883565757,-11.925622686759134,0.7669587747901085,-2.3045595883565757,-11.925622686759134,0.4674119642895519,-6.606003504325958,-0.9766191525013903
9825825825.825825,0.46537407873970527,-6.643956210148799,-0.8570826496818041,0.7672425064211059,-2.301346891702037,-11.93707963668793,0.7672425064211059,-2.301346891702037,-11.93707963668793,0.4665761767052167,-6.621548799469473,-0.9869939754698321
9831831831.831833,0.464504698115941,-6.660197781716365,-0.8679402083777485,0.76755138208114,-2.2978508392988335,-11.948560008549894,0.76755138208114,-2.2978508392988335,-11.948560008549894,0.4656985896799122,-6.637901545625352,-0.9973852018365169
9837837837.837837,0.4635930120560761,-6.677262379464714,-0.8788120018320029,0.7678854565214267,-2.2940711543361383,-11.960064795081564,0.7678854565214267,-2.2940711543361383,-11.960064795081564,0.46477914880856447,-6.655067275026903,-1.0077930713081524
9843843843.843845,0.46263896194799337,-6.695155903141812,-0.8896984521795152,0.7682447758633102,-2.2900076860968617,-11.971595007331175,0.7682447758633102,-2.2900076860968617,-11.971595007331175,0.4638177971689019,-6.673051820991384,-1.0182178178367545
9849849849.84985,0.4616424864738044,-6.71388456931599,-0.9005999762348131,0.7686293770067233,-2.2856604164783882,-11.983151674906013,0.7686293770067233,-2.2856604164783882,-11.983151674906013,0.4628144754860694,-6.691861320879047,-1.0286596692504484
9855855855.855856,0.46060352177569003,-6.733454914847763,-0.9115169852959772,0.7690392870092814,-2.2810294667667654,-11.99473584620652,0.7690392870092814,-2.2810294667667654,-11.99473584620652,0.461769122303729,-6.711502219258031,-1.0391188468775074
9861861861.861862,0.4595220016279859,-6.753873800600909,-0.9224498849437812,0.7694745224350432,-2.2761151046695463,-12.006348588645864,0.7694745224350432,-2.2761151046695463,-12.006348588645864,0.4606816741615931,-6.731981271282171,-1.049595565162753
9867867867.867868,0.45839785761555557,-6.775148415399567,-0.9333990748359259,0.7699350886719516,-2.2709177516125014,-12.017990988853825,0.7699350886719516,-2.2709177516125014,-12.017990988853825,0.45955206577958696,-6.753305546284478,-1.0600900312760417
9873873873.873875,0.457231019318471,-6.797286280239019,-0.944364948496228,0.7704209792169431,-2.2654379903054425,-12.02966415286382,0.7704209792169431,-2.2654379903054425,-12.02966415286382,0.458380230248478,-6.775482431596268,-1.0706024447121327
9879879879.879879,0.45602141450310435,-6.82029525275685,-0.9553478930983655,0.7709321749276944,-2.259676572582454,-12.041369206281544,0.7709321749276944,-2.259676572582454,-12.041369206281544,0.45716609922732987,-6.798519636592523,-1.0811329968816277
9885885885.885887,0.45476896931965577,-6.84418353197315,-0.9663482892444203,0.7714686432399545,-2.253634427521811,-12.053107294434023,0.7714686432399545,-2.253634427521811,-12.053107294434023,0.45590960314747403,-6.822425196977095,-1.091681870692117
9891891891.891891,0.4534736085061503,-6.868959663308944,-0.9773665107376133,0.7720303373494026,-2.247312669850779,-12.064879582497346,0.7720303373494026,-2.247312669850779,-12.064879582497346,0.45461067142334616,-6.8472074793094855,-1.102249240119225
9897897897.897898,0.4521352555989724,-6.894632543891923,-0.9884029243494951,0.7726171953569628,-2.240712608640419,-12.076687255601723,0.7726171953569628,-2.240712608640419,-12.076687255601723,0.4532692326699958,-6.8728751857856025,-1.112835269766876
9903903903.903904,0.4507538331499206,-6.92121142816088,-0.9994578895810499,0.7732291393764869,-2.233835756295552,-12.088531518911928,0.7732291393764869,-2.233835756295552,-12.088531518911928,0.4518852149274116,-6.8994373592791725,-1.1234401144161597
9909909909.90991,0.4493292629499224,-6.948705933777913,-1.0105317584177607,0.7738660746037418,-2.2266838378446283,-12.100413597681516,0.7738660746037418,-2.2266838378446283,-12.100413597681516,0.4504585458917417,-6.926903388652104,-1.134063918562111
9915915915.915916,0.4478614662592416,-6.977126047864103,-1.0216248750784933,0.7745278883456242,-2.2192588005342886,-12.112334737278815,0.7745278883456242,-2.2192588005342886,-12.112334737278815,0.44898915315323,-6.95528301434777,-1.1447068159378335
9921921921.92192,0.4463503640444429,-7.006482133566791,-1.0327375757578041,0.7752144490085494,-2.2115628237329874,-12.124296203182723,0.7752144490085494,-2.2115628237329874,-12.124296203182723,0.4474769644411066,-6.984586334273692,-1.1553689290252582
9927927927.927929,0.44479587722185604,-7.036784936977534,-1.0438701883617545,0.7759256050449777,-2.203598329147839,-12.136299280946133,0.7759256050449777,-2.203598329147839,-12.136299280946133,0.4459219078752452,-7.014823809989003,-1.16605036855171
9933933933.933933,0.4431979269077936,-7.068045594410738,-1.0550230322368486,0.7766611838570752,-2.1953679913584248,-12.148345276124731,0.7766611838570752,-2.1953679913584248,-12.148345276124731,0.4443239122247588,-7.046006273205814,-1.1767512329716956
9939939939.939941,0.4415564346752451,-7.100275640064218,-1.066196417892029,0.7774209906565511,-2.186874748670783,-12.160435514168856,0.7774209906565511,-2.186874748670783,-12.160435514168856,0.44268290717330844,-7.078144932622033,-1.1874716079329144
9945945945.945946,0.4398713228173419,-7.133487014072802,-1.0773906467134384,0.7782048072797481,-2.1781218142944843,-12.172571340275717,0.7782048072797481,-2.1781218142944843,-12.172571340275717,0.4409988235913369,-7.111251381095487,-1.198211565725833
9951951951.951952,0.43814251461722414,-7.167692070980085,-1.0886060106718531,0.779012390957152,-2.169112687844763,-12.184754119199528,0.779012390957152,-2.169112687844763,-12.184754119199528,0.43927159381500186,-7.145337603178563,-1.2089711647157935
9957957957.957958,0.436369934624529,-7.202903588643065,-1.0998427920224159,0.7798434730365381,-2.159851167171313,-12.196985235016555,0.7798434730365381,-2.159851167171313,-12.196985235016555,0.43750115193181854,-7.180415983028846,-1.219750448756895
9963963963.963964,0.4345535089383387,-7.239134777593089,-1.1111012629966721,0.7806977576590822,-2.1503413605142567,-12.209266090842199,0.7806977576590822,-2.1503413605142567,-12.209266090842199,0.43568743407300997,-7.216499312712504,-1.2305494465863158
9969969969.96997,0.432693165496488,-7.276399290876605,-1.122381685486385,0.7815749203878636,-2.1405876989870625,-12.221598108496988,0.7815749203878636,-2.1405876989870625,-12.221598108496988,0.43383037871245517,-7.253600800920185,-1.2413681711984912
9975975975.975975,0.43078883437123794,-7.314711234398517,-1.1336843107191876,0.7824746067883176,-2.1305949493850243,-12.233982728118178,0.7824746067883176,-2.1305949493850243,-12.233982728118178,0.43192992697206795,-7.291734082117617,-1.252206619197497
9981981981.981983,0.4288404480711211,-7.354085177796468,-1.1450093789255293,0.783396430960339,-2.120368227316832,-12.246421407713552,0.783396430960339,-2.120368227316832,-12.246421407713552,0.4299860229336738,-7.330913226149458,-1.2630647701269169
9987987987.987988,0.4268479418489676,-7.39453616587187,-1.1563571189968258,0.7843399740219019,-2.109913010655421,-12.258915622653701,0.7843399740219019,-2.109913010655421,-12.258915622653701,0.42799861395712746,-7.3711527483228165,-1.2739425857756348
9993993993.993994,0.4248112540158257,-7.436079730611235,-1.1677277481344743,0.7853047825442682,-2.0992351533027005,-12.271466865099223,0.7853047825442682,-2.0992351533027005,-12.271466865099223,0.425967651004588,-7.412467619994725,-1.2848400094581585
10000000000.0,0.42273032626079876,-7.478731903827005,-1.1791214714892868,0.7862903669390378,-2.0883408992614587,-12.284076643358613,0.7862903669390378,-2.0883408992614587,-12.284076643358613,0.42389308897083977,-7.454873279689864,-1.2957569652681926
