frequency_hz,s11_mag,s11_db,s11_phase_deg,s21_mag,s21_db,s21_phase_deg,s12_mag,s12_db,s12_phase_deg,s22_mag,s22_db,s22_phase_deg
4000000000.0,0.9904169360935944,-0.08363883681223436,0.9427986512660931,0.014709538654031113,-36.648018963057176,-0.6657225133781814,0.014709538654031113,-36.648018963057176,-0.6657225133781814,0.9906515106726651,-0.08158187717658735,0.9547051801852358
4006006006.0060062,0.9903761883574265,-0.08399619905772732,0.9394776555999079,0.014796074934059227,-36.59706955772219,-0.6692661296806741,0.014796074934059227,-36.59706955772219,-0.6692661296806741,0.9906117396637525,-0.0819305906493651,0.9514375164822303
4012012012.012012,0.9903352945126227,-0.08435485747513344,0.9361556514244841,0.014883148669435648,-36.54610360012721,-0.6728108773267738,0.014883148669435648,-36.54610360012721,-0.6728108773267738,0.9905718249185378,-0.08228057848301276,0.9481689412937498
4018018018.0180182,0.9902942536625441,-0.08471482008885355,0.9328326270799399,0.014970764170703688,-36.49512061752165,-0.6763567623405705,0.014970764170703688,-36.49512061752165,-0.6763567623405705,0.990531765534468,-0.0826318487454296,0.9448994428494719
4024024024.024024,0.9902530649012069,-0.08507609500715685,0.9295085708072868,0.015058925796125399,-36.444120134358464,-0.6799037907378152,0.015058925796125399,-36.444120134358464,-0.6799037907378152,0.9904915605995527,-0.08298440958913186,0.9416290092806284
4030030030.0300303,0.9902117273130743,-0.08543869042403826,0.9261834707474482,0.015147637952322173,-36.3931016722755,-0.6834519685288944,0.015147637952322173,-36.3931016722755,-0.6834519685288944,0.9904512091922839,-0.08333826925198566,0.938357628619029
4036036036.036036,0.9901702399729903,-0.08580261461982686,0.9228573149402668,0.015236905094923908,-36.34206475007728,-0.687001301721828,0.015236905094923908,-36.34206475007728,-0.687001301721828,0.9904107103814841,-0.08369343605856933,0.9350852887961235
4042042042.0420423,0.9901286019460153,-0.08616787596265969,0.9195300913235288,0.01532673172922848,-36.29100888371639,-0.6905517963252382,0.01532673172922848,-36.29100888371639,-0.6905517963252382,0.9903700632261423,-0.08404991842163939,0.9318119776419996
4048048048.048048,0.9900868122872908,-0.08653448290969999,0.9162017877319345,0.015417122410870367,-36.23993358627513,-0.6941034583514073,0.015417122410870367,-36.23993358627513,-0.6941034583514073,0.9903292667753169,-0.08440772484301522,0.9285376828843812
4054054054.0540543,0.9900448700418811,-0.08690244400855666,0.9128723918960813,0.01550808174649972,-36.18883836794683,-0.6976562938192636,0.01550808174649972,-36.18883836794683,-0.6976562938192636,0.9902883200679837,-0.08476686391493993,0.9252623921475913
4060060060.06006,0.9900027742446704,-0.08727176789822033,0.9095418914414342,0.015599614394470763,-36.13772273601758,-0.7012103087574315,0.015599614394470763,-36.13772273601758,-0.7012103087574315,0.9902472221328846,-0.0851273443214442,0.9219860929515955
4066066066.0660663,0.9899605239201827,-0.08764246331067396,0.9062102738872725,0.01569172506554125,-36.086586194847406,-0.7047655092072843,0.01569172506554125,-36.086586194847406,-0.7047655092072843,0.9902059719883755,-0.0854891748397077,0.9187087727108845
4072072072.072072,0.9899181180824498,-0.08801453907208726,0.9028775266456075,0.015784418523581527,-36.03542824585189,-0.7083219012259903,0.015784418523581527,-36.03542824585189,-0.7083219012259903,0.9901645686422903,-0.08585236434128465,0.915430418733498
4078078078.0780783,0.9898755557348506,-0.08838800410425621,0.8995436370201453,0.015877699586294643,-35.98424838748346,-0.7118794908895993,0.015877699586294643,-35.98424838748346,-0.7118794908895993,0.9901230110918146,-0.0862169217932504,0.9121510182199053
4084084084.084084,0.9898328358699722,-0.08876286742586315,0.8962085922051689,0.01597157312594705,-35.933046115212775,-0.7154382842961214,0.01597157312594705,-35.933046115212775,-0.7154382842961214,0.9900812983232783,-0.08658285626004764,0.9088705582619673
4090090090.0900903,0.9897899574694389,-0.08913913815400418,0.8928723792844281,0.01606604407010996,-35.88182092151014,-0.7189982875686242,0.01606604407010996,-35.88182092151014,-0.7189982875686242,0.9900394293120456,-0.0869501769044921,0.9055890258417696
4096096096.096096,0.989746919503767,-0.08951682550550526,0.8895349852300397,0.016161117402412252,-35.830572295826684,-0.7225595068583427,0.016161117402412252,-35.830572295826684,-0.7225595068583427,0.9899974030223332,-0.0873188929893981,0.9023064078306421
4102102102.1021023,0.9897037209321861,-0.0898959387985261,0.886196396901351,0.01625679816330436,-35.77929972457565,-0.7261219483478152,0.01625679816330436,-35.77929972457565,-0.7261219483478152,0.9899552184070703,-0.08768901387884463,0.8990226909879033
4108108108.108108,0.9896603607024979,-0.09027648745383171,0.8828566010437735,0.01635309145083336,-35.728002691113794,-0.7296856182540028,0.01635309145083336,-35.728002691113794,-0.7296856182540028,0.9899128744076912,-0.08806054904003321,0.8957378619598215
4114114114.1141143,0.9896168377508877,-0.09065848099648946,0.8795155842876344,0.016450002421430274,-35.676680675722416,-0.7332505228314582,0.016450002421430274,-35.676680675722416,-0.7332505228314582,0.9898703699540321,-0.08843350804422412,0.8924519072784083
4120120120.12012,0.9895731510017687,-0.09104192905727368,0.8761733331469956,0.01654753629070891,-35.625333155588535,-0.7368166683754748,0.01654753629070891,-35.625333155588535,-0.7368166683754748,0.9898277039641152,-0.08880790056867674,0.8891648133602736
4126126126.1261263,0.9895292993675976,-0.09142684137431933,0.8728298340184558,0.016645698334276607,-35.57395960478613,-0.7403840612252842,0.016645698334276607,-35.57395960478613,-0.7403840612252842,0.9897848753439745,-0.0891837363982115,0.8858765665054582
4132132132.132132,0.9894852817487128,-0.09181322779458664,0.8694850731799425,0.01674449388855736,-35.522559494257195,-0.7439527077672263,0.01674449388855736,-35.522559494257195,-0.7439527077672263,0.9897418829875181,-0.0895610254264583,0.8825871528961887
4138138138.1381383,0.9894410970331368,-0.09220109827563241,0.8661390367894725,0.016843928351627648,-35.47113229179267,-0.747522614437985,0.016843928351627648,-35.47113229179267,-0.747522614437985,0.989698725776302,-0.08993977765788075,0.8792965585957131
4144144144.144144,0.9893967440964165,-0.09259046288705561,0.8627917108839437,0.016944007184064382,-35.41967746201361,-0.7510937877277746,0.016944007184064382,-35.41967746201361,-0.7510937877277746,0.989655402579378,-0.09032000320915476,0.8760047695470449
4150150150.1501503,0.9893522218013997,-0.09298133181250257,0.8594430813778267,0.01704473590980624,-35.36819446635201,-0.7546662341836122,0.01704473590980624,-35.36819446635201,-0.7546662341836122,0.9896119122531125,-0.09070171231079602,0.8727117715717196
4156156156.156156,0.9893075289980957,-0.0933737153509289,0.8560931340619193,0.01714612011702765,-35.31668276303188,-0.7582399604125467,0.01714612011702765,-35.31668276303188,-0.7582399604125467,0.9895682536409726,-0.09108491530908286,0.8694175503685349
4162162162.1621623,0.98926266452345,-0.09376762391862588,0.8527418546020645,0.017248165459026563,-35.2651418070499,-0.7618149730849303,0.017248165459026563,-35.2651418070499,-0.7618149730849303,0.9895244255733473,-0.09146962266766501,0.8661220915122676
4168168168.168168,0.9892176272011483,-0.09416306805098434,0.8493892285378037,0.017350877655125194,-35.21357105015651,-0.7653912789377019,0.017350877655125194,-35.21357105015651,-0.7653912789377019,0.9894804268673549,-0.0918558449693021,0.8628253804523952
4174174174.1741743,0.9891724158414267,-0.09456005840420396,0.8460352412810633,0.017454262491585347,-35.16196994083632,-0.7689688847776854,0.017454262491585347,-35.16196994083632,-0.7689688847776854,0.9894362563266361,-0.0922435929177218,0.8595274025117305
4180180180.18018,0.9891270292408753,-0.0949586057570688,0.8426798781148238,0.017558325822536656,-35.11033792428921,-0.7725477974849077,0.017558325822536656,-35.11033792428921,-0.7725477974849077,0.989391912741168,-0.09263287733929754,0.8562281428851323
4186186186.1861863,0.98908146618221,-0.09535872101299286,0.8393231241917355,0.017663073570920226,-35.05867444241067,-0.7761280240159056,0.017663073570920226,-35.05867444241067,-0.7761280240159056,0.9893473948870206,-0.09302370918523323,0.8529275866381556
4192192192.192192,0.9890357254340789,-0.09576041520177417,0.8359649645327336,0.01776851172944591,-35.00697893377258,-0.7797095714071035,0.01776851172944591,-35.00697893377258,-0.7797095714071035,0.9893027015262049,-0.0934160995329446,0.8496257187056543
4198198198.1981983,0.9889898057508412,-0.09616369948157891,0.832605384025656,0.017874646361564727,-34.95525083360369,-0.7832924467781511,0.017874646361564727,-34.95525083360369,-0.7832924467781511,0.9892578314063921,-0.09381005958857142,0.8463225238903956
4204204204.204204,0.9889437058723488,-0.09656858514091203,0.8292443674238035,0.01798148360245636,-34.90348957377008,-0.7868766573353123,0.01798148360245636,-34.90348957377008,-0.7868766573353123,0.9892127832607429,-0.09420560068852546,0.8430179868616874
4210210210.2102103,0.9888974245237302,-0.09697508360056838,0.8258818993444934,0.0180890296600317,-34.85169458275555,-0.7904622103748529,0.0180890296600317,-34.85169458275555,-0.7904622103748529,0.9891675558076758,-0.094602734301575,0.8397120921539049
4216216216.216216,0.9888509604151557,-0.09738320641574183,0.822517964267625,0.01819729081595094,-34.79986528564201,-0.7940491132864729,0.01819729081595094,-34.79986528564201,-0.7940491132864729,0.9891221477506094,-0.09500147203115814,0.8364048241650748
4222222222.2222223,0.9888043122416021,-0.0977929652781493,0.8191525465341672,0.01830627342665754,-34.748001104089774,-0.7976373735567027,0.01830627342665754,-34.748001104089774,-0.7976373735567027,0.9890765577777951,-0.0954018256169028,0.8330961671553911
4228228228.228228,0.9887574786826425,-0.09820437201792764,0.8157856303446882,0.01841598392442839,-34.6961014563177,-0.8012269987723877,0.01841598392442839,-34.6961014563177,-0.8012269987723877,0.9890307845620128,-0.09580380693735596,0.8297861052457337
4234234234.2342343,0.9887104584021704,-0.09861743860611269,0.8124171997577984,0.018526428818440285,-34.644165757083265,-0.8048179966241329,0.018526428818440285,-34.644165757083265,-0.8048179966241329,0.9889848267603835,-0.09620742801167617,0.8264746224161714
4240240240.24024,0.9886632500481887,-0.09903217715655036,0.8090472386886303,0.01863761469585266,-34.592193417662806,-0.8084103749097791,0.01863761469585266,-34.592193417662806,-0.8084103749097791,0.9889386830140994,-0.09661270100206483,0.8231617025044068
4246246246.2462463,0.988615852252539,-0.09944859992832836,0.8056757309072744,0.01874954822290809,-34.54018384583123,-0.8120041415379385,0.01874954822290809,-34.54018384583123,-0.8120041415379385,0.9888923519481839,-0.09701963821592731,0.8198473292042542
4252252252.252252,0.9885682636306583,-0.09986671932797621,0.8023026600371853,0.018862236146049045,-34.48813644584214,-0.8155993045314823,0.018862236146049045,-34.48813644584214,-0.8155993045314823,0.9888458321712342,-0.09742825210819218,0.8165314860640419
4258258258.2582583,0.9885204827813294,-0.10028654791171346,0.7989280095535602,0.018975685293053195,-34.43605061840745,-0.8191958720310971,0.018975685293053195,-34.43605061840745,-0.8191958720310971,0.988799122275169,-0.09783855528358426,0.8132141564850414
4264264264.264264,0.9884725082863969,-0.100708098388008,0.7955517627817356,0.01908990257418583,-34.38392576067717,-0.8227938522988462,0.01908990257418583,-34.38392576067717,-0.8227938522988462,0.9887522208349782,-0.09825056049888191,0.8098953237198169
4270270270.2702703,0.988424338710514,-0.10113138361985916,0.7921739028955039,0.019204894983370628,-34.331761266219104,-0.826393253721746,0.019204894983370628,-34.331761266219104,-0.826393253721746,0.9887051264084203,-0.09866428066563716,0.8065749708706451
4276276276.276276,0.9883759726008746,-0.10155641662722022,0.7887944129154487,0.01932066959937951,-34.27955652499815,-0.8299940848153637,0.01932066959937951,-34.27955652499815,-0.8299940848153637,0.9886578375357836,-0.09907972885233735,0.80325308088778
4282282282.2822824,0.9883274084869192,-0.10198321058964013,0.7854132757072508,0.01943723358704032,-34.22731092335599,-0.833596354227447,0.01943723358704032,-34.22731092335599,-0.833596354227447,0.9886103527395961,-0.09949691828701175,0.7999296365677929
4288288288.288288,0.9882786448800629,-0.10241177884872513,0.7820304739799453,0.019554594198464566,-34.17502384399025,-0.837200070741557,0.019554594198464566,-34.17502384399025,-0.837200070741557,0.9885626705243513,-0.09991586235970705,0.7966046205519111
4294294294.2942944,0.9882296802734069,-0.1028421349107363,0.7786459902841707,0.019672758774294516,-34.1226946659337,-0.8408052432807296,0.019672758774294516,-34.1226946659337,-0.8408052432807296,0.988514789376202,-0.10033657462524606,0.7932780153241935
4300300300.300301,0.9881805131414375,-0.10327429244930485,0.7752598070104144,0.019791734744969456,-34.07032276453356,-0.8444118809111735,0.019791734744969456,-34.07032276453356,-0.8444118809111735,0.988466707762679,-0.10075906880576066,0.7899498032098546
4306306306.306306,0.9881311419397447,-0.10370826530797712,0.7718719063871933,0.01991152963201343,-34.01790751143024,-0.8480199928459545,0.01991152963201343,-34.01790751143024,-0.8480199928459545,0.9884184241323993,-0.10118335879332863,0.7866199663733958
4312312312.312312,0.9880815651046926,-0.10414406750317881,0.7684822704792207,0.020032151049342486,-33.96544827453644,-0.8516295884487489,0.020032151049342486,-33.96544827453644,-0.8516295884487489,0.9883699369147219,-0.1016094586530675,0.7832884868169031
4318318318.318318,0.9880317810531132,-0.10458171322697973,0.7650908811855777,0.020153606704593475,-33.912944418015854,-0.8552406772375682,0.020153606704593475,-33.912944418015854,-0.8552406772375682,0.9883212445195295,-0.10203738262511902,0.7799553463780671
4324324324.324325,0.9879817881820057,-0.10502121684981228,0.7616977202377969,0.020275904400474137,-33.860395302261765,-0.8588532688885513,0.020275904400474137,-33.860395302261765,-0.8588532688885513,0.9882723453367832,-0.1024671451286426,0.7766205267284678
4330330330.33033,0.9879315848681995,-0.10546259292350703,0.7583027691980038,0.020399052036134922,-33.80780028387559,-0.8624673732397656,0.020399052036134922,-33.80780028387559,-0.8624673732397656,0.9882232377362982,-0.10289876076385476,0.7732840093715745
4336336336.336336,0.9878811694680298,-0.10590585618422534,0.7549060094569321,0.02052305760856276,-33.75515871564541,-0.8660830002950003,0.02052305760856276,-33.75515871564541,-0.8660830002950003,0.9881739200673848,-0.10333224431526103,0.7699457756408636
4342342342.342342,0.987830540316991,-0.10635102155558025,0.7515074222319822,0.020647929213997815,-33.702469946524005,-0.8697001602276464,0.020647929213997815,-33.702469946524005,-0.8697001602276464,0.9881243906585068,-0.10376761075473875,0.7666058066978876
4348348348.348349,0.9877796957294142,-0.10679810415155518,0.7481069885652464,0.020773675049372782,-33.64973332160722,-0.8733188633845447,0.020773675049372782,-33.64973332160722,-0.8733188633845447,0.9880746478169274,-0.10420487524472286,0.7632640835302962
4354354354.354355,0.9877286339980941,-0.10724711927986363,0.7447046893214453,0.020900303413776106,-33.596948182111724,-0.8769391202898866,0.020900303413776106,-33.596948182111724,-0.8769391202898866,0.9880246898283964,-0.10464405314104228,0.7599205869497923
4360360360.36036,0.9876773533939545,-0.10769808244497794,0.7413005051859205,0.02102782270993841,-33.54411386535305,-0.8805609416491404,0.02102782270993841,-33.54411386535305,-0.8805609416491404,0.9879745149567581,-0.10508515999644225,0.7565752975901275
4366366366.366366,0.987625852165672,-0.10815100935151921,0.737894416662526,0.021156241445743806,-33.49122970472313,-0.8841843383529903,0.021156241445743806,-33.49122970472313,-0.8841843383529903,0.9879241214436135,-0.10552821156364295,0.7532281959050781
4372372372.372373,0.9875741285393052,-0.1086059159076091,0.7344864040715197,0.02128556823576547,-33.438295029668005,-0.8878093214813156,0.02128556823576547,-33.438295029668005,-0.8878093214813156,0.9878735075079496,-0.10597322379868121,0.7498792621662577
4378378378.378378,0.9875221807179296,-0.10906281822816422,0.7310764475474378,0.021415811802826767,-33.38530916566506,-0.891435902307192,0.021415811802826767,-33.38530916566506,-0.891435902307192,0.9878226713457426,-0.1064202128644855,0.7465284764610723
4384384384.384384,0.9874700068812328,-0.1095217326385546,0.7276645270369023,0.021546980979587814,-33.33227143420038,-0.8950640923009047,0.021546980979587814,-33.33227143420038,-0.8950640923009047,0.9877716111295852,-0.10686919513424803,0.7431758186905333
4390390390.39039,0.9874176051851431,-0.10998267567795401,0.7242506222964038,0.02167908471015867,-33.27918115274556,-0.8986939031340386,0.02167908471015867,-33.27918115274556,-0.8986939031340386,0.9877203250082751,-0.10732018719512683,0.7398212685670654
4396396396.396397,0.9873649737614176,-0.11044566410306537,0.7208347128901008,0.021812132051737997,-33.22603763473501,-0.902325346683527,0.021812132051737997,-33.22603763473501,-0.902325346683527,0.9876688111064867,-0.10777320585122956,0.7364648056122782
4402402402.402403,0.9873121107172309,-0.11091071489183162,0.7174167781875018,0.02194613217628058,-33.17284018954224,-0.9059584350357845,0.02194613217628058,-33.17284018954224,-0.9059584350357845,0.987617067524258,-0.10822826812822109,0.7331064091547363
4408408408.408408,0.9872590141347632,-0.111377845247157,0.7139967973611834,0.022081094372190926,-33.1195881224567,-0.9095931804908544,0.022081094372190926,-33.1195881224567,-0.9095931804908544,0.9875650923366629,-0.10868539127630089,0.7297460583276304
4414414414.414414,0.9872056820707765,-0.11184707260073976,0.7105747493844305,0.022217028046046115,-33.06628073465996,-0.9132295955665611,0.022217028046046115,-33.06628073465996,-0.9132295955665611,0.9875128835933206,-0.10914459277461706,0.7263837320665075
4420420420.420421,0.9871521125561782,-0.11231841461701092,0.707150613028884,0.02235394272434672,-33.01291732320198,-0.9168676930027502,0.02235394272434672,-33.01291732320198,-0.9168676930027502,0.9874604393180026,-0.10960589033482444,0.7230194091068425
4426426426.426426,0.9870983035955814,-0.11279188919710968,0.7037243668620904,0.0224918480552976,-32.95949718097695,-0.9205074857654916,0.0224918480552976,-32.95949718097695,-0.9205074857654916,0.9874077575082015,-0.11006930190498385,0.7196530679817053
4432432432.432432,0.9870442531668504,-0.11326751448299027,0.7002959892450881,0.02263075381061773,-32.906019596699224,-0.9241489870513669,0.02263075381061773,-32.906019596699224,-0.9241489870513669,0.9873548361346308,-0.11053484567406256,0.7162846870193064
4438438438.438438,0.9869899592206386,-0.11374530886159875,0.6968654583298936,0.022770669887381363,-32.852483854878706,-0.9277922102917732,0.022770669887381363,-32.852483854878706,-0.9277922102917732,0.987301673140805,-0.11100254007574001,0.7129142443404968
4444444444.444445,0.9869354196799274,-0.11422529096904072,0.6934327520569739,0.022911606309889337,-32.79888923579636,-0.9314371691572382,0.022911606309889337,-32.79888923579636,-0.9314371691572382,0.9872482664425589,-0.11147240379274445,0.7095417178563195
4450450450.450451,0.986880632439535,-0.11470747969501956,0.6899978481527081,0.02305357323157257,-32.74523501547924,-0.9350838775618179,0.02305357323157257,-32.74523501547924,-0.9350838775618179,0.9871946139275738,-0.11194445576113846,0.7061670852654104
4456456456.456456,0.986825595365647,-0.11519189418708867,0.6865607241267515,0.023196580936927235,-32.69152046567551,-0.9387323496674764,0.023196580936927235,-32.69152046567551,-0.9387323496674764,0.987140713454877,-0.11241871517483304,0.7027903240514478
4462462462.462462,0.9867703062952825,-0.11567855385546182,0.6831213572694049,0.023340639843483457,-32.63774485382899,-0.942382599888539,0.023340639843483457,-32.63774485382899,-0.942382599888539,0.9870865628543448,-0.11289520149008088,0.6994114114805123
4468468468.468469,0.9867147630358188,-0.11616747837732881,0.679679724648942,0.0234857605038065,-32.58390744305382,-0.9460346428961655,0.0234857605038065,-32.58390744305382,-0.9460346428961655,0.9870321599262174,-0.11337393442986718,0.6960303245984297
4474474474.474475,0.9866589633644566,-0.11665868770168344,0.6762358031088513,0.023631953607532955,-32.53000749210851,-0.9496884936228568,0.023631953607532955,-32.53000749210851,-0.9496884936228568,0.9869775024405315,-0.11385493398902224,0.6926470402280733
4480480480.48048,0.9866029050276925,-0.11715220205409284,0.6727895692650953,0.023779229983441123,-32.47604425537002,-0.9533441672670185,0.023779229983441123,-32.47604425537002,-0.9533441672670185,0.9869225881366618,-0.11433822043838571,0.6892615349665645
4486486486.486486,0.986546585740768,-0.1176480419416861,0.6693409995032819,0.023927600601557214,-32.42201698280745,-0.9570016792975354,0.023927600601557214,-32.42201698280745,-0.9570016792975354,0.9868674147226929,-0.11482381433046088,0.6858737851825567
4492492492.492493,0.9864900031871324,-0.11814622815801022,0.6658900699758173,0.024077076575297344,-32.36792491995553,-0.9606610454584102,0.024077076575297344,-32.36792491995553,-0.9606610454584102,0.9868119798749335,-0.11531173650382454,0.6824837670133512
4498498498.498499,0.9864331550178657,-0.11864678178825203,0.6624367565989927,0.02422766916364648,-32.31376730788789,-0.9643222817734265,0.02422766916364648,-32.31376730788789,-0.9643222817734265,0.9867562812373272,-0.11580200808844672,0.6790914563620288
4504504504.504504,0.986376038851108,-0.11914972421439896,0.6589810350500531,0.024379389773375237,-32.259543383189964,-0.9679854045508622,0.024379389773375237,-32.259543383189964,-0.9679854045508622,0.9867003164208793,-0.11629465051087237,0.6756968288945141
4510510510.51051,0.986318652271465,-0.1196550771206234,0.6555228807641862,0.02453224996129458,-32.20525237793166,-0.9716504303882351,0.02453224996129458,-32.20525237793166,-0.9716504303882351,0.9866440830030754,-0.11678968549948443,0.6722998600366236
4516516516.516517,0.9862609928294169,-0.12016286249862654,0.6520622689314924,0.02468626143654996,-32.15089351963978,-0.9753173761771068,0.02468626143654996,-32.15089351963978,-0.9753173761771068,0.9865875785272653,-0.11728713509006772,0.6689005249710321
4522522522.522523,0.9862030580406959,-0.12067310265327834,0.6485991744938928,0.024841436062954966,-32.09646603127017,-0.978986259107905,0.024841436062954966,-32.09646603127017,-0.978986259107905,0.9865308005020591,-0.11778702163127679,0.6654987986342195
4528528528.528528,0.986144845385668,-0.12118582020820744,0.6451335721420031,0.024997785861365876,-32.041969131179464,-0.9826570966748268,0.024997785861365876,-32.041969131179464,-0.9826570966748268,0.9864737464007136,-0.11828936779018652,0.6620946557133398
4534534534.534534,0.98608635230868,-0.12170103811171865,0.6416654363119089,0.025155323012097497,-31.987402033096707,-0.9863299066807407,0.025155323012097497,-31.987402033096707,-0.9863299066807407,0.9864164136604792,-0.11879419655819967,0.6586880706430469
4540540540.540541,0.986027576217422,-0.122218779642561,0.6381947411819733,0.025314059857381315,-31.93276394609452,-0.9900047072421894,0.025314059857381315,-31.93276394609452,-0.9900047072421894,0.9863587996819463,-0.11930153125695718,0.65527901760232
4546546546.546547,0.985968514482258,-0.1227390684159922,0.6347214606695089,0.025474008903867033,-31.878054074559962,-0.9936815167943853,0.025474008903867033,-31.878054074559962,-0.9936815167943853,0.9863009018283665,-0.11981139554448157,0.6518674705111672
4552552552.552552,0.9859091644355097,-0.12326192839025613,0.6312455684274523,0.025635182825167645,-31.823271618165162,-0.9973603540962944,0.025635182825167645,-31.823271618165162,-0.9973603540962944,0.9862427174250167,-0.12032381342094,0.6484534030272779
4558558558.558558,0.9858495233708359,-0.12378738387222267,0.6277670378409577,0.025797594464449437,-31.76841577183767,-1.0010412382357543,0.025797594464449437,-31.76841577183767,-1.0010412382357543,0.9861842437584543,-0.12083880923537388,0.6450367885427237
4564564564.564565,0.9857895885424384,-0.12431545952455869,0.6242858420239508,0.02596125683706854,-31.713485725730166,-1.0047241886346479,0.02596125683706854,-31.713485725730166,-1.0047241886346479,0.9861254780758383,-0.12135640769185188,0.6416176001804359
4570570570.570571,0.9857293571643791,-0.1248461803719266,0.6208019538156047,0.026126183133252965,-31.658480665190233,-1.0084092250541143,0.026126183133252965,-31.658480665190233,-1.0084092250541143,0.9860664175841852,-0.12187663385620282,0.638195810790785
4576576576.576576,0.9856688264098468,-0.12537957180763248,0.6173153457767937,0.026292386720833224,-31.603399770729524,-1.0120963675998287,0.026292386720833224,-31.603399770729524,-1.0120963675998287,0.9860070594496223,-0.12239951316277528,0.6347713929480386
4582582582.582582,0.9856079934103629,-0.12591565960080758,0.6138259901864501,0.02645988114802128,-31.548242217992613,-1.0157856367273406,0.02645988114802128,-31.548242217992613,-1.0157856367273406,0.9859474007966721,-0.12292507142092546,0.6313443189467222
4588588588.588589,0.9855468552550382,-0.1264544699031592,0.6103338590378881,0.026628680146239023,-31.493007177725545,-1.0194770532474422,0.026628680146239023,-31.493007177725545,-1.0194770532474422,0.9858874387074278,-0.1234533348224742,0.6279145607979959
4594594594.594595,0.9854854089897648,-0.1269960292562865,0.6068389240350488,0.026798797632997428,-31.43769381574398,-1.0231706383316168,0.026798797632997428,-31.43769381574398,-1.0231706383316168,0.9858271702207699,-0.12398432994880326,0.6244820902259098
4600600600.6006,0.985423651616415,-0.12754036459894674,0.603341156588721,0.02697024771482756,-31.382301292900916,-1.0268664135175447,0.02697024771482756,-31.382301292900916,-1.0268664135175447,0.9857665923316112,-0.12451808377770947,0.6210468786636434
4606606606.6066065,0.985361580092005,-0.12808750327463314,0.5998405278126381,0.027143044690264136,-31.326828765054042,-1.03056440071464,0.027143044690264136,-31.326828765054042,-1.03056440071464,0.985705701989979,-0.12505462369169495,0.617608897249658
4612612612.612613,0.9852991913278638,-0.12863747303911624,0.5963370085195492,0.027317203052882523,-31.271275383032876,-1.034264622209684,0.027317203052882523,-31.271275383032876,-1.034264622209684,0.9856444961002658,-0.1255939774847793,0.6141681168237721
4618618618.618619,0.9852364821887536,-0.1291903020684139,0.5928305692172536,0.027492737494391784,-31.215640292605073,-1.0379671006724973,0.027492737494391784,-31.215640292605073,-1.0379671006724973,0.9855829715202917,-0.1261361733709821,0.6107245079232199
4624624624.624624,0.9851734494919923,-0.12974601896675322,0.5893211801044814,0.027669662907782413,-31.159922634442797,-1.0416718591616874,0.027669662907782413,-31.159922634442797,-1.0416718591616874,0.9855211250604664,-0.12668123999192404,0.6072780407785944
4630630630.6306305,0.9851100900065685,-0.13030465277460146,0.5858088110667967,0.02784799439053212,-31.104121544088397,-1.0453789211304416,0.02784799439053212,-31.104121544088397,-1.0453789211304416,0.9854589534828785,-0.1272292064250818,0.6038286853097119
4636636636.636637,0.9850464004521908,-0.1308662329772843,0.5822934316724018,0.02802774724787013,-31.04823615191963,-1.0490883104324136,0.02802774724787013,-31.04823615191963,-1.0490883104324136,0.9853964535003638,-0.12778010219223182,0.6003764111215085
4642642642.642643,0.9849823774983621,-0.1314307895133905,0.5787750111678174,0.02820893699610032,-30.992265583114666,-1.05280005132765,0.02820893699610032,-30.992265583114666,-1.05280005132765,0.9853336217755667,-0.12833395726796043,0.5969211874997328
4648648648.648648,0.9849180177634107,-0.13199835278356079,0.5752535184735776,0.028391579365986158,-30.936208957616387,-1.056514168488612,0.028391579365986158,-30.936208957616387,-1.056514168488612,0.9852704549199766,-0.1288908020884052,0.593462983406659
4654654654.6546545,0.9848533178135037,-0.1325689536594416,0.5717289221797909,0.02857569030619726,-30.88006539009637,-1.0602306870062332,0.02857569030619726,-30.88006539009637,-1.0602306870062332,0.9852069494929577,-0.1294506675600512,0.590001767476663
4660660660.660661,0.9847882741616439,-0.13314262349279393,0.5682011905416493,0.028761285986819332,-30.823833989918445,-1.0639496323960922,0.028761285986819332,-30.823833989918445,-1.0639496323960922,0.9851431020007149,-0.1300135850691125,0.5865375080118145
4666666666.666667,0.9847228832666254,-0.13371939412497033,0.5646702914748551,0.028948382802929214,-30.767513861101662,-1.067671030604613,0.028948382802929214,-30.767513861101662,-1.067671030604613,0.9850789088952822,-0.1305795864907055,0.5830701729772687
4672672672.672672,0.9846571415320038,-0.13429929789626874,0.5611361925509741,0.029136997378236044,-30.711104102282803,-1.071394908015385,0.029136997378236044,-30.711104102282803,-1.071394908015385,0.9850143665734677,-0.1311487041984258,0.579599729996705
4678678678.6786785,0.9845910453049833,-0.1348823676560333,0.5575988609926951,0.0293271465687899,-30.654603806678406,-1.0751212914555213,0.0293271465687899,-30.654603806678406,-1.0751212914555213,0.9849494713757798,-0.13172097107409442,0.5761261463475663
4684684684.684685,0.9845245908753468,-0.13546863677237822,0.5540582636690338,0.02951884746675914,-30.598012062046386,-1.0788502082021296,0.02951884746675914,-30.598012062046386,-1.0788502082021296,0.9848842195852989,-0.13229642051798524,0.5726493889563548
4690690690.690691,0.984457774474314,-0.13605813914255632,0.5505143670904191,0.029712117404278843,-30.541327950646938,-1.0825816859888175,0.029712117404278843,-30.541327950646938,-1.0825816859888175,0.984818607426594,-0.132875086458676,0.5691694243936991
4696696696.696697,0.9843905922733819,-0.13665090920349246,0.546967137403734,0.029906973957370502,-30.48455054920314,-1.0863157530123528,0.029906973957370502,-30.48455054920314,-1.0863157530123528,0.9847526310645223,-0.13345700336393038,0.5656862188694723
4702702702.7027025,0.9843230403831438,-0.13724698194251178,0.5434165403872333,0.030103434949936118,-30.427678928860722,-1.0900524379393248,0.030103434949936118,-30.427678928860722,-1.0900524379393248,0.9846862866030923,-0.13404220625103266,0.5621997382276817
4708708708.708709,0.984255114852106,-0.13784639290810222,0.5398625414454011,0.030301518457826138,-30.370712155147714,-1.093791769912948,0.030301518457826138,-30.370712155147714,-1.093791769912948,0.9846195700842358,-0.13463073069793577,0.5587099479414106
4714714714.714715,0.9841868116654197,-0.1384491782214325,0.5363051056036884,0.030501242812985392,-30.31364928793307,-1.0975337785599424,0.030501242812985392,-30.31364928793307,-1.0975337785599424,0.9845524774865629,-0.1352226128545633,0.5552168131075924
4720720720.72072,0.9841181267436302,-0.1390553745877199,0.5327441975032103,0.030702626607676323,-30.256489381385098,-1.101278493997487,0.030702626607676323,-30.256489381385098,-1.101278493997487,0.9844850047241198,-0.1358178894541004,0.5517202984417041
4726726726.726727,0.9840490559413891,-0.13966501930794764,0.5291797813952854,0.030905688698782827,-30.19923148392911,-1.1050259468402863,0.030905688698782827,-30.19923148392911,-1.1050259468402863,0.9844171476450897,-0.1364165978247944,0.5482203682723734
4732732732.732733,0.9839795950461181,-0.14027815029100857,0.5256118211359075,0.031110448212195968,-30.141874638204456,-1.108776168207719,0.031110448212195968,-30.141874638204456,-1.108776168207719,0.9843489020304542,-0.13701877590211423,0.5447169865358938
4738738738.738739,0.9839097397766595,-0.1408948060659777,0.5220402801801578,0.03131692454728224,-30.084417881021245,-1.1125291897310803,0.03131692454728224,-30.084417881021245,-1.1125291897310803,0.9842802635926643,-0.1376244622408365,0.5412101167706106
4744744744.744745,0.9838394857818958,-0.14151502579467468,0.5184651215764448,0.03152513738143864,-30.026860243316037,-1.1162850435609404,0.03152513738143864,-30.026860243316037,-1.1162850435609404,0.9842112279742402,-0.13823369602776608,0.5376997221112777
4750750750.750751,0.9837688286393206,-0.14213884928466036,0.5148863079606931,0.031735106674733955,-29.969200750107188,-1.120043762374584,0.031735106674733955,-29.969200750107188,-1.120043762374584,0.9841417907463683,-0.13884651709449797,0.5341857652832238
4756756756.756757,0.9836977638535768,-0.14276631700253387,0.5113038015504133,0.03194685267463953,-29.911438420449485,-1.1238053793835694,0.03194685267463953,-29.911438420449485,-1.1238053793835694,0.9840719474073848,-0.13946296593118632,0.5306682085965242
4762762762.762763,0.9836262868550026,-0.1433974700871765,0.5077175641386763,0.03216039592085076,-29.853572267388174,-1.1275699283413778,0.03216039592085076,-29.853572267388174,-1.1275699283413778,0.9840016933814112,-0.140083083698986,0.5271470139399088
4768768768.768768,0.9835543929980618,-0.14403235036402798,0.5041275570879395,0.03237575725020208,-29.795601297912295,-1.1313374435511798,0.03237575725020208,-29.795601297912295,-1.1313374435511798,0.9839310240167018,-0.14070691224504822,0.5236221427747619
4774774774.774775,0.9834820775598253,-0.14467100035891628,0.5005337413238311,0.032592957801677105,-29.737524512907253,-1.13510795987372,0.032592957801677105,-29.737524512907253,-1.13510795987372,0.9838599345841711,-0.14133449411594218,0.5200935561288292
4780780780.780781,0.9834093357383463,-0.1453134633128491,0.49693607732875095,0.0328120190215157,-29.679340907106866,-1.138881512735302,0.0328120190215157,-29.679340907106866,-1.138881512735302,0.9837884202757776,-0.1419658725723493,0.51656121458992
4786786786.786787,0.9833361626510368,-0.1459597831967999,0.4933345251354014,0.03303296266842048,-29.621049469044628,-1.1426581381358925,0.03303296266842048,-29.621049469044628,-1.1426581381358925,0.9837164762028596,-0.1426010916042059,0.5130250782994837
4792792792.792793,0.9832625533329967,-0.14661000472692878,0.4897290443201828,0.03325581081886508,-29.562649181004275,-1.1464378726573488,0.03325581081886508,-29.562649181004275,-1.1464378726573488,0.983644097394504,-0.1432401959455579,0.5094851069459968
4798798798.798799,0.9831885027352945,-0.14726417338024345,0.4861195939964688,0.03348058587250595,-29.504139018969695,-1.1502207534717641,0.03348058587250595,-29.504139018969695,-1.1502207534717641,0.9835712787958154,-0.14388323109031287,0.5059412597583335
4804804804.804805,0.9831140057231947,-0.14792233541074465,0.4825061328077628,0.03370731055770108,-29.445517952573873,-1.154006818349944,0.03370731055770108,-29.445517952573873,-1.154006818349944,0.9834980152661423,-0.1445302433083884,0.5023934954989375
4810810810.810811,0.9830390570743918,-0.148584537865536,0.47888861892072915,0.033936007937136234,-29.386784945047403,-1.1577961056699921,0.033936007937136234,-29.386784945047403,-1.1577961056699921,0.9834243015773131,-0.14518127966178418,0.4988417724569082
4816816816.816816,0.9829636514771387,-0.14925082860186578,0.4752670100180871,0.03416670141356277,-29.32793895316604,-1.16158865442606,0.03416670141356277,-29.32793895316604,-1.16158865442606,0.9833501324117672,-0.14583638802159543,0.4952860484409347
4822822822.822823,0.9828877835283673,-0.1499212563042731,0.4716412632913807,0.034399414735649024,-29.268978927197494,-1.1653845042371906,0.034399414735649024,-29.268978927197494,-1.1653845042371906,0.9832755023606876,-0.14649561708503261,0.49172628077210667
4828828828.828829,0.982811447731759,-0.150595870502175,0.4680113354336209,0.03463417200394733,-29.209903810847493,-1.1691836953563266,0.03463417200394733,-29.209903810847493,-1.1691836953563266,0.9832004059220449,-0.14715901639323842,0.4881624262765961
4834834834.834835,0.9827346384957502,-0.15127472158806013,0.4643771826317739,0.034870997676980015,-29.150712541204978,-1.172986268679448,0.034870997676980015,-29.150712541204978,-1.172986268679448,0.9831248374986397,-0.14782663634913354,0.4845944412782288
4840840840.840841,0.982657350131504,-0.15195786083598542,0.4607387605591105,0.03510991657744646,-29.091404048686545,-1.176792265754857,0.03510991657744646,-29.091404048686545,-1.176792265754857,0.9830487913960608,-0.14849852823602186,0.481022281590847
4846846846.846847,0.9825795768508553,-0.15264534042033767,0.45709602436745306,0.03535095389855468,-29.03197725697997,-1.1806017287926105,0.03535095389855468,-29.03197725697997,-1.1806017287926105,0.9829722618206017,-0.14917474423659216,0.47744590251058755
4852852852.852853,0.9825013127641262,-0.1533372134357485,0.4534489286792048,0.035594135210479584,-28.97243108298692,-1.1844147006740906,0.035594135210479584,-28.97243108298692,-1.1844147006740906,0.9828952428771303,-0.14985533745233745,0.4738652588080208
4858858858.858859,0.9824225518779846,-0.15403353391665806,0.4497974275792824,0.03583948646695049,-28.91276443676493,-1.188231224961747,0.03583948646695049,-28.91276443676493,-1.188231224961747,0.9828177285669127,-0.15054036192340708,0.4702803047200916
4864864864.864864,0.982343288093174,-0.1547343568580258,0.4461414746068855,0.03608703401197273,-28.852976221468243,-1.192051345908988,0.03608703401197273,-28.852976221468243,-1.192051345908988,0.9827397127853662,-0.15122987264910762,0.46669099394193336
4870870870.870871,0.9822635152022378,-0.15543973823612112,0.4424810227471046,0.03633680458668399,-28.793065333287963,-1.1958751084702302,0.03633680458668399,-28.793065333287963,-1.1958751084702302,0.9826611893197721,-0.15192392560876716,0.46309727961852265
4876876876.876877,0.9821832268871379,-0.15614973503026203,0.438816024422359,0.03658882533635008,-28.733030661391222,-1.1997025583111223,0.03658882533635008,-28.733030661391222,-1.1997025583111223,0.9825821518468933,-0.1526225777834733,0.45949911433624685
4882882882.882883,0.9821024167168771,-0.15686440524454529,0.4351464314836907,0.03684312381750297,-28.67287108785938,-1.203533741818927,0.03684312381750297,-28.67287108785938,-1.203533741818927,0.982502593930613,-0.15332588717764353,0.455896450114132
4888888888.888889,0.9820210781449747,-0.15758380793089788,0.43147219520188623,0.03709972800522358,-28.61258548762551,-1.2073687061130853,0.03709972800522358,-28.61258548762551,-1.2073687061130853,0.9824225090193889,-0.15403391284224305,0.4522892383951137
4894894894.894895,0.9819392045069643,-0.15830800321195285,0.42779326625839953,0.03735866630057478,-28.552172728410497,-1.2112074990559558,0.03735866630057478,-28.552172728410497,-1.2112074990559558,0.9823418904437816,-0.15474671489737696,0.44867743003697597
4900900900.900901,0.9818567890177844,-0.15903705230489742,0.4241095947361686,0.037619967538185264,-28.491631670658624,-1.2150501692637379,0.037619967538185264,-28.491631670658624,-1.2150501692637379,0.9822607314138324,-0.1554643545562365,0.44506097530322003
4906906906.906907,0.9817738247690944,-0.15977101754601342,0.4204211301101668,0.037883660993990244,-28.43096116747183,-1.2188967661175736,0.037883660993990244,-28.43096116747183,-1.2188967661175736,0.9821790250163679,-0.15618689414971287,0.4414398238536959
4912912912.912913,0.9816903047265345,-0.16050996241572715,0.4167278212378212,0.0381497763931311,-28.370160064543157,-1.2227473397748483,0.0381497763931311,-28.370160064543157,-1.2227473397748483,0.9820967642122953,-0.15691439715112315,0.43781392473507036
4918918918.918919,0.9816062217269363,-0.16125395156413455,0.4130296163492661,0.03841834391801858,-28.3092272000891,-1.2266019411806868,0.03841834391801858,-28.3092272000891,-1.2266019411806868,0.9820139418337759,-0.15764692820203963,0.43418322637110823
4924924924.924925,0.9815215684754218,-0.1620030508375328,0.4093264630373424,0.03868939421656287,-28.24816140478091,-1.2304606220796437,0.03868939421656287,-28.24816140478091,-1.2304606220796437,0.9819305505813657,-0.1583845531384344,0.4305476765527803
4930930930.930931,0.9814363375424565,-0.16275732730538944,0.40561830824743644,0.038962958410574934,-28.186961501674812,-1.2343234350276104,0.038962958410574934,-28.186961501674812,-1.2343234350276104,0.981846583021029,-0.15912733901797924,0.42690722242816276
4936936936.936937,0.9813505213608041,-0.16351684928821353,0.401905098267146,0.03923906810434254,-28.12562630614125,-1.2381904334039147,0.03923906810434254,-28.12562630614125,-1.2381904334039147,0.9817620315811316,-0.15987535414755316,0.42326181049211015
4942942942.942943,0.9812641122224256,-0.16428168638594876,0.3981867787156792,0.03951775539338557,-28.064154625792966,-1.2420616714236503,0.03951775539338557,-28.064154625792966,-1.2420616714236503,0.9816768885493274,-0.16062866811172355,0.4196113865757824
4948948948.948949,0.9811771022752769,-0.16505190950729337,0.3944632945330915,0.0397990528733954,-28.002545260411864,-1.245937204150228,0.0397990528733954,-28.002545260411864,-1.245937204150228,0.9815911460693441,-0.16138735180215286,0.41595589583590753
4954954954.954955,0.9810894835200294,-0.16582759089973897,0.390734589969296,0.040082993649361034,-27.940797001874955,-1.2498170875081458,0.040082993649361034,-27.940797001874955,-1.2498170875081458,0.9815047961377493,-0.1621514774472059,0.4122952827438814
4960960960.960961,0.9810012478067209,-0.16660880418026053,0.3870006085728478,0.040369611344888194,-27.87890863407904,-1.2537013782959874,0.040369611344888194,-27.87890863407904,-1.2537013782959874,0.9814178306005288,-0.16292111864326472,0.40862949107460456
4966966966.966967,0.9809123868312773,-0.1673956243671787,0.3832612931795046,0.04065894011171533,-27.816878932864157,-1.2575901341996742,0.04065894011171533,-27.816878932864157,-1.2575901341996742,0.9813302411497005,-0.1636963503857472,0.40495846389512746
4972972972.972973,0.9808228921319757,-0.16818812791258664,0.37951658590056647,0.04095101463943112,-27.754706665935963,-1.2614834138059443,0.04095101463943112,-27.754706665935963,-1.2614834138059443,0.9812420193197229,-0.1644772491019925,0.40128214355302283
4978978978.978979,0.9807327550858218,-0.16898639273556584,0.3757664281109795,0.04124587016539812,-27.69239059278686,-1.265381276616089,0.04124587016539812,-27.69239059278686,-1.265381276616089,0.9811531564838629,-0.1652638926845386,0.3976004716646286
4984984984.984985,0.9806419669047913,-0.16979049825665082,0.37201076043717923,0.041543542484888694,-27.629929464615834,-1.2692837830599477,0.041543542484888694,-27.629929464615834,-1.2692837830599477,0.9810636438504836,-0.16605636052514836,0.3939133891029154
4990990990.990991,0.9805505186319988,-0.17060052543297424,0.3682495227447218,0.04184406796143644,-27.567322024247186,-1.2731909945101594,0.04184406796143644,-27.567322024247186,-1.2731909945101594,0.980973472459222,-0.16685473354984842,0.3902208359851798
4996996996.996997,0.9804584011377587,-0.17141655679440937,0.364482654125631,0.042147483537410595,-27.504567006047807,-1.2771029732966848,0.042147483537410595,-27.504567006047807,-1.2771029732966848,0.9808826331769801,-0.16765909425566256,0.386522751660488
5003003003.003003,0.9803656051155379,-0.17223867648071722,0.360710092885482,0.04245382674481642,-27.441663135843378,-1.2810197827216068,0.04245382674481642,-27.441663135843378,-1.2810197827216068,0.9807911166939629,-0.16846952674697785,0.38281907469689314
5009009009.009009,0.9802721210778139,-0.17306697027957563,0.3569317765302936,0.042763135716329385,-27.378609130833098,-1.2849414870742053,0.042763135716329385,-27.378609130833098,-1.2849414870742053,0.9806989135194853,-0.16928611677399324,0.379109742868289
5015015015.015015,0.9801779393517651,-0.17390152566614075,0.3531476417530337,0.04307544919656715,-27.31540369950316,-1.2888681516463343,0.04307544919656715,-27.31540369950316,-1.2888681516463343,0.9806060139777037,-0.17010895177188917,0.375394693141102
5021021021.021021,0.9800830500749416,-0.174742431842833,0.34935762441993234,0.04339080655360643,-27.2520455415388,-1.2927998427480945,0.04339080655360643,-27.2520455415388,-1.2927998427480945,0.980512408203241,-0.1709381209009844,0.37167386166063837
5027027027.027027,0.9799874431907201,-0.17558977978108214,0.3455616595565041,0.04370924779074911,-27.188533347735138,-1.2967366277237868,0.04370924779074911,-27.188533347735138,-1.2967366277237868,0.9804180861366997,-0.17177371508793704,0.36794718373715807
5033033033.033033,0.9798911084436853,-0.17644366226378067,0.3417596813332258,0.04403081355854599,-27.124865799906456,-1.3006785749682193,0.04403081355854599,-27.124865799906456,-1.3006785749682193,0.9803230375199985,-0.1726158270685581,0.36421459383174254
5039039039.039039,0.9797940353748699,-0.1773041739290434,0.3379516230509787,0.04435554516708243,-27.061041570794142,-1.3046257539432944,0.04435554516708243,-27.061041570794142,-1.3046257539432944,0.9802272518916645,-0.17346455143107734,0.3604760255417048
5045045045.045045,0.9796962133168854,-0.17817141131498568,0.3341374171261531,0.044683484598533774,-26.99705932397321,-1.3085782351949555,0.044683484598533774,-26.99705932397321,-1.3085782351949555,0.9801307185819106,-0.174319984661361,0.35673141158588645
5051051051.051051,0.9795976313888879,-0.17904547290603315,0.3303169950754287,0.04501467451999645,-26.93291771375733,-1.312536090370443,0.04501467451999645,-26.93291771375733,-1.312536090370443,0.9800334267076479,-0.17518222518876855,0.35298068378942776
5057057057.057057,0.9794982784913973,-0.1799264591805828,0.3264902875002831,0.04534915829660224,-26.868615385102366,-1.3164993922359256,0.04534915829660224,-26.868615385102366,-1.3164993922359256,0.9799353651672936,-0.1760513734338812,0.34922377306845975
5063063063.063063,0.9793981433010244,-0.1808144726595469,0.322657224071112,0.045686980004921704,-26.804150973508555,-1.3204682146944589,0.045686980004921704,-26.804150973508555,-1.3204682146944589,0.979836522635513,-0.17692753185687377,0.34546060941426965
5069069069.069069,0.9792972142649963,-0.18170961795675292,0.3188177335110598,0.046028184446666086,-26.73952310492085,-1.3244426328043208,0.046028184446666086,-26.73952310492085,-1.3244426328043208,0.9797368875577183,-0.17781080500811106,0.3416911218772404
5075075075.075075,0.9791954795955553,-0.18261200183052906,0.31497174357947155,0.046372817162692384,-26.67473039562808,-1.3284227227977266,0.046372817162692384,-26.67473039562808,-1.3284227227977266,0.979636448144485,-0.17870129957953723,0.33791523855040784
5081081081.081081,0.9790929272641754,-0.18352173323698184,0.3111191810550156,0.046720924447321344,-26.609771452160373,-1.3324085620999013,0.046720924447321344,-26.609771452160373,-1.3324085620999013,0.9795351923658073,-0.1795991244575707,0.33413288655266987
5087087087.087088,0.9789895449956691,-0.18443892338431636,0.3072599717184493,0.047072553362975625,-26.54464487118493,-1.3364002293485762,0.047072553362975625,-26.54464487118493,-1.3364002293485762,0.9794331079451485,-0.1805043907778786,0.3303439920116806
5093093093.093093,0.9788853202620486,-0.18536368578941645,0.303394040334962,0.04742775175514658,-26.479349239400214,-1.3403978044138676,0.04742775175514658,-26.479349239400214,-1.3403978044138676,0.9793301823533742,-0.18141721198127211,0.326548480046259
5099099099.099099,0.978780240276289,-0.1862961363353645,0.2995213106362228,0.04778656826769634,-26.413883133428662,-1.3444013684185716,0.04778656826769634,-26.413883133428662,-1.3444013684185716,0.9792264028024265,-0.18233770387197962,0.32274627474858253
5105105105.105105,0.9786742919858563,-0.1872363933311423,0.29564170530195405,0.0481490523585062,-26.348245119707542,-1.3484110037588874,0.0481490523585062,-26.348245119707542,-1.3484110037588874,0.9791217562389457,-0.18326598467645783,0.3189372991658527
5111111111.111111,0.9785674620660816,-0.18818457757277435,0.291755145941158,0.04851525431547876,-26.282433754378133,-1.352426794125574,0.04851525431547876,-26.282433754378133,-1.352426794125574,0.9790162293376252,-0.18420217510466627,0.31512147528164675
5117117117.117117,0.9784597369133338,-0.18914081240634664,0.28786155307291483,0.04888522527290205,-26.216447583173405,-1.3564488245255533,0.04888522527290205,-26.216447583173405,-1.3564488245255533,0.9789098084943494,-0.18514639841334402,0.3112987239968067
5123123123.123123,0.9783511026379914,-0.19010522379290726,0.2839608461067615,0.04925901722818714,-26.150285141303705,-1.360477181303967,0.04925901722818714,-26.150285141303705,-1.360477181303967,0.9788024798192092,-0.18609878047046888,0.3074689651099594
5129129129.129129,0.9782415450572196,-0.19107794037518894,0.2800529433226381,0.04963668305898695,-26.083944953340826,-1.364511952166712,0.04963668305898695,-26.083944953340826,-1.364511952166712,0.9786942291292927,-0.1870594498218085,0.3036321172975756
5135135135.135136,0.9781310496875515,-0.19205909354616785,0.2761377618503988,0.05001827654070614,-26.01742553310039,-1.3685532262034539,0.05001827654070614,-26.01742553310039,-1.3685532262034539,0.9785850419411997,-0.18802853776001774,0.299788098093603
5141141141.141141,0.9780196017371966,-0.19304881752015057,0.2722152176488694,0.05040385236441419,-25.95072538352213,-1.3726010939111333,0.05040385236441419,-25.95072538352213,-1.3726010939111333,0.978474903463444,-0.1890061783948346,0.2959368238686303
5147147147.147147,0.9779071860981852,-0.19404724940542745,0.2682852254844166,0.05079346615516905,-25.883842996548697,-1.376655647217992,0.05079346615516905,-25.883842996548697,-1.376655647217992,0.9783637985885739,-0.18999250872589118,0.2920782098086363
5153153153.153153,0.9777937873382686,-0.19505452927920264,0.26434769890907334,0.05118717449076462,-25.816776853002374,-1.3807169795081027,0.05118717449076462,-25.816776853002374,-1.3807169795081027,0.9782517118850415,-0.19098766871785797,0.2882121698931931
5159159159.159159,0.977679389692554,-0.19607080026500473,0.26040255023817066,0.051585034920911516,-25.749525422460046,-1.3847851856464568,0.051585034920911516,-25.749525422460046,-1.3847851856464568,0.9781386275888702,-0.19199180137749908,0.284338616873232
5165165165.165165,0.9775639770549117,-0.19709620861223312,0.2564496905274234,0.05198710598686339,-25.682087163126198,-1.388860362004582,0.05198710598686339,-25.682087163126198,-1.388860362004582,0.9780245295950754,-0.19300505283304417,0.28045746224834034
5171171171.171171,0.9774475329691267,-0.19813090377811257,0.2524890295495577,0.05239344724149982,-25.614460521704014,-1.3929426064867474,0.05239344724149982,-25.614460521704014,-1.3929426064867474,0.977909401448828,-0.19402757241596363,0.2765686162434322
5177177177.177177,0.9773300406197927,-0.19917503851205817,0.24852047577039077,0.052804119269877665,-25.5466439332646,-1.3970320185567238,0.052804119269877665,-25.5466439332646,-1.3970320185567238,0.9777932263363008,-0.19505951274569605,0.2726719877850297
5183183183.183184,0.9772114828229066,-0.20022876894284863,0.24454393632433044,0.05321918371026411,-25.478635821114132,-1.401128699265166,0.05321918371026411,-25.478635821114132,-1.401128699265166,0.97767598707532,-0.1961010298162424,0.26876748447689425
5189189189.189189,0.9770918420162202,-0.20129225466809608,0.24055931698939065,0.05363870327566291,-25.410434596659087,-1.4052327512775906,0.05363870327566291,-25.410434596659087,-1.4052327512775906,0.9775576661057316,-0.19715228308543226,0.26485501257519173
5195195195.195195,0.9769711002492675,-0.2023656588467511,0.23656652216157145,0.054062741775847974,-25.34203865926939,-1.4093442789029873,0.054062741775847974,-25.34203865926939,-1.4093442789029873,0.9774382454793814,-0.1982134355677772,0.2609344769630297
5201201201.201201,0.9768492391730926,-0.2034491482944206,0.23256545482865165,0.05449136413991636,-25.273446396139665,-1.4134633881230814,0.05449136413991636,-25.273446396139665,-1.4134633881230814,0.9773177068499103,-0.19928465392911734,0.2570057811244145
5207207207.207207,0.9767262400297155,-0.2045428935811885,0.22855601654346586,0.05492463643937603,-25.204656182148277,-1.4175901866222516,0.05492463643937603,-25.204656182148277,-1.4175901866222516,0.9771960314621317,-0.20036610858513937,0.25306882711767525
5213213213.213213,0.97660208364119,-0.20564706913322126,0.22453810739643693,0.055362625911781184,-25.1356663797144,-1.421724783818139,0.055362625911781184,-25.1356663797144,-1.421724783818139,0.9770732001412548,-0.20145797380144304,0.24912351554814532
5219219219.219219,0.9764767503984195,-0.20676185333671226,0.22051162598755902,0.05580540098493157,-25.066475338652868,-1.4258672908929513,0.05580540098493157,-25.066475338652868,-1.4258672908929513,0.9769491932815311,-0.2025604277988942,0.24516974554038845
5225225225.225225,0.9763502202495503,-0.20788742864576198,0.2164764693977164,0.056253031301647896,-24.99708139602708,-1.4300178208254923,0.056253031301647896,-24.99708139602708,-1.4300178208254923,0.9768239908347577,-0.20367365286045103,0.24120741470959756
5231231231.231232,0.9762224726880726,-0.20902398169305583,0.21243253315930566,0.05670558774514259,-24.92748287599956,-1.4341764884239183,0.05670558774514259,-24.92748287599956,-1.4341764884239183,0.9766975722983803,-0.20479783544172905,0.23723641913242585
5237237237.237237,0.976093486740499,-0.21017170340449806,0.20837971122618346,0.05716314246499832,-24.85767808968052,-1.438343410359281,0.05716314246499832,-24.85767808968052,-1.438343410359281,0.9765699167031499,-0.20593316628573793,0.23325665331717638
5243243243.243243,0.9759632409537116,-0.21133078911700579,0.20431789594292996,0.05762576890377326,-24.78766533497415,-1.4425187051998214,0.05762576890377326,-24.78766533497415,-1.4425187051998214,0.9764410026004765,-0.2070798405405203,0.22926801017315618
5249249249.249249,0.975831713381872,-0.2125014387004085,0.2002469780133423,0.0580935418242487,-24.71744289642271,-1.4467024934460937,0.0580935418242487,-24.71744289642271,-1.4467024934460937,0.9763108080493803,-0.20823805788059105,0.2252703809794177
5255255255.255255,0.9756988815729477,-0.2136838566829968,0.1961668464682201,0.058566537337336556,-24.647009045048453,-1.450894897566896,0.058566537337336556,-24.647009045048453,-1.450894897566896,0.976179310602992,-0.2094080226326087,0.22126365535275158
5261261261.261261,0.9755647225548179,-0.21487825238104413,0.1920773886323796,0.059044832930665404,-24.57636203819319,-1.455096042036066,0.059044832930665404,-24.57636203819319,-1.455096042036066,0.9760464872946666,-0.2105899439047278,0.2172477212148303
5267267267.267267,0.9754292128209151,-0.2160848400327161,0.18797849009085557,0.05952850749786157,-24.505500119355847,-1.4593060533701285,0.05952850749786157,-24.505500119355847,-1.4593060533701285,0.975912314623665,-0.21178403572004095,0.2132224647586881
5273273273.273273,0.9752923283154492,-0.21730383893595961,0.18387003465431923,0.06001764136854788,-24.43442151802739,-1.4635250601668766,0.06001764136854788,-24.43442151802739,-1.4635250601668766,0.975776768540375,-0.21299051715438233,0.2091877704143394
5279279279.27928,0.9751540444181507,-0.21853547359093928,0.17975190432367977,0.0605123163390748,-24.363124449523834,-1.4677531931448278,0.0605123163390748,-24.363124449523834,-1.4677531931448278,0.9756398244310137,-0.21420961247901163,0.20514352081354806
5285285285.285285,0.975014335928494,-0.21977997384739334,0.17562397925377357,0.06101261570400884,-24.291607114816646,-1.4719905851836765,0.06101261570400884,-24.291607114816646,-1.4719905851836765,0.9755014571019565,-0.215441551306912,0.20108959675377747
5291291291.291291,0.9748731770494903,-0.2210375750561197,0.171486137716247,0.06151862428839527,-24.219867700361043,-1.4762373713656862,0.06151862428839527,-24.219867700361043,-1.4762373713656862,0.9753616407634305,-0.21668656874503286,0.19702587716130415
5297297297.2972975,0.974730541370885,-0.2223085182260787,0.1673382560614907,0.062030428480818946,-24.147904377921833,-1.480493689018113,0.062030428480818946,-24.147904377921833,-1.480493689018113,0.9752203490128087,-0.21794490555040497,0.19295223905336895
5303303303.303303,0.9745864018518691,-0.22359305018614883,0.16318020867965852,0.06254811626728324,-24.07571530439707,-1.4847596777566383,0.06254811626728324,-24.07571530439707,-1.4847596777566383,0.9750775548172955,-0.21921680829199597,0.18886855749941417
5309309309.309309,0.97444073080319,-0.22489142375257481,0.15901186796073516,0.06307177726593223,-24.003298621639146,-1.4890354795298846,0.06307177726593223,-24.003298621639146,-1.4890354795298846,0.97493323049603,-0.22050252951808516,0.18477470558144474
5315315315.315315,0.974293499868732,-0.22620389790150353,0.1548331042536405,0.06360150276263639,-23.930652456273766,-1.493321238665011,0.06360150276263639,-23.930652456273766,-1.493321238665011,0.9747873477017005,-0.22180232792835206,0.18067055435335666
5321321321.3213215,0.9741446800064526,-0.22753073794762463,0.15064378582428398,0.06413738574746862,-23.857774919516398,-1.497617101914435,0.06413738574746862,-23.857774919516398,-1.497617101914435,0.974639877401514,-0.22311646855208067,0.17655597279921872
5327327327.327328,0.9739942414687177,-0.2288722157285675,0.14644377881262208,0.06467952095209348,-23.784664106986455,-1.501923218503721,0.06467952095209348,-23.784664106986455,-1.501923218503721,0.9744907898574725,-0.22444522293292613,0.17243082779067373
5333333333.333333,0.9738421537819859,-0.23022860979550921,0.14223294718864832,0.06522800488809584,-23.711318098519065,-1.5062397401806407,0.06522800488809584,-23.711318098519065,-1.5062397401806407,0.9743400546061594,-0.2257888693184525,0.16829498404311105
5339339339.339339,0.9736883857258479,-0.23160020560995764,0.1380111527072554,0.06578293588627568,-23.637734957974498,-1.5105668212654857,0.06578293588627568,-23.637734957974498,-1.5105668212654857,0.9741876404376967,-0.22714769285748812,0.16414830407086864
5345345345.3453455,0.9735329053113155,-0.23298729574767865,0.13377825486200695,0.06634441413693416,-23.5639127330453,-1.5149046187026063,0.06634441413693416,-23.5639127330453,-1.5149046187026063,0.9740335153741171,-0.228521985803144,0.15999064814125388
5351351351.351352,0.9733756797584753,-0.2343901801087582,0.12953411083772037,0.0669125417311818,-23.48984945506093,-1.5192532921132855,0.0669125417311818,-23.48984945506093,-1.5192532921132855,0.9738776466470044,-0.22991204772281748,0.15582187422745408
5357357357.357357,0.9732166754733282,-0.23580916613541783,0.12527857546189294,0.06748742270329448,-23.41554313879021,-1.5236130038499185,0.06748742270329448,-23.41554313879021,-1.5236130038499185,0.9737200006743213,-0.2313181857159337,0.15164183796023964
5363363363.363363,0.9730558580238801,-0.23724456903703617,0.12101150115485469,0.06806916307414913,-23.340991782241296,-1.5279839190515865,0.06806916307414913,-23.340991782241296,-1.5279839190515865,0.9735605430365725,-0.23274071463812923,0.14745039257841655
5369369369.3693695,0.9728931921154439,-0.23869671202273451,0.1167327378786891,0.06865787089576735,-23.266193366459515,-1.5323662057010372,0.06865787089576735,-23.266193366459515,-1.5323662057010372,0.9733992384520652,-0.23417995733401922,0.14324738887809899
5375375375.375376,0.9727286415650986,-0.24016592654206972,0.11244213308487337,0.06925365629700105,-23.191145855322667,-1.5367600346831298,0.06925365629700105,-23.191145855322667,-1.5367600346831298,0.973236050751405,-0.23563624487735768,0.13903267516064496
5381381381.381382,0.9725621692752769,-0.24165255253409026,0.10813953166051486,0.06985663153038914,-23.115847195334297,-1.5411655798447712,0.06985663153038914,-23.115847195334297,-1.5411655798447712,0.9730709428510997,-0.23710991681973653,0.13480609717927108
5387387387.387387,0.9723937372064958,-0.24315693868467153,0.10382477587329142,0.07046691102022189,-23.040295315414486,-1.5455830180564099,0.07046691102022189,-23.040295315414486,-1.5455830180564099,0.9729038767262833,-0.2386013214477728,0.1305674980842714
5393393393.3933935,0.972223306349091,-0.24467944269340128,0.09949770531491818,0.07108461141184505,-22.964488126688522,-1.550012529275121,0.07108461141184505,-22.964488126688522,-1.550012529275121,0.9727348133825042,-0.24011081604928194,0.12631671836689615
5399399399.3994,0.9720508366940652,-0.24622043154907158,0.09515815684318446,0.07170985162223878,-22.888423522273442,-1.5544542966093156,0.07170985162223878,-22.888423522273442,-1.5544542966093156,0.972563712826547,-0.24163876718877614,0.12205359580172519
5405405405.405405,0.9718762872028848,-0.24778028181527822,0.09080596452247759,0.0723427528919096,-22.812099377062317,-1.5589085063851627,0.0723427528919096,-22.812099377062317,-1.5589085063851627,0.9723905340362878,-0.24318555099229838,0.11777796538757493
5411411411.411411,0.971699615776248,-0.24935937992597318,0.0864409595627718,0.07298343883813231,-22.73551354750639,-1.5633753482147321,0.07298343883813231,-22.73551354750639,-1.5633753482147321,0.9722152349294299,-0.24475155344302046,0.11348965928688545
5417417417.417418,0.9715207792217827,-0.25095812249137756,0.08206297025702217,0.07363203550957899,-22.65866387139522,-1.5678550150659456,0.07363203550957899,-22.65866387139522,-1.5678550150659456,0.9720377723312569,-0.24633717068639263,0.10918850676347922
5423423423.423424,0.971339733220623,-0.2525769166147513,0.07767182191691803,0.07428867144237566,-22.581548167634896,-1.5723477033343574,0.07428867144237566,-22.581548167634896,-1.5723477033343574,0.971858101941236,-0.2479428093464134,0.1048743341187485
5429429429.42943,0.9711564322928221,-0.2542161802204407,0.07326733680696047,0.07495347771762961,-22.504164236024064,-1.5768536129168593,0.07495347771762961,-22.504164236024064,-1.5768536129168593,0.9716761782983806,-0.249568886853847,0.10054696462614829
5435435435.435435,0.9709708297615416,-0.25587634239379975,0.06884933407678122,0.07562658802046594,-22.426509857028286,-1.5813729472873286,0.07562658802046594,-22.426509857028286,-1.5813729472873286,0.9714919547455568,-0.25121583178480056,0.09620621846393684
5441441441.441442,0.9707828777160161,-0.2575578437330216,0.06441762969169837,0.07630813870062025,-22.348582791552396,-1.5859059135743134,0.07630813870062025,-22.348582791552396,-1.5859059135743134,0.9713053833923817,-0.25288408421285713,0.09185191264618059
5447447447.447448,0.9705925269731812,-0.25926113671395923,0.05997203636142943,0.0769982688346288,-22.270380780711335,-1.5904527226407823,0.0769982688346288,-22.270380780711335,-1.5904527226407823,0.971116415076912,-0.25457409607303305,0.08748386095192115
5453453453.453453,0.9703997270379612,-0.26098668606800146,0.05551236346686501,0.0776971202896666,-22.191901545599073,-1.5950135891660446,0.0776971202896666,-22.191901545599073,-1.5950135891660446,0.9709249993259719,-0.2562863315389785,0.08310187385244426
5459459459.459459,0.9702044260621651,-0.26273496917353706,0.05103841698496092,0.07840483778907631,-22.113142787056212,-1.5995887317298703,0.07840483778907631,-22.113142787056212,-1.5995887317298703,0.9707310843140126,-0.25802126741442455,0.07870575843661172
5465465465.465466,0.9700065708018721,-0.26450647646212555,0.046549999411543745,0.07912156897964087,-22.034102185435906,-1.6041783728988888,0.07912156897964087,-22.034102185435906,-1.6041783728988888,0.9705346168205675,-0.2597793935383857,0.07429531833418596
5471471471.471472,0.9698061065733483,-0.26630171183907164,0.042046909682081704,0.07984746450064624,-21.954777400368748,-1.6087827393153535,0.07984746450064624,-21.954777400368748,-1.6087827393153535,0.9703355421861751,-0.261561213205312,0.06987035363713577
5477477477.477478,0.9696029772073378,-0.26812119311986443,0.03752894309032141,0.08058267805479163,-21.875166070526014,-1.6134020617883293,0.08058267805479163,-21.875166070526014,-1.6134020617883293,0.9701338042667095,-0.2633672436008013,0.06543066081876785
5483483483.483483,0.9693971250017362,-0.2699654524824995,0.03299589120468836,0.08132736648099409,-21.795265813382237,-1.6180365753873742,0.08132736648099409,-21.795265813382237,-1.6180365753873742,0.9699293453860288,-0.26519801625375045,0.06097603265070339
5489489489.48949,0.9691884906725349,-0.27183503693675226,0.02844754178244987,0.08208168982914837,-21.715074224976526,-1.6226865195388132,0.08208168982914837,-21.715074224976526,-1.6226865195388132,0.9697221062870255,-0.26705407750427235,0.05650625811756015
5495495495.495496,0.9689770133029904,-0.2737305088108867,0.023883678681539615,0.08284581143689451,-21.634588879673288,-1.6273521381246636,0.08284581143689451,-21.634588879673288,-1.6273521381246636,0.9695120260807265,-0.2689359889906024,0.05202112232941185
5501501501.501501,0.9687626302909439,-0.2756524462565751,0.01930408176993131,0.08361989800845367,-21.553807329922265,-1.6320336795843144,0.08361989800845367,-21.553807329922265,-1.6320336795843144,0.9692990421937405,-0.2708443281524315,0.047520406431707615
5507507507.507507,0.9685452772942096,-0.27760144377283613,0.014708526832564343,0.0844041196955924,-21.472727106018073,-1.636731397019034,0.0844041196955924,-21.472727106018073,-1.636731397019034,0.96908309031357,-0.27277968875506775,0.04300388751283765
5513513513.513514,0.9683248881739634,-0.2795781127497028,0.010096785475715972,0.08519865018077563,-21.391345715859536,-1.6414455482993968,0.08519865018077563,-21.391345715859536,-1.6414455482993968,0.9688641043321213,-0.27474268143154246,0.03847133850913167
5519519519.51952,0.9681013949360195,-0.2815830820327435,0.005468625028671859,0.08600366676257185,-21.309660644709155,-1.6461763961757294,0.08600366676257185,-21.309660644709155,-1.6461763961757294,0.9686420162869608,-0.27673393424681647,0.03392252810720676
5525525525.525526,0.9678747276699923,-0.28361699850855293,0.0008238084427654226,0.0868193504433799,-21.227669354952386,-1.6509242083916622,0.0868193504433799,-21.227669354952386,-1.6509242083916622,0.968416756300499,-0.27875409328255474,0.029357220643613888
5531531531.531531,0.9676448144861126,-0.2856805277134123,-0.003837905812496754,0.08764588601953781,-21.14536928585778,-1.6556892578008944,0.08764588601953781,-21.14536928585778,-1.6556892578008944,0.9681882525168843,-0.2808038232445561,0.024775176001744385
5537537537.537538,0.9674115814497685,-0.2877743544646129,-0.008516763856095797,0.08848346217389023,-21.06275785333747,-1.6604718224872697,0.08848346217389023,-21.06275785333747,-1.6604718224872697,0.9679564310365226,-0.28288380809370645,0.020176149505826208
5543543543.543544,0.9671749525135414,-0.2898991835166178,-0.013213016505246703,0.08933227157088004,-20.97983244970886,-1.6652721858882733,0.08933227157088004,-20.97983244970886,-1.6652721858882733,0.9677212158482063,-0.2849947517007236,0.015559891811957617
5549549549.549549,0.9669348494467106,-0.29205574024245884,-0.01792691938812735,0.09019251095424001,-20.896590443457526,-1.6700906369220427,0.09019251095424001,-20.896590443457526,-1.6700906369220427,0.9674825287585791,-0.2871373785273027,0.010926148796084546
5555555555.555555,0.9666911917621007,-0.29424477134163307,-0.022658733059861456,0.09106438124736002,-20.81302917900169,-1.6749274701180448,0.09106438124736002,-20.81302917900169,-1.6749274701180448,0.9672402893190966,-0.28931243433236886,0.006274661438868554
5561561561.561562,0.9664438966401352,-0.2964670455758841,-0.027408723121751723,0.09194808765640636,-20.729145976458646,-1.6797829857514879,0.09194808765640636,-20.729145976458646,-1.6797829857514879,0.9669944147500713,-0.29152068690727134,0.0016051657072504535
5567567567.567568,0.9661928788500228,-0.29872335453369603,-0.032177160343838856,0.0928438397762723,-20.64493813141359,-1.6846574899816291,0.0928438397762723,-20.64493813141359,-1.6846574899816291,0.9667448198619076,-0.2937629268391609,-0.0030826075672888984
5573573573.573574,0.9659380506679289,-0.3010145134250062,-0.03696432079101115,0.09375185169944367,-20.560402914691007,-1.6895512949940834,0.09375185169944367,-20.560402914691007,-1.6895512949940834,0.9664914169733263,-0.29603996830450496,-0.007788932813974782
5579579579.579579,0.965679321792013,-0.30334136190738864,-0.04177048595268023,0.094672342127861,-20.47553757212932,-1.694464719147273,0.094672342127861,-20.47553757212932,-1.694464719147273,0.966234115826415,-0.2983526498944091,-0.012514089851467364
5585585585.585586,0.9654165992541928,-0.3057047649451639,-0.04659594287614567,0.09560553448786614,-20.390339324359083,-1.6993980871231427,0.09560553448786614,-20.390339324359083,-1.6993980871231427,0.9659728234984526,-0.300701835472412,-0.017258364020361516
5591591591.591592,0.9651497873284984,-0.30810561370287776,-0.051440984303816266,0.09655165704832039,-20.304805366585285,-1.7043517300822906,0.09655165704832039,-20.304805366585285,-1.7043517300822906,0.9657074443103395,-0.3030884150664628,-0.02202204631939303
5597597597.597597,0.9648787874358798,-0.310544826474605,-0.056305908814324034,0.0975109430419868,-20.21893286837422,-1.7093259858236514,0.0975109430419868,-20.21893286837422,-1.7093259858236514,0.9654378797314059,-0.305513305797374,-0.02680543354560972
5603603603.603603,0.9646034980453156,-0.31302334965068,-0.06119102096775496,0.09848363079026952,-20.132718973445414,-1.7143211989488931,0.09848363079026952,-20.132718973445414,-1.7143211989488931,0.9651640282805722,-0.3079774528442069,-0.03160882843856161
5609609609.60961,0.9643238145710455,-0.31554215872371827,-0.06609663145503865,0.09946996383140225,-20.046160799469533,-1.719337721031655,0.09946996383140225,-20.046160799469533,-1.719337721031655,0.9648857854236274,-0.3104818304489566,-0.03643253982861567
5615615615.615616,0.9640396292657628,-0.31810225933566944,-0.07102305725169766,0.10047019105219082,-19.95925543787235,-1.724375910791826,0.10047019105219082,-19.95925543787235,-1.724375910791826,0.9646030434665543,-0.31302744296144536,-0.04127688278964949
5621621621.621622,0.9637508311096336,-0.3207046883673934,-0.07597062177604627,0.1014845668234025,-19.87199995364599,-1.7294361342749929,0.1014845668234025,-19.87199995364599,-1.7294361342749929,0.9643156914444753,-0.31561532592856484,-0.04614217879607523
5627627627.627627,0.9634573056949082,-0.3233505150731827,-0.08093965505196551,0.10251335113891082,-19.784391385167783,-1.7345187650372482,0.10251335113891082,-19.784391385167783,-1.7345187650372482,0.9640236150064218,-0.3182465472263164,-0.051028755884473684
5633633633.633634,0.9631589351059585,-0.32604084226206076,-0.08593049387650988,0.10355680975869785,-19.69642674402771,-1.7396241843355345,0.10355680975869785,-19.69642674402771,-1.7396241843355345,0.9637266962953418,-0.3209222082402882,-0.05593694881997254
5639639639.63964,0.9628555977945328,-0.328776807528084,-0.09094348199233311,0.10461521435582219,-19.60810301486521,-1.7447527813237007,0.10461521435582219,-19.60810301486521,-1.7447527813237007,0.9634248138235116,-0.3236434450933977,-0.06086709926743197
5645645645.645645,0.962547168450033,-0.3315595845317821,-0.09597897026522917,0.10568884266746477,-19.519417155216022,-1.7499049532544642,0.10568884266746477,-19.519417155216022,-1.7499049532544642,0.9631178423428143,-0.3264114299261251,-0.06581955596768117
5651651651.651651,0.9622335178645897,-0.33439038433516677,-0.1010373168668825,0.10677797865016145,-19.430366095370395,-1.7550811056874782,0.10677797865016145,-19.430366095370395,-1.7550811056874782,0.9628056527098695,-0.3292273722297756,-0.07079467491889749
5657657657.657658,0.9619145127926981,-0.3372704567928697,-0.10611888746296667,0.10788291263934043,-19.34094673824322,-1.7602816527037022,0.10788291263934043,-19.34094673824322,-1.7602816527037022,0.9624881117457786,-0.3320925202353289,-0.0757928195633883
5663663663.663664,0.9615900158051612,-0.3402010920021595,-0.11122405540688458,0.10900394151327958,-19.251155959257453,-1.7655070171262819,0.10900394151327958,-19.251155959257453,-1.7655070171262819,0.9621650820901071,-0.3350081623617312,-0.08081436097978388
5669669669.66967,0.9612598851371479,-0.34318362181405393,-0.11635320193913537,0.1101413688616053,-19.160990606241732,-1.7707576307481725,0.1101413688616053,-19.160990606241732,-1.7707576307481725,0.9618364220490307,-0.3379756287247837,-0.08585967808099731
5675675675.675675,0.960923974530013,-0.34621942140924516,-0.12150671639268987,0.11129550515845282,-19.070447499343466,-1.7760339345667076,0.11129550515845282,-19.070447499343466,-1.7760339345667076,0.9615019854372395,-0.3409962927108165,-0.09092915781800101
5681681681.681682,0.9605821330667019,-0.3493099109409935,-0.12668499640439626,0.11246666794041159,-18.979523430958793,-1.7813363790253647,0.11246666794041159,-18.979523430958793,-1.7813363790253647,0.9611616214133728,-0.34407157261773647,-0.09602319538965529
5687687687.687688,0.9602342050003564,-0.35245655724904734,-0.1318884481327465,0.11365518198938422,-18.88821516568047,-1.7866654242629512,0.11365518198938422,-18.88821516568047,-1.7866654242629512,0.9608151743087658,-0.3472029333660376,-0.10114219445878911
5693693693.693693,0.9598800295758868,-0.3556608756473493,-0.13711748648206448,0.11486137952048296,-18.79651944026549,-1.7920215403704738,0.11486137952048296,-18.79651944026549,-1.7920215403704738,0.9604624834490768,-0.3503918882842966,-0.10628656737468058
5699699699.699699,0.9595194408441646,-0.3589244317893441,-0.14237253533345956,0.11608560037509892,-18.704432963623518,-1.7974052076559413,0.11608560037509892,-18.704432963623518,-1.7974052076559413,0.9601033829685764,-0.35364000097180204,-0.11145673540220372
5705705705.705706,0.9591522674685011,-0.36224884361463283,-0.1476540277826502,0.11732819221926859,-18.611952416828274,-1.8028169169173602,0.11732819221926859,-18.611952416828274,-1.8028169169173602,0.9597377016166826,-0.3569488872428206,-0.11665312895778529
5711711711.711712,0.9587783325230829,-0.3656357833807406,-0.1529624063849103,0.11858951074747648,-18.519074453153195,-1.80825716972421,0.11858951074747648,-18.519074453153195,-1.80825716972421,0.9593652625565519,-0.36032021715497736,-0.12187618785245816
5717717717.717718,0.9583974532829596,-0.3690869797844908,-0.15829812340738228,0.1198699198920258,-18.425795698133363,-1.8137264787076746,0.1198699198920258,-18.425795698133363,-1.8137264787076746,0.958985883155134,-0.3637557171279581,-0.12712636154215787
5723723723.723723,0.9580094410052623,-0.3726042201767999,-0.16366164108896047,0.12116979203810974,-18.332112749655842,-1.8192253678599155,0.12116979203810974,-18.332112749655842,-1.8192253678599155,0.9585993747644922,-0.3672571721552108,-0.13240410938550998
5729729729.72973,0.9576141007011749,-0.3761893528761762,-0.16905343190799435,0.12248950824472606,-18.238022178080048,-1.8247543728427027,0.12248950824472606,-18.238022178080048,-1.8247543728427027,0.9582055424938682,-0.37082642811431704,-0.13770990090937132
5735735735.735736,0.9572112308983065,-0.37984428958513883,-0.17447397885799998,0.12382945847156263,-18.14352052639101,-1.8303140413057044,0.12382945847156263,-18.14352052639101,-1.8303140413057044,0.9578041849722143,-0.37446539417958286,-0.14304421608236245
5741741741.741742,0.9568006233929941,-0.3835710079149347,-0.17992377573175938,0.1251900418119989,-18.048604310387294,-1.8359049332147672,0.1251900418119989,-18.048604310387294,-1.8359049332147672,0.9573950941005392,-0.3781760453438533,-0.14840754559655753
5747747747.747747,0.9563820629920359,-0.3873715540242667,-0.18540332741388071,0.12657166673235345,-17.953270018906487,-1.8415276211904983,0.12657166673235345,-17.953270018906487,-1.8415276211904983,0.9569780547938579,-0.381960425052651,-0.15380039115765845
5753753753.753754,0.955955327243465,-0.3912480453768421,-0.1909131501822586,0.12797475131751898,-17.857514114090645,-1.8471826908575344,0.12797475131751898,-17.857514114090645,-1.8471826908575344,0.9565528447119972,-0.3858206479586709,-0.1592232657839649
5759759759.75976,0.9555201861557482,-0.3952026736246969,-0.19645377201855907,0.1293997235231125,-17.761333031694882,-1.852870741204797,0.1293997235231125,-17.761333031694882,-1.852870741204797,0.9561192339789673,-0.3897589028006393,-0.16467669411418923
5765765765.765766,0.955076401904943,-0.39923770762299315,-0.2020257329280791,0.1308470214342793,-17.664723181441833,-1.8585923849571377,0.1308470214342793,-17.664723181441833,-1.8585923849571377,0.9556769848902829,-0.39377745541357256,-0.17016121272464754
5771771771.771772,0.9546237285292458,-0.4033554965830254,-0.2076295852692755,0.13231709353127977,-17.567680947425238,-1.8643482489587402,0.13231709353127977,-17.567680947425238,-1.8643482489587402,0.9552258516076156,-0.39787865187763416,-0.17567737045591034
5777777777.777778,0.9541619116103183,-0.40755847337068746,-0.21326589409316302,0.13381039896198443,-17.4702026885663,-1.8701389745686525,0.13381039896198443,-17.4702026885663,-1.8701389745686525,0.9547655798402889,-0.40206492181170894,-0.1812257287493031
5783783783.783784,0.9536906879408011,-0.4118491579576034,-0.21893523749297616,0.1353274078214047,-17.37228473912612,-1.8759652180688686,0.1353274078214047,-17.37228473912612,-1.8759652180688686,0.9542959065129366,-0.40633878181967054,-0.18680686199343688
5789789789.78979,0.9532097851773671,-0.416230161032769,-0.22463820696429654,0.13686860143837407,-17.273923409278414,-1.8818276510853529,0.13686860143837407,-17.273923409278414,-1.8818276510853529,0.9538165594187215,-0.4107028390968009,-0.19242135788123657
5795795795.795795,0.9527189214786265,-0.4207041877830578,-0.23037540777604112,0.13843447266949743,-17.175114985746433,-1.8877269610224219,0.13843447266949743,-17.175114985746433,-1.8877269610224219,0.9533272568574099,-0.41515979520483587,-0.19806981777750024
5801801801.801802,0.9522178051271919,-0.42527404185117607,-0.23614745935254242,0.1400255262004766,-17.075855732508273,-1.8936638515109636,0.1400255262004766,-17.075855732508273,-1.8936638515109636,0.9528277072576568,-0.4197124500237975,-0.2037528570975956
5807807807.807808,0.9517061341351513,-0.4299426294803455,-0.24195499566705012,0.14164227885490357,-16.976141891575885,-1.8996390428708563,0.14164227885490357,-16.976141891575885,-1.8996390428708563,0.9523176087825764,-0.4243637058914373,-0.20947110569730343
5813813813.813814,0.951183595832155,-0.43471296385557867,-0.247798665647033,0.14328525991062438,-16.87596968385185,-1.905653272588133,0.14328525991062438,-16.87596968385185,-1.905653272588133,0.9517966489181062,-0.429116571937428,-0.21522520827438651
5819819819.81982,0.9506498664353589,-0.4395881696512957,-0.25367913359150956,0.14495501142374248,-16.77533531006994,-1.9117072958072945,0.14495501142374248,-16.77533531006994,-1.9117072958072945,0.9512645040431171,-0.43397416862463334,-0.22101582478198087
5825825825.825826,0.950104610600268,-0.44457148779705297,-0.25959707960076484,0.14665208856033982,-16.674234951824495,-1.9178018858392822,0.14665208856033982,-16.674234951824495,-1.9178018858392822,0.9507208389804681,-0.43893973250783724,-0.22684363085422798
5831831831.831832,0.9495474809517164,-0.4496662804716457,-0.26555320001884386,0.14837705993596148,-16.572664772695006,-1.9239378346855942,0.14837705993596148,-16.572664772695006,-1.9239378346855942,0.9501653065282192,-0.44401662122037194,-0.23270931824449476
5837837837.837838,0.9489781175938867,-0.4548760363391636,-0.27154820788899664,0.15013050796291097,-16.47062091947192,-1.9301159535790393,0.15013050796291097,-16.47062091947192,-1.9301159535790393,0.9495975469698652,-0.4492083187025703,-0.23861359527636095
5843843843.843843,0.948396147598555,-0.4602043760382647,-0.27758283342259793,0.151913029205374,-16.368099523490518,-1.936337073541655,0.151913029205374,-16.368099523490518,-1.936337073541655,0.9490171875628818,-0.4545184406823361,-0.2445571873079055
5849849849.84985,0.9478011844704042,-0.46565505793937817,-0.2836578244816967,0.1537252347423774,-16.265096702079834,-1.94260204596031,0.1537252347423774,-16.265096702079834,-1.94260204596031,0.9484238420041989,-0.45995074042460493,-0.2505408372093949
5855855855.855856,0.9471928275883537,-0.47123198418395157,-0.28977394707561216,0.15556775053855615,-16.161608560134628,-1.9489117431805114,0.15556775053855615,-16.161608560134628,-1.9489117431805114,0.9478171098718949,-0.46550911476062046,-0.25656530585477144
5861861861.861862,0.9465706616218503,-0.4769392070201997,-0.2959319858718625,0.15744121782269482,-16.057631191817837,-1.955267059118974,0.15744121782269482,-16.057631191817837,-1.955267059118974,0.9471965760416889,-0.47119761041484015,-0.26263137262734015
5867867867.867868,0.9459342559208165,-0.48278093545254247,-0.3021327447217838,0.15934629347395904,-15.953160682402803,-1.9616689098954956,0.15934629347395904,-15.953160682402803,-1.9616689098954956,0.9465618100772529,-0.4770204306436379,-0.268739835939796
5873873873.873874,0.9452831638781279,-0.4887615422206887,-0.3083770472010829,0.1612836504157244,-15.848193110263729,-1.9681182344846961,0.1612836504157244,-15.848193110263729,-1.9681182344846961,0.9459123655929278,-0.48298194220438845,-0.274891513769049
5879879879.87988,0.9446169222632594,-0.4948855711269709,-0.3146657371656786,0.1632539780168591,-15.742724549024443,-1.9746159953881925,0.1632539780168591,-15.742724549024443,-1.9746159953881925,0.9452477795877606,-0.4890866826709414,-0.2810872442059077
5885885885.885886,0.9439350505257706,-0.5011577447307061,-0.3209996793231044,0.16525798250028137,-15.636751069875814,-1.98116317932776,0.16525798250028137,-15.636751069875814,-1.98116317932776,0.944567571749304,-0.4953393681163653,-0.2873278860202492
5891891891.8918915,0.9432370500672405,-0.5075829724295153,-0.3273797598197395,0.16729638735858018,-15.530268744072345,-1.987760797960086,0.16729638735858018,-15.530268744072345,-1.987760797960086,0.9438712437258558,-0.5017449011822093,-0.2936143192415453
5897897897.897898,0.9425224034800803,-0.514166358949762,-0.3338068868441376,0.16936993377642479,-15.423273645619972,-1.9944098886136579,0.16936993377642479,-15.423273645619972,-1.9944098886136579,0.9431582783657656,-0.5083083795546265,-0.29994744575528465
5903903903.903904,0.9417905737518207,-0.5209132132674174,-0.34028199124670405,0.17147938105944546,-15.315761854167285,-2.001111515048387,0.17147938105944546,-15.315761854167285,-2.001111515048387,0.9424281389219864,-0.5150351048724258,-0.3063281899153252
5909909909.90991,0.9410410034331457,-0.5278290579843139,-0.3468060271758693,0.1736255070692068,-15.207729458113269,-2.0078667682385176,0.1736255070692068,-15.207729458113269,-2.0078667682385176,0.9416802682206086,-0.5219305920877542,-0.3127574991725158
5915915915.915916,0.9402731137680266,-0.5349196391848147,-0.3533799727310681,0.17580910866383398,-15.099172557945415,-2.0146767671794286,0.17580910866383398,-15.099172557945415,-2.0146767671794286,0.9409140877914199,-0.5290005793072035,-0.3192363447196446
5921921921.921922,0.9394863037842391,-0.5421909367993994,-0.3600048306325672,0.17803100214377238,-14.990087269823203,-2.021542659718844,0.17803100214377238,-14.990087269823203,-2.021542659718844,0.9401289969588571,-0.5362510381390557,-0.3257657221528875
5927927927.927928,0.9386799493423705,-0.5496491755042064,-0.36668162890832506,0.1802920237020937,-14.880469729422439,-2.028465623413047,0.1802920237020937,-14.880469729422439,-2.028465623413047,0.93932437189149,-0.5436881845753406,-0.3323466521498644
5933933933.933934,0.9378534021414695,-0.55730083618616,-0.37341142159790647,0.18259302987866585,-14.770316096057323,-2.035446866408606,0.18259302987866585,-14.770316096057323,-2.035446866408606,0.9384995646082409,-0.5513184904378292,-0.3389801811644043
5939939939.9399395,0.9370059886793205,-0.5651526680059851,-0.38019528947355063,0.18493489801741034,-14.65962255709802,-2.042487628350138,0.18493489801741034,-14.65962255709802,-2.042487628350138,0.9376539019391151,-0.5591486954220981,-0.34566738213785897
5945945945.945946,0.9361370091653269,-0.5732117010925666,-0.38703434077831367,0.18731852672577887,-14.548385332702072,-2.049589181314641,0.18731852672577887,-14.548385332702072,-2.049589181314641,0.936786684438723,-0.5671858197703337,-0.3524093552271398
5951951951.951952,0.9352457363837892,-0.5814852599052568,-0.39392971198119303,0.18974483633543995,-14.436600680880327,-2.056752830772803,0.18974483633543995,-14.436600680880327,-2.056752830772803,0.9358971852501291,-0.5754371776117316,-0.3592072285491114
5957957957.957958,0.9343314145054714,-0.5899809773011444,-0.40088256854909105,0.1922147693630681,-14.32426490291796,-2.06397991657778,0.1922147693630681,-14.32426490291796,-2.06397991657778,0.9349846489170206,-0.5839103910065258,-0.3660621589413885
5963963963.963964,0.9333932578450393,-0.5987068093487489,-0.40789410573536516,0.19472929096997035,-14.211374349173356,-2.071271813981825,0.19472929096997035,-14.211374349173356,-2.071271813981825,0.9340482901418686,-0.5926134047341844,-0.37297533273906
5969969969.96997,0.9324304495620687,-0.6076710509301854,-0.41496554938463853,0.1972893894191395,-14.097925425278701,-2.0786299346810897,0.1972893894191395,-14.097925425278701,-2.0786299346810897,0.9330872924876226,-0.6015545018692247,-0.3799479665670892
5975975975.975976,0.9314421403031671,-0.6168823521771684,-0.42209815675340673,0.1998960765281642,-13.983914598767244,-2.0860557278889496,0.1998960765281642,-13.983914598767244,-2.0860557278889496,0.9321008070205248,-0.6107423201895072,-0.38698130814787973
5981981981.981982,0.9304274467825981,-0.6263497357896635,-0.42929321734589637,0.20255038811622605,-13.869338406154508,-2.0935506814380287,0.20255038811622605,-13.869338406154508,-2.0935506814380287,0.9310879508916132,-0.6201858694640637,-0.39407663712337804
5987987987.9879875,0.9293854502988886,-0.6360826152873406,-0.4365520537645412,0.20525338444323482,-13.754193460501451,-2.101116322911123,0.20525338444323482,-13.754193460501451,-2.101116322911123,0.9300478058541194,-0.6298945496730557,-0.40123526589106673
5993993993.993994,0.9283151951846658,-0.646090814248582,-0.44387602257414166,0.20800615063892927,-13.638476459489585,-2.1087542208010883,0.20800615063892927,-13.638476459489585,-2.1087542208010883,0.9289794167141859,-0.6398781702128532,-0.40845854045289176
6000000000.0,0.9272156871870351,-0.6563845865938334,-0.4512665151788302,0.210809797119518,-13.522184194040424,-2.116465985699651,0.210809797119518,-13.522184194040424,-2.116465985699651,0.9278817897121766,-0.6501469701432592,-0.4157478412761277
6006006006.006006,0.9260858917755815,-0.6669746379751068,-0.45872495871059205,0.21366545998920672,-13.40531355751226,-2.1242532715150504,0.21366545998920672,-13.40531355751226,-2.1242532715150504,0.926753890831726,-0.6607116395379449,-0.4231045841649766
6012012012.0120125,0.9249247323752374,-0.6778721483350924,-0.4662528169280103,0.21657430142364326,-13.287861555510576,-2.132117776718215,0.21657430142364326,-13.287861555510576,-2.132117776718215,0.9255946440335875,-0.6715833420031491,-0.43053022114134426
6018018018.018018,0.9237310885210046,-0.6890887957051797,-0.4738515911236249,0.21953751003203148,-13.169825316349307,-2.1400612456171175,0.21953751003203148,-13.169825316349307,-2.1400612456171175,0.9244029294115345,-0.6827737384312875,-0.4380262413334135
6024024024.024024,0.922503793931596,-0.7006367813147628,-0.48152282103804983,0.2225563011943144,-13.051202102203002,-2.1480854696587315,0.2225563011943144,-13.051202102203002,-2.1480854696587315,0.9231775812671943,-0.6942950120634073,-0.4455941718697226
6030030030.03003,0.921241634499053,-0.7125288560883992,-0.4892680857787466,0.2256319173694594,-12.931989320992317,-2.1561922887578544,0.2256319173694594,-12.931989320992317,-2.1561922887578544,0.9219173861008749,-0.706159894936861,-0.45323557877693454
6036036036.036036,0.919943346191228,-0.7247783486135249,-0.4970890047410174,0.2287656283705106,-12.81218453904648,-2.1643835926518955,0.2287656283705106,-12.81218453904648,-2.1643835926518955,0.9206210805155001,-0.7183816957985589,-0.46095206787849485
6042042042.042042,0.9186076128642582,-0.7373991946641325,-0.504987238528437,0.2319587316016029,-12.6917854945905,-2.1726613222804456,0.2319587316016029,-12.6917854945905,-2.1726613222804456,0.9192873490304005,-0.7309743295725756,-0.4687452856915321
6048048048.048048,0.917233063981984,-0.7504059683729392,-0.5129644898695916,0.2352125522516963,-12.570790112106184,-2.181027471188212,0.2352125522516963,-12.570790112106184,-2.181027471188212,0.917914821802372,-0.7439523484700737,-0.47661692031860786
6054054054.054054,0.9158182722393617,-0.7638139151495665,-0.5210225045275225,0.23852844343928412,-12.44919651761876,-2.1894840869496823,0.23852844343928412,-12.44919651761876,-2.1894840869496823,0.9165020722506386,-0.7573309748427092,-0.4845687023308194
6060060060.0600605,0.9143617510871317,-0.7776389864468403,-0.5291630721979345,0.24190778630175977,-12.327003054964385,-2.1980332726134715,0.24190778630175977,-12.327003054964385,-2.1980332726134715,0.9150476145833215,-0.771126135878138,-0.4926024056379689
6066066066.066066,0.9128619521548403,-0.7918978764859923,-0.537388027391511,0.24535199002255625,-12.204208303095992,-2.2066771881640244,0.24535199002255625,-12.204208303095992,-2.2066771881640244,0.9135499012222916,-0.7853545002501912,-0.500719848341237
6072072072.072072,0.9113172625697301,-0.8066080610554791,-0.5456992502953435,0.24886249178853648,-12.080811094487574,-2.2154180519979696,0.24886249178853648,-12.080811094487574,-2.2154180519979696,0.91200732012407,-0.8000335168366736,-0.5089228935631864
6078078078.078078,0.9097260021690405,-0.8217878385064434,-0.5540986676076882,0.25244075666939486,-11.956810534701196,-2.2242581424119288,0.25244075666939486,-11.956810534701196,-2.2242581424119288,0.9104181919942418,-0.8151814556281983,-0.5172134502491127
6084084084.084084,0.9080864206034859,-0.8374563730751888,-0.5625882533396815,0.2560882774101264,-11.832206023182517,-2.233199799098186,0.2560882774101264,-11.832206023182517,-2.233199799098186,0.90878076739322,-0.830817450957344,-0.5255934739333075
6090090090.09009,0.9063966943300468,-0.8536337406698292,-0.5711700295767945,0.2598065741268021,-11.706997275354471,-2.242245424644087,0.2598065741268021,-11.706997275354471,-2.242245424644087,0.9070932237314836,-0.8469615471850033,-0.5340649674629153
6096096096.096096,0.9046549234925115,-0.8703409772667808,-0.5798460671921422,0.2635971938950201,-11.581184346082182,-2.251397486030405,0.2635971938950201,-11.581184346082182,-2.251397486030405,0.9053536621526932,-0.8636347469894077,-0.5426299816711468
6102102102.102102,0.9028591286885452,-0.8876001300719266,-0.5886184865026074,0.26746171021950793,-11.454767654584382,-2.2606585161233586,0.26746171021950793,-11.454767654584382,-2.2606585161233586,0.9035601043036946,-0.8808590624099257,-0.5512906159908747
6108108108.1081085,0.9010072476227418,-0.9054343116084385,-0.5974894578579732,0.27140172237234755,-11.327748010870309,-2.2700311151542296,0.27140172237234755,-11.327748010870309,-2.2700311151542296,0.9017104889904357,-0.8986575688111584,-0.560049018998419
6114114114.114115,0.8990971316455096,-0.9238677569043863,-0.6064612021519943,0.27541885458624055,-11.20012664378417,-2.2795179521797406,0.27541885458624055,-11.20012664378417,-2.2795179521797406,0.8998026687201686,-0.9170544619348406,-0.5689073888763475
6120120120.12012,0.897126542178374,-0.9429258839626278,-0.6155359912431723,0.2795147550881205,-11.071905230741649,-2.289121766515579,0.2795147550881205,-11.071905230741649,-2.289121766515579,0.8978344061302658,-0.9360751182237659,-0.57786797378285
6126126126.126126,0.8950931470271981,-0.96263535770454,-0.6247161482717493,0.28369109495722256,-10.943085929245985,-2.2988453691344843,0.28369109495722256,-10.943085929245985,-2.2988453691344843,0.8958033703051599,-0.9557461586084948,-0.5869330721137961
6132132132.132133,0.8929945165855345,-0.9830241575920244,-0.6340040478577841,0.2879495667904242,-10.813671410274468,-2.3086916440193006,0.2879495667904242,-10.813671410274468,-2.3086916440193006,0.8937071329837837,-0.976095515958797,-0.5961050326423375
6138138138.138138,0.8908281199316125,-1.0041216491411917,-0.6434021161638241,0.29229188315637517,-10.683664893627302,-2.31866354946036,0.29229188315637517,-10.683664893627302,-2.31866354946036,0.8915431646608702,-0.9971525064137534,-0.6053862545189921
6144144144.144144,0.8885913208234208,-1.0259586595555312,-0.6529128308037124,0.29671977481848005,-10.553070185333915,-2.3287641192853217,0.29671977481848005,-10.553070185333915,-2.3287641192853217,0.8893088305868281,-1.0189479048147856,-0.6147791871136687
6150150150.15015,0.8862813735980588,-1.048567557715523,-0.6625387205773372,0.3012349887053195,-10.42189171721323,-2.338996464008279,0.3012349887053195,-10.42189171721323,-2.338996464008279,0.8870013866721476,-1.0415140244795384,-0.6242863296789082
6156156156.156157,0.8838954189827886,-1.0719823387776364,-0.6722823650089016,0.3058392856055381,-10.290134588685554,-2.3493637718835796,0.3058392856055381,-10.290134588685554,-2.3493637718835796,0.884617975303991,-1.0648848015661687,-0.6339102308117351
6162162162.162163,0.8814304798273174,-1.0962387136461318,-0.6821463936641576,0.31053443756260274,-10.157804610934345,-2.3598693098482535,0.31053443756260274,-10.157804610934345,-2.3598693098482535,0.8821556210844416,-1.089095884290556,-0.643653487688906
6168168168.168168,0.878883456768663,-1.12137420359698,-0.6921334852193793,0.3153222249431288,-10.024908353516683,-2.370516424335263,0.3153222249431288,-10.024908353516683,-2.370516424335263,0.8796112265018461,-1.1141847272733998,-0.6535187450481065
6174174174.174174,0.8762511238423425,-1.1474282403467284,-0.7022463662523696,0.32020443315076275,-9.891453193519514,-2.3813085419380706,0.32020443315076275,-9.891453193519514,-2.3813085419380706,0.8769815675490665,-1.1401906913075528,-0.6635086938847696
6180180180.18018,0.8735301240563248,-1.1744422718728567,-0.7124878097226264,0.3251828489557822,-9.757447367358234,-2.392249169904994,0.3251828489557822,-9.757447367358234,-2.392249169904994,0.8742632893049915,-1.1671551488510796,-0.6736260698310925
6186186186.186186,0.8707169649468305,-1.2024598743100403,-0.7228606331047269,0.3302592564088055,-9.622900025310027,-2.403341896439886,0.3302592564088055,-9.622900025310027,-2.403341896439886,0.8714529014987235,-1.1951215955650167,-0.6838736511807885
6192192192.192192,0.8678080141385643,-1.2315268702600237,-0.7333676961354867,0.33543543230513206,-9.487821288871455,-2.414590390783318,0.33543543230513206,-9.487821288871455,-2.414590390783318,0.8685467740787647,-1.2241357682337108,-0.6942542565194089
6198198198.198198,0.8647994949354875,-1.2616914538700106,-0.7440118981316234,0.3407131411644699,-9.352222311022686,-2.4259984030462665,0.3407131411644699,-9.352222311022686,-2.4259984030462665,0.8655411328136349,-1.2542457694167255,-0.7047707419162134
6204204204.204205,0.8616874819721134,-1.293004323052661,-0.7547961748305989,0.34609412968896114,-9.216115339474998,-2.437569763765602,0.34609412968896114,-9.216115339474998,-2.437569763765602,0.8624320549539268,-1.285502199202134,-0.7154259976295868
6210210210.210211,0.858467896960069,-1.3255188192349696,-0.7657234947028894,0.35158012066074273,-9.07951378296757,-2.449308383148171,0.35158012066074273,-9.07951378296757,-2.449308383148171,0.8592154649905132,-1.3179582944453638,-0.7262229442732278
6216216216.216216,0.8551365045692438,-1.3592910750443021,-0.7767968546790696,0.3571728062386549,-8.942432280668186,-2.4612182499674047,0.3571728062386549,-8.942432280668186,-2.4612182499674047,0.8558871305484897,-1.3516700758954374,-0.7371645283855932
6222222222.222222,0.8516889084884497,-1.3943801703561989,-0.788019275230036,0.36287384061221417,-8.804886774718847,-2.473303430073428,0.36287384061221417,-8.804886774718847,-2.473303430073428,0.8524426584618163,-1.3866965036284995,-0.7482537173398939
6228228228.228228,0.8481205477163395,-1.4308482971482417,-0.7993937947329144,0.3686848319697089,-8.666894585949844,-2.4855680644745637,0.3686848319697089,-8.666894585949844,-2.4855680644745637,0.8488774910794797,-1.423099641227341,-0.759493493525875
6234234234.234234,0.844426693139871,-1.4687609336229925,-0.8109234630494644,0.3746073337362922,-8.52847449276466,-2.4980163669450395,0.3746073337362922,-8.52847449276466,-2.4980163669450395,0.8451869028607623,-1.460944829161418,-0.7708868477289583
6240240240.24024,0.84060244446444,-1.5081870280850138,-0.8226113342369358,0.38064283503717505,-8.389646813176114,-2.5106526211102254,0.38064283503717505,-8.389646813176114,-2.5106526211102254,0.8413659973237139,-1.5003008678464522,-0.7824367716252856
6246246246.246246,0.8366427275677083,-1.5491991930749238,-0.8344604583047293,0.38679275034082955,-8.250433489944074,-2.523481176957541,0.38679275034082955,-8.250433489944074,-2.523481176957541,0.8374097044191355,-1.5412402108766599,-0.7941462493042393
6252252252.252253,0.8325422923569128,-1.5918739102898025,-0.8464738719224147,0.3930584082372708,-8.11085817873385,-2.536506446717677,0.3930584082372708,-8.11085817873385,-2.536506446717677,0.8333127784100395,-1.5838391689491171,-0.8060182477223083
6258258258.258259,0.8282957112186605,-1.6362917468379532,-0.8586545879768543,0.3994410393073136,-7.970946339176894,-2.5497329000573488,0.3994410393073136,-7.970946339176894,-2.5497329000573488,0.8290697963458771,-1.62817812501623,-0.8180557059840208
6264264264.264264,0.8238973781591992,-1.6825375834045861,-0.8710055838674294,0.40594176304025154,-7.830725328672204,-2.563165058521494,0.40594176304025154,-7.830725328672204,-2.563165058521494,0.8246751572295559,-1.6743417612322096,-0.8302615233366127
6270270270.27027,0.8193415087431914,-1.7307008549303133,-0.8835297884191505,0.4125615737597812,-7.690224498718453,-2.5768074891595347,0.4125615737597812,-7.690224498718453,-2.5768074891595347,0.8201230819858325,-1.7224192982778401,-0.8426385457558054
6276276276.276276,0.8146221409494125,-1.7808758044338038,-0.8962300672835544,0.4193013255213308,-7.549475293512718,-2.590664797267165,0.4193013255213308,-7.549475293512718,-2.590664797267165,0.8154076143496336,-1.7725047476799594,-0.8551895509897205
6282282282.282282,0.809733137072542,-1.8331617506434517,-0.9091092066867364,0.4261617159485395,-7.408511350488488,-2.6047416181724308,0.4261617159485395,-7.408511350488488,-2.6047416181724308,0.8105226228038435,-1.8246971777711622,-0.8679172319171264
6288288288.288288,0.8046681868113698,-1.8876633701401457,-0.9221698953723598,0.43314326898238986,-7.267368602398405,-2.61904260799223,0.43314326898238986,-7.267368602398405,-2.61904260799223,0.8054618037073954,-1.8791009939685428,-0.8808241780643695
6294294294.294294,0.7994208116952691,-1.9444909947541325,-0.9354147045754244,0.44024631652387614,-7.126085380469681,-2.633572433283439,0.44024631652387614,-7.126085380469681,-2.633572433283439,0.8002186857657654,-1.9358262340913481,-0.8939128551128528
6300300300.300301,0.7939843710119966,-2.003760925011007,-0.9488460658494033,0.44747097896009963,-6.984702518075982,-2.6483357595114287,0.44747097896009963,-6.984702518075982,-2.6483357595114287,0.794786636007593,-1.9949888794818262,-0.90718558221499
6306306306.306307,0.7883520694113831,-2.065595760478166,-0.962466246555191,0.4548171445745567,-6.843263454277693,-2.6633372382579874,0.4548171445745567,-6.843263454277693,-2.6633372382579874,0.7891588674425434,-2.0567111827473212,-0.9206445069223774
6312312312.312313,0.7825169663704242,-2.130124747932578,-0.9762773228050328,0.46228444785543726,-6.701814336480695,-2.6785814930909684,0.46228444785543726,-6.701814336480695,-2.6785814930909684,0.783328448586434,-2.1211220130071613,-0.9342915775133981
6318318318.318318,0.776471987715519,-2.197484148354762,-0.9902811496380283,0.4698722467309818,-6.560404121355974,-2.6940731040192034,0.4698722467309818,-6.560404121355974,-2.6940731040192034,0.777288315050248,-2.1883572196029117,-0.9481285124905334
6324324324.324325,0.7702099394070443,-2.267817623853394,-1.0044793281854518,0.4775795987787657,-6.419084673044723,-2.7098165904588507,0.4775795987787657,-6.419084673044723,-2.7098165904588507,0.7710312833989966,-2.2585600153249326,-0.9621567669984098
6330330330.33033,0.7637235237993754,-2.3412766457476146,-1.0188731695642936,0.48540523647620504,-6.277910857549596,-2.72581639264142,0.48540523647620504,-6.277910857549596,-2.72581639264142,0.7645500674944076,-2.331881380322666,-0.9763774958926249
6336336336.336336,0.7570053585956662,-2.4180209251823817,-1.03346365521506,0.49334754158287936,-6.136940632081154,-2.742076851399598,0.49334754158287936,-6.136940632081154,-2.742076851399598,0.7578372975419151,-2.408480488002397,-0.9907915131661185
6342342342.342342,0.7500479987204794,-2.4982188678345234,-1.0482513933749216,0.5014045187714313,-5.996235127992646,-2.7586021862747203,0.5014045187714313,-5.996235127992646,-2.7586021862747203,0.7508855420661927,-2.4885251543883875,-1.0053992474134283
6348348348.348349,0.7428439613344167,-2.582048054487682,-1.0632365713490157,0.5095737686531039,-5.8558587257940475,-2.7753964718999216,0.5095737686531039,-5.8558587257940475,-2.7753964718999216,0.7436873330408208,-2.5721923126282613,-1.0202006929835297
6354354354.354355,0.7353857542122169,-2.669695749526695,-1.0784189032103544,0.517852460376177,-5.71587912059384,-2.792463612625498,0.517852460376177,-5.71587912059384,-2.792463612625498,0.7362351943949624,-2.659668514581642,-1.0351953564377152
6360360360.360361,0.727665907699164,-2.7613594397314065,-1.0937975725209246,0.5262373040107637,-5.576367376173676,-2.8098073153683334,0.5262373040107637,-5.576367376173676,-2.8098073153683334,0.7285216741140144,-2.7511504617344884,-1.0503821978893522
6366366366.366366,0.7196770104489874,-2.857247406153266,-1.1093711696227926,0.5347245229714266,-5.437397965760056,-2.827431060685724,0.5347245229714266,-5.437397965760056,-2.827431060685724,0.7205393801392195,-2.846845568067386,-1.0657595667558928
6372372372.372373,0.7114117491293258,-2.9575793323469686,-1.1251376229953245,0.5433098267694216,-5.299048797424616,-2.8453380720953616,0.5433098267694216,-5.299048797424616,-2.8453380720953616,0.7122810202548006,-2.94697255796128,-1.0813251313983996
6378378378.378378,0.7028629522573436,-3.062586952823436,-1.1410941241118846,0.5519883844288319,-5.161401221921057,-2.8635312836883524,0.5519883844288319,-5.161401221921057,-2.8635312836883524,0.7037394461280354,-3.0517621027828374,-1.0970758020579097
6384384384.384384,0.6940236382976179,-3.1725147463096315,-1.157237045153566,0.5607547989446882,-5.024540020659005,-2.8820133061107462,0.5607547989446882,-5.024540020659005,-2.8820133061107462,0.6949077016376118,-3.1614575004682184,-1.1130076464181342
6390390390.39039,0.6848870681166261,-3.2876206792656726,-1.1735618488443207,0.5696030832055308,-4.888553371429458,-2.900786391021179,0.5696030832055308,-4.888553371429458,-2.900786391021179,0.685779075588217,-3.2763154032377417,-1.1291157970270513
6396396396.396397,0.6754468018421564,-3.4081770061535,-1.1900629895582142,0.5785266378469466,-4.7535327894356785,-2.919852394168193,0.5785266378469466,-4.7535327894356785,-2.919852394168193,0.6763471588641589,-3.3966065995505494,-1.145394349690752
6402402402.402403,0.6656967601217946,-3.5344711342022967,-1.206733804708017,0.5875182315449198,-4.619573041158476,-2.939212737270008,0.5875182315449198,-4.619573041158476,-2.939212737270008,0.6666059060212782,-3.522616857581525,-1.1618362518058092
6408408408.408409,0.6556312897122599,-3.666806561911601,-1.2235663952493823,0.5965699842972093,-4.48677202859825,-2.9588683689222175,0.5965699842972093,-4.48677202859825,-2.9588683689222175,0.6565497012548626,-3.6546478389017336,-1.1784331794144138
6414414414.414414,0.6452452332610226,-3.8055039023174757,-1.2405514939157096,0.6056733542755378,-4.355230641498543,-2.978819724804276,0.6056733542755378,-4.355230641498543,-2.978819724804276,0.6461734286121381,-3.7930180927056782,-1.195175401539282
6420420420.420421,0.6345340030641644,-3.9509020041686598,-1.257678319525079,0.6148191288593348,-4.225052575273553,-2.999066687503323,0.6148191288593348,-4.225052575273553,-2.999066687503323,0.6354725462416391,-3.9380641429015757,-1.2120516300720587
6426426426.426426,0.6234936585009755,-4.103359186677144,-1.2749344153562947,0.6239974204811573,-4.0963441125411,-3.01960854632317,0.6239974204811573,-4.0963441125411,-3.01960854632317,0.6244431643899335,-4.090141682709987,-1.229048853133628
6432432432.432432,0.6121209867586025,-4.263254606480662,-1.2923054691583775,0.6331976679224186,-3.969213866411261,-3.040443957496064,0.6331976679224186,-3.969213866411261,-3.040443957496064,0.6130821267708148,-4.249626894155837,-1.2461521493785161
6438438438.438438,0.6004135863713969,-4.430989778962849,-1.3097751118112184,0.6424086436934755,-3.8437724840045426,-3.061570905263991,0.6424086436934755,-3.8437724840045426,-3.061570905263991,0.6013870948459735,-4.416917913047779,-1.263344480154069
6444444444.444445,0.5883699530132884,-4.606990280199515,-1.3273246909649041,0.6516184681122604,-3.7201323090758054,-3.0829866643435477,0.6516184681122604,-3.7201323090758054,-3.0829866643435477,0.5893566344725562,-4.592436463788669,-1.2806064557165653
6450450450.450451,0.5759895669022934,-4.791707660626002,-1.34493301511019,0.6608146306582358,-3.5984070031058484,-3.1046877643319566,0.6608146306582358,-3.5984070031058484,-3.1046877643319566,0.576990304297237,-4.776629692711606,-1.297916070811074
6456456456.456457,0.5632729811092221,-4.985621607162238,-1.3625760624218717,0.6699840191217677,-3.4787111247895917,-3.1266699566502396,0.6699840191217677,-3.4787111247895917,-3.1266699566502396,0.564288745214337,-4.969972233658284,-1.3152484037866932
6462462462.462462,0.5502219100158421,-5.189242397082904,-1.3802266473025906,0.6791129569913158,-3.3611596684990137,-3.1489281846506,0.6791129569913158,-3.3611596684990137,-3.1489281846506,0.5512537701634918,-5.172968545290222,-1.332575271977416
6468468468.468469,0.5368393171488854,-5.40311369450444,-1.397854035748408,0.6881872494212635,-3.2458675630226352,-3.1714565575370606,0.6881872494212635,-3.2458675630226352,-3.1714565575370606,0.5378884535309576,-5.386155566179873,-1.3498648342422255
6474474474.474474,0.523129501636444,-5.627815749073401,-1.4154234983440035,0.6971922380013087,-3.132949132674197,-3.1942483287591963,0.6971922380013087,-3.132949132674197,-3.1942483287591963,0.52419721944712,-5.610105741118208,-1.3670811292102047
6480480480.48048,0.5090981826048607,-5.8639690663673285,-1.4328957867188261,0.7061128644045883,-3.022517523707806,-3.217295879536499,0.7061128644045883,-3.022517523707806,-3.217295879536499,0.5101859283551616,-5.8454304802628,-1.3841835347649596
6486486486.486486,0.49475258097273506,-6.112238630686276,-1.450226515450985,0.7149337428274376,-2.914684099860076,-3.2405907081536167,0.7149337428274376,-2.914684099860076,-3.2405907081536167,0.49586196137808486,-6.092784121623716,-1.4011261304225433
6492492492.492493,0.4801014983226773,-6.3733387732534075,-1.4673654264144202,0.7236392409515098,-2.809557811738583,-3.2641234256332643,0.7236392409515098,-2.809557811738583,-3.2641234256332643,0.48123430225255565,-6.352868476683255,-1.417856939236774
6498498498.498499,0.4651553928657793,-6.648038792075017,-1.484255506050982,0.7322135689621931,-2.7072445456698384,-3.287883758342389,0.7322135689621931,-2.7072445456698384,-3.287883758342389,0.46631361695435586,-6.626438048114043,-1.4343170193342576
6504504504.504505,0.44992645298728023,-6.9371694432601325,-1.5008319174969638,0.7406408759507487,-2.6078464584787033,-3.3118605580178415,0.7406408759507487,-2.6078464584787033,-3.3118605580178415,0.45111233164153414,-6.914306016650517,-1.450439366641652
6510510510.51051,0.43442866951627795,-7.241630436254094,-1.5170206981958738,0.7489053528170085,-2.5114613054663435,-3.3360418196104535,0.7489053528170085,-2.5114613054663435,-3.3360418196104535,0.4356447102316389,-7.217351099425036,-1.466147579133132
6516516516.516517,0.4186779087507884,-7.562399075021807,-1.5327371586034921,0.7569913405813882,-2.4181817695554684,-3.360414707241051,0.7569913405813882,-2.4181817695554684,-3.360414707241051,0.419926933862852,-7.536525381598037,-1.4813542180586925
6522522522.522522,0.4026919894671011,-7.900540189814969,-1.5478838974697169,0.7648834428169101,-2.3280948001468698,-3.3849655884406196,0.7648834428169101,-2.3280948001468698,-3.3849655884406196,0.4039771857447392,-7.872863211893791,-1.4959587818170725
6528528528.528528,0.3864907687556464,-8.257217492939592,-1.5623483220430996,0.7725666407316683,-2.241280970651338,-3.4096800767113566,0.7725666407316683,-2.241280970651338,-3.4096800767113566,0.38781574659023516,-8.227491222402065,-1.509845181610382
6534534534.534534,0.370096243707931,-8.633706455092987,-1.5759995246838916,0.7800264092775052,-2.1578138638998756,-3.434543082298397,0.7800264092775052,-2.1578138638998756,-3.434543082298397,0.3714651080950714,-8.601639469746868,-1.5228785722615321
6540540540.540541,0.35353267895529766,-9.031408716040108,-1.5886843169648388,0.7872488325394068,-2.0777594946684945,-3.459538870907707,0.7872488325394068,-2.0777594946684945,-3.459538870907707,0.3549501150198629,-8.996653575175554,-1.5349013431188825
6546546546.546547,0.3368267741656479,-9.451867879656803,-1.6002221529775222,0.7942207165789614,-2.0011757783667914,-3.4846511299477623,0.7942207165789614,-2.0011757783667914,-3.4846511299477623,0.3382981506709638,-9.41400752609619,-1.545728008003967
6552552552.552553,0.320007891341409,-9.896786238366147,-1.6103985776271492,0.8009296978699184,-1.9281120545224095,-3.5098630417161036,0.8009296978699184,-1.9281120545224095,-3.5098630417161036,0.32153938646562163,-9.855316425122192,-1.5551386431035568
6558558558.558558,0.3031083698937174,-10.368041421214526,-1.6189567025692215,0.8073643454785341,-1.8586086730455285,-3.535157362801476,0.8073643454785341,-1.8586086730455285,-3.535157362801476,0.30470712455040155,-10.322347822881481,-1.5628703987482075
6564564564.564565,0.28616396915531994,-10.867700981203361,-1.6255860276528142,0.8135142552082691,-1.7926966503863995,-3.5605165088333726,0.8135142552082691,-1.7926966503863995,-3.5605165088333726,0.28783827423268604,-10.817029157059716,-1.568606443852418
6570570570.57057,0.2692144950159752,-11.398031211696733,-1.6299076704986515,0.8193701340474306,-1.7303974016234465,-3.5859226435878413,0.8193701340474306,-1.7303974016234465,-3.5859226435878413,0.27097401995177156,-11.34144691553439,-1.5719614771929213
6576576576.576576,0.25230469242865133,-11.961493445699302,-1.6314547191935094,0.8249238734274793,-1.6717225532639899,-3.611357771356247,0.8249238734274793,-1.6717225532639899,-3.611357771356247,0.25416076312852404,-11.897829883825182,-1.5724626454986128
6582582582.582582,0.2354855227346138,-12.560715748598579,-1.6296459640100018,0.8301686100143341,-1.6166738401399083,-3.63680383140583,0.8301686100143341,-1.6166738401399083,-3.63680383140583,0.23745145607099102,-12.488503258918026,-1.5695243427184777
6588588588.588589,0.21881600009745023,-13.198418500522083,-1.6237506972221232,0.8350987730085742,-1.565243088276582,-3.6622427933105195,0.8350987730085742,-1.565243088276582,-3.6622427933105195,0.22090749812062396,-13.115790858022077,-1.5624149612134965
6594594594.594595,0.20236584310338263,-13.877255785613322,-1.612841676436679,0.8397101172145155,-1.517412284051358,-3.6876567519092784,0.8397101172145155,-1.517412284051358,-3.6876567519092784,0.20460143849420742,-13.781826344256217,-1.550213354466228
6600600600.600601,0.18621931552950458,-14.599505479681046,-1.595733025468427,0.8439997414429431,-1.4731537283854834,-3.713028020658443,0.8439997414429431,-1.4731537283854834,-3.713028020658443,0.18862083216339504,-14.48820686887969,-1.531752926696881
6606606606.6066065,0.1704807905457519,-15.366490987972147,-1.5709006600834934,0.8479660921269953,-1.4324302731808563,-3.7383392221831286,0.8479660921269953,-1.4324302731808563,-3.7383392221831286,0.17307372223961134,-15.235377319863893,-1.5055528395519158
6612612612.612613,0.15528275954675688,-16.17753519313575,-1.5363870002101874,0.8516089523443853,-1.3951956357656363,-3.7635733749002034,0.8516089523443853,-1.3951956357656363,-3.7635733749002034,0.15809634376866433,-16.021563474152106,-1.4697410583362236
6618618618.618618,0.14079712861666713,-17.028124040050375,-1.4897045454653661,0.8549294167408147,-1.3613947857954491,-3.7887139746778713,0.8549294167408147,-1.3613947857954491,-3.7887139746778713,0.14386364511755245,-16.840978800851516,-1.421987699325938
6624624624.624624,0.12725039190178666,-17.906817429250978,-1.4277855526143919,0.8579298531291562,-1.3309643979052805,-3.813745070612281,0.8579298531291562,-1.3309643979052805,-3.813745070612281,0.1306027783530125,-17.680951681655714,-1.3594985818562053
6630630630.6306305,0.11494180122434401,-18.79044002856636,-1.3470965572187805,0.8606138517879048,-1.3038333624515854,-3.8386513341344126,0.8606138517879048,-1.3038333624515854,-3.8386513341344126,0.11860804486121063,-18.517717059175432,-1.2791807612460613
6636636636.636637,0.10425915883089065,-19.63771566617275,-1.2441605839091923,0.8629861636934358,-1.2799233459452184,-3.863418120807074,0.8629861636934358,-1.2799233459452184,-3.863418120807074,0.10825147150361746,-19.31132382807252,-1.1781843149941327
6642642642.642643,0.0956769864797169,-20.38385024065857,-1.1168428358695721,0.8650526290885582,-1.259149392265604,-3.88803152432644,0.8650526290885582,-1.259149392265604,-3.88803152432644,0.09997495795355689,-20.002175396910484,-1.0550738751889999
6648648648.648649,0.08970858928173041,-20.943319455935807,-0.9665426929974918,0.8668200979116073,-1.2414205554680091,-3.9124784224002656,0.8668200979116073,-1.2414205554680091,-3.9124784224002656,0.09424107660660307,-20.515195223287993,-0.9116340220476276
6654654654.6546545,0.08678618585206115,-21.230987958606825,-0.8003555944808206,0.8682963436849236,-1.2266405549421335,-3.9367465143316456,0.8682963436849236,-1.2266405549421335,-3.9367465143316456,0.0914263862129313,-20.778568922765203,-0.7544453267838923
6660660660.660661,0.08709637681774397,-21.19999822264568,-0.630789488318692,0.8694899724898351,-1.21470844383937,-3.9608243502870866,0.8694899724898351,-1.21470844383937,-3.9608243502870866,0.09168568491508329,-20.753969327536538,-0.5944168654382761
6666666666.666666,0.09047984239627102,-20.8689632912916,-0.4716074201075791,0.8704103286400799,-1.2055192820360638,-3.9847013523683197,0.8704103286400799,-1.2055192820360638,-3.9847013523683197,0.09487351139027211,-20.4571005065274,-0.443411552431557
6672672672.672672,0.09648757458810656,-20.310572206754316,-0.33261134145120935,0.8710673986110232,-1.1989648054170194,-4.008367827734706,0.8710673986110232,-1.1989648054170194,-4.008367827734706,0.10059064656494227,-19.94884800669251,-0.3101266073798332
6678678678.6786785,0.10454535267206615,-19.6139053599843,-0.21757466415731647,0.8714717146934154,-1.1949340839178435,-4.031814974134792,0.8714717146934154,-1.1949340839178435,-4.031814974134792,0.10831873170552621,-19.305928674898723,-0.19830977558058938
6684684684.684685,0.11410247873661705,-18.854098419270773,-0.1256445384033583,0.8716342597238348,-1.1933141615261453,-4.055034878300432,0.8716342597238348,-1.1933141615261453,-4.055034878300432,0.11754796442443896,-18.595697742841757,-0.10768491235538916
6690690690.690691,0.12470416198347381,-18.082381035273873,-0.05373700667532131,0.8715663741058222,-1.1939906722787512,-4.078020507733484,0.8715663741058222,-1.1939906722787512,-4.078020507733484,0.1278457729704876,-17.866272533971582,-0.03583512868985875
6696696696.696697,0.1360028990120682,-17.329036683841895,0.0017487329748988203,0.8712796661825328,-1.1968484271749926,-4.100765696473453,0.8712796661825328,-1.1968484271749926,-4.100765696473453,0.13887329999063533,-17.147624888179784,0.020316426500771066
6702702702.702703,0.14774254104246606,-16.60988871531227,0.04411032870375594,0.8707859268597885,-1.201771967826147,-4.123265125474909,0.8707859268597885,-1.201771967826147,-4.123265125474909,0.15037543434547432,-16.45646210462032,0.06371962708112924
6708708708.708709,0.15973654473697935,-15.931914280616715,0.07608371150770972,0.8700970492134412,-1.2086460835534487,-4.145514298247205,0.8700970492134412,-1.2086460835534487,-4.145514298247205,0.16216316108751228,-15.80095596840718,0.0968995835960047
6714714714.714715,0.17184894832116285,-15.297062426160755,0.09984044296642877,0.8692249536521489,-1.2173562895090275,-4.167509512417034,0.8692249536521489,-1.2173562895090275,-4.167509512417034,0.17409680514552198,-15.184183971151516,0.12190734725065383
6720720720.72072,0.1839799547368707,-14.704589846482978,0.11707251428588873,0.8681815190502568,-1.2277892642085217,-4.189247827868626,0.8681815190502568,-1.2277892642085217,-4.189247827868626,0.1860727086717192,-14.60634640545948,0.14036950265615994
6726726726.726727,0.19605562431724666,-14.152413888503917,0.12909137827023617,0.8669785201190404,-1.2398332456161012,-4.2107270320987285,0.8669785201190404,-1.2398332456161012,-4.2107270320987285,0.19801338407148855,-14.066109080431438,0.15356434515209913
6732732732.732733,0.2080206656308734,-13.637870365780023,0.13691539640271883,0.8656275711507226,-1.2533783856021419,-4.231945603395683,0.8656275711507226,-1.2533783856021419,-4.231945603395683,0.20986045509120363,-13.561387793733044,0.16249544841621888
6738738738.738739,0.21983341330904962,-13.158125936805678,0.14133974711402789,0.8641400761502142,-1.2683170631945524,-4.252902672416395,0.8641400761502142,-1.2683170631945524,-4.252902672416395,0.2215696455660588,-13.08979474043551,0.16795341110271747
6744744744.744745,0.23146230995815548,-12.710394339988182,0.14298996558340696,0.8625271852655692,-1.2845441575629677,-4.273597982693197,0.8625271852655692,-1.2845441575629677,-4.273597982693197,0.23310721676952847,-12.64888561884913,0.17056467733053682
6750750750.7507515,0.2428834150703308,-12.292042786593704,0.14236220236542788,0.8607997573400602,-1.301957282110591,-4.294031850556525,0.8607997573400602,-1.301957282110591,-4.294031850556525,0.24444741516578444,-12.236291013793185,0.17082909609959138
6756756756.756757,0.25407861699714235,-11.90063766403856,0.13985331412191968,0.8589683283364112,-1.3204569814032907,-4.3142051249109965,0.8589683283364112,-1.3204569814032907,-4.3142051249109965,0.25557062345894477,-11.84978135165672,0.16914848520168574
6762762762.762763,0.26503433005985777,-11.533957359761281,0.13578336924806048,0.8570430853264694,-1.3399468929434952,-4.334119147252552,0.8570430853264694,-1.3399468929434952,-4.334119147252552,0.26646200342683696,-11.48729422269514,0.16584828731051718
6768768768.768768,0.27574053008846305,-11.189987877008143,0.13041255412963607,0.855033845696473,-1.360333876002918,-4.353775712264833,0.855033845696473,-1.360333876002918,-4.353775712264833,0.27711048553655077,-11.146940814235752,0.16119401694678898
6774774774.774775,0.28619002902992646,-10.866910025970453,0.12395395525175111,0.8529500411878546,-1.381528109869612,-4.373177029284599,0.8529500411878546,-1.381528109869612,-4.373177029284599,0.28750800570023083,-10.82700115631991,0.15540380730521597
6780780780.780781,0.29637792072797425,-10.563083062651003,0.1165832965506894,0.8508007063748606,-1.4034431639480727,-4.392325684879385,0.8508007063748606,-1.4034431639480727,-4.392325684879385,0.2976489202693806,-10.525913770519406,0.14865803991883633
6786786786.786787,0.3063011509842979,-10.277027424940036,0.10844641761379184,0.8485944711716363,-1.4259960421839992,-4.411224606737066,0.8485944711716363,-1.4259960421839992,-4.411224606737066,0.3075295512133815,-10.242262910794723,0.14110678674386729
6792792792.792793,0.31595817914775254,-10.007407953158705,0.09966506466387587,0.8463395569614477,-1.4491072042742315,-4.429877029026002,0.8463395569614477,-1.4491072042742315,-4.429877029026002,0.31714782763734745,-9.974765180732767,0.1328756040389733
6798798798.7987995,0.32534870808104294,-9.753018269113534,0.09034141217298157,0.8440437759478144,-1.4727005660757142,-4.448286459347489,0.8440437759478144,-1.4727005660757142,-4.448286459347489,0.32650299954869694,-9.722256491057568,0.12407007701015257
6804804804.804805,0.33447346594416105,-9.512766589379627,0.08056162203112859,0.8417145333402589,-1.4967034815506453,-4.466456647368306,0.8417145333402589,-1.4967034815506453,-4.466456647368306,0.3355954065358277,-9.483679844220472,0.11477941129354095
6810810810.810811,0.3433340278036484,-9.285663031106077,0.07039866719446827,0.8393588320048002,-1.5210467084852184,-4.484391555191267,0.8393588320048002,-1.5210467084852184,-4.484391555191267,0.34442628874220843,-9.258074158307489,0.10507929205780792
6816816816.816816,0.35193266827952474,-9.070808354968607,0.05991458878938718,0.836983279230113,-1.5456643601020654,-4.502095329495167,0.836983279230113,-1.5456643601020654,-4.502095329495167,0.35299763084873936,-9.044564187584742,0.09503417633067349
6822822822.822823,0.36027223870984987,-8.867384035352075,0.049162313436021274,0.8345940952834195,-1.5704938445566408,-4.519572275452611,0.8345940952834195,-1.5704938445566408,-4.519572275452611,0.3613120321490968,-8.842351512677785,0.08469914356102584
6828828828.828829,0.36835606393621445,-8.67464352650584,0.0381871266057011,0.8321971234548334,-1.595475794169574,-4.536826832414551,0.8321971234548334,-1.595475794169574,-4.536826832414551,0.36937259750902385,-8.65070653048991,0.07412139942049314
6834834834.834835,0.3761878549869591,-8.491904590241651,0.02702787497745266,0.8297978413142146,-1.6205539861048635,-4.553863551333862,0.8297978413142146,-1.6205539861048635,-4.553863551333862,0.3771828452395426,-8.468961355132423,0.06334150553603418
6840840840.840841,0.38377163479193477,-8.318542557023095,0.01571795376960243,0.8274013729301102,-1.645675256059922,-4.570687073886634,0.8274013729301102,-1.645675256059922,-4.570687073886634,0.38474662882264427,-8.296503535979696,0.052394391151635585
6846846846.846848,0.3911116746951672,-8.153984403022607,0.004286122299500952,0.8250125018254415,-1.6707894063914377,-4.587302113238769,0.8250125018254415,-1.6707894063914377,-4.587302113238769,0.3920680701005961,-8.132770501293225,0.04131019014986234
6852852852.852853,0.3982124400030508,-7.997703538091272,-0.007242818572602913,0.8226356844689436,-1.6958491099621456,-4.603713436396811,0.8226356844689436,-1.6958491099621456,-4.603713436396811,0.39915150204324346,-7.977244642007925,0.030114937338025567
6858858858.858859,0.4050785431606564,-7.84921521204892,-0.018847460748183855,0.8202750641245888,-1.7208098108602863,-4.619925848075383,0.8202750641245888,-1.7208098108602863,-4.619925848075383,0.4060014195873105,-7.8294489581183,0.01883115063909937
6864864864.864864,0.4117147034188397,-7.708072458464548,-0.03050931415187349,0.8179344849032185,-1.7456296230159425,-4.635944176008701,0.8179344849032185,-1.7456296230159425,-4.635944176008701,0.41262243733120796,-7.6889431984066565,0.007478320250067439
6870870870.870871,0.41812571206262944,-7.5738625057927695,-0.042212406449356914,0.815617505881079,-1.770269227618926,-4.651773257630673,0.815617505881079,-1.770269227618926,-4.651773257630673,0.41901925309215343,-7.555320432340846,-0.003926678478382025
6876876876.876877,0.42431640243270174,-7.446203595243825,-0.0539429440483719,0.8133274151689796,-1.7946917701302898,-4.667417928046046,0.8133274151689796,-1.7946917701302898,-4.667417928046046,0.42519661650602225,-7.428204000501184,-0.015369235035394953
6882882882.882883,0.43029162409886007,-7.324742153089767,-0.06568902380271432,0.8110672438331796,-1.8188627575758012,-4.682883009214724,0.8110672438331796,-1.8188627575758012,-4.682883009214724,0.4311593019867455,-7.307244796720452,-0.026836705830034346
6888888888.888889,0.43605622064515764,-7.209150272339386,-0.07744038687459082,0.8088397795849563,-1.842749956713887,-4.698173300271451,0.8088397795849563,-1.842749956713887,-4.698173300271451,0.43691208547113586,-7.192118841179056,-0.038318159631227845
6894894894.894896,0.44161501060748626,-7.099123464942712,-0.08918820781658239,0.8066475801701309,-1.8663232935827365,-4.713293568904389,0.8066475801701309,-1.8663232935827365,-4.713293568904389,0.4424597244616485,-7.082525109046488,-0.049804159269406775
6900900900.900901,0.44697277117018863,-6.994378651039932,-0.1009249132092923,0.8044929864026071,-1.8895547548521316,-4.728248543717843,0.8044929864026071,-1.8895547548521316,-4.728248543717843,0.44780694095088575,-6.978183583906756,-0.061286573797671974
6906906906.906907,0.45213422428255606,-6.8946523563499875,-0.11264402520796582,0.802378134797424,-1.9124182913332186,-4.743042907506712,0.802378134797424,-1.9124182913332186,-4.743042907506712,0.4529584068696744,-6.878833509249441,-0.07275841634613223
6912912912.912912,0.4571040249006798,-6.7996990927231336,-0.12434002616769274,0.8003049697688754,-1.9348897239352139,-4.757681291372931,0.8003049697688754,-1.9348897239352139,-4.757681291372931,0.4579187317484384,-6.784231814809988,-0.08421370373567443
6918918918.918919,0.46188675109801397,-6.709289900232378,-0.13600824117494847,0.7982752553680816,-1.956946652300494,-4.772168269617207,0.7982752553680816,-1.956946652300494,-4.772168269617207,0.46269245232217815,-6.69415169755618,-0.09564733458958936
6924924924.924925,0.4664868958197283,-6.623211032052334,-0.1476447358465605,0.7962905865421073,-1.9785683662982867,-4.786508355342525,0.7962905865421073,-1.9785683662982867,-4.786508355342525,0.4672840238431699,-6.608381339726063,-0.10705498322762898
6930930930.930931,0.47090886008300004,-6.541262765834138,-0.1592462271915345,0.7943523999033507,-1.9997357605123138,-4.80070599670921,0.7943523999033507,-1.9997357605123138,-4.80070599670921,0.4716978128944065,-6.526722748568798,-0.11843300707154061
6936936936.936937,0.47515694744894843,-6.463258327388672,-0.17081000568667445,0.7924619840036324,-2.020431251818159,-4.814765573784823,0.7924619840036324,-2.020431251818159,-4.814765573784823,0.4759380915217774,-6.448990704373926,-0.12977836565586756
6942942942.942944,0.4792353596118748,-6.389022914304001,-0.18233386700852922,0.7906204891122344,-2.0406387001118964,-4.828691395935454,0.7906204891122344,-2.0406387001118964,-4.828691395935454,0.4800090325242201,-6.375011805050006,-0.14108854963742723
6948948948.948949,0.4831481929693239,-6.318392808673603,-0.1938160521054409,0.7888289365012254,-2.0603433322215667,-4.842487699708446,0.7888289365012254,-2.0603433322215667,-4.842487699708446,0.48391470575971823,-6.304623596957313,-0.15236151844459978
6954954954.954955,0.48689943605172653,-6.251214569454473,-0.20525519449289226,0.7870882272447659,-2.0795316690077943,-4.856158647159897,0.7870882272447659,-2.0795316690077943,-4.856158647159897,0.4876590753413489,-6.237673782947457,-0.1635956454128094
6960960960.96096,0.49049296770402717,-6.187344296128341,-0.21665027382158067,0.7853991505418684,-2.098191455637926,-4.869708324583467,0.7853991505418684,-2.098191455637926,-4.869708324583467,0.49124599761173726,-6.174019499647097,-0.17478966942368301
6966966966.966967,0.4939325559236387,-6.1266469563389325,-0.2280005749063414,0.7837623915743214,-2.1163115949997993,-4.883140741600213,0.7837623915743214,-2.1163115949997993,-4.883140741600213,0.4946792197970447,-6.1135266569584,-0.18594265220845219
6972972972.972973,0.4972218572697694,-6.0689957710419655,-0.23930565152017172,0.7821785389132525,-2.1338820842058617,-4.896459830572095,0.7821785389132525,-2.1338820842058617,-4.896459830572095,0.49796237925226045,-6.056069333573277,-0.19705394059576364
6978978978.978979,0.5003644167684856,-6.0142716514576655,-0.25056529435573854,0.7806480914891625,-2.1508939541257863,-4.9096694463047035,0.7806480914891625,-2.1508939541257863,-4.9096694463047035,0.5010990032200572,-6.001529222997578,-0.2081231330854223
6984984984.984985,0.5033636682463132,-5.962362682768088,-0.2617795026390816,0.779171465141266,-2.167339211875452,-4.922773366007474,0.779171465141266,-2.167339211875452,-4.922773366007474,0.5040925090335763,-5.9497951252125585,-0.21915005021431347
6990990990.990992,0.5062229350327542,-5.913163650069455,-0.2729484589503565,0.7777489987626897,-2.1832107861818715,-4.935775289482168,0.7777489987626897,-2.1832107861818715,-4.935775289482168,0.5069462047018181,-5.90076247963338,-0.23013470825386845
6996996996.996997,0.5089454309785914,-5.866575602590461,-0.2840725068656909,0.7763809600585043,-2.1985024755374867,-4.948678839512838,0.7763809600585043,-2.1985024755374867,-4.948678839512838,0.5096632898227826,-5.854332935506825,-0.24107729583886028
7003003003.003003,0.5115342617430764,-5.82250545261849,-0.2951521310853512,0.775067550933806,-2.2132088990523577,-4.961487562432833,0.775067550933806,-2.2132088990523577,-4.961487562432833,0.5122468567761719,-5.810413956298241,-0.25197815318057776
7009009009.009008,0.5139924263082264,-5.780865605961338,-0.3061879397561271,0.773808912529102,-2.2273254499093804,-4.97420492884636,0.773808912529102,-2.2273254499093804,-4.97420492884636,0.5146998921525447,-5.768918454991154,-0.26283775356186345
7015015015.015015,0.5163228186833775,-5.741573621105244,-0.3171806487334776,0.7726051299201373,-2.240848251325604,-4.986834334484275,0.7726051299201373,-2.240848251325604,-4.986834334484275,0.5170252783811183,-5.729764457538852,-0.2736566868498505
7021021021.021021,0.5185282297673678,-5.7045518945265306,-0.3281310675607518,0.7714562364990756,-2.2537741149213204,-4.999379101175423,0.7714562364990756,-2.2537741149213204,-4.999379101175423,0.5192257955226047,-5.692874791995138,-0.2844356447955292
7027027027.027027,0.520611349339585,-5.669727369874542,-0.33904008697023513,0.7703622180535867,-2.266100501398592,-5.011842477916762,0.7703622180535867,-2.266100501398592,-5.011842477916762,0.521304123197476,-5.658176801101668,-0.2951754079176424
7033033033.033033,0.5225747681545859,-5.637031268973517,-0.34990866773466056,0.7693230165600057,-2.2778254834308824,-5.02422764202687,0.7693230165600057,-2.2778254834308824,-5.02422764202687,0.5232628426236848,-5.625602076330042,-0.3058768337931515
7039039039.03904,0.5244209801179053,-5.606398842797952,-0.36073783071839155,0.7683385337062094,-2.288947710666874,-5.036537700369024,0.7683385337062094,-2.288947710666874,-5.036537700369024,0.5251044387408987,-5.595086211576273,-0.3165408465975343
7045045045.045045,0.5261523845236744,-5.577769140753119,-0.371528647995404,0.7674086341593521,-2.299466376752798,-5.0487756906313646,0.7674086341593521,-2.299466376752798,-5.0487756906313646,0.5268313024011853,-5.566568574879701,-0.3271684277574133
7051051051.051051,0.527771288336926,-5.55108479675702,-0.3822822349166906,0.7665331485930234,-2.3093811882796165,-5.060944582652829,0.7665331485930234,-2.3093811882796165,-5.060944582652829,0.5284457326086318,-5.539992096694258,-0.33776060759308935
7057057057.057056,0.5292799085057174,-5.526291830762613,-0.3929997430233457,0.765711876487799,-2.318692335563707,-5.073047279784721,0.765711876487799,-2.318692335563707,-5.073047279784721,0.5299499387925446,-5.515303073380773,-0.3483184578438472
7063063063.063063,0.5306803742902189,-5.503339464486538,-0.4036823537134134,0.7649445887185633,-2.3274004651720697,-5.085086620278853,0.7649445887185633,-2.3274004651720697,-5.085086620278853,0.531346043101028,-5.492450984711112,-0.3588430849800783
7069069069.069069,0.5319747295975972,-5.48217995022621,-0.4143312725809726,0.7642310299413514,-2.3355066541059695,-5.097065378694022,0.7642310299413514,-2.3355066541059695,-5.097065378694022,0.5326360827034439,-5.4713883242878945,-0.36933562421795124
7075075075.075075,0.5331649353130891,-5.4627684117497495,-0.4249477243549837,0.7635709207918733,-2.343012385559548,-5.108986267313577,0.7635709207918733,-2.343012385559548,-5.108986267313577,0.5338220120917964,-5.4520704418843335,-0.3797972341609557
7081081081.081081,0.534252871619146,-5.445062696333636,-0.4355329483735879,0.7629639599072466,-2.349919526173189,-5.120851937567598,0.7629639599072466,-2.349919526173189,-5.120851937567598,0.5349057053726691,-5.434455396795751,-0.39022909200180655
7087087087.087088,0.5352403402956043,-5.4290232371084635,-0.4460881945363801,0.7624098257819014,-2.356230304704093,-5.132664981453829,0.7624098257819014,-2.356230304704093,-5.132664981453829,0.535888958542466,-5.418503821377416,-0.40063238922473254
7093093093.093094,0.5361290669950921,-5.414612924944951,-0.45661471968339423,0.7619081784680092,-2.3619472920398783,-5.144427932952304,0.7619081784680092,-2.3619472920398783,-5.144427932952304,0.5367734917399256,-5.40417879401441,-0.41100832775507085
7099099099.099099,0.5369207034887509,-5.401796989181306,-0.4671137843552769,0.7614586611302431,-2.3670733824838415,-5.156143269429096,0.7614586611302431,-2.3670733824838415,-5.156143269429096,0.5375609514708024,-5.3914457208360576,-0.4213581165087704
7105105105.105105,0.5376168298782935,-5.390542886552324,-0.4775866498936435,0.7610609014641204,-2.371611776243629,-5.1678134130252005,0.7610609014641204,-2.371611776243629,-5.1678134130252005,0.5382529128005309,-5.380272225546092,-0.43168296829894737
7111111111.111111,0.5382189567711327,-5.380820197736233,-0.4880345758449772,0.7607145129866468,-2.375565963058088,-5.179440732027016,0.7607145129866468,-2.375565963058088,-5.179440732027016,0.5388508815114901,-5.370628046792971,-0.4419840970619127
7117117117.117117,0.5387285274160031,-5.372600530984721,-0.4984588176354921,0.760419096207485,-2.3789397068998945,-5.191027542215427,0.760419096207485,-2.3789397068998945,-5.191027542215427,0.5393562962221606,-5.362484942553757,-0.4522627153682017
7123123123.123123,0.5391469197971251,-5.365857432346103,-0.508860624487276,0.7601742396883828,-2.3817370316944455,-5.2025761081907,0.7601742396883828,-2.3817370316944455,-5.2025761081907,0.5397705304661241,-5.355816601048179,-0.46252003218811405
7129129129.129129,0.5394754486854396,-5.360566302033142,-0.5192412375494115,0.7599795209981269,-2.3839622079983442,-5.21408864467098,0.7599795209981269,-2.3839622079983442,-5.21408864467098,0.5400948947291404,-5.3505985577437265,-0.4727572508843152
7135135135.135136,0.5397153676459815,-5.356704316522995,-0.5296018882203903,0.7598345075698584,-2.385619740583416,-5.2255673177623425,0.7598345075698584,-2.385619740583416,-5.2255673177623425,0.5403306384435862,-5.346808118039796,-0.4829755674066811
7141141141.141142,0.5398678710007325,-5.354250356012691,-0.5399437966401393,0.7597387574671662,-2.3867143568747835,-5.237014246198697,0.7597387574671662,-2.3867143568747835,-5.237014246198697,0.5404789519391743,-5.344424285264694,-0.4931761686672415
7147147147.147147,0.5399340957468197,-5.35318493688167,-0.5502681703326717,0.7596918200649748,-2.387250996194132,-5.2484315025501,0.7596918200649748,-2.387250996194132,-5.2484315025501,0.5405409683499826,-5.343427693637638,-0.5033602310748752
7153153153.153153,0.5399151234300806,-5.353490148843608,-0.5605762029816853,0.7596932366508791,-2.3872347997615386,-5.259821114398304,0.7596932366508791,-2.3872347997615386,-5.259821114398304,0.540517765477638,-5.343800545883673,-0.5135289192119867
7159159159.159159,0.5398119819744048,-5.3551495964935745,-0.5708690733235561,0.7597425409522164,-2.386671101411716,-5.271185065478436,0.7597425409522164,-2.386671101411716,-5.271185065478436,0.540410367610931,-5.345526555212313,-0.5236833846364749
7165165165.165165,0.5396256474673768,-5.358148344982121,-0.5811479441433005,0.7598392595938498,-2.3855654189825057,-5.282525296786117,0.7598392595938498,-2.3855654189825057,-5.282525296786117,0.5402197473025137,-5.348590891391751,-0.5338247647943132
7171171171.171171,0.5393570459031048,-5.3624728695670045,-0.5914139613607221,0.759982912491308,-2.3839234463357792,-5.293843707649244,0.759982912491308,-2.3839234463357792,-5.293843707649244,0.5399468271032734,-5.352980130676163,-0.5439541820293259
7177177177.177177,0.5390070548830933,-5.368111008816371,-0.601668253194966,0.7601730131836529,-2.381751045972702,-5.305142156764001,0.7601730131836529,-2.381751045972702,-5.305142156764001,0.5395924812554138,-5.358682209359021,-0.5540727426777609
7183183183.183184,0.5385765052763565,-5.375051921252486,-0.6119119293967601,0.7604090691101637,-2.3790542422073155,-5.316422463194688,0.7604090691101637,-2.3790542422073155,-5.316422463194688,0.5391575373452031,-5.36568638074704,-0.5641815362369184
7189189189.18919,0.5380661828399755,-5.383286045243886,-0.6221460805387478,0.7606905818346754,-2.3758392148641456,-5.3276864073371115,0.7606905818346754,-2.3758392148641456,-5.3276864073371115,0.5386427779167033,-5.373983175362427,-0.5742816345973684
7195195195.195195,0.5374768298014233,-5.39280506196921,-0.632371777354926,0.7610170472211716,-2.372112293467269,-5.338935731845347,0.7610170472211716,-2.372112293467269,-5.338935731845347,0.5380489420476495,-5.383564364200596,-0.5843740913297836
7201201201.201201,0.5368091464041039,-5.403601861289817,-0.6425900701210966,0.7613879555640111,-2.3678799518898432,-5.350172142521857,0.7613879555640111,-2.3678799518898432,-5.350172142521857,0.5373767268889768,-5.394422924880974,-0.5944599410178918
7207207207.207207,0.5360637924176349,-5.415670510381539,-0.6528019880689859,0.7618027916759635,-2.3631488034346426,-5.361397309170889,0.7618027916759635,-2.3631488034346426,-5.361397309170889,0.5366267891694134,-5.406553010544227,-0.604540198629806
7213213213.213213,0.535241388614363,-5.429006224989905,-0.6630085388270336,0.7622610349370397,-2.3579255963175463,-5.3726128664152935,0.7622610349370397,-2.3579255963175463,-5.3726128664152935,0.5357997466666857,-5.419949921360471,-0.614615858920699
7219219219.219219,0.53434251821378,-5.443605343182661,-0.6732107078816455,0.7627621593069196,-2.3522172095273417,-5.383820414476831,0.7627621593069196,-2.3522172095273417,-5.383820414476831,0.534896179646865,-5.434610078525552,-0.6246878958601582
7225225225.225225,0.5333677282964372,-5.459465301485874,-0.6834094580530238,0.7633056333036367,-2.3460306490363023,-5.395021519920233,0.7633056333036367,-2.3460306490363023,-5.395021519920233,0.5339166322735392,-5.450531000631287,-0.6347572620784052
7231231231.231232,0.5323175311890245,-5.476584613299384,-0.6936057289801552,0.7638909199510004,-2.3393730443374285,-5.406217716361163,0.7638909199510004,-2.3393730443374285,-5.406217716361163,0.5328616139884141,-5.467711282307381,-0.6448248883256018
7237237237.237238,0.5311924058223165,-5.49496284949649,-0.7038004366099256,0.7645174766971317,-2.332251645285091,-5.417410505138408,0.7645174766971317,-2.332251645285091,-5.417410505138408,0.5317316008649784,-5.486150575041853,-0.654891682938972
7243243243.243243,0.5299927990636516,-5.514600621122552,-0.7139944726855146,0.7651847553063361,-2.3246738192170437,-5.428601355950562,0.7651847553063361,-2.3246738192170437,-5.428601355950562,0.530527036936893,-5.505849570095601,-0.6649585313132061
7249249249.249249,0.528719127025615,-5.535499564115489,-0.7241887042297432,0.7658922017264386,-2.3166470483366783,-5.439791707457591,0.7658922017264386,-2.3166470483366783,-5.439791707457591,0.5292483355028723,-5.526809983433339,-0.6750262953691275
7255255255.255255,0.5273717763526485,-5.557662325978364,-0.7343839730189798,0.7666392559335934,-2.308178927335276,-5.45098296784756,0.7666392559335934,-2.308178927335276,-5.45098296784756,0.5278958804095362,-5.549034542605838,-0.6850958130166582
7261261261.261261,0.5259511054872477,-5.581092554342727,-0.7445810950438235,0.7674253517564931,-2.299277161234875,-5.462176515369017,0.7674253517564931,-2.299277161234875,-5.462176515369017,0.5264700273141151,-5.572526975519294,-0.6951678976077994
7267267267.267267,0.5244574459173652,-5.6057948873691075,-0.7547808599523675,0.7682499166818081,-2.2899495634331926,-5.47337369882932,0.7682499166818081,-2.2899495634331926,-5.47337369882932,0.5249711049284652,-5.597292001041661,-0.7052433373757634
7273273273.273273,0.5228911034067326,-5.631774945936353,-0.7649840304726603,0.7691123716426185,-2.280204053932717,-5.484575838059423,0.7691123716426185,-2.280204053932717,-5.484575838059423,0.5233994162460779,-5.623335321398818,-0.7153228948565238
7279279279.27928,0.5212523592096677,-5.659039327580157,-0.7751913418105012,0.7700121307915251,-2.270048657736817,-5.49578422434552,0.7700121307915251,-2.270048657736817,-5.49578422434552,0.5217552397537897,-5.650663616319417,-0.7254073062891773
7285285285.285286,0.5195414712719476,-5.687595602147205,-0.7854035010192194,0.7709486012600749,-2.25949150339627,-5.507000120827992,0.7709486012600749,-2.25949150339627,-5.507000120827992,0.5200388306295429,-5.67928453889941,-0.7354972809914139
7291291291.291291,0.5177586754193696,-5.717452309136547,-0.7956211863377282,0.7719211829060703,-2.248540821690303,-5.518224762868149,0.7719211829060703,-2.248540821690303,-5.518224762868149,0.5182504219279807,-5.709206713155965,-0.7455935007069041
7297297297.2972975,0.5159041865354677,-5.748618956708107,-0.8058450464937326,0.772929268050295,-2.2372049444266895,-5.529459358383253,0.772929268050295,-2.2372049444266895,-5.529459358383253,0.5163902257552935,-5.7404397332523285,-0.7556966189208943
7303303303.303303,0.5139781997298912,-5.781106022343333,-0.816075699968247,0.773972241204147,-2.2254923033459715,-5.540705088150267,0.773972241204147,-2.2254923033459715,-5.540705088150267,0.5144584344346912,-5.772994164381703,-0.7658072601407941
7309309309.309309,0.5119808914989321,-5.814924955148795,-0.8263137342182119,0.7750494787896313,-2.213411429115342,-5.551963106078895,0.7750494787896313,-2.213411429115342,-5.551963106078895,0.5124552216641372,-5.806881545299304,-0.7759260191382981
7315315315.315315,0.5099124208795659,-5.850088179801122,-0.8365597048536149,0.7761603488531373,-2.200970950398202,-5.563234539454396,0.7761603488531373,-2.200970950398202,-5.563234539454396,0.510380743667643,-5.842114392503012,-0.7860534601493699
7321321321.3213215,0.5077729305983903,-5.886609102136867,-0.8468141347653391,0.7773042107744066,-2.1881795929856853,-5.574520489150698,0.7773042107744066,-2.1881795929856853,-5.574520489150698,0.5082351403413823,-5.878706206069295,-0.7961901160290472
7327327327.327328,0.5055625482168219,-5.924502116396796,-0.8570775132002822,0.7784804149720768,-2.175046178976871,-5.585822029814385,0.7784804149720768,-2.175046178976871,-5.585822029814385,0.5060185363962102,-5.916671477151101,-0.8063364873568251
7333333333.333334,0.5032813872737676,-5.963782614142143,-0.8673502947796349,0.779688302607162,-2.1615796259948503,-5.597140210020081,0.779688302607162,-2.1615796259948503,-5.597140210020081,0.5037310424974748,-5.956025697161957,-0.8164930414895122
7339339339.339339,0.5009295484269907,-6.004466994866111,-0.8776328984564283,0.7809272052858445,-2.14778894642585,-5.608476052397822,0.7809272052858445,-2.14778894642585,-5.608476052397822,0.5013727564036579,-5.996785368665318,-0.8266602115572194
7345345345.3453455,0.49850712059443403,-6.0465726783289755,-0.8879257064081393,0.782196444762918,-2.1336832466692086,-5.619830553733009,0.782196444762918,-2.1336832466692086,-5.619830553733009,0.4989437641048684,-6.03896801800283,-0.8368383953987271
7351351351.351351,0.49601418209647885,-6.090118118656157,-0.8982290628597741,0.7834953326472391,-2.1192717263861023,-5.631204685039521,0.7834953326472391,-2.1192717263861023,-5.631204685039521,0.4964441409621877,-6.082592209701943,-0.8470279544317783
7357357357.357357,0.4934508018003042,-6.1351228202418,-0.9085432728329169,0.7848231701105369,-2.1045636777351593,-5.642599391606633,0.7848231701105369,-2.1045636777351593,-5.642599391606633,0.4938739528490805,-6.127677562705951,-0.8572292124540798
7363363363.363363,0.4908170402672659,-6.181607355511243,-0.9188686008155335,0.7861792476009322,-2.089568484583454,-5.654015593020373,0.7861792476009322,-2.089568484583454,-5.654015593020373,0.4912332572958017,-6.174244768481271,-0.867442454369865
7369369369.3693695,0.48811295090427415,-6.229593384601807,-0.9292052693473033,0.7875628445625267,-2.0742956216814576,-5.6654541831599925,0.7875628445625267,-2.0742956216814576,-5.6654541831599925,0.4885221046375737,-6.222315611066663,-0.8776679248373717
7375375375.375376,0.48533858112003253,-6.279103677030731,-0.9395534575147497,0.788973229162426,-2.0587546537908494,-5.676916030170217,0.788973229162426,-2.0587546537908494,-5.676916030170217,0.4857405391676396,-6.2719129891308345,-0.8879058268314194
7381381381.381382,0.48249397348689693,-6.330162135428895,-0.9499132993497742,0.7904096580265685,-2.0429552347542446,-5.688401976410017,0.7904096580265685,-2.0429552347542446,-5.688401976410017,0.48288860029565517,-6.32306094012435,-0.8981563201155564
7387387387.387387,0.4795791669091425,-6.382793821426879,-0.9602848821252743,0.791871375985744,-2.026907106496114,-5.6999128383785855,0.791871375985744,-2.026907106496114,-5.6999128383785855,0.479966323712516,-6.375784666609148,-0.908419519617217
7393393393.3933935,0.4765941977982259,-6.4370249837926,-0.9706682445403102,0.7933576158331991,-2.010620097944307,-5.71144940661938,0.7933576158331991,-2.010620097944307,-5.71144940661938,0.47697374256180247,-6.430110564874577,-0.9186954936992269
7399399399.399399,0.4735391012557237,-6.492883088927899,-0.9810633747870763,0.7948675980952249,-1.9941041238619444,-5.72301244560289,0.7948675980952249,-1.9941041238619444,-5.72301244560289,0.47391088861886344,-6.486066255943942,-0.9289842623203496
7405405405.405405,0.4704139122643601,-6.550396853846837,-0.9914702084912591,0.7964005308161544,-1.977369183579404,-5.734602693589107,0.7964005308161544,-1.977369183579404,-5.734602693589107,0.4707777934775974,-6.543680619103716,-0.9392857950765942
7411411411.411411,0.46721866688760993,-6.609596281768778,-1.0018886265162599,0.7979556093591826,-1.9604253596165946,-5.7462208624704285,0.7979556093591826,-1.9604253596165946,-5.7462208624704285,0.4675744897457388,-6.602983828085857,-0.9496000091147171
7417417417.417418,0.46395340347821207,-6.670512700474474,-1.012318452621263,0.7995320162244581,-1.9432828161856595,-5.757867637595975,0.7995320162244581,-1.9432828161856595,-5.757867637595975,0.46430101224859094,-6.664007390062341,-0.959926766908324
7423423423.423424,0.4606181638958729,-6.733178803588194,-1.0227594509619027,0.8011289208858771,-1.925951797564717,-5.769543677578207,0.8011289208858771,-1.925951797564717,-5.769543677578207,0.46095739924175216,-6.726784187614019,-0.9702658738859845
7429429429.42943,0.4572129947343644,-6.797628694965205,-1.0332113234213618,0.8027454796480464,-1.9084426263332048,-5.781249614082828,0.8027454796480464,-1.9084426263332048,-5.781249614082828,0.45754369363280223,-6.79134852386195,-0.9806170759000328
7435435435.435435,0.45373794855809446,-6.863897936382725,-1.0436737067583608,0.8043808355248586,-1.8907657014599226,-5.792986051602979,0.8043808355248586,-1.8907657014599226,-5.792986051602979,0.4540599442120989,-6.857736170962946,-0.9909800565231937
7441441441.441442,0.450193085148183,-6.932023598751313,-1.054146169557309,0.80603411814115,-1.8729314962348367,-5.804753567218791,0.80603411814115,-1.8729314962348367,-5.804753567218791,0.45050620689262866,-6.925984422193427,-1.0013544341592784
7447447447.447447,0.44657847275804397,-7.0020443170840885,-1.0646282089641224,0.8077044436588926,-1.8549505560362303,-5.816552710343344,0.8077044436588926,-1.8549505560362303,-5.816552710343344,0.4468825459588984,-6.996132147865382,-1.011739758952423
7453453453.453453,0.4428941893782619,-7.074000349487082,-1.0751192471897904,0.8093909147293842,-1.8368334959248656,-5.8283840024562235,0.8093909147293842,-1.8368334959248656,-5.8283840024562235,0.4431890353245674,-7.068219855346206,-1.0221355094781126
7459459459.459459,0.43914032401059766,-7.147933640457236,-1.0856186277616167,0.811092620472882,-1.8185909980572634,-5.84024793682582,0.811092620472882,-1.8185909980572634,-5.84024793682582,0.4394257597985756,-7.142289753478098,-1.0325410891968645
7465465465.465466,0.43531697795084956,-7.223887888803366,-1.0961256114998812,0.8128086364871164,-1.8002338089105332,-5.8521449782216,0.8128086364871164,-1.8002338089105332,-5.8521449782216,0.4355928163595232,-7.218385821720311,-1.0429558226499709
7471471471.471472,0.43142426608011125,-7.301908620538548,-1.1066393721954264,0.8145380248861137,-1.7817727363114337,-5.864075562617639,0.8145380248861137,-1.7817727363114337,-5.864075562617639,0.4316903154377117,-7.296553884374735,-1.053378951373993
7477477477.477478,0.4274623181641565,-7.3820432671213805,-1.117158991960796,0.8162798343707235,-1.7632186462628767,-5.876040096888711,0.8162798343707235,-1.7632186462628767,-5.876040096888711,0.4277183822044609,-7.376841690285346,-1.0638096295083823
7483483483.483484,0.423431280160287,-7.464341249467799,-1.1276834562243112,0.8180331003322363,-1.7445824595613277,-5.888038958500344,0.8180331003322363,-1.7445824595613277,-5.888038958500344,0.42367715786803517,-7.4592989984452345,-1.0742469190673778
7489489489.48949,0.41933131553122915,-7.5488540681904945,-1.1382116483332345,0.8197968449904194,-1.7258751481992662,-5.900072495194163,0.8197968449904194,-1.7258751481992662,-5.900072495194163,0.4195668009756357,-7.543977669984413,-1.084689784844217
7495495495.495496,0.41516260656537185,-7.635635400573911,-1.1487423437280704,0.8215700775672965,-1.70710773154696,-5.912141024670103,0.8215700775672965,-1.70710773154696,-5.912141024670103,0.4153874887205879,-7.630931767064992,-1.095137088911926
7501501501.501501,0.4109253557028277,-7.724741204839041,-1.1592742036454213,0.8233517944979196,-1.6882912723086705,-5.924244834266879,0.8233517944979196,-1.6882912723086705,-5.924244834266879,0.4111394182542273,-7.720217659254733,-1.1055875846807992
7507507507.507507,0.4066197868665461,-7.816229832313358,-1.1698057683020047,0.8251409796793469,-1.6694368722487416,-5.936384180642342,0.8251409796793469,-1.6694368722487416,-5.936384180642342,0.4068228080014197,-7.811894138019876,-1.116039910467325
7513513513.513514,0.40224614679791765,-7.910162148179256,-1.180335449506452,0.826936604758977,-1.650555667683663,-5.948559289455266,0.826936604758977,-1.650555667683663,-5.948559289455266,0.4024378989791643,-7.9060225400325965,-1.1264925825245642
7519519519.51952,0.39780470639612947,-8.006601661548022,-1.1908615226388575,0.8287376294633284,-1.6316588247367527,-5.960770355050227,0.8287376294633284,-1.6316588247367527,-5.960770355050227,0.3979849561171919,-8.00266688007255,-1.1369439874774419
7525525525.525526,0.3932957620607108,-8.105614665680687,-1.2013821179308515,0.8305430019682651,-1.6127575343528557,-5.973017540147232,0.8305430019682651,-1.6127575343528557,-5.973017540147232,0.39346426958010305,-8.10189399437014,-1.1473923740987537
7531531531.531532,0.3887196370367115,-8.207270389264604,-1.2118952109699537,0.8323516593116085,-1.5938630070709616,-5.985300975537807,0.8323516593116085,-1.5938630070709616,-5.985300975537807,0.3888761560898587,-8.203773695346584,-1.157835844354657
7537537537.537538,0.38407668276195067,-8.3116411597531,-1.222398612342632,0.8341625278489554,-1.5749864675536032,-5.997620759789306,0.8341625278489554,-1.5749864675536032,-5.997620759789306,0.38422096024835317,-8.308378938788916,-1.168272343638009
7543543543.543544,0.37936728021608823,-8.418802579879094,-1.2328899563187827,0.835974523753461,-1.5561391488723015,-6.009976958959209,0.835974523753461,-1.5561391488723015,-6.009976958959209,0.37949905585906285,-8.415786004630053,-1.1786996500978624
7549549549.549549,0.37459184127128375,-8.528833718577483,-1.243366688467975,0.8377865535601927,-1.537332286549529,-6.0223696063212,0.8377865535601927,-1.537332286549529,-6.0223696063212,0.3747108472476679,-8.526074692614618,-1.1891153629610616
7555555555.555555,0.3697508100444196,-8.641817317686378,-1.2538260520824975,0.8395975147555911,-1.518577112358022,-6.03479870210488,0.8395975147555911,-1.518577112358022,-6.03479870210488,0.36985677058091726,-8.639328534292549,-1.199516889727481
7561561561.561562,0.3648446642512288,-8.757840015946867,-1.2642650732654939,0.8414062964124022,-1.4998848478796023,-6.047264213250954,0.8414062964124022,-1.4998848478796023,-6.047264213250954,0.36493729518410145,-8.755635022924167,-1.2099014321047366
7567567567.567568,0.35987391656294404,-8.876992591992726,-1.2746805445226248,0.8432117798703602,-1.4812666978260323,-6.05976607318374,0.8432117798703602,-1.4812666978260323,-6.05976607318374,0.3599529248569031,-8.875085863082138,-1.2202659705287136
7573573573.573574,0.35483911596636636,-8.999370228216684,-1.2850690066728871,0.8450128394627104,-1.4627338431258519,-6.072304181602909,0.8450128394627104,-1.4627338431258519,-6.072304181602909,0.35490419918851657,-8.997777241923187,-1.2306072470949283
7579579579.57958,0.34974084912905584,-9.125072797608858,-1.2954267288678916,0.8468083432885474,-1.4442974337816867,-6.084878404296299,0.8468083432885474,-1.4442974337816867,-6.084878404296299,0.34979169487272616,-9.123810124348978,-1.240921746700465
7585585585.585586,0.3445797417715521,-9.25420517591687,-1.305749686477801,0.8485971540307711,-1.425968581503646,-6.097488572975713,0.8485971540307711,-1.425968581503646,-6.097488572975713,0.34461602702460886,-9.253290574527536,-1.2512056761664077
7591591591.591592,0.33935646004956677,-9.386877581745802,-1.3160335365667597,0.8503781298192944,-1.4077583521254504,-6.110134485137544,0.8503781298192944,-1.4077583521254504,-6.110134485137544,0.33937785050091424,-9.386330106550027,-1.2614549410769966
7597597597.597597,0.33407171194977364,-9.523205947533267,-1.326273590638443,0.8521501251389705,-1.3896777578108301,-6.122815903950086,0.8521501251389705,-1.3896777578108301,-6.122815903950086,0.3340778612270057,-9.52304606733417,-1.271665120030779
7603603603.603603,0.32872624870394507,-9.663312324687066,-1.3364647842834052,0.8539119917815308,-1.3717377490587588,-6.135532558169384,0.8539119917815308,-1.3717377490587588,-6.135532558169384,0.32871679753407124,-9.663562055272704,-1.2818314359532346
7609609609.60961,0.32332086622728534,-9.807325326578594,-1.3466016433024897,0.8556625798406229,-1.353949206517274,-6.148284142085395,0.8556625798406229,-1.353949206517274,-6.148284142085395,0.32329544151162637,-9.80800837855784,-1.2919487240633336
7615615615.615616,0.31785640658847575,-9.955380613537388,-1.3566782458126252,0.8574007387488773,-1.3363229326163601,-6.161070315500261,0.8574007387488773,-1.3363229326163601,-6.161070315500261,0.31781462038135355,-9.956522557620351,-1.302011396023426
7621621621.621622,0.3123337595204923,-10.107621424517825,-1.3666881797614143,0.8591253183557046,-1.318869643031741,-6.173890703740373,0.8591253183557046,-1.318869643031741,-6.173890703740373,0.3122752079000525,-10.109249876689624,-1.3120133997227614
7627627627.627628,0.3067538639834651,-10.264199160698675,-1.3766244951821744,0.8608351700443496,-1.3015999579922264,-6.186744897703954,0.8608351700443496,-1.3015999579922264,-6.186744897703954,0.3066781258013349,-10.2663439901359,-1.3219481740553702
7633633633.633634,0.30111770979333524,-10.425274026952287,-1.3864796504085295,0.8625291478865181,-1.284524393444386,-6.1996324539456875,0.8625291478865181,-1.284524393444386,-6.1996324539456875,0.301024345287828,-10.427967590009722,-1.3318085979430383
7639639639.63964,0.2954263393330115,-10.591015737892764,-1.3962454513335882,0.8642061098326947,-1.2676533520892748,-6.2125528948000195,0.8642061098326947,-1.2676533520892748,-6.2125528948000195,0.295314888588488,-10.594293142051274,-1.341586932725148
7645645645.645645,0.2896808493663687,-10.761604296091935,-1.4059129826384313,0.8658649189360557,-1.2509971143070513,-6.225505708544503,0.8658649189360557,-1.2509971143070513,-6.225505708544503,0.2895508305986721,-10.765503698438595,-1.3512747568823074
7651651651.651651,0.2838823929796951,-10.937230851059951,-1.4154725297225161,0.8675044446077061,-1.2345658289860113,-6.238490349604634,0.8675044446077061,-1.2345658289860113,-6.238490349604634,0.2837333006245624,-10.941793796682969,-1.3608628918730976
7657657657.657658,0.27803218168046306,-11.118098648735879,-1.4249134898371452,0.8691235639007321,-1.218369504273896,-6.2515062388013884,0.8691235639007321,-1.218369504273896,-6.2515062388013884,0.27786348425832,-11.123370455392141,-1.3703413176395804
7663663663.663664,0.27213148768958484,-11.304424082548381,-1.4342242706435748,0.8707211628203954,-1.2024179982698666,-6.264552763642691,0.8707211628203954,-1.2024179982698666,-6.264552763642691,0.2719426254158675,-11.310454279143578,-1.37969907606469
7669669669.66967,0.26618164647094844,-11.496437858608044,-1.4433921740788367,0.8722961376575954,-1.1867210096765244,-6.277629278659814,0.8722961376575954,-1.1867210096765244,-6.277629278659814,0.2659720285761197,-11.503280686460931,-1.3889241603338183
7675675675.675676,0.26018405955136936,-11.694386289304394,-1.4524032629998995,0.8738473963425194,-1.171288068432311,-6.290735105789679,0.8738473963425194,-1.171288068432311,-6.290735105789679,0.2599530612690374,-11.702101276904838,-1.3980033877501132
7681681681.681682,0.25414019769566787,-11.89853273152374,-1.4612422075726317,0.8753738598152618,-1.1561285263449876,-6.303869534803881,0.8753738598152618,-1.1561285263449876,-6.303869534803881,0.2538871568700555,-11.90718535562832,-1.4069222530594734
7687687687.687688,0.2480516045154064,-12.109159187921088,-1.4698921077543528,0.8768744634099811,-1.141251547748003,-6.317031823785063,0.8768744634099811,-1.141251547748003,-6.317031823785063,0.24777581777132254,-12.118821636434877,-1.4156647587326656
7693693693.693693,0.2419199006074983,-12.326568092164383,-1.4783342874567134,0.878348158249033,-1.1266661002018565,-6.330221199651192,0.878348158249033,-1.1266661002018565,-6.330221199651192,0.2416206190158446,-12.337320147482432,-1.4242132179027935
7699699699.699699,0.23574678834028037,-12.551084301873754,-1.4865480550332006,0.8797939126433609,-1.1123809452632192,-6.343436858728128,0.8797939126433609,-1.1123809452632192,-6.343436858728128,0.23542321250020423,-12.56301436734173,-1.4325480247238356
7705705705.705706,0.22953405743171934,-12.783057326081666,-1.4945104235632767,0.8812107134952858,-1.09840462934504,-6.356677967370678,0.8812107134952858,-1.09840462934504,-6.356677967370678,0.22918533187637877,-12.796263623185187,-1.440647385754229
7711711711.711712,0.2232835914983282,-13.022863817439632,-1.502195782941977,0.882597567699722,-1.0847454746912004,-6.369943662632204,0.882597567699722,-1.0847454746912004,-6.369943662632204,0.22290879831359817,-13.037455787538786,-1.4484870045127647
7717717717.717718,0.21699737579595016,-13.270910363050554,-1.509575513946088,0.8839535035397417,-1.0714115704895495,-6.383233052982682,0.8839535035397417,-1.0714115704895495,-6.383233052982682,0.2165955273206661,-13.28701031524903,-1.45603970951913
7723723723.723724,0.21067750642796132,-13.527636611586885,-1.5166175321317015,0.8852775720723218,-1.058410764147322,-6.396545219074933,0.8852775720723218,-1.058410764147322,-6.396545219074933,0.21024753687875544,-13.545381668149714,-1.46327501380653
7729729729.72973,0.20432620136570478,-13.793518778078017,-1.5232857464800136,0.8865688485000274,-1.0457506527531368,-6.4098792145585595,0.8865688485000274,-1.0457506527531368,-6.4098792145585595,0.2038669571985065,-13.813063181273183,-1.4701585909338533
7735735735.735736,0.1979458137150825,-14.069073571053332,-1.5295394139664444,0.8878264335243543,-1.033438574749541,-6.4232340669409655,0.8878264335243543,-1.033438574749541,-6.4232340669409655,0.19745604249748702,-14.090591431188678,-1.4766516487324792
7741741741.741741,0.19153884777853322,-14.354862589017872,-1.5353323664342233,0.8890494546764056,-1.0214816018401223,-6.436608778494638,0.8890494546764056,-1.0214816018401223,-6.436608778494638,0.1910171853009964,-14.378551173825777,-1.482710177138334
7747747747.747747,0.18510797861187173,-14.651497233539262,-1.540612079980385,0.890237067620573,-1.009886531154887,-6.450002327209741,0.890237067620573,-1.009886531154887,-6.450002327209741,0.18455293390912678,-14.677580925333313,-1.488284040128579
7753753753.753754,0.17865607597252908,-14.959644182964961,-1.5453185490719346,0.8913884574269081,-0.9986598776972406,-6.463413667790786,0.8913884574269081,-0.9986598776972406,-6.463413667790786,0.17806601385700077,-14.988379264058162,-1.493315873528902
7759759759.75976,0.172186233816241,-15.280031461436925,-1.54938291721192,0.8925028398078969,-0.9878078670955031,-6.4768417326961165,0.8925028398078969,-0.9878078670955031,-6.4768417326961165,0.17155935444042236,-15.311711932675351,-1.4977397396292464
7765765765.765766,0.16570180684611946,-15.613455118394072,-1.5527258023763897,0.8935794623154081,-0.9773364286812796,-6.490285433218602,0.8935794623154081,-0.9773364286812796,-6.490285433218602,0.16503612170677867,-15.648419813778025,-1.501479475254252
7771771771.771772,0.15920645608331105,-15.960786497732606,-1.555255237576286,0.8946176054936714,-0.9672511889162787,-6.50374366060595,0.8946176054936714,-0.9672511889162787,-6.50374366060595,0.15849975975427258,-15.999427834536304,-1.504446650958047
7777777777.777778,0.15270420605784876,-16.322980012957057,-1.5568641233233134,0.8956165839842268,-0.9575574651885286,-6.517215287218658,0.8956165839842268,-0.9575574651885286,-6.517215287218658,0.1519540427858542,-16.365754817737823,-1.5065380336689058
7783783783.783784,0.1461995170759652,-16.701081238615135,-1.557427057571086,0.8965757475789304,-0.9482602599978236,-6.530699167723707,0.8965757475789304,-0.9482602599978236,-6.530699167723707,0.14540314119366302,-16.748524223275705,-1.5076324110768886
7789789789.789789,0.13969737719859895,-17.096234952715427,-1.5567963673104996,0.897494482217228,-0.9393642555494447,-6.544194140321727,0.897494482217228,-0.9393642555494447,-6.544194140321727,0.1388517061002866,-17.148975592255326,-1.5075865901542238
7795795795.795795,0.13320342019690073,-17.509692477252603,-1.5547971111003684,0.8983722109240919,-0.9308738087739133,-6.557699028005378,0.8983722109240919,-0.9308738087739133,-6.557699028005378,0.13230497839312017,-17.56847627604097,-1.5062303200619087
7801801801.801802,0.12672407802584507,-17.942817195580187,-1.551220749246639,0.8992083946851899,-0.9227929467894853,-6.571212639846436,0.8992083946851899,-0.9227929467894853,-6.571212639846436,0.12576893056266242,-18.008532639137265,-1.5033598054735053
7807807807.807808,0.12026677955029012,-18.397086364326913,-1.5458170832311309,0.9000025332560796,-0.9151253628226521,-6.584733772309036,0.9000025332560796,-0.9151253628226521,-6.584733772309036,0.11925045289593802,-18.470799257944265,-1.49872936237219
7813813813.813814,0.11384021176467278,-18.874086101036347,-1.5382839434617894,0.9007541659024317,-0.907874412600701,-6.598261210586326,0.9007541659024317,-0.907874412600701,-6.598261210586326,0.11275760023113598,-18.957083511891256,-1.4920406151796897
7819819819.81982,0.10745466612675082,-19.37549441795049,-1.5282539517177915,0.9014628720685436,-0.9010431112288089,-6.611793729957725,0.9014628720685436,-0.9010431112288089,-6.611793729957725,0.10629992221077965,-19.46934106577894,-1.4829284313456121
7825825825.825826,0.10112250165129054,-19.90304389992205,-1.5152775064711037,0.9021282719716675,-0.8946341305626189,-6.62533009716389,0.9021282719716675,-0.8946341305626189,-6.62533009716389,0.09988890974818283,-20.009654540291493,-1.4709425296240946
7831831831.831832,0.09485876909580003,-20.45845030259506,-1.4988009601056536,0.9027500271199365,-0.888649797085832,-6.63886907179636,0.9027500271199365,-0.888649797085832,-6.63886907179636,0.09353860463154745,-20.580182259929206,-1.4555233861445953
7837837837.837837,0.08868205809822348,-21.043284730111324,-1.4781388490551859,0.9033278407519888,-0.8830920903004418,-6.652409407698807,0.9033278407519888,-0.8830920903004418,-6.652409407698807,0.08726643970826357,-21.183054839917514,-1.4359707406382711
7843843843.843843,0.08261565246327796,-21.658753258330513,-1.4524391807037522,0.903861458196665,-0.8779626416358193,-6.665949854376804,0.903861458196665,-0.8779626416358193,-6.665949854376804,0.0810944061645311,-21.82018204171105,-1.4114028139404082
7849849849.84985,0.07668910748139356,-22.305326331622965,-1.420641586289935,0.9043506671514845,-0.8732627338809444,-6.679489158412886,0.9043506671514845,-0.8732627338809444,-6.679489158412886,0.07505068385140723,-22.492906923433665,-1.3807046621863406
7855855855.855856,0.07094039205840857,-22.98212831380452,-1.3814305052295979,0.9047952978789148,-0.8689933011424478,-6.693026064883722,0.9047952978789148,-0.8689933011424478,-6.693026064883722,0.06917191899915442,-23.201403515143163,-1.3424658239865845
7861861861.861862,0.06541874975885316,-23.68595520178099,-1.3331912676442177,0.9051952233197729,-0.8651549293293432,-6.706559318776193,0.9051952233197729,-0.8651549293293432,-6.706559318776193,0.06350637839559173,-23.943653064902616,-1.2949126257699344
7867867867.867868,0.06018837869396196,-24.40974710384787,-1.2739892664582277,0.9055503591234326,-0.8617478571635191,-6.720087666399143,0.9055503591234326,-0.8617478571635191,-6.720087666399143,0.058118205945639954,-24.71375600858647,-1.235853492540814
7873873873.873875,0.05533279952232687,-25.140347128396755,-1.2016162244374617,0.9058606635948288,-0.8587719777134041,-6.733609856787596,0.9058606635948288,-0.8587719777134041,-6.733609856787596,0.053092834717942454,-25.499281726179596,-1.1626841331887012
7879879879.87988,0.05095915759563061,-25.855555198459253,-1.1137863231864886,0.9061261375585836,-0.8562268404464158,-6.74712464309625,0.9061261375585836,-0.8562268404464158,-6.74712464309625,0.04854298445119983,-26.277470530067944,-1.072553395521912
7885885885.885886,0.047200387709804954,-26.521088680056664,-1.0086074952821158,0.9063468241409196,-0.8541116537939788,-6.760630783979161,0.9063468241409196,-0.8541116537939788,-6.760630783979161,0.04461310033516794,-27.010751898463283,-0.9628672803684031
7891891891.8918915,0.044211101622367556,-27.089373270055,-0.8854411776976238,0.9065228084703086,-0.8524252882215115,-6.7741270449524595,0.9065228084703086,-0.8524252882215115,-6.7741270449524595,0.041477134873448424,-27.643825022336415,-0.8323422110926892
7897897897.897898,0.042151481003142595,-27.503743234453566,-0.7460635984462122,0.9066542172981598,-0.8511662797938078,-6.78761219973719,0.9066542172981598,-0.8511662797938078,-6.78761219973719,0.039321382359617275,-28.10742445535304,-0.6825991446005839
7903903903.903904,0.0411561524308251,-27.71130465883661,-0.595559907300558,0.9067412185411268,-0.8503328342248704,-6.801085031579234,0.9067412185411268,-0.8503328342248704,-6.801085031579234,0.03830612491513355,-28.334635588944476,-0.5195678150530284
7909909909.90991,0.04129576433824699,-27.68188982346391,-0.44197182018010034,0.9067840207469174,-0.8499228313996783,-6.814544334543588,0.9067840207469174,-0.8499228313996783,-6.814544334543588,0.038514818792226735,-28.2874428220668,-0.35317310836000265
7915915915.915916,0.04255180564246558,-27.42164012690119,-0.29426207217204103,0.9067828724857703,-0.8499338303538797,-6.827988914780217,0.9067828724857703,-0.8499338303538797,-6.827988914780217,0.03992044807973206,-27.97609185397441,-0.19448651207541126
7921921921.921923,0.04482248037329613,-26.970082285501622,-0.15966685957238966,0.9067380616700293,-0.8503630746960498,-6.84141759175887,0.9067380616700293,-0.8503630746960498,-6.84141759175887,0.042395628397893154,-27.45357846274598,-0.052020792390917385
7927927927.927928,0.04795538170243483,-26.383252957553776,-0.042163315343678814,0.9066499148044953,-0.8512074984558914,-6.854829199470415,0.9066499148044953,-0.8512074984558914,-6.854829199470415,0.045758219091467996,-26.790617732289775,0.07013803562886078
7933933933.933934,0.05178549729372156,-25.71583697775082,0.057379244625663975,0.9065187961704679,-0.8524637323405235,-6.86822258759233,0.9065187961704679,-0.8524637323405235,-6.86822258759233,0.04981974406085461,-26.05197015792684,0.1717549111998894
7939939939.9399395,0.056161477611122515,-25.01122948839301,0.14012161184899152,0.9063451069466127,-0.8541281103798782,-6.881596622616146,0.9063451069466127,-0.8541281103798782,-6.881596622616146,0.05441474317642375,-25.28566832490135,0.254812224919224
7945945945.945946,0.06095696794355886,-24.29953286687641,0.2081565790180755,0.9061292842699717,-0.8561966769413041,-6.894950188934827,0.9061292842699717,-0.8561966769413041,-6.894950188934827,0.059410409974018454,-24.52274901345276,0.3220999201024005
7951951951.951952,0.06607182228441964,-23.599674300596423,0.2637801845289837,0.9058718002406264,-0.858665194092457,-6.908282189888177,0.9058718002406264,-0.858665194092457,-6.908282189888177,0.06470494059596624,-23.781251143458736,0.37640564890961925
7957957957.957958,0.07142868959303397,-22.922546344487916,0.3091243249525275,0.9055731608736712,-0.8615291492908081,-6.921591548764551,0.9055731608736712,-0.8615291492908081,-6.921591548764551,0.07022182269289694,-23.07055804164748,0.42017399574805586
7963963963.963964,0.0769683952836237,-22.273751359295595,0.34602083680046214,0.9052339050022731,-0.8647837633775736,-6.934877209757375,0.9052339050022731,-0.8647837633775736,-6.934877209757375,0.07590378967826196,-22.394730807447306,0.45542259407362995
7969969969.969971,0.08264565607951785,-21.655599367022695,0.37598374099829507,0.9048546031357416,-0.8684239988529269,-6.94813813887501,0.9048546031357416,-0.8684239988529269,-6.94813813887501,0.08170776842257015,-21.75473301312945,0.48376965181154025
7975975975.975976,0.08842560351152579,-21.068439348198964,0.40024088501387495,0.9044358562765807,-0.8724445684093285,-6.961373324802848,0.9044358562765807,-0.8724445684093285,-6.961373324802848,0.08760103602840096,-21.149815150894785,0.5064974853328782
7981981981.981982,0.09428112993625826,-20.511504424069837,0.41978022602159826,0.9039782947005938,-0.8768399436991139,-6.97458177971654,0.9039782947005938,-0.8768399436991139,-6.97458177971654,0.09355841543942145,-20.57834284536865,0.5246192799782623
7987987987.9879875,0.10019091917197225,-19.98343278139536,0.4353955346816682,0.9034825767041453,-0.8816043643123984,-6.987762540045553,0.9034825767041453,-0.8816043643123984,-6.987762540045553,0.09956026336865466,-20.038279264289752,0.5389373402245489
7993993993.993994,0.1061380020746339,-19.482581834439486,0.4477260204286364,0.9029493873227047,-0.8867318469412477,-7.000914667186379,0.9029493873227047,-0.8867318469412477,-7.000914667186379,0.10559103244552945,-19.527459273315934,0.5500902042651941
8000000000.0,0.11210869964307561,-19.007213696292524,0.4572887270766072,0.9023794370248166,-0.892216194705871,-7.014037248164854,0.9023794370248166,-0.892216194705871,-7.014037248164854,0.11163824056574936,-19.04374033342226,0.5585894351628748
8006006006.006006,0.11809184741290912,-18.555601665985286,0.4645042623940849,0.9017734603856034,-0.8980510066189163,-7.0271293962473145,0.9017734603856034,-0.8980510066189163,-7.0271293962473145,0.11769172698663609,-18.585081286942703,0.5648478925570092
8012012012.0120125,0.12407822286277934,-18.126088708533715,0.4697169497166999,0.901132214743896,-0.9042296871638383,-7.040190251500403,0.901132214743896,-0.9042296871638383,-7.040190251500403,0.12374311053393801,-18.149579426131858,0.569201328272739
8018018018.018019,0.13006011943291296,-17.717117030392753,0.4732105213527862,0.9004564788470107,-0.9107454559638374,-7.053218981299523,0.9004564788470107,-0.9107454559638374,-7.053218981299523,0.12978539103227374,-17.73548380111948,0.5719248775429363
8024024024.024024,0.13603102688262672,-17.327240469788872,0.47522032987736856,0.8997470514871311,-0.9175913575180716,-7.066214780786102,0.8997470514871311,-0.9175913575180716,-7.066214780786102,0.13581265302535583,-17.34119533997553,0.5732456903071427
8030030030.03003,0.14198538927507828,-16.95512687060325,0.4759428697865572,0.8990047501331672,-0.9247602709823056,-7.079176873274012,0.8990047501331672,-0.9247602709823056,-7.079176873274012,0.14181984321925267,-16.9652599814086,0.57335265393184
8036036036.036036,0.14791842006358014,-16.599554811630636,0.475543230656246,0.898230409561851,-0.9322449199717547,-7.09210451060555,0.898230409561851,-0.9322449199717547,-7.09210451060555,0.14780260157758157,-16.606358431023562,0.5724039224326142
8042042042.042042,0.15382595952846534,-16.259407344188496,0.47416095998484153,0.8974248804917162,-0.9400378823644182,-7.104996973457657,0.8974248804917162,-0.9400378823644182,-7.104996973457657,0.1537571318491377,-16.263294616625902,0.5705327858290504
8048048048.048048,0.1597043638908829,-15.933664333731699,0.47191470067850333,0.8965890282234806,-0.9481316000838613,-7.117853571599019,0.8965890282234806,-0.9481316000838613,-7.117853571599019,0.15968010136145022,-15.934984007518784,0.567852277206983
8054054054.054054,0.16555041832145373,-15.6213943502504,0.46890588084998786,0.8957237312901964,-0.9565183888412345,-7.130673644099027,0.8957237312901964,-0.9565183888412345,-7.130673644099027,0.16556856274289328,-15.620442423895579,0.5644588141937058
8060060060.0600605,0.1713612681238243,-15.321746651866539,0.4652216672358543,0.8948298801204001,-0.9651904478169189,-7.143456559489439,0.8948298801204001,-0.9651904478169189,-7.143456559489439,0.17141989222668877,-15.318775645571705,0.5604350971042185
8066066066.066067,0.17713436385448086,-15.033943560539313,0.46093734340759845,0.8939083757173123,-0.9741398692632204,-7.156201715879944,0.8939083757173123,-0.9741398692632204,-7.156201715879944,0.17723174060457791,-15.029169945256687,0.5558524310726756
8072072072.072072,0.18286741721187463,-14.757273379335833,0.4561182361652209,0.8929601283569835,-0.9833586480102731,-7.168908541028758,0.8929601283569835,-0.9833586480102731,-7.168908541028758,0.18300199391108773,-14.750883567154764,0.5507725988467963
8078078078.078078,0.18855836530994793,-14.491083910899365,0.45082128500178675,0.8919860563080954,-0.9928386908583227,-7.181576492369557,0.8919860563080954,-0.9928386908583227,-7.181576492369557,0.18872874165270528,-14.483239114809532,0.5452493807407046
8084084084.084084,0.1942053415255928,-14.234776584009591,0.44509632797591464,0.8909870845759618,-1.002571825840389,-7.194205056996072,0.8909870845759618,-1.002571825840389,-7.194205056996072,0.1944102509311677,-14.225616783517193,0.539329795719641
8090090090.09009,0.19980665153563457,-13.987801165329948,0.43898716097590407,0.8899641436730706,-1.0125498113404348,-7.206793751605827,0.8899641436730706,-1.0125498113404348,-7.206793751605827,0.20004494520406174,-13.977448360602782,0.5330551206853873
8096096096.096096,0.20536075347688842,-13.74965101779434,0.43253241489435135,0.8889181684183411,-1.022764345052994,-7.219342122404496,0.8889181684183411,-1.022764345052994,-7.219342122404496,0.20563138671846226,-13.73821191432466,0.5264617322711054
8102102102.102102,0.2108662414019722,-13.51985886005776,0.4257662856856617,0.8878500967670704,-1.0332070727713185,-7.23184974497243,0.8878500967670704,-1.0332070727713185,-7.23184974497243,0.21116826187242294,-13.50742709487154,0.5195818057609195
8108108108.1081085,0.216321831385062,-13.297992979538034,0.41871914493098406,0.8867608686733573,-1.0438695969921095,-7.244316224095009,0.8867608686733573,-1.0438695969921095,-7.244316224095009,0.21665436892422701,-13.284650976298327,0.5124438983446393
8114114114.114115,0.22172634977000918,-13.08365385266594,0.4114180528485695,0.8856514249866172,-1.0547434853257882,-7.256741193558381,0.8856514249866172,-1.0547434853257882,-7.256741193558381,0.2220886075951333,-13.069474374772641,0.5050734382212556
8120120120.12012,0.22707872315979108,-12.876471128655592,0.4038871912644159,0.8845227063835971,-1.0658202787024356,-7.26912431591237,0.8845227063835971,-1.0658202787024356,-7.26912431591237,0.2274699702075189,-12.861518585323669,0.49749313666143946
8126126126.126126,0.23237796982838166,-12.67610093660432,0.3961482305988486,0.8833756523371357,-1.0770914993644012,-7.281465282202163,0.8833756523371357,-1.0770914993644012,-7.281465282202163,0.2327975340743919,-12.66043248590315,0.4897233367117832
8132132132.132132,0.2376231923002912,-12.482223479499574,0.388220642205442,0.8822112001227287,-1.088548658637581,-7.293763811670543,0.8822112001227287,-1.088548658637581,-7.293763811670543,0.2380704549140621,-12.465889963716938,0.48178230954034446
8138138138.138138,0.2428135708931761,-12.294540882469697,0.38012196525010156,0.8810302838637777,-1.1001832644744476,-7.306019651432416,0.8810302838637777,-1.1001832644744476,-7.306019651432416,0.2432879611085534,-12.277587624382672,0.47368650731438544
8144144144.144144,0.24794835805833693,-12.112775266196278,0.37186803561167703,0.879833833616252,-1.111986828762644,-7.318232576123301,0.879833833616252,-1.111986828762644,-7.318232576123301,0.24844934865971338,-12.095242749458775,0.46545077982965144
8150150150.15015,0.25302687338534535,-11.936667019711235,0.36347318292437647,0.8786227744933132,-1.123950874394064,-7.33040238752356,0.8786227744933132,-1.123950874394064,-7.33040238752356,0.25355397672509783,-11.918591472290817,0.45708856078342897
8156156156.156157,0.2580484991618441,-11.765973249813143,0.3549504007895399,0.8773980258302974,-1.1360669420901934,-7.342528914160072,0.8773980258302974,-1.1360669420901934,-7.342528914160072,0.25860126363744207,-11.747387146001326,0.4486120285217035
8162162162.162163,0.263012676399575,-11.600466387032624,0.3463114943059851,0.8761605003903082,-1.1483265969803034,-7.354612010887069,0.8761605003903082,-1.1483265969803034,-7.354612010887069,0.26359068332990876,-11.58139888079546,0.4400322452376364
8168168168.168168,0.26791890125358003,-11.439932930480964,0.3375672083555261,0.8749111036105333,-1.1607214349298736,-7.366651558447733,0.8749111036105333,-1.1607214349298736,-7.366651558447733,0.26852176210277273,-11.42041023071063,0.4313592779108624
8174174174.174174,0.27276672177465405,-11.284172316031341,0.3287273395026807,0.8736507328892386,-1.1732430886176552,-7.378647463018346,0.8736507328892386,-1.1732430886176552,-7.378647463018346,0.2733940756793428,-11.264218012455885,0.4226023037183596
8180180180.18018,0.2775557349453591,-11.132995894158755,0.31980083389510733,0.8723802769133048,-1.1858832333602014,-7.390599655736475,0.8723802769133048,-1.1858832333602014,-7.390599655736475,0.27820724650763146,-11.112631241207966,0.4137697021936554
8186186186.186186,0.28228558395872255,-10.986226005396118,0.31079587316497315,0.8711006150260087,-1.19863359268379,-7.40250809221488,0.8711006150260087,-1.19863359268379,-7.40250809221488,0.2829609412722256,-10.965470170124675,0.4048691360392838
8192192192.192192,0.2869559557054247,-10.84369514281091,0.3017199500130998,0.8698126166346823,-1.2114859436439704,-7.414372752042638,0.8698126166346823,-1.2114859436439704,-7.414372752042638,0.287654868586695,-10.822565421996618,0.395907622192862
8198198198.198198,0.2915665784412717,-10.705245192156589,0.2925799348951771,0.8685171406577405,-1.224432121893994,-7.426193638275011,0.8685171406577405,-1.224432121893994,-7.426193638275011,0.29228877684208143,-10.683757202884118,0.38689159449388316
8204204204.204205,0.296117219611208,-10.570726741461907,0.2833821350114115,0.8672150350105027,-1.237464026503666,-7.437970776913502,0.8672150350105027,-1.237464026503666,-7.437970776913502,0.296862452190939,-10.548894588833534,0.3778269590927362
8210210210.210211,0.30060768381020175,-10.439998452778527,0.2741323466202443,0.8659071361291246,-1.2505736245309853,-7.449704216377549,0.8659071361291246,-1.2505736245309853,-7.449704216377549,0.301375716650065,-10.417834877836134,0.36871914356813373
8216216216.216216,0.3050378108643542,-10.312926489656416,0.26483590154517545,0.8645942685318904,-1.2637529553492977,-7.4613940269691925,0.8645942685318904,-1.2637529553492977,-7.4613940269691925,0.3058284263075958,-10.290443000137216,0.35957314057660944
8222222222.222222,0.3094074740184294,-10.189383994649182,0.25549770861755067,0.8632772444170357,-1.2769941347332567,-7.4730403003320225,0.8632772444170357,-1.2769941347332567,-7.4730403003320225,0.3102204696225988,-10.166590980813163,0.3503935467364906
8228228228.228229,0.31371657821801713,-10.069250611804401,0.24612229069178046,0.8619568632962141,-1.2902893587072986,-7.48464314890568,0.8619568632962141,-1.2902893587072986,-7.48464314890568,0.3145517658072564,-10.046157449242825,0.3411845973479514
8234234234.234234,0.31796505847657475,-9.952412049655749,0.23671381777961228,0.8606339116626475,-1.3036309071608647,-7.496202705377144,0.8606339116626475,-1.3036309071608647,-7.496202705377144,0.31882226328322366,-9.9290271907218,0.33195019746559856
8240240240.24024,0.3221528783189267,-9.838759680737756,0.2272761367747569,0.8593091626929747,-1.3170111472347648,-7.5077191221298945,0.8593091626929747,-1.3170111472347648,-7.5077191221298945,0.32303193820509996,-9.815090736008223,0.3226939497679864
8246246246.246246,0.3262800282942599,-9.728190174076929,0.2178127981746751,0.8579833759817485,-1.3304225364836246,-7.519192570692105,0.8579833759817485,-1.3304225364836246,-7.519192570692105,0.32718079304517766,-9.704243985058875,0.3134191796079423
8252252252.252253,0.3303465245525795,-9.620605157502343,0.20832708015194937,0.8566572973075013,-1.3438576258195676,-7.530623241184859,0.8566572973075013,-1.3438576258195676,-7.530623241184859,0.33126885523439126,-9.596387861633861,0.3041289575755634
8258258258.258259,0.3343524074795675,-9.515910906956078,0.1988220102810315,0.8553316584292757,-1.3573090622425403,-7.54201134177142,0.8553316584292757,-1.3573090622425403,-7.54201134177142,0.3352961758551515,-9.491427995812304,0.2948261198622318
8264264264.264265,0.3382977403855678,-9.414018060282746,0.18930038518656003,0.8540071769124803,-1.3707695913629814,-7.553357098108447,0.8540071769124803,-1.3707695913629814,-7.553357098108447,0.3392628283826876,-9.389274431773982,0.2855132866755098
8270270270.27027,0.3421826082448492,-9.314841353247125,0.1797647883452728,0.8526845559829229,-1.3842320597226732,-7.564660752800037,0.8526845559829229,-1.3842320597226732,-7.564660752800037,0.34316890747157847,-9.289841358496455,0.27619287892389444
8276276276.276277,0.3460071164821441,-9.218299375754748,0.17021760624438717,0.851364484407857,-1.3976894169198115,-7.5759225648554285,0.851364484407857,-1.3976894169198115,-7.5759225648554285,0.34701452778503394,-9.193046861254441,0.266867133361537
8282282282.282282,0.3497713898035796,-9.124314346465933,0.16066104307408025,0.8500476364028637,-1.4111347175445044,-7.587142809151094,0.8500476364028637,-1.4111347175445044,-7.587142809151094,0.35079982286460093,-9.098812692034754,0.25753811636008367
8288288288.288288,0.35347557106972366,-9.032811904171563,0.15109713410996148,0.8487346715633921,-1.4245611229310233,-7.598321775897993,0.8487346715633921,-1.4245611229310233,-7.598321775897993,0.35452494403834695,-9.007064057172613,0.24820773645417504
8294294294.294294,0.3571198202086249,-8.943720914466164,0.14152775792273214,0.8474262348197873,-1.4379619027331045,-7.6094597701145865,0.8474262348197873,-1.4379619027331045,-7.6094597701145865,0.3581900593659133,-8.917729420685347,0.23887775578908385
8300300300.300301,0.36070431316707624,-8.856973290396738,0.13195464753586905,0.8461229564146273,-1.4513304363288604,-7.620557111106247,0.8461229564146273,-1.4513304363288604,-7.620557111106247,0.3617953526188559,-8.830740321936991,0.22954980058395275
8306306306.306307,0.3642292408984739,-8.772503825896926,0.12237940063804915,0.8448254519012139,-1.4646602140616916,-7.631614131951615,0.8448254519012139,-1.4646602140616916,-7.631614131951615,0.3653410222950784,-8.74603120639788,0.22022537071088344
8312312312.312312,0.3676948083859289,-8.69025004092901,0.11280348894460483,0.8435343221620583,-1.4779448383237996,-7.642631178996444,0.8435343221620583,-1.4779448383237996,-7.642631178996444,0.3688272806661845,-8.663539268387298,0.21090584847810467
8318318318.318318,0.3711012336992748,-8.610152037362965,0.1032282667917962,0.8422501534462301,-1.4911780244887594,-7.653608611355359,0.8422501534462301,-1.4911780244887594,-7.653608611355359,0.3722543528566713,-8.583204304795496,0.2015925066957991
8324324324.324325,0.3744487470849148,-8.532152364709855,0.09365497903812318,0.840973517424453,-1.5043536016996373,-7.664546800421968,0.840973517424453,-1.5043536016996373,-7.664546800421968,0.3756224759540867,-8.504968578875095,0.1922865160940835
8330330330.330331,0.37773759008742414,-8.456195894912234,0.08408476833859252,0.8397049712608483,-1.5174655135190964,-7.675446129387686,0.8397049712608483,-1.5174655135190964,-7.675446129387686,0.37893189814928346,-8.428776693279458,0.18298895215500338
8336336336.336336,0.3809680147019775,-8.38222970546654,0.07451868185103523,0.8384450577002456,-1.5305078184479561,-7.686306992769662,0.8384450577002456,-1.5305078184479561,-7.686306992769662,0.3821828779059866,-8.354575471602127,0.17370080141368793
8342342342.342342,0.38414028255670213,-8.310202970219631,0.06495767742671016,0.8371943051700211,-1.543474690318408,-7.697129795948024,0.8371943051700211,-1.543474690318408,-7.697129795948024,0.385375683158941,-8.282313847740346,0.1644229672776291
8348348348.348349,0.38725466412417636,-8.240066857239846,0.05540262933234642,0.8359532278954279,-1.556360418568257,-7.70791495471277,0.8359532278954279,-1.556360418568257,-7.70791495471277,0.3885105905399103,-8.21194276246832,0.1551562754083638
8354354354.354355,0.39031143796121004,-8.171774433219387,0.04585433354545428,0.8347223260274306,-1.5691594084022265,-7.7186628948204685,0.8347223260274306,-1.5691594084022265,-7.7186628948204685,0.3915878846309465,-8.143415066658918,0.1459014787044813
8360360360.36036,0.39331088997627234,-8.105280573908903,0.0363135126607209,0.833502085782072,-1.5818661808464305,-7.729374051561011,0.833502085782072,-1.5818661808464305,-7.729374051561011,0.3946078572442111,-8.07668543064609,0.13665926192144717
8366366366.366366,0.3962533127237912,-8.040541880132485,0.026780820441280866,0.8322929795904301,-1.594475372701977,-7.740048869334539,0.8322929795904301,-1.594475372701977,-7.740048869334539,0.3975708067277966,-8.011710259262086,0.12743024595979457
8372372372.372373,0.399139004724662,-7.977516598968601,0.017256846045262793,0.8310954662582701,-1.606981736403381,-7.7506878012386515,0.8310954662582701,-1.606981736403381,-7.7506878012386515,0.400477037296932,-7.9484476121258165,0.11821499185017242
8378378378.378379,0.40196826981231454,-7.916164549718219,0.007742117955043078,0.8299099911345033,-1.6193801397875855,-7.761291308666027,0.8299099911345033,-1.6193801397875855,-7.761291308666027,0.4033268583899997,-7.886857128794772,0.10901400446083642
8384384384.384384,0.40474141650369,-7.856447054313792,-0.001762892366064673,0.8287369862876182,-1.6316655657790395,-7.771859860912483,0.8287369862876182,-1.6316655657790395,-7.771859860912483,0.4061205840487502,-7.826899958427026,0.09982773595082502
8390390390.39039,0.40745875739447557,-7.798326871852246,-0.011257767067276356,0.8275768706892637,-1.6438331119963057,-7.782393934795567,0.8275768706892637,-1.6438331119963057,-7.782393934795567,0.4088585323222278,-7.7685386936272,0.09065658898956468
8396396396.396397,0.4101206085780354,-7.741768136959736,-0.02074213873393975,0.8264300504042156,-1.655877990285328,-7.792894014283609,0.8264300504042156,-1.655877990285328,-7.792894014283609,0.4115410246937826,-7.7117373081805995,0.08150091976183436
8402402402.402403,0.41272728908739625,-7.686736301721878,-0.030215687422741954,0.8252969187859668,-1.6677955261845858,-7.8033605901353305,0.8252969187859668,-1.6677955261845858,-7.8033605901353305,0.4141683855306004,-7.656461098403076,0.07236104077539111
8408408408.408408,0.4152791203596572,-7.6331980809347275,-0.03967813789202783,0.8241778566772375,-1.6795811583269518,-7.813794159549875,0.8241778566772375,-1.6795811583269518,-7.813794159549875,0.4167409415553044,-7.6026766278540405,0.06323722348635727
8414414414.414414,0.41777642572232393,-7.581121400449005,-0.04912925701218322,0.8230732326147157,-1.6912304377831067,-7.8241952258273,0.8230732326147157,-1.6912304377831067,-7.8241952258273,0.41925902133893966,-7.550351675185584,0.05412970075710596
8420420420.420421,0.4202195299008905,-7.530475348401913,-0.05856885134218697,0.82198340303738,-1.7027390273510858,-7.834564298039381,0.82198340303738,-1.7027390273510858,-7.834564298039381,0.42172295481492406,-7.499455184913346,0.045038669158889606
8426426426.426427,0.4226087585471506,-7.4812301291440555,-0.06799676486009909,0.8209087124977804,-1.7141027007964915,-7.844901890710727,0.8209087124977804,-1.7141027007964915,-7.844901890710727,0.42413307281333035,-7.449957220916275,0.035964291131191345
8432432432.432432,0.4249444377876419,-7.433357019685713,-0.07741287683574256,0.8198494938756931,-1.7253173420475718,-7.855208523510009,0.8198494938756931,-1.7253173420475718,-7.855208523510009,0.42648970661500457,-7.401828922484828,0.026906697008564507
8438438438.438438,0.4272268937916814,-7.3868283284993455,-0.08681709983554725,0.8188060685935826,-1.7363789443494302,-7.865484720951281,0.8188060685935826,-1.7363789443494302,-7.865484720951281,0.4287931875250009,-7.35504246275175,0.017865986924427046
8444444444.444445,0.42945645235840263,-7.341617356528756,-0.09620937784963536,0.8177787468333506,-1.747283609381229,-7.875731012105181,0.8177787468333506,-1.747283609381229,-7.875731012105181,0.4310438464647632,-7.309571009353377,0.008842232601016051
8450450450.450451,0.4316334385222552,-7.297698360265864,-0.10558968453282774,0.8167678277538604,-1.758027546340315,-7.885947930319915,0.8167678277538604,-1.758027546340315,-7.885947930319915,0.43324201358250947,-7.265388687180621,-0.0001645209665746387
8456456456.456456,0.43375817617647,-7.25504651676572,-0.11495802155123587,0.8157735997087707,-1.7686070709968804,-7.896136012951874,0.8157735997087707,-1.7686070709968804,-7.896136012951874,0.43538801788142456,-7.222470543086521,-0.009154253924565705
8462462462.462462,0.435830987713846,-7.213637890483092,-0.12431441702736577,0.8147963404642284,-1.7790186047227177,-7.906295801105688,0.8147963404642284,-1.7790186047227177,-7.906295801105688,0.43748218686496415,-7.18079251243323,-0.018126970066258942
8468468468.468469,0.43785219368442535,-7.1734494018185915,-0.13365892407681096,0.8138363174160045,-1.789258673497386,-7.9164278393835605,0.8138363174160045,-1.789258673497386,-7.9164278393835605,0.43952484619884163,-7.140331387364878,-0.027082695422702023
8474474474.474475,0.43982211246950476,-7.134458797272869,-0.14299161943047864,0.812893787805673,-1.799323906895081,-7.926532675643731,0.812893787805673,-1.799323906895081,-7.926532675643731,0.44151631938928204,-7.101064786700915,-0.03602147693280526
8480480480.48048,0.4417410599714328,-7.0966446211149865,-0.15231260213651762,0.8119689989354719,-1.8092110370551906,-7.936610860767814,0.8119689989354719,-1.8092110370551906,-7.936610860767814,0.4434569274768446,-7.062971127357781,-0.04494338118732092
8486486486.486486,0.44360934931873003,-7.059986188476191,-0.16162199233681418,0.8110621883814915,-1.8189168976395498,-7.946662948436887,0.8110621883814915,-1.8189168976395498,-7.946662948436887,0.4453469887455178,-7.02602959720581,-0.05384849324175466
8492492492.492493,0.44542729058602376,-7.02446355978771,-0.17091993011301734,0.8101735842048743,-1.828438422779119,-7.95668949491607,0.8101735842048743,-1.828438422779119,-7.95668949491607,0.44718681844646946,-6.990220129281161,-0.06273691549375274
8498498498.498499,0.447195190528271,-6.99005751648743,-0.18020657439781787,0.8093034051607217,-1.8377726460127817,-7.96669105884744,0.8093034051607217,-1.8377726460127817,-7.96669105884744,0.4489767285360376,-6.955523377274549,-0.07160876662046374
8504504504.504504,0.44891335232885404,-6.956749537923655,-0.18948210194713863,0.8084518609044293,-1.846916699220758,-7.976668201051048,0.8084518609044293,-1.846916699220758,-7.976668201051048,0.4507170274274897,-6.921920692225293,-0.08046418057233795
8510510510.51051,0.45058207536103495,-6.924521779391114,-0.19874670636947755,0.807619152195192,-1.8558678115550162,-7.986621484333818,0.807619152195192,-1.8558678115550162,-7.986621484333818,0.452408019756049,-6.889394100354838,-0.08930330561926796
8516516516.516517,0.452201654962286,-6.8933570512385085,-0.20800059720883235,0.8068054710964369,-1.8646233083689787,-7.996551473306127,0.8068054710964369,-1.8646233083689787,-7.996551473306127,0.45405000615684427,-6.857926281975663,-0.09812630344615839
8522522522.522523,0.45377238222112587,-6.863238798989078,-0.21724399907785277,0.8060110011729666,-1.8731806101486042,-8.006458734205841,0.8060110011729666,-1.8731806101486042,-8.006458734205841,0.45564328305514146,-6.82750055142165,-0.10693334829428439
8528528528.528528,0.45529454377595063,-6.8341510844224205,-0.2264771508381729,0.8052359176846027,-1.881537231446952,-8.016343834729616,0.8052359176846027,-1.881537231446952,-8.016343834729616,0.45718814246872636,-6.798100837940226,-0.11572462614601411
8534534534.534534,0.45676842162544345,-6.8060785675677815,-0.2357003048250881,0.8044803877761494,-1.8896907798240317,-8.026207343871187,0.8044803877761494,-1.8896907798240317,-8.026207343871187,0.45868487182167955,-6.76971166750252,-0.12450033394965412
8540540540.540541,0.4581942929501862,-6.7790064895617475,-0.24491372611377177,0.8037445706635011,-1.8976389547938282,-8.03604983176647,0.8037445706635011,-1.8976389547938282,-8.03604983176647,0.46013375376941645,-6.742318145479164,-0.13326067888237092
8546546546.546547,0.4595724299450232,-6.7529206563279995,-0.2541176918247669,0.8030286178157384,-1.9053795467801495,-8.045871869545255,0.8030286178157384,-1.9053795467801495,-8.045871869545255,0.4615350660344544,-6.715905940140578,-0.14200587764840492
8552552552.552552,0.4609030996617861,-6.727807423038651,-0.2633124904662058,0.8023326731330765,-1.9129104360828386,-8.055674029189243,0.8023326731330765,-1.9129104360828386,-8.055674029189243,0.4628890812525281,-6.690461266940593,-0.15073615581047106
8558558558.558558,0.46218656386205054,-6.703653679318471,-0.27249842131077867,0.8016568731205284,-1.92022959185594,-8.06545688339622,0.8016568731205284,-1.92022959185594,-8.06545688339622,0.46419606682869896,-6.665970873544679,-0.15945174715243773
8564564564.564565,0.4634230788794703,-6.680446835158222,-0.28167579380525337,0.8010013470571745,-1.9273350710991224,-8.07522100545016,0.8010013470571745,-1.9273350710991224,-8.07522100545016,0.4654562848031708,-6.642422025565519,-0.1681528930710611
8570570570.570571,0.4646128954913832,-6.6581748075031255,-0.29084492701083864,0.8003662171609383,-1.9342250176636444,-8.084966969097005,0.8003662171609383,-1.9342250176636444,-8.084966969097005,0.466669991726213,-6.619802492976983,-0.1768398419949335
8576576576.576576,0.4657562587993654,-6.636826007485092,-0.30000614907239664,0.7997515987487658,-1.9408976612741577,-8.094695348425939,0.7997515987487658,-1.9408976612741577,-8.094695348425939,0.46783743854223764,-6.5981005371678325,-0.18551284882928293
8582582582.582582,0.466853408118318,-6.616389328271306,-0.30915979671511434,0.7991576003921355,-1.9473513165674183,-8.10440671775595,0.7991576003921355,-1.9473513165674183,-8.10440671775595,0.46895887048229756,-6.577304898613312,-0.19417217442447948
8588588588.588589,0.46790457687382353,-6.596854133500941,-0.3183062147667207,0.7985843240678304,-1.9535843821488905,-8.114101651527388,0.7985843240678304,-1.9535843821488905,-8.114101651527388,0.47003452696499454,-6.557404785131303,-0.20281808506705876
8594594594.594595,0.4689099925074807,-6.5782102462842476,-0.32744575570415146,0.7980318653039044,-1.9595953396682952,-8.12378072419839,0.7980318653039044,-1.9595953396682952,-8.12378072419839,0.4710646415053048,-6.538389860700705,-0.21145085199164695
8600600600.600601,0.4698698763898187,-6.560447938742129,-0.336578779222988,0.7975003133207912,-1.965382752914962,-8.133444510145944,0.7975003133207912,-1.965382752914962,-8.133444510145944,0.4720494416311357,-6.520250234815807,-0.22007075091258388
8606606606.606606,0.4707844437406296,-6.543557922061546,-0.3457056518285898,0.796989751167517,-1.970945266933761,-8.143093583571353,0.796989751167517,-1.970945266933761,-8.143093583571353,0.47298914880726756,-6.502976452355106,-0.22867806157357942
8612612612.612614,0.47165390355634346,-6.5275313370477726,-0.354826746447492,0.796500255852975,-1.9762816071623954,-8.152728518409916,0.796500255852975,-1.9762816071623954,-8.152728518409916,0.473883978366444,-6.486559483942641,-0.23727306731466713
8618618618.618618,0.47247845854423937,-6.512359745152868,-0.36394244205810466,0.7960318984722357,-1.9813905785907127,-8.162349888244595,0.7960318984722357,-1.9813905785907127,-8.162349888244595,0.4747341394473507,-6.470990716781867,-0.24585605465482693
8624624624.624626,0.4732583050632028,-6.4980351199627435,-0.37305312333951995,0.79558474432787,-1.9862710649426474,-8.171958266223557,0.79558474432787,-1.9862710649426474,-8.171958266223557,0.47553983493922153,-6.456261945943544,-0.2544273128894385
8630630630.63063,0.4739936330708124,-6.484549839125221,-0.3821591803374149,0.7951588530462673,-1.990922027881374,-8.18155422498122,0.7951588530462673,-1.990922027881374,-8.18155422498122,0.47630126143282503,-6.442365366090266,-0.2629871337013673
8636636636.636637,0.4746846260765351,-6.471896676702863,-0.3912610081461107,0.7947542786889418,-1.9953425062381167,-8.191138336562814,0.7947542786889418,-1.9953425062381167,-8.191138336562814,0.477018609177691,-6.4292935636195505,-0.27153581078469535
8642642642.642643,0.4753314611007605,-6.4600687959364755,-0.40035900660583346,0.7943710698588177,-1.9995316152651044,-8.200711172352102,0.7943710698588177,-1.9995316152651044,-8.200711172352102,0.47769206204518594,-6.417039509213247,-0.28007363948015296
8648648648.64865,0.4759343086395168,-6.449059742404284,-0.4094535800143268,0.7940092698014997,-2.003488545913,-8.210273303002136,0.7940092698014997,-2.003488545913,-8.210273303002136,0.4783217974974572,-6.405596550774682,-0.28860091642126934
8654654654.654655,0.47649333263469273,-6.438863437563258,-0.4185451368520389,0.7936689165015287,-2.0072125641331766,-8.219825298368875,0.7936689165015287,-2.0072125641331766,-8.219825298368875,0.47890798656189354,-6.394958406742834,-0.29711793919035967
8660660660.66066,0.4770086904494613,-6.429474172662477,-0.42763408951996834,0.7933500427736313,-2.0107030102051406,-8.229367727447437,0.7933500427736313,-2.0107030102051406,-8.229367727447437,0.4794507938110141,-6.385119159769098,-0.3056250059835427
8666666666.666668,0.47748053284889197,-6.420886603014085,-0.436720854089642,0.7930526763489841,-2.0139592980892553,-8.23890115831084,0.7930526763489841,-2.0139592980892553,-8.23890115831084,0.47995037734748575,-6.3760732507470035,-0.3141224152838467
8672672672.672672,0.47790900398545866,-6.413095742613497,-0.4458058500642278,0.7927768399565027,-2.0169809148050284,-8.248426158051004,0.7927768399565027,-2.0169809148050284,-8.248426158051004,0.48040688879439053,-6.367815473178615,-0.3226104655416896
8678678678.678679,0.47829424138937093,-6.406096959097411,-0.4548895001505164,0.7925225513991736,-2.0197674198351447,-8.257943292721937,0.7925225513991736,-2.0197674198351447,-8.257943292721937,0.4808204732901646,-6.360340967874894,-0.33108945486193364
8684684684.684685,0.47863637596351144,-6.3998859690317005,-0.46397223004068444,0.7922898236254657,-2.022318444555201,-8.267453127284767,0.7922898236254657,-2.022318444555201,-8.267453127284767,0.48119126948856367,-6.353645217971264,-0.33955968069679016
8690690690.690691,0.47893553198292294,-6.394458833519173,-0.47305446820359937,0.7920786647958341,-2.024633691689371,-8.276956225554635,0.7920786647958341,-2.024633691689371,-8.276956225554635,0.48151940956310435,-6.347724044256911,-0.34802143954367704
8696696696.696697,0.4791918270986846,-6.389811954119943,-0.48213664568489256,0.7918890783443522,-2.0267129347919397,-8.286453150149123,0.7918890783443522,-2.0267129347919397,-8.286453150149123,0.48180501921613755,-6.342573600804242,-0.3564750266476436
8702702702.702702,0.47940537234602054,-6.38594206907782,-0.4912191959153072,0.7917210630355063,-2.028556017754701,-8.295944462438136,0.7917210630355063,-2.028556017754701,-8.295944462438136,0.4820482176923312,-6.338190370892669,-0.36492073570730515
8708708708.70871,0.4795762721566293,-6.382846249844287,-0.5003025545268549,0.7915746130161817,-2.030162854340203,-8.305430722495082,0.7915746130161817,-2.030162854340203,-8.305430722495082,0.4822491177964707,-6.334571163219147,-0.3733588585838635
8714714714.714714,0.47970462437506417,-6.3805218978952185,-0.5093871591760962,0.7914497178628808,-2.031533427740739,-8.314912489049084,0.7914497178628808,-2.031533427740739,-8.314912489049084,0.48240782591556736,-6.331713108387195,-0.38178968501238636
8720720720.720722,0.4797905202791108,-6.378966741834116,-0.5184734493743679,0.7913463626242134,-2.0326677901629404,-8.324390319438235,0.7913463626242134,-2.0326677901629404,-8.324390319438235,0.48252444204507955,-6.329613655670098,-0.39021350231487784
8726726726.726727,0.4798340446040666,-6.378178834777062,-0.5275618663241468,0.791264527858695,-2.033566062437898,-8.333864769563547,0.791264527858695,-2.033566062437898,-8.333864769563547,0.48259905981922624,-6.328270570041542,-0.39863059511414667
8732732732.732733,0.4798352755708829,-6.378156552014261,-0.5366528527614496,0.7912041896679008,-2.034228433656549,-8.34333639384362,0.7912041896679008,-2.034228433656549,-8.34333639384362,0.48263176654548867,-6.32768192946545,-0.40704124504835576
8738738738.738739,0.4797942849180875,-6.378898588944445,-0.545746852803584,0.791165319725019,-2.0346551608301624,-8.352805745169714,0.791165319725019,-2.0346551608301624,-8.352805745169714,0.4826226432429233,-6.327846122445903,-0.4154457304849983
8744744744.744745,0.4797111379374268,-6.3804039592787065,-0.5548443118020105,0.7911478852988475,-2.034846568575676,-8.36227337486122,0.7911478852988475,-2.034846568575676,-8.36227337486122,0.4825717646845421,-6.328761845827271,-0.4238443262341772
8750750750.750751,0.4795858935132284,-6.382671993509785,-0.5639456761998578,0.7911518492732862,-2.0348030488255926,-8.371739832621248,0.7911518492732862,-2.0348030488255926,-8.371739832621248,0.482479199443645,-6.330428102841886,-0.4322373032603667
8756756756.756756,0.4794186041654067,-6.385702337644894,-0.5730513933937197,0.7911771701623688,-2.034525060562183,-8.381205666492322,0.7911771701623688,-2.034525060562183,-8.381205666492322,0.48234500994395807,-6.332844201403763,-0.44062492839192996
8762762762.762764,0.47920931609611017,-6.389494952199371,-0.582161911599494,0.7912238021208957,-2.0340131295755577,-8.390671422811899,0.7912238021208957,-2.0340131295755577,-8.390671422811899,0.4821692525137945,-6.336009752640876,-0.4490074640279264
8768768768.768768,0.47895806923996886,-6.394050111449766,-0.5912776797216799,0.791291694950707,-2.0332678482454103,-8.40013764616766,0.791291694950707,-2.0332678482454103,-8.40013764616766,0.4819519774439691,-6.339924669667727,-0.4573851678414911
8774774774.774775,0.47866489731796885,-6.39936840294434,-0.600399147226104,0.7913807941026665,-2.0322898753458545,-8.40960487935245,0.7913807941026665,-2.0322898753458545,-8.40960487935245,0.48169322904973394,-6.344589166590911,-0.4657582924792325
8780780780.78078,0.47832982789491135,-6.405450727270729,-0.6095267640154768,0.791491040674398,-2.0310799358731257,-8.419073663318596,0.791491040674398,-2.0310799358731257,-8.419073663318596,0.4813930457365176,-6.350003757749526,-0.47412708525577835
8786786786.786787,0.47795288244049466,-6.412298298079696,-0.6186609803076928,0.7916223714038443,-2.02963882089555,-8.428544537131636,0.7916223714038443,-2.02963882089555,-8.428544537131636,0.4810514600696364,-6.356169257185917,-0.4824917878431749
8792792792.792793,0.4775340763939973,-6.419912642365522,-0.6278022465164669,0.791774718658702,-2.027967387425394,-8.43801803792322,0.791774718658702,-2.027967387425394,-8.43801803792322,0.4806684988479573,-6.3630867783460765,-0.49085263595417966
8798798798.798798,0.4770734192326108,-6.428295601002869,-0.636951013134074,0.7919480104217982,-2.0260665583120545,-8.44749470084305,0.7919480104217982,-2.0260665583120545,-8.44749470084305,0.4802441831815369,-6.370757734008756,-0.4992098590189419
8804804804.804806,0.4765709145434282,-6.437449329541327,-0.6461077306158091,0.7921421702724687,-2.023937322156101,-8.456975059009785,0.7921421702724687,-2.023937322156101,-8.456975059009785,0.4797785285732914,-6.3791838364422615,-0.5075636798542398
8810810810.81081,0.47602656009913974,-6.447376299258548,-0.6552728492661123,0.7923571173640079,-2.0215807332435616,-8.466459643460695,0.7923571173640079,-2.0215807332435616,-8.466459643460695,0.47927154500473745,-6.388367097788646,-0.515914314324799
8816816816.816818,0.47544034793742673,-6.458079298474592,-0.6644468191259104,0.7925927663972568,-2.0189979114998966,-8.475948983100066,0.7925927663972568,-2.0189979114998966,-8.475948983100066,0.4787232370259212,-6.3983098306741395,-0.524261970995803
8822822822.822823,0.47481226444418995,-6.469561434128024,-0.6736300898609744,0.7928490275903993,-2.01619004246304,-8.485443604646058,0.7928490275903993,-2.01619004246304,-8.485443604646058,0.4781336038494873,-6.409014649048045,-0.5326068507757863
8828828828.828829,0.47414229044055806,-6.481826133618326,-0.6828231106511927,0.7931258066450396,-2.013158377274861,-8.494944032576047,0.7931258066450396,-2.013158377274861,-8.494944032576047,0.4775026394490549,-6.420484469249025,-0.5409491465494709
8834834834.834835,0.4734304012737866,-6.494877146916862,-0.692026330080281,0.7934230047086364,-2.0099042326903778,-8.504450789070235,0.7934230047086364,-2.0099042326903778,-8.504450789070235,0.47683033266199787,-6.432722511299325,-0.5492890427994576
8840840840.840841,0.47267656691215165,-6.508718548949246,-0.7012401960259049,0.793740518333372,-2.006428991104003,-8.51396439395343,0.793740518333372,-2.006428991104003,-8.51396439395343,0.47611666729656793,-6.4457323004309055,-0.557626715216065
8846846846.846848,0.4718807520437808,-6.523354742255599,-0.7104651555500274,0.7940782394315367,-2.0027341005921055,-8.52348536463489,0.7940782394315367,-2.0027341005921055,-8.52348536463489,0.4753616222436851,-6.459517668840932,-0.5659623302946126
8852852852.852852,0.47104291617965427,-6.538790459930476,-0.7197016547889754,0.7944360552275122,-1.9988210749711044,-8.533014216046087,0.7944360552275122,-1.9988210749711044,-8.533014216046087,0.4745651715932982,-6.4740827576821625,-0.574296044919062
8858858858.85886,0.47016301376071035,-6.555030768850379,-0.7289501388434348,0.7948138482064423,-1.9946914938703042,-8.542551460576325,0.7948138482064423,-1.9946914938703042,-8.542551460576325,0.4737272847554796,-6.489432019289568,-0.5826280059313196
8864864864.864864,0.46924099426924215,-6.5720810731927335,-0.7382110516678771,0.7952114960596764,-1.9903470028186756,-8.552097608005969,0.7952114960596764,-1.9903470028186756,-8.552097608005969,0.47284792658642427,-6.505570219644873,-0.5909583496851614
8870870870.87087,0.46827680234459695,-6.589947118254209,-0.7474848359593307,0.7956288716270881,-1.985789313344635,-8.561653165437393,0.7956288716270881,-1.985789313344635,-8.561653165437393,0.4719270575194607,-6.522502441082327,-0.599287201583854
8876876876.876877,0.46727037790334974,-6.608634994573919,-0.7567719330453386,0.7960658428363585,-1.981020203088003,-8.57121863722328,0.7960658428363585,-1.981020203088003,-8.57121863722328,0.4709646337011217,-6.540234085240655,-0.607614675600427
8882882882.882883,0.4662216562639528,-6.62815114237098,-0.7660727827708596,0.7965222726393296,-1.9760415159231912,-8.58079452489237,0.7965222726393296,-1.9760415159231912,-8.58079452489237,0.4699606071324943,-6.558770876263468,-0.6159408737795967
8888888888.88889,0.4651305682760477,-6.648502356303172,-0.7753878233840604,0.7969980189455314,-1.9708551620926429,-8.590381327072425,0.7969980189455314,-1.9708551620926429,-8.590381327072425,0.46891492581595806,-6.578118864253022,-0.6242658857202006
8894894894.894894,0.46399704045449264,-6.669695790556775,-0.7847174914206436,0.7974929345529972,-1.9654631183494984,-8.59997953941037,0.7974929345529972,-1.9654631183494984,-8.59997953941037,0.4678275339074515,-6.59828442898209,-0.6325897880369832
8900900900.900902,0.46282099511822683,-6.691738964277124,-0.7940622215867631,0.7980068670764766,-1.959867428108503,-8.609589654489476,0.7980068670764766,-1.959867428108503,-8.609589654489476,0.4666983718744565,-6.619274283868459,-0.6409126438005198
8906906906.906906,0.4616023505340779,-6.714639767350638,-0.8034224466402438,0.7985396588731655,-1.9540702016040703,-8.619212161743475,0.7985396588731655,-1.9540702016040703,-8.619212161743475,0.4655273766597667,-6.641095480219307,-0.6492345019540131
8912912912.912914,0.46034102106561964,-6.7384064665498835,-0.8127985972699504,0.7990911469660855,-1.9480736160543135,-8.628847547367574,0.7990911469660855,-1.9480736160543135,-8.628847547367574,0.4643144818513817,-6.663755411748258,-0.6575553967056192
8918918918.918919,0.45903691732723384,-6.763047712053344,-0.822191101973274,0.7996611629652315,-1.9418799158300186,-8.63849629422615,0.7996611629652315,-1.9418799158300186,-8.63849629422615,0.4630596178584462,-6.687261819376326,-0.66587534689491
8924924924.924925,0.4576899463434191,-6.788572544354615,-0.8316003869314886,0.8002495329866313,-1.935491412627259,-8.648158881757187,0.8002495329866313,-1.935491412627259,-8.648158881757187,0.461762712093636,-6.711622796319593,-0.6741943553319477
8930930930.930931,0.4563000117135285,-6.8149904015741445,-0.8410268758829172,0.8008560775694573,-1.9289104856424524,-8.657835785873223,0.8008560775694573,-1.9289104856424524,-8.657835785873223,0.4604236891621166,-6.736846793472244,-0.6825124081073884
8936936936.936937,0.4548670137820373,-6.842311127189287,-0.8504709899937422,0.8014806115913332,-1.9221395817486284,-8.667527478858808,0.8014806115913332,-1.9221395817486284,-8.667527478858808,0.4590424710570802,-6.7629426250965174,-0.6908294738720234
8942942942.942944,0.45339084981444505,-6.870544978199485,-0.8599331477263691,0.802122944181992,-1.915181215671558,-8.677234429264352,0.802122944181992,-1.915181215671558,-8.677234429264352,0.45761897736239804,-6.7899194748217955,-0.6991455030839202
8948948948.948948,0.4518714141789449,-6.899702633744119,-0.8694137647052387,0.8027828786354511,-1.9080379701643435,-8.686957101796295,0.8027828786354511,-1.9080379701643435,-8.686957101796295,0.45615312546218967,-6.817786901969658,-0.7074604272213634
8954954954.954956,0.45030859853399485,-6.9297952041917785,-0.8789132535799765,0.8034602123208594,-1.900712496179183,-8.696695957203534,0.8034602123208594,-1.900712496179183,-8.696695957203534,0.4546448307579209,-6.846554848207108,-0.7157741579595783
8960960960.96096,0.4487022920218756,-6.960834240722039,-0.8884320238857184,0.8041547365922019,-1.8932075130347694,-8.70645145215996,0.8041547365922019,-1.8932075130347694,-8.70645145215996,0.45309400689282914,-6.876233644546375,-0.7240865863091704
8966966966.966967,0.44705238146839643,-6.992831745420838,-0.897970481900698,0.8048662366970406,-1.8855258085778392,-8.716224039143192,0.8048662366970406,-1.8855258085778392,-8.716224039143192,0.451500565984219,-6.90683401869637,-0.7323975817140618
8972972972.972973,0.4453587515888165,-7.025800181913866,-0.9075290305007756,0.80559449168447,-1.8776702393374722,-8.726014166309241,0.80559449168447,-1.8776702393374722,-8.726014166309241,0.44986441886366396,-6.938367102781328,-0.7407069911065668
8978978978.97898,0.4436212852001592,-7.059752486561944,-0.9171080690110468,0.8063392743125031,-1.8696437306703597,-8.735822277363214,0.8063392743125031,-1.8696437306703597,-8.735822277363214,0.4481854753254432,-6.970844441437452,-0.7490146379170114
8984984984.984985,0.44183986343996934,-7.094702080246563,-0.926707993054339,0.8071003509550759,-1.8614492768956015,-8.74564881142592,0.8071003509550759,-1.8614492768956015,-8.74564881142592,0.4464636443832934,-7.0042780003040725,-0.7573203210353522
8990990990.99099,0.4400143659916696,-7.1306628807735875,-0.9363291943965052,0.8078774815088894,-1.8530899414172952,-8.75549420289631,0.8078774815088894,-1.8530899414172952,-8.75549420289631,0.44469883453591047,-7.038680174919945,-0.7656238137218798
8996996996.996998,0.43814467131659773,-7.167649315926622,-0.9459720607887213,0.8086704193003134,-1.8445688568331808,-8.765358881309817,0.8086704193003134,-1.8445688568331808,-8.765358881309817,0.44289095404123463,-7.074063800044071,-0.7739248624639143
9003003003.003002,0.43623065689282614,-7.2056763372032755,-0.9556369758062977,0.8094789109925734,-1.835889225027685,-8.77524327119237,0.8094789109925734,-1.835889225027685,-8.77524327119237,0.44103991120001995,-7.11044215941237,-0.7822231857752938
9009009009.00901,0.4342721994608858,-7.244759434269477,-0.965324318684451,0.8103026964934708,-1.8270543172474332,-8.785147791910267,0.8103026964934708,-1.8270543172474332,-8.785147791910267,0.4391456146485448,-7.147828995955255,-0.7905184729352139
9015015015.015015,0.432269175276453,-7.284914650170777,-0.9750344641506005,0.8111415088638684,-1.8180674741575507,-8.795072857515668,0.8111415088638684,-1.8180674741575507,-8.795072857515668,0.43720797366120867,-7.186238522484871,-0.7988103826625791
9021021021.02102,0.43022146037008646,-7.326158597341628,-0.9847677822535601,0.8119950742272181,-1.808932105876663,-8.8050188765879,0.8119950742272181,-1.808932105876663,-8.8050188765879,0.43522689846285617,-7.225685432879788,-0.8070985417221292
9027027027.027027,0.42812893081412323,-7.3685084744561475,-0.9945246381892586,0.8128631116803687,-1.799651691988944,-8.814986252070334,0.8128631116803687,-1.799651691988944,-8.814986252070334,0.43320230055134323,-7.26618491378288,-0.8153825434577184
9033033033.033033,0.4259914629967838,-7.411982084168111,-1.004305392123253,0.8137453332059613,-1.7902297815309065,-8.824975381103046,0.8137453332059613,-1.7902297815309065,-8.824975381103046,0.43113409303052946,-7.307752656836072,-0.8236619462485564
9039039039.03904,0.4238089339035181,-7.456597851791658,-1.0141103990099312,0.8146414435866642,-1.7806699929512533,-8.834986654851086,0.8146414435866642,-1.7806699929512533,-8.834986654851086,0.4290221909539628,-7.35040487147545,-0.8319362718831781
9045045045.045044,0.42158122140568055,-7.502374844976752,-1.0239400084085115,0.8155511403215656,-1.7709760140414843,-8.845020458328506,0.8155511403215656,-1.7709760140414843,-8.845020458328506,0.42686651167962564,-7.394158298309591,-0.8402050038462068
9051051051.051052,0.41930820455659984,-7.549332794437711,-1.0337945642958042,0.8164741135450134,-1.761151601835301,-8.855077170218056,0.8164741135450134,-1.761151601835301,-8.855077170218056,0.42466697523600655,-7.439030223107736,-0.8484675855118737
9057057057.057056,0.41698976389498194,-7.597492115800058,-1.0436744048758464,0.8174100459482155,-1.7512005824746721,-8.865157162686629,0.8174100459482155,-1.7512005824746721,-8.865157162686629,0.4224235046996901,-7.485038491427559,-0.8567234182385791
9063063063.063065,0.4146257817557504,-7.6468739326321735,-1.0535798623865174,0.8183586127039288,-1.741126851040318,-8.875260801196534,0.8183586127039288,-1.741126851040318,-8.875260801196534,0.4201360265850398,-7.532201523906271,-0.8649718593575931
9069069069.069069,0.4122161425883132,-7.697500100735525,-1.0635112629030463,0.8193194813945572,-1.7309343713445304,-8.885388444312504,0.8193194813945572,-1.7309343713445304,-8.885388444312504,0.41780447124601283,-7.58053833225159,-0.8732122200491158
9075075075.075075,0.4097607332822005,-7.749393233773727,-1.0734689261388175,0.8202923119440088,-1.720627175683981,-8.895540443504697,0.8202923119440088,-1.720627175683981,-8.895540443504697,0.41542877329067107,-7.6300685359603815,-0.8814437630978977
9081081081.081081,0.4072594435000849,-7.802576730325143,-1.0834531652432753,0.8212767565536522,-1.7102093645503504,-8.905717142947553,0.8212767565536522,-1.7102093645503504,-8.905717142947553,0.4130088720086505,-7.680812379801015,-0.889665700520227
9087087087.087088,0.4047121660181785,-7.857074802450583,-1.0934642865973057,0.8222724596427333,-1.6996851062964584,-8.91591887931476,0.8222724596427333,-1.6996851062964584,-8.91591887931476,0.41054471181194396,-7.732790752095827,-0.8978771910534844
9093093093.093094,0.40211879707386977,-7.912912505877431,-1.1035025896060677,0.8232790577936184,-1.6890586367555693,-8.926145981570272,0.8232790577936184,-1.6890586367555693,-8.926145981570272,0.40803624268945854,-7.78602520384017,-0.906077337498554
9099099099.099098,0.39947923672058644,-7.970115771906653,-1.1135683664896106,0.8242961797022342,-1.6783342588115846,-8.936398770755615,0.8242961797022342,-1.6783342588115846,-8.936398770755615,0.4054834206757044,-7.8405379686991985,-0.9142651839046547
9105105105.105106,0.3967933891897822,-8.028711441159345,-1.1236619020713863,0.825323446134092,-1.6675163419177208,-8.946677559773514,0.825323446134092,-1.6675163419177208,-8.946677559773514,0.4028862083340463,-7.896351983924577,-0.9224397125856555
9111111111.11111,0.39406116325992685,-8.08872729928908,-1.1337834735648118,0.8263604698862765,-1.6566093215613917,-8.956982653167952,0.8263604698862765,-1.6566093215613917,-8.956982653167952,0.40024457525504087,-7.95349091223407,-0.9305998409551657
9117117117.117117,0.39128247263234606,-8.150192114797091,-1.1439333503582791,0.827406855755804,-1.6456176986728415,-8.967314346900903,0.827406855755804,-1.6456176986728415,-8.967314346900903,0.39755849857028475,-8.011979164701975,-0.9387444181676778
9123123123.123123,0.3884572363138363,-8.213135679096563,-1.1541117937987577,0.8284622005147438,-1.6345460389752353,-8.97767292812578,0.8284622005147438,-1.6345460389752353,-8.97767292812578,0.3948279634822788,-8.071841924709698,-0.9468722215510854
9129129129.12913,0.3855853790057549,-8.277588848989337,-1.1643190569742952,0.8295260928925168,-1.6233989722737838,-8.988058674957836,0.8295260928925168,-1.6233989722737838,-8.988058674957836,0.3920529638110295,-8.13310517300424,-0.9549819528150504
9135135135.135136,0.3826668314994985,-8.343583591726949,-1.1745553844957817,0.8305981135657812,-1.612181191681543,-8.998471856241695,0.8305981135657812,-1.612181191681543,-8.998471856241695,0.38923350255771627,-8.19579571392435,-0.963072234018431
9141141141.14114,0.3797015310781011,-8.411153032846402,-1.184821012278189,0.8316778351563204,-1.6008974527795858,-9.008912731316164,0.8316778351563204,-1.6008974527795858,-9.008912731316164,0.386369592486397,-8.259941202843372,-0.9711416032769522
9147147147.147148,0.37668942192366733,-8.48033150698766,-1.1951161673219612,0.8327648222373641,-1.589552572709079,-9.019381549776632,0.8327648222373641,-1.589552572709079,-9.019381549776632,0.38346125672414455,-8.325570174894484,-0.9791885101915628
9153153153.153152,0.37363045553045465,-8.551154611915106,-1.2054410674944913,0.8338586313487426,-1.5781514291932,-9.02987855123514,0.8338586313487426,-1.5781514291932,-9.02987855123514,0.38050852938067764,-8.39271207503268,-0.9872113109749767
9159159159.15916,0.3705245911231908,-8.623659265990092,-1.2157959213126124,0.834958811021335,-1.5666989594862402,-9.040403965078564,0.834958811021335,-1.5666989594862402,-9.040403965078564,0.37751145618810267,-8.461397289502044,-0.9952082632529987
9165165165.165165,0.36737179608040416,-8.697883769358704,-1.2261809277262543,0.836064901811199,-1.5552001592480422,-9.050958010224942,0.836064901811199,-1.5552001592480422,-9.050958010224942,0.3744700951617946,-8.531657178771532,-1.0031775205142979
9171171171.171171,0.3641720463623175,-8.773867869147988,-1.2365962759039373,0.8371764363438403,-1.5436600813412276,-9.06154089487846,0.8371764363438403,-1.5436600813412276,-9.06154089487846,0.3713845172834915,-8.603524112005696,-1.0111171261801206
9177177177.177177,0.36092532694298723,-8.851652828987236,-1.2470421450205051,0.8382929393690188,-1.5320838345493348,-9.072152816283158,0.8382929393690188,-1.5320838345493348,-9.072152816283158,0.3682548072074747,-8.677031503145715,-1.0190250072629885
9183183183.183184,0.3576316322462359,-8.931281503203186,-1.2575187040480034,0.8394139278265392,-1.5204765822134965,-9.082793960475863,0.8394139278265392,-1.5204765822134965,-9.082793960475863,0.365081063991468,-8.752213848662914,-1.026898967579978
9189189189.18919,0.35429096658491394,-9.012798416070801,-1.2680261115500024,0.8405389109234173,-1.5088435407859035,-9.093464502038563,0.8405389109234173,-1.5088435407859035,-9.093464502038563,0.36186340185320137,-8.829106767067188,-1.0347366804833893
9195195195.195194,0.3509033446030619,-9.096249846536475,-1.2785645154802716,0.8416673902228529,-1.4971899782978881,-9.104164603850558,0.8416673902228529,-1.4971899782978881,-9.104164603850558,0.35860195095443004,-8.907747040237533,-1.042535681067874
9201201201.201202,0.3474687917203999,-9.181683918873983,-1.289134052986604,0.8427988597454098,-1.4855212127408148,-9.114894416840869,0.8427988597454098,-1.4855212127408148,-9.114894416840869,0.35529685821407414,-8.988172656648773,-1.0502933578088063
9207207207.207207,0.3439873445786703,-9.269150699775889,-1.2997348502204444,0.8439328060827904,-1.4738426103580804,-9.125654079741082,0.8439328060827904,-1.4738426103580804,-9.125654079741082,0.351948288152239,-9.070422856570506,-1.0580069435827983
9213213213.213213,0.34045905148918426,-9.358702302437095,-1.3103670221533628,0.8450687085246075,-1.4621595838463817,-9.136443718839253,0.8450687085246075,-1.4621595838463817,-9.136443718839253,0.34855642376727114,-9.15453817930856,-1.0656735060158407
9219219219.21922,0.3368839728810165,-9.450392998240698,-1.3210306724013192,0.8462060391985149,-1.4504775904648222,-9.14726344773508,0.8462060391985149,-1.4504775904648222,-9.14726344773508,0.3451214674483101,-9.24056051255495,-1.0732899370995563
9225225225.225225,0.33326218174921435,-9.544279336720402,-1.3317258930577356,0.8473442632240636,-1.4388021300503593,-9.158113367096904,0.8473442632240636,-1.4388021300503593,-9.158113367096904,0.3416436419258047,-9.328533143914855,-1.0808529420094402
9231231231.231232,0.3295937641022807,-9.640420274546294,-1.342452764536473,0.8484828388806354,-1.4271387429382123,-9.168993564420903,0.8484828388806354,-1.4271387429382123,-9.168993564420903,0.33812319126300194,-9.418500814667608,-1.088359027053059
9237237237.237236,0.32587881940834007,-9.738877314355184,-1.3532113554261411,0.8496212177897697,-1.415493007786188,-9.179904113792992,0.8496212177897697,-1.415493007786188,-9.179904113792992,0.33456038189175974,-9.510509775810869,-1.0958044866677865
9243243243.243244,0.3221174610391058,-9.839714654342224,-1.364001722356825,0.8507588451122154,-1.4038705393017024,-9.190845075653886,0.8507588451122154,-1.4038705393017024,-9.190845075653886,0.33095550369632987,-9.604607846428882,-1.1031853893800725
9249249249.249249,0.3183098167110374,-9.94299934962252,-1.3748239098809822,0.8518951597599738,-1.3922769858708408,-9.201816496567766,0.8518951597599738,-1.3922769858708408,-9.201816496567766,0.32730887114936996,-9.700844474407667,-1.1104975626284637
9255255255.255257,0.31445602892276414,-10.048801486491268,-1.385677950369941,0.8530295946236198,-1.380718027088573,-9.212818408995155,0.8530295946236198,-1.380718027088573,-9.212818408995155,0.3236208245046933,-9.799270799508799,-1.1177365763428402
9261261261.261261,0.3105562553880198,-10.157194370832716,-1.396563863927877,0.8541615768151324,-1.369199371189723,-9.223850831070402,0.8541615768151324,-1.369199371189723,-9.223850831070402,0.3198917310523543,-9.899939718777226,-1.124897725159783
9267267267.267267,0.30661066946319737,-10.268254732074569,-1.407481658325167,0.8552905279264549,-1.3577267523802905,-9.234913766384427,0.8552905279264549,-1.3577267523802905,-9.234913766384427,0.3161219864417796,-10.002905954244202,-1.1319760091425102
9273273273.273273,0.3026194605686602,-10.382062944245495,-1.4184313289533599,0.8564158643039695,-1.3463059280690466,-9.246007203773152,0.8564158643039695,-1.3463059280690466,-9.246007203773152,0.3123120160797026,-10.108226122842876,-1.1389661128581443
9279279279.27928,0.2985828346028834,-10.49870326587901,-1.4294128588041066,0.8575369973390435,-1.3349426759994496,-9.25713111711225,0.8575369973390435,-1.3349426759994496,-9.25713111711225,0.30846227661066444,-10.215958808405345,-1.14586238264978
9285285285.285286,0.29450101434849507,-10.618264100716166,-1.4404262184746401,0.8586533337747676,-1.3236427912822095,-9.26828546511876,0.8586533337747676,-1.3236427912822095,-9.26828546511876,0.3045732574885218,-10.326164635562955,-1.1526588019223563
9291291291.29129,0.2903742398692571,-10.740838281398986,-1.4514713662030048,0.85976427602898,-1.3124120833289816,-9.279470191160135,0.85976427602898,-1.3124120833289816,-9.279470191160135,0.3006454826486245,-10.438906345301229,-1.1593489642420323
9297297297.297298,0.28620276889700696,-10.866523378619599,-1.4625482479360608,0.8608692225336174,-1.3012563726880417,-9.290685223071293,0.8608692225336174,-1.3012563726880417,-9.290685223071293,0.2966795122918548,-10.55424887183034,-1.16592604402497
9303303303.303303,0.2819868772075652,-10.995422038502852,-1.4736567974341708,0.8619675680904108,-1.290181487782914,-9.30193047298027,0.8619675680904108,-1.290181487782914,-9.30193047298027,0.2926759447927134,-10.672259420343508,-1.1723827645674687
9309309309.309309,0.2777268589845581,-11.12764235136017,-1.48479693641678,0.8630587042429028,-1.2791932615551427,-9.31320583714312,0.8630587042429028,-1.2791932615551427,-9.31320583714312,0.28863541874573684,-10.793007545099263,-1.1787113631405524
9315315315.315315,0.2734230271701834,-11.263298255362614,-1.495968574753464,0.864142019664695,-1.2682975280129625,-9.324511195788524,0.864142019664695,-1.2682975280129625,-9.324511195788524,0.284558615166171,-10.916565227119808,-1.184903552840614
9321321321.321321,0.2690757138018104,-11.402509979160955,-1.5071716107060418,0.8652169005638306,-1.257500118687433,-9.335846412972892,0.8652169005638306,-1.257500118687433,-9.335846412972892,0.28044625986297383,-11.043006950614927,-1.1909504808526563
9327327327.327328,0.26468527033339495,-11.545404528028163,-1.518405931227779,0.8662827311031364,-1.2468068589982682,-9.347211336446417,0.8662827311031364,-1.2468068589982682,-9.347211336446417,0.2762991260048884,-11.17240977701212,-1.1968426827427068
9333333333.333332,0.2602520679406625,-11.692116218738493,-1.5296714123267483,0.8673388938363085,-1.2362235645317594,-9.35860579753072,0.8673388938363085,-1.2362235645317594,-9.35860579753072,0.2721180369029224,-11.30485341521011,-1.202570032352278
9339339339.33934,0.2557764978089291,-11.842787269142054,-1.5409679195014743,0.8683847701595021,-1.225756037233254,-9.370029611008764,0.8683847701595021,-1.225756037233254,-9.370029611008764,0.2679038690359408,-11.440420286340789,-1.2081216868180804
9345345345.345345,0.2512589714026056,-11.997568449253038,-1.5522953082582365,0.8694197407780796,-1.2154100615174792,-9.381482575027464,0.8694197407780796,-1.2154100615174792,-9.381482575027464,0.26365755534970553,-11.579195580928971,-1.2134860261854352
9351351351.351353,0.24669992071518584,-12.156619801689903,-1.5636534247206844,0.870443186188192,-1.2051914002995683,-9.392964471013798,0.870443186188192,-1.2051914002995683,-9.392964471013798,0.25938008886397396,-11.721267305855887,-1.218650587022242
9357357357.357357,0.24209979849881802,-12.320111440482801,-1.5750421063447488,0.87145448717274,-1.1951057909507277,-9.404475063604785,0.87145448717274,-1.1951057909507277,-9.404475063604785,0.25507252662712093,-11.866726317947588,-1.2236019893729175
9363363363.363363,0.23745907847228456,-12.48822443867041,-1.5864611827533872,0.8724530253112748,-1.1851589411820616,-9.416014100592077,0.8724530253112748,-1.1851589411820616,-9.416014100592077,0.25073599406335434,-12.01566634029913,-1.2283258563158803
9369369369.36937,0.23277825550644543,-12.6611518167507,-1.5979104767084529,0.8734381835032851,-1.175356524861016,-9.4275813128816,0.8734381835032851,-1.175356524861016,-9.4275813128816,0.24637168976388324,-12.16818395658889,-1.23280672530559
9375375375.375376,0.22805784578611696,-12.83909964600923,-1.6093898052405078,0.8744093465043109,-1.1657041777646635,-9.439176414468847,0.8744093465043109,-1.1657041777646635,-9.439176414468847,0.2419808907810014,-12.324378577585,-1.23702795038906
9381381381.381382,0.2232983869474054,-13.022288283073804,-1.620898980960774,0.8753659014742337,-1.1562074932747413,-9.450799102430347,0.8753659014742337,-1.1562074932747413,-9.450799102430347,0.2375649584922615,-12.484352372787166,-1.2409715942876451
9387387387.387386,0.21850043818951176,-13.210953754823482,-1.6324378135839535,0.8763072385370558,-1.1468720180194347,-9.462449056931785,0.8763072385370558,-1.1468720180194347,-9.462449056931785,0.2331253451117283,-12.64821015860623,-1.2446183092282923
9393393393.393394,0.21366458036015026,-13.40534931610719,-1.6440061116971847,0.877232751351424,-1.1377032474672533,-9.474125941253341,0.877232751351424,-1.1377032474672533,-9.474125941253341,0.2286636009366869,-12.816059232608524,-1.2479472052935172
9399399399.399399,0.20879141601364237,-13.605747206742297,-1.6556036848163556,0.87814183769108,-1.1287066214787527,-9.48582940183255,0.87814183769108,-1.1287066214787527,-9.48582940183255,0.22418138243046376,-12.988009141105028,-1.2509357049413725
9405405405.405407,0.20388156944086644,-13.812440639111701,-1.6672303457806517,0.8790339000344027,-1.1198875198218425,-9.497559068325351,0.8790339000344027,-1.1198875198218425,-9.497559068325351,0.21968046125743462,-13.16417136458738,-1.2535593822219733
9411411411.411411,0.19893568667028133,-14.025746053572313,-1.678885913546548,0.8799083461621089,-1.1112512576570714,-9.509314553685474,0.8799083461621089,-1.1112512576570714,-9.509314553685474,0.21516273440257466,-13.34465890219281,-1.255791785096731
9417417417.417418,0.19395443543924992,-14.246005686087438,-1.6905702164564091,0.8807645897621689,-1.1028030809991771,-9.521095454262824,0.8807645897621689,-1.1028030809991771,-9.521095454262824,0.21063023552732107,-13.529585732321628,-1.2576042391517146
9423423423.423424,0.18893850513503088,-14.473590501325425,-1.7022830960738335,0.8816020510409082,-1.0945481621617652,-9.532901349920927,0.8816020510409082,-1.0945481621617652,-9.532901349920927,0.2060851477356381,-13.719066121609433,-1.2589656308972623
9429429429.42943,0.18388860670477952,-14.708903555371812,-1.7140244116998602,0.8824201573392412,-1.0864915951919916,-9.544731804173985,0.8824201573392412,-1.0864915951919916,-9.544731804173985,0.20152981794865352,-13.913213748521596,-1.259842168777997
9435435435.435436,0.17880547253401904,-14.952383865728699,-1.7257940457117777,0.8832183437529285,-1.0786383913024231,-9.556586364343667,0.8832183437529285,-1.0786383913024231,-9.556586364343667,0.19696677311467145,-14.11214060062812,-1.2601971199962967
9441441441.44144,0.1736898562931187,-15.204510883166405,-1.7375919099017725,0.8839960537557005,-1.0709934743075176,-9.568464561735945,0.8839960537557005,-1.0709934743075176,-9.568464561735945,0.1923987385124914,-14.315955595949566,-1.25999052130553
9447447447.447449,0.16854253275137052,-15.465809681218378,-1.749417953039667,0.8847527398240558,-1.063561676072269,-9.580365911838179,0.8847527398240558,-1.063561676072269,-9.580365911838179,0.18782865844074154,-14.524762868328933,-1.2591788620958895
9453453453.453453,0.16336429755837975,-15.736857005958631,-1.7612721699427,0.8854878640624969,-1.0563477319808439,-9.59228991453649,0.8854878640624969,-1.0563477319808439,-9.59228991453649,0.18325971962422818,-14.73865964427134,-1.2577147384208085
9459459459.45946,0.15815596699252846,-16.018288362914255,-1.7731546124157145,0.8862008988279462,-1.0493562764329976,-9.604236054353766,0.8862008988279462,-1.0493562764329976,-9.604236054353766,0.17869537770871985,-14.957733623816553,-1.2555464771716318
9465465465.465466,0.15291837767644856,-16.310806361883582,-1.7850654025288146,0.886891327352021,-1.042591838376544,-9.616203800708073,0.886891327352021,-1.042591838376544,-9.616203800708073,0.17413938725812347,-15.1820597603973,-1.2526177304915822
9471471471.471472,0.1476523862594861,-16.615190597282783,-1.7970047488402434,0.8875586443598643,-1.036058836883817,-9.628192608191734,0.8875586443598643,-1.036058836883817,-9.628192608191734,0.1695958357107599,-15.411696313996632,-1.248867041852837
9477477477.477478,0.14235886906732606,-16.93230941586041,-1.8089729663605196,0.888202356684158,-1.029761576780575,-9.64020191687091,0.888202356684158,-1.029761576780575,-9.64020191687091,0.16506918178997437,-15.646680028127921,-1.244227387177148
9483483483.483482,0.13703872171906095,-17.263134021421166,-1.820970501312267,0.8888219838729614,-1.0237042443355684,-9.652231152605646,0.8888219838729614,-1.0237042443355684,-9.652231152605646,0.1605642988971975,-15.887020254066393,-1.238625697171728
9489489489.48949,0.13169285871214856,-17.608755496359798,-1.8329979620960706,0.8894170587899781,-1.0178909030192176,-9.66427972739027,0.8894170587899781,-1.0178909030192176,-9.66427972739027,0.1560865240317542,-16.132691815918097,-1.2319823709765947
9495495495.495495,0.12632221297604052,-17.970405494880527,-1.8450561583687792,0.8899871282058598,-1.0123254893397662,-9.676347039713855,0.8899871282058598,-1.0123254893397662,-9.676347039713855,0.1516417127749105,-16.383626378279047,-1.2242107966321805
9501501501.501503,0.12092773539522374,-18.34948160103692,-1.8571461508444917,0.8905317533791423,-1.007011808765296,-9.688432474940718,0.8905317533791423,-1.007011808765296,-9.688432474940718,0.14723630082817324,-16.639702046470617,-1.215216901242584
9507507507.507507,0.11551039430317006,-18.747578672943696,-1.8692693154362987,0.8910505106254148,-1.0019535317399233,-9.700535405710411,0.8910505106254148,-1.0019535317399233,-9.700535405710411,0.14287737248829913,-16.90073090095902,-1.2048987635754624
9513513513.513514,0.11007117494869886,-19.166527952942054,-1.8814274268262987,0.8915429918733143,-0.9971541898025635,-9.712655192357113,0.8915429918733143,-0.9971541898025635,-9.712655192357113,0.1385727362447445,-17.166444148189534,-1.1931463348356863
9519519519.51952,0.10461107893720423,-19.608446373141668,-1.8936227687268503,0.8920088052059667,-0.9926171718163439,-9.724791183347785,0.8920088052059667,-0.9926171718163439,-9.724791183347785,0.13433100735946502,-17.43647456854797,-1.1798413301587516
9525525525.525526,0.09913112364978376,-20.075799421448146,-1.9058582813791085,0.8924475753865005,-0.9883457203167774,-9.736942715738866,0.8924475753865005,-0.9883457203167774,-9.736942715738866,0.13016169678399656,-17.710335971687698,-1.1648573746004165
9531531531.531532,0.09363234164475202,-20.571482304770953,-1.9181377618841278,0.8928589443662769,-0.9843429279866501,-9.749109115650876,0.8928589443662769,-0.9843429279866501,-9.749109115650876,0.1260753050177441,-17.987399449319405,-1.1480605134488433
9537537537.537537,0.08811578004786973,-21.09892619633741,-1.9304661409077022,0.8932425717745159,-0.9806117342653199,-9.7612896987604,0.8932425717745159,-0.9806117342653199,-9.7612896987604,0.1220834184374968,-18.266866372227497,-1.1293102273752385
9543543543.543545,0.0825824999406806,-21.66223948565424,-1.942849872106513,0.8935981353880244,-0.9771549220999942,-9.773483770808879,0.8935981353880244,-0.9771549220999942,-9.773483770808879,0.11819880414253744,-18.547738346747444,-1.1084611270505764
9549549549.54955,0.07703357576128034,-22.266398849903062,-1.9552974918412231,0.8939253315797666,-0.9739751148462971,-9.785690628127519,0.8939253315797666,-0.9739751148462971,-9.785690628127519,0.11443549737651793,-18.828784768996123,-1.0853655363302783
9555555555.555555,0.07147009474041377,-22.917512843995507,-1.9678204429908006,0.8942238757450761,-0.971074773325088,-9.797909558177688,0.8942238757450761,-0.971074773325088,-9.797909558177688,0.11080887304671014,-19.108509239636582,-1.0598772020456637
9561561561.561562,0.0658931564104874,-23.623193768058375,-1.9804343207990625,0.8944935027043251,-0.9684561930424364,-9.81013984010597,0.8944935027043251,-0.9684561930424364,-9.81013984010597,0.10733568976681525,-19.385116969515554,-1.0318563818499233
9567567567.567568,0.06030387225254876,-24.393095998019383,-1.9931608167102879,0.8947339670809582,-0.9661215015790343,-9.822380745313122,0.8947339670809582,-0.9661215015790343,-9.822380745313122,0.10403409133239357,-19.65648643490719,-1.0011765442295784
9573573573.573574,0.05470336559863702,-25.239719061648955,-2.0060308636184714,0.8949450436538303,-0.964072656155188,-9.834631538036152,0.8949450436538303,-0.964072656155188,-9.834631538036152,0.10092354694543931,-19.920149893219527,-0.9677328458714409
9579579579.579578,0.04909277201368595,-26.179648897110866,-2.0190899485852922,0.8951265276828498,-0.9623114413772126,-9.846891475942542,0.8951265276828498,-0.9623114413772126,-9.846891475942542,0.09802470849451136,-20.1732888105808,-0.9314524061276667
9585585585.585587,0.04347324061245255,-27.235559702440504,-2.032407562054877,0.8952782352070194,-0.9608394671704104,-9.859159810735814,0.8952782352070194,-0.9608394671704104,-9.859159810735814,0.09535916182921604,-20.412751497409438,-0.8923061524424971
9591591591.59159,0.03784593730841087,-28.439614687472744,-2.046095101644503,0.8954000033140083,-0.9596581669037083,-9.871435788771365,0.8954000033140083,-0.9596581669037083,-9.871435788771365,0.09294905070388644,-20.63510082707653,-0.8503216518787923
9597597597.597599,0.0322120523871666,-29.839632065528086,-2.060342602681668,0.8954916903804908,-0.9587687957103466,-9.883718651681772,0.8954916903804908,-0.9587687957103466,-9.883718651681772,0.09081655860223108,-20.83669918509798,-0.8055958877196363
9603603603.603603,0.026572818861938834,-31.51124745808714,-2.0755022987276015,0.8955531762825455,-0.9581724290087702,-9.896007637010314,0.8955531762825455,-0.9581724290087702,-9.896007637010314,0.08898324647201458,-21.013835069273227,-0.7583064488399986
9609609609.60961,0.02092956200383148,-33.58479720227495,-2.0923074527972565,0.8955843625755057,-0.9578699612272368,-9.90830197885196,0.8955843625755057,-0.9578699612272368,-9.90830197885196,0.08746926399547865,-21.162890556047252,-0.7087191952856058
9615615615.615616,0.015283860713803294,-36.315338576309934,-2.1125762330761786,0.8955851726427323,-0.9578621047352727,-9.92060090850048,0.8955851726427323,-0.9578621047352727,-9.92060090850048,0.08629247695133567,-21.280541295646508,-0.6571903198925022
9621621621.621622,0.009638279380283008,-40.32000978323879,-2.14238824242144,0.8955555518128617,-0.9581493889846388,-9.932903655100807,0.8955555518128617,-0.9581493889846388,-9.932903655100807,0.08546757937341848,-21.36397192050225,-0.6041610232245433
9627627627.627628,0.004003300421014528,-47.95163635531364,-2.222072890311925,0.895495467445188,-0.9587321598618173,-9.945209446305457,0.895495467445188,-0.9587321598618173,-9.945209446305457,0.08500527992811094,-21.411081962789886,-0.5501438623624955
9633633633.633633,0.0017359467098498442,-55.209272218828566,-4.991693650659241,0.8954049089829071,-0.959610579253748,-9.957517508933936,0.8954049089829071,-0.959610579253748,-9.957517508933936,0.08491165958389259,-21.420653416494034,-0.49570115981347723
9639639639.63964,0.007337046292884828,-42.68957481495809,-5.209698777752066,0.8952838879740664,-0.9607846248277913,-9.969827069633984,0.8952838879740664,-0.9607846248277913,-9.969827069633984,0.08518778649956224,-21.392453324399852,-0.44141738964772237
9645645645.645645,0.012977079203192283,-37.73646089443708,-5.249173688967299,0.8951324380601438,-0.9622540900265121,-9.982137355543522,0.8951324380601438,-0.9622540900265121,-9.982137355543522,0.08582964338276916,-21.327253838798306,-0.3878687589985883
9651651651.651651,0.018617197915317935,-34.60171368674019,-5.272076954863616,0.8949506149322737,-0.9640185842773441,-9.994447594952272,0.8949506149322737,-0.9640185842773441,-9.994447594952272,0.0868283781666167,-21.226766218373335,-0.33559384509144163
9657657657.657658,0.024253577628047022,-32.304483797302275,-5.289968613204326,0.8947384962552437,-0.9660775334165714,-10.00675701796177,0.8947384962552437,-0.9660775334165714,-10.00675701796177,0.08817084164316806,-21.09350027177182,-0.28506890377821975
9663663663.663664,0.02988441070350286,-30.491106073661534,-5.305684388868739,0.8944961815594596,-0.9684301803267015,-10.019064857142801,0.8944961815594596,-0.9684301803267015,-10.019064857142801,0.08984033769600994,-20.930572485947543,-0.23669042265046092
9669669669.66967,0.035508309794589854,-28.993399994887458,-5.320258808072207,0.8942237921011938,-0.9710755857855735,-10.031370348189043,0.8942237921011938,-0.9710755857855735,-10.031370348189043,0.09181749148325458,-20.741491532611505,-0.1907660083715954
9675675675.675674,0.04112402423521658,-27.718087871678776,-5.334158991415283,0.8939214706914951,-0.9740126295252829,-10.043672730565875,0.8939214706914951,-0.9740126295252829,-10.043672730565875,0.09408114054474952,-20.529948525765068,-0.14751323102569028
9681681681.681683,0.0467303621293617,-26.608017069360024,-5.3476265187226995,0.8935893814942532,-0.9772400114982609,-10.05597124815329,0.8935893814942532,-0.9772400114982609,-10.05597124815329,0.09660916954688199,-20.299633021458348,-0.10706496219033067
9687687687.687687,0.05232616328516728,-25.625622157936213,-5.36079871240374,0.8932277097939835,-0.9807562533474933,-10.068265149881727,0.8932277097939835,-0.9807562533474933,-10.068265149881727,0.09937923404796246,-20.054087096874163,-0.06947919949936097
9693693693.693695,0.057910288423186226,-24.74488544100225,-5.373759260601736,0.8928366617339806,-0.9845597000773919,-10.080553690359997,0.8928366617339806,-0.9845597000773919,-10.080553690359997,0.1023693448754411,-19.796601520450086,-0.0347513311045794
9699699699.6997,0.06348161456467152,-23.947040722272437,-5.386561956857043,0.8924164640255833,-0.9886485219212444,-10.092836130494042,0.8924164640255833,-0.9886485219212444,-10.092836130494042,0.10555830708380663,-19.530151669922052,-0.002827101197650235
9705705705.705706,0.06903903307103842,-23.218105995582622,-5.399242857819429,0.8919673636293564,-0.9930207164008713,-10.105111738095822,0.8919673636293564,-0.9930207164008713,-10.105111738095822,0.10892602340480194,-19.257367019954284,0.02638499219225683
9711711711.711712,0.07458144892753653,-22.54738367314902,-5.411826955617797,0.891489627409079,-0.9976741105735781,-10.117379788481076,0.891489627409079,-0.9976741105735781,-10.117379788481076,0.11245368134397923,-18.98052645397445,0.053002652357293026
9717717717.717718,0.08010778065075164,-21.926506000517332,-5.424332050400442,0.8909835417594978,-1.0026063634611098,-10.129639565055339,0.8909835417594978,-1.0026063634611098,-10.129639565055339,0.11612384677051701,-18.701571719374044,0.07716046936541618
9723723723.723724,0.0856169605231327,-21.348803881228335,-5.43677110419119,0.8904494122088592,-1.0078149686549978,-10.141890359887123,0.8904494122088592,-1.0078149686549978,-10.141890359887123,0.11992048667026795,-18.42213235339851,0.0990024156097949
9729729729.729729,0.09110793500290656,-20.808875934107014,-5.449153728345345,0.8898875629973195,-1.013297257092123,-10.154131474267528,0.8898875629973195,-1.013297257092123,-10.154131474267528,0.12382894129227195,-18.14355680347466,0.11867604215942333
9735735735.735737,0.09657966522726943,-20.302286086437938,-5.461487155214497,0.8892983366323491,-1.0190503999943306,-10.166362219255515,0.8892983366323491,-1.0190503999943306,-10.166362219255515,0.1278358624693693,-17.866945883223803,0.1363281656730847
9741741741.741741,0.10203112756226708,-19.82534627726991,-5.473776891338949,0.888682093422349,-1.0250714119651307,-10.178581916207962,0.888682093422349,-1.0250714119651307,-10.178581916207962,0.13192913126846265,-17.59318594619973,0.1521017974566258
9747747747.747747,0.10746131417157707,-19.37495705275682,-5.486027167684958,0.8880392109896892,-1.031357154236768,-10.190789897294003,0.8880392109896892,-1.031357154236768,-10.190789897294003,0.1360977648014246,-17.322980147274766,0.16613406773627
9753753753.753754,0.11286923358711408,-18.948488478466686,-5.498241256914422,0.8873700837644679,-1.0379043380601862,-10.202985505992807,0.8873700837644679,-1.0379043380601862,-10.202985505992807,0.14033181922137006,-17.056876893691957,0.1785549215397817
9759759759.75976,0.11825391127049298,-18.54368971960842,-5.510421701384869,0.8866751224602925,-1.0447095282305277,-10.215168097574299,0.8866751224602925,-1.0447095282305277,-10.215168097574299,0.1446222936918302,-16.795295097806665,0.18948639545596424
9765765765.765766,0.12361439015805196,-18.158619387134944,-5.52257047989919,0.8859547535334248,-1.0517691467404582,-10.227337039562272,0.8859547535334248,-1.0517691467404582,-10.227337039562272,0.14896103841184874,-16.538546177447458,0.19904231934439642
9771771771.771772,0.12894973118452505,-17.791591177569977,-5.5346891316025575,0.8852094186266636,-1.0590794765533929,-10.23949171217935,0.8852094186266636,-1.0590794765533929,-10.23949171217935,0.1533406685280375,-16.286852953145864,0.20732831957500134
9777777777.777779,0.13425901378189758,-17.441130946187904,-5.5467788493669925,0.8844395739993429,-1.0666366654886548,-10.251631508773354,0.8844395739993429,-1.0666366654886548,-10.251631508773354,0.1577544848770603,-16.040365702890863,0.2144420286337279
9783783783.783783,0.13954133635097496,-17.105942444240082,-5.558840551101049,0.8836456899448492,-1.074436730210389,-10.263755836224744,0.8836456899448492,-1.074436730210389,-10.263755836224744,0.16219640189415144,-15.799175684969228,0.22047342935499484
9789789789.789791,0.14479581670393357,-16.78487970319759,-5.570874934854943,0.8828282501970603,-1.0824755603120113,-10.275864115334695,0.8828282501970603,-1.0824755603120113,-10.275864115334695,0.16666088262369458,-15.563326450257078,0.22550528081932975
9795795795.795795,0.15002159247653749,-16.476924576415538,-5.582882521871821,0.8819877513271202,-1.0907489224878657,-10.28795578119358,0.8819877513271202,-1.0907489224878657,-10.28795578119358,0.1711428805187896,-15.332823252837574,0.22961358762095557
9801801801.801802,0.15521782150916125,-16.181168324089473,-5.594863690561367,0.8811247021319467,-1.0992524647838007,-10.300030283529667,0.8811247021319467,-1.0992524647838007,-10.300030283529667,0.17563778757346143,-15.107640842727278,0.23286808543500995
9807807807.807808,0.1603836821959423,-15.89679639843823,-5.606818703560104,0.8802396230158842,-1.1079817209182288,-10.312087087037693,0.8802396230158842,-1.1079817209182288,-10.312087087037693,0.1801413882602082,-14.887729893749896,0.23533272425919113
9813813813.813814,0.16551837380171877,-15.623075784256951,-5.618747729470696,0.8793330453668728,-1.1169321146654374,-10.32412567168737,0.8793330453668728,-1.1169321146654374,-10.32412567168737,0.18464981872340278,-14.673022287469852,0.2370661369494103
9819819819.81982,0.17062111674648586,-15.359344396671382,-5.630650860465742,0.8784055109285138,-1.1260989642927817,-10.33614553301162,0.8784055109285138,-1.1260989642927817,-10.33614553301162,0.18915953068655209,-14.463435443194983,0.23812208523391884
9825825825.825825,0.17569115285733589,-15.105002147667122,-5.642528126648119,0.8774575711693715,-1.135477487043588,-10.348146182374537,0.8774575711693715,-1.135477487043588,-10.348146182374537,0.193667259558854,-14.258875855597529,0.23854987865933727
9831831831.831833,0.18072774558793495,-14.859503375926696,-5.654379507845179,0.8764897866508358,-1.1450628036576154,-10.360127147219112,0.8764897866508358,-1.1450628036576154,-10.360127147219112,0.1981699962632029,-14.05924197619848,0.23839476423242173
9837837837.837837,0.1857301802057545,-14.622350397811172,-5.66620494335688,0.8755027263948377,-1.154849942921041,-10.372087971294734,0.8755027263948377,-1.154849942921041,-10.372087971294734,0.20266496234989254,-13.864426552867762,0.2376982861184261
9843843843.843845,0.1906977639473412,-14.393087986067234,-5.67800434005922,0.8744969672526666,-1.1648338462381864,-10.384028214864712,0.8744969672526666,-1.1648338462381864,-10.384028214864712,0.20714958800328992,-13.674318522532257,0.2364986158293388
9849849849.84985,0.19562982614195024,-14.171298620685205,-5.689777579176926,0.8734730932761233,-1.175009372217108,-10.39594745489374,0.8734730932761233,-1.175009372217108,-10.39594745489374,0.2116214925908446,-13.488804536177831,0.23483085402858564
9855855855.855856,0.20052571830415913,-13.956598385934074,-5.701524521971225,0.8724316950921724,-1.1853713012616949,-10.407845285215767,0.8724316950921724,-1.1853713012616949,-10.407845285215767,0.21607846744326395,-13.307770181678125,0.2327273055049854
9861861861.861862,0.20538481419586993,-13.748633410952669,-5.713245014537853,0.8713733692822443,-1.1959143401627657,-10.419721316682306,0.8713733692822443,-1.1959143401627657,-10.419721316682306,0.22051846059140742,-13.131100958626885,0.23021772909828617
9867867867.867868,0.21020650985838524,-13.54707676979048,-5.724938891870494,0.8702987177672679,-1.2066331266811332,-10.431575177291549,0.8702987177672679,-1.2066331266811332,-10.431575177291549,0.22493956321844016,-12.958683049905309,0.22732956446028044
9873873873.873875,0.21499022361527081,-13.351625771592639,-5.736605981314272,0.8692083471994785,-1.217522234115713,-10.443406512298637,0.8692083471994785,-1.217522234115713,-10.443406512298637,0.2293399976154893,-12.79040392687073,0.22408813754487406
9879879879.879879,0.21973539604670997,-13.161999583521721,-5.748246105509756,0.8681028683619962,-1.2285761758499656,-10.455214984307307,0.8681028683619962,-1.2285761758499656,-10.455214984307307,0.23371810645560215,-12.626152818552747,0.22051684666974417
9885885885.885887,0.22444148993618177,-12.977937138623581,-5.7598590849093405,0.8669828955771067,-1.2397894098703506,-10.467000273343473,0.8669828955771067,-1.2397894098703506,-10.467000273343473,0.23807234322396162,-12.46582106988318,0.21663733090768222
9891891891.891891,0.22910799019025344,-12.79919528866726,-5.77144473993207,0.8658490461241419,-1.2511563432505306,-10.478762076910936,0.8658490461241419,-1.2511563432505306,-10.478762076910936,0.2424012636629665,-12.309302409552087,0.21246962245459258
9897897897.897898,0.23373440373249474,-12.62554716837241,-5.783002892812509,0.8647019396677796,-1.262671336595595,-10.490500110029929,0.8647019396677796,-1.262671336595595,-10.490500110029929,0.24670351810865712,-12.156493144434528,0.20803228450461445
9903903903.903904,0.23832025937231338,-12.456780742696177,-5.794533369187818,0.863542197697548,-1.2743287084406099,-10.502214105258691,0.863542197697548,-1.2743287084406099,-10.502214105258691,0.2509778446107852,-12.00729229451975,0.20334253603689972
9909909909.90991,0.24286510764975366,-12.292697513174758,-5.806035999461235,0.8623704429792542,-1.2861227395982178,-10.51390381269874,0.8623704429792542,-1.2861227395982178,-10.51390381269874,0.2552230627424361,-11.861601679799275,0.19841636479957078
9915915915.915916,0.24736852065724296,-12.133111362909194,-5.81751061997283,0.8611872990189925,-1.2980476774503735,-10.525568999984309,0.8611872990189925,-1.2980476774503735,-10.525568999984309,0.25943806801707153,-11.719325968527842,0.19326862965822122
9921921921.92192,0.25183009183926786,-11.977847522775562,-5.828957074003715,0.8599933895403491,-1.3100977401794114,-10.537209452256452,0.8599933895403491,-1.3100977401794114,-10.537209452256452,0.2636218268412827,-11.580372694588448,0.187913153366598
9927927927.927929,0.2562494357710434,-11.826741643936831,-5.840375212635797,0.85878933797535,-1.3222671209341132,-10.548824972122386,0.85878933797535,-1.3222671209341132,-10.548824972122386,0.2677733719406122,-11.444652250306513,0.18236280671367477
9933933933.933933,0.26062618791721764,-11.67963896383294,-5.851764895485625,0.8575757669696489,-1.3345499919266448,-10.560415379600599,0.8575757669696489,-1.3345499919266448,-10.560415379600599,0.2718917982035104,-11.312077859922049,0.17662958490740838
9939939939.939941,0.2649600043716761,-11.536393554592472,-5.863125991328127,0.8563532979023856,-1.3469405084566932,-10.571980512052392,0.8563532979023856,-1.3469405084566932,-10.571980512052392,0.2759762588956095,-11.182565537978906,0.17072467696859978
9945945945.945946,0.26925056157947747,-11.396867644305178,-5.8744583786237845,0.8551225504211212,-1.3594328128590918,-10.583520224100267,0.8551225504211212,-1.3594328128590918,-10.583520224100267,0.28002596220216314,-11.056034036124364,0.16465852882921475
9951951951.951952,0.2734975560420778,-11.260931002858312,-5.885761945960693,0.8538841419921503,-1.3720210383720899,-10.595034387533978,0.8538841419921503,-1.3720210383720899,-10.595034387533978,0.2840401680619553,-10.932404781164466,0.1584409007585157
9957957957.957958,0.27770070400679714,-11.12846038512595,-5.89703659242158,0.8526386874664984,-1.3846993129230873,-10.60652289120462,0.8526386874664984,-1.3846993129230873,-10.60652289120462,0.2880181852602496,-10.811601806701233,0.15208091967635406
9963963963.963964,0.28185974114170725,-10.999339025214619,-5.908282227884175,0.8513867986618114,-1.3974617628294663,-10.617985640907522,0.8513867986618114,-1.3974617628294663,-10.617985640907522,0.2919593687525455,-10.693551680235391,0.14558712685439296
9969969969.96997,0.2859744221969206,-10.873456176264577,-5.919498773262698,0.8501290839603283,-1.4103025164121221,-10.629422559254465,0.8501290839603283,-1.4103025164121221,-10.629422559254465,0.29586311719413444,-10.578183427266467,0.138967521455182
9975975975.975975,0.290044520653382,-10.750706690980119,-5.930686160696597,0.8488661479230524,-1.423215707519817,-10.64083358553587,0.8488661479230524,-1.423215707519817,-10.64083358553587,0.29972887065361264,-10.465428453621657,0.13222960031135475
9981981981.981983,0.2940698283601586,-10.630990638649841,-5.941844333692556,0.8475985909202193,-1.43619547896252,-10.652218675573538,0.8475985909202193,-1.43619547896252,-10.652218675573538,0.30355610849095627,-10.355220467006758,0.12538039430694717
9987987987.987988,0.2980501551613043,-10.51421295491985,-5.952973247224499,0.8463270087780891,-1.4492359858523864,-10.66357780156454,0.8463270087780891,-1.4492359858523864,-10.66357780156454,0.30734434738332195,-10.247495398564215,0.11842650168423907
9993993993.993994,0.30198532851324683,-10.400283121023634,-5.964072867796242,0.845051992442055,-1.462331398851255,-10.674910951916925,0.845051992442055,-1.462331398851255,-10.674910951916925,0.3110931394834743,-10.142191325066246,0.1113741185675427
10000000000.0,0.3058751930937291,-10.289114869549172,-5.975143173470483,0.8437741276560361,-1.4754759073236117,-10.686218131077716,0.8437741276560361,-1.4754759073236117,-10.686218131077716,0.31480207069758165,-10.039248392233048,0.10422906696469124
