frequency_hz,s11_mag,s11_db,s11_phase_deg,s21_mag,s21_db,s21_phase_deg,s12_mag,s12_db,s12_phase_deg,s22_mag,s22_db,s22_phase_deg
4000000000.0,0.7983346265300866,-1.9563006693751182,-2.4280071857561425,0.45425815701081473,-6.85394530844571,-0.6528225434785592,0.45425815701081473,-6.85394530844571,-0.6528225434785592,0.8045715320648751,-1.888706760322739,-2.0091366454538546
4006006006.0060062,0.79768271226722,-1.9633964013800334,-2.455594380689958,0.45470510716184964,-6.845403357078689,-0.6778189231523776,0.45470510716184964,-6.845403357078689,-0.6778189231523776,0.803694804641223,-1.8981767818298114,-2.0334738889171384
4012012012.012012,0.797111592767764,-1.9696174935156434,-2.483246256522425,0.4550324718697618,-6.839152205290322,-0.7029164112196732,0.4550324718697618,-6.839152205290322,-0.7029164112196732,0.8028886404524334,-1.9068937318059525,-2.057969190732224
4018018018.0180182,0.7966228990828778,-1.9749442773287351,-2.5109584245818746,0.4552379636921067,-6.83523055903883,-0.7281129806414403,0.4552379636921067,-6.83523055903883,-0.7281129806414403,0.8021547511333873,-1.914836796908665,-2.0826226740949725
4024024024.024024,0.7962181400048362,-1.9793586447028462,-2.538726456705704,0.4553193690602552,-6.833677492537392,-0.7534065344261106,0.4553193690602552,-6.833677492537392,-0.7534065344261106,0.8014947540571272,-1.9219863168891271,-2.1074343502584347
4030030030.0300303,0.7958986953677095,-1.982844143805853,-2.56654589100126,0.45527455334189765,-6.834532460650933,-0.778794904230827,0.45527455334189765,-6.834532460650933,-0.778794904230827,0.8009101662027174,-1.9283238733309795,-2.1324041092101784
4036036036.036036,0.7956658095985327,-1.9853860704415258,-2.5944122375964715,0.45510146594327977,-6.837835311403593,-0.8042758488395779,0.45510146594327977,-6.837835311403593,-0.8042758488395779,0.8004023981507872,-1.9338323761764598,-2.157531710249618
4042042042.0420423,0.7955205855509387,-1.986971554150464,-2.6223209843439887,0.45479814544655484,-6.843626298506188,-0.8298470525210929,0.45479814544655484,-6.843626298506188,-0.8298470525210929,0.799972748230839,-1.9384961475250342,-2.1828167725190717
4048048048.048048,0.7954639786530145,-1.9875896384227978,-2.650267602441856,0.45436272477695366,-6.851946093814841,-0.855506123270921,0.45436272477695366,-6.851946093814841,-0.855506123270921,0.7996223968450549,-1.9423010021840308,-2.20825876554498
4054054054.0540543,0.795496791400875,-1.9872313544071982,-2.6782475519338904,0.4537934363936463,-6.86283579963583,-0.8812505909441126,0.4537934363936463,-6.86283579963583,-0.8812505909441126,0.7993524009938192,-1.9452343244503059,-2.2338569998485633
4060060060.06006,0.7956196682290898,-1.9858897875286567,-2.7062562870535176,0.45308861749716384,-6.87633696079788,-0.9070779052869492,0.45308861749716384,-6.87633696079788,-0.9070779052869492,0.7991636890287823,-1.9472851406035352,-2.2596106176875135
4066066066.0660663,0.7958330907885887,-1.983560136461493,-2.734289261375757,0.45224671524509247,-6.89249157642152,-0.9329854338780521,0.45224671524509247,-6.89249157642152,-0.9329854338780521,0.7990570556598233,-1.9484441865976077,-2.285518583992076
4072072072.072072,0.7961373736620773,-1.9802397639431844,-2.7623419327436203,0.4512662919664263,-6.911342111325981,-0.9589704599912592,0.4512662919664263,-6.911342111325981,-0.9589704599912592,0.7990331572427504,-1.9487039704465539,-2.3115796775602386
4078078078.0780783,0.7965326605462816,-1.975928238958942,-2.790409767937389,0.4501460303634902,-6.932931507027461,-0.9850301803947232,0.4501460303634902,-6.932931507027461,-0.9850301803947232,0.7990925073750385,-1.9480588288150673,-2.337792482577685
4084084084.084084,0.7970189209294557,-1.9706273698765724,-2.8184882470577763,0.44888473868870776,-6.957303192298786,-1.0111617031026026,0.44888473868870776,-6.957303192298786,-1.0111617031026026,0.7992354728272858,-1.9465049773415657,-2.3641553805284223
4090090090.0900903,0.7975959472916141,-1.9643412281647326,-2.846572867597074,0.4474813558817205,-6.984501093279426,-1.0373620450976273,0.4474813558817205,-6.984501093279426,-1.0373620450976273,0.799462269838344,-1.94404055424402,-2.3906665425617177
4096096096.096096,0.7982633528537723,-1.957076162385845,-2.874659148176183,0.44593495665047816,-7.014569643146538,-1.0636281300447368,0.44593495665047816,-7.014569643146538,-1.0636281300447368,0.7997729608022349,-1.9406656567853506,-2.4173239223803296
4102102102.1021023,0.7990205699011816,-1.9488408022161594,-2.9027426319293266,0.44424475647791534,-7.047553791382713,-1.089956786017621,0.44424475647791534,-7.047553791382713,-1.089956786017621,0.8001674513749825,-1.9363823702060499,-2.4441252497135206
4108108108.108108,0.799866848703987,-1.9396460523105699,-2.9308188895227074,0.4424101165337818,-7.083499012703527,-1.116344743261503,0.4424101165337818,-7.083499012703527,-1.116344743261503,0.800645488029308,-1.931194788767097,-2.4710680244363847
4114114114.1141143,0.8008012570570575,-1.929505075896558,-2.9588835217983998,0.44043054846905766,-7.122451315739235,-1.1427886320170688,0.44043054846905766,-7.122451315739235,-1.1427886320170688,0.8012066560847512,-1.9251090285859247,-2.4981495113947374
4120120120.12012,0.801822680458797,-1.9184332680508738,-2.986932162039441,0.43830571906828375,-7.164457251598297,-1.1692849804312617,0.43830571906828375,-7.164457251598297,-1.1692849804312617,0.8018503782401635,-1.9181332319919187,-2.5253667359913643
4126126126.1261263,0.802929822946537,-1.9064482186834717,-3.0149604778577554,0.436035454733028,-7.209563922477596,-1.1958302125818783,0.436035454733028,-7.209563922477596,-1.1958302125818783,0.8025759136345877,-1.9102775631762692,-2.552716480586268
4132132132.132132,0.8041212086037268,-1.8935696653241116,-3.0429641727115335,0.4336197457676996,-7.257818990523513,-1.222420646643178,0.4336197457676996,-7.257818990523513,-1.222420646643178,0.803382357461337,-1.901554194962679,-2.5801952817590097
4138138138.1381383,0.8053951837514202,-1.879819435878816,-3.0709389870644253,0.4310587504369915,-7.309270687191207,-1.2490524932202873,0.4310587504369915,-7.309270687191207,-1.2490524932202873,0.804268641158544,-1.8919772865808908,-2.607799428477036
4144144144.144144,0.8067499198335706,-1.8652213815946197,-3.0988806992037907,0.4283527987625252,-7.363967823393893,-1.2757218538797266,0.4283527987625252,-7.363967823393893,-1.2757218538797266,0.8052335331974987,-1.881562952384182,-2.635524961208422
4150150150.1501503,0.8081834170024371,-1.8498013005405622,-3.1267851257407853,0.42550239602470324,-7.421959800782822,-1.302424719903263,0.42550239602470324,-7.421959800782822,-1.302424719903263,0.8062756404878372,-1.8703292215132263,-2.6633676720123747
4156156156.156156,0.8096935084067953,-1.8335868519818903,-3.1546481218195517,0.4225082259345465,-7.483296624548261,-1.329156971291051,0.4225082259345465,-7.483296624548261,-1.329156971291051,0.8073934104159249,-1.8582959885730492,-2.6913231056346283
4162162162.1621623,0.8112778651818733,-1.81660746208992,-3.182465581067542,0.41937115343931686,-7.548028918185283,-1.3559143760389785,0.41937115343931686,-7.548028918185283,-1.3559143760389785,0.8085851335296781,-1.8454849554557218,-2.7193865616290114
4168168168.168168,0.8129340021357762,-1.7988942214937407,-3.2102334353228392,0.41609222712515603,-7.6162079407228065,-1.3826925897130924,0.41609222712515603,-7.6162079407228065,-1.3826925897130924,0.8098489468795514,-1.8319195645086814,-2.747553097519732
4174174174.1741743,0.8146592841228517,-1.7804797752391033,-3.2379476541779826,0.4126726811797903,-7.68788560697172,-1.409487155341866,0.4126726811797903,-7.68788560697172,-1.409487155341866,0.8111828380215403,-1.81762492331605,-2.7758175330124635
4180180180.18018,0.8164509330897662,-1.7613982057764501,-3.2656042443825566,0.4091139368786344,-7.763114511406815,-1.4362935036441697,0.4091139368786344,-7.763114511406815,-1.4362935036441697,0.8125846496836856,-1.8026277214286313,-2.8041744552552466
4186186186.1861863,0.8183060357753401,-1.741684909650323,-3.2931992491491875,0.40541760355838263,-7.841947956358661,-1.4631069536076813,0.40541760355838263,-7.841947956358661,-1.4631069536076813,0.8140520850930044,-1.7869561394441065,-2.8326182251434693
4192192192.192192,0.8202215520401355,-1.72137646860947,-3.3207287474089657,0.4015854790434754,-7.9244399852540415,-1.4899227134286157,0.4015854790434754,-7.9244399852540415,-1.4899227134286157,0.8155827139547137,-1.7706397509048786,-2.861142984655984
4198198198.1981983,0.8221943237967496,-1.7005105158971103,-3.3481888530630486,0.3976195494926603,-8.010645421708466,-1.5167358818193566,0.3976195494926603,-8.010645421708466,-1.5167358818193566,0.8171739790704284,-1.75370941754284,-2.8897426652024008
4204204204.204204,0.8242210845065808,-1.6791255985159446,-3.375575714277278,0.39352198863525356,-8.100619915340891,-1.5435414496860025,0.39352198863525356,-8.100619915340891,-1.5435414496860025,0.8188232035765248,-1.7361971784597738,-2.9184109969547336
4210210210.2102103,0.8262984692036971,-1.6572610362907705,-3.4028855128656796,0.3892951563696631,-8.194419995249602,-1.5703343021724396,0.3892951563696631,-8.194419995249602,-1.5703343021724396,0.8205275987782379,-1.718136133887064,-2.947141519129589
4216216216.216216,0.8284230250013422,-1.6349567785735417,-3.4301144638070884,0.38494159670026346,-8.292103132158946,-1.5971092210619082,0.38494159670026346,-8.292103132158946,-1.5971092210619082,0.8222842725493914,-1.699560324218066,-2.9759275911804006
4222222222.2222223,0.8305912220316822,-1.6122532594505057,-3.457258814936897,0.3804640349927429,-8.393727810321042,-1.623860887521013,0.3804640349927429,-8.393727810321042,-1.623860887521013,0.8240902382619465,-1.6805046050508599,-3.004762404852862
4228228228.228228,0.8327994647646957,-1.589191252318654,-3.484314846852618,0.3758653745326395,-8.499353610333266,-1.6505838851644155,0.3758653745326395,-8.499353610333266,-1.6505838851644155,0.825942424203992,-1.6610045190163614,-3.0336389970504274
4234234234.2342343,0.8350441036476723,-1.5658117246994694,-3.5112788730683144,0.3711486923768026,-8.609041304114083,-1.6772727034116515,0.3711486923768026,-8.609041304114083,-1.6772727034116515,0.8278376834393346,-1.6410961651978004,-3.0625502634510005
4240240240.24024,0.8373214470028115,-1.5421556941504855,-3.5381472404484366,0.3663172344930048,-8.722852963365714,-1.703921741100004,0.3663172344930048,-8.722852963365714,-1.703921741100004,0.8297728040567652,-1.6208160669697766,-3.0914889728104287
4246246246.2462463,0.8396277731168511,-1.5182640861209118,-3.564916329946813,0.3613744101887208,-8.84085208294556,-1.7305253103099012,0.3613744101887208,-8.84085208294556,-1.7305253103099012,0.8317445197522997,-1.600201039099878,-3.1204477818836316
4252252252.252252,0.8419593424536164,-1.4941775945762479,-3.5915825576709977,0.3563237858362477,-8.963103720667663,-1.7570776403509565,0.3563237858362477,-8.963103720667663,-1.7570776403509565,0.833749520683366,-1.5792880549622623,-3.1494192508894323
4258258258.2582583,0.8443124099180955,-1.4699365461868774,-3.6181423762867095,0.3511690779075985,-9.089674655167098,-1.783572881848729,0.3511690779075985,-9.089674655167098,-1.783572881848729,0.8357844645302104,-1.5581141147095225,-3.1783958594416446
4264264264.264264,0.8466832370988389,-1.4455807688409317,-3.6445922767708407,0.34591414533910303,-9.220633563580437,-1.8100051108630972,0.34591414533910303,-9.220633563580437,-1.8100051108630972,0.8378459876966471,-1.5367161152381197,-3.2073700228651822
4270270270.2702703,0.8490681044145924,-1.4211494651985208,-3.6709287905157635,0.34056298125204315,-9.356051220933383,-1.8363683329603868,0.34056298125204315,-9.356051220933383,-1.8363683329603868,0.8399307165798768,-1.5151307227625144,-3.2363341088137014
4276276276.276276,0.8514633230908669,-1.396681091956148,-3.697148491781287,0.33511970406208375,-9.496000723279348,-1.8626564871515008,0.33511970406208375,-9.496000723279348,-1.8626564871515008,0.842035278837463,-1.4933942487843868,-3.2652804541028955
4282282282.2822824,0.8538652468927542,-1.3722132454361122,-3.723248000484813,0.3295885480164238,-9.640557736809052,-1.8888634495984258,0.3295885480164238,-9.640557736809052,-1.8888634495984258,0.8441563145787071,-1.47154253020676,-3.2942013816724662
4288288288.288288,0.8562702835417908,-1.3477825540560624,-3.749223985314283,0.32397385320355143,-9.789800775351239,-1.914983036980707,0.32397385320355143,-9.789800775351239,-1.914983036980707,0.846290487407674,-1.449610814298412,-3.3230892175889704
4294294294.2942944,0.8586749057468819,-1.3234245781709852,-3.7750731671430966,0.31828005508602186,-9.943811508916834,-1.9410090094020782,0.31828005508602186,-9.943811508916834,-1.9410090094020782,0.8484344952460078,-1.4276336491622774,-3.3519363080019335
4300300300.300301,0.861075661782423,-1.2991737177122484,-3.800792322720969,0.3125116736117962,-10.102675106206311,-1.96693507270511,0.3125116736117962,-10.102675106206311,-1.96693507270511,0.8505850808654031,-1.4056447803038377,-3.3807350359662873
4306306306.306306,0.863469185550592,-1.2750631279785782,-3.8263782886101283,0.30667330196418957,-10.266480614313103,-1.9927548800483248,0.30667330196418957,-10.266480614313103,-1.9927548800483248,0.8527390420621584,-1.3836770538323429,-3.4094778380458526
4312312312.312312,0.8658522060693634,-1.2511246438619423,-3.851827965332118,0.3007695950144273,-10.435321379218987,-2.0184620325851803,0.3007695950144273,-10.435321379218987,-2.0184620325851803,0.8548932414096714,-1.3617623267593968,-3.4381572206146576
4318318318.318318,0.8682215563330465,-1.2273887127182466,-3.8771383216869184,0.29480525754404746,-10.609295511103161,-2.0440500790676026,0.29480525754404746,-10.609295511103161,-2.0440500790676026,0.857044615528855,-1.3399313847882959,-3.466765775775818
4324324324.324325,0.8705741814980152,-1.2038843360192302,-3.902306399203396,0.2887850323068544,-10.788506398986627,-2.0695125141777537,0.2887850323068544,-10.788506398986627,-2.0695125141777537,0.8591901838213518,-1.3182138679130424,-3.4952961968213003
4330330330.33033,0.8729071463526089,-1.1806390198496057,-3.927329316677806,0.2827136880019022,-10.973063279818154,-2.094842775369632,0.2827136880019022,-10.973063279818154,-2.094842775369632,0.8613270566158667,-1.2966382040706905,-3.5237412931599716
4336336336.336336,0.8752176420369989,-1.1576787342417603,-3.9522042747557444,0.2765960072298807,-11.16308186779852,-2.1200342379765758,0.2765960072298807,-11.16308186779852,-2.1200342379765758,0.8634524426839956,-1.2752315510142376,-3.5520940046461242
4342342342.342342,0.8775029919858396,-1.1350278812718304,-3.9769285605120914,0.27043677450545256,-11.358685050550157,-2.1450802083105645,0.27043677450545256,-11.358685050550157,-2.1450802083105645,0.86556365608836,-1.254019746497934,-3.580347415245806
4348348348.348349,0.8797606570738563,-1.1127092717744556,-4.001499551983612,0.26424076439739963,-11.560003659698538,-2.1699739144434713,0.26424076439739963,-11.560003659698538,-2.1699739144434713,0.8676581223326595,-1.2330272667928242,-3.608494765984124
4354354354.354355,0.8819882399518394,-1.0907441104718216,-4.025914722609377,0.2580127298670623,-11.767177324562137,-2.194708494317489,0.2580127298670623,-11.767177324562137,-2.194708494317489,0.8697333837902793,-1.2122771934787004,-3.6365294671225863
4360360360.36036,0.8841834885679127,-1.0691519892542907,-4.050171645535568,0.2517573908733995,-11.980355418988943,-2.2192769807803057,0.2517573908733995,-11.980355418988943,-2.2192769807803057,0.8717871043951702,-1.1917911883910106,-3.6644451095220596
4366366366.366366,0.8863442988761474,-1.0479508882972257,-4.074267997743055,0.24547942331022543,-12.199698112966699,-2.2436722830780615,0.24547942331022543,-12.199698112966699,-2.2436722830780615,0.8738170735859112,-1.1715894765366455,-3.6922354751534723
4372372372.372373,0.8884687167416019,-1.0271571846509522,-4.098201563958558,0.2391834483377993,-12.4253775425247,-2.2678871642627145,0.2391834483377993,-12.4253775425247,-2.2678871642627145,0.8758212095008435,-1.1516908367338305,-3.7198945467251385
4378378378.378378,0.8905549390575711,-1.0067856678987304,-4.121970240313171,0.23287402216704242,-12.657579113699251,-2.2919142138771615,0.23287402216704242,-12.657579113699251,-2.2919142138771615,0.8777975614289728,-1.132112599677641,-3.747416516402562
4384384384.384384,0.892601314097065,-0.986849562442077,-4.145572037715262,0.2265556263503994,-12.896502959028043,-2.3157458151666783,0.2265556263503994,-12.896502959028043,-2.3157458151666783,0.8797443115278878,-1.1128706530844195,-3.7747957936033005
4390390390.39039,0.8946063411263686,-0.9673605559426042,-4.169005084908457,0.2202326586287397,-13.14236556827055,-2.339374105923438,0.2202326586287397,-13.14236556827055,-2.339374105923438,0.8816597758260415,-1.0939794535269063,-3.8020270118563118
4396396396.396397,0.8965686693137388,-0.9483288334263826,-4.1922676311892655,0.2139094243789588,-13.3954016189376,-2.3627909318953715,0.2139094243789588,-13.3954016189376,-2.3627909318953715,0.8835424045324004,-1.0754520445366647,-3.8291050347218443
4402402402.402403,0.8984870959709922,-0.9297631165388893,-4.21535804876317,0.20759012870206578,-13.655866036909847,-2.3859877914719827,0.20759012870206578,-13.655866036909847,-2.3859877914719827,0.8853907816816459,-1.0573000805212072,-3.8560249607744774
4408408408.408408,0.900360564169688,-0.911670707427793,-4.238274834721867,0.20127886918690835,-13.924036323113167,-2.4089557700861386,0.20127886918690835,-13.924036323113167,-2.4089557700861386,0.8872036241476451,-1.0395338560212737,-3.8827821276577463
4414414414.414414,0.9021881597770198,-0.8940575367246484,-4.261016612629071,0.19497962938009986,-14.200215189153692,-2.431685462427681,0.19497962938009986,-14.200215189153692,-2.431685462427681,0.8889797800619137,-1.0221623398173587,-3.909372115225094
4420420420.420421,0.9039691079591474,-0.8769282150970757,-4.2835821337059405,0.18869627298879194,-14.484733553287121,-2.4541668801305656,0.18869627298879194,-14.484733553287121,-2.4541668801305656,0.8907182266770814,-1.0051932133852004,-3.93579074778679
4426426426.426426,0.9057027692017555,-0.8602860878476091,-4.3059702776118804,0.18243253883940463,-14.777953958520724,-2.4763893420448464,0.18243253883940463,-14.777953958520724,-2.4763893420448464,0.8924180677181147,-0.9886329131955125,-3.962034095487962
4432432432.432432,0.9073886348989394,-0.8441332920455658,-4.328180052820011,0.17619203661294752,-15.080274487515652,-2.498341343501347,0.17619203661294752,-15.080274487515652,-2.498341343501347,0.8940785302660691,-0.9724866763551157,-3.9880984748471167
4438438438.438438,0.9090263225622304,-0.8284708156924261,-4.350210596590591,0.16997824337613984,-15.392133264948297,-2.520010400073212,0.16997824337613984,-15.392133264948297,-2.520010400073212,0.8956989612205828,-0.95675858909314,-4.013980448488674
4444444444.444445,0.9106155707016721,-0.813298558439275,-4.372061174549188,0.16379450092759804,-15.714013657969774,-2.5413828601695134,0.16379450092759804,-15.714013657969774,-2.5413828601695134,0.8972788233881369,-0.941451637607251,-4.039676824106733
4450450450.450451,0.9121562334304005,-0.7986153933961753,-4.393731179879639,0.15764401398044448,-16.04645031051543,-2.5624436792729406,0.15764401398044448,-16.04645031051543,-2.5624436792729406,0.8988176912433785,-0.9265677607999789,-4.065184652700159
4456456456.456456,0.9136482748431914,-0.7844192295976142,-4.415220132144774,0.15152984920723872,-16.39003617899425,-2.58317614663372,0.15152984920723872,-16.39003617899425,-2.58317614663372,0.9003152464104708,-0.912107904454571,-4.090501226121759
4462462462.462462,0.91509176321797,-0.7707070747148692,-4.43652767575062,0.14545493518109265,-16.74543077736496,-2.6035615525848352,0.14545493518109265,-16.74543077736496,-2.6035615525848352,0.9017712729106965,-0.8980720764213743,-4.115624073986285
4468468468.468469,0.9164868650874382,-0.7574750976342652,-4.457653578071952,0.13942206325925963,-17.113369891539666,-2.623578781108326,0.13942206325925963,-17.113369891539666,-2.623578781108326,0.9031856522213104,-0.8844594024103432,-4.140550959983514
4474474474.474475,0.9178338392257333,-0.7447186905502069,-4.478597727259204,0.1334338894739053,-17.49467709020098,-2.6432038075172617,0.1334338894739053,-17.49467709020098,-2.6432038075172617,0.904558358188996,-0.87126818201206,-4.165279877643812
4480480480.48048,0.9191330305925186,-0.7324325302524269,-4.499360129748208,0.12749293752158142,-17.89027744661745,-2.662409074629079,0.12749293752158142,-17.89027744661745,-2.662409074629079,0.9058894518393824,-0.858495944597184,-4.18980904560404
4486486486.486486,0.9203848642741365,-0.7206106383180211,-4.5199409074956325,0.12160160298125539,-18.301214001047704,-2.68116271187516,0.12160160298125539,-18.301214001047704,-2.68116271187516,0.907179076121818,-0.8461395047735903,-4.2141369024219575
4492492492.492493,0.9215898394585286,-0.7092464399497931,-4.540340294963848,0.11576215894559604,-18.728667645828786,-2.699427549355766,0.11576215894559604,-18.728667645828786,-2.699427549355766,0.9084274506261558,-0.8341950171099035,-4.2382621009868675
4498498498.498499,0.9227485234775228,-0.6983328212335289,-4.56055863587972,0.10997676332877378,-19.173981319403552,-2.717159861317326,0.10997676332877378,-19.173981319403552,-2.717159861317326,0.9096348663056597,-0.8226580298640507,-4.2621835025738894
4504504504.504504,0.923861545946978,-0.6878621846165505,-4.58059637979205,0.10424746822758119,-19.638689671571882,-2.734307748477369,0.10424746822758119,-19.638689671571882,-2.734307748477369,0.9108016802374209,-0.8115235374846881,-4.2859001705880235
4510510510.51051,0.9249295930320318,-0.6778265024397321,-4.60045407845254,0.09857623187841412,-20.124555739387503,-2.750809032304621,0.09857623187841412,-20.124555739387503,-2.750809032304621,0.9119283104487994,-0.8007860316827746,-4.309411364043129
4516516516.516517,0.9259534018615637,-0.6682173683828603,-4.620132382044959,0.0929649339980246,-20.633616694072447,-2.76658848087853,0.0929649339980246,-20.633616694072447,-2.76658848087853,0.9130152308355782,-0.7904395508983924,-4.332716530819319
4522522522.522523,0.9269337551128468,-0.659026046710085,-4.639632035286836,0.08741539566502557,-21.168241447188972,-2.7815541058381403,0.08741539566502557,-21.168241447188972,-2.7815541058381403,0.914062966194616,-0.7804777280154519,-4.3558153007406855
4528528528.528528,0.9278714757842904,-0.6502435192276885,-4.658953873427299,0.08192940546465176,-21.731203933291248,-2.795592147677493,0.08192940546465176,-21.731203933291248,-2.795592147677493,0.9150720873910047,-0.7708938362023816,-4.378707478513158
4534534534.534534,0.9287674221712785,-0.6418605298896576,-4.678098818164058,0.07650875450358703,-22.325777358347825,-2.8085601762721586,0.07650875450358703,-22.325777358347825,-2.8085601762721586,0.9160432066769452,-0.7616808327817612,-4.401393036560457
4540540540.540541,0.9296224830572503,-0.6338676270089684,-4.697067873501409,0.0711552843167472,-22.955856833762564,-2.820277430415798,0.0711552843167472,-22.955856833762564,-2.820277430415798,0.9169769731769216,-0.7528314010545685,-4.423872107793654
4546546546.546547,0.9304375731295793,-0.6262552030520657,-4.7158621215703524,0.06587095401018596,-23.62612093236629,-2.830511025625551,0.06587095401018596,-23.62612093236629,-2.830511025625551,0.9178740685512219,-0.7443379900259202,-4.446144978347964
4552552552.552552,0.9312136286272724,-0.619013532012858,-4.734482718430456,0.060657936905304376,-24.342247299524242,-2.8389558306465,0.060657936905304376,-24.342247299524242,-2.8389558306465,0.9187352028474144,-0.736192851999147,-4.46821208031759
4558558558.558558,0.9319516032252346,-0.6121328043788091,-4.752930889872172,0.0555187637814117,-25.111204254842335,-2.845204381989706,0.0555187637814117,-25.111204254842335,-2.845204381989706,0.9195611105471824,-0.7283880780224828,-4.490073984517554
4564564564.564565,0.9326524641577187,-0.6056031597165785,-4.771207927236782,0.05045654214712209,-25.941650311359204,-2.8487006520580995,0.05045654214712209,-25.941650311359204,-2.8487006520580995,0.9203525468137916,-0.7209156311891125,-4.511731393298695
4570570570.570571,0.9333171885816435,-0.5994147169177411,-4.7893151832699745,0.04547530414092777,-26.844487753465522,-2.848666759950708,0.04547530414092777,-26.844487753465522,-2.848666759950708,0.9211102839435433,-0.7137673778057414,-4.533185133439948
4576576576.576576,0.9339467601787436,-0.5935576021563117,-4.80725406802369,0.04058058119516895,-27.83363474583302,-2.8439826078570687,0.04058058119516895,-27.83363474583302,-2.8439826078570687,0.9218351080228061,-0.7069351164576345,-4.554436149139574
4582582582.582582,0.934542165993949,-0.5880219746197058,-4.825026044819488,0.03578039776517351,-28.92709671513829,-2.832980098977618,0.03578039776517351,-28.92709671513829,-2.832980098977618,0.9225278157906465,-0.7004106050091364,-4.575485495124807
4588588588.588589,0.9351043935060148,-0.582798050083087,-4.84263262628534,0.03108708271517168,-30.148400625169295,-2.813074981944387,0.03108708271517168,-30.148400625169295,-2.813074981944387,0.9231892117056021,-0.6941855855888429,-4.59633432989713
4594594594.594595,0.9356344279252742,-0.5778761224034857,-4.860075370476588,0.02652077873260776,-31.52827455684673,-2.7800744230105177,0.02652077873260776,-31.52827455684673,-2.7800744230105177,0.9238201052139483,-0.6882518076162167,-4.616983909128425
4600600600.6006,0.9361332497123138,-0.5732465830160673,-4.877355877090309,0.022116734067582425,-33.10558008002891,-2.7268064970288637,0.022116734067582425,-33.10558008002891,-2.7268064970288637,0.9244213082156587,-0.682601048933758,-4.637435579221092
4606606606.6066065,0.9366018323105612,-0.5688999385187207,-4.8944757837813135,0.01794165467920869,-34.922750127832785,-2.640301786629974,0.01794165467920869,-34.922750127832785,-2.640301786629974,0.9249936327233195,-0.677225135114366,-4.657690771043417
4612612612.612613,0.9370411400850285,-0.5648268264346054,-4.911436762586648,0.01413292524808288,-36.995358762158105,-2.4961596222034625,0.01413292524808288,-36.995358762158105,-2.4961596222034625,0.9255378887084733,-0.6721159570177406,-4.677750993849573
4618618618.618619,0.9374521264589314,-0.5610180292440425,-4.92824051646452,0.01099176210936637,-39.1786535891466,-2.2509710117244097,0.01099176210936637,-39.1786535891466,-2.2509710117244097,0.92605488212916,-0.667265486673384,-4.697617829392074
4624624624.624624,0.937835732239411,-0.5574644867787738,-4.944888775952325,0.009128695248265904,-40.79182582274544,-1.8604723355977908,0.009128695248265904,-40.79182582274544,-1.8604723355977908,0.9265454131319039,-0.6626657915698568,-4.717292926232749
4630630630.6306305,0.9381928841233248,-0.5541573070714677,-4.961383295947632,0.009247182247628017,-40.67981166031665,-1.3943871241902528,0.009247182247628017,-40.67981166031665,-1.3943871241902528,0.9270102744209554,-0.6583090474315718,-4.736777994257012
4636636636.636637,0.938524493373817,-0.5510877757533802,-4.977725852614895,0.01120788766758237,-39.009524609394944,-1.0295132869674446,0.01120788766758237,-39.009524609394944,-1.0295132869674446,0.9274502497872704,-0.6541875495651074,-4.756074799394647
4642642642.642643,0.9388314546583002,-0.5482473640917191,-4.993918240419957,0.014211192038570866,-36.94738983615756,-0.8054815705607743,0.014211192038570866,-36.94738983615756,-0.8054815705607743,0.9278661127894805,-0.6502937228570544,-4.775185158549288
4648648648.648648,0.9391146450384074,-0.5456277357571095,-5.009962269293478,0.017688449853413658,-35.04620450586084,-0.673054839427784,0.017688449853413658,-35.04620450586084,-0.673054839427784,0.9282586255789714,-0.646620130504781,-4.794110934737457
4654654654.6546545,0.9393749231025683,-0.5432207524090829,-5.025859761923816,0.02137232888186675,-33.402963028467866,-0.5924332541198254,0.02137232888186675,-33.402963028467866,-0.5924332541198254,0.9286285378611158,-0.6431594815604252,-4.812854032437135
4660660660.660661,0.9396131282319481,-0.541018478185329,-5.041612551179085,0.02514114389562535,-31.99229932516022,-0.5418082445558985,0.02514114389562535,-31.99229932516022,-0.5418082445558985,0.9289765859847207,-0.6399046373667523,-4.831416393144736
4666666666.666667,0.9398300799906403,-0.5390131831778395,-5.0572224776577475,0.028935469710343397,-30.77138926655853,-0.5095439610705882,0.028935469710343397,-30.77138926655853,-0.5095439610705882,0.9293034921518017,-0.6368486169616818,-4.8497999911387994
4672672672.672672,0.9400265776312821,-0.5371973459755182,-5.072691387366289,0.032723883819198454,-29.702703157991817,-0.48914442130773883,0.032723883819198454,-29.702703157991817,-0.48914442130773883,0.9296099637399146,-0.6339846015259641,-4.868006829447619
4678678678.6786785,0.9402033997074373,-0.5355636553503327,-5.088021129522332,0.03648862003390189,-28.756851218864444,-0.4767750766189928,0.03648862003390189,-28.756851218864444,-0.4767750766189928,0.9298966927294461,-0.6313059379458381,-4.886038936017744
4684684684.684685,0.940361303784449,-0.5341050111601048,-5.103213554480867,0.04021910464746507,-27.911352036791243,-0.47005224453488753,0.04021910464746507,-27.911352036791243,-0.47005224453488753,0.9301643552284405,-0.6288061415599999,-4.903898360079396
4690690690.690691,0.9405010262407419,-0.5328145245379013,-5.118270511781198,0.04390881249160829,-27.14896616354448,-0.4674261346945527,0.04390881249160829,-27.14896616354448,-0.4674261346945527,0.9304136110877945,-0.6264788981569963,-4.921587168704654
4696696696.696697,0.9406232821519112,-0.5316855174342514,-5.133193848311588,0.04755362907743039,-26.45632668150887,-0.4678498198659926,0.04755362907743039,-26.45632668150887,-0.4678498198659926,0.9306451035998694,-0.6243180652865208,-4.939107443553563
4702702702.7027025,0.9407287652502639,-0.5307115215750514,-5.147985406588645,0.051150945206465806,-25.82292673301117,-0.47059264781543364,0.051150945206465806,-25.82292673301117,-0.47059264781543364,0.9308594592738789,-0.6223176729446457,-4.956461277803246
4708708708.708709,0.9408181479528573,-0.5298862768942897,-5.162647023147987,0.0546991303511639,-25.240391567186244,-0.4751302867536804,0.0546991303511639,-25.240391567186244,-0.4751302867536804,0.93105728768166,-0.6204719236902433,-4.973650773254588
4714714714.714715,0.9408920814514485,-0.5292037294971244,-5.177180527042749,0.05819721261251374,-24.701956312498332,-0.4810773332078574,0.05819721261251374,-24.701956312498332,-0.4810773332078574,0.9312391813677685,-0.6187751922463716,-4.990678037610952
4720720720.72072,0.9409511958581035,-0.5286580292057296,-5.19158773844626,0.061644676664297356,-24.202088420339898,-0.48814455450799377,0.061644676664297356,-24.202088420339898,-0.48814455450799377,0.9314057158181063,-0.6172220246376563,-5.007545181923237
4726726726.726727,0.9409961004006261,-0.5282435267364539,-5.205870467355154,0.06504133184860657,-23.736211485863272,-0.4961109230994933,0.06504133184860657,-23.736211485863272,-0.4961109230994933,0.9315574494816156,-0.6158071369113891,-5.02425431819536
4732732732.732733,0.9410273836622985,-0.5279547705538327,-5.220030512389047,0.06838722347675447,-23.300500565550667,-0.5048048273576828,0.06838722347675447,-23.300500565550667,-0.5048048273576828,0.9316949238398825,-0.614525413487086,-5.040807557144224
4738738738.738739,0.9410456138607757,-0.527786503443826,-5.234069659682964,0.07168257158112475,-22.891728458810583,-0.5140911431223854,0.07168257158112475,-22.891728458810583,-0.5140911431223854,0.9318186635197845,-0.6133719051763894,-5.0572070061082
4744744744.744745,0.9410513391613613,-0.5277336588451971,-5.247989681868579,0.07492772759843652,-22.50714876894408,-0.5238621466390039,0.07492772759843652,-22.50714876894408,-0.5238621466390039,0.9319291764446145,-0.6123418269123723,-5.073454767098099
4750750750.750751,0.941045088020173,-0.5277913569755267,-5.261792337140398,0.07812314306129435,-22.144405848718655,-0.5340310045758655,0.07812314306129435,-22.144405848718655,-0.5340310045758655,0.9320269540194256,-0.6114305552243905,-5.089552934984652
4756756756.756757,0.941027369553084,-0.5279549007849862,-5.27547936840302,0.08126934651467327,-21.80146464774207,-0.5445270294841228,0.08126934651467327,-21.80146464774207,-0.5445270294841228,0.9321124713466072,-0.6106336254921443,-5.105503595816573
4762762762.762763,0.9409986739265973,-0.5282197717687233,-5.289052502495608,0.08436692618297498,-21.476555473015445,-0.555292167783949,0.08436692618297498,-21.476555473015445,-0.555292167783949,0.9321861874679854,-0.6099467290100345,-5.121308825263302
4768768768.768768,0.9409594727671421,-0.5285816256658034,-5.302513449489854,0.08741651673441539,-21.16813005465356,-0.5662783631308523,0.08741651673441539,-21.16813005465356,-0.5662783631308523,0.9322485456300061,-0.6093657098904793,-5.136970687176686
4774774774.774775,0.9409102195855338,-0.5290362880705485,-5.315863902057676,0.09041878901634783,-20.874826275837556,-0.5774455513104729,0.09041878901634783,-20.874826275837556,-0.5774455513104729,0.9322999735688288,-0.6088865618324478,-5.152491232265916
4780780780.780781,0.9408513502136497,-0.5295797499794538,-5.329105534905045,0.09337444198026268,-20.595439611561282,-0.5887601173070398,0.09337444198026268,-20.595439611561282,-0.5887601173070398,0.9323408838123729,-0.6085054247795498,-5.167872496880151
4786786786.786787,0.9407832832505794,-0.5302081632951642,-5.342240004268379,0.09628419624556986,-20.328899812355775,-0.6001936950783905,0.09628419624556986,-20.328899812355775,-0.6001936950783905,0.9323716739966337,-0.6082185814895971,-5.183116501893451
4792792792.792793,0.9407064205158088,-0.5309178363064299,-5.355268947470081,0.09914878890772862,-20.074251725775255,-0.6117222245443404,0.09914878890772862,-20.074251725775255,-0.6117222245443404,0.9323927271937605,-0.608022454036002,-5.198225251686729
4798798798.798799,0.9406211475071811,-0.5317052291614993,-5.368193982529852,0.10196896930424112,-19.830639409913566,-0.6233252037919287,0.10196896930424112,-19.830639409913566,-0.6233252037919287,0.9324044122496449,-0.6079136002591696,-5.213200733221618
4804804804.804805,0.9405278338615957,-0.5325669493505674,-5.381016707828556,0.1047454955276607,-19.597292886955323,-0.6349850909859291,0.1047454955276607,-19.597292886955323,-0.6349850909859291,0.9324070841289295,-0.60788871018461,-5.228044915201311
4810810810.810811,0.9404268338166517,-0.5334997472108675,-5.393738701821501,0.10747913152840467,-19.373517029731865,-0.6466868221923843,0.10747913152840467,-19.373517029731865,-0.6466868221923843,0.9324010842655563,-0.6079446024227351,-5.242759747313563
4816816816.816816,0.9403184866715593,-0.5345005114671031,-5.406361522798102,0.11017064468879613,-19.15868218373275,-0.6584174197580616,0.11017064468879613,-19.15868218373275,-0.6584174197580616,0.9323867409171336,-0.6080782205639095,-5.25734715955125
4822822822.822823,0.9402031172458785,-0.5355662648179181,-5.418886708685096,0.11282080377783497,-18.952216210447755,-0.6701656720296517,0.11282080377783497,-18.952216210447755,-0.6701656720296517,0.9323643695215831,-0.6082866295807726,-5.271809061606072
4828828828.828829,0.9400810363347842,-0.5366941595780262,-5.431315776890431,0.1154303772168609,-18.75359770201404,-0.681921869715381,0.1154303772168609,-18.75359770201404,-0.681921869715381,0.9323342730546595,-0.6085670122487784,-5.286147342331074
4834834834.834835,0.9399525411596836,-0.5378814733845945,-5.443650224185223,0.11800013160166978,-18.56235016678476,-0.6936775875506973,0.11800013160166978,-18.56235016678476,-0.6936775875506973,0.9322967423871027,-0.6089166655944389,-5.3003638692678985
4840840840.840841,0.9398179158132001,-0.5391256049749216,-5.45589152662122,0.12053083043818405,-18.37803702417376,-0.7054255024496755,0.12053083043818405,-18.37803702417376,-0.7054255024496755,0.9322520566402863,-0.6093329973799286,-5.314460488234859
4846846846.846847,0.9396774316976237,-0.540424070041819,-5.468041139481336,0.12302323305755625,-18.20025727757264,-0.7171592412314036,0.12302323305755625,-18.20025727757264,-0.7171592412314036,0.9322004835393869,-0.6098135226313531,-5.328439022972072
4852852852.852853,0.939531347956062,-0.541774497172019,-5.480100497260916,0.1254780936832831,-18.02864175822347,-0.7288732524664256,0.1254780936832831,-18.02864175822347,-0.7288732524664256,0.9321422797631661,-0.6103558602174322,-5.342301274840016
4858858858.858859,0.9393799118956397,-0.5431746238719918,-5.492071013677522,0.12789616062810544,-17.862849852108706,-0.740562698108392,0.12789616062810544,-17.862849852108706,-0.740562698108392,0.932077691289619,-0.6109577294839957,-5.356049022568113
4864864864.864864,0.9392233594021856,-0.5446222926849125,-5.5039540817071835,0.13027817560251373,-17.702566637284352,-0.752223361443906,0.13027817560251373,-17.702566637284352,-0.752223361443906,0.9320069537367773,-0.6116169469494516,-5.369684022050094
4870870870.870871,0.9390619153459355,-0.5461154474017338,-5.5157510736450455,0.13262487311983437,-17.54750037146441,-0.7638515685707907,0.13262487311983437,-17.54750037146441,-0.7638515685707907,0.9319302926981003,-0.6123314230651435,-5.383208006182957
4876876876.876877,0.9388957939778672,-0.5476521293687088,-5.527463341188559,0.13493697998541013,-17.397380279694026,-0.7754441211471169,0.13493697998541013,-17.397380279694026,-0.7754441211471169,0.9318479240719353,-0.6130991590441749,-5.396622684746636
4882882882.882883,0.9387251993163569,-0.5492304738930729,-5.539092215541438,0.13721521485938618,-17.25195460011919,-0.7869982385739429,0.13721521485938618,-17.25195460011919,-0.7869982385739429,0.9317600543846167,-0.6139182437615283,-5.4099297443215155
4888888888.888889,0.9385503255239169,-0.5508487067480995,-5.550639007536639,0.13946028788423018,-17.11098885254836,-0.7985115081090892,0.13946028788423018,-17.11098885254836,-0.7985115081090892,0.9316668811068354,-0.6147868507278503,-5.423130848241158
4894894894.894895,0.9383713572738255,-0.5525051407783207,-5.5621050077768155,0.14167290036942648,-16.9742643000013,-0.809981841676839,0.14167290036942648,-16.9742643000013,-0.809981841676839,0.9315685929629742,-0.6157032351387111,-5.436227636577684
4900900900.900901,0.9381884701065253,-0.5541981726052194,-5.573491486790697,0.14385374452686217,-16.841576577984334,-0.8214074383535455,0.14385374452686217,-16.841576577984334,-0.8214074383535455,0.9314653702331798,-0.6166657310005833,-5.449221726157438
4906906906.906907,0.9380018307757219,-0.5559262794332592,-5.584799695203976,0.14600350325129383,-16.712734470002694,-0.8327867516829246,0.14600350325129383,-16.712734470002694,-0.8327867516829246,0.9313573850479466,-0.6176727483347582,-5.462114710604648
4912912912.912913,0.937811597584134,-0.5576880159559989,-5.596030863923388,0.14812284994102487,-16.587558810962065,-0.8441184611160603,0.14812284994102487,-16.587558810962065,-0.8441184611160603,0.9312448016750947,-0.6187227704595406,-5.4749081604109575
4918918918.918919,0.9376179207089148,-0.5594820113615002,-5.607186204332695,0.1502124483545358,-16.46588150274021,-0.855401446986373,0.1502124483545358,-16.46588150274021,-0.855401446986373,0.9311277767990195,-0.619814351351124,-5.487603623028796
4924924924.924925,0.9374209425167859,-0.561306966436072,-5.618266908499407,0.15227295249931092,-16.347544628417772,-0.8666347685242333,0.15227295249931092,-16.347544628417772,-0.8666347685242333,0.9310064597921393,-0.620946113083191,-5.500202622986692
4930930930.930931,0.9372207978689433,-0.5631616507653108,-5.629274149391111,0.1543050065495545,-16.23239965351723,-0.8778176444936708,0.1543050065495545,-16.23239965351723,-0.8778176444936708,0.9308809929785233,-0.622116743344795,-5.512706662024705
4936936936.936937,0.9370176144158513,-0.5650449000309156,-5.640209081100407,0.15630924478985767,-16.1203067041731,-0.8889494360979605,0.15630924478985767,-16.1203067041731,-0.8889494360979605,0.9307515118896855,-0.6233249930361109,-5.525117219248317
4942942942.942943,0.9368115128820483,-0.5669556134017222,-5.65107283907743,0.1582862915821883,-16.01113391349267,-0.9000296318541434,0.1582862915821883,-16.01113391349267,-0.9000296318541434,0.9306181455125543,-0.6245696739414497,-5.537435751299164
4948948948.948949,0.9366026073410858,-0.5688927510174947,-5.661866540369096,0.16023676135386009,-15.904756828503457,-0.9110578341810576,0.16023676135386009,-15.904756828503457,-0.9110578341810576,0.9304810165296872,-0.6258496564784493,-5.549663692541121
4954954954.954955,0.9363910054807963,-0.5708553315633342,-5.672591283864174,0.16216125860437433,-15.801057871055093,-0.9220337474825664,0.16216125860437433,-15.801057871055093,-0.9220337474825664,0.9303402415517827,-0.627163867522526,-5.561802455260337
4960960960.960961,0.9361768088590351,-0.572842429933104,-5.683248150543422,0.16406037792922654,-15.699925846876306,-0.932957167538875,0.16406037792922654,-15.699925846876306,-0.932957167538875,0.9301959313425666,-0.6285112883054942,-5.573853429877872
4966966966.966967,0.9359601131501171,-0.5748531749795613,-5.693838203734074,0.16593470405897778,-15.601255497701326,-0.9438279720451419,0.16593470405897778,-15.601255497701326,-0.9438279720451419,0.9300481910361715,-0.629890952386893,-5.585817985173751
4972972972.972973,0.935741008382115,-0.5768867473494645,-5.704362489367919,0.1677848119120208,-15.504947091997943,-0.9546461121586277,0.1677848119120208,-15.504947091997943,-0.9546461121586277,0.9298971203471122,-0.6313019436967666,-5.597697468521232
4978978978.978979,0.9355195791652616,-0.5789423774012147,-5.714822036242399,0.16961126665963697,-15.410906050360566,-0.9654116049345572,0.16961126665963697,-15.410906050360566,-0.9654116049345572,0.9297428137729749,-0.6327433946485022,-5.609493206130186
4984984984.984985,0.9352959049116382,-0.5810193432031797,-5.725217856284122,0.17141462380206798,-15.319042602092631,-0.9761245265467978,0.17141462380206798,-15.319042602092631,-0.9761245265467978,0.929585360789979,-0.6342144843199924,-5.621206503298664
4990990990.990991,0.9350700600464062,-0.583116968610201,-5.735550944814207,0.17319542925442155,-15.22927146990417,-0.986785006203006,0.17319542925442155,-15.22927146990417,-0.986785006203006,0.9294248460415302,-0.6357144367018022,-5.632838644671577
4996996996.996997,0.9348421142107717,-0.5852346214164053,-5.74582228081501,0.1749542194413577,-15.141511579997504,-0.9973932206756371,0.1749542194413577,-15.141511579997504,-0.9973932206756371,0.9292613495199311,-0.6372425190105546,-5.644390894505717
5003003003.003003,0.9346121324569359,-0.5873717115818634,-5.756032827197704,0.1766915213995753,-15.055685795119196,-1.0079493893800964,0.1766915213995753,-15.055685795119196,-1.0079493893800964,0.9290949467414052,-0.6387980400659234,-5.655864496940215
5009009009.009009,0.9343801754352472,-0.5895276895310487,-5.766183531070332,0.1784078528872143,-14.9717206684216,-1.018453769939952,0.1784078528872143,-14.9717206684216,-1.018453769939952,0.9289257089145813,-0.6403803487296832,-5.667260676271718
5015015015.015015,0.9341462995737855,-0.5917020445208677,-5.776275324005896,0.180103722499359,-14.889546216210856,-1.0289066541864542,0.180103722499359,-14.889546216210856,-1.0289066541864542,0.9287537031026208,-0.6419888324049596,-5.678580637233525
5021021021.021021,0.9339105572506158,-0.5938943030760209,-5.786309122310153,0.18177962978890166,-14.809095707862468,-1.0393083645460672,0.18177962978890166,-14.809095707862468,-1.0393083645460672,0.9285789923791443,-0.6436229155941169,-5.6898255652780865
5027027027.027027,0.9336729969589213,-0.5961040274897139,-5.796285827288742,0.18343606539207802,-14.730305471366433,-1.049659250775088,0.18343606539207802,-14.730305471366433,-1.049659250775088,0.9284016359781184,-0.6452820585136227,-5.700996626862143
5033033033.033033,0.9334336634652625,-0.5983308143873904,-5.806206325513366,0.18507351115805984,-14.653114713121864,-1.0599596870054446,0.18507351115805984,-14.653114713121864,-1.0599596870054446,0.9282216894378873,-0.6469657557641064,-5.712094969734051
5039039039.039039,0.9331925979611638,-0.6005742933516113,-5.816071489086745,0.186692440282028,-14.577465350742171,-1.0702100690697314,0.186692440282028,-14.577465350742171,-1.0702100690697314,0.9280392047395072,-0.6486735350540147,-5.723121723222665
5045045045.045045,0.9329498382082695,-0.6028341256058164,-5.8258821759060755,0.18829331744120786,-14.503301857755662,-1.080410812077275,0.18829331744120786,-14.503301857755662,-1.080410812077275,0.9278542304395443,-0.6504049559753039,-5.7340779985273596
5051051051.051051,0.9327054186772594,-0.6051100027552005,-5.835639229924757,0.18987659893338021,-14.430571119197214,-1.0905623482161755,0.18987659893338021,-14.430571119197214,-1.0905623482161755,0.9276668117975249,-0.6521596088293296,-5.744964889008681
5057057057.057057,0.9324593706807616,-0.6074016455825135,-5.845343481412203,0.19144273281744037,-14.359222297183718,-1.100665124759046,0.19144273281744037,-14.359222297183718,-1.100665124759046,0.9274769908981756,-0.6539371135015863,-5.75578347047925
5063063063.063063,0.9322117225004561,-0.6097088028969737,-5.8549957472115315,0.19299215905559508,-14.289206705654099,-1.110719602252614,0.19299215905559508,-14.289206705654099,-1.110719602252614,0.9272848067686381,-0.655737118383533,-5.766534801494514
5069069069.069069,0.9319624995085656,-0.6120312504345152,-5.8645968309949446,0.19452530965683984,-14.220477693531553,-1.1207262528734847,0.19452530965683984,-14.220477693531553,-1.1207262528734847,0.9270902954908065,-0.6575592993400637,-5.777219923643006
5075075075.075075,0.9317117242839633,-0.6143687898072174,-5.874147523516694,0.19604260882137212,-14.152990535635873,-1.1306855589342377,0.19604260882137212,-14.152990535635873,-1.1306855589342377,0.92689349030895,-0.6594033587210775,-5.787839861835758
5081081081.081081,0.931459416723045,-0.6167212475006074,-5.88364860286343,0.19754447308564396,-14.086702330734928,-1.1405980115257162,0.19754447308564396,-14.086702330734928,-1.1405980115257162,0.9266944217327724,-0.6612690244157015,-5.798395624594603
5087087087.087088,0.9312055941455964,-0.6190884739166825,-5.893100834701893,0.19903131146777234,-14.021571906180492,-1.150464109282841,0.19903131146777234,-14.021571906180492,-1.150464109282841,0.9264931176360701,-0.6631560489476265,-5.808888204339088
5093093093.093093,0.9309502713958172,-0.6214703424612066,-5.9025049725237615,0.20050352561305293,-13.957559728623373,-1.160284357262521,0.20050352561305293,-13.957559728623373,-1.160284357262521,0.9262896033511133,-0.6650642086103764,-5.819318577671736
5099099099.099099,0.9306934609386807,-0.6238667486736253,-5.911861757887628,0.20196150993934903,-13.89462782034743,-1.1700592659234879,0.20196150993934903,-13.89462782034743,-1.1700592659234879,0.9260839017589273,-0.6669933026408379,-5.829687705661442
5105105105.105105,0.9304351729518117,-0.6262776093979541,-5.921171920657977,0.20340565178214198,-13.832739680802726,-1.1797893501987773,0.20340565178214198,-13.832739680802726,-1.1797893501987773,0.925876033375595,-0.6689431524299139,-5.839996534124792
5111111111.111111,0.9301754154130448,-0.6287028619931523,-5.930436179241134,0.20483633153906375,-13.771860212953577,-1.1894751286526346,0.20483633153906375,-13.771860212953577,-1.1894751286526346,0.9256660164347097,-0.6709136007690848,-5.850245993905134
5117117117.117117,0.9299141941838172,-0.631142463581593,-5.9396552408180945,0.20625392281372917,-13.71195565409119,-1.1991171227142998,0.20625392281372917,-13.71195565409119,-1.1991171227142998,0.9254538669661428,-0.6729045111313332,-5.860437001149226
5123123123.123123,0.9296515130885733,-0.6335963903340032,-5.9488298015742,0.2076587925587184,-13.652993510789209,-1.2087158559819218,0.2076587925587184,-13.652993510789209,-1.2087158559819218,0.9252395988712255,-0.6749157669855099,-5.870570457581294
5129129129.129129,0.9293873739903108,-0.6360646367897295,-5.957960546925643,0.20905130121757629,-13.594942497707407,-1.2182718535905213,0.20905130121757629,-13.594942497707407,-1.2182718535905213,0.9250232239944853,-0.6769472711428186,-5.880647250774416
5135135135.135136,0.9291217768624351,-0.6385472152107842,-5.967048151742719,0.21043180286569116,-13.53777247997373,-1.2277856416383908,0.21043180286569116,-13.53777247997373,-1.2277856416383908,0.92480475219206,-0.678998945134289,-5.890668254419051
5141141141.141141,0.9288547198570394,-0.6410441549686441,-5.9760932805698666,0.21180064534995752,-13.481454418895657,-1.2372577466670014,0.21180064534995752,-13.481454418895657,-1.2372577466670014,0.9245841913969081,-0.6810707286181235,-5.900634328588671
5147147147.147147,0.9285861993697775,-0.6435555019622647,-5.985096587842422,0.21315817042710966,-13.425960320773058,-1.24668869518977,0.21315817042710966,-13.425960320773058,-1.24668869518977,0.9243615476809118,-0.6831625788160244,-5.9105463200023465
5153153153.153153,0.928316210101436,-0.6460813180663754,-5.99405871810012,0.21450471390064854,-13.37126318860191,-1.2560790132656108,0.21450471390064854,-13.37126318860191,-1.2560790132656108,0.9241368253140233,-0.6852744699771207,-5.92040506228425
5159159159.159159,0.9280447451163385,-0.6486216806088384,-6.002980306197315,0.2158406057562811,-13.317336976475193,-1.2654292261134796,0.2158406057562811,-13.317336976475193,-1.2654292261134796,0.9239100268205139,-0.68740639286892,-5.930211376219993
5165165165.165165,0.9277717958977151,-0.6511766818758911,-6.011861977509956,0.21716617029580318,-13.264156546502377,-1.274739857764499,0.21716617029580318,-13.264156546502377,-1.274739857764499,0.923681153032469,-0.6895583542939915,-5.939966070009738
5171171171.171171,0.9274973524001378,-0.6537464286443486,-6.020704348139276,0.21848172626937054,-13.211697628082309,-1.2840114307485238,0.21848172626937054,-13.211697628082309,-1.2840114307485238,0.9234502031405999,-0.6917303766317071,-5.949669939518031
5177177177.177177,0.9272214030991518,-0.6563310417396163,-6.029508025112253,0.21978758700610704,-13.159936779377057,-1.2932444658123257,0.21978758700610704,-13.159936779377057,-1.2932444658123257,0.9232171747424938,-0.693922497403937,-5.959323768520341
5183183183.183184,0.9269439350381873,-0.6589306556187507,-6.03827360657884,0.22108406054300497,-13.10885135084577,-1.3024394816667815,0.22108406054300497,-13.10885135084577,-1.3024394816667815,0.9229820638883662,-0.6961347688641039,-5.968928328946242
5189189189.189189,0.9266649338728867,-0.6615454179773456,-6.047001682005988,0.22237144975208376,-13.05841945070787,-1.3115969947607113,0.22237144975208376,-13.05841945070787,-1.3115969947607113,0.9227448651244364,-0.6983672576084966,-5.9784843811192365
5195195195.195195,0.9263843839129228,-0.6641754893795908,-6.055692832368493,0.22365005246578087,-13.00861991221446,-1.3207175190791753,0.22365005246578087,-13.00861991221446,-1.3207175190791753,0.9225055715339854,-0.7006200442092894,-5.987992673993209
5201201201.201201,0.9261022681614064,-0.6668210429106036,-6.064347630336675,0.22492016160054176,-12.95943226261617,-1.329801565964264,0.22492016160054176,-12.95943226261617,-1.329801565964264,0.9222641747761889,-0.7028932228684341,-5.997453945385469
5207207207.207207,0.9258185683519881,-0.6694822638501158,-6.072966640460949,0.22618206527860274,-12.910836693722757,-1.3388496439565654,0.22618206527860274,-12.910836693722757,-1.3388496439565654,0.9220206651228129,-0.7051869010916251,-6.006868922206418
5213213213.213213,0.9255332649837344,-0.6721593493667798,-6.081550419353312,0.22743604694794647,-12.862814033958083,-1.3478622586556437,0.22743604694794647,-12.862814033958083,-1.3478622586556437,0.9217750314928279,-0.7075011993818153,-6.016238320685827
5219219219.219219,0.9252463373538508,-0.6748525082324817,-6.090099515865756,0.22868238550042153,-12.815345721820506,-1.3568399125979957,0.22868238550042153,-12.815345721820506,-1.3568399125979957,0.9215272614850403,-0.7098362509514095,-6.025562846595716
5225225225.225225,0.9249577635883568,-0.6775619605556816,-6.09861447126569,0.22992135538802488,-12.768413780664892,-1.3657831051510976,0.22992135538802488,-12.768413780664892,-1.3657831051510976,0.9212773414087821,-0.7121922014527429,-6.034843195469877
5231231231.231232,0.9246675206707636,-0.6802879375333877,-6.107095819408381,0.23115322673734706,-12.722000794728384,-1.3746923324222693,0.23115322673734706,-12.722000794728384,-1.3746923324222693,0.9210252563127554,-0.7145692087259912,-6.044080052820039
5237237237.237237,0.9243755844688546,-0.6830306812208219,-6.1155440869064535,0.23237826546217716,-12.676089886327524,-1.383568087181142,0.23237826546217716,-12.676089886327524,-1.383568087181142,0.9207709900120665,-0.7169674425641809,-6.053274094348682
5243243243.243243,0.9240819297596073,-0.6857904443184791,-6.123959793296516,0.23359673337428127,-12.630664694158813,-1.3924108587946928,0.23359673337428127,-12.630664694158813,-1.3924108587946928,0.9205145251135411,-0.7193870844944904,-6.062425986158578
5249249249.249249,0.9237865302523567,-0.6885674899756768,-6.132343451202937,0.2348088882923577,-12.585709352639732,-1.4012211331738118,0.2348088882923577,-12.585709352639732,-1.4012211331738118,0.9202558430393535,-0.7218283275755438,-6.071536384959005
5255255255.255255,0.9234893586102404,-0.6913620916102388,-6.140695566498816,0.23601498414918304,-12.541208472231233,-1.4099993927305035,0.23601498414918304,-12.541208472231233,-1.4099993927305035,0.9199949240490374,-0.7242913762100875,-6.080605938268732
5261261261.261261,0.9231903864699916,-0.6941745327437526,-6.149016638464227,0.23721527109696655,-12.497147120686439,-1.4187461163448951,0.23721527109696655,-12.497147120686439,-1.4187461163448951,0.9197317472599366,-0.7267764459725392,-6.089635284615796
5267267267.267267,0.9228895844601513,-0.6970051068517495,-6.157307159941718,0.23840999561091575,-12.453510805174515,-1.4274617793412236,0.23840999561091575,-12.453510805174515,-1.4274617793412236,0.9194662906661375,-0.729283763451027,-6.098625053734047
5273273273.273273,0.9225869222177332,-0.6998541172285386,-6.165567617489206,0.2395994005910526,-12.410285455230808,-1.4361468534721729,0.2395994005910526,-12.410285455230808,-1.4361468534721729,0.9191985311559363,-0.7318135661034604,-6.1075758667566085
5279279279.27928,0.9222823684034134,-0.7027218768660499,-6.173798491530213,0.24078372546227747,-12.367457406488882,-1.4448018069108015,0.24078372546227747,-12.367457406488882,-1.4448018069108015,0.9189284445278864,-0.7343661021272236,-6.116488336406171
5285285285.285285,0.9219758907152762,-0.7056087083464366,-6.1820002565015955,0.24196320627271892,-12.325013385151614,-1.453427104249554,0.24196320627271892,-12.325013385151614,-1.453427104249554,0.9186560055054689,-0.736941630342121,-6.125363067182263
5291291291.291291,0.9216674559011916,-0.7085149437477535,-6.190173380998729,0.24313807579038463,-12.282940493162,-1.462023206505718,0.24313807579038463,-12.282940493162,-1.462023206505718,0.9183811877504394,-0.7395404200861033,-6.134200655545477
5297297297.2972975,0.9213570297698256,-0.7114409245627429,-6.198318327918252,0.24430856359813535,-12.241226194036582,-1.470590571132855,0.24430856359813535,-12.241226194036582,-1.470590571132855,0.9181039638748698,-0.7421627511236215,-6.143001690098713
5303303303.303303,0.9210445772003822,-0.7143870016298336,-6.2064355545984,0.24547489618701387,-12.199858299326337,-1.479129652037719,0.24547489618701387,-12.199858299326337,-1.479129652037719,0.9178243054519438,-0.7448089135660882,-6.151766751765503
5309309309.309309,0.9207300621510669,-0.7173535350764886,-6.214525512956985,0.24663729704794865,-12.158824955672571,-1.4876408996022306,0.24663729704794865,-12.158824955672571,-1.4876408996022306,0.9175421830255308,-0.7474792078042483,-6.160496413965436
5315315315.315315,0.9204134476663316,-0.7203408942743657,-6.2225886496270615,0.24779598676186204,-12.118114632426856,-1.4961247607100807,0.24779598676186204,-12.118114632426856,-1.4961247607100807,0.9172575661185735,-0.750173944452148,-6.169191242786754
5321321321.3213215,0.9200946958829441,-0.7233494578059364,-6.230625406090345,0.24895118308820746,-12.077716109806246,-1.5045816787776163,0.24895118308820746,-12.077716109806246,-1.5045816787776163,0.9169704232403254,-0.7528934443023981,-6.1778517971561415
5327327327.327328,0.9197737680349121,-0.7263796134423055,-6.23863621880842,0.25010310105196965,-12.037618467556355,-1.5130120937886586,0.25010310105196965,-12.037618467556355,-1.5130120937886586,0.9166807218924685,-0.7556380382924814,-6.186478629005792
5333333333.333333,0.919450624457273,-0.7294317581321659,-6.246621519351788,0.2512519530291479,-11.997811074096926,-1.5214164423329186,0.2512519530291479,-11.997811074096926,-1.5214164423329186,0.9163884285741349,-0.7584080674818992,-6.195072283437764
5339339339.339339,0.9191252245888123,-0.7325062980013454,-6.25458173452682,0.2523979488307596,-11.958283576125597,-1.5297951576477424,0.2523979488307596,-11.958283576125597,-1.5297951576477424,0.9160935087858603,-0.7612038830399426,-6.203633298885715
5345345345.3453455,0.9187975269737215,-0.7356036483628636,-6.262517286500635,0.25354129578538614,-11.919025888657275,-1.538148669662893,0.25354129578538614,-11.919025888657275,-1.538148669662893,0.9157959270325007,-0.7640258462438131,-6.212162207274022
5351351351.351352,0.9184674892622146,-0.7387242337373752,-6.270428592923989,0.2546821988202977,-11.880028185477586,-1.5464774050481351,0.2546821988202977,-11.880028185477586,-1.5464774050481351,0.9154956468251402,-0.766874328486878,-6.220659534174374
5357357357.357357,0.9181350682101532,-0.7418684878835506,-6.278316067052194,0.2558208605411782,-11.84128088999042,-1.5547817872633884,0.2558208605411782,-11.84128088999042,-1.5547817872633884,0.9151926306819832,-0.7697497112971439,-6.229125798959872
5363363363.363363,0.9178002196776778,-0.7450368538384808,-6.286180117864129,0.2569574813104917,-11.802774666440158,-1.5630622366112379,0.2569574813104917,-11.802774666440158,-1.5630622366112379,0.9148868401282994,-0.772652386365351,-6.237561514956699
5369369369.3693695,0.9174628986268843,-0.7482297839677453,-6.2940211501793915,0.2580922593245056,-11.764500411491108,-1.5713191702915932,0.2580922593245056,-11.764500411491108,-1.5713191702915932,0.914578235695397,-0.7755827555829489,-6.245967189593383
5375375375.375376,0.9171230591185479,-0.751447740025204,-6.3018395647736245,0.2592253906890149,-11.726449246146673,-1.5795530024583406,0.2592253906890149,-11.726449246146673,-1.5795530024583406,0.9142667769186712,-0.7785412310895574,-6.25434332454774
5381381381.381382,0.9167806543079472,-0.7546911932220155,-6.309635758492095,0.2603570694937868,-11.688612507992563,-1.5877641442778048,0.2603570694937868,-11.688612507992563,-1.5877641442778048,0.9139524223347232,-0.7815282353299858,-6.2626904158915275
5387387387.387387,0.9164356364397573,-0.7579606243052597,-6.317410124361534,0.26148748788576237,-11.650981743748648,-1.5959530039888696,0.26148748788576237,-11.650981743748648,-1.5959530039888696,0.913635129477589,-0.7845442011204848,-6.271008954232865
5393393393.3933935,0.9160879568420713,-0.7612565236456164,-6.325163051700314,0.26261683614103887,-11.61354870211535,-1.6041199869646248,0.26261683614103887,-11.61354870211535,-1.6041199869646248,0.9133148548740723,-0.7875895717243285,-6.279299424856472
5399399399.3994,0.915737565919542,-0.7645793913342367,-6.3328949262269845,0.2637453027356674,-11.5763053269008,-1.6122654957753912,0.2637453027356674,-11.5763053269008,-1.6122654957753912,0.9129915540382012,-0.7906648009365792,-6.287562307861762
5405405405.405405,0.9153844131456644,-0.7679297372886608,-6.340606130167243,0.2648730744152927,-11.539243750416004,-1.62038993025304,0.2648730744152927,-11.539243750416004,-1.62038993025304,0.9126651814648221,-0.793770353177954,-6.295798078298878
5411411411.411411,0.9150284470542027,-0.7713080813677887,-6.34829704235936,0.26600033626366504,-11.502356287125888,-1.6284936875564615,0.26600033626366504,-11.502356287125888,-1.6284936875564615,0.9123356906223417,-0.7969067035977331,-6.304007206302674
5417417417.417418,0.9146696152297885,-0.7747149534957014,-6.355968038358107,0.26712727177005086,-11.465635427544708,-1.6365771622381007,0.26712727177005086,-11.465635427544708,-1.6365771622381007,0.9120030339446199,-0.8000743381857299,-6.312190157224733
5423423423.423424,0.9143078642976814,-0.7781508937944688,-6.363619490537225,0.26825406289557274,-11.429073832364887,-1.6446407463114625,0.26825406289557274,-11.429073832364887,-1.6446407463114625,0.9116671628220396,-0.8032737538931345,-6.320347391763429
5429429429.42943,0.9139431399127106,-0.7816164527258167,-6.371251768190524,0.26938089013850863,-11.392664326808905,-1.6526848293195224,0.26938089013850863,-11.392664326808905,-1.6526848293195224,0.911328027591728,-0.8065054587625029,-6.328479366092139
5435435435.435435,0.9135753867474093,-0.7851121912415946,-6.378865237631567,0.2705079325985711,-11.356399895194606,-1.6607097984039245,0.2705079325985711,-11.356399895194606,-1.6607097984039245,0.9109855775269696,-0.809769972066578,-6.336586531985581
5441441441.441442,0.9132045484793327,-0.7886386809431916,-6.386460262292082,0.2716353680402062,-11.320273675704286,-1.6687160383749555,0.2716353680402062,-11.320273675704286,-1.6687160383749555,0.9106397608258097,-0.8130678244559997,-6.344669336944418
5447447447.447448,0.9128305677775799,-0.7921965042497526,-6.394037202819052,0.2727633729549228,-11.284278955349265,-1.6767039317821668,0.2727633729549228,-11.284278955349265,-1.6767039317821668,0.9102905245988173,-0.8163995581162542,-6.352728224318058
5453453453.453453,0.9124533862885067,-0.7957862545753878,-6.401596417170597,0.2738921226226966,-11.248409165120934,-1.6846738589856403,0.2738921226226966,-11.248409165120934,-1.6846738589856403,0.9099378148560707,-0.819765726933325,-6.360763633425829
5459459459.459459,0.9120729446206657,-0.7994085365150877,-6.409138260710642,0.27502179117246156,-11.212657875320865,-1.6926261982278274,0.27502179117246156,-11.212657875320865,-1.6926261982278274,0.9095815764933096,-0.8231668966686254,-6.368775999676464
5465465465.465466,0.91168918232892,-0.8030639660399088,-6.41666308630243,0.2761525516417209,-11.177018791062139,-1.7005613257058994,0.2761525516417209,-11.177018791062139,-1.7005613257058994,0.9092217532772959,-0.8266036451428843,-6.3767657546860175
5471471471.471472,0.911302037897789,-0.80675317070095,-6.424171244400922,0.27728457603530393,-11.141485747934759,-1.7084796156445905,0.27728457603530393,-11.141485747934759,-1.7084796156445905,0.9088582878303636,-0.8300765624292317,-6.384733326394214
5477477477.477478,0.9109114487239915,-0.8104767898424976,-6.4316630831441115,0.2784180353832894,-11.106052707828391,-1.716381440369488,0.2784180353832894,-11.106052707828391,-1.716381440369488,0.9084911216141552,-0.8335862510555679,-6.392679139179302
5483483483.483483,0.9105173510981963,-0.814235474824345,-6.439138948443295,0.279553099798125,-11.070713754905885,-1.7242671703807302,0.279553099798125,-11.070713754905885,-1.7242671703807302,0.9081201949125649,-0.8371333262161036,-6.400603613971445
5489489489.48949,0.9101196801859623,-0.8180298892534832,-6.446599184072358,0.2806899385309622,-11.035463091721475,-1.7321371744270915,0.2806899385309622,-11.035463091721475,-1.7321371744270915,0.9077454468138513,-0.8407184159924787,-6.408507168364702
5495495495.495496,0.9097183700079117,-0.8218607092248664,-6.4540441317560635,0.28182872002723486,-11.0002950354777,-1.7399918195804214,0.28182872002723486,-11.0002950354777,-1.7399918195804214,0.9073668151919558,-0.8443421615842066,-6.416390216727628
5501501501.501501,0.90931335341906,-0.8257286235720195,-6.461474131257447,0.2829696119815017,-10.965204014415537,-1.7478314713104166,0.2829696119815017,-10.965204014415537,-1.7478314713104166,0.9069842366869791,-0.8480052175489636,-6.424253170312554
5507507507.507507,0.908904562087362,-0.8296343341270339,-6.468889520464293,0.284112781391576,-10.93018456433244,-1.7556564935597203,0.284112781391576,-10.93018456433244,-1.7556564935597203,0.9065976466848565,-0.85170825205241,-6.432096437363587
5513513513.513514,0.9084919264714424,-0.8335785559903025,-6.476290635474773,0.2852583946119656,-10.89523132522315,-1.7634672488193093,0.2852583946119656,-10.89523132522315,-1.7634672488193093,0.9062069792961891,-0.8554519471280453,-6.439920423223366
5519519519.51952,0.9080753757974925,-0.8375620178102816,-6.483677810682246,0.28640661740664364,-10.860339038038605,-1.771264098204164,0.28640661740664364,-10.860339038038605,-1.771264098204164,0.9058121673342364,-0.8592369989471205,-6.447725530438608
5525525525.525526,0.9076548380353483,-0.8415854620732119,-6.49105137885929,0.28755761500117294,-10.825502541558176,-1.77904740152923,0.28755761500117294,-10.825502541558176,-1.77904740152923,0.9054131422920795,-0.8630641180986155,-6.455512158864517
5531531531.531531,0.9072302398737326,-0.8456496454030507,-6.498411671240973,0.28871155213420346,-10.790716769371045,-1.7868175173856302,0.28871155213420346,-10.790716769371045,-1.7868175173856302,0.9050098343189059,-0.866934029879832,-6.463280705768063
5537537537.537538,0.9068015066946404,-0.8497553388719254,-6.505759017607408,0.2898685931083629,-10.755976746962464,-1.794574803217145,0.2898685931083629,-10.755976746962464,-1.794574803217145,0.9046021721954592,-0.870847474597296,-6.471031565930194
5543543543.543544,0.9063685625468787,-0.8539033283210846,-6.5130937463656275,0.2910289018405613,-10.721277588900957,-1.8023196153969485,0.2910289018405613,-10.721277588900957,-1.8023196153969485,0.9041900833085909,-0.874805207878659,-6.478765131747006
5549549549.549549,0.9059313301187322,-0.8580944146927354,-6.520416184630798,0.29219264191172667,-10.686614496122747,-1.8100523093045873,0.29219264191172667,-10.686614496122747,-1.8100523093045873,0.9037734936249451,-0.8788080009954087,-6.48648179332992
5555555555.555555,0.9054897307097511,-0.8623294143729054,-6.5277266583068325,0.2933599766159946,-10.651982753309648,-1.8177732394032358,0.2933599766159946,-10.651982753309648,-1.8177732394032358,0.9033523276637384,-0.8828566411968699,-6.494181938604906
5561561561.561562,0.9050436842016483,-0.8666091595455712,-6.5350254921664055,0.294531069009363,-10.617377726357248,-1.8254827593171825,0.294531069009363,-10.617377726357248,-1.8254827593171825,0.9029265084686293,-0.8869519320556434,-6.501865953410787
5567567567.567568,0.9045931090282857,-0.8709344985583446,-6.542313009930407,0.29570608195783554,-10.582794859929878,-1.8331812219095873,0.29570608195783554,-10.582794859929878,-1.8331812219095873,0.9024959575786702,-0.8910946938246793,-6.50953422159666
5573573573.573574,0.9041379221447422,-0.875306296299943,-6.549589534346897,0.2968851781850696,-10.548229675099376,-1.840868979360506,0.2968851781850696,-10.548229675099376,-1.840868979360506,0.9020605949983173,-0.8952857638063392,-6.517187125118485
5579579579.579579,0.9036780389954516,-0.8797254345896488,-6.556855387269546,0.29806852031954145,-10.513677767064664,-1.8485463832451732,0.29806852031954145,-10.513677767064664,-1.8485463832451732,0.9016203391664882,-0.8995259967336728,-6.524825044134863
5585585585.585586,0.9032133734813775,-0.8841928125792329,-6.564110889735626,0.29925627094124896,-10.479134802949286,-1.856213784612569,0.29925627094124896,-10.479134802949286,-1.856213784612569,0.90117510692465,-0.9038162651642095,-6.532448357102045
5591591591.591592,0.9027438379262258,-0.8887093471674581,-6.571356362043557,0.3004485926279624,-10.444596519674292,-1.8638715340642706,0.3004485926279624,-10.444596519674292,-1.8638715340642706,0.9007248134839281,-0.9081574598864844,-6.540057440868211
5597597597.597597,0.9022693430416674,-0.8932759734275788,-6.578592123830066,0.301645648001044,-10.410058721903708,-1.8715199818335964,0.301645648001044,-10.410058721903708,-1.8715199818335964,0.9002693723911915,-0.912550490339888,-6.5476526707670555
5603603603.603603,0.901789797891558,-0.8978936450481083,-6.5858184941469675,0.30284759977084447,-10.375517280060368,-1.879159477865068,0.30284759977084447,-10.375517280060368,-1.879159477865068,0.8998086954941411,-0.9169962850477189,-6.55523442071071
5609609609.60961,0.9013051098551237,-0.9025633347873147,-6.593035791537588,0.30405461078169077,-10.340968128409678,-1.8867903718941734,0.30405461078169077,-10.340968128409678,-1.8867903718941734,0.8993426929053288,-0.9214957920642941,-6.562803063282038
5615615615.615616,0.9008151845891146,-0.907286034941584,-6.600244334112893,0.3052668440564822,-10.306407263209014,-1.8944130135274908,0.3052668440564822,-10.306407263209014,-1.8944130135274908,0.8988712729651348,-0.9260499794360205,-6.570358969826344
5621621621.621622,0.9003199259888688,-0.9120627578283795,-6.607444439627311,0.30648446284090064,-10.271830740920787,-1.9020277523231277,0.30648446284090064,-10.271830740920787,-1.9020277523231277,0.8983943422036447,-0.930659835677164,-6.5779025105425175
5627627627.627627,0.899819236148307,-0.9168945362837787,-6.614636425554296,0.30770763064725065,-10.237234676487056,-1.9096349378715498,0.30770763064725065,-10.237234676487056,-1.9096349378715498,0.8979118053014221,-0.9353263702605199,-6.585434054573655
5633633633.633634,0.8993130153188015,-0.9217824241753143,-6.621820609161666,0.3089365112979386,-10.202615241663777,-1.9172349198767795,0.3089365112979386,-10.202615241663777,-1.9172349198767795,0.8974235650491598,-0.9400506141233572,-6.592953970097194
5639639639.63964,0.8988011618669066,-0.9267274969304456,-6.628997307586721,0.3101712689685989,-10.167968663412967,-1.9248280482379811,0.3101712689685989,-10.167968663412967,-1.9248280482379811,0.8969295223061606,-0.9448336201892787,-6.600462624414576
5645645645.645645,0.8982835722309277,-0.931730852081073,-6.636166837911185,0.31141206823088113,-10.133291222350868,-1.9324146731314809,0.31141206823088113,-10.133291222350868,-1.9324146731314809,0.8964295759576503,-0.9496764639062036,-6.6079603840404975
5651651651.651651,0.897760140876304,-0.9367936098245545,-6.643329517235988,0.3126590740949027,-10.098579251250586,-1.9399951450932043,0.3126590740949027,-10.098579251250586,-1.9399951450932043,0.8959236228708753,-0.9545802438011106,-6.615447614791745
5657657657.657658,0.8972307602497657,-0.9419169136018268,-6.650485662755915,0.31391245205137347,-10.063829133597688,-1.947569815101563,0.31391245205137347,-10.063829133597688,-1.947569815101563,0.89541155784997,-0.9595460820519458,-6.6229246818756815
5663663663.663664,0.8966953207322538,-0.9471019306929749,-6.657635591834147,0.31517236811340454,-10.029037302197102,-1.9551390346608286,0.31517236811340454,-10.029037302197102,-1.9551390346608286,0.8948932735895654,-0.9645751250771615,-6.63039194997838
5669669669.66967,0.8961537105905608,-0.9523498528308914,-6.6647796220767255,0.3164389888580034,-9.994200237830007,-1.9627031558849888,0.3164389888580034,-9.994200237830007,-1.9627031558849888,0.8943686606271031,-0.969668544143517,-6.637849783352465
5675675675.675675,0.8956058159276693,-0.9576618968335111,-6.671918071406946,0.31771248146726044,-9.959314467959414,-1.9702625315821165,0.31771248146726044,-9.959314467959414,-1.9702625315821165,0.8938376072938234,-0.9748275359926624,-6.645298545904671
5681681681.681682,0.8950515206317526,-0.9630393052552235,-6.679051258139717,0.3189930137692339,-9.924376565483042,-1.9778175153392819,0.3189930137692339,-9.924376565483042,-1.9778175153392819,0.8932999996644136,-0.980053323486932,-6.6527386012831435
5687687687.687688,0.8944907063238132,-0.9684833470579833,-6.686179501055914,0.32028075427853336,-9.889383147532449,-1.9853684616080134,0.32028075427853336,-9.889383147532449,-1.9853684616080134,0.8927557215052615,-0.9853471562751381,-6.660170312964534
5693693693.693693,0.8939232523039088,-0.9739953183028883,-6.693303119476718,0.3215758722366064,-9.854330874317153,-1.9929157257903434,0.3215758722366064,-9.854330874317153,-1.9929157257903434,0.8922046542212966,-0.99071031147884,-6.667594044340882
5699699699.699699,0.893349035495959,-0.9795765428626024,-6.70042243333801,0.3228785376517311,-9.819216448012703,-2.0004596643254637,0.3228785376517311,-9.819216448012703,-2.0004596643254637,0.8916466768013768,-0.9961440943997951,-6.675010158806353
5705705705.705706,0.8927679303910654,-0.985228373155592,-6.707537763264789,0.3241889213387105,-9.784036611691786,-2.008000634776991,0.3241889213387105,-9.784036611691786,-2.008000634776991,0.8910816657621916,-1.0016498392491924,-6.682419019843807
5711711711.711712,0.8921798089893401,-0.9909521909025507,-6.714649430645674,0.32550719495827424,-9.74878814829726,-2.015538995920906,0.32550719495827424,-9.74878814829726,-2.015538995920906,0.8905094950906406,-1.0072289098994038,-6.689820991111278
5717717717.717718,0.8915845407401709,-0.9967494079060725,-6.721757757707502,0.3268335310561826,-9.71346787965632,-2.023075107834156,0.3268335310561826,-9.71346787965632,-2.023075107834156,0.8899300361846496,-1.0128827006589634,-6.697216436528345
5723723723.723723,0.890981992480928,-1.0026214668538715,-6.72886306759,0.3281681031020275,-9.678072665535058,-2.030609331983954,0.3281681031020275,-9.678072665535058,-2.030609331983954,0.8893431577923893,-1.0186126370714916,-6.7046057203624425
5729729729.72973,0.8903720283740258,-1.0085698421467901,-6.73596568442062,0.329511085527734,-9.642599402732394,-2.03814203131782,0.329511085527734,-9.642599402732394,-2.03814203131782,0.8887487259498553,-1.024420176739334,-6.711989207315123
5735735735.735736,0.8897545098423277,-1.0145960407521029,-6.743065933389499,0.33086265376575047,-9.607045024212878,-2.045673570354353,0.33086265376575047,-9.607045024212878,-2.045673570354353,0.8881466039167683,-1.0303068101727342,-6.719367262608302
5741741741.741742,0.8891292955028592,-1.0207016030828724,-6.750164140824568,0.3322229842869239,-9.571406498277591,-2.053204315274799,0.3322229842869239,-9.571406498277591,-2.053204315274799,0.8875366521107503,-1.0362740616653674,-6.726740252070497
5747747747.747747,0.8884962410987467,-1.0268881039046123,-6.757260634266863,0.33359225463805187,-9.53568082777256,-2.0607346340154082,0.33359225463805187,-9.53568082777256,-2.0607346340154082,0.8869187280397401,-1.0423234901970637,-6.734108542223097
5753753753.753754,0.8878551994293868,-1.033157153269658,-6.764355742546,0.33497064347910466,-9.499865049334032,-2.068264896360638,0.33497064347910466,-9.499865049334032,-2.068264896360638,0.8862926862325952,-1.0484566903646724,-6.741472500366663
5759759759.75976,0.8872060202787613,-1.0395103974805708,-6.771449795855871,0.3363583306201026,-9.463956232670224,-2.075795474037189,0.3363583306201026,-9.463956232670224,-2.075795474037189,0.8856583781678354,-1.0546752933419943,-6.748832494667302
5765765765.765766,0.8865485503418757,-1.0459495200832798,-6.778543125830542,0.3377554970576389,-9.427951479878999,-2.0833267408089426,0.3377554970576389,-9.427951479878999,-2.0833267408089426,0.8850156522005015,-1.0609809678695692,-6.756188894243099
5771771771.771772,0.8858826331492601,-1.0524762428911136,-6.7856360656203965,0.33916232501103527,-9.391847924801016,-2.0908590725727993,0.33916232501103527,-9.391847924801016,-2.0908590725727993,0.884364353487041,-1.0673754212756745,-6.763542069250662
5777777777.777778,0.8852081089894864,-1.0590923270407036,-6.7927289499685015,0.3405789979581145,-9.355642732408015,-2.0983928474554534,0.3405789979581145,-9.355642732408015,-2.0983928474554534,0.8837043239082106,-1.0738604005292336,-6.770892390971773
5783783783.783784,0.8845248148296558,-1.0657995740808193,-6.79982211528724,0.3420057006705721,-9.319333098225895,-2.1059284459111316,0.3420057006705721,-9.319333098225895,-2.1059284459111316,0.8830354019899237,-1.0804376933258897,-6.778240231900165
5789789789.78979,0.8838325842338,-1.0725998270952817,-6.806915899735192,0.34344261924892794,-9.282916247792333,-2.1134662508203204,0.34344261924892794,-9.282916247792333,-2.1134662508203204,0.8823574228219975,-1.0871091292083244,-6.785585965828439
5795795795.795795,0.8831312472791468,-1.0794949718610922,-6.814010643294274,0.3448899411570386,-9.246389436148638,-2.1210066475894993,0.3448899411570386,-9.246389436148638,-2.1210066475894993,0.8816702179747476,-1.0938765807219681,-6.792929967935125
5801801801.801802,0.8824206304701838,-1.0864869380431081,-6.8211066878471796,0.34634785525614964,-9.209749947365616,-2.128550024251949,0.34634785525614964,-9.209749947365616,-2.128550024251949,0.8809736154133643,-1.1007419646074297,-6.800272614871939
5807807807.807808,0.8817005566504938,-1.0935777004262133,-6.828204377255048,0.347816551838455,-9.172995094103499,-2.136096771569576,0.347816551838455,-9.172995094103499,-2.136096771569576,0.8802674394100426,-1.1077072430306185,-6.807614284851159
5813813813.813814,0.8809708449122604,-1.1007692801867481,-6.83530405743547,0.3492962226601483,-9.136122217205497,-2.1436472831358833,0.3492962226601483,-9.136122217205497,-2.1436472831358833,0.8795515104537711,-1.1147744248522575,-6.814955357733237
5819819819.81982,0.8802313105034381,-1.1080637462040182,-6.842406076440724,0.35078706097392665,-9.099128685325208,-2.1512019554800363,0.35078706097392665,-9.099128685325208,-2.1512019554800363,0.8788256451577574,-1.1219455669377685,-6.822296215114567
5825825825.825826,0.8794817647324811,-1.1154632164137541,-6.849510784536327,0.35228926156092155,-9.062011894587675,-2.1587611881720794,0.35228926156092155,-9.062011894587675,-2.1587611881720794,0.8780896561644022,-1.1292227755092308,-6.829637240415461
5831831831.831832,0.8787220148705962,-1.1229698592047241,-6.856618534279844,0.3538030207620204,-9.024769268284189,-2.166325383929333,0.3538030207620204,-9.024769268284189,-2.166325383929333,0.877343352047785,-1.1366082075406334,-6.83697881896831
5837837837.837838,0.8779518640514602,-1.1305858948599838,-6.863729680599982,0.3553285365085408,-8.987398256600914,-2.173894948723978,0.3553285365085408,-8.987398256600914,-2.173894948723978,0.8765865372135797,-1.1441040721981484,-6.844321338105956
5843843843.843843,0.8771711111683125,-1.1383135970446054,-6.870844580875948,0.35686600835222076,-8.949896336381379,-2.181470291891869,0.35686600835222076,-8.949896336381379,-2.181470291891869,0.8758190117963484,-1.1517126323268638,-6.851665187250249
5849849849.84985,0.8763795507683954,-1.1461552943411526,-6.877963595017081,0.3584156374944835,-8.912261010922979,-2.189051826242605,0.3584156374944835,-8.912261010922979,-2.189051826242605,0.875040571554149,-1.15943620598564,-6.859010758000811
5855855855.855856,0.8755769729446444,-1.1541133718349186,-6.885087085542705,0.3599776268149241,-8.874489809807832,-2.196639968170851,0.3599776268149241,-8.874489809807832,-2.196639968170851,0.8742510077603846,-1.1672771680318457,-6.866358444223974
5861861861.861862,0.8747631632245847,-1.162190272750468,-6.892215417662249,0.36155218089898006,-8.836580288767973,-2.2042351377689684,0.36155218089898006,-8.836580288767973,-2.2042351377689684,0.8734501070928281,-1.1752379517577218,-6.873708642141922
5867867867.867868,0.8739379024563467,-1.1703885001414949,-6.899348959355571,0.3631395060647233,-8.798530029585452,-2.2118377589409546,0.3631395060647233,-8.798530029585452,-2.2118377589409546,0.8726376515197646,-1.183321050580145,-6.881061750421974
5873873873.873874,0.8731009666917512,-1.1787106186357283,-6.906488081453486,0.36473981038872766,-8.760336640027388,-2.219448259517722,0.36473981038872766,-8.760336640027388,-2.219448259517722,0.8718134181831662,-1.1915290197858166,-6.888418170266059
5879879879.87988,0.87225212706638,-1.1871592562369822,-6.913633157718484,0.36635330373094666,-8.721997753816538,-2.2270670713737415,0.36635330373094666,-8.721997753816538,-2.2270670713737415,0.8709771792788478,-1.1998644783337087,-6.89577830550031
5885885885.885886,0.8713911496765679,-1.1957371061863542,-6.920784564925585,0.36798019775853774,-8.683511030637781,-2.2346946305450444,0.36798019775853774,-8.683511030637781,-2.2346946305450444,0.8701287019335094,-1.2083301107170437,-6.903142562664787
5891891891.8918915,0.8705177954532335,-1.2044469288848065,-6.927942682943343,0.36962070596857444,-8.64487415618081,-2.242331377348645,0.36962070596857444,-8.64487415618081,-2.242331377348645,0.8692677480786148,-1.2169286688867351,-6.910511351103312
5897897897.897898,0.8696318200325006,-1.2132915538791003,-6.935107894814929,0.37127504370956294,-8.606084842219802,-2.249977756503358,0.37127504370956294,-8.606084842219802,-2.249977756503358,0.8683940743210202,-1.2256629742386436,-6.917885083053372
5903903903.903904,0.8687329736230036,-1.222273881913733,-6.94228058683929,0.3729434282016993,-8.567140826730354,-2.2576342172520505,0.3729434282016993,-8.567140826730354,-2.2576342172520505,0.8675074318102824,-1.2345359196669374,-6.9252641737360685
5909909909.90991,0.8678210008698259,-1.2313968870510266,-6.949461148652306,0.3746260785557776,-8.528039874044516,-2.265301213485332,0.3746260785557776,-8.528039874044516,-2.265301213485332,0.8666075661025686,-1.2435504716859882,-6.932649041446078
5915915915.915916,0.8668956407149915,-1.2406636188619193,-6.95664997330794,0.3763232157906691,-8.488779775044419,-2.2729792038667074,0.3763232157906691,-8.488779775044419,-2.2729792038667074,0.8656942170211037,-1.2527096726231872,-6.940040107641597
5921921921.921922,0.8659566262544259,-1.2500772046901236,-6.963847457359306,0.3780350628492815,-8.449358347395233,-2.280668651959186,0.3780350628492815,-8.449358347395233,-2.280668651959186,0.8647671185130554,-1.2620166428855317,-6.94743779703421
5927927927.927928,0.865003684591319,-1.259640851992275,-6.97105400093962,0.3797618446129011,-8.409773435818227,-2.288370026353374,0.3797618446129011,-8.409773435818227,-2.288370026353374,0.8638259985028083,-1.2714745833023944,-6.954842537678655
5933933933.933934,0.8640365366858092,-1.2693578507568912,-6.9782700078429425,0.38150378791381717,-8.370022912404723,-2.296083800797043,0.38150378791381717,-8.370022912404723,-2.296083800797043,0.8628705787415278,-1.2810867775475177,-6.9622547610624075
5939939939.9399395,0.8630548972009076,-1.279231576005119,-6.98549588560469,0.38326112154611847,-8.330104676971837,-2.3038104543261744,0.38326112154611847,-8.330104676971837,-2.3038104543261744,0.8619005746529442,-1.2908565946430892,-6.969674902195052
5945945945.945946,0.862058474344601,-1.2892654903761427,-6.992732045581814,0.38503407627455705,-8.29001665746073,-2.311550471397514,0.38503407627455705,-8.29001665746073,-2.311550471397514,0.8609156951752877,-1.300787491548843,-6.977103399697365
5951951951.951952,0.8610469697080335,-1.2994631468006306,-6.999978903032572,0.38682288484134747,-8.2497568103786,-2.319304342022587,0.38682288484134747,-8.2497568103786,-2.319304342022587,0.8599156425992805,-1.31088301583953,-6.984540695890028
5957957957.957958,0.860020078099709,-1.3098281912653138,-7.007236877195825,0.3886277819707836,-8.209323121285193,-2.327072561903213,0.3886277819707836,-8.209323121285193,-2.327072561903213,0.8589001124021135,-1.3211468084740114,-6.991987236881934
5963963963.963964,0.8589774873756348,-1.320364365672154,-7.014506391369752,0.39044900437153585,-8.168713605325008,-2.334855632568489,0.39044900437153585,-8.168713605325008,-2.334855632568489,0.8578687930773474,-1.3315826066592056,-6.999443472657944
5969969969.96997,0.8579188782653145,-1.3310755107958028,-7.02178787298988,0.3922867907364857,-8.127926307806314,-2.3426540615132327,0.3922867907364857,-8.127926307806314,-2.3426540615132327,0.8568213659606345,-1.3421942468127714,-7.006909857166053
5975975975.975976,0.8568439241935468,-1.3419655693427393,-7.029081753706345,0.3941413817399527,-8.086959304828103,-2.350468362337891,0.3941413817399527,-8.086959304828103,-2.350468362337891,0.8557575050512048,-1.35298566762801,-7.014386848403856
5981981981.981982,0.855752291097921,-1.353038589116282,-7.03638846946023,0.39601302003215233,-8.045810703956281,-2.358299054889864,0.39601302003215233,-8.045810703956281,-2.358299054889864,0.8546768768290367,-1.3639609132449273,-7.0218749085041745
5987987987.9879875,0.8546436372419666,-1.3642987262911823,-7.043708460558891,0.3979019502307201,-8.004478644950368,-2.3661466654062457,0.3979019502307201,-8.004478644950368,-2.3661466654062457,0.8535791400676379,-1.3751241365314761,-7.029374503819773
5993993993.993994,0.8535176130238733,-1.375750248802101,-7.05104217175011,0.3998084189091304,-7.962961300541988,-2.374011726657964,0.3998084189091304,-7.962961300541988,-2.374011726657964,0.8524639456423658,-1.3864796024791661,-7.036886105007016
6000000000.0,0.8523738607807018,-1.3873975398503986,-7.058390052294942,0.401732674581817,-7.921256877266778,-2.381894778095244,0.401732674581817,-7.921256877266778,-2.381894778095244,0.8513309363342172,-1.3980316917173972,-7.044410187108316
6006006006.006006,0.8512120145880545,-1.3992451015334084,-7.065752556039083,0.4036749676858143,-7.879363616350887,-2.3897963659944157,0.4036749676858143,-7.879363616350887,-2.3897963659944157,0.8501797466290247,-1.409784904151007,-7.051947229633257
6012012012.0120125,0.8500317000551016,-1.411297558601308,-7.073130141482604,0.4056355505586991,-7.837279794653961,-2.397717043605969,0.4056355505586991,-7.837279794653961,-2.397717043605969,0.8490100025119901,-1.421743862725823,-7.059497716638202
6018018018.018018,0.8488325341149264,-1.4235596623462232,-7.080523271847863,0.4076146774126334,-7.795003725669903,-2.4056573713038554,0.4076146774126334,-7.795003725669903,-2.4056573713038554,0.8478213212574945,-1.4339133173270977,-7.067062136804246
6024024024.024024,0.8476141248101375,-1.436036294628623,-7.087932415145392,0.409612604304272,-7.752533760587285,-2.4136179167359497,0.409612604304272,-7.752533760587285,-2.4136179167359497,0.8466133112141334,-1.446298148815923,-7.074640983513299
6030030030.03003,0.8463760710736804,-1.4487324720464647,-7.095358044237542,0.4116295891002974,-7.709868289411159,-2.4215992549756127,0.4116295891002974,-7.709868289411159,-2.4215992549756127,0.8453855715849145,-1.4589033732090129,-7.082234754922107
6036036036.036036,0.8451179625048107,-1.4616533502525009,-7.102800636899694,0.41366589143834054,-7.667005742147889,-2.4296019686743113,0.41366589143834054,-7.667005742147889,-2.4296019686743113,0.8441376922025826,-1.4717341460072932,-7.089843954034025
6042042042.042042,0.8438393791401844,-1.4748042284255327,-7.110260675878747,0.4157217726830141,-7.623944590055124,-2.437626648215194,0.4157217726830141,-7.623944590055124,-2.437626648215194,0.8428692533000054,-1.4847957666793132,-7.097469088768284
6048048048.048048,0.8425398912200368,-1.488190553901501,-7.117738648948633,0.4177974958767861,-7.580683346958766,-2.4456738918675223,0.4177974958767861,-7.580683346958766,-2.4456738918675223,0.8415798252756167,-1.4980936833051375,-7.1051106720264885
6054054054.054054,0.8412190589494078,-1.5018179269708096,-7.125235048962614,0.4198933256854098,-7.537220570638874,-2.4537443059419277,0.4198933256854098,-7.537220570638874,-2.4537443059419277,0.8402689684538517,-1.5116334973873697,-7.112769221756143
6060060060.0600605,0.8398764322543996,-1.5156921058482618,-7.1327503739020175,0.4220095283375975,-7.493554864286719,-2.4618385049463125,0.4220095283375975,-7.493554864286719,-2.4618385049463125,0.8389362328405756,-1.52542096883557,-7.120445261010861
6066066066.066066,0.8385115505334634,-1.5298190118222879,-7.140285126921098,0.42414637155862167,-7.449684878035162,-2.4699571117423322,0.42414637155862167,-7.449684878035162,-2.4699571117423322,0.8375811578734816,-1.539462021130982,-7.128139318006974
6072072072.072072,0.8371239424036845,-1.5442047345907852,-7.147839816387718,0.42630412449751576,-7.405609310564439,-2.4781007577023266,0.42630412449751576,-7.405609310564439,-2.4781007577023266,0.8362032721674421,-1.553762746678752,-7.135851926176238
6078078078.078078,0.8357131254420976,-1.558855537790622,-7.155414955919423,0.42848305764751315,-7.3613269107858725,-2.4862700828665427,0.42848305764751315,-7.3613269107858725,-2.4862700828665427,0.8348020932548361,-1.5683294123548441,-7.143583624214251
6084084084.084084,0.8342786059220435,-1.5737778647285334,-7.163011064414552,0.4306834427593594,-7.316836479605875,-2.4944657361005156,0.4306834427593594,-7.316836479605875,-2.4944657361005156,0.8333771273208548,-1.5831684652554938,-7.151334956124224
6090090090.09009,0.8328198785445744,-1.5889783443215857,-7.170628666077978,0.4329055527471269,-7.272136871772414,-2.5026883752524713,0.4329055527471269,-7.272136871772414,-2.5026883752524713,0.8319278689338143,-1.5982865386571903,-7.159106471255716
6096096096.096096,0.8313364261649826,-1.6044637972551983,-7.178268290440985,0.43514966158610524,-7.227226997806975,-2.5109386673105205,0.43514966158610524,-7.227226997806975,-2.5109386673105205,0.8304538007705095,-1.6136904581956426,-7.166898724337896
6102102102.102102,0.8298277195144872,-1.6202412423675954,-7.185930472374825,0.43741604420236585,-7.182105826024207,-2.519217288559503,0.43741604420236585,-7.182105826024207,-2.519217288559503,0.8289543933366742,-1.6293872482723237,-7.174712275506876
6108108108.1081085,0.8282932169171497,-1.6363179032697375,-7.193615752097477,0.43970497635355205,-7.13677238464213,-2.5275249247372678,0.43970497635355205,-7.13677238464213,-2.5275249247372678,0.8274291046826091,-1.645384138697803,-7.18254769032662
6114114114.114115,0.8267323640021291,-1.6527012152099312,-7.20132467517297,0.44201673450043144,-7.091225763985695,-2.535862271190141,0.44201673450043144,-7.091225763985695,-2.535862271190141,0.8258773801140658,-1.6616885715813237,-7.190405539802921
6120120120.12012,0.8251445934113552,-1.6693988321932294,-7.20905779250279,0.4443515956687334,-7.045465118786441,-2.544230033027371,0.4443515956687334,-7.045465118786441,-2.544230033027371,0.8242986518984878,-1.6783082084765832,-7.19828640038988
6126126126.126126,0.8235293245027681,-1.6864186343656629,-7.216815660308687,0.44670983730076985,-6.999489670581166,-2.5526289252743015,0.44670983730076985,-6.999489670581166,-2.5526289252743015,0.8226923389667393,-1.6952509377939962,-7.206190853988296
6132132132.132133,0.8218859630492724,-1.7037687356740085,-7.224598840106198,0.4490917370963102,-6.953298710212628,-2.5610596730239545,0.4490917370963102,-6.953298710212628,-2.5610596730239545,0.8210578466104641,-1.7125248824902441,-7.214119487935335
6138138138.138138,0.8202139009335694,-1.72145749181233,-7.232407898668254,0.45149757284216346,-6.906891600435352,-2.569523011586764,0.45149757284216346,-6.906891600435352,-2.569523011586764,0.8193945661752524,-1.730138408046309,-7.22207289498477
6144144144.144144,0.8185125158390761,-1.7394935084668308,-7.240243407978024,0.4539276222299043,-6.860267778629496,-2.5780196866381337,0.4539276222299043,-6.860267778629496,-2.5780196866381337,0.8177018747497936,-1.748100130745902,-7.230051673277128
6150150150.15015,0.8167811709371554,-1.7578856498711957,-7.248105945170256,0.45638216266113757,-6.813426759626146,-2.586550454363458,0.45638216266113757,-6.813426759626146,-2.586550454363458,0.8159791348512597,-1.766418926266329,-7.23805642629892
6156156156.156157,0.8150192145709154,-1.7766430476850494,-7.2559960924602045,0.4588614710396913,-6.766368138647124,-2.595116081600261,0.4588614710396913,-6.766368138647124,-2.595116081600261,0.8142256941071603,-1.7851039385947085,-7.246087762830131
6162162162.162163,0.8132259799358688,-1.7957751102087716,-7.263914437059265,0.46136582355009,-6.719091594362672,-2.6037173459770546,0.46136582355009,-6.719091594362672,-2.6037173459770546,0.8124408849339575,-1.804164589282876,-7.254146296879142
6168168168.168168,0.8114007847577729,-1.8152915319484795,-7.271861571076305,0.46389549542164044,-6.671596892070294,-2.612355036048483,0.46389549542164044,-6.671596892070294,-2.612355036048483,0.8106240242127601,-1.823610587054938,-7.262232647604082
6174174174.174174,0.8095429309680201,-1.8352023035455411,-7.2798380914036676,0.4664507606774366,-6.623883886998154,-2.6210299514263338,0.4664507606774366,-6.623883886998154,-2.6210299514263338,0.8087744129624543,-1.843451937782043,-7.270347439219672
6180180180.18018,0.8076517043769766,-1.8555177220856898,-7.2878445995867205,0.4690318918675568,-6.575952527736497,-2.6297429029059045,0.4690318918675568,-6.575952527736497,-2.6297429029059045,0.806891336010672,-1.863698954839558,-7.278491300888438
6186186186.186186,0.8057263743457099,-1.8762484018035428,-7.295881701675782,0.47163915978571164,-6.5278028598004445,-2.63849471258724,0.47163915978571164,-6.5278028598004445,-2.63849471258724,0.804974061663035,-1.8843622698625893,-7.286664866595212
6192192192.192192,0.8037661934566237,-1.8974052851986594,-7.303950008059119,0.47427283316855773,-6.479435029327827,-2.6472862139906668,0.47427283316855773,-6.479435029327827,-2.6472862139906668,0.8030218413711616,-1.9054528439164833,-7.294868775003661
6198198198.198198,0.8017703971835043,-1.9189996545807255,-7.312050133275736,0.4769331783768904,-6.430849286915235,-2.656118252166097,0.4769331783768904,-6.430849286915235,-2.656118252166097,0.8010339093999775,-1.9269819790996263,-7.303103669293616
6204204204.204205,0.7997382035616087,-1.941043144061434,-7.32018269580646,0.479620459057867,-6.382045991596151,-2.664991683795427,0.479620459057867,-6.382045991596151,-2.664991683795427,0.799009482494905,-1.9489613305968971,-7.3113701969777605
6210210210.210211,0.7976688128584366,-1.9635477520119515,-7.328348317841809,0.4823349357874176,-6.33302561496439,-2.673907377287409,0.4823349357874176,-6.33302561496439,-2.673907377287409,0.7969477595496133,-1.971402919202395,-7.31966900969626
6216216216.216216,0.7955614072458935,-1.9865258540056583,-7.336547625025034,0.48507686569195346,-6.283788745446442,-2.682866212864309,0.48507686569195346,-6.283788745446442,-2.682866212864309,0.7948479212749888,-1.9943191443318646,-7.328000762987772
6222222222.222222,0.7934151504746413,-2.0099902162665235,-7.344781246168583,0.487846502048462,-6.234336092726148,-2.6918690826395846,0.487846502048462,-6.234336092726148,-2.6918690826395846,0.7927091298701436,-2.017722797545146,-7.336366116035148
6228228228.228228,0.7912291875514832,-2.0339540096446127,-7.353049812942107,0.49064409386204577,-6.184668492325231,-2.7009168906858023,0.49064409386204577,-6.184668492325231,-2.7009168906858023,0.7905305286962814,-2.041627076600675,-7.344765731384069
6234234234.234234,0.7890026444206938,-2.0584308241413645,-7.361353959530113,0.4934698854199591,-6.1347869103426875,-2.710010553092021,0.4934698854199591,-6.1347869103426875,-2.710010553092021,0.7883112419543359,-2.066045600064891,-7.353200274632767
6240240240.24024,0.7867346276503258,-2.08343468400786,-7.369694322257072,0.4963241158211282,-6.08469244835682,-2.7191509980096735,0.4963241158211282,-6.08469244835682,-2.7191509980096735,0.7860503743673953,-2.0909924225002414,-7.361670414090753
6246246246.246246,0.7844242241245567,-2.108980063441017,-7.378071539177828,0.4992070184801638,-6.034386348492637,-2.728339165686095,0.4992070184801638,-6.034386348492637,-2.728339165686095,0.7837470108689705,-2.1164820502570745,-7.370176820404476
6252252252.252253,0.7820705007432768,-2.1350819029032806,-7.386486249630861,0.5021188206048224,-5.9838699986578945,-2.737576008484687,0.5021188206048224,-5.9838699986578945,-2.737576008484687,0.7814002162982959,-2.1425294578954484,-7.378720166147601
6258258258.258259,0.7796725041301771,-2.161755626093035,-7.394939093751896,0.5050597426458545,-5.933144937950715,-2.7468624908906696,0.5050597426458545,-5.933144937950715,-2.7468624908906696,0.7790090351039058,-2.16915010526464,-7.38730112537349
6264264264.264264,0.7772292603507251,-2.1890171575940003,-7.403430711945137,0.5080299977181713,-5.882212862241479,-2.7561995895013527,0.5080299977181713,-5.882212862241479,-2.7561995895013527,0.7765724910568775,-2.1963599552689255,-7.395920373127279
6270270270.27027,0.7747397746414953,-2.2168829412335387,-7.411961744309267,0.5110297909922381,-5.831075629931442,-2.7655882929997744,0.5110297909922381,-5.831075629931442,-2.7655882929997744,0.7740895869751756,-2.2241754923503807,-7.40457858491484
6276276276.276276,0.7722030311524779,-2.2453699591808265,-7.4205328300150954,0.5140593190545741,-5.779735267890702,-2.775029602110462,0.5140593190545741,-5.779735267890702,-2.775029602110462,0.7715593044607207,-2.2526137417200953,-7.413276436125633
6282282282.282282,0.7696179927040527,-2.274495751818029,-7.429144606631605,0.5171187692362533,-5.728193977577276,-2.7845245295360868,0.5171187692362533,-5.728193977577276,-2.7845245295360868,0.7689806036508458,-2.2816922893717337,-7.422014601406369
6288288288.288288,0.7669836005604896,-2.3042784384187502,-7.437797709396908,0.520208318908267,-5.676454141339323,-2.794074099873626,0.520208318908267,-5.676454141339323,-2.794074099873626,0.7663524229860004,-2.3114293029122437,-7.4307937539821065
6294294294.294294,0.7642987742219478,-2.334736738670035,-7.446492770430353,0.5233281347426196,-5.624518328901862,-2.803679349508652,0.5233281347426196,-5.624518328901862,-2.803679349508652,0.7636736789956351,-2.341843553247092,-7.439614564921268
6300300300.300301,0.7615624112370889,-2.3658899950760843,-7.455230417881845,0.5264783719380269,-5.572389304039053,-2.8133413264862663,0.5264783719380269,-5.572389304039053,-2.8133413264862663,0.7609432661043889,-2.372954437158716,-7.4484777023407425
6306306306.306307,0.7587733870385708,-2.3977581962837826,-7.464011275014112,0.5296591734090793,-5.520070031432867,-2.82306109035711,0.5296591734090793,-5.520070031432867,-2.82306109035711,0.7581600564608089,-2.4047820008194636,-7.457383830547069
6312312312.312313,0.7559305548038354,-2.4303620013723775,-7.472835959213408,0.5328706689377612,-5.467563683718186,-2.8328397119968622,0.5328706689377612,-5.467563683718186,-2.8328397119968622,0.7553228997910033,-2.437346964282297,-7.466333609109363
6318318318.318318,0.7530327453437845,-2.4637227651517497,-7.481705080923827,0.5361129742862178,-5.414873648714189,-2.842678273397502,0.5361129742862178,-5.414873648714189,-2.842678273397502,0.7524306232798001,-2.470670746994797,-7.475327691859407
6324324324.324325,0.7500787670220836,-2.4978625645163968,-7.490619242500044,0.5393861902696857,-5.3620035368411685,-2.8525778674285664,0.5393861902696857,-5.3620035368411685,-2.8525778674285664,0.7494820314821213,-2.5047754943849165,-7.484366725813986
6330330330.33033,0.7470674057080354,-2.5328042259046506,-7.499579036973016,0.5426904017885451,-5.30895718872126,-2.8625395975665713,0.5426904017885451,-5.30895718872126,-2.8625395975665713,0.7464759062675003,-2.539684105569177,-7.493451350014212
6336336336.336336,0.7439974247661234,-2.5685713539157007,-7.50858504672275,0.546025676818483,-5.255738682960884,-2.872564577590662,0.546025676818483,-5.255738682960884,-2.872564577590662,0.743411006800803,-2.575420262237533,-7.502582194276294
6342342342.342342,0.7408675650855517,-2.6051883611397004,-7.517637842051825,0.5493920653577938,-5.202352344112206,-2.8826539312424813,0.5493920653577938,-5.202352344112206,-2.8826539312424813,0.7402860695624588,-2.612008458771654,-7.511759877847722
6348348348.348349,0.7376765451532764,-2.6426804992597908,-7.526737979652979,0.5527895983309231,-5.148802750809706,-2.8928087918481875,0.5527895983309231,-5.148802750809706,-2.8928087918481875,0.7370998084116636,-2.6494740336572327,-7.520985007962502
6354354354.354355,0.7344230611742466,-2.681073891488212,-7.53588600096357,0.5562182864474187,-5.095094744077285,-2.9030303019004684,0.5562182864474187,-5.095094744077285,-2.9030303019004684,0.7338509146962333,-2.6878432022545096,-7.530258178288637
6360360360.360361,0.7311057872427933,-2.7203955664024044,-7.545082430399185,0.559678119015518,-5.041233435800571,-2.9133196125982788,0.559678119015518,-5.041233435800571,-2.9133196125982788,0.7305380574130239,-2.7271430909948484,-7.539579967260492
6366366366.366366,0.7277233755693167,-2.7606734932511365,-7.5543277734581755,0.563169062709738,-4.9872242173574035,-2.923677883342051,0.563169062709738,-4.9872242173574035,-2.923677883342051,0.7271598834229998,-2.7674017730760796,-7.5489509362883025
6372372372.372373,0.7242744567666413,-2.801936618805254,-7.563622514688309,0.5666910602918896,-4.933072768399142,-2.9341062811819425,0.5666910602918896,-4.933072768399142,-2.9341062811819425,0.723715017725318,-2.808648305733288,-7.5583716278363875
6378378378.378378,0.7207576402006768,-2.844214905831979,-7.572967115506012,0.5702440292850998,-4.878785065773645,-2.944605980216672,0.5702440292850998,-4.878785065773645,-2.944605980216672,0.7202020637949799,-2.8509127691672793,-7.56784256336112
6384384384.384384,0.7171715144102085,-2.88753937327751,-7.582362011858096,0.5738278606005546,-4.8243673925796,-2.955178160940453,0.5738278606005546,-4.8243673925796,-2.955178160940453,0.7166196039888562,-2.894226307218191,-7.577364241099073
6390390390.39039,0.7135146476009512,-2.9319421382475093,-7.591807611715016,0.5774424171168256,-4.769826347340626,-2.965824009535387,0.5774424171168256,-4.769826347340626,-2.965824009535387,0.7129662000251333,-2.9386211698776563,-7.5869371336949385
6396396396.396397,0.7097855882191696,-2.977456459882097,-7.601304292383968,0.5810875322118346,-4.7151688532858,-2.9765447171067088,0.5810875322118346,-4.7151688532858,-2.9765447171067088,0.7092403935414572,-2.9841307577395626,-7.596561685658212
6402402402.402403,0.7059828656105032,-3.0241167852276796,-7.610852397629167,0.5847630082476927,-4.660402167721884,-2.987341478858149,0.5847630082476927,-4.660402167721884,-2.987341478858149,0.7054407067373185,-3.030789668496246,-7.6062383106366624
6408408408.408409,0.7021049907698124,-3.0719587972160167,-7.620452234585745,0.5884686150088827,-4.605533891480625,-2.998215493204681,0.5884686150088827,-4.605533891480625,-2.998215493204681,0.7015656431064441,-3.0786337455950106,-7.615967388493779
6414414414.414414,0.6981504571881542,-3.1210194648684793,-7.630104070452638,0.5922040880944949,-4.550571978422656,-3.009167960819869,0.5922040880944949,-4.550571978422656,-3.009167960819869,0.6976136882652207,-3.127700129178095,-7.625749262176408
6420420420.420421,0.6941177418032479,-3.1713370958520826,-7.639808128948619,0.5959691272654851,-4.495524744977683,-3.020200083614978,0.5959691272654851,-4.495524744977683,-3.020200083614978,0.6935833108834185,-3.1780273094385274,-7.635584234357608
6426426426.426426,0.6900053060600201,-3.2229513915236736,-7.649564586514452,0.5997633947482173,-4.440400879698604,-3.031313063647017,0.5997633947482173,-4.440400879698604,-3.031313063647017,0.6894729637237266,-3.2296551825344135,-7.645472563838723
6432432432.432432,0.6858115970880746,-3.2759035046089346,-7.659373568242664,0.6035865134958917,-4.385209452804683,-3.0425081019528717,0.6035865134958917,-4.385209452804683,-3.0425081019528717,0.6852810847968327,-3.2826251092155405,-7.655414461693201
6438438438.438438,0.681535049003182,-3.3302360996742104,-7.669235143514979,0.6074380654097763,-4.32995992568711,-3.053786397306676,0.6074380654097763,-4.32995992568711,-3.053786397306676,0.681006098639034,-3.3369799763281445,-7.6654100871333934
6444444444.444445,0.6771740843400805,-3.385993416562161,-7.679149321325695,0.611317589522571,-4.274662160347324,-3.0651491448976182,0.611317589522571,-4.274662160347324,-3.0651491448976182,0.67664641771955,-3.3927642613776032,-7.6754595430799135
6450450450.450451,0.67272711562415,-3.443221336975517,-7.689116045267458,0.6152245801466107,-4.219326428736398,-3.0765975349253707,0.6152245801466107,-4.219326428736398,-3.0765975349253707,0.672200443984959,-3.450024100343202,-7.6855628714114
6456456456.456457,0.6681925470896632,-3.501967454409245,-7.6991351881538455,0.6191584849900823,-4.163963421960745,-3.088132751110452,0.6191584849900823,-4.163963421960745,-3.088132751110452,0.667666570548331,-3.5088073589560462,-7.695720047870625
6462462462.462462,0.6635687765525795,-3.56228114764747,-7.709206546250801,0.6231187032448811,-4.1085842593168875,-3.099755969116842,0.6231187032448811,-4.1085842593168875,-3.099755969116842,0.6630431835308302,-3.5691637076690603,-7.705930976600712
6468468468.468469,0.658854197445966,-3.624213658060713,-7.719329833086493,0.6271045836502411,-4.053200497115181,-3.111468354884306,0.6271045836502411,-4.053200497115181,-3.111468354884306,0.6583286640637187,-3.631144700568057,-7.716195484282867
6474474474.474474,0.6540472010263094,-3.687818170959262,-7.72950467280629,0.6311154225368311,-3.997824137249104,-3.1232710628679987,0.6311154225368311,-3.997824137249104,-3.1232710628679987,0.6535213904588068,-3.6948038584953147,-7.726513313844356
6480480480.48048,0.6491461787590985,-3.7531499012813567,-7.739730593036417,0.6351504618565509,-3.9424676354640575,-3.1351652341830953,0.6351504618565509,-3.9424676354640575,-3.1351652341830953,0.6486197405555207,-3.7601967566815375,-7.7368841177025445
6486486486.486486,0.6441495248921795,-3.82026618391975,-7.750007017216225,0.6392088872038851,-3.887143909276312,-3.1471519946523028,0.6392088872038851,-3.887143909276312,-3.1471519946523028,0.6436220942528318,-3.8273811172094114,-7.747307450507414
6492492492.492493,0.6390556392254328,-3.8892265690184056,-7.760333256355183,0.6432898258353121,-3.8318663454894053,-3.159232452754413,0.6432898258353121,-3.8318663454894053,-3.159232452754413,0.6385268362343326,-3.8964169066623553,-7.757782761341342
6498498498.498499,0.633862930085385,-3.960092922601675,-7.770708500166081,0.6473923446939185,-3.7766488072523297,-3.171407697472239,0.6473923446939185,-3.7766488072523297,-3.171407697472239,0.6333323588947652,-3.967366439345679,-7.76830938533069
6504504504.504505,0.6285698175133818,-4.032929532932364,-7.781131807521014,0.6515154484470761,-3.7215056406004248,-3.183678796038546,0.6515154484470761,-3.7215056406004248,-3.183678796038546,0.6280370654762867,-4.04029448650464,-7.778886534619036
6510510510.51051,0.6231747366758771,-4.107803223033759,-7.791602096171026,0.6556580775457775,-3.6664516804164577,-3.1960467915789974,0.6556580775457775,-3.6664516804164577,-3.1960467915789974,0.6226393734226577,-4.115268392006058,-7.789513288646634
6516516516.516517,0.6176761415053982,-4.184783469851741,-7.80211813166388,0.6598191063149524,-3.6115022557464056,-3.2085127006513767,0.6598191063149524,-3.6115022557464056,-3.2085127006513767,0.617137717959482,-4.192358194995787,-7.8001885836745615
6522522522.522522,0.6120725085805944,-4.263942530580661,-7.812678515387119,0.6639973410848768,-3.556673194401032,-3.221077510680824,0.6639973410848768,-3.556673194401032,-3.221077510680824,0.6115305559084337,-4.271636760096548,-7.810911201485276
6528528528.528528,0.6063623412536402,-4.345355576728514,-7.82328167165546,0.6681915183745883,-3.501980826771039,-3.23374217729128,0.6681915183745883,-3.501980826771039,-3.23374217729128,0.6058163697432244,-4.353179915768058,-7.821679757183514
6534534534.534534,0.6005441740331248,-4.429100836554167,-7.833925833752057,0.6724003031389911,-3.447441988780975,-3.246507621533766,0.6724003031389911,-3.447441988780975,-3.246507621533766,0.5999936718948292,-4.437066601515442,-7.832492686012622
6540540540.540541,0.5946165772302958,-4.515259746574319,-7.844609028822552,0.6766222870921875,-3.3930740239036195,-3.259374727012721,0.6766222870921875,-3.3930740239036195,-3.259374727012721,0.5940610093131945,-4.523379024703898,-7.84334822909134
6546546546.546547,0.5885781618763433,-4.603917112908369,-7.855329061508623,0.6808559871203599,-3.338894784154165,-3.2723443369122,0.6808559871203599,-3.338894784154165,-3.2723443369122,0.588016968292341,-4.612202827817241,-7.854244417964551
6552552552.552553,0.5824275849180892,-4.695161283309459,-7.866083496193775,0.6850998437983464,-3.284922629980861,-3.285417250924379,0.6850998437983464,-3.284922629980861,-3.285417250924379,0.5818601795653939,-4.703627267087815,-7.865179057848236
6558558558.558558,0.5761635546992316,-4.789084330817265,-7.876869637717985,0.6893522200248328,-3.2311764289667027,-3.2985942220834814,0.6893522200248328,-3.2311764289667027,-3.2985942220834814,0.5755893236757299,-4.797745403524455,-7.876149709433743
6564564564.564565,0.5697848367339644,-4.885782250066722,-7.8876845103995885,0.6936113997918781,-3.177675553254497,-3.3118759535090447,0.6936113997918781,-3.177675553254497,-3.3118759535090447,0.5692031366299812,-4.8946543074775075,-7.887153669099022
6570570570.57057,0.56329025977957,-4.985355167395166,-7.8985248351813615,0.6978755871051987,-3.1244398756064724,-3.3252630950631854,0.6978755871051987,-3.1244398756064724,-3.3252630950631854,0.5627004158382675,-4.99445527800427,-7.8981879473542405
6576576576.576576,0.5566787222143368,-5.087907566011518,-7.909387004693422,0.7021429050723373,-3.0714897640082883,-3.3387562399274215,0.7021429050723373,-3.0714897640082883,-3.3387562399274215,0.5560800263466215,-5.097254078437939,-7.90924924532603
6582582582.582582,0.5499491987270012,-5.193548527624996,-7.920267055997165,0.7064113951764868,-3.0188460747266004,-3.3523559211054694,0.7064113951764868,-3.0188460747266004,-3.3523559211054694,0.5493409073662352,-5.2031611897191645,-7.920333929057513
6588588588.588589,0.5431007473238469,-5.302391992079704,-7.931160640741692,0.7106790167542746,-2.966530143729522,-3.366062607859427,0.7106790167542746,-2.966530143729522,-3.366062607859427,0.5424820791038577,-5.312292083224004,-7.931438001370066
6594594594.594595,0.5361325166596776,-5.414557036705858,-7.94206299242602,0.7149436466963088,-2.9145637763797034,-3.379876702087684,0.7149436466963088,-2.9145637763797034,-3.379876702087684,0.5355026498975167,-5.4247675150170505,-7.942557070996197
6600600600.600601,0.5290437536991183,-5.530168177281011,-7.952968890416101,0.7192030793896595,-2.8629692353109664,-3.3937985346540205,0.7192030793896595,-2.8629692353109664,-3.3937985346540205,0.5284018236616923,-5.540713843676964,-7.953686318650651
6606606606.6066065,0.5218338117152755,-5.649355692694803,-7.9638726203138255,0.7234550269216844,-2.811769226401763,-3.407828361678308,0.7234550269216844,-2.811769226401763,-3.407828361678308,0.521178907646285,-5.660263374084949,-7.964820459656982
6612612612.612613,0.514502158633552,-5.772255975633554,-7.974767930214914,0.727697119564781,-2.760986882760932,-3.4219663608004565,0.727697119564781,-2.760986882760932,-3.4219663608004565,0.5138333205141339,-5.78355472983973,-7.975953702688943
6618618618.618618,0.5070483857297766,-5.89901191184272,-7.985647982321593,0.7319269065615613,-2.710645746645715,-3.436212627430247,0.7319269065615613,-2.710645746645715,-3.436212627430247,0.5063646007427155,-5.910733257265324,-7.9870797041176695
6624624624.624624,0.4994722166935483,-6.029773290792658,-7.996505299293,0.7361418572298195,-2.66076974923584,-3.4505671709969437,0.7361418572298195,-2.66076974923584,-3.4505671709969437,0.4987724153568864,-6.041951464317248,-7.998191517375405
6630630630.6306305,0.4917735170702491,-6.164697250861676,-8.007331704618291,0.7403393624062318,-2.611383188193807,-3.465029911213602,0.7403393624062318,-2.611383188193807,-3.465029911213602,0.49105656900147365,-6.177369498067869,-8.009281536651816
6636636636.636637,0.4839523040984789,-6.303948762464789,-8.01811825618208,0.7445167362471949,-2.562510702947751,-3.4796006743722225,0.7445167362471949,-2.562510702947751,-3.4796006743722225,0.48321701336508643,-6.317155664870135,-8.020341434126914
6642642642.642643,0.476008756964073,-6.447701152892962,-8.028855172055422,0.7486712184044059,-2.5141772476411752,-3.4942791896870227,0.7486712184044059,-2.5141772476411752,-3.4942791896870227,0.4752538569701,-6.461486997760256,-8.031362089811934
6648648648.648649,0.4679432274976481,-6.596136676983749,-8.039531747383627,0.7527999765917335,-2.4664080617031616,-3.509065085704027,0.7527999765917335,-2.4664080617031616,-3.509065085704027,0.4671673753485395,-6.610549876167755,-8.042333512911405
6654654654.6546545,0.4597562513498075,-6.7494471381209955,-8.050136261050193,0.7569001095587418,-2.4192286380018952,-3.52395788679652,0.7569001095587418,-2.4192286380018952,-3.52395788679652,0.4589580216296522,-6.764540703560636,-8.053244753431844
6660660660.660661,0.45144855968760944,-6.907834564442508,-8.060655870566782,0.7609686504846098,-2.372664688556649,-3.5389570097666105,0.7609686504846098,-2.372664688556649,-3.5389570097666105,0.45062643757302334,-6.923666649258159,-8.064083802537136
6666666666.666666,0.4430210914676251,-7.071511945517947,-8.071076493365704,0.7650025708044638,-2.3267421077951855,-3.5540617605742257,0.7650025708044638,-2.3267421077951855,-3.5540617605742257,0.44217346509122146,-7.088146461298562,-8.07483747988122
6672672672.672672,0.43447500635571357,-7.2407040351234,-8.081382672343352,0.7689987844780636,-2.2814869333572525,-3.569271331215693,0.7689987844780636,-2.2814869333572525,-3.569271331215693,0.4336001583188562,-7.25821135794537,-8.085491305824158
6678678678.6786785,0.42581169838229277,-7.415648226056927,-8.09155742310917,0.7729541527084216,-2.2369253044599438,-3.5845847967746933,0.7729541527084216,-2.2369253044599438,-3.5845847967746933,0.4249077963013129,-7.434106006142085,-8.096029356046431
6684684684.684685,0.4170328104450237,-7.596595503178775,-8.101582059920176,0.776865489115336,-2.193083417856297,-3.6000011126690525,0.776865489115336,-2.193083417856297,-3.6000011126690525,0.4160978963969094,-7.616089595966273,-8.106434095602681
6690690690.690691,0.4081402497998065,-7.783811480962189,-8.111435996707714,0.78072956536592,-2.1499874814355486,-3.6155191121172585,0.78072956536592,-2.1499874814355486,-3.6155191121172585,0.40717222851202134,-7.804437020856648,-8.116686188881353
6696696696.696697,0.3991362047170423,-7.977577531731846,-8.121096518908494,0.7845431172610505,-2.107663665531328,-3.6311375038489055,0.7845431172610505,-2.107663665531328,-3.6311375038489055,0.3981328303210203,-7.9994401740463275,-8.126764281236245
6702702702.702703,0.390023162525097,-8.178192010335128,-8.130538520967852,0.7883028512732391,-2.0661380520229304,-3.646854870083333,0.7883028512732391,-2.0661380520229304,-3.646854870083333,0.3889820236633772,-8.20140937215903,-8.136644747200195
6708708708.708709,0.38080392931892326,-8.385971580083101,-8.139734203354656,0.7920054515278021,-2.0254365813340147,-3.6626696648007213,0.7920054515278021,-2.0254365813340147,-3.6626696648007213,0.37972243236099995,-8.410674917207867,-8.146301399141473
6714714714.714715,0.37148165168179303,-8.601252643190012,-8.148652721670606,0.7956475872153282,-1.9855849974533646,-3.6785802123295586,0.7956475872153282,-1.9855849974533646,-3.6785802123295586,0.37035700176260544,-8.627588808117643,-8.155705148931702
6720720720.72072,0.3620598408556691,-8.82439287631949,-8.157259778897078,0.7992259204194131,-1.9466087911226326,-3.694584706273905,0.7992259204194131,-1.9466087911226326,-3.694584706273905,0.36088902040202275,-8.852526612140434,-8.164823613599328
6726726726.726727,0.3525423999054217,-9.055772867772529,-8.165517149931762,0.8027371143394557,-1.9085331413565132,-3.7106812088031615,0.8027371143394557,-1.9085331413565132,-3.7106812088031615,0.3513221442582923,-9.085889504809293,-8.173620653966386
6732732732.732733,0.34293365456020525,-9.295797846690434,-8.173382125240158,0.8061778418839908,-1.8713828554817038,-3.726867650325959,0.8061778418839908,-1.8713828554817038,-3.726867650325959,0.34166042423325027,-9.328106483874054,-8.182055832809883
6738738738.738739,0.3332383885892874,-9.544899485511118,-8.180806857576915,0.8095447946057047,-1.8351823079010825,-3.7431418295686347,0.8095447946057047,-1.8351823079010825,-3.7431418295686347,0.33190833762435623,-9.57963675726512,-8.19008377602599
6744744744.744745,0.323461884789939,-9.80353774353124,-8.187737592188366,0.8128346919449111,-1.7999553778095223,-3.7595014140772243,0.8128346919449111,-1.7999553778095223,-3.7595014140772243,0.32207082457723507,-9.84097229646541,-8.197653416444254
6750750750.7507515,0.3136099729448958,-10.072202699977186,-8.19411375652856,0.8160442907439291,-1.7657253861070137,-3.7759439411600155,0.8160442907439291,-1.7657253861070137,-3.7759439411600155,0.31215333076701973,-10.112640533185333,-8.20470709513585
6756756756.756757,0.3036890864636679,-10.351416296884619,-8.199866880112065,0.819170394990618,-1.7325150317726357,-3.7924668192858597,0.819170394990618,-1.7325150317726357,-3.7924668192858597,0.3021618578977942,-10.395207156655415,-8.211179489025282
6762762762.762763,0.29370632987873896,-10.641733871601602,-8.204919308456224,0.8222098657452511,-1.7003463279799216,-3.8090673299509943,0.8222098657452511,-1.7003463279799216,-3.8090673299509943,0.29210302404928473,-10.689278937823143,-8.216996326022972
6768768768.768768,0.28366955995441534,-10.943745300516127,-8.20918266686845,0.8251596312011062,-1.66924053824932,-3.825742630024636,0.8251596312011062,-1.66924053824932,-3.825742630024636,0.2819841364711317,-10.995506460338767,-8.222072839342578
6774774774.774775,0.2735874839221588,-11.258075491953264,-8.212556019825934,0.8280166968256284,-1.639218112946741,-3.8424897545809173,0.8280166968256284,-1.639218112946741,-3.8424897545809173,0.27181328017046513,-11.314586569152464,-8.226311900659315
6780780780.780781,0.26346977933351245,-11.585383845945804,-8.214923659603762,0.8307781555258447,-1.610298626448672,-3.8593056202216,0.8307781555258447,-1.610298626448672,-3.8593056202216,0.2615994266159739,-11.647264245012856,-8.229601756724202
6786786786.786787,0.25332724128682044,-11.926362125671872,-8.216152443449227,0.8334411977790106,-1.5825007153027901,-3.8761870288910667,0.8334411977790106,-1.5825007153027901,-3.8761870288910667,0.2513525681683996,-11.994333461101919,-8.231813275332508
6792792792.792793,0.24317196442310318,-12.281729936521526,-8.216088582024343,0.8360031216671695,-1.5558420177197942,-3.8931306721815004,0.8360031216671695,-1.5558420177197942,-3.8931306721815004,0.241083885547738,-12.356636352515968,-8.232796583522259
6798798798.7987995,0.23301756920661906,-12.652226650567592,-8.21455376361023,0.8384613427526468,-1.5303391147351268,-3.910133136122952,0.8384613427526468,-1.5303391147351268,-3.910133136122952,0.23080595789901495,-12.735059694618176,-8.23237695311242
6804804804.804805,0.22287948473689562,-13.038598098820543,-8.211340480286596,0.8408134037303561,-1.5060074733800235,-3.9271909064492854,0.8408134037303561,-1.5060074733800235,-3.9271909064492854,0.22053302800251628,-13.130527189221171,-8.230349756312254
6810810810.810811,0.21277530382623497,-13.44157561347954,-8.206206407551289,0.8430569837923391,-1.4828613921984206,-3.9443003743274736,0.8430569837923391,-1.4828613921984206,-3.9443003743274736,0.21028133912104338,-13.543985319107254,-8.226474278617754
6816816816.816816,0.2027252304596305,-13.861843943998478,-8.198867684886721,0.8451899076401459,-1.4609139494404577,-3.9614578425340343,0.8451899076401459,-1.4609139494404577,-3.9614578425340343,0.2000695651660307,-13.97637943524625,-8.220466141878404
6822822822.822823,0.19275264511219659,-14.29999306971662,-8.18899096550916,0.8472101540815743,-1.4401769542538831,-3.978659532058865,0.8472101540815743,-1.4401769542538831,-3.978659532058865,0.18991936260403755,-14.428615118802083,-8.211988067302402
6828828828.828829,0.1828848196328526,-14.7564468334234,-8.176184174560555,0.8491158641498857,-1.4206609011822657,-3.99590158911316,0.8491158641498857,-1.4206609011822657,-3.99590158911316,0.1798560810801495,-14.901497474962714,-8.200638717377425
6834834834.834835,0.17315381998469342,-15.231358458845602,-8.159986082043178,0.8509053486859637,-1.402374928262884,-4.013180092514727,0.8509053486859637,-1.402374928262884,-4.013180092514727,0.16990968014407143,-15.395637553473087,-8.185939439157943
6840840840.840841,0.16359764062055088,-15.724459278925238,-8.139855138867187,0.8525770953269117,-1.385326778998235,-4.0304910614207685,0.8525770953269117,-1.385326778998235,-4.0304910614207685,0.1601159111231344,-15.911310179898944,-8.167318969127734
6846846846.846848,0.15426161539774663,-16.23484250204036,-8.115158672507237,0.8541297748483326,-1.3695227684529112,-4.0478304633751385,0.8541297748483326,-1.3695227684529112,-4.0478304633751385,0.15051783395025262,-16.448240801757983,-8.144096698926027
6852852852.852853,0.14520013999362308,-16.760659298279286,-8.085164697226965,0.8555622468119123,-1.3549677537027267,-4.06519422263429,0.8555622468119123,-1.3549677537027267,-4.06519422263429,0.14116774313868294,-17.005290566715296,-8.115466200011493
6858858858.858859,0.1364787070436762,-17.298702010526444,-8.049040548649366,0.856873564474957,-1.3416651088352192,-4.082578228733723,0.856873564474957,-1.3416651088352192,-4.082578228733723,0.13212956286747807,-17.58000003623325,-8.080482788956965
6864864864.864864,0.12817617544536314,-17.843853823045702,-8.00586562006387,0.8580629789240802,-1.3296167046708904,-4.099978345254408,0.8580629789240802,-1.3296167046708904,-4.099978345254408,0.12348171350358936,-18.16794705254029,-8.038062606177736
6870870870.870871,0.12038703490091927,-18.388405639333847,-7.954669779710985,0.859129942401301,-1.3188228933425075,-4.117390418747002,0.859129942401301,-1.3188228933425075,-4.117390418747002,0.11532030525687778,-18.76188433379277,-7.9870066791732315
6876876876.876877,0.11322314267801743,-18.921295895797712,-7.894513894211512,0.860074110797287,-1.309282497836206,-4.134810287770095,0.860074110797287,-1.309282497836206,-4.134810287770095,0.10776220631994794,-19.35067050925568,-7.926071917188198
6882882882.882883,0.10681397484482955,-19.427438466570514,-7.824631513569409,0.8608953452932685,-1.300992806563348,-4.152233791997861,0.8608953452932685,-1.300992806563348,-4.152233791997861,0.10094697553226845,-19.918133768051874,-7.854119831397
6888888888.888889,0.10130390876448078,-19.88747594529292,-7.744644671901197,0.8615937131401964,-1.2939495729963562,-4.169656781351696,0.8615937131401964,-1.2939495729963562,-4.169656781351696,0.09503581688214101,-20.44225375891272,-7.770375081595242
6894894894.894896,0.09684471321876,-20.278481651213074,-7.654841597721928,0.8621694875708995,-1.2881470203656513,-4.187075125110368,0.8621694875708995,-1.2881470203656513,-4.187075125110368,0.09020484416768174,-20.895402788229074,-7.6748021842553324
6900900900.900901,0.09358186615612825,-20.57616597209927,-7.55645275857897,0.8626231468482185,-1.2835778513788278,-4.204484720953452,0.8626231468482185,-1.2835778513788278,-4.204484720953452,0.08662986148629884,-21.246647599999623,-7.568537421226963
6906906906.906907,0.09163526605017717,-20.75874709794398,-7.451799008253284,0.862955372459277,-1.2802332628875361,-4.221881503893453,0.862955372459277,-1.2802332628875361,-4.221881503893453,0.08446199828157099,-21.46677295682668,-7.4541973539252595
6912912912.912912,0.09107832577206187,-20.81169922618794,-7.344166170696829,0.8631670464730646,-1.2781029653929252,-4.239261455053141,0.8631670464730646,-1.2781029653929252,-4.239261455053141,0.08379870586157982,-21.535253766180766,-7.335806802618773
6918918918.918919,0.0919224895311557,-20.731564443792635,-7.23734988625212,0.8632592480852898,-1.2771752072470666,-4.256620610246182,0.8632592480852898,-1.2771752072470666,-4.256620610246182,0.08466050075623575,-21.446383341141235,-7.218194556130353
6924924924.924925,0.0941138096203296,-20.52693292956902,-7.134997736081113,0.863233249380893,-1.2774368033761798,-4.2739550683209515,0.863233249380893,-1.2774368033761798,-4.2739550683209515,0.08698462415821567,-21.21115017369516,-7.106023748206039
6930930930.930931,0.09754327477607933,-20.216053362564523,-7.040012172847392,0.8630905103506432,-1.2788731683217818,-4.291260999229682,0.8630905103506432,-1.2788731683217818,-4.291260999229682,0.09063914107308362,-20.853684372908102,-7.002900895950596
6936936936.936937,0.10206632177170266,-19.822350717814526,-6.954235289679709,0.8628326732037578,-1.2814683533687647,-4.308534651787744,0.8628326732037578,-1.2814683533687647,-4.308534651787744,0.09545028157481815,-20.404455722313696,-6.910944869774588
6942942942.942944,0.1075240349159715,-19.369888935495844,-6.8784578443941795,0.8624615560234703,-1.2852050875047474,-4.3257723610905146,0.8624615560234703,-1.2852050875047474,-4.3257723610905146,0.10123108038924733,-19.893722562331337,-6.830865786019233
6948948948.948949,0.11376016234554533,-18.88019593676505,-6.812641838535224,0.86197914581683,-1.29006482193341,-4.342970555558566,0.86197914581683,-1.29006482193341,-4.342970555558566,0.10780274790384485,-19.347403375886056,-6.762340463352539
6954954954.954955,0.1206317227554008,-18.370769398481503,-6.756209303818803,0.8613875910137249,-1.2960277778459617,-4.360125763585053,0.8613875910137249,-1.2960277778459617,-4.360125763585053,0.11500646584013734,-18.7855548451445,-6.70443989756177
6960960960.96096,0.128013840318106,-17.85486147441143,-6.708297212353417,0.8606891934731569,-1.3030729971394293,-4.3772346197626995,0.8606891934731569,-1.3030729971394293,-4.3772346197626995,0.12270747840302958,-18.222579368084567,-6.655969769823165
6966966966.966967,0.13580061265129126,-17.341965415473382,-6.667940403258631,0.8598864000571198,-1.3111783957584615,-4.394293870671275,0.8598864000571198,-1.3111783957584615,-4.394293870671275,0.1307945076758577,-17.668209850532982,-6.615690371191708
6972972972.972973,0.14390377641622373,-16.838556177528194,-6.634184331297458,0.8589817938340635,-1.320320819328476,-4.411300380210118,0.8589817938340635,-1.320320819328476,-4.411300380210118,0.13917698121325536,-17.12865175409606,-6.582436234742364
6978978978.978979,0.15225043013414635,-16.348829434706683,-6.606144930933716,0.8579780849748453,-1.3304761007425907,-4.4282511344638795,0.8579780849748453,-1.3304761007425907,-4.4282511344638795,0.14778161361761835,-16.607591914375536,-6.555168838917329
6984984984.984985,0.16078055663018914,-15.875329442445125,-6.583034090139674,0.8568781014043169,-1.3416191193625318,-4.445143246093279,0.8568781014043169,-1.3416191193625318,-4.445143246093279,0.15654912219439923,-16.10698726451173,-6.5329905701187245
6990990990.990992,0.16944471472229794,-15.419439460431644,-6.564165088508967,0.8556847792712802,-1.3537238614945921,-4.461973958246206,0.8556847792712802,-1.3537238614945921,-4.461973958246206,0.1654313884912544,-15.627641702775762,-6.515138910387493
6996996996.996997,0.17820204548324595,-14.981746304861879,-6.5489475655502005,0.8544011532985196,-1.3667634818055772,-4.4787406479879674,0.8544011532985196,-1.3667634818055772,-4.4787406479879674,0.1743891345407704,-15.169611552746595,-6.500972080096159
7003003003.003003,0.18701862031533745,-14.562303024605098,-6.536877805099204,0.8530303470729955,-1.3807103653504642,-4.495440829252846,0.8530303470729955,-1.3807103653504642,-4.495440829252846,0.18339007528057694,-14.732483424302401,-6.4899521846298995
7009009009.009008,0.19586610410123614,-14.160814299552326,-6.52752757432883,0.8515755633341687,-1.3955361898926055,-4.512072155322175,0.8515755633341687,-1.3955361898926055,-4.512072155322175,0.19240747203528255,-14.315561327806021,-6.481628825422185
7015015015.015015,0.2047206873005779,-13.776765381578484,-6.520533187857547,0.8500400743158112,-1.4112119882090215,-4.528632420837279,0.8500400743158112,-1.4112119882090215,-4.528632420837279,0.20141900805142116,-13.917990943541529,-6.475624431919681
7021021021.021021,0.21356223831692975,-13.409510720171209,-6.515585562058748,0.8484272121936547,-1.4277082100869423,-4.54511956335816,0.8484272121936547,-1.4277082100869423,-4.54511956335816,0.2104059160853501,-13.538841061554162,-6.47162169208988
7027027027.027027,0.22237363210080005,-13.0583342079885,-6.512421530351899,0.8467403596878535,-1.4449947837334232,-4.5615316644815795,0.8467403596878535,-1.4449947837334232,-4.5615316644815795,0.21935230059754188,-13.177156125880247,-6.469353040076148
7033033033.033033,0.23114021791825418,-12.722489632146686,-6.510816437066918,0.8449829408656182,-1.4630411763366515,-4.577866950534253,0.8449829408656182,-1.4630411763366515,-4.577866950534253,0.2282446092392392,-12.831989419820593,-6.468591984263384
7039039039.03904,0.239849396261918,-12.40122740766379,-6.510577909687247,0.8431584121854789,-1.4818164535362033,-4.594123792858996,0.8431584121854789,-1.4818164535362033,-4.594123792858996,0.237071218644578,-12.502423356755045,-6.46914600622071
7045045045.045045,0.24849028111586058,-12.093811852117485,-6.511540664378258,0.8412702538206391,-1.501289337578518,-4.610300707713439,0.8412702538206391,-1.501289337578518,-4.610300707713439,0.245822107817416,-12.187581235227668,-6.47085076563939
7051051051.051051,0.25705342895773203,-11.799531969960402,-6.513562192051853,0.8393219612947187,-1.521428263954221,-4.6263963558024015,0.8393219612947187,-1.521428263954221,-4.6263963558024015,0.25448859882597497,-11.88663338857811,-6.473565374786419
7057057057.057056,0.26553062002434563,-11.517707808724825,-6.516519182108674,0.8373170374590536,-1.5422014363339966,-4.6424095414662006,0.8373170374590536,-1.5422014363339966,-4.6424095414662006,0.2630631494187412,-11.598799695449369,-6.477168541455408
7063063063.063063,0.27391468061957297,-11.24769381704466,-6.520304557910757,0.835258984836504,-1.5635768796409257,-4.658339211548343,0.835258984836504,-1.5635768796409257,-4.658339211548343,0.2715391858794897,-11.323349768410901,-6.481555414181689
7069069069.069069,0.28219933776846834,-10.988880194612683,-6.524825016587723,0.8331512983526599,-1.5855224911174082,-4.674184453966532,0.8331512983526599,-1.5855224911174082,-4.674184453966532,0.27991096722858555,-11.059601701020071,-6.486634994436209
7075075075.075075,0.2903790994702268,-10.740692918626705,-6.529998983404309,0.8309974584712913,-1.6080060892655947,-4.689944496011671,0.8309974584712913,-1.6080060892655947,-4.689944496011671,0.288173473976537,-10.80691995939316,-6.492328006706666
7081081081.081081,0.2984491553022789,-10.502592918999717,-6.535754906553358,0.828800924747021,-1.6309954605602335,-4.705618702399732,0.828800924747021,-1.6309954605602335,-4.705618702399732,0.2963223162171789,-10.564712806037148,-6.498565138927969
7087087087.087088,0.30640529328186883,-10.274074727051731,-6.542029831592809,0.8265651298045146,-1.654458403852128,-4.721206573101387,0.8265651298045146,-1.654458403852128,-4.721206573101387,0.30435365704260753,-10.332429509966945,-6.505285583168223
7093093093.093094,0.31424382978052445,-10.054664819766314,-6.548768205895052,0.8242934737499433,-1.6783627723994452,-4.73670774097433,0.8242934737499433,-1.6783627723994452,-4.73670774097433,0.3122641481682139,-10.109557506975058,-6.512435820457871
7099099099.099099,0.3219615499733232,-9.843919810275075,-6.555920872657246,0.8219893190172147,-1.702676513481779,-4.752121969222801,0.8219893190172147,-1.702676513481779,-4.752121969222801,0.32005087534604265,-9.895619613235947,-6.519968604795131
7105105105.105105,0.3295556568364012,-9.641424585543746,-6.563444221515242,0.8196559856484046,-1.7273677055688672,-4.767449148708486,0.8196559856484046,-1.7273677055688672,-4.767449148708486,0.3277113116726405,-9.690171354700768,-6.527842110222605
7111111111.111111,0.3370237271192486,-9.446790457693567,-6.571299468890854,0.8172967470050219,-1.752404593031804,-4.7826892951363025,0.8172967470050219,-1.752404593031804,-4.7826892951363025,0.33524327730321435,-9.492798447567017,-6.5360192119113725
7117117117.117117,0.34436367304040594,-9.259653371441075,-6.5794520461330945,0.8149148259041875,-1.7777556183994312,-4.7978425461380265,0.8149148259041875,-1.7777556183994312,-4.7978425461380265,0.3426449043972208,-9.303114447141802,-6.544466877787271
7123123123.123123,0.3515737087072362,-9.0796721935975,-6.587871077504225,0.812513391171539,-1.8033894521760871,-4.812909158275709,0.812513391171539,-1.8033894521760871,-4.812909158275709,0.34991460636353616,-9.120758570708485,-6.553155651692357
7129129129.129129,0.35865232045858386,-8.906527099214216,-6.596528933291288,0.8100955546006294,-1.8292750202495813,-4.827889503986163,0.8100955546006294,-1.8292750202495813,-4.827889503986163,0.35705105066280357,-8.945393692541197,-6.562059212632819
7135135135.135136,0.3655982404852478,-8.739918061246975,-6.60540084594027,0.8076643683068223,-1.855381528929581,-4.842784068486709,0.8076643683068223,-1.855381528929581,-4.842784068486709,0.36405313457283345,-8.776704504618287,-6.571153997512052
7141141141.141142,0.37241042320681794,-8.579563445443553,-6.614464579233393,0.8052228224621776,-1.8816784876666082,-4.857593446661411,0.8052228224621776,-1.8816784876666082,-4.857593446661411,0.37091996343943745,-8.61439583392566,-6.580418877033189
7147147147.147147,0.37908802398162283,-8.42519870877289,-6.623700142256581,0.8027738433965219,-1.908135729511137,-4.872318339945993,0.8027738433965219,-1.908135729511137,-4.872318339945993,0.37765083102708524,-8.45819110586717,-6.589834876295735
7153153153.153153,0.38563037980472237,-8.276575197570953,-6.6330895413112625,0.8003202920488577,-1.9347234293800697,-4.886959553228609,0.8003202920488577,-1.9347234293800697,-4.886959553228609,0.3842452016566345,-8.30783094277423,-6.599384933097891
7159159159.159159,0.39203699171138084,-8.133459040296836,-6.642616564074459,0.797864962752444,-1.9614121202045995,-4.901517991782369,0.797864962752444,-1.9614121202045995,-4.901517991782369,0.3907026938751732,-8.16307188653122,-6.609053688161423
7165165165.165165,0.3983075086536726,-7.99563012910094,-6.652266591253418,0.7954105823362154,-1.9881727070397002,-4.915994658244793,0.7954105823362154,-1.9881727070397002,-4.915994658244793,0.39702306544934096,-8.023685234693051,-6.618827302476636
7171171171.171171,0.40444171265805307,-7.8628811841232915,-6.662026431754875,0.7929598095247948,-2.0149764792199862,-4.930390649657904,0.7929598095247948,-2.0149764792199862,-4.930390649657904,0.4032061995102306,-7.8894559800410535,-6.628693297765304
7177177177.177177,0.4104395051043113,-7.735016894420745,-6.671884178027163,0.7905152346190762,-2.0417951206507667,-4.944707154581912,0.7905152346190762,-2.0417951206507667,-4.944707154581912,0.4092520917077161,-7.760181844194708,-6.6386404167150594
7183183183.183184,0.4163008939925069,-7.611853129581496,-6.6818290787604155,0.7880793794392139,-2.068600718326501,-4.958945450294314,0.7880793794392139,-2.068600718326501,-4.958945450294314,0.4151608382557394,-7.635672396620231,-6.648658500177688
7189189189.18919,0.42202598208577646,-7.493216216352909,-6.6918514265671165,0.7856546975119127,-2.09536576917088,-4.973106900085225,0.7856546975119127,-2.09536576917088,-4.973106900085225,0.42093262476933097,-7.5157482511028295,-6.658738378967973
7195195195.195195,0.42761495583414105,-7.378942274940919,-6.7019424586284115,0.7832435744840396,-2.1220631852946688,-4.987192950658851,0.7832435744840396,-2.1220631852946688,-4.987192950658851,0.4265677158095607,-7.400240332458539,-6.668871778267494
7201201201.201201,0.43306807499848116,-7.268876610003838,-6.712094268594471,0.7808483287448305,-2.1486662977685165,-5.001205129650137,0.7808483287448305,-2.1486662977685165,-5.001205129650137,0.43206644506518155,-7.2889892069338105,-6.679051232942898
7207207207.207207,0.4383856629052741,-7.162873151739342,-6.722299728280237,0.7784712122393386,-2.175148859008205,-5.015145043264683,0.7784712122393386,-2.175148859008205,-5.015145043264683,0.43742920610984426,-7.181844470371304,-6.689270012342185
7213213213.213213,0.44356809727201835,-7.060793942836309,-6.732552417910213,0.7761144114561703,-2.2014850438700977,-5.02901437404933,0.7761144114561703,-2.2014850438700977,-5.02901437404933,0.4426564436820212,-7.0786641888024,-6.699522053344853
7219219219.219219,0.4486158015509235,-6.962508667423433,-6.742846563844303,0.7737800485730743,-2.2276494495538666,-5.042814878799971,0.7737800485730743,-2.2276494495538666,-5.042814878799971,0.44774864544146725,-6.979314386661187,-6.709801900619363
7225225225.225225,0.4535292367446871,-6.867894218489612,-6.753176982867194,0.7714701827444718,-2.2536170944090403,-5.056548386612589,0.7714701827444718,-2.2536170944090403,-5.056548386612589,0.45270633416153977,-6.883668578300865,-6.7201046531909014
7231231231.231232,0.4583088936533196,-6.776834300572993,-6.763539032250785,0.7691868115156298,-2.279363415740573,-5.070216797082704,0.7691868115156298,-2.279363415740573,-5.070216797082704,0.45753006032109894,-6.7916073389363705,-6.730425916548045
7237237237.237238,0.46295528551520543,-6.689219064815041,-6.773928564906995,0.7669318723487694,-2.304864266707573,-5.0838220786580415,0.7669318723487694,-2.304864266707573,-5.0838220786580415,0.46222039506344065,-6.703017911534831,-6.740761759623368
7243243243.243243,0.46746894100907604,-6.604944773752827,-6.7843418890397125,0.7647072442470582,-2.330095912407596,-5.097366267148532,0.7647072442470582,-2.330095912407596,-5.097366267148532,0.46677792349260805,-6.617793846537814,-6.751108676072958
7249249249.249249,0.4718503975864508,-6.52391349347746,-6.794775731782622,0.7625147494630599,-2.3550350252375614,-5.110851464397461,0.7625147494630599,-2.3550350252375614,-5.110851464397461,0.4712032382799964,-6.53583467162195,-6.761463549356346
7255255255.255255,0.4761001951064728,-6.446032811020304,-6.805227206376113,0.7603561552788773,-2.379658679620396,-5.124279837117026,0.7603561552788773,-2.379658679620396,-5.124279837117026,0.4754969335560765,-6.45704558899903,-6.771823621183329
7261261261.261261,0.48021886974708045,-6.371215575041641,-6.815693782493477,0.7582331758458455,-2.403944346185042,-5.137653615891358,0.7582331758458455,-2.403944346185042,-5.137653615891358,0.4796595990638461,-6.38133719801772,-6.782186462949788
7267267267.267267,0.4842069481680336,-6.2993796580928265,-6.826173259375246,0.7561474740722698,-2.427869885485585,-5.150975094349606,0.7561474740722698,-2.427869885485585,-5.150975094349606,0.4836918145519025,-6.308625241067776,-6.792549949831969
7273273273.273273,0.48806494190278105,-6.230447738899342,-6.836663741472597,0.7541006635482901,-2.4514135413438383,-5.164246628511599,0.7541006635482901,-2.4514135413438383,-5.164246628511599,0.48759414438627313,-6.238830370999272,-6.802912237249478
7279279279.27928,0.49179334195720487,-6.164347103276633,-6.847163616336765,0.7520943104975388,-2.4745539338980715,-5.177470636308275,0.7520943104975388,-2.4745539338980715,-5.177470636308275,0.4913671323610413,-6.1718779384628935,-6.813271739442055
7285285285.285286,0.4953926135943143,-6.101009462437844,-6.857671534522493,0.750129935745796,-2.4972700524393256,-5.190649597278968,0.750129935745796,-2.4972700524393256,-5.190649597278968,0.49501129668863875,-6.107697797750523,-6.823627109935241
7291291291.291291,0.49886319128471246,-6.040370787589558,-6.86818639130052,0.7482090166973526,-2.5195412481155426,-5.2037860524475406,0.7482090166973526,-2.5195412481155426,-5.2037860524475406,0.49852712515136005,-6.046224129872425,-6.833977223695897
7297297297.2972975,0.5022054738033875,-5.982371159835454,-6.878707309997315,0.7463329893102508,-2.5413472265829196,-5.2168826043792835,0.7463329893102508,-2.5413472265829196,-5.2168826043792835,0.5019150703962173,-5.987395281750093,-6.844321160800806
7303303303.303303,0.5054198194538767,-5.926954634523719,-6.889233626800367,0.7445032500620026,-2.56266804068304,-5.229941917420416,0.7445032500620026,-2.56266804068304,-5.229941917420416,0.5051755453557338,-5.93115362053357,-6.854658191460704
7309309309.309309,0.5085065414014032,-5.87406911927859,-6.899764876884851,0.7427211578977367,-2.583484083224218,-5.242966718122141,0.7427211578977367,-2.583484083224218,-5.242966718122141,0.508308918777713,-5.877445402170017,-6.864987762258746
7315315315.315315,0.5114659030969114,-5.823666265055646,-6.910300781732601,0.7409880361530626,-2.603776079945217,-5.255959795851149,0.7409880361530626,-2.603776079945217,-5.255959795851149,0.5113155108473577,-5.826220653458972,-6.875309483476609
7321321321.3213215,0.5142981137743068,-5.775701369651012,-6.920841237527386,0.7393051744441811,-2.623525082740022,-5.268924003588595,0.7393051744441811,-2.623525082740022,-5.268924003588595,0.5141955888854058,-5.777433066929848,-6.8856231173937
7327327327.327328,0.5170033240034344,-5.730133293180776,-6.9313863045219035,0.7376738305179862,-2.642712463222965,-5.281862258919682,0.7376738305179862,-2.642712463222965,-5.281862258919682,0.5169493631062521,-5.7310399079687935,-6.895928567455534
7333333333.333334,0.5195816212815796,-5.6869243851271944,-6.94193619728166,0.7360952320550381,-2.661319906714672,-5.294777545216072,0.7360952320550381,-2.661319906714672,-5.294777545216072,0.5195769824202056,-5.687001933708898,-6.906225868216232
7339339339.339339,0.5220330256464195,-5.64604042262518,-6.952491275719349,0.7345705784183613,-2.6793294067309414,-5.307672913013531,0.7345705784183613,-2.6793294067309414,-5.307672913013531,0.5220785302642458,-5.645283323277943,-6.916515175967868
7345345345.3453455,0.5243574852935101,-5.607450559735603,-6.963052036840647,0.733101042341018,-2.6967232600588624,-5.320551481587419,0.733101042341018,-2.6967232600588624,-5.320551481587419,0.524454020445847,-5.605851619073393,-6.926796759975682
7351351351.351351,0.526554872181471,-5.571127287523012,-6.9736191071283695,0.731687771545363,-2.7134840625069154,-5.333416440728725,0.731687771545363,-2.7134840625069154,-5.333416440728725,0.5267033929845276,-5.5686776788078065,-6.937070994243582
7357357357.357357,0.5286249776081132,-5.537046404824178,-6.984193235497252,0.7303318902867089,-2.7295947054193603,-5.3462710527236705,0.7303318902867089,-2.7295947054193603,-5.3462710527236705,0.5288265099359877,-5.5337356381360925,-6.947338349738657
7363363363.363363,0.53056750774079,-5.505186999661804,-6.994775286755756,0.7290345008139318,-2.7450383730488355,-5.3591186545400396,0.7290345008139318,-2.7450383730488355,-5.3591186545400396,0.5308231511837941,-5.501002883743888,-6.957599387006791
7369369369.3693695,0.532382079084272,-5.4755314413253044,-7.005366235514851,0.7277966847392283,-2.759798540885706,-5.37196266022365,0.7277966847392283,-2.759798540885706,-5.37196266022365,0.5326930101837105,-5.470460036841807,-6.967854749113985
7375375375.375376,0.5340682138694527,-5.4480653832082275,-7.015967160486335,0.7266195043088268,-2.773858975047986,-5.38480656350859,0.7266195043088268,-2.773858975047986,-5.38480656350859,0.5344356896459124,-5.44209094707499,-6.978105154849688
7381381381.381382,0.5356253353461878,-5.422777776560594,-7.026579239115162,0.7255040035659688,-2.7872037328416335,-5.3976539406450605,0.7255040035659688,-2.7872037328416335,-5.3976539406450605,0.5360506971404425,-5.41588269692241,-6.988351392129255
7387387387.387387,0.5370527629635349,-5.399660895385237,-7.03720374249146,0.7244512093968775,-2.799817164607756,-5.410508453448863,0.7244512093968775,-2.799817164607756,-5.410508453448863,0.5375374406114651,-5.3918256167247245,-6.998594311532717
7393393393.3933935,0.5383497074207072,-5.378710372779093,-7.047842030488418,0.7234621324497076,-2.8116839169812065,-5.42337385257686,0.7234621324497076,-2.8116839169812065,-5.42337385257686,0.53889522378603,-5.369913310546134,-7.008834819916309
7399399399.399399,0.5395152655719655,-5.359925249097871,-7.058495547071837,0.7225377679156691,-2.822788937693366,-5.436253981032704,0.7225377679156691,-2.822788937693366,-5.436253981032704,0.5401232414633044,-5.350142693143134,-7.019073874031483
7405405405.405405,0.5405484151687877,-5.343308032400956,-7.069165815726346,0.7216790961605402,-2.8331174820619225,-5.449152777907578,0.7216790961605402,-2.8331174820619225,-5.449152777907578,0.5412205746705081,-5.332514038383184,-7.029312474083816
7411411411.411411,0.5414480094226342,-5.328864771719479,-7.079854434941235,0.7208870831937229,-2.842655121320864,-5.4620742823605015,0.7208870831937229,-2.842655121320864,-5.4620742823605015,0.5421861856721323,-5.317031039529469,-7.039551657160623
7417417417.417418,0.5422127713717576,-5.316605143780598,-7.090563073696476,0.7201626809607493,-2.851387752956061,-5.475022637843053,0.7201626809607493,-2.851387752956061,-5.475022637843053,0.5430189128194638,-5.303700881884551,-7.049792490451786
7423423423.423424,0.542841288035642,-5.306542553918957,-7.101293466885769,0.7195068274437675,-2.85930161322478,-5.488002096573232,0.7195068274437675,-2.85930161322478,-5.488002096573232,0.5437174652279678,-5.292534328367211,-7.060036064182655
7429429429.42943,0.5433320043409348,-5.298694252011188,-7.112047410609083,0.7189204465529773,-2.866383292052041,-5.5010170242632075,0.7189204465529773,-2.866383292052041,-5.5010170242632075,0.5442804172707755,-5.283545818682822,-7.0702834841712745
7435435435.435435,0.5436832168030067,-5.2930814643852475,-7.12282675726142,0.7184044477902555,-2.872619750512564,-5.514071905105504,0.7184044477902555,-2.872619750512564,-5.514071905105504,0.5447062028773473,-5.276753582840445,-7.0805358639138865
7441441441.441442,0.5438930669478222,-5.289729542780752,-7.133633410337807,0.7179597256642672,-2.877998341124556,-5.527171347021987,0.7179597256642672,-2.877998341124556,-5.527171347021987,0.5449931096274326,-5.272179769869024,-7.090794316093203
7447447447.447447,0.5439595344593766,-5.288668131575135,-7.144469318866137,0.71758715883423,-2.8825068312005087,-5.540320087179584,0.71758715883423,-2.8825068312005087,-5.540320087179584,0.5451392726317216,-5.269850592692582,-7.101059943392409
7453453453.453453,0.5438804300388418,-5.289931354641548,-7.155336471369775,0.7172876089571089,-2.886133429521104,-5.553522997776267,0.7172876089571089,-2.886133429521104,-5.553522997776267,0.5451426681921762,-5.269796490240246,-7.111333828484628
7459459459.459459,0.5436533879625912,-5.293558023373163,-7.166236889250163,0.717061919210413,-2.8888668166208658,-5.566785092100085,0.717061919210413,-2.8888668166208658,-5.566785092100085,0.5450011072369314,-5.27205230799372,-7.121617023051848
7465465465.465466,0.5432758583277083,-5.29959186759394,-7.1771726194658845,0.7169109124598781,-2.890696178998769,-5.580111530863212,0.7169109124598781,-2.890696178998769,-5.580111530863212,0.5447122285270243,-5.276657498312069,-7.1319105356692045
7471471471.471472,0.5427450989752806,-5.3080817912838905,-7.18814572636861,0.716835389038149,-2.891611247593749,-5.5935076288119205,0.716835389038149,-2.891611247593749,-5.5935076288119205,0.544273491635047,-5.2836563420241465,-7.1422153183691925
7477477477.477478,0.5420581670839805,-5.3190821552777745,-7.199158282537205,0.7168361240971066,-2.891602340893819,-5.6069788616119975,0.7168361240971066,-2.891602340893819,-5.6069788616119975,0.543682169699273,-5.293098192943253,-7.152532251675698
7483483483.483484,0.5412119104291129,-5.332653089355128,-7.2102123584292555,0.7169138644926928,-2.8906604130786255,-5.620530873007577,0.7169138644926928,-2.8906604130786255,-5.620530873007577,0.5429353419609572,-5.305037747138654,-7.162862127869003
7489489489.48949,0.5402029583056397,-5.348860836429441,-7.221310010642897,0.7170693251569472,-2.8887771076287283,-5.634169482249189,0.7170693251569472,-2.8887771076287283,-5.634169482249189,0.5420298860975301,-5.319535338995643,-7.1732056322093145
7495495495.495496,0.5390277121177326,-5.36777813187062,-7.232453268551493,0.717303184907459,-2.885944816870955,-5.6479006917847165,0.717303184907459,-2.885944816870955,-5.6479006917847165,0.5409624703703926,-5.336657266312499,-7.183563321807461
7501501501.501501,0.5376823356423557,-5.389484621362042,-7.243644119037468,0.7176160816395751,-2.882156747967416,-5.661730695203779,0.7176160816395751,-2.882156747967416,-5.661730695203779,0.5397295456132465,-5.356476146919434,-7.1939356017857135
7507507507.507507,0.5361627449803525,-5.414067321108319,-7.25488448900956,0.7180086068414081,-2.8774069958969806,-5.675665885422925,0.7180086068414081,-2.8774069958969806,-5.675665885422925,0.5383273370954514,-5.379071309565768,-7.204322698318699
7513513513.513514,0.5344645982157353,-5.44162112467904,-7.266176225337826,0.7184812993660176,-2.8716906240214164,-5.689712863094833,0.7184812993660176,-2.8716906240214164,-5.689712863094833,0.536751836305224,-5.404529222105845,-7.214724628082008
7519519519.51952,0.532583284812561,-5.472249361305605,-7.277521071782164,0.7190346383890356,-2.865003752874438,-5.703878445220142,0.7190346383890356,-2.865003752874438,-5.703878445220142,0.5349987927096893,-5.432943960327266,-7.22514116356345
7525525525.525526,0.5305139147891992,-5.506064411052499,-7.288920642420763,0.7196690354734909,-2.8573436578603872,-5.718169673934945,0.7196690354734909,-2.8573436578603872,-5.718169673934945,0.5330637055633959,-5.464417721105843,-7.235571793606421
7531531531.531532,0.5282513077222594,-5.543188382972209,-7.300376391002776,0.7203848256566799,-2.848708876599723,-5.732593825440548,0.7203848256566799,-2.848708876599723,-5.732593825440548,0.5309418158542273,-5.49906138394382,-7.246015678454365
7537537537.537538,0.5257899816473254,-5.583753863137627,-7.311889575552251,0.7211822574666279,-2.8390993267110414,-5.747158419034778,0.7211822574666279,-2.8390993267110414,-5.747158419034778,0.5286280984962497,-5.536995125351856,-7.2564715984472015
7543543543.543544,0.52312414194139,-5.627904740342427,-7.323461217434328,0.7220614817680417,-2.8285164348732756,-5.7618712261952965,0.7220614817680417,-2.8285164348732756,-5.7618712261952965,0.5261172549035082,-5.578349090972096,-7.266937895380803
7549549549.549549,0.5202476702929804,-5.675797118287055,-7.335092053956576,0.7230225393297292,-2.816963278066501,-5.776740279655581,0.7230225393297292,-2.816963278066501,-5.776740279655581,0.5234037061078491,-5.623264130808893,-7.27741240537552
7555555555.555555,0.5171541138910457,-5.727600324246613,-7.346782483412891,0.7240653469973178,-2.804444737944816,-5.791773882402753,0.7240653469973178,-2.804444737944816,-5.791773882402753,0.5204815866183514,-5.671892603433771,-7.287892381903852
7561561561.561562,0.5138366749934524,-5.783498025572248,-7.35853250127884,0.7251896823468769,-2.7909676693489316,-5.806980616513272,0.7251896823468769,-2.7909676693489316,-5.806980616513272,0.5173447392609335,-5.724399255557642,-7.298374407394379
7567567567.567568,0.5102882010712926,-5.843689466938391,-7.370341626028081,0.7263951666868717,-2.776541084018182,-5.8223693517275725,0.7263951666868717,-2.776541084018182,-5.8223693517275725,0.5139867112853863,-5.780962183908988,-7.30885429155147
7573573573.573574,0.5065011757670775,-5.9083908430508725,-7.382208812750616,0.7276812462679575,-2.7611763506101776,-5.837949253647666,0.7276812462679575,-2.7611763506101776,-5.837949253647666,0.5104007520849363,-5.841773886909625,-7.3193269541982975
7579579579.57958,0.5024677109546809,-5.977836823612652,-7.394132352402692,0.7290471715527083,-2.744887412179176,-5.853729791422285,0.7290471715527083,-2.744887412179176,-5.853729791422285,0.5065798129423049,-5.907042414180015,-7.329786290052848
7585585585.585586,0.4981795402478083,-6.05228224975725,-7.406109754091139,0.7304919743907847,-2.727691022299172,-5.8697207447623345,0.7304919743907847,-2.727691022299172,-5.8697207447623345,0.5025165492981659,-5.9769926224072645,-7.340225012368267
7591591591.591592,0.49362801437394055,-6.132004023954415,-7.418137607272196,0.7320144429397027,-2.709607001041573,-5.8859322101046185,0.7320144429397027,-2.709607001041573,-5.8859322101046185,0.49820332613574186,-6.051867546525101,-7.350634471791997
7597597597.597597,0.4888040989139373,-6.217303218638972,-7.430211420102865,0.7336130941677188,-2.690658512026948,-5.902374605714172,0.7336130941677188,-2.690658512026948,-5.902374605714172,0.49363222719205413,-6.1319298954285015,-7.361004446100448
7603603603.603603,0.48369837500677804,-6.3085074325813135,-7.442325429390156,0.7352861437740961,-2.6708723617606327,-5.9190586754845365,0.7352861437740961,-2.6708723617606327,-5.9190586754845365,0.48879506884623763,-6.2174636814831565,-7.3713228956194286
7609609609.60961,0.4783010437374226,-6.405973428393516,-7.454472376600303,0.7370314733637886,-2.6502793224290224,-5.935995491160891,0.7370314733637886,-2.6502793224290224,-5.935995491160891,0.4836834197032521,-6.308775992764378,-7.3815756781099715
7615615615.615616,0.47260193506763903,-6.51009008964315,-7.466643243164114,0.7388465947193879,-2.6289144792697883,-5.953196452672926,0.7388465947193879,-2.6289144792697883,-5.953196452672926,0.4782886270934408,-6.406198916087135,-7.391746215641103
7621621621.621622,0.46659052234029735,-6.6212817419260865,-7.478826936777481,0.740728611023994,-2.606817603529026,-5.970673286222443,0.740728611023994,-2.606817603529026,-5.970673286222443,0.47260185195262244,-6.51009161720339,-7.401815104429705
7627627627.627628,0.46025594359358635,-6.740011889038201,-7.491009918458655,0.7426741749058248,-2.584033551872378,-5.9884380397251435,0.7426741749058248,-2.584033551872378,-5.9884380397251435,0.4666141138435633,-6.620842581669349,-7.411759656734237
7633633633.633634,0.4535870311718847,-6.866787423176227,-7.503175757666364,0.7446794432002702,-2.5606126929167212,-6.006503075156514,0.7446794432002702,-2.5606126929167212,-6.006503075156514,0.4603163482404908,-6.738872015283484,-7.421553361555421
7639639639.63964,0.44657235142586127,-7.002163376965887,-7.515304599647817,0.7467400283595288,-2.536611361282084,-6.024881057298962,0.7467400283595288,-2.536611361282084,-6.024881057298962,0.45369947863997667,-6.864634395896828,-7.431165248014118
7645645645.645645,0.43920025667139834,-7.146748295069154,-7.527372525159266,0.7488509464857335,-2.5120923392192918,-6.043584938331041,0.7488509464857335,-2.5120923392192918,-6.043584938331041,0.4467545066052714,-6.998621157691805,-7.440559131705364
7651651651.651651,0.43145895204553086,-7.301210314066807,-7.539350777497774,0.7510065620229208,-2.4871253654321017,-6.062627937641157,0.7510065620229208,-2.4871253654321017,-6.062627937641157,0.4394726235243521,-7.141363473129349,-7.449692719896413
7657657657.657658,0.42333658048637346,-7.466284050932124,-7.551204825009391,0.7532005292185799,-2.461787670169903,-6.082023516187702,0.7532005292185799,-2.461787670169903,-6.082023516187702,0.4318453487010613,-7.2934350743797935,-7.458516545930403
7663663663.663664,0.4148213298118558,-7.642778412032847,-7.562893218361537,0.7554257305595752,-2.436164535001014,-6.101785344667248,0.7554257305595752,-2.436164535001014,-6.101785344667248,0.42386469945130895,-7.455455021873734,-7.46697269635413
7669669669.66967,0.4059015668343119,-7.831585444894382,-7.574366190147708,0.7576742125026136,-2.4103498748715455,-6.1219272646931735,0.7576742125026136,-2.4103498748715455,-6.1219272646931735,0.41552340020636347,-7.628090277821676,-7.474993285791776
7675675675.675676,0.39656600470236436,-8.033690361513484,-7.585563928807335,0.7599371189590289,-2.3844468390925075,-6.14246324213206,0.7599371189590289,-2.3844468390925075,-6.14246324213206,0.4068151393174059,-7.812057870164459,-7.4824986240688505
7681681681.681682,0.38680391132043995,-8.250182860534823,-7.596414437964025,0.7622046231601134,-2.3585684267628104,-6.163407311696662,0.7622046231601134,-2.3585684267628104,-6.163407311696662,0.39773488442336535,-8.008126327217202,-7.489395007146865
7687687687.687688,0.37660536892247226,-8.482269858623779,-7.606830864106888,0.7644658587250811,-2.332838110812027,-6.184773511856276,0.7644658587250811,-2.332838110812027,-6.184773511856276,0.38827927003912055,-8.217115910322686,-7.495572047660555
7693693693.693693,0.36596159790899896,-8.731289696003916,-7.616708137237765,0.7667088509808697,-2.3073904633228484,-6.206575809102474,0.7667088509808697,-2.3073904633228484,-6.206575809102474,0.3784470746450263,-8.439896949263272,-7.500899441961975
7699699699.699699,0.3548653622506261,-8.998727785240513,-7.625918716692597,0.7689204498425197,-2.282371773060894,-6.228828010605723,0.7689204498425197,-2.282371773060894,-6.228828010605723,0.3682398092771943,-8.677385260971821,-7.505223048586139
7705705705.705706,0.34331147964719755,-9.286233487903418,-7.634307162184077,0.7710862658545345,-2.2579406441994747,-6.251543664322833,0.7710862658545345,-2.2579406441994747,-6.251543664322833,0.357662445775569,-8.930533159484048,-7.508360128691882
7711711711.711712,0.33129746801394044,-9.595637665202691,-7.641683150290529,0.7731906113155463,-2.234268563087133,-6.274735945673894,0.7731906113155463,-2.234268563087133,-6.274735945673894,0.3467243208764437,-9.200313876305184,-7.510093574514477
7717717717.717718,0.31882437196773816,-9.928969742599401,-7.647812418149876,0.775216448756345,-2.2115404175894033,-6.298417530008573,0.775216448756345,-2.2115404175894033,-6.298417530008573,0.3354402627522864,-9.487696208379807,-7.5101649323252495
7723723723.723724,0.3058978306865837,-10.288472057180357,-7.652404924171944,0.7771453494075063,-2.1899549510813063,-6.322600450234287,0.7771453494075063,-2.1899549510813063,-6.322600450234287,0.3238319999501594,-9.793604759885985,-7.508266022492473
7729729729.72973,0.29252947470640206,-10.676607374033455,-7.65509925118866,0.7789574646662466,-2.16972513063306,-6.34729593919222,0.7789574646662466,-2.16972513063306,-6.34729593919222,0.31192992938582015,-10.118859061862096,-7.504028991852413
7735735735.735736,0.27873877835594385,-11.096052153938643,-7.655441919219534,0.780631513937005,-2.1510784064020014,-6.372514256650975,0.780631513937005,-2.1510784064020014,-6.372514256650975,0.2997753400508179,-10.464081914100252,-7.4970147419754785
7741741741.741741,0.26455555341222675,-11.549662351058686,-7.652859806678211,0.7821447925557534,-2.1342568368303,-6.398264501150376,0.7821447925557534,-2.1342568368303,-6.398264501150376,0.28742321102306456,-10.829563261808977,-7.486699932368294
7747747747.747747,0.25002335832412215,-12.040388313168023,-7.64662331254559,0.7834732037875521,-2.1195170520944377,-6.424554407377071,0.7834732037875521,-2.1195170520944377,-6.424554407377071,0.27494572190138644,-11.21506066923837,-7.472463285194606
7753753753.753754,0.23520423030560877,-12.571097428970624,-7.635797331551106,0.7845913190781135,-2.1071300265341852,-6.451390130293521,0.7845913190781135,-2.1071300265341852,-6.451390130293521,0.26243662033090026,-11.619511274802278,-7.453572926639569
7759759759.75976,0.22018534236948586,-13.144231903464004,-7.619176915818421,0.7854724708052617,-2.097380629714437,-6.4787760178741305,0.7854724708052617,-2.097380629714437,-6.4787760178741305,0.25001656206068557,-12.040624420693675,-7.429178313584054
7765765765.765766,0.20508845747957782,-13.761175626761135,-7.5952056574276146,0.7860888816729109,-2.090566925579725,-6.506714375021657,0.7860888816729109,-2.090566925579725,-6.506714375021657,0.2378394291907618,-12.474322921975581,-7.398313349831753
7771771771.771772,0.19008337856605131,-14.421117148503175,-7.561879874935989,0.7864118345736596,-2.086999190106343,-6.535205222032945,0.7864118345736596,-2.086999190106343,-6.535205222032945,0.2260993620375235,-12.914013261184277,-7.359922006835395
7777777777.777778,0.17540683795616274,-15.119069607228075,-7.516656506938266,0.7864118861718444,-2.0869986202063178,-6.564246051835168,0.7864118861718444,-2.0869986202063178,-6.564246051835168,0.2150376856247615,-13.349708455208038,-7.312924009876704
7783783783.783784,0.16138794387726743,-15.842578227860056,-7.4564193407780595,0.7860591265868105,-2.0908957106466675,-6.593831591093499,0.7860591265868105,-2.0908957106466675,-6.593831591093499,0.20494792854508492,-13.76712933675056,-7.256343994387621
7789789789.789789,0.1484790572466437,-16.566695972542014,-7.377636086096585,0.7853234863558793,-2.099028281636514,-6.623953571157437,0.7853234863558793,-2.099028281636514,-6.623953571157437,0.1961756744244429,-14.147096913453476,-7.189526905198719
7795795795.795795,0.137283907251515,-17.247607376384032,-7.276966197939453,0.7841750903134327,-2.111739147659417,-6.6546005156162,0.7841750903134327,-2.111739147659417,-6.6546005156162,0.18910841937615547,-14.465782706313576,-7.112443049403004
7801801801.801802,0.12855918492315493,-17.81793779404456,-7.152668781651179,0.7825846561446463,-2.1293734281455077,-6.685757551911982,0.7825846561446463,-2.1293734281455077,-6.685757551911982,0.18415018357995475,-14.696556877183635,-7.026033679399122
7807807807.807808,0.12314548327032142,-18.191630251690224,-7.006854053883552,0.7805239331966607,-2.152275512610748,-6.717406254946481,0.7805239331966607,-2.152275512610748,-6.717406254946481,0.1816785663631636,-14.8139261163899,-6.932465694158414
7813813813.813814,0.12178911765639208,-18.287830318286616,-6.847426003427532,0.7779661747277953,-2.180785706695157,-6.7495245308379355,0.7779661747277953,-2.180785706695157,-6.7495245308379355,0.18198984940395094,-14.799056687637954,-6.83510572830507
7819819819.81982,0.12489840825865496,-18.068861927295146,-6.687258419168179,0.774886634255659,-2.2152366006737636,-6.78208654887415,0.774886634255659,-2.2152366006737636,-6.78208654887415,0.18524800479879686,-14.644929217260307,-6.738086976821132
7825825825.825826,0.1323941679351815,-17.56262290961136,-6.539686621735887,0.7712630741736279,-2.255949217855769,-6.815062729199191,0.7712630741736279,-2.255949217855769,-6.815062729199191,0.19145771513316967,-14.35854256571978,-6.645558439243232
7831831831.831832,0.14377985238013208,-16.84603933235405,-6.413606653155956,0.7670762725199219,-2.3032290159975313,-6.848419792823361,0.7670762725199219,-2.3032290159975313,-6.848419792823361,0.20047273661771436,-13.958893622129263,-6.560925635276841
7837837837.837837,0.1583587563733327,-16.007158350359266,-6.311990266582128,0.7623105119035051,-2.357361829439716,-6.882120879137458,0.7623105119035051,-2.357361829439716,-6.882120879137458,0.2120337648773361,-13.471899504794212,-6.486398231532123
7843843843.843843,0.1754316121084972,-15.11784291412547,-6.233546168039341,0.7569540333205528,-2.4186098520424144,-6.916125734255174,0.7569540333205528,-2.4186098520424144,-6.916125734255174,0.2258179861163625,-12.924829400568235,-6.422946605334075
7849849849.84985,0.1943965355968215,-14.226229580848193,-6.175046571958622,0.7509994371233597,-2.48720777001811,-6.950390971250901,0.7509994371233597,-2.48720777001811,-6.950390971250901,0.24148321003627624,-12.342261194074165,-6.370547974224211
7855855855.855856,0.21477073266845723,-13.36049802617261,-6.132894058951212,0.7444440138805603,-2.563359158424171,-6.984870400793818,0.7444440138805603,-2.563359158424171,-6.984870400793818,0.2586981547734773,-11.744133379635475,-6.328531837053117
7861861861.861862,0.2361760823902932,-12.535281712084265,-6.103840418884024,0.7372899893821455,-2.647233254546444,-7.019515427929045,0.7372899893821455,-2.647233254546444,-7.019515427929045,0.277158696360723,-11.145429801490128,-6.295889273155498
7867867867.867868,0.25831572283610693,-11.756983178651545,-6.085198049098226,0.7295446706027061,-2.7389622151692845,-7.054275507980435,0.7295446706027061,-2.7389622151692845,-7.054275507980435,0.29659387424159583,-10.556756459985884,-6.271493514364369
7873873873.873875,0.2809528214884773,-11.027332042285806,-6.074826814665202,0.7212204829564146,-2.8386389526748292,-7.0890986519237,0.7212204829564146,-2.8386389526748292,-7.0890986519237,0.31676590259768134,-9.985231460252265,-6.254233515248686
7879879879.87988,0.3038943576084394,-10.345547267388845,-6.0710472216589055,0.7123348934779006,-2.9463156273935303,-7.123931969283619,0.7123348934779006,-2.9463156273935303,-7.123931969283619,0.3374673665970589,-9.435364349521238,-6.243082898375472
7885885885.885886,0.32697961750103965,-9.709586370813735,-6.07254414775938,0.7029102193807482,-3.062002851453687,-7.158722234812076,0.7029102193807482,-3.062002851453687,-7.158722234812076,0.3585175231289712,-8.909792252518633,-6.237127849901351
7891891891.8918915,0.3500723197072331,-9.116844552689114,-6.0782832027683185,0.6929733264546194,-3.1856696337816004,-7.193416464040286,0.6929733264546194,-3.1856696337816004,-7.193416464040286,0.37975868254887063,-8.409845758654056,-6.235571824200682
7897897897.897898,0.3730553179685237,-8.564535293735714,-6.0874443552958635,0.6825552266073576,-3.317244068440469,-7.227962482360318,0.6825552266073576,-3.317244068440469,-7.227962482360318,0.40105307178810917,-7.9359630583386025,-6.237728623338169
7903903903.903904,0.39582706169047555,-8.049890350087006,-6.099371313884856,0.6716905881915649,-3.4566147408924612,-7.262309472611018,0.6716905881915649,-3.4566147408924612,-7.262309472611018,0.4222802729741206,-7.487984127532837,-6.243010623471745
7909909909.90991,0.4182992242271185,-7.570258817122468,-6.113533577277122,0.6604171762711629,-3.603632800771797,-7.2964084871979775,0.6604171762711629,-3.603632800771797,-7.2964084871979775,0.44333519027637386,-7.065355893468372,-6.250915795222281
7915915915.915916,0.4403950897574091,-7.1231506379271625,-6.129498137555949,0.6487752424535215,-3.7581146269543533,-7.330212912482735,0.6487752424535215,-3.7581146269543533,-7.330212912482735,0.4641264459299288,-6.667273695432639,-6.2610153050154915
7921921921.921923,0.46204841965330135,-6.706250216739518,-6.146908358067595,0.6368068852050457,-3.9198449923928957,-7.363678875403716,0.6368068852050457,-3.9198449923928957,-7.363678875403716,0.48457509893612255,-6.292778137956741,-6.272942448479246
7927927927.927928,0.48320261031585127,-6.317414565440967,-6.165468127739372,0.6245554016570003,-4.088580623243394,-7.396765584877414,0.6245554016570003,-4.088580623243394,-7.396765584877414,0.5046135919147584,-5.940821116238908,-6.286383125017161
7933933933.933934,0.5038100177045519,-5.954664025739689,-6.18492988360003,0.6120646508707341,-4.264054039654833,-7.429435603292798,0.6120646508707341,-4.264054039654833,-7.429435603292798,0.5241848502472158,-5.610310699803386,-6.301067800718724
7939939939.9399395,0.5238313677632608,-5.616169979284537,-6.205085472334864,0.5993784465296588,-4.445977564195015,-7.461655046177119,0.5993784465296588,-4.445977564195015,-7.461655046177119,0.5432414769092054,-5.300141574804549,-6.316764796360008
7945945945.945946,0.5432352026034817,-5.300241895277321,-6.22575910320377,0.5865399942835918,-4.634047387781322,-7.493393710716141,0.5865399942835918,-4.634047387781322,-7.493393710716141,0.561745003588226,-5.009215634027594,-6.333274704918077
7951951951.951952,0.5619973336411388,-5.005314898145013,-6.24680184981467,0.5735913857468168,-4.827947591390737,-7.5246251361234755,0.5735913857468168,-4.827947591390737,-7.5246251361234755,0.5796651728658541,-4.73645583790263,-6.350425748228286
7957957957.957958,0.5801002875753976,-4.729938384756753,-6.268087306579612,0.5605731577059219,-5.027354033737138,-7.5553266007780655,0.5605731577059219,-5.027354033737138,-7.5553266007780655,0.5969792372894124,-4.48081546409409,-6.36806990353701
7963963963.963964,0.5975327409716908,-4.472765863369912,-6.289508112678406,0.5475239216689065,-5.231938029415378,-7.58547906252957,0.5475239216689065,-5.231938029415378,-7.58547906252957,0.6136712693032137,-4.241284178452275,-6.386079656670861
7969969969.969971,0.614288945547716,-4.232545999349394,-6.310973133584528,0.534480065686243,-5.441369757613268,-7.615067049590964,0.534480065686243,-5.441369757613268,-7.615067049590964,0.6297314816522972,-4.016891896508722,-6.404345264022747
7975975975.975976,0.6303681499964334,-4.008114762852156,-6.332405146067148,0.5214755275503185,-5.655321357375634,-7.644078510012204,0.5214755275503185,-5.655321357375634,-7.644078510012204,0.6451555614536806,-3.806711092248949,-6.422772428253811
7981981981.981982,0.6457740260206568,-3.798388538583864,-6.353738913086557,0.5085416361318459,-5.8734696807026054,-7.672504627899082,0.5085416361318459,-5.8734696807026054,-7.672504627899082,0.6599440230864544,-3.609858001152111,-6.441280311795462
7987987987.9879875,0.6605141067484781,-3.6023580525076615,-6.3749195644420515,0.4957070157880324,-6.095498688813789,-7.700339614367205,0.4957070157880324,-6.095498688813789,-7.700339614367205,0.6741015857828093,-3.425493024175263,-6.459799827933482
7993993993.993994,0.6745992452781138,-3.4190829804499523,-6.395901220478206,0.4829975474809962,-6.3211014892419835,-7.727580480771534,0.4829975474809962,-6.3211014892419835,-7.727580480771534,0.6876365816591354,-3.2528205457467942,-6.478272161825195
8000000000.0,0.6880431001018579,-3.2476871204604905,-6.4166458118061875,0.47043637944412714,-6.54998202176209,-7.754226801098641,0.47043637944412714,-6.54998202176209,-7.754226801098641,0.7005603992057945,-3.0910883164579666,-6.496647483713424
8006006006.006006,0.7008616528418357,-3.087354029742269,-6.437122059435767,0.45804397987176954,-6.781856409414969,-7.7802804696214,0.45804397987176954,-6.781856409414969,-7.7802804696214,0.7128869661968146,-2.939586509514851,-6.514883824335941
8012012012.0120125,0.7130727622893199,-2.937323045362843,-6.457304588087115,0.44583822411241164,-7.016453997086477,-7.805745459055638,0.44583822411241164,-7.016453997086477,-7.805745459055638,0.7246322747722799,-2.7976465320756945,-6.532946088520363
8018018018.018019,0.7246957573138558,-2.7968856244851175,-6.477173151593089,0.4338345091398429,-7.253518104393103,-7.830627583577875,0.4338345091398429,-7.253518104393103,-7.830627583577875,0.735813950223957,-2.6646396536136234,-6.550805187575256
8024024024.024024,0.7357510698919986,-2.6653819539763832,-6.496711953820376,0.4220458885839768,-7.492806522220245,-7.85493427020463,0.4220458885839768,-7.492806522220245,-7.85493427020463,0.7464508638730728,-2.53997550026936,-6.568437274646428
8030030030.03003,0.7462599083547415,-2.5421977908803894,-6.5159090518753,0.4104832222528195,-7.7340917834086165,-7.8786743412277245,0.4104832222528195,-7.7340917834086165,-7.8786743412277245,0.7565627894271789,-2.4231004547288606,-6.585823069951706
8036036036.036036,0.7562439699957768,-2.426761504521741,-6.534755830841504,0.399155334808314,-7.977161238051264,-7.901857809667503,0.399155334808314,-7.977161238051264,-7.901857809667503,0.7661701013714821,-2.313495994141431,-6.602947264933616
8042042042.042042,0.7657251914267182,-2.3185412982244444,-6.553246541158961,0.38806917902071786,-8.221816962914598,-7.924495689060038,0.38806917902071786,-8.221816962914598,-7.924495689060038,0.7752935132990644,-2.2106769931290633,-6.619797996030308
8048048048.048048,0.7747255345020889,-2.217042594087447,-6.57137789116819,0.37722999977983634,-8.46787553286372,-7.9465998183396716,0.37722999977983634,-8.46787553286372,-7.9465998183396716,0.7839538536085868,-2.114190014499645,-6.636366380076844
8054054054.054054,0.7832668052491629,-2.121805568282111,-6.589148688435557,0.36664149575734073,-8.71516768007915,-7.968182702115571,0.36664149575734073,-8.71516768007915,-7.968182702115571,0.7921718756828127,-2.023611606536032,-6.652646104400444
8060060060.0600605,0.7913705030023038,-2.0324028272191765,-6.606559524333824,0.3563059762735572,-8.963537864466556,-7.989257366264809,0.3563059762735572,-8.963537864466556,-7.989257366264809,0.799968099485644,-1.9385466225007522,-6.66863306552959
8066066066.066067,0.7990576968338299,-1.9484372169270616,-6.623612497042153,0.346224511511958,-9.212843776147498,-8.009837228469431,0.346224511511958,-9.212843776147498,-8.009837228469431,0.8073626814568438,-1.8586265751534592,-6.684325051147591
8072072072.072072,0.8063489263680864,-1.8695397593142813,-6.640310968696131,0.3363970747402991,-9.46295578837846,-8.029935983100872,0.3363970747402991,-9.46295578837846,-8.029935983100872,0.8143753096184209,-1.78350803656636,-6.699721460520999
8078078078.078078,0.8132641241393508,-1.7953677098304877,-6.656659352894148,0.326822675637714,-9.71375637677709,-8.049567499693854,0.326822675637714,-9.71375637677709,-8.049567499693854,0.8210251209133392,-1.7128710912984648,-6.714823059148565
8084084084.084084,0.8198225567862204,-1.7256027315390334,-6.67266292917394,0.317499484195112,-9.965139518394352,-8.068745734143258,0.317499484195112,-9.965139518394352,-8.068745734143258,0.8273306379558143,-1.646417849031615,-6.729631763825535
8090090090.09009,0.8260427825473906,-1.6599491808783087,-6.688327681428338,0.30842494495687706,-10.217010082005649,-8.087484651692959,0.30842494495687706,-10.217010082005649,-8.087484651692959,0.8333097225662308,-1.5838710210596674,-6.744150454714488
8096096096.096096,0.8319426227210054,-1.5981325005058666,-6.703660157543107,0.2995958816117526,-10.469283219023088,-8.105798160756406,0.2995958816117526,-10.469283219023088,-8.105798160756406,0.8389795436783897,-1.5249725635428455,-6.758382811366967
8102102102.102102,0.8375391449601409,-1.5398977146487671,-6.718667347820038,0.29100859212703867,-10.721883762668584,-8.12370005660756,0.29100859212703867,-10.721883762668584,-8.12370005660756,0.8443565574311159,-1.4694823891751811,-6.772333169957009
8108108108.1081085,0.8428486564909231,-1.4850080223711521,-6.733356580000658,0.282658934760111,-10.97474564149562,-8.141203974001252,0.282658934760111,-10.97474564149562,-8.141203974001252,0.8494564974814719,-1.4171771478471704,-6.786006399273312
8114114114.114115,0.8478867055501037,-1.4332434841471289,-6.747735428933599,0.2745424053821393,-11.22781131199311,-8.158323347817907,0.2745424053821393,-11.22781131199311,-8.158323347817907,0.8542943737961489,-1.3678490760026705,-6.799407793274691
8120120120.12012,0.8526680895407789,-1.3843997971106845,-6.761811639135258,0.26665420661697115,-11.481031213848404,-8.175071380875245,0.26665420661697115,-11.481031213848404,-8.175071380875245,0.8588844783866899,-1.3213049136675272,-6.812542978247286
8126126126.126126,0.8572068685944725,-1.3382871543604367,-6.77559305868027,0.25898930933999065,-11.734363250457916,-8.191461018103857,0.25898930933999065,-11.734363250457916,-8.191461018103857,0.8632403966494909,-1.277364887553545,-6.8254178328131
8132132132.132132,0.8615163834032098,-1.2947291837281425,-6.789087583028069,0.25154250710219433,-11.987772296451528,-8.207504926342738,0.25154250710219433,-11.987772296451528,-8.207504926342738,0.8673750231516156,-1.2358617581930553,-6.838038419230703
8138138138.138138,0.8656092763452061,-1.253561961479587,-6.802303107545249,0.24430846404865675,-12.241229733314729,-8.223215479071499,0.24430846404865675,-12.241229733314729,-8.223215479071499,0.871300580867077,-1.1966399287232494,-6.850410924601526
8144144144.144144,0.8694975150719217,-1.2146330965052923,-6.815247487622133,0.23728175689191328,-12.494713013633614,-8.238604745456652,0.23728175689191328,-12.494713013633614,-8.238604745456652,0.8750286430154365,-1.1595546126977172,-6.862541610750627
8150150150.15015,0.8731924178530553,-1.1778008806705995,-6.827928505407068,0.2304569114826289,-12.74820525404309,-8.253684483148865,0.2304569114826289,-12.74820525404309,-8.253684483148865,0.8785701567856695,-1.1244710581412234,-6.874436771690884
8156156156.156157,0.8767046800897953,-1.1429335011307091,-6.840353842294569,0.22382843449520298,-13.001694856605328,-8.268466134324948,0.22382843449520298,-13.001694856605328,-8.268466134324948,0.8819354683440407,-1.0912638249689326,-6.886102697705192
8162162162.162163,0.8800444015065688,-1.1099083105687848,-6.8525310564043656,0.21739084071675477,-13.2551751580735,-8.28296082452238,0.21739084071675477,-13.2551751580735,-8.28296082452238,0.8851343486260882,-1.0598161128526016,-6.897545645193797
8168168168.168168,0.8832211136183816,-1.0786111514833197,-6.864467564378837,0.21113867639606756,-13.508644106289758,-8.297179363864446,0.21113867639606756,-13.508644106289758,-8.297179363864446,0.8881760195010658,-1.0300191366212035,-6.908771811534431
8174174174.174174,0.8862438071461317,-1.0489357308271108,-6.876170626907299,0.20506653907567243,-13.762103962825039,-8.311132250321219,0.20506653907567243,-13.762103962825039,-8.311132250321219,0.8910691799734087,-1.0017715463242962,-6.919787314292906
8180180180.18018,0.8891209591166811,-1.0207830414857475,-6.887647337457374,0.19916909429688223,-14.01556103086191,-8.324829674694245,0.19916909429688223,-14.01556103086191,-8.324829674694245,0.8938220321511445,-0.9749788891556744,-6.930598174201426
8186186186.186186,0.8918605594396912,-0.9940608272696672,-6.898904613757971,0.1934410895343833,-14.269025407267602,-8.338281527052462,0.1934410895343833,-14.269025407267602,-8.338281527052462,0.8964423067670505,-0.949553110523822,-6.941210301393187
8192192192.192192,0.8944701367998075,-0.9686830882833054,-6.909949191635035,0.18787736568514374,-14.522510757770918,-8.351497404382355,0.18787736568514374,-14.522510757770918,-8.351497404382355,0.8989372880855823,-0.925412091661615,-6.951629484444531
8198198198.198198,0.8969567837422073,-0.9445696237207214,-6.920787620851741,0.18247286640583116,-14.776034114156989,-8.36448661924782,0.18247286640583116,-14.776034114156989,-8.36448661924782,0.9013138380685157,-0.9024792212830728,-6.96186138183192
8204204204.204205,0.8993271808623894,-0.9216456093209242,-6.9314262626492065,0.17722264556423634,-15.029615692409273,-8.37725820928427,0.17722264556423634,-15.029615692409273,-8.37725820928427,0.9035784197055634,-0.8806829989181668,-6.971911515460113
8210210210.210211,0.9015876200384466,-0.899841206894324,-6.941871288723157,0.17212187304332258,-15.283278730763229,-8.389820947377657,0.17212187304332258,-15.283278730763229,-8.389820947377657,0.9057371194439869,-0.859956667683055,-6.981785265961577
8216216216.216216,0.903744026666641,-0.879091203503764,-6.952128681406552,0.1671658391116706,-15.537049346681204,-8.402183352402572,0.1671658391116706,-15.537049346681204,-8.402183352402572,0.9077956686741077,-0.8402378743710357,-6.991487869505401
8222222222.222222,0.9058019808794947,-0.8593346780492381,-6.962204234858607,0.16234995755119824,-15.790956411813832,-8.414353700414502,0.16234995755119824,-15.790956411813832,-8.414353700414502,0.909759464246354,-0.82146835487659,-7.001024415887823
8228228228.228229,0.9077667377405902,-0.8405146931626034,-6.972103557087435,0.1576697677120791,-16.045031444076777,-8.42634003621016,0.1576697677120791,-16.045031444076777,-8.42634003621016,0.9116335880106999,-0.8035936430894891,-7.010399847706091
8234234234.234234,0.9096432464222043,-0.8225780104684985,-6.981832072656975,0.153120935645713,-16.29930851604047,-8.438150185186633,0.153120935645713,-16.29930851604047,-8.438150185186633,0.9134228253815383,-0.78656280151726,-7.01961896044354
8240240240.24024,0.9114361683813498,-0.8054748274090838,-6.991395025949376,0.1486992544493577,-16.553824178900747,-8.44979176544509,0.1486992544493577,-16.553824178900747,-8.44979176544509,0.9151316829406959,-0.7703281720112001,-7.0286864033164855
8246246246.246246,0.9131498945571367,-0.7891585339634353,-7.000797484872007,0.14440064394038532,-16.80861740137573,-8.461272200098447,0.14440064394038532,-16.80861740137573,-8.461272200098447,0.916764405098835,-0.7548451450830123,-7.037606680753695
8252252252.252253,0.914788561617944,-0.7735854877173685,-7.010044344913953,0.14022114976412686,-17.063729522949487,-8.472598729754582,0.14022114976412686,-17.063729522949487,-8.472598729754582,0.9183249898412517,-0.7400719464055577,-7.046384154396633
8258258258.258259,0.9163560672909778,-0.7587148058567377,-7.019140333470562,0.13615694202665324,-17.319204220962924,-8.483778425157928,0.13615694202665324,-17.319204220962924,-8.483778425157928,0.9198172035883475,-0.7259694391922701,-7.055023045524064
8264264264.264265,0.9178560848097385,-0.7445081727660396,-7.028090014366486,0.13220431353260767,-17.575087491130542,-8.494818199982447,0.13220431353260767,-17.575087491130542,-8.494818199982447,0.9212445952041112,-0.7125009412448893,-7.063527437817951
8270270270.27027,0.919292076516755,-0.7309296620165591,-7.036897792518088,0.12835967769815695,-17.831427641142337,-8.505724823778479,0.12835967769815695,-17.831427641142337,-8.505724823778479,0.9226105091880026,-0.6996320555486552,-7.071901280399275
8276276276.276277,0.9206673066601248,-0.7179455716221571,-7.0455679186850855,0.12461956620018144,-18.088275297092224,-8.516504935084972,0.12461956620018144,-18.088275297092224,-8.516504935084972,0.9239180980868716,-0.6873305133778808,-7.080148391072591
8282282282.282282,0.9219848534227928,-0.7055242715290091,-7.054104494269126,0.12098062641491653,-18.34568342255496,-8.527165054726986,0.12098062641491653,-18.34568342255496,-8.527165054726986,0.925170334164113,-0.6755660289532315,-7.088272459727011
8288288288.288288,0.9232476202234544,-0.6936360623867657,-7.062511476123794,0.11743961869219574,-18.603707350219516,-8.53771159932674,0.11743961869219574,-18.603707350219516,-8.53771159932674,0.9263700203633067,-0.6643101647650497,-7.096277051849037
8294294294.294294,0.9244583463274819,-0.6822530447238018,-7.070792681346363,0.11399341350527774,-18.8624048260688,-8.548150895064543,0.11399341350527774,-18.8624048260688,-8.548150895064543,0.9275198006032329,-0.6535362067449434,-7.104165612109311
8300300300.300301,0.9256196168054768,-0.6713489977187638,-7.078951792026742,0.11063898851071523,-19.121836066185853,-8.558489191734166,0.11063898851071523,-19.121836066185853,-8.558489191734166,0.9286221694404383,-0.643219048531062,-7.111941467991271
8306306306.306307,0.926733871876011,-0.6608992668247448,-7.086992359933383,0.10737342554792224,-19.3820638263549,-8.568732677145706,0.10737342554792224,-19.3820638263549,-8.568732677145706,0.9296794811345933,-0.6333350841309706,-7.1196078334346575
8312312312.312312,0.9278034156678936,-0.6508806595616606,-7.094917811119737,0.10419390760383777,-19.64315348471996,-8.578887491937722,0.10419390760383777,-19.64315348471996,-8.578887491937722,0.9306939581507565,-0.6238621083401051,-7.1271678124712645
8318318318.318318,0.9288304244359589,-0.6412713488468704,-7.102731450438006,0.10109771576436741,-19.90517313786102,-8.588959744869832,0.10109771576436741,-19.90517313786102,-8.588959744869832,0.9316676991313831,-0.6147792243240703,-7.1346244028340795
8324324324.324325,0.9298169542629344,-0.6320507832843378,-7.110436465949782,0.09808222617103358,-20.168193710749808,-8.598955528676994,0.09808222617103358,-20.168193710749808,-8.598955528676994,0.932602686369554,-0.606066757819397,-7.141980499524203
8330330330.330331,0.9307649482784522,-0.623199603878979,-7.118035933225475,0.09514490699840798,-20.432289081156863,-8.608880936577764,0.09514490699840798,-20.432289081156863,-8.608880936577764,0.9335007928135237,-0.5977061774498025,-7.149238898322808
8336336336.336336,0.9316762434247885,-0.6146995666850701,-7.125532819526525,0.09228331546541456,-20.697536219198184,-8.618742079541125,0.09228331546541456,-20.697536219198184,-8.618742079541125,0.9343637886312001,-0.5896800206948836,-7.156402299237804
8342342342.342342,0.9325525767973691,-0.6065334709370752,-7.132929987866019,0.08949509489146963,-20.96401534283153,-8.628545104429863,0.08949509489146963,-20.96401534283153,-8.628545104429863,0.935193347361756,-0.5819718250842031,-7.163473309876933
8348348348.348349,0.9333955915866131,-0.5986850922469354,-7.140230200944875,0.08677797180652126,-21.231810090250328,-8.63829621315413,0.08677797180652126,-21.231810090250328,-8.63829621315413,0.9359910516801135,-0.5745660642234832,-7.170454448740853
8354354354.354355,0.9342068426462032,-0.591139120485073,-7.147436124961926,0.08412975312247326,-21.50100771026615,-8.648001682985946,0.08412975312247326,-21.50100771026615,-8.648001682985946,0.9367583987986589,-0.5674480882902175,-7.177348148431257
8360360360.36036,0.9349878017114681,-0.5838811019925476,-7.15455033329731,0.081548323372075,-21.771699271932437,-8.657667888205461,0.081548323372075,-21.771699271932437,-8.657667888205461,0.9374968055291361,-0.5606040686647631,-7.184156758770422
8366366366.366366,0.9357398622901472,-0.5768973858000137,-7.161575310069414,0.07903164202019433,-22.043979894835303,-8.667301323272365,0.07903164202019433,-22.043979894835303,-8.667301323272365,0.9382076130263796,-0.5540209463887452,-7.190882549829652
8372372372.372373,0.936464344246527,-0.5701750735543567,-7.168513453566295,0.0765777408513912,-22.317949001669703,-8.676908627742069,0.0765777408513912,-22.317949001669703,-8.676908627742069,0.9388920912342135,-0.5476863841671207,-7.197527714865032
8378378378.378379,0.9371624980986297,-0.5637019728777848,-7.175367079553192,0.07418472143685814,-22.5937105949334,-8.686496613176478,0.07418472143685814,-22.5937105949334,-8.686496613176478,0.9395514430526727,-0.5415887216518889,-7.204094373159722
8384384384.384384,0.9378355090469435,-0.5574665539055689,-7.182138424458103,0.07185075268311725,-22.871373559805335,-8.696072292334161,0.07185075268311725,-22.871373559805335,-8.696072292334161,0.9401868082444718,-0.5357169337663197,-7.21058457277265
8390390390.39039,0.9384845007520288,-0.5514579087685432,-7.188829648437884,0.06957406846428024,-23.15105199553951,-8.705642910965507,0.06957406846428024,-23.15105199553951,-8.705642910965507,0.9407992670975797,-0.5300605918468491,-7.217000293194082
8396396396.396397,0.9391105388772285,-0.5456657138048338,-7.195442838327559,0.06735296533926007,-23.432865577995074,-8.715215982585796,0.06735296533926007,-23.432865577995074,-8.715215982585796,0.9413898438596612,-0.5246098273973829,-7.223343447908903
8402402402.402403,0.9397146344116977,-0.5400801943018371,-7.201980010475832,0.06518580035494982,-23.716939956254855,-8.724799326654797,0.06518580035494982,-23.716939956254855,-8.724799326654797,0.9419595099591623,-0.5193552982664152,-7.22961588686896
8408408408.408408,0.9402977467879696,-0.5346920915851178,-7.208443113469907,0.06307098893619201,-24.003407186645738,-8.734401110656453,0.06307098893619201,-24.003407186645738,-8.734401110656453,0.9425091870268691,-0.5142881570719569,-7.2358193988759885
8414414414.414414,0.9408607868073693,-0.5294926322848869,-7.214834030752916,0.06100700286318892,-24.292406207889133,-8.744029896648978,0.06100700286318892,-24.292406207889133,-8.744029896648978,0.9430397497308646,-0.5094000217127883,-7.241955713876997
8420420420.420421,0.941404619385715,-0.5244734996237937,-7.221154583137271,0.058992368336990585,-24.584083361567185,-8.753694692945853,0.058992368336990585,-24.584083361567185,-8.753694692945853,0.9435520284369752,-0.5046829478168255,-7.248026505174128
8426426426.426427,0.9419300661309247,-0.5196268065818294,-7.227406531217409,0.057025664133725576,-24.8785929626106,-8.763405011695284,0.057025664133725576,-24.8785929626106,-8.763405011695284,0.944046811706008,-0.5001294029887489,-7.254033391551182
8432432432.432432,0.9424379077634062,-0.5149450708048972,-7.23359157768528,0.0551055198484196,-25.176097925090843,-8.77317093325227,0.0551055198484196,-25.176097925090843,-8.77317093325227,0.9445248486383421,-0.4957322427294525,-7.259977939319087
8438438438.438438,0.9429288863893601,-0.5104211911340412,-7.239711369552081,0.05323061422946407,-25.476770449256602,-8.783003178388602,0.05323061422946407,-25.476770449256602,-8.783003178388602,0.9449868510757186,-0.4914846879097111,-7.26586166428271
8444444444.444445,0.9434037076364804,-0.5060484256413992,-7.245767500279597,0.05139967360519641,-25.78079277648055,-8.792913189565976,0.05139967360519641,-25.78079277648055,-8.792913189565976,0.9454334956694586,-0.4873803036889941,-7.271686033631435
8450450450.450451,0.9438630426608998,-0.5018203710676024,-7.251761511824508,0.04961147040451915,-26.0883580196047,-8.802913222713414,0.04961147040451915,-26.0883580196047,-8.802913222713414,0.9458654258237014,-0.483412979778749,-7.277452467755948
8456456456.456456,0.9443075300336382,-0.49773094356325787,-7.257694896599018,0.04786482177411859,-26.39967107708696,-8.813016451209291,0.04786482177411859,-26.39967107708696,-8.813016451209291,0.9462832535216852,-0.47957691195699703,-7.283162341993743
8462462462.462462,0.9447377775142679,-0.49377436064437014,-7.263569099350995,0.04615858829565896,-26.71494964036569,-8.823237084080784,0.04615858829565896,-26.71494964036569,-8.823237084080784,0.9466875610425792,-0.47586658474782273,-7.288816988305782
8468468468.468469,0.9451543637189938,-0.4899451242782855,-7.26938551896683,0.044491672807305524,-27.034425304987625,-8.833590500811649,0.044491672807305524,-27.034425304987625,-8.833590500811649,0.9470789025758555,-0.47227675518592577,-7.294417696886752
8474474474.474475,0.9455578396898746,-0.48623800502284126,-7.275145510200094,0.04286301933516771,-27.35834479728045,-8.844093405608461,0.04286301933516771,-27.35834479728045,-8.844093405608461,0.9474578057397374,-0.4688024375921554,-7.299965717711383
8480480480.48048,0.9459487303714573,-0.48264802714716476,-7.280850385328996,0.04127161214179622,-27.686971329691062,-8.854764004534522,0.04127161214179622,-27.686971329691062,-8.854764004534522,0.9478247730098216,-0.46543888929143906,-7.305462262019153
8486486486.486486,0.946327536000678,-0.47917045466780595,-7.286501415745561,0.03971647490073836,-28.02058609935166,-8.865622209605252,0.03971647490073836,-28.02058609935166,-8.865622209605252,0.9481802830635656,-0.46218159720950064,-7.310908503739731
8492492492.492493,0.9466947334155097,-0.47580077823859357,-7.292099833479325,0.03819667000850859,-28.35948994593729,-8.87668987477896,0.03819667000850859,-28.35948994593729,-8.87668987477896,0.9485247920459601,-0.4590262652893442,-7.316305580861448
8498498498.498499,0.9470507772874565,-0.4725347028372272,-7.297646832658327,0.03671129804822856,-28.704005186402725,-8.887991069812848,0.03671129804822856,-28.704005186402725,-8.887991069812848,0.9488587347613445,-0.45596880267281564,-7.321654596744997
8504504504.504504,0.9473961012826683,-0.4693681361956014,-7.303143570909971,0.03525949742281858,-29.054477645641576,-8.899552399236514,0.03525949742281858,-29.054477645641576,-8.899552399236514,0.9491825257960012,-0.45300531259644233,-7.326956621384552
8510510510.51051,0.9477311191561257,-0.4662971779247688,-7.308591170704336,0.03384044418015957,-29.411278903365805,-8.911403375288916,0.03384044418015957,-29.411278903365805,-8.911403375288916,0.9494965605758601,-0.45013208195433996,-7.332212692618357
8516516516.516517,0.948056225783062,-0.4633181092888355,-7.313990720642354,0.032453352058342655,-29.774808778347154,-8.923576855654304,0.032453352058342655,-29.774808778347154,-8.923576855654304,0.9498012163633484,-0.44734557148447485,-7.3374238172908655
8522522522.522523,0.948371798131505,-0.4604273835854237,-7.319343276691222,0.03109747278635027,-30.145498071256966,-8.936109559326058,0.03109747278635027,-30.145498071256966,-8.936109559326058,0.9500968531971711,-0.44464240653747245,-7.34259097236836
8528528528.528528,0.9486781961795757,-0.4576216170932557,-7.324649863369296,0.0297720966846778,-30.523811586191073,-8.949042677065766,0.0297720966846778,-30.523811586191073,-8.949042677065766,0.950383814778542,-0.44201936839023426,-7.3477151060099795
8534534534.534534,0.9489757637809325,-0.45489758055027396,-7.329911474882646,0.02847655362215407,-30.91025144778868,-8.962422596891662,0.02847655362215407,-30.91025144778868,-8.962422596891662,0.9506624293071665,-0.43947338606913083,-7.3527971385959665
8540540540.540541,0.9492648294815413,-0.45225219112813453,-7.335129076215332,0.027210214400309553,-31.305360724489727,-8.976301770064055,0.027210214400309553,-31.305360724489727,-8.976301770064055,0.9509330102700594,-0.4370015286500436,-7.357837963714898
8546546546.546547,0.9495457072907308,-0.4496825048714498,-7.340303604175424,0.02597249265617486,-31.70972735714612,-8.99073974944771,0.02597249265617486,-31.70972735714612,-8.99073974944771,0.9511958571860738,-0.434600998004828,-7.362838449111637
8552552552.552552,0.9498186974093147,-0.44718570957217874,-7.345435968398657,0.024762847399854498,-32.12398837321209,-9.005804440327955,0.024762847399854498,-32.12398837321209,-9.005804440327955,0.9514512563088364,-0.43226912196584577,-7.367799437597577
8558558558.558558,0.9500840869173657,-0.44475911805176993,-7.35052705231156,0.02358078633653327,-32.548834336028676,-9.021573614267723,0.02358078633653327,-32.548834336028676,-9.021573614267723,0.951699481290611,-0.430003347882128,-7.372721747924828
8564564564.564565,0.950342150424082,-0.44240016182533615,-7.35557771405581,0.022425870166544286,-32.98501393005053,-9.03813675010042,0.022425870166544286,-32.98501393005053,-9.03813675010042,0.9519407938094449,-0.4278012365425881,-7.377606175625791
8570570570.570571,0.950593150682001,-0.4401063851241385,-7.3605887873755,0.02129771811540554,-33.43333850678892,-9.05559728353522,0.02129771811540554,-33.43333850678892,-9.05559728353522,0.9521754441617972,-0.4256604564434123,-7.382453493819607
8576576576.576576,0.950837339167704,-0.4378754392539794,-7.365561082468894,0.02019601502351856,-33.894686298223064,-9.074075369210831,0.02019601502351856,-33.894686298223064,-9.074075369210831,0.9524036718227255,-0.42357877837813523,-7.387264453986855
8582582582.582582,0.9510749566309864,-0.43570507726889113,-7.370495386806267,0.019120520429571596,-34.370005822144826,-9.09371128771993,0.019120520429571596,-34.370005822144826,-9.09371128771993,0.9526257059755445,-0.42155407033060965,-7.392039786713868
8588588588.588589,0.951306233614367,-0.4335931489406829,-7.375392465915216,0.01807108022240097,-34.86031772287531,-9.1146696667,0.01807108022240097,-34.86031772287531,-9.1146696667,0.9528417660127856,-0.41958429265210984,-7.39678020240788
8594594594.594595,0.9515313909446779,-0.4315375960062987,-7.380253064134907,0.01704764162651161,-35.36671385769358,-9.137144731163579,0.01704764162651161,-35.36671385769358,-9.137144731163579,0.9530520620101276,-0.41766749350538374,-7.401486391984308
8600600600.600601,0.9517506401983707,-0.4295364476761331,-7.3850779053405855,0.01605027254493438,-35.8903517714051,-9.161366855061654,0.01605027254493438,-35.8903517714051,-9.161366855061654,0.9532567951749101,-0.4158018045592432,-7.406159027527281
8606606606.606606,0.9519641841420738,-0.427587816387511,-7.389867693639619,0.01507918663388068,-36.43244167057695,-9.187610753494257,0.01507918663388068,-36.43244167057695,-9.187610753494257,0.9534561582706926,-0.4139854369187434,-7.410798762924582
8612612612.612614,0.9521722171498331,-0.4256898937886516,-7.394623114040298,0.014134775958052868,-36.9942214172812,-9.21620572927219,0.014134775958052868,-36.9942214172812,-9.21620572927219,0.9536503360192707,-0.4122166772766411,-7.4154062344780645
8618618618.618618,0.9523749255983842,-0.42384094693934865,-7.399344833094572,0.013217653710939085,-37.57691260779011,-9.247548456790922,0.013217653710939085,-37.57691260779011,-9.247548456790922,0.9538395054814442,-0.4104938842730094,-7.419982061490553
8624624624.624626,0.952572488241726,-0.42203931471542866,-7.404033499515855,0.01232871031911198,-38.18164703351534,-9.282118821023273,0.01232871031911198,-38.18164703351534,-9.282118821023273,0.9540238364177674,-0.40881548505058657,-7.424526846830271
8630630630.63063,0.9527650765661672,-0.42028340440507783,-7.408689744772901,0.011469187304928213,-38.809347093569514,-9.320499264666626,0.011469187304928213,-38.809347093569514,-9.320499264666626,0.9542034916304246,-0.40717997199434086,-7.4290411774736596
8636636636.636637,0.9529528551269733,-0.4185716884856228,-7.413314183660871,0.01064077451796256,-39.4605351915051,-9.36339779594314,0.01064077451796256,-39.4605351915051,-9.36339779594314,0.9543786272873236,-0.40558589964429004,-7.4335256250275785
8642642642.642643,0.9531359818676423,-0.41690270157037346,-7.417907414850468,0.00984573755550593,-40.13503489617822,-9.411674001962648,0.00984573755550593,-40.13503489617822,-9.411674001962648,0.9545493932293951,-0.40403188177165306,-7.437980746231677
8648648648.64865,0.9533146084228035,-0.415275037515506,-7.422470021416128,0.009087082773501096,-40.83151031952397,-9.466365583260279,0.009087082773501096,-40.83151031952397,-9.466365583260279,0.9547159332620686,-0.4025165886086557,-7.442407083441799
8654654654.654655,0.953488880405647,-0.41368734667786144,-7.427002571344131,0.008368765775312741,-41.54677173976449,-9.52870916232661,0.008368765775312741,-41.54677173976449,-9.52870916232661,0.954878385431809,-0.40103874422315433,-7.446805165095214
8660660660.66066,0.9536589376807549,-0.41213833331492866,-7.431505618021483,0.007695942473807499,-42.27476374508403,-9.600141990073505,0.007695942473807499,-42.27476374508403,-9.600141990073505,0.9550368822885438,-0.3995971240298337,-7.451175506158412
8666666666.666668,0.9538249146231524,-0.41062675311882335,-7.435979700706396,0.0070752435908857025,-43.005172067716195,-9.682258973199973,0.0070752435908857025,-43.005172067716195,-9.682258973199973,0.9551915511347838,-0.3981905524300003,-7.455518608558195
8672672672.672672,0.9539869403643224,-0.40915141087683815,-7.4404253449810795,0.0065150137540258765,-43.72169326198652,-9.77668183270356,0.0065150137540258765,-43.72169326198652,-9.77668183270356,0.9553425142621614,-0.39681790057280814,-7.459834961596737
8678678678.678679,0.9541451390259265,-0.40771115825117105,-7.444843063187696,0.006025384154890465,-44.400305179109694,-9.884780371374887,0.006025384154890465,-44.400305179109694,-9.884780371374887,0.9554898891760905,-0.39547808423094405,-7.464125042351332
8684684684.684685,0.9542996299418871,-0.40630489167131634,-7.449233354848034,0.005617946548809965,-45.00844794301389,-10.00719293776028,0.005617946548809965,-45.00844794301389,-10.00719293776028,0.9556337888091992,-0.3941700617843583,-7.468389316059364
8690690690.690691,0.9544505278694768,-0.4049315503327199,-7.453596707067723,0.005304723153632027,-45.50674552832458,-10.143172077702896,0.005304723153632027,-45.50674552832458,-10.143172077702896,0.9557743217241482,-0.39289283230601185,-7.472628236489195
8696696696.696697,0.9545979431900088,-0.4035901142958076,-7.457933594925509,0.005096234638671952,-45.85501169220387,-10.28997278676766,0.005096234638671952,-45.85501169220387,-10.28997278676766,0.9559115923064179,-0.3916454337438888,-7.476842246297492
8702702702.702702,0.9547419820996881,-0.4022796026798678,-7.462244481848289,0.004998934660947499,-46.0224507939556,-10.442721250930077,0.004998934660947499,-46.0224507939556,-10.442721250930077,0.9560457009476023,-0.3904269411940193,-7.48103177737357
8708708708.70871,0.9548827467911598,-0.4009990719464976,-7.466529819972467,0.005012983946949336,-45.99807372247056,-10.595153365040357,0.005012983946949336,-45.99807372247056,-10.595153365040357,0.956176744219726,-0.38923646525944866,-7.485197251171273
8714714714.714714,0.9550203356262453,-0.3997476142677786,-7.470790050492138,0.005131604163558888,-45.79493702338659,-10.741075690254185,0.005131604163558888,-45.79493702338659,-10.741075690254185,0.9563048150410675,-0.38807315049042024,-7.489339079028879
8720720720.720722,0.9551548433003404,-0.39852435597452607,-7.475025603994765,0.0053424807870782656,-45.44514061989328,-10.875787079325782,0.0053424807870782656,-45.44514061989328,-10.875787079325782,0.9564300028339388,-0.3869361739013982,-7.493457662477562
8726726726.726727,0.9552863609989164,-0.39732845608028455,-7.4792369007846915,0.005630425961781619,-44.98917495962175,-10.996735359347939,0.005630425961781619,-44.98917495962175,-10.996735359347939,0.9565523936748521,-0.3858247435607175,-7.497553393538799
8732732732.732733,0.9554149765465412,-0.3961591048769924,-7.483424351195149,0.005979987981009541,-44.465993777711645,-11.103323665106963,0.005979987981009541,-44.465993777711645,-11.103323665106963,0.9566720704374797,-0.38473809724892444,-7.501626655011246
8738738738.738739,0.955540774548815,-0.3950155225984474,-7.487588355889075,0.006377177855948819,-43.90742941223853,-11.196279705018277,0.006377177855948819,-43.90742941223853,-11.196279705018277,0.9567891129287783,-0.38367550118218485,-7.505677820747426
8744744744.744745,0.9556638365275842,-0.3938969581480335,-7.491729306149324,0.006810221942838618,-43.33677468691476,-11.27701168346742,0.006810221942838618,-43.33677468691476,-11.27701168346742,0.9569035980186464,-0.3826362487972057,-7.509707255920697
8750750750.750751,0.9557842410497988,-0.39280268788714534,-7.495847584158575,0.007269642674313996,-42.76973871098298,-11.347147407703924,0.007269642674313996,-42.76973871098298,-11.347147407703924,0.9570155997634489,-0.3816196595944198,-7.513715317282842
8756756756.756756,0.9559020638503212,-0.3917320144813066,-7.499943563269462,0.007748004419179453,-42.21620280494211,-11.408271231146838,0.007748004419179453,-42.21620280494211,-11.408271231146838,0.9571251895237193,-0.38062507803642953,-7.517702353412691
8762762762.762764,0.9560173779490189,-0.39068426580077337,-7.504017608265211,0.008239551536149662,-41.68192851041643,-11.461803240090447,0.008239551536149662,-41.68192851041643,-11.461803240090447,0.9572324360763603,-0.3796518724986339,-7.521668704956083
8768768768.768768,0.9561302537624192,-0.38965879387289337,-7.508070075611235,0.008739854235666637,-41.169916210409276,-11.508961697064017,0.008739854235666637,-41.169916210409276,-11.508961697064017,0.9573374057216036,-0.37869943426949354,-7.525614704857543
8774774774.774775,0.956240759210213,-0.38865497388346765,-7.512101313698016,0.009245506755717578,-40.6813855945196,-11.550767252242757,0.009245506755717578,-40.6813855945196,-11.550767252242757,0.9574401623850122,-0.37776717659772474,-7.52954067858399
8780780780.78078,0.956348959816867,-0.3876722032245847,-7.516111663075603,0.009753886549984707,-40.216446002164325,-11.588064663949876,0.009753886549984707,-40.216446002164325,-11.588064663949876,0.9575407677147765,-0.37685453378399986,-7.533446944340776
8786786786.786787,0.956454918808585,-0.3867099005866096,-7.520101456680073,0.010262968513567236,-39.77454006987389,-11.621549465154052,0.010262968513567236,-39.77454006987389,-11.621549465154052,0.9576392811745349,-0.3759609603149399,-7.537333813280359
8792792792.792793,0.9565586972058671,-0.38576750509193525,-7.524071020052275,0.010771184021890194,-39.35473108555412,-11.651793773455823,0.010771184021890194,-39.35473108555412,-11.651793773455823,0.9577357601319577,-0.3750859300371022,-7.541201589703901
8798798798.798798,0.9566603539118735,-0.3848444754684778,-7.5280206715491245,0.011277314694431577,-38.95588600745499,-11.679268983514392,0.011277314694431577,-38.95588600745499,-11.679268983514392,0.9578302599432944,-0.3742289353690488,-7.545050571256056
8804804804.804806,0.9567599457968079,-0.3839402892608792,-7.531950722547769,0.011780412402815405,-38.57679011435352,-11.704364789814862,0.011780412402815405,-38.57679011435352,-11.704364789814862,0.9579228340340972,-0.3733894865494585,-7.5488810491132075
8810810810.81081,0.9568575277785215,-0.3830544420774511,-7.5358614776428725,0.012279738881514157,-38.216217360188914,-11.727404734088637,0.012279738881514157,-38.216217360188914,-11.727404734088637,0.9580135339763037,-0.37256711091952915,-7.552693308165406
8816816816.816818,0.9569531528995162,-0.3821864468711713,-7.539753234837321,0.012774719919375004,-37.872972256433826,-11.748658742981362,0.012774719919375004,-37.872972256433826,-11.748658742981362,0.9581024095618677,-0.3717613522378757,-7.5564876271922685
8822822822.822823,0.957046872400533,-0.3813358332529304,-7.543626285726539,0.013264910401268148,-37.545913582862205,-11.76835317339094,0.013264910401268148,-37.545913582862205,-11.76835317339094,0.9581895088730956,-0.37097177002639675,-7.560264279033017
8828828828.828829,0.9571387357908876,-0.38050214683548306,-7.547480915676722,0.013749967449977165,-37.23396659858278,-11.786678843078427,0.013749967449977165,-37.23396659858278,-11.786678843078427,0.9582748783498685,-0.3701979389454308,-7.56402353075094
8834834834.834835,0.9572287909157097,-0.37968494860660446,-7.551317403997183,0.014229629645553214,-36.93612806294635,-11.803797453614528,0.014229629645553214,-36.93612806294635,-11.803797453614528,0.9583585628538812,-0.3694394481969063,-7.567765643792434
8840840840.840841,0.9573170840202448,-0.37888381432993007,-7.555136024107028,0.014703700832003242,-36.651466844311514,-11.819846738729222,0.014703700832003242,-36.651466844311514,-11.819846738729222,0.9584406057300646,-0.36869590095394694,-7.571490874140862
8846846846.846848,0.9574036598113529,-0.37809833397220405,-7.5589370436964,0.015172037409492469,-36.37912190267505,-11.834944604575695,0.015172037409492469,-36.37912190267505,-11.834944604575695,0.9585210488653123,-0.36796691381574675,-7.575199472465403
8852852852.852852,0.9574885615163387,-0.37732811115563025,-7.5627207248824675,0.015634538293208742,-36.118298789441006,-11.849192472575615,0.015634538293208742,-36.118298789441006,-11.849192472575615,0.9585999327446482,-0.36725211628643806,-7.578891684265086
8858858858.85886,0.9575718309392455,-0.376572762634091,-7.566487324360386,0.016091136926727267,-35.868265390784956,-11.862677990338604,0.016091136926727267,-35.868265390784956,-11.862677990338604,0.9586772965049566,-0.36655115027678864,-7.582567750008194
8864864864.864864,0.9576535085147373,-0.37583191779203284,-7.570237093549352,0.016541794889276523,-35.628347370619885,-11.87547724033951,0.016541794889276523,-35.628347370619885,-11.87547724033951,0.9587531779863968,-0.3658636696275812,-7.586227905267177
8870870870.87087,0.9577336333596633,-0.3751052181651162,-7.573970278734041,0.01698649674805246,-35.39792359374094,-11.88765654797287,0.01698649674805246,-35.39792359374094,-11.88765654797287,0.9588276137815991,-0.36518933965374245,-7.589872380849295
8876876876.876877,0.957812243322445,-0.37439231698131403,-7.577687121201474,0.01742524588954693,-35.176421696197416,-11.899273968735368,0.01742524588954693,-35.176421696197416,-11.899273968735368,0.9589006392827649,-0.36452783670807337,-7.593501402923076
8882882882.882883,0.9578893750303606,-0.37369287872172835,-7.5813878573735725,0.01785806112568313,-34.963313896772654,-11.910380517290495,0.01785806112568313,-34.963313896772654,-11.910380517290495,0.958972288726754,-0.363878847763792,-7.597115193140812
8888888888.88889,0.9579650639348433,-0.37300657870004283,-7.585072718935519,0.01828497391693262,-34.758113096718695,-11.921021187959074,0.01828497391693262,-34.758113096718695,-11.921021187959074,0.9590425952382639,-0.3632420700148904,-7.6007139687571765
8894894894.894894,0.9580393443548751,-0.37233310265980224,-7.588741932960079,0.018706026089674692,-34.56036928541667,-11.93123580589911,0.018706026089674692,-34.56036928541667,-11.93123580589911,0.9591115908711891,-0.36261721049348616,-7.604297942744145
8900900900.900902,0.9581122495185698,-0.3716721463886733,-7.5923957220280345,0.019121267951719645,-34.369666251473284,-11.941059740218915,0.019121267951719645,-34.369666251473284,-11.941059740218915,0.9591793066482364,-0.3620039857034474,-7.607867323902331
8906906906.906906,0.9581838116030298,-0.3710234153488414,-7.5960343043448635,0.019530756730341686,-34.18561858796042,-11.950524503991975,0.019530756730341686,-34.18561858796042,-11.950524503991975,0.9592457725988912,-0.3614021212693829,-7.611422316968865
8912912912.912914,0.9582540617725489,-0.37038662432289815,-7.599657893853818,0.0199345552728957,-34.00786897448047,-11.959658261214276,0.0199345552728957,-34.00786897448047,-11.959658261214276,0.9593110177958009,-0.3608113516004039,-7.6149631227219565
8918918918.918919,0.9583230302152486,-0.369761497074366,-7.60326670034549,0.020332730962271728,-33.836085715787625,-11.96848625685993,0.020332730962271728,-33.836085715787625,-11.96848625685993,0.9593750703896446,-0.3602314195679662,-7.618489938082229
8924924924.924925,0.9583907461782051,-0.36914776602232857,-7.606860929564036,0.020725354808956122,-33.669960515671725,-11.977031183116496,0.020725354808956122,-33.669960515671725,-11.977031183116496,0.9594379576425783,-0.3596620761969982,-7.622002956210972
8930930930.930931,0.9584572380011481,-0.3685451719294058,-7.610440783310146,0.021112500688904468,-33.50920646499665,-11.985313492437111,0.021112500688904468,-33.50920646499665,-11.985313492437111,0.9594997059602929,-0.3591030803699186,-7.625502366605394
8936936936.936937,0.9585225331487877,-0.3679534636025336,-7.614006459540888,0.021494244702314643,-33.35355622366816,-11.993351666096432,0.021494244702314643,-33.35355622366816,-11.993351666096432,0.9595603409227692,-0.35855419854278847,-7.628988355191001
8942942942.942944,0.958586658241837,-0.36737239760591117,-7.617558152466517,0.02187066463303996,-33.2027603775867,-12.001162445373772,0.02187066463303996,-33.2027603775867,-12.001162445373772,0.9596198873137818,-0.358015204473095,-7.632461104411173
8948948948.948948,0.9586496390867809,-0.3668017379856503,-7.621096052644387,0.022241839492094143,-33.05658595310384,-12.008761031228708,0.022241839492094143,-33.05658595310384,-12.008761031228708,0.9596783691492009,-0.35748587895870065,-7.635920793314079
8954954954.954956,0.958711500704457,-0.36624125600549345,-7.6246203470700395,0.02260784913166748,-32.91481507302333,-12.016161257317382,0.02260784913166748,-32.91481507302333,-12.016161257317382,0.9597358097041623,-0.35696600958731706,-7.6393675976369755
8960960960.96096,0.958772267357492,-0.36569072989319495,-7.628131219265562,0.022968773918465708,-32.777243739683676,-12.023375740372593,0.022968773918465708,-32.777243739683676,-12.023375740372593,0.9597922315391391,-0.3564553904961688,-7.642801689888003
8966966966.966967,0.9588319625766527,-0.365149944597018,-7.631628849365356,0.023324694457119124,-32.64368073208479,-12.030416011298627,0.023324694457119124,-32.64368073208479,-12.030416011298627,0.9598476565249738,-0.35595382214131305,-7.646223239425586
8972972972.972973,0.9588906091861492,-0.36461869155198146,-7.635113414199328,0.023675691355964684,-32.5139466053562,-12.037292629781785,0.023675691355964684,-32.5139466053562,-12.037292629781785,0.9599021058669137,-0.3554611110762077,-7.649632412535457
8978978978.97898,0.9589482293279482,-0.36409676845532113,-7.6385850873736665,0.024021845028803196,-32.387872782079825,-12.044015284766267,0.024021845028803196,-32.387872782079825,-12.044015284766267,0.9599556001276954,-0.3549770697390927,-7.653029372505455
8984984984.984985,0.9590048444851298,-0.36358397905084827,-7.642044039349242,0.024363235527261034,-32.26530072609901,-12.050592882773266,0.024363235527261034,-32.26530072609901,-12.050592882773266,0.9600081592497153,-0.35450151624885384,-7.656414279698133
8990990990.99099,0.9590604755043307,-0.36308013292180147,-7.645490437517715,0.02469994239926084,-32.14608119044421,-12.057033625733315,0.02469994239926084,-32.14608119044421,-12.057033625733315,0.9600598025763319,-0.35403427420892475,-7.6597872916212495
8996996996.996998,0.9591151426173229,-0.36258504529173846,-7.648924446275455,0.02503204456980974,-32.03007353190873,-12.063345079747007,0.02503204456980974,-32.03007353190873,-12.063345079747007,0.9601105488723363,-0.35357517251890624,-7.663148562996239
9003003003.003002,0.9591688654617496,-0.3620985368332514,-7.652346227095302,0.02535962024090183,-31.917145085613413,-12.069534235976441,0.02535962024090183,-31.917145085613413,-12.069534235976441,0.9601604163436196,-0.35312404519360713,-7.666498245824691
9009009009.00901,0.959221663101068,-0.3616204334840553,-7.65575593859629,0.025682746807825958,-31.80717059361593,-12.075607564692316,0.025682746807825958,-31.80717059361593,-12.075607564692316,0.960209422656085,-0.35268073118909515,-7.669836489452957
9015015015.015015,0.9592735540437252,-0.36115056627019215,-7.6591537366113505,0.026001500789569178,-31.700031682262303,-12.081571063352799,0.026001500789569178,-31.700031682262303,-12.081571063352799,0.9602575849538252,-0.3522450742355345,-7.673163440634877
9021021021.02102,0.9593245562616033,-0.3606887711360149,-7.662539774253121,0.02631595777135868,-31.59561638354281,-12.087430299465298,0.02631595777135868,-31.59561638354281,-12.087430299465298,0.9603049198766032,-0.351816922676473,-7.676479243592768
9027027027.027027,0.9593746872077604,-0.3602348887807122,-7.665914201977851,0.02662619235765774,-31.493818696223652,-12.093190448876513,0.02662619235765774,-31.493818696223652,-12.093190448876513,0.9603514435766615,-0.35139612931433983,-7.679784040076658
9033033033.033033,0.9594239638335055,-0.3597887645010025,-7.669277167647541,0.02693227813418827,-31.394538182968322,-12.098856330047266,0.02693227813418827,-31.394538182968322,-12.098856330047266,0.9603971717348943,-0.350982551261834,-7.683077969421874
9039039039.03904,0.9594724026048236,-0.3593502480398526,-7.672628816590306,0.027234287637740738,-31.297679600065496,-12.104432434792825,0.027234287637740738,-31.297679600065496,-12.104432434792825,0.9604421195764032,-0.3505760497990062,-7.686361168605007
9045045045.045044,0.9595200195181919,-0.35891919344084633,-7.675969291659071,0.027532292332717253,-31.20315255672903,-12.109922955904985,0.027532292332717253,-31.20315255672903,-12.109922955904985,0.9604863018854658,-0.3501764902357739,-7.689633772298333
9051051051.051052,0.9595668301157968,-0.35849545890809564,-7.679298733288636,0.02782636259349139,-31.110871201252024,-12.11533181201753,0.02782636259349139,-31.110871201252024,-12.11533181201753,0.9605297330199425,-0.3497837417796129,-7.6928959129227055
9057057057.057056,0.959612849500191,-0.3580789066713439,-7.682617279551135,0.028116567691797895,-31.020753931573836,-12.120662670029626,0.028116567691797895,-31.020753931573836,-12.120662670029626,0.96057242692514,-0.34939767740827804,-7.696147720699006
9063063063.063065,0.9596580923484083,-0.3576694028560866,-7.6859250662100065,0.02840297578847098,-30.93272312806701,-12.12591896536161,0.02840297578847098,-30.93272312806701,-12.12591896536161,0.960614397147162,-0.34901817374725086,-7.699389323698181
9069069069.069069,0.9597025729255481,-0.3572668173585999,-7.689222226772438,0.028685653928937186,-30.846704906572487,-12.13110392028296,0.028685653928937186,-30.846704906572487,-12.13110392028296,0.9606556568457603,-0.34864511095180006,-7.702620847889884
9075075075.075075,0.9597463050978773,-0.3568710237254385,-7.692508892540415,0.02896466804195413,-30.762628889905542,-12.136220560522716,0.02896466804195413,-30.762628889905542,-12.136220560522716,0.9606962188067117,-0.34827837259341293,-7.705842417189837
9081081081.081081,0.9597893023454345,-0.3564818990375332,-7.6957851926603595,0.02924008294114579,-30.680427996232346,-12.14127173034666,0.02924008294114579,-30.680427996232346,-12.14127173034666,0.9607360954537385,-0.34791784555044647,-7.7090541535058685
9087087087.087088,0.9598315777741927,-0.35609932379837206,-7.699051254171439,0.02951196232894809,-30.600038242871207,-12.1462601062636,0.02951196232894809,-30.600038242871207,-12.1462601062636,0.9607752988599936,-0.34756341990277895,-7.712256176782736
9093093093.093094,0.9598731441277658,-0.35572318182640095,-7.702307202052553,0.029780368802625017,-30.521398564213335,-12.151188209503703,0.029780368802625017,-30.521398564213335,-12.151188209503703,0.9608138407591209,-0.3472149888303878,-7.715448605045729
9099099099.099098,0.9599140137987032,-0.35535336015122787,-7.705553159268084,0.03004536386206245,-30.44445064258115,-12.15605841739507,0.03004536386206245,-30.44445064258115,-12.15605841739507,0.96085173255592,-0.3468724485155711,-7.718631554443114
9105105105.105106,0.9599541988393717,-0.3549897489136429,-7.7087892468124135,0.03030700791908003,-30.369138750955123,-12.160872973750328,0.03030700791908003,-30.369138750955123,-12.160872973750328,0.9608889853366187,-0.34653569804878076,-7.7218051392874525
9111111111.11111,0.9599937109724518,-0.35463224126919846,-7.712015583753248,0.030565360308034816,-30.295409606599677,-12.165633998362093,0.030565360308034816,-30.295409606599677,-12.165633998362093,0.9609256098787762,-0.3462046393378573,-7.724969472095811
9117117117.117117,0.9600325616010557,-0.35428073329528265,-7.7152322872738095,0.030820479297523126,-30.223212234707,-12.170343495695203,0.030820479297523126,-30.223212234707,-12.170343495695203,0.9609616166608332,-0.3458791770205191,-7.728124663628927
9123123123.123123,0.9600707618184896,-0.3539351239014775,-7.718439472713916,0.031072422103003844,-30.15249784126038,-12.175003362853815,0.031072422103003844,-30.15249784126038,-12.175003362853815,0.9609970158713157,-0.34555921838004106,-7.7312708229293365
9129129129.12913,0.9601083224176679,-0.35359531474313194,-7.721637253609967,0.03132124490019356,-30.08321969438917,-12.179615396892945,0.03132124490019356,-30.08321969438917,-12.179615396892945,0.9610318174177134,-0.3452446732639202,-7.734408057358503
9135135135.135136,0.9601452539001969,-0.3532612101379766,-7.724825741733905,0.031567002839102395,-30.01533301355287,-12.18418130153648,0.031567002839102395,-30.01533301355287,-12.18418130153648,0.9610660309350414,-0.34493545400546544,-7.737536472632991
9141141141.14114,0.9601815664851394,-0.3529327169856934,-7.728005047131146,0.03180975005859109,-29.94879486595153,-12.18870269335719,0.03180975005859109,-29.94879486595153,-12.18870269335719,0.9610996657941023,-0.3446314753481393,-7.740656172859687
9147147147.147148,0.9602172701174745,-0.3526097446902875,-7.731175278157551,0.03204953970135099,-29.883564069610806,-12.19318110746826,0.03204953970135099,-29.883564069610806,-12.19318110746826,0.9611327311094509,-0.344332654372636,-7.743767260570131
9153153153.153152,0.9602523744762589,-0.35229220508521364,-7.734336541515408,0.032286423929213166,-29.819601102639716,-12.197618002770877,0.032286423929213166,-29.819601102639716,-12.197618002770877,0.9611652357470859,-0.3440389104264652,-7.7468698367539375
9159159159.15916,0.9602868889825116,-0.351980012361056,-7.737488942288538,0.03252045393871433,-29.756868018199714,-12.202014766797802,0.03252045393871433,-29.756868018199714,-12.202014766797802,0.9611971883318681,-0.3437501650560626,-7.749964000891404
9165165165.165165,0.9603208228068203,-0.35167308299576766,-7.740632583976454,0.03275167997684344,-29.695328364765974,-12.206372720188686,0.03275167997684344,-29.695328364765974,-12.206372720188686,0.9612285972546855,-0.34346634194121256,-7.753049850985236
9171171171.171171,0.9603541848766889,-0.3513713356872996,-7.743767568527696,0.03298015135691693,-29.63494711129332,-12.21069312082956,0.03298015135691693,-29.63494711129332,-12.21069312082956,0.9612594706793619,-0.3431873668318378,-7.756127483591525
9177177177.177177,0.9603869838836353,-0.351074691288527,-7.746893996372288,0.03320591647452254,-29.57569057693504,-12.21497716768547,0.03320591647452254,-29.57569057693504,-12.21497716768547,0.9612898165493381,-0.3429131674868774,-7.759196993849894
9183183183.183184,0.9604192282900417,-0.3507830727444574,-7.750011966453394,0.03342902282349125,-29.5175263649887,-12.219226004352535,0.03342902282349125,-29.5175263649887,-12.219226004352535,0.9613196425941095,-0.34264367361539627,-7.762258475512923
9189189189.18919,0.9604509263357789,-0.3504964050315173,-7.753121576258179,0.03364951701185421,-29.460423300771513,-12.223440722353217,0.03364951701185421,-29.460423300771513,-12.223440722353217,0.9613489563354585,-0.34237881681958937,-7.7653120209748145
9195195195.195194,0.9604820860446006,-0.35021461509895935,-7.756222921847886,0.033867444777750895,-29.404351373150888,-12.227622364196131,0.033867444777750895,-29.404351373150888,-12.227622364196131,0.9613777650934598,-0.3421185305398601,-7.768357721299352
9201201201.201202,0.9605127152303267,-0.34993763181220994,-7.759316097887182,0.034082851005257944,-29.349281679477812,-12.231771926219956,0.034082851005257944,-29.349281679477812,-12.231771926219956,0.961406075992292,-0.34186275000169064,-7.771395666247178
9207207207.207207,0.9605428215028143,-0.34966538589816676,-7.762401197672756,0.034295779740111505,-29.295186373690797,-12.235890361238951,0.034295779740111505,-29.295186373690797,-12.235890361238951,0.9614338959658452,-0.34161141216436924,-7.774425944302372
9213213213.213213,0.9605724122737342,-0.3493978098922957,-7.765478313161233,0.03450627420530204,-29.242038617375798,-12.239978581006188,0.03450627420530204,-29.242038617375798,-12.239978581006188,0.961461231763146,-0.3413644556714063,-7.777448642698402
9219219219.21922,0.9606014947621497,-0.3491348380875347,-7.768547534996387,0.03471437681652031,-29.189812533584654,-12.244037458508952,0.03471437681652031,-29.189812533584654,-12.244037458508952,0.9614880899535954,-0.34112182080266407,-7.780463847443423
9225225225.225225,0.9606300759999162,-0.3488764064848529,-7.771608952535693,0.03492012919743822,-29.138483163229303,-12.248067830109598,0.03492012919743822,-29.138483163229303,-12.248067830109598,0.9615144769320291,-0.34088344942810817,-7.783471643344964
9231231231.231232,0.9606581628368956,-0.34862245274551124,-7.774662653876231,0.03512357219481064,-29.088026423882965,-12.252070497543862,0.03512357219481064,-29.088026423882965,-12.252070497543862,0.9615403989236195,-0.34064928496302277,-7.786472114034019
9237237237.237236,0.9606857619460047,-0.34837291614484867,-7.77770872587996,0.03532474589338579,-29.03841907083212,-12.256046229787673,0.03532474589338579,-29.03841907083212,-12.256046229787673,0.9615658619886014,-0.34041927232483676,-7.7894653419885485
9243243243.243244,0.9607128798280961,-0.3481277375276083,-7.7807472541983955,0.035523689630613926,-28.98963866023476,-12.259995764802479,0.035523689630613926,-28.98963866023476,-12.259995764802479,0.9615908720268519,-0.34019335789128324,-7.792451408556426
9249249249.249249,0.9607395228166757,-0.34788685926476126,-7.783778323296666,0.03572044201114517,-28.94166351425124,-12.263919811168227,0.03572044201114517,-28.94166351425124,-12.263919811168227,0.9616154347823134,-0.3399714894600064,-7.795430393977817
9255255255.255257,0.9607656970824762,-0.3476502252116662,-7.786802016477019,0.035915040921111537,-28.894472688022912,-12.26781904961241,0.035915040921111537,-28.894472688022912,-12.26781904961241,0.9616395558472743,-0.33975361620946465,-7.798402377407053
9261261261.261261,0.9607914086378709,-0.3474177806676759,-7.789818415901749,0.036107523542184924,-28.848045938384125,-12.271694134442845,0.036107523542184924,-28.848045938384125,-12.271694134442845,0.9616632406665063,-0.3395396886611557,-7.8013674369339485
9267267267.267267,0.9608166633411532,-0.34718947233699865,-7.792827602615599,0.0362979263654087,-28.80236369420001,-12.275545694891235,0.0362979263654087,-28.80236369420001,-12.275545694891235,0.9616864945412702,-0.339329658643038,-7.804325649604646
9273273273.273273,0.960841466900675,-0.3469652482908394,-7.79582965656761,0.03648628520479921,-28.757407028230695,-12.279374336373944,0.03648628520479921,-28.757407028230695,-12.279374336373944,0.9617093226331911,-0.3391234792541558,-7.807277091441953
9279279279.27928,0.9608658248788515,-0.34674505793077315,-7.798824656632476,0.03667263521071334,-28.71315763042992,-12.283180641675905,0.03667263521071334,-28.71315763042992,-12.283180641675905,0.9617317299680053,-0.3389211048304377,-7.810221837465203
9285285285.285286,0.9608897426960445,-0.346528851953241,-7.80181268063138,0.0368570108829823,-28.66959778259155,-12.286965172063145,0.0368570108829823,-28.66959778259155,-12.286965172063145,0.9617537214391899,-0.3387224909115676,-7.813159961709662
9291291291.29129,0.9609132256343097,-0.3463165823152812,-7.804793805352361,0.03703944608381043,-28.62671033426391,-12.290728468328897,0.03703944608381043,-28.62671033426391,-12.290728468328897,0.9617753018114733,-0.3385275942089506,-7.816091537245468
9297297297.297298,0.9609362788410383,-0.3461082022012388,-7.807768106570197,0.03721997405043773,-28.58447867985766,-12.294471051777915,0.03721997405043773,-28.58447867985766,-12.294471051777915,0.9617964757242344,-0.33833637257469246,-7.8190166361961495
9303303303.303303,0.9609589073324766,-0.3459036659905941,-7.810735659065827,0.03739862740756738,-28.54288673687722,-12.298193425153237,0.03739862740756738,-28.54288673687722,-12.298193425153237,0.9618172476947938,-0.3381487849715741,-7.821935329756697
9309309309.309309,0.960981115997136,-0.3457029292267956,-7.813696536645329,0.037575438179559696,-28.50191892521082,-12.301896073509361,0.037575438179559696,-28.50191892521082,-12.301896073509361,0.9618376221215993,-0.33796479144398806,-7.824847688211243
9315315315.315315,0.9610029095990955,-0.34550594858707795,-7.81665081215846,0.037750437802391734,-28.461560147418844,-12.305579465035347,0.037750437802391734,-28.461560147418844,-12.305579465035347,0.9618576032873111,-0.3377843530897973,-7.82775378095031
9321321321.321321,0.9610242927812043,-0.3453126818531993,-7.81959855751677,0.03792365713538631,-28.421795769963456,-12.309244051831273,0.03792365713538631,-28.421795769963456,-12.309244051831273,0.9618771953617884,-0.3376074320330943,-7.8306536764876915
9327327327.327328,0.9610452700681783,-0.34512308788314594,-7.822539843711311,0.03809512647271175,-28.382611605326606,-12.312890270641109,0.03809512647271175,-28.382611605326606,-12.312890270641109,0.9618964024049858,-0.33743399139778774,-7.833547442476933
9333333333.333332,0.9610658458696102,-0.34493712658363823,-7.825474740829931,0.03826487555465356,-28.343993894967138,-12.316518543544818,0.03826487555465356,-28.343993894967138,-12.316518543544818,0.9619152283697543,-0.33726399528205675,-7.836435145727444
9339339339.33934,0.9610860244828751,-0.34475475888358537,-7.8284033180742,0.03843293357866231,-28.305929293070285,-12.320129278612391,0.03843293357866231,-28.305929293070285,-12.320129278612391,0.9619336771045571,-0.3370974087335931,-7.839316852220255
9345345345.345345,0.9611058100959552,-0.3445759467082863,-7.831325643775911,0.03859932921017866,-28.268404851046366,-12.323722870522202,0.03859932921017866,-28.268404851046366,-12.323722870522202,0.9619517523561016,-0.33693419772560235,-7.84219262712341
9351351351.351353,0.9611252067901769,-0.3444006529544362,-7.834241785413276,0.03876409059324049,-28.231408002737766,-12.327299701146014,0.03876409059324049,-28.231408002737766,-12.327299701146014,0.9619694577718891,-0.33677432913356126,-7.845062534807024
9357357357.357357,0.9611442185428597,-0.3442288414659338,-7.837151809626696,0.03892724536087244,-28.194926550296387,-12.33086014010269,0.03892724536087244,-28.194926550296387,-12.33086014010269,0.9619867969026832,-0.33661777071271853,-7.847926638858002
9363363363.363363,0.9611628492298869,-0.34406047701041276,-7.840055782234225,0.03908882064526428,-28.158948650695294,-12.334404545282549,0.03908882064526428,-28.158948650695294,-12.334404545282549,0.9620037732049078,-0.3364644910762376,-7.850785002094434
9369369369.36937,0.9611811026282018,-0.3438955252564522,-7.8429537682466695,0.03924884308773827,-28.123462802841477,-12.337933263344286,0.03924884308773827,-28.123462802841477,-12.337933263344286,0.9620203900429658,-0.33631445967406937,-7.8536376865796695
9375375375.375376,0.961198982418221,-0.34373395275154417,-7.845845831882363,0.03940733884851079,-28.08845783525785,-12.341446630186002,0.03940733884851079,-28.08845783525785,-12.341446630186002,0.9620366506914889,-0.33616764677244704,-7.856484753636088
9381381381.381382,0.9612164921861834,-0.3435757269006568,-7.84873203658161,0.03956433361625179,-28.053922894304772,-12.344944971392016,0.03956433361625179,-28.053922894304772,-12.344944971392016,0.962052558337523,-0.3360240234339778,-7.859326263858559
9387387387.387386,0.9612336354264205,-0.3434208159455137,-7.851612445020823,0.039719852617443395,-28.0198474329137,-12.348428602656881,0.039719852617443395,-28.0198474329137,-12.348428602656881,0.962068116082638,-0.33588356149841914,-7.862162277127624
9393393393.393394,0.961250415543564,-0.3432691889444439,-7.85448711912635,0.03987392062554452,-27.986221199805993,-12.351897830187966,0.03987392062554452,-27.986221199805993,-12.351897830187966,0.9620833269449836,-0.3357462335639524,-7.86499285262238
9399399399.399399,0.9612668358546872,-0.34312081575285036,-7.857356120087989,0.04002656196996178,-27.95303422917298,-12.355352951087887,0.04002656196996178,-27.95303422917298,-12.355352951087887,0.9620981938612757,-0.3356120129690882,-7.867818048833084
9405405405.405407,0.9612828995913799,-0.3429756670042706,-7.860219508372225,0.04017780054483237,-27.920276830793522,-12.35879425371795,0.04017780054483237,-27.920276830793522,-12.35879425371795,0.9621127196887282,-0.3354808737750755,-7.870637923573501
9411411411.411411,0.9612986099017644,-0.3428337140919923,-7.863077343735176,0.040327659817621195,-27.88793958056747,-12.362222018043717,0.040327659817621195,-27.88793958056747,-12.362222018043717,0.9621269072069225,-0.33535279074887314,-7.873452533992961
9417417417.417418,0.9613139698524519,-0.34269492915120375,-7.86592968523527,0.04047616283753727,-27.85601331144411,-12.365636515963754,0.04047616283753727,-27.85601331144411,-12.365636515963754,0.9621407591196247,-0.3352277393466021,-7.876261936588197
9423423423.423424,0.9613289824304382,-0.3425592850417036,-7.86877659124563,0.04062333224377134,-27.824489104726503,-12.36903801162247,0.04062333224377134,-27.824489104726503,-12.36903801162247,0.9621542780565457,-0.33510569569752185,-7.879066187214887
9429429429.42943,0.9613436505449483,-0.34242675533108013,-7.871618119466222,0.040769190273558895,-27.793358281733124,-12.372426761707985,0.040769190273558895,-27.793358281733124,-12.372426761707985,0.9621674665750539,-0.33498663658843786,-7.8818653410989885
9435435435.435436,0.9613579770292243,-0.3422973142784066,-7.874454326935723,0.04091375877007263,-27.762612395799508,-12.37580301573588,0.04091375877007263,-27.762612395799508,-12.37580301573588,0.9621803271618284,-0.334870539448649,-7.8846594528478136
9441441441.44144,0.9613719646422605,-0.34217093681842,-7.877285270043156,0.04105705919014672,-27.732243224603693,-12.379167016319563,0.04105705919014672,-27.732243224603693,-12.379167016319563,0.962192862234474,-0.3347573823352515,-7.887448576460876
9447447447.447449,0.961385616070492,-0.34204759854612576,-7.880111004539274,0.04119911261183801,-27.70224276279967,-12.382518999428068,0.04119911261183801,-27.70224276279967,-12.382518999428068,0.9622050741430799,-0.33464714391894756,-7.890232765340518
9453453453.453453,0.9613989339294297,-0.34192727570189485,-7.882931585547691,0.04133993974182431,-27.67260321494494,-12.385859194631887,0.04133993974182431,-27.67260321494494,-12.385859194631887,0.9622169651717398,-0.3345398034702158,-7.8930120723023
9459459459.45946,0.9614119207652495,-0.34180994515697394,-7.885747067575817,0.0414795609226484,-27.643316988707273,-12.389187825337586,0.0414795609226484,-27.643316988707273,-12.389187825337586,0.9622285375400195,-0.33443534084595594,-7.895786549585197
9465465465.465466,0.961424579056339,-0.34169558439939307,-7.888557504525519,0.04161799613980469,-27.61437668833894,-12.392505109011699,0.04161799613980469,-27.61437668833894,-12.392505109011699,0.9622397934043913,-0.3343337364764337,-7.898556248861562
9471471471.471472,0.9614369112147949,-0.34158417152031656,-7.8913629497036055,0.04175526502867749,-27.58577510840485,-12.395811257394575,0.04175526502867749,-27.58577510840485,-12.395811257394575,0.9622507348596175,-0.3342349713526977,-7.901321221246901
9477477477.477478,0.9614489195878825,-0.34147568520074223,-7.894163455832063,0.04189138688133031,-27.557505227753694,-12.399106476704654,0.04189138688133031,-27.557505227753694,-12.399106476704654,0.9622613639401005,-0.3341390270142985,-7.904081517309432
9483483483.483482,0.9614606064594476,-0.3413701046986381,-7.896959075058099,0.0420263806531514,-27.529560203720685,-12.40239096783369,0.0420263806531514,-27.529560203720685,-12.40239096783369,0.96227168262119,-0.3340458855373937,-7.906837187079471
9489489489.48949,0.961471974051295,-0.3412674098363856,-7.899749858963981,0.04216026496935798,-27.501933366551356,-12.405664926533387,0.04216026496935798,-27.501933366551356,-12.405664926533387,0.9622816928204556,-0.33395552952317614,-7.909588280058601
9495495495.495495,0.9614830245245236,-0.34116758098861333,-7.902535858576654,0.042293058131361194,-27.474618214036845,-12.408928543593916,0.042293058131361194,-27.474618214036845,-12.408928543593916,0.9622913963989197,-0.33386794208666243,-7.91233484522867
9501501501.501503,0.961493759980823,-0.3410705990703885,-7.905317124377191,0.04242477812299752,-27.447608406350604,-12.412182005014703,0.04242477812299752,-27.447608406350604,-12.412182005014703,0.9623007951622566,-0.3337831068457864,-7.915076931060612
9507507507.507507,0.9615041824637395,-0.3409764455256863,-7.908093706310037,0.04255544261662643,-27.42089776107823,-12.415425492167886,0.04255544261662643,-27.42089776107823,-12.415425492167886,0.962309890861958,-0.33370100791080604,-7.9178145855230735
9513513513.513514,0.9615142939598985,-0.34088510231625724,-7.910865653792069,0.042685068979099634,-27.394480248431428,-12.418659181954864,0.042685068979099634,-27.394480248431428,-12.418659181954864,0.962318685196464,-0.3336216298740142,-7.92054785609089
9519519519.51952,0.9615240964001993,-0.3407965519107489,-7.913633015721469,0.04281367427760279,-27.368349986638513,-12.421883246956172,0.04281367427760279,-27.368349986638513,-12.421883246956172,0.9623271798122638,-0.3335449577997418,-7.9232767897533645
9525525525.525526,0.9615335916609732,-0.3407107772741592,-7.916395840486435,0.042941275285374766,-27.34250123750317,-12.42509785557515,0.042941275285374766,-27.34250123750317,-12.42509785557515,0.9623353763049618,-0.33347097721465874,-7.92600143302241
9531531531.531532,0.9615427815651093,-0.34062776185758753,-7.919154175973698,0.04306788848730461,-27.316928402124958,-12.4283031721756,0.04306788848730461,-27.316928402124958,-12.4283031721756,0.9623432762203179,-0.33339967409832444,-7.928721831940517
9537537537.537537,0.9615516678831506,-0.3405474895882581,-7.921908069576895,0.04319353008541126,-27.29162601677394,-12.43149935721382,0.04319353008541126,-27.29162601677394,-12.43149935721382,0.9623508810552548,-0.33333103487403193,-7.931438032088559
9543543543.543545,0.9615602523343607,-0.3404699448598094,-7.924657568204749,0.043318216004206864,-27.266588748913357,-12.434686567365187,0.043318216004206864,-27.266588748913357,-12.434686567365187,0.9623581922588397,-0.3332650463998874,-7.934150078593459
9549549549.54955,0.9615685365877559,-0.3403951125229019,-7.9274027182891125,0.043441961895947005,-27.241811393363964,-12.437864955645665,0.043441961895947005,-27.241811393363964,-12.437864955645665,0.9623652112332362,-0.333201695960162,-7.936858016135689
9555555555.555555,0.9615765222631151,-0.34032297787602583,-7.930143565792832,0.04356478314577134,-27.217288868603763,-12.441034671528383,0.04356478314577134,-27.217288868603763,-12.441034671528383,0.962371939334632,-0.3331409712568627,-7.939561888956641
9561561561.561562,0.9615842109319583,-0.3402535266565995,-7.932880156217485,0.04368669487673431,-27.1930162131982,-12.444195861055592,0.04368669487673431,-27.1930162131982,-12.444195861055592,0.9623783778741374,-0.33308286040157536,-7.942261740865843
9567567567.567568,0.9615916041184999,-0.34018674503229757,-7.935612534610931,0.04380771195473204,-27.168988582354547,-12.447348666946159,0.04380771195473204,-27.168988582354547,-12.447348666946159,0.9623845281186626,-0.33302735190748806,-7.944957615248034
9573573573.573574,0.9615987033005738,-0.34012261959262835,-7.938340745574758,0.04392784899332439,-27.145201244596187,-12.45049322869886,0.04392784899332439,-27.145201244596187,-12.45049322869886,0.9623903912917691,-0.33297443468166776,-7.947649555070118
9579579579.579578,0.9616055099105375,-0.34006113734072,-7.941064833271542,0.04404712035845708,-27.121649578551185,-12.453629682691647,0.04404712035845708,-27.121649578551185,-12.453629682691647,0.9623959685744933,-0.3329240980175756,-7.95033760288796
9585585585.585587,0.9616120253361478,-0.3400022856853469,-7.943784841432011,0.04416554017308456,-27.09832906985102,-12.45675816227704,0.04416554017308456,-27.09832906985102,-12.45675816227704,0.9624012611061578,-0.3328763315877046,-7.953021800853081
9591591591.59159,0.9616182509214097,-0.33994605243321313,-7.946500813362026,0.04428312232169579,-27.075235308134907,-12.459878797873902,0.04428312232169579,-27.075235308134907,-12.459878797873902,0.962406269985147,-0.33283112543653537,-7.955702190719197
9597597597.597599,0.9616241879674163,-0.3398924257813185,-7.949212791949474,0.04439988045474719,-27.052363984155136,-12.462991717055676,0.04439988045474719,-27.052363984155136,-12.462991717055676,0.9624109962696737,-0.3327884699735808,-7.958378813848658
9603603603.603603,0.9616298377331463,-0.33984139430970284,-7.951920819670989,0.04451582799300116,-27.029710886980077,-12.466097044635308,0.04451582799300116,-27.029710886980077,-12.466097044635308,0.9624154409785154,-0.3327483559667022,-7.9610517112187456
9609609609.60961,0.9616352014362569,-0.3397929469742375,-7.95462493859858,0.04463097813177667,-27.00727190129014,-12.469194902746983,0.04463097813177667,-27.00727190129014,-12.469194902746983,0.9624196050917351,-0.3327107745355656,-7.963720923427868
9615615615.615616,0.9616402802538454,-0.3397470730997088,-7.95732519040611,0.04474534384510988,-26.985043004763867,-12.472285410924787,0.04474534384510988,-26.985043004763867,-12.472285410924787,0.9624234895513823,-0.3326757171452841,-7.966386490701632
9621621621.621622,0.9616450753231941,-0.3397037623730411,-7.960021616375664,0.044858937889829316,-26.96302026555006,-12.47536868617848,0.044858937889829316,-26.96302026555006,-12.47536868617848,0.9624270952621727,-0.3326431756002528,-7.969048452898797
9627627627.627628,0.9616495877424965,-0.3396630048367006,-7.96271425740379,0.04497177280954686,-26.941199839822787,-12.478444843066502,0.04497177280954686,-26.941199839822787,-12.478444843066502,0.9624304230921509,-0.3326131420381332,-7.971706849517123
9633633633.633633,0.9616538185715604,-0.3396247908823077,-7.965403154007644,0.04508386093856603,-26.919577969416117,-12.481513993766274,0.04508386093856603,-26.919577969416117,-12.481513993766274,0.9624334738733354,-0.33258560892400413,-7.974361719699116
9639639639.63964,0.9616577688324947,-0.3395891112443944,-7.968088346330992,0.045195214405710026,-26.898150979535448,-12.484576248142002,0.045195214405710026,-26.898150979535448,-12.484576248142002,0.9624362484023452,-0.33256056904468395,-7.97701310223766
9645645645.645645,0.9616614395103797,-0.3395559569943162,-7.970769874150117,0.04530584513807034,-26.876915276542597,-12.487631713809996,0.04530584513807034,-26.876915276542597,-12.487631713809996,0.9624387474410091,-0.3325380155031992,-7.979661035581535
9651651651.651651,0.9616648315539155,-0.3395253195343676,-7.973447776879623,0.045415764864679777,-26.855867345811593,-12.490680496201715,0.045415764864679777,-26.855867345811593,-12.490680496201715,0.9624409717169602,-0.33251794171339977,-7.982305557840865
9657657657.657658,0.9616679458760561,-0.3394971905920148,-7.976122093578112,0.045524985120108274,-26.835003749653016,-12.493722698624524,0.045524985120108274,-26.835003749653016,-12.493722698624524,0.9624429219242114,-0.33250034139473983,-7.98494670679243
9663663663.663664,0.9616707833546253,-0.33947156221431085,-7.978792862953781,0.04563351724798704,-26.814321125303678,-12.496758422320351,0.04563351724798704,-26.814321125303678,-12.496758422320351,0.9624445987237198,-0.33248520856716585,-7.987584519884908
9669669669.66967,0.9616733448329182,-0.33944842676243153,-7.981460123369897,0.04574137240445909,-26.79381618297983,-12.499787766522292,0.04574137240445909,-26.79381618297983,-12.499787766522292,0.9624460027439306,-0.33247253754618317,-7.990219034244009
9675675675.675674,0.9616756311202861,-0.3394277769063664,-7.9841239128501815,0.04584856156156079,-26.77348570399099,-12.50281082850922,0.04584856156156079,-26.77348570399099,-12.50281082850922,0.9624471345813118,-0.33246232293801475,-7.9928502866775215
9681681681.681683,0.961677642992704,-0.3394096056197673,-7.986784269084105,0.04595509551053393,-26.75332653891255,-12.505827703658577,0.04595509551053393,-26.75332653891255,-12.505827703658577,0.9624479948008691,-0.3324545596349394,-7.995478313680266
9687687687.687687,0.9616793811933274,-0.33939390617489656,-7.989441229432064,0.046060984865070084,-26.733335605814993,-12.508838485497293,0.046060984865070084,-26.733335605814993,-12.508838485497293,0.9624485839366529,-0.33244924281069377,-7.998103151438959
9693693693.693695,0.9616808464330299,-0.3393806721377504,-7.992094830930491,0.04616624006449057,-26.713509888547243,-12.511843265751029,0.04616624006449057,-26.713509888547243,-12.511843265751029,0.9624489024922447,-0.33244636791607374,-8.000724835836994
9699699699.6997,0.9616820393909298,-0.3393698973632783,-7.994745110296851,0.0462708713768605,-26.693846435072818,-12.514842134391717,0.0462708713768605,-26.693846435072818,-12.514842134391717,0.9624489509412366,-0.3324459306745897,-8.00334340245913
9705705705.705706,0.9616829607149034,-0.33936157599072986,-7.9973921039345655,0.0463748889020411,-26.674342355856353,-12.51783517968356,0.0463748889020411,-26.674342355856353,-12.51783517968356,0.9624487297276976,-0.3324479270782489,-8.005958886596112
9711711711.711712,0.9616836110220807,-0.33935570243916136,-8.00003584793784,0.04647830257468013,-26.65499482229898,-12.520822488227443,0.04647830257468013,-26.65499482229898,-12.520822488227443,0.9624482392666207,-0.3324523533835047,-8.008571323249189
9717717717.717718,0.9616839908993353,-0.3393522714029864,-8.002676378096401,0.04658112216714204,-26.63580106522074,-12.523804145003933,0.04658112216714204,-26.63580106522074,-12.523804145003933,0.9624474799443671,-0.3324592061072434,-8.01118074713457
9723723723.723724,0.961684100903755,-0.3393512778477193,-8.005313729900175,0.04668335729237932,-26.61675837338839,-12.526780233414819,0.04668335729237932,-26.61675837338839,-12.526780233414819,0.9624464521190923,-0.332468482022924,-8.013787192687797
9729729729.729729,0.9616839415631023,-0.33935271700579356,-8.00794793854384,0.04678501740674676,-26.59786409208692,-12.529750835323334,0.04678501740674676,-26.59786409208692,-12.529750835323334,0.9624451561211629,-0.3324801781568132,-8.01639069406803
9735735735.735737,0.9616835133762646,-0.33935658437248706,-8.010579038931349,0.04688611181275873,-26.579115621733443,-12.532716031093074,0.04688611181275873,-26.579115621733443,-12.532716031093074,0.9624435922535644,-0.3324942917842951,-8.018991285162281
9741741741.741741,0.9616828168136918,-0.3393628757019522,-8.013207065680332,0.04698664966179206,-26.560510416531756,-12.535675899625634,0.04698664966179206,-26.560510416531756,-12.535675899625634,0.962441760792292,-0.3325108204263386,-8.021588999589554
9747747747.747747,0.9616818523178214,-0.3393715870033721,-8.01583205312645,0.04708663995673496,-26.54204598316627,-12.53863051839708,0.04708663995673496,-26.54204598316627,-12.53863051839708,0.9624396619867404,-0.3325297618459793,-8.02418387070492
9753753753.753754,0.9616806203034937,-0.3393827145371947,-8.018454035327657,0.04718609155458256,-26.523719879534127,-12.541579963493241,0.04718609155458256,-26.523719879534127,-12.541579963493241,0.9624372960600723,-0.3325511140449802,-8.026775931603538
9759759759.75976,0.9616791211583571,-0.33939625481146285,-8.021073046068398,0.0472850131689826,-26.505529713513724,-12.544524309643903,0.0472850131689826,-26.505529713513724,-12.544524309643903,0.9624346632095875,-0.3325748752605092,-8.02936521512456
9765765765.765766,0.9616773552432616,-0.33941220457825627,-8.023689118863725,0.04738341337272864,-26.48747314176905,-12.547463630255912,0.04738341337272864,-26.48747314176905,-12.547463630255912,0.9624317636070735,-0.33260104396196283,-8.03195175385504
9771771771.771772,0.9616753228926419,-0.33943056083022094,-8.026302286963352,0.047481300600206,-26.469547868587973,-12.550397997445284,0.047481300600206,-26.469547868587973,-12.550397997445284,0.9624285973991531,-0.33262961884783504,-8.03453558013371
9777777777.777779,0.9616730244148917,-0.3394513207971839,-8.02891258335564,0.04757868314978768,-26.451751644753937,-12.553327482068276,0.04757868314978768,-26.451751644753937,-12.553327482068276,0.962425164707619,-0.3326605988426939,-8.037116726054734
9783783783.783783,0.9616704600927292,-0.3394744819428444,-8.031520040771507,0.04767556918618492,-26.434082266449334,-12.556252153751544,0.04767556918618492,-26.434082266449334,-12.556252153751544,0.9624214656297627,-0.33269398309421355,-8.039695223471382
9789789789.789791,0.9616676301835496,-0.33950004196158845,-8.034124691688284,0.04777196674275008,-26.41653757419011,-12.55917208092136,0.04777196674275008,-26.41653757419011,-12.55917208092136,0.9624175002386891,-0.3327297709703403,-8.042271103999646
9795795795.795795,0.9616645349197751,-0.33952799877532447,-8.036726568333478,0.04786788372373501,-26.399115451790127,-12.562087330831947,0.04786788372373501,-26.399115451790127,-12.562087330831947,0.9624132685836307,-0.33276796205645415,-8.04484439902179
9801801801.801802,0.961661174509186,-0.33955835053048755,-8.039325702688522,0.047963327906505586,-26.38181382535445,-12.564997969592966,0.047963327906505586,-26.38181382535445,-12.564997969592966,0.9624087706902462,-0.33280855615268196,-8.047415139689853
9807807807.807808,0.9616575491352549,-0.33959109559502093,-8.04192212649241,0.048058306943712374,-26.364630662300662,-12.56790406219617,0.048058306943712374,-26.364630662300662,-12.56790406219617,0.9624040065609125,-0.33285155327126215,-8.049983356929086
9813813813.813814,0.9616536589574631,-0.3396262325555188,-8.044515871245299,0.048152828365419245,-26.347563970407247,-12.570805672541278,0.048152828365419245,-26.347563970407247,-12.570805672541278,0.9623989761750166,-0.3328969536339185,-8.052549081441324
9819819819.81982,0.9616495041116122,-0.33966376021441036,-8.047106968212045,0.04824689958119113,-26.33061179688802,-12.57370286346108,0.04824689958119113,-26.33061179688802,-12.57370286346108,0.9623936794892272,-0.33294475766941195,-8.055112343708318
9825825825.825825,0.96164508471013,-0.3397036775871976,-8.049695448425688,0.048340527882139966,-26.313772227492183,-12.576595696745803,0.048340527882139966,-26.313772227492183,-12.576595696745803,0.9623881164377683,-0.3329949660110792,-8.057673173995008
9831831831.831833,0.9616404008423649,-0.33974598389979915,-8.052281342690865,0.048433720442933016,-26.297043385628477,-12.579484233166767,0.048433720442933016,-26.297043385628477,-12.579484233166767,0.9623822869326818,-0.33304757949447206,-8.060231602352737
9837837837.837837,0.9616354525748738,-0.33979067858595247,-8.054864681587167,0.04852648432375972,-26.280423431513636,-12.582368532499343,0.04852648432375972,-26.280423431513636,-12.582368532499343,0.9623761908640849,-0.3331025991550371,-8.062787658622405
9843843843.843845,0.9616302399517045,-0.33983776128466603,-8.057445495472475,0.04861882647226376,-26.263910561343184,-12.585248653545285,0.04861882647226376,-26.263910561343184,-12.585248653545285,0.9623698281004176,-0.33316002622589497,-8.065341372437606
9849849849.84985,0.9616247629946673,-0.33988723183777014,-8.06002381448618,0.04871075372543497,-26.247503006485058,-12.58812465415438,0.04871075372543497,-26.247503006485058,-12.58812465415438,0.9623631984886869,-0.3332198621356455,-8.067892773227666
9855855855.855856,0.9616190217036037,-0.33993909028749447,-8.062599668552417,0.04880227281146689,-26.231199032694438,-12.590996591245506,0.04880227281146689,-26.231199032694438,-12.590996591245506,0.962356301854702,-0.3332821085062532,-8.070441890220668
9861861861.861862,0.9616130160566444,-0.3399933368741462,-8.06517308738319,0.04889339035157787,-26.21499693934957,-12.593864520827095,0.04889339035157787,-26.21499693934957,-12.593864520827095,0.9623491380033066,-0.33334676715096423,-8.072988752446426
9867867867.867868,0.9616067460104645,-0.3400499720338079,-8.067744100481487,0.048984112861797456,-26.19889505870787,-12.596728498017,0.048984112861797456,-26.19889505870787,-12.596728498017,0.9623417067185979,-0.33341384007233865,-8.075533388739377
9873873873.873875,0.9616002115005277,-0.34010899639614034,-8.070312737144327,0.04907444675471885,-26.182891755181473,-12.599588577061837,0.04907444675471885,-26.182891755181473,-12.599588577061837,0.9623340077641486,-0.3334833294602623,-8.078075827741483
9879879879.879879,0.9615934124413265,-0.34017041078222127,-8.072879026465754,0.04916439834121777,-26.166985424631978,-12.602444811355756,0.04916439834121777,-26.166985424631978,-12.602444811355756,0.9623260408832164,-0.33355523769006695,-8.080616097905029
9885885885.885887,0.9615863487266189,-0.34023421620241556,-8.075442997339799,0.04925397383213879,-26.1511744936834,-12.60529725345873,0.04925397383213879,-26.1511744936834,-12.60529725345873,0.9623178057989485,-0.33362956732069904,-8.083154227495424
9891891891.891891,0.9615790202296542,-0.3403004138543443,-8.078004678463376,0.049343179339949216,-26.135457419053196,-12.608145955114301,0.049343179339949216,-26.135457419053196,-12.608145955114301,0.9623093022145855,-0.33370632109289505,-8.085690244593927
9897897897.897898,0.9615714268033949,-0.34036900512089396,-8.08056409833915,0.04943202088036268,-26.11983268690032,-12.610990967266886,0.04943202088036268,-26.11983268690032,-12.610990967266886,0.9623005298136534,-0.33378550192746187,-8.088224177100347
9903903903.903904,0.9615635682807322,-0.3404399915682743,-8.08312128527835,0.04952050437393071,-26.10429881219035,-12.61383234007857,0.04952050437393071,-26.10429881219035,-12.61383234007857,0.9622914882601523,-0.33386711292359034,-8.090756052735692
9909909909.90991,0.9615554444747004,-0.34051337494409806,-8.085676267403533,0.04960863564760518,-26.088854338076672,-12.616670122945475,0.04960863564760518,-26.088854338076672,-12.616670122945475,0.9622821771987435,-0.33395115735718317,-8.093285899044776
9915915915.915916,0.9615470551786768,-0.3405891571755871,-8.08822907265132,0.049696420436271135,-26.073497835297545,-12.619504364513682,0.049696420436271135,-26.073497835297545,-12.619504364513682,0.9622725962549262,-0.3340376386792782,-8.095813743398798
9921921921.92192,0.9615384001665853,-0.3406673403677423,-8.090779728775068,0.04978386438425065,-26.05822790158847,-12.622335112694726,0.04978386438425065,-26.05822790158847,-12.622335112694726,0.9622627450352126,-0.33412656051448486,-8.098339612997865
9927927927.927929,0.9615294791930894,-0.34074792680161897,-8.093328263347534,0.04987097304677879,-26.043043161109374,-12.62516241468068,0.04987097304677879,-26.043043161109374,-12.62516241468068,0.9622526231272952,-0.33421792665949185,-8.100863534873493
9933933933.933933,0.9615202919937814,-0.34083091893262696,-8.095874703763446,0.04995775189145135,-26.02794226388632,-12.62798631695884,0.04995775189145135,-26.02794226388632,-12.62798631695884,0.9622422301002149,-0.3343117410815717,-8.103385535891043
9939939939.939941,0.9615108382853669,-0.3409163193888826,-8.098419077242093,0.05004420629964648,-26.012923885267043,-12.630806865326038,0.05004420629964648,-26.012923885267043,-12.630806865326038,0.9622315655045175,-0.3344080079171867,-8.105905642752159
9945945945.945946,0.9615011177658462,-0.3410041309695813,-8.100961410829829,0.050130341567918665,-25.99798672539027,-12.633624104902559,0.050130341567918665,-25.99798672539027,-12.633624104902559,0.962220628872409,-0.3345067314706063,-8.108423881997128
9951951951.951952,0.9614911301146855,-0.3410943566434731,-8.103501731402563,0.05021616290936776,-25.98312950866806,-12.63643808014571,0.05021616290936776,-25.98312950866806,-12.63643808014571,0.9622094197179106,-0.33460791621253155,-8.110940280007233
9957957957.957958,0.9614808749929908,-0.34118699954729964,-8.106040065668202,0.05030167545498231,-25.96835098328098,-12.639248834863055,0.05030167545498231,-25.96835098328098,-12.639248834863055,0.9621979375369992,-0.3347115667788485,-8.113454863007057
9963963963.963964,0.9614703520436709,-0.34128206298434943,-8.10857644016906,0.05038688425495751,-25.953649920685823,-12.642056412225271,0.05038688425495751,-25.953649920685823,-12.642056412225271,0.9621861818077556,-0.3348176879693113,-8.115967657066765
9969969969.96997,0.9614595608915995,-0.3413795504230032,-8.111110881284231,0.050471794279989234,-25.93902511513528,-12.644860854778715,0.050471794279989234,-25.93902511513528,-12.644860854778715,0.9621741519904968,-0.3349262847463722,-8.118478688104322
9975975975.975975,0.9614485011437722,-0.34147946549533537,-8.113643415231923,0.0505564104225443,-25.924475383209362,-12.647662204457653,0.0505564104225443,-25.924475383209362,-12.647662204457653,0.9621618475279163,-0.33503736223394,-8.12098798188772
9981981981.981983,0.9614371723894591,-0.34158181199576,-8.11617406807176,0.05064073749810687,-25.909999563358276,-12.650460502596179,0.05064073749810687,-25.909999563358276,-12.650460502596179,0.9621492678452099,-0.3351509257162671,-8.123495564037146
9987987987.987988,0.9614255742003527,-0.34168659387970873,-8.118702865707036,0.05072478024640194,-25.895596515456347,-12.653255789939847,0.05072478024640194,-25.895596515456347,-12.653255789939847,0.9621364123502034,-0.335266980636823,-8.126001460027107
9993993993.993994,0.9614137061307133,-0.3417938152623384,-8.121229833886973,0.05080854333259739,-25.88126512036657,-12.656048106657005,0.05080854333259739,-25.88126512036657,-12.656048106657005,0.9621232804334762,-0.33538553259720405,-8.128505695188556
10000000000.0,0.9614015677175087,-0.3419034804172927,-8.123754998208897,0.05089203134848226,-25.86700427951586,-12.658837492349846,0.05089203134848226,-25.86700427951586,-12.658837492349846,0.9621098714684788,-0.33550658735609795,-8.131008294710966
