frequency_hz,s11_mag,s11_db,s11_phase_deg,s21_mag,s21_db,s21_phase_deg,s12_mag,s12_db,s12_phase_deg,s22_mag,s22_db,s22_phase_deg
4000000000.0,0.9878314074548358,-0.10634339690741713,0.8186024470335813,0.010120271334521579,-39.89615686947821,-0.8650835193737338,0.010120271334521579,-39.89615686947821,-0.8650835193737338,0.9880794643136878,-0.1041625348634282,0.822862354895558
4006006006.0060062,0.9877741300924143,-0.10684704486692753,0.8147441634126459,0.01020477826622852,-39.82392854761984,-0.869151397667152,0.01020477826622852,-39.82392854761984,-0.869151397667152,0.9880235364129691,-0.10465419301412346,0.8190547509488618
4012012012.012012,0.9877166192262681,-0.10735277544212689,0.8108825556032233,0.010290035559801576,-39.751662488426916,-0.8732183530695116,0.010290035559801576,-39.751662488426916,-0.8732183530695116,0.9879673761797317,-0.10514792158845113,0.8152439566633695
4018018018.0180182,0.9876588726893147,-0.10786060805334717,0.8070175953553369,0.010376052572008384,-39.67935672985327,-0.877284463092807,0.010376052572008384,-39.67935672985327,-0.877284463092807,0.9879109814695223,-0.10564373979232662,0.8114299438607047
4024024024.024024,0.9876008882846115,-0.10837056238955858,0.8031492541117656,0.010462838802898165,-39.60700931288304,-0.8813498047565645,0.010462838802898165,-39.60700931288304,-0.8813498047565645,0.9878543501083766,-0.10614166709698919,0.8076126840599696
4030030030.0300303,0.9875426637848189,-0.10888265841320824,0.7992775030037873,0.010550403898358764,-39.53461828131475,-0.8854144546091511,0.010550403898358764,-39.53461828131475,-0.8854144546091511,0.9877974798923317,-0.10664172324341614,0.8037921484735441
4036036036.036036,0.9874841969316535,-0.10939691636516771,0.7954023128469034,0.010638757652725683,-39.462181681547676,-0.8894784887489025,0.010638757652725683,-39.462181681547676,-0.8894784887489025,0.9877403685868407,-0.10714392824758845,0.799968308002926
4042042042.0420423,0.9874254854352967,-0.1099133567700567,0.7915236541364595,0.010727910011446217,-39.389697562369,-0.8935419828449742,0.010727910011446217,-39.389697562369,-0.8935419828449742,0.9876830139262255,-0.10764830240543442,0.7961411332344271
4048048048.048048,0.9873665269738222,-0.11043200044142261,0.7876414970431771,0.010817871073796887,-39.31716397474401,-0.8976050121579466,0.010817871073796887,-39.31716397474401,-0.8976050121579466,0.9876254136130866,-0.10815486629814965,0.7923105944348054
4054054054.0540543,0.9873073191926015,-0.11095286848710037,0.78375581140866,0.010908651095658872,-39.24457897160664,-0.9016676515602777,0.010908651095658872,-39.24457897160664,-0.9016676515602777,0.9875675653177158,-0.10866364079749674,0.7884766615468896
4060060060.06006,0.9872478597036972,-0.11147598231469491,0.7798665667407524,0.011000260492349982,-39.171940607652466,-0.9057299755565015,0.011000260492349982,-39.171940607652466,-0.9057299755565015,0.9875094666775036,-0.10917464707115158,0.7846393041849783
4066066066.0660663,0.9871881460852187,-0.11200136363739341,0.7759737322088734,0.011092709841516035,-39.09924693913282,-0.9097920583032341,0.011092709841516035,-39.09924693913282,-0.9097920583032341,0.9874511152963041,-0.10968790658843089,0.7807984916303429
4072072072.072072,0.987128175880702,-0.11252903447956654,0.7720772766392395,0.011186009886082541,-39.026496023650495,-0.9138539736290228,0.011186009886082541,-39.026496023650495,-0.9138539736290228,0.9873925087438151,-0.11020344112588969,0.7769541928264974
4078078078.0780783,0.9870679465984451,-0.11305901718277307,0.7681771685100137,0.011280171537267935,-38.95368591995697,-0.9179157950540158,0.011280171537267935,-38.95368591995697,-0.9179157950540158,0.9873336445549403,-0.11072127277307584,0.7731063763744528
4084084084.084084,0.9870074557108466,-0.11359133441172911,0.7642733759463518,0.011375205877660492,-38.880814687750586,-0.9219775958094442,0.011375205877660492,-38.880814687750586,-0.9219775958094442,0.9872745202290772,-0.11124142393894662,0.7692550105279367
4090090090.0900903,0.9869467006537023,-0.11412600916065882,0.7603658667153967,0.0114711241643596,-38.80788038747636,-0.9260394488569692,0.0114711241643596,-38.80788038747636,-0.9260394488569692,0.9872151332295037,-0.11176391735741907,0.7654000631883758
4096096096.096096,0.9868856788255294,-0.11466306475940381,0.7564546082211323,0.01156793783218289,-38.73488108012725,-0.9301014269078722,0.01156793783218289,-38.73488108012725,-0.9301014269078722,0.9871554809826479,-0.11228877609394998,0.7615415018999698
4102102102.1021023,0.9868243875868263,-0.11520252488010287,0.752539567499193,0.01166565849694212,-38.66181482704591,-0.9341636024421048,0.01166565849694212,-38.66181482704591,-0.9341636024421048,0.9870955608773635,-0.11281602355207603,0.7576792938445559
4108108108.108108,0.9867628242593365,-0.11574441354384443,0.7486207112115538,0.011764297958787653,-38.58867968972814,-0.9382260477272579,0.011764297958787653,-38.58867968972814,-0.9382260477272579,0.9870353702642521,-0.11334568347953825,0.7538134058363979
4114114114.1141143,0.9867009861253117,-0.11628875512732109,0.7446980056411294,0.011863868205624142,-38.515473729627374,-0.9422888348373148,0.011863868205624142,-38.515473729627374,-0.9422888348373148,0.9869749064548513,-0.11387777997560085,0.7499438043169486
4120120120.12012,0.9866388704267257,-0.11683557436993214,0.7407714166862687,0.011964381416599465,-38.44219500795972,-0.9463520356713742,0.011964381416599465,-38.44219500795972,-0.9463520356713742,0.9869141667209398,-0.11441233749733491,0.7460704553494141
4126126126.1261263,0.9865764743644856,-0.11738489638091165,0.736840909855176,0.012065849965667466,-38.368841585510516,-0.9504157219722502,0.012065849965667466,-38.368841585510516,-0.9504157219722502,0.9868531482937014,-0.11494938086715661,0.7421933246133117
4132132132.132132,0.9865137950976309,-0.11793674664656215,0.7329064502601869,0.012168286425227241,-38.29541152244167,-0.9544799653449704,0.012168286425227241,-38.29541152244167,-0.9544799653449704,0.9867918483629456,-0.11548893527986892,0.7383123773988809
4138138138.1381383,0.9864508297424888,-0.11849115103788913,0.7289680026119829,0.012271703569840873,-38.22190287809947,-0.9585448372751708,0.012271703569840873,-38.22190287809947,-0.9585448372751708,0.9867302640762894,-0.11603102631005018,0.7344275786014028
4144144144.144144,0.9863875753718473,-0.11904813581807291,0.7250255312136576,0.012376114380030674,-38.14831371082372,-0.962610409147471,0.012376114380030674,-38.14831371082372,-0.962610409147471,0.9866683925383187,-0.11657567991962395,0.7305388927153871
4150150150.1501503,0.986324029014061,-0.11960772765054989,0.7210789999547214,0.012481532046158792,-38.07464207775725,-0.9666767522637068,0.012481532046158792,-38.07464207775725,-0.9666767522637068,0.9866062308097133,-0.11712292246576321,0.7266462838287232
4156156156.156156,0.9862601876521725,-0.12016995360695373,0.7171283723049527,0.012587969972390428,-38.000886034656325,-0.970743937861127,0.012587969972390428,-38.000886034656325,-0.970743937861127,0.9865437759063949,-0.11767278070858805,0.7227497156166293
4162162162.1621623,0.986196048222998,-0.12073484117537911,0.7131736113081543,0.01269544178074319,-37.92704363570171,-0.9748120371305654,0.01269544178074319,-37.92704363570171,-0.9748120371305654,0.9864810247985601,-0.11822528181988445,0.7188491513355996
4168168168.168168,0.9861316076161811,-0.12130241826893491,0.7092146795757905,0.012803961315224635,-37.85311293331014,-0.9788811212345707,0.012803961315224635,-37.85311293331014,-0.9788811212345707,0.9864179744098484,-0.11878045339064801,0.7149445538170973
4174174174.1741743,0.9860668626732554,-0.12187271323422338,0.7052515392805027,0.012913542646060023,-37.77909197794648,-0.9829512613253995,0.012913542646060023,-37.77909197794648,-0.9829512613253995,0.9863546216163058,-0.11933832344041563,0.711035885461274
4180180180.18018,0.9860018101866376,-0.12244575486043566,0.7012841521495037,0.013024200074012386,-37.704978817936315,-0.9870225285631095,0.013024200074012386,-37.704978817936315,-0.9870225285631095,0.9862909632454622,-0.11989892042562389,0.7071231082304863
4186186186.1861863,0.9859364468986266,-0.12302157238840594,0.6973124794578527,0.013135948134797185,-37.63077149927931,-0.9910949941335571,0.013135948134797185,-37.63077149927931,-0.9910949941335571,0.9862269960753077,-0.1204622732488417,0.7032061836426877
4192192192.192192,0.9858707695003809,-0.12360019551986012,0.6933364820215977,0.013248801603595033,-37.556468065462106,-0.9951687292663723,0.013248801603595033,-37.556468065462106,-0.9951687292663723,0.9861627168333102,-0.12102841126766446,0.6992850727647373
4198198198.1981983,0.98580477463084,-0.12418165442716415,0.6893561201907829,0.013362775499662445,-37.48206655727264,-0.999243805252987,0.013362775499662445,-37.48206655727264,-0.999243805252987,0.9860981221953022,-0.12159736430475389,0.6953597362055665
4204204204.204204,0.9857384588756584,-0.12476597976297307,0.685371353842334,0.013477885091045881,-37.40756501261387,-1.003320293464567,0.013477885091045881,-37.40756501261387,-1.003320293464567,0.9860332087844684,-0.12216916265700295,0.6914301341091936
4210210210.2102103,0.9856718187660739,-0.1253532026704564,0.6813821423727856,0.01359414589939949,-37.33296146631827,-1.007398265370045,0.01359414589939949,-37.33296146631827,-1.007398265370045,0.9859679731702188,-0.12274383710571586,0.6874962261476156
4216216216.216216,0.9856048507777768,-0.1259433547935372,0.6773884446909098,0.013711573704910489,-37.25825394996215,-1.011477792554143,0.013711573704910489,-37.25825394996215,-1.011477792554143,0.9859024118670409,-0.12332141892697761,0.6835579715136005
4222222222.2222223,0.9855375513297306,-0.12653646828755358,0.6733902192101615,0.013830184551333915,-37.18344049168048,-1.0155589467353419,0.013830184551333915,-37.18344049168048,-1.0155589467353419,0.9858365213333747,-0.12390193990183228,0.6796153289132685
4228228228.228228,0.98546991678298,-0.12713257583004767,0.6693874238409768,0.013949994751140418,-37.10851911598141,-1.019641799783995,0.013949994751140418,-37.10851911598141,-1.019641799783995,0.985770297970409,-0.12448543232716375,0.6756682565585903
4234234234.2342343,0.9854019434394112,-0.12773171063197863,0.665380015982962,0.014071020890779289,-37.03348784356104,-1.023726423740411,0.014071020890779289,-37.03348784356104,-1.023726423740411,0.9857037381208548,-0.12507192902678105,0.6717167121597124
4240240240.24024,0.9853336275404825,-0.12833390644921144,0.6613679525169041,0.014193279836059737,-36.9583446911182,-1.0278128908329651,0.014193279836059737,-36.9583446911182,-1.0278128908329651,0.9856368380677026,-0.12566146336265582,0.6677606529171464
4246246246.2462463,0.9852649652659455,-0.12893919759408987,0.6573511897965886,0.014316788737654063,-36.8830876711688,-1.031901273496329,0.014316788737654063,-36.8830876711688,-1.031901273496329,0.9855695940329396,-0.12625406924652938,0.6638000355137793
4252252252.252252,0.9851959527324824,-0.12954761894776798,0.6533296836405553,0.014441565036724278,-36.80771479186074,-1.0359916443897044,0.014441565036724278,-36.80771479186074,-1.0359916443897044,0.9855020021762325,-0.12684978115181914,0.6598348161067628
4258258258.2582583,0.9851265859923858,-0.13015920597216488,0.6493033893235557,0.01456762647067752,-36.7322240567879,-1.0400840764151174,0.01456762647067752,-36.7322240567879,-1.0400840764151174,0.9854340585935687,-0.12744863412590898,0.6558649503192154
4264264264.264264,0.9850568610321045,-0.1307739947231198,0.645272261567979,0.014694991079051931,-36.65661346480416,-1.0441786427358515,0.014694991079051931,-36.65661346480416,-1.0441786427358515,0.985365759315883,-0.12805066380257535,0.6518903932317587
4270270270.2702703,0.9849867737708491,-0.13139202186302817,0.6412362545349951,0.014823677209536224,-36.58088100983757,-1.0482754167948831,0.014823677209536224,-36.58088100983757,-1.0482754167948831,0.9852971003076235,-0.12865590641495808,0.6479110993739161
4276276276.276276,0.98491632005908,-0.13201332467451748,0.6371953218155996,0.014953703524128266,-36.50502468070333,-1.0523744723334514,0.014953703524128266,-36.50502468070333,-1.0523744723334514,0.9852280774652982,-0.12926439880871307,0.643927022715291
4282282282.2822824,0.9848454956770168,-0.1326379410739578,0.6331494164214223,0.015085089005433693,-36.429042460917174,-1.0564758834097034,0.015085089005433693,-36.429042460917174,-1.0564758834097034,0.9851586866159642,-0.12987617845567684,0.6399381166566248
4288288288.288288,0.9847742963330718,-0.13326590962564225,0.6290984907753921,0.01521785296311044,-36.35293232850784,-1.0605797244174893,0.01521785296311044,-36.35293232850784,-1.0605797244174893,0.9850889235156923,-0.13049128346776542,0.6359443340206334
4294294294.2942944,0.9847027176622549,-0.13389726955623332,0.6250424967021799,0.015352015040461619,-36.276692255829126,-1.0646860701051883,0.015352015040461619,-36.276692255829126,-1.0646860701051883,0.985018783848008,-0.13110975261108876,0.6319456270426492
4300300300.300301,0.984630755224521,-0.13453206076973423,0.6209813854184795,0.01548759522118102,-36.20032020937155,-1.0687949955947103,0.01548759522118102,-36.20032020937155,-1.0687949955947103,0.9849482632222174,-0.13173162532108876,0.6279419473611284
4306306306.306306,0.9845584045030895,-0.13517032386271033,0.6169151075230711,0.015624613836255507,-36.123814149573164,-1.0729065764006336,0.015624613836255507,-36.123814149573164,-1.0729065764006336,0.9848773571717999,-0.13235694171710574,0.6239332460079019
4312312312.312312,0.9844856609027268,-0.1358121001398533,0.6128436129866667,0.01576309157102793,-36.04717203062988,-1.0770208884494383,0.01576309157102793,-36.04717203062988,-1.0770208884494383,0.9848060611526407,-0.132985742618367,0.619919473398285
4318318318.318318,0.9844125197479515,-0.13645743163024168,0.6087668511415872,0.01590304947242531,-35.97039180030491,-1.0811380080989015,0.01590304947242531,-35.97039180030491,-1.0811380080989015,0.9847343705413218,-0.13361806955947003,0.6159005793209228
4324324324.324325,0.9843389762812097,-0.1371063611038758,0.6046847706711892,0.01604450895635581,-35.893471399737756,-1.0852580121576425,0.01604450895635581,-35.893471399737756,-1.0852580121576425,0.9846622806332764,-0.1342539648070901,0.6118765129274706
4330330330.33033,0.9842650256610117,-0.13775893208856815,0.6005973195990946,0.01618749181528044,-35.81640876325184,-1.0893809779048265,0.01618749181528044,-35.81640876325184,-1.0893809779048265,0.984589786640928,-0.13489347137682772,0.6078472227220718
4336336336.336336,0.984190662959969,-0.13841518888772908,0.596504445278187,0.01633202022596275,-35.73920181816159,-1.0935069831100472,0.01633202022596275,-35.73920181816159,-1.0935069831100472,0.9845168836918348,-0.13553663305003016,0.603812656550533
4342342342.342342,0.9841158831628595,-0.13907517659791838,0.592406094379372,0.01647811675740137,-35.6618484845787,-1.0976361060533393,0.01647811675740137,-35.6618484845787,-1.0976361060533393,0.9844435668266737,-0.13618349439203917,0.5997727615894086
4348348348.348349,0.9840406811645576,-0.13973894112759994,0.5883022128801173,0.016625804378951736,-35.58434667521685,-1.1017684255454558,0.016625804378951736,-35.58434667521685,-1.1017684255454558,0.984369830997237,-0.13683410077034375,0.5957274843347219
4354354354.354355,0.9839650517679448,-0.1404065292160924,0.5841927460527455,0.01677510646864,-35.50669429519596,-1.10590402094825,0.01677510646864,-35.50669429519596,-1.10590402094825,0.9842956710643812,-0.13748849837316812,0.5916767705905445
4360360360.36036,0.9838889896817641,-0.14107798845302746,0.5800776384524783,0.016926046821676064,-35.42888924184485,-1.1100429721953131,0.016926046821676064,-35.42888924184485,-1.1100429721953131,0.9842210817958873,-0.13814673422886076,0.5876205654572658
4366366366.366366,0.9838124895184017,-0.14175336729846522,0.5759568339052132,0.01707864965917002,-35.350929404502914,-1.1141853598128144,0.01707864965917002,-35.350929404502914,-1.1141853598128144,0.984146057864266,-0.13880885622578082,0.5835588133196746
4372372372.372373,0.9837355457916163,-0.1424327151034964,0.5718302754950759,0.01723293963705821,-35.272812664320455,-1.1183312649405355,0.01723293963705821,-35.272812664320455,-1.1183312649405355,0.984070593844501,-0.13947491313275354,0.5794914578347533
4378378378.378378,0.983658152914203,-0.1431160821314307,0.5676979055516616,0.017388941855243544,-35.19453689405796,-1.1224807693531618,0.017388941855243544,-35.19453689405796,-1.1224807693531618,0.9839946842117588,-0.14014495461983548,0.5754184419192122
4384384384.384384,0.9835803051955717,-0.1438035195797705,0.5635596656370294,0.017546681866958066,-35.11609995788338,-1.1266339554817915,0.017546681866958066,-35.11609995788338,-1.1266339554817915,0.9839183233389871,-0.14081903128008383,0.5713397077367401
4390390390.39039,0.9835019968392844,-0.14449507960255703,0.5594154965324215,0.01770618568835125,-35.037499711168515,-1.1307909064357127,0.01770618568835125,-35.037499711168515,-1.1307909064357127,0.9838415054944777,-0.14149719465165472,0.5672551966850428
4396396396.396397,0.9834232219405148,-0.14519081533342834,0.5552653382246799,0.017867479808311403,-34.95873400028393,-1.134951706024392,0.017867479808311403,-34.95873400028393,-1.134951706024392,0.9837642248393326,-0.1421794972407808,0.5631648493825229
4402402402.402403,0.9833439744834122,-0.14589078090954216,0.5511091298923553,0.018030591198528106,-34.87980066239155,-1.1391164387798007,0.018030591198528106,-34.87980066239155,-1.1391164387798007,0.983686475424888,-0.14286599254513674,0.5590686056547309
4408408408.408408,0.9832642483384245,-0.1465950314958808,0.5469468098915516,0.01819554732379872,-34.80069752523664,-1.1432851899789354,0.01819554732379872,-34.80069752523664,-1.1432851899789354,0.9836082511900469,-0.14355673507803482,0.5549664045204745
4414414414.414414,0.983184037259509,-0.1473036233105748,0.5427783157414233,0.01836237615259013,-34.72142240693704,-1.1474580456666832,0.01836237615259013,-34.72142240693704,-1.1474580456666832,0.9835295459585427,-0.1442517803932534,0.5508581841776526
4420420420.420421,0.9831033348812951,-0.148016613650665,0.5386035841093738,0.0185311061678587,-34.641973115771435,-1.1516350926789762,0.0185311061678587,-34.641973115771435,-1.1516350926789762,0.9834503534360759,-0.14495118511100363,0.5467438819887778
4426426426.426426,0.9830221347161419,-0.1487340609188284,0.5344225507959192,0.01870176637813883,-34.56234744996526,-1.1558164186662183,0.01870176637813883,-34.56234744996526,-1.1558164186662183,0.9833706672074735,-0.14565500694372602,0.5426234344661661
4432432432.432432,0.9829404301511011,-0.14945602465095734,0.5302351507192138,0.018874386328905778,-34.48254319747484,-1.1600021121170636,0.018874386328905778,-34.48254319747484,-1.1600021121170636,0.983290480733648,-0.1463633047236752,0.5384967772567922
4438438438.438438,0.9828582144448291,-0.15018256554422077,0.5260413178992356,0.019048996114221402,-34.40255813576941,-1.1641922623825238,0.019048996114221402,-34.40255813576941,-1.1641922623825238,0.9832097873485282,-0.14707613843078654,0.5343638451268322
4444444444.444445,0.9827754807243658,-0.15091374548632414,0.5218409854416106,0.019225626388669936,-34.322390031611285,-1.1683869597003818,0.019225626388669936,-34.322390031611285,-1.1683869597003818,0.9831285802559073,-0.14779356922128978,0.5302245719458409
4450450450.450451,0.9826922219818375,-0.15164962758547249,0.5176340855210969,0.019404308379593022,-34.242036640833554,-1.1725862952200217,0.019404308379593022,-34.242036640833554,-1.1725862952200217,0.9830468525261573,-0.14851565945754364,0.5260788906705823
4456456456.456456,0.9826084310710659,-0.15239027620118983,0.5134205493646516,0.019585073899631815,-34.16149570811576,-1.176790361027529,0.019585073899631815,-34.16149570811576,-1.176790361027529,0.9829645970928735,-0.14924247273850333,0.5219267333284923
4462462462.462462,0.9825241007040614,-0.1531357569761955,0.5092003072341541,0.019767955359585147,-34.080764966757066,-1.1809992501712812,0.019767955359585147,-34.080764966757066,-1.1809992501712812,0.9828818067494234,-0.14997407393107381,0.517768031000744
4468468468.468469,0.982439223447418,-0.15388613686917724,0.504973288408722,0.019952985781592224,-33.999842138447356,-1.1852130566878127,0.019952985781592224,-33.999842138447356,-1.1852130566878127,0.9827984741453563,-0.15071052920271516,0.5136027138049966
4474474474.474475,0.9823537917186049,-0.15464148418851212,0.5007394211666161,0.020140198812650865,-33.91872493303527,-1.189431875628186,0.020140198812650865,-33.91872493303527,-1.189431875628186,0.9827145917827517,-0.15145190605462833,0.5094307108776658
4480480480.48048,0.9822677977821409,-0.15540186862706054,0.49649863276674017,0.020329628738478264,-33.83741104829431,-1.1936558030846913,0.020329628738478264,-33.83741104829431,-1.1936558030846913,0.9826301520124169,-0.15219827335630234,0.5052519503558317
4486486486.486486,0.9821812337456303,-0.15616736129821296,0.4922508494297048,0.020521310497726652,-33.755898169685864,-1.1978849362180293,0.020521310497726652,-33.755898169685864,-1.1978849362180293,0.9825451470299851,-0.15294970138097636,0.5010663593587427
4492492492.492493,0.9820940915557292,-0.15693803477259471,0.4879959963184658,0.020715279696563168,-33.6741839701195,-1.2021193732849225,0.020715279696563168,-33.6741839701195,-1.2021193732849225,0.9824595688719158,-0.15370626184200067,0.4968738639688433
4498498498.498499,0.9820063629939355,-0.15771396311636973,0.48373399751848817,0.020911572623623597,-33.59226610971076,-1.2063592136661625,0.020911572623623597,-33.59226610971076,-1.2063592136661625,0.9823734094113091,-0.1544680279308802,0.4926743892124172
4504504504.504504,0.981918039672277,-0.15849522193047588,0.4794647760174818,0.021110226265352874,-33.51014223553557,-1.2106045578951663,0.021110226265352874,-33.51014223553557,-1.2106045578951663,0.9822866603536718,-0.15523507435578504,0.48846785903973516
4510510510.51051,0.9818291130288604,-0.15928188839114024,0.4751882536846188,0.021311278321741844,-33.42780998138201,-1.2148555076869967,0.021311278321741844,-33.42780998138201,-1.2148555076869967,0.9821993132324971,-0.1560074773817446,0.4842541963047527
4516516516.516517,0.981739574323278,-0.16007404129169647,0.4709043512493092,0.021514767222472937,-33.345266967498745,-1.219112165967876,0.021514767222472937,-33.345266967498745,-1.219112165967876,0.9821113594047027,-0.1567853148721372,0.48003332274435395
4522522522.522523,0.9816494146318793,-0.16087176108563117,0.46661298827942926,0.021720732143486673,-33.26251080034033,-1.2233746369052374,0.021720732143486673,-33.26251080034033,-1.2233746369052374,0.9820227900459843,-0.15756866633097671,0.47580515895703757
4528528528.528528,0.9815586248428791,-0.1616751299311372,0.4623140831590594,0.021929213023980976,-33.1795390723092,-1.2276430259383107,0.021929213023980976,-33.1795390723092,-1.2276430259383107,0.981933596145951,-0.15835761294716133,0.471569624381189
4534534534.534534,0.9814671956513152,-0.16248423173703797,0.45800755306568375,0.022140250583857057,-33.09634936149414,-1.2319174398092483,0.022140250583857057,-33.09634936149414,-1.2319174398092483,0.9818437685031491,-0.15915223763977054,0.4673266372727497
4540540540.540541,0.9813751175538795,-0.1632991522098806,0.45369331394684154,0.022353886341623698,-33.01293923140553,-1.2361979865948072,0.022353886341623698,-33.01293923140553,-1.2361979865948072,0.9817532977199228,-0.1599526251048432,0.4630761146824079
4546546546.546547,0.9812823808435248,-0.16411997890307115,0.44937128049621566,0.022570162632775656,-32.929306230706544,-1.2404847757386745,0.022570162632775656,-32.929306230706544,-1.2404847757386745,0.9816621741971145,-0.16075886186362745,0.4588179724322124
4552552552.552552,0.981188975603952,-0.16494680126712094,0.44504136612914547,0.022789122628658225,-32.84544789294107,-1.2447779180843184,0.022789122628658225,-32.84544789294107,-1.2447779180843184,0.9815703881285675,-0.16157103631263758,0.4545521250916333
4558558558.558558,0.9810948917038886,-0.16577971070179578,0.44070348295754275,0.023010810355834712,-32.761361736257356,-1.249077525908534,0.023010810355834712,-32.761361736257356,-1.249077525908534,0.9814779294955028,-0.16238923877486883,0.45027848595302566
4564564564.564565,0.9810001187912006,-0.1666188006098002,0.4363575417641917,0.02323527071596969,-32.67704526312822,-1.2533837129555967,0.02323527071596969,-32.67704526312822,-1.2533837129555967,0.9813847880606608,-0.16321356155316658,0.44599696700652525
4570570570.570571,0.9809046462867997,-0.16746416645233383,0.4320034519764277,0.02346254950624656,-32.59249596006659,-1.2576965944720775,0.02346254950624656,-32.59249596006659,-1.2576965944720775,0.981290953362283,-0.16404409898505068,0.4417074789142935
4576576576.576576,0.980808463378376,-0.16831590580625866,0.4276411216391596,0.023692693440332837,-32.50771129733732,-1.2620162872423797,0.023692693440332837,-32.50771129733732,-1.2620162872423797,0.981196414707904,-0.16488094749930132,0.43740993098416175
4582582582.582582,0.9807115590138875,-0.16917411842348412,0.4232704573872374,0.023925750169911275,-32.42268872866467,-1.2663429096249381,0.023925750169911275,-32.42268872866467,-1.2663429096249381,0.9811011611679262,-0.16572420567451698,0.4331042311425882
4588588588.588589,0.9806139218948713,-0.17003890629200374,0.41889136441709984,0.02416176830679491,-32.337425690934985,-1.2706765815891745,0.02416176830679491,-32.337425690934985,-1.2706765815891745,0.9810051815689748,-0.16657397429969786,0.42879028590698726
4594594594.594595,0.9805155404695333,-0.17091037369896234,0.41450374645776916,0.024400797445641727,-32.251919603895416,-1.2750174247532005,0.024400797445641727,-32.251919603895416,-1.2750174247532005,0.9809084644870644,-0.1674303564365556,0.42446800035733767
4600600600.6006,0.9804164029255741,-0.17178862729613825,0.41010750574106253,0.024642888187290466,-32.166167869847314,-1.2793655624223086,0.024642888187290466,-32.166167869847314,-1.2793655624223086,0.9808109982405041,-0.1682934574842236,0.4201372781070725
4606606606.6066065,0.9803164971828185,-0.172673776167243,0.405702542971089,0.02488809216273335,-32.08016787333548,-1.283721119628229,0.02488809216273335,-32.08016787333548,-1.283721119628229,0.980712770882594,-0.16916338524588456,0.4157980212732729
4612612612.612613,0.980215810885565,-0.17356593189778585,0.4012887572929719,0.02513646205774913,-31.99391698083187,-1.2880842231692449,0.02513646205774913,-31.99391698083187,-1.2880842231692449,0.9806137701940664,-0.1700402499977395,0.4114501304460862
4618618618.618619,0.980114331394715,-0.1744652086469681,0.39686604626074873,0.025388051638214094,-31.90741254041463,-1.2924550016511793,0.025388051638214094,-31.90741254041463,-1.2924550016511793,0.9805139836752709,-0.17092416456032963,0.40709350465735733
4624624624.624624,0.9800120457795991,-0.17537172322236588,0.39243430580449223,0.02564291577611383,-31.820651881441826,-1.2968335855291857,0.02564291577611383,-31.820651881441826,-1.2968335855291857,0.9804133985381044,-0.17181524437220705,0.4027280413484699
4630630630.6306305,0.9799089408095446,-0.17628559515698308,0.38799343019655375,0.025901110476277835,-31.73363231421962,-1.301220107150539,0.025901110476277835,-31.73363231421962,-1.301220107150539,0.9803120016976645,-0.17271360756614368,0.398353636337391
4636636636.636637,0.9798050029451764,-0.1772069467887784,0.38354331201694825,0.0261626929038585,-31.64635112966529,-1.305614700798299,0.0261626929038585,-31.64635112966529,-1.305614700798299,0.9802097797636035,-0.17361937504809102,0.39397018378481763
4642642642.642643,0.9797002183293733,-0.17813590334333998,0.3790838421178631,0.026427721412579902,-31.55880559896425,-1.3100175027359708,0.026427721412579902,-31.55880559896425,-1.3100175027359708,0.9801067190312167,-0.17453267057858782,0.38957757615948113
4648648648.648648,0.979594572777958,-0.17907259301903286,0.37461490958720617,0.026696255573779016,-31.470992973221517,-1.3144286512531458,0.026696255573779016,-31.470992973221517,-1.3144286512531458,0.9800028054722062,-0.17545362085715774,0.3851757042025499
4654654654.6546545,0.9794880517700536,-0.18001714707521366,0.37013640171123113,0.02696835620626628,-31.382910483107004,-1.3188482867122013,0.02696835620626628,-31.382910483107004,-1.3188482867122013,0.9798980247251253,-0.17638235560963383,0.3807644568910843
4660660660.660661,0.9793806404380819,-0.18096969992373246,0.36564820393618175,0.027244085407029908,-31.294555338495034,-1.3232765515960219,0.027244085407029908,-31.294555338495034,-1.3232765515960219,0.9797923620855092,-0.17731900767838743,0.37634372140054806
4666666666.666667,0.9792723235574592,-0.18193038922324822,0.36115019982889024,0.027523506582813422,-31.20592472809711,-1.327713590556862,0.027523506582813422,-31.20592472809711,-1.327713590556862,0.9796858024956259,-0.17826371311603612,0.37191338306633526
4672672672.672672,0.9791630855358946,-0.1828993559771877,0.3566422710363799,0.027806684482592155,-31.117015819088643,-1.3321595504663122,0.027806684482592155,-31.117015819088643,-1.3321595504663122,0.9795783305339052,-0.1792166112821297,0.36747332534427735
4678678678.6786785,0.9790529104023244,-0.1838767446350723,0.3521242972443725,0.028093685230979836,-31.027825756728767,-1.3366145804664513,0.028093685230979836,-31.027825756728767,-1.3366145804664513,0.979469930404007,-0.1801778449431707,0.36302342977007396
4684684684.684685,0.9789417817954698,-0.18486270319732434,0.3475961561346584,0.02838457636259373,-30.93835166397364,-1.3410788320221987,0.02838457636259373,-30.93835166397364,-1.3410788320221987,0.9793605859234288,-0.18114756037684787,0.358563575917699
4690690690.690691,0.9788296829519648,-0.18585738332402474,0.34305772334137213,0.028679426857411594,-30.848590641082424,-1.345552458974925,0.028679426857411594,-30.848590641082424,-1.345552458974925,0.9792502805118202,-0.1821259074790168,0.35409364135662125
4696696696.696697,0.9787165966940817,-0.18686094044740942,0.3385088724060586,0.02897830717715014,-30.758539765216618,-1.35003561759734,0.02897830717715014,-30.758539765216618,-1.35003561759734,0.9791389971787746,-0.1831130398754624,0.3496135016079255
4702702702.7027025,0.9786025054170152,-0.18787353388842692,0.3339494747315081,0.029281289302702577,-30.668196090031397,-1.3545284666497357,0.029281289302702577,-30.668196090031397,-1.3545284666497357,0.9790267185112607,-0.1841091150370177,0.3451230300992238
4708708708.708709,0.9784873910756942,-0.18889532697766437,0.32937939953437284,0.029588446772665644,-30.577556645260064,-1.3590311674375706,0.029588446772665644,-30.577556645260064,-1.3590311674375706,0.9789134266605729,-0.1851142943991047,0.3406220981183297
4714714714.714715,0.9783712351711437,-0.18992648718043817,0.3247985137964448,0.029899854722995802,-30.48661843629037,-1.3635438838705096,0.029899854722995802,-30.48661843629037,-1.3635438838705096,0.9787991033287994,-0.18612874348573838,0.33611057476569184
4720720720.72072,0.9782540187363282,-0.1909671862266751,0.3202066822146274,0.030215589927830317,-30.39537844373305,-1.3680667825229154,0.030215589927830317,-30.39537844373305,-1.3680667825229154,0.9786837297548171,-0.18715263203789595,0.3315883269055032
4726726726.726727,0.9781357223214945,-0.1920176002454292,0.31560376714949895,0.030535730841512496,-30.30383362298231,-1.3726000326958716,0.030535730841512496,-30.30383362298231,-1.3726000326958716,0.9785672866997898,-0.1881861341464931,0.3270552191154562
4732732732.732733,0.9780163259789717,-0.1930779099044154,0.310989628572464,0.03086035764186178,-30.211980903767813,-1.3771438064807526,0.03086035764186178,-30.211980903767813,-1.3771438064807526,0.9784497544320839,-0.18922942839071827,0.3225111136351257
4738738738.738739,0.9778958092474166,-0.1941483005546903,0.3063641240114242,0.031189552274729897,-30.119817189698313,-1.3816982788244523,0.031189552274729897,-30.119817189698313,-1.3816982788244523,0.9783311127116892,-0.19028269798097766,0.31795587031288375
4744744744.744745,0.9777741511354721,-0.19522896238076015,0.3017271084949234,0.03152339849988695,-30.02733935779647,-1.3862636275962525,0.03152339849988695,-30.02733935779647,-1.3862636275962525,0.978211340774023,-0.1913461309075171,0.313389346551371
4750750750.750751,0.9776513301048269,-0.1963200905562444,0.29707843449472354,0.031861981938283136,-29.934544258024513,-1.390840033656467,0.031861981938283136,-29.934544258024513,-1.390840033656467,0.9780904173131695,-0.19241992009430559,0.3088113972513758
4756756756.756757,0.9775273240526343,-0.19742188540547767,0.29241795186675523,0.03220539012073096,-29.841428712801026,-1.3954276809268453,0.03220539012073096,-29.841428712801026,-1.3954276809268453,0.9779683204644317,-0.19350426355924058,0.3042218747541876
4762762762.762763,0.9774021102932859,-0.19853455257110186,0.2877455077903814,0.0325537125380582,-29.747989516508156,-1.4000267564628388,0.0325537125380582,-29.747989516508156,-1.4000267564628388,0.9778450277863147,-0.19459936457967553,0.2996206287822635
4768768768.768768,0.9772756655394759,-0.19965830318822916,0.28306094670594156,0.03290704069278207,-29.654223434989056,-1.4046374505278187,0.03290704069278207,-29.654223434989056,-1.4046374505278187,0.9777205162417542,-0.19570543186489808,0.29500750637823736
4774774774.774775,0.977147965882581,-0.20079335406497162,0.2783641102504701,0.03326546815235566,-29.56012720503557,-1.4092599566692332,0.03326546815235566,-29.56012720503557,-1.4092599566692332,0.9775947621786639,-0.19682267973494844,0.2903823518421509
4780780780.780781,0.9770189867722695,-0.20193992787012824,0.27365483719161054,0.03362909060404148,-29.465697533865868,-1.4138944717968565,0.03362909060404148,-29.465697533865868,-1.4138944717968565,0.9774677413097773,-0.19795132830599305,0.2857450066668939
4786786786.786787,0.9768887029953331,-0.2030982533280839,0.2689329633595496,0.03399800591147025,-29.370931098591267,-1.418541196263146,0.03399800591147025,-29.370931098591267,-1.418541196263146,0.977339428691651,-0.19909160368345238,0.28109530947178163
4792792792.792793,0.9767570886537241,-0.20426856542111388,0.2641983215770282,0.03437231417293993,-29.27582454567302,-1.423200333945815,0.03437231417293993,-29.27582454567302,-1.423200333945815,0.9772097987029172,-0.20024373816212912,0.2764330959341617
4798798798.798799,0.9766241171417331,-0.20545110559966956,0.25945074158725623,0.03475211778151971,-29.18037449036772,-1.4278720923326742,0.03475211778151971,-29.18037449036772,-1.4278720923326742,0.977078825021657,-0.2014079704344868,0.2717581987190658
4804804804.804805,0.9764897611222842,-0.2066461220008851,0.25469004997973116,0.03513752148701987,-29.084577516161744,-1.4325566826088227,0.03513752148701987,-29.084577516161744,-1.4325566826088227,0.9769464806019493,-0.20258454580661114,0.2670704474067611
4810810810.810811,0.9763539925023091,-0.2078538696756567,0.2499160701138488,0.03552863245989438,-28.988430174194168,-1.4372543197463206,0.03552863245989438,-28.988430174194168,-1.4372543197463206,0.9768127376494404,-0.2037737164232601,0.2623696684181907
4816816816.816816,0.9762167824071385,-0.20907461082487075,0.24512862204026548,0.0359255603571429,-28.89192898266827,-1.4419652225963429,0.0359255603571429,-28.89192898266827,-1.4419652225963429,0.9766775675960104,-0.20497574150133244,0.2576556849381599
4822822822.822823,0.976078101153928,-0.2103086150446469,0.24032752241987576,0.03632841739028642,-28.795070426250554,-1.4466896139839933,0.03632841739028642,-28.795070426250554,-1.4466896139839933,0.9765409410734109,-0.2061908875729061,0.25292831683628064
4828828828.828829,0.9759379182240038,-0.21155615958164692,0.23551258444038248,0.036737318395486794,-28.69785095545796,-1.4514277208058168,0.036737318395486794,-28.69785095545796,-1.4514277208058168,0.9764028278858637,-0.20741942873795516,0.2481873805855062
4834834834.834835,0.9757962022341166,-0.21281752959856687,0.2306836177303511,0.03715238090588886,-28.60026698603236,-1.4561797741301186,0.03715238090588886,-28.60026698603236,-1.4561797741301186,0.9762631969816233,-0.20866164692674644,0.2434326891782189
4840840840.840841,0.9756529209065248,-0.21409301845055512,0.22584042827064568,0.0375737252262651,-28.502314898302213,-1.4609460093002133,0.0375737252262651,-28.502314898302213,-1.4609460093002133,0.9761220164232942,-0.20991783217380225,0.23866405203981694
4846846846.846847,0.975508041037939,-0.21538292797229164,0.2209828183031694,0.03800147451004535,-28.40399103653096,-1.4657266660406882,0.03800147451004535,-28.40399103653096,-1.4657266660406882,0.9759792533570737,-0.21118828290193833,0.23388127493959246
4852852852.852853,0.9753615284671621,-0.21668756877723572,0.21611058623680707,0.03843575483881711,-28.30529170825232,-1.4705219885667982,0.03843575483881711,-28.30529170825232,-1.4705219885667982,0.9758348739806613,-0.21247330621871174,0.22908415989897837
4858858858.858859,0.9752133480414139,-0.21800726056917524,0.21122352655048862,0.03887669530438786,-28.206213183591558,-1.4753322256971104,0.03887669530438786,-28.206213183591558,-1.4753322256971104,0.9756888435099554,-0.21377321822423315,0.2242725050968884
4864864864.864864,0.9750634635813432,-0.21934233246608703,0.20632142969322864,0.03932442809350185,-28.1067516945728,-1.4801576309695008,0.03932442809350185,-28.1067516945728,-1.4801576309695008,0.9755411261442931,-0.21508834433255875,0.2194461047722085
4870870870.870871,0.9749118378445314,-0.22069312333808327,0.2014040819810735,0.03977908857530895,-28.006903434411946,-1.4849984627606765,0.03977908857530895,-28.006903434411946,-1.4849984627606765,0.9753916850303649,-0.2164190196055091,0.21460474912318694
4876876876.876877,0.9747584324875508,-0.22205998215892822,0.196471265490834,0.040240815391685746,-27.906664556795093,-1.489854984409279,0.040240815391685746,-27.906664556795093,-1.489854984409279,0.9752404822245703,-0.21776558910105517,0.20974822420376227
4882882882.882883,0.9746032080264511,-0.2234432683722903,0.1915227579504552,0.040709750550516274,-27.806031175141662,-1.4947274643427684,0.040709750550516274,-27.806031175141662,-1.4947274643427684,0.9750874786538543,-0.2191284082359426,0.20487631181656962
4888888888.888889,0.9744461237955635,-0.2248433522737567,0.18655833262595703,0.041186039522039315,-27.70499936185258,-1.4996161762081999,0.041186039522039315,-27.70499936185258,-1.4996161762081999,0.9749326340749083,-0.22050784316363908,0.19998878940263312
4894894894.894895,0.9742871379046314,-0.22626061540858383,0.18157775820475297,0.04166983133837937,-27.60356514754241,-1.5045213990070498,0.04166983133837937,-27.60356514754241,-1.5045213990070498,0.974775907031674,-0.22190427116819833,0.19508542992751593
4900900900.900901,0.9741262071941159,-0.22769545098657637,0.17658079867528212,0.042161278696377584,-27.501724520255785,-1.5094434172342284,0.042161278696377584,-27.501724520255785,-1.5094434172342284,0.9746172548110215,-0.2233180810752386,0.19016600176388437
4906906906.906907,0.9739632871886236,-0.22914826431462823,0.1715672132027569,0.04266053806384702,-27.399473424667566,-1.5143825210214596,0.04266053806384702,-27.399473424667566,-1.5143825210214596,0.974456633396638,-0.22474967367975057,0.18523026857028851
4912912912.912913,0.973798332048355,-0.23061947324787674,0.16653675600092277,0.043167769789382596,-27.296807761266187,-1.5193390062851886,0.043167769789382596,-27.296807761266187,-1.5193390062851886,0.974293997420853,-0.22619946219326076,0.1802779891660453
4918918918.918919,0.9736312945184956,-0.23210950866023636,0.1614891761996503,0.0436831382158582,-27.193723385520116,-1.524313174879178,0.0436831382158582,-27.193723385520116,-1.524313174879178,0.9741293001145227,-0.22766787270927963,0.17530891740211219
4924924924.924925,0.973462125876429,-0.23361881493544445,0.15642421770823509,0.04420681179775158,-27.09021610702703,-1.5293053347519905,0.04420681179775158,-27.09021610702703,-1.5293053347519905,0.9739624932546656,-0.22915534468987506,0.1703228020277004
4930930930.930931,0.9732907758766723,-0.23514785047957742,0.1513416190742127,0.04473896322244228,-26.986281688645384,-1.534315800109547,0.04473896322244228,-26.986281688645384,-1.534315800109547,0.9737935271099162,-0.2306623314728184,0.16531938655259992
4936936936.936937,0.9731171926934475,-0.23669708825588945,0.14624111333752698,0.04527976953563543,-26.881915845607946,-1.539344891582929,0.04527976953563543,-26.881915845607946,-1.539344891582929,0.9736223503835522,-0.23218930080157424,0.16029840910493126
4942942942.942943,0.9729413228607308,-0.23826701634344913,0.14112242787989604,0.04582941227106881,-26.777114244616964,-1.5443929364016906,0.04582941227106881,-26.777114244616964,-1.5443929364016906,0.9734489101541204,-0.23373673537796835,0.1552596022842491
4948948948.948949,0.9727631112096876,-0.23985813852048857,0.13598528426915157,0.04638807758466811,-26.671872502920856,-1.5494602685728185,0.04638807758466811,-26.671872502920856,-1.5494602685728185,0.9732731518133887,-0.23530513344006246,0.15020269300972325
4954954954.954955,0.9725825008033807,-0.24147097487356406,0.1308293980983915,0.046955956393322444,-26.566186187371844,-1.554547229065639,0.046955956393322444,-26.566186187371844,-1.554547229065639,0.9730950190015887,-0.23689500936562816,0.14512740236331692
4960960960.960961,0.9723994328685426,-0.24310606243447133,0.12565447881973796,0.047533244518459694,-26.46005081346435,-1.559654166002847,0.047533244518459694,-26.46005081346435,-1.559654166002847,0.9729144535398362,-0.23850689430232494,0.1400334454276577
4966966966.966967,0.9722138467243624,-0.24476395584547853,0.12046022957246173,0.04812014283460877,-26.353461844353603,-1.5647814348579372,0.04812014283460877,-26.353461844353603,-1.5647814348579372,0.9727313953594677,-0.24014133682701835,0.13492053111849003
4972972972.972973,0.9720256797080857,-0.24644522805477784,0.11524634700530831,0.048716857423142586,-26.24641468985455,-1.569929398659299,0.048716857423142586,-26.24641468985455,-1.569929398659299,0.9725457824283332,-0.24179890363398443,0.12978836201141794
4978978978.978979,0.9718348670972307,-0.24815047104402976,0.1100125210927429,0.049323599731405654,-26.13890470542048,-1.5750984282011897,0.049323599731405654,-26.13890470542048,-1.5750984282011897,0.9723575506736256,-0.24348018025585827,0.12463663416279795
4984984984.984985,0.971641342028358,-0.24988029658868038,0.10475843494489857,0.049940586737439306,-26.03092719110098,-1.580288902261943,0.049940586737439306,-26.03092719110098,-1.580288902261943,0.972166633901368,-0.24518577181637236,0.11946503692444621
4990990990.990991,0.9714450354120868,-0.2516353370539428,0.09948376461100653,0.050568041120523606,-25.9224773904793,-1.5855012078296362,0.050568041120523606,-25.9224773904793,-1.5855012078296362,0.9719729637121562,-0.24691630381860744,0.11427325275204545
4996996996.996997,0.9712458758443029,-0.2534162462270624,0.0941881788759518,0.05120619143776958,-25.81355048958831,-1.590735740335573,0.05120619143776958,-25.81355048958831,-1.590735740335573,0.9717764694130955,-0.24867242296943898,0.10906095700686547
5003003003.003003,0.9710437895132235,-0.25522370018901125,0.08887133904984762,0.05185527230699811,-25.70414161580561,-1.5959929038958476,0.05185527230699811,-25.70414161580561,-1.5959929038958476,0.9715770779256627,-0.2504547980427338,0.10382781775064343
5009009009.009009,0.9708387001022429,-0.25705839822646936,0.08353289875014018,0.05251552459616292,-25.594245836726408,-1.6012731115613903,0.05251552459616292,-25.594245836726408,-1.6012731115613903,0.971374713689345,-0.2522641207827917,0.09857349553328189
5015015015.015015,0.970630528688199,-0.2589210637874801,0.07817250367613326,0.05318719561957292,-25.483858159015224,-1.6065767855767819,0.05318719561957292,-25.483858159015224,-1.6065767855767819,0.9711692985607946,-0.2541011068505222,0.09329764317310821
5021021021.021021,0.9704191936349832,-0.2608124454816526,0.07278979137547692,0.05387053934119453,-25.37297352723494,-1.6119043576482412,0.05387053934119453,-25.37297352723494,-1.6119043576482412,0.970960751708281,-0.25596649681450545,0.08799990552934665
5027027027.027027,0.9702046104820772,-0.2627333181288619,0.06738439100241941,0.05456581658531258,-25.261586822654237,-1.6172562692211443,0.05456581658531258,-25.261586822654237,-1.6172562692211443,0.9707489895011862,-0.2578610571894105,0.08267991926658931
5033033033.033033,0.9699866918279018,-0.26468448385767357,0.06195592306736661,0.05527329525485411,-25.149692862032257,-1.6226329717674997,0.05527329525485411,-25.149692862032257,-1.6226329717674997,0.970533925394305,-0.2597855815241039,0.07733731261081545
5039039039.039039,0.9697653472076082,-0.26666677325704424,0.056503999177484096,0.055993250557682284,-25.037286396380992,-1.6280349270837766,0.055993250557682284,-25.037286396380992,-1.6280349270837766,0.9703154698066306,-0.26174089154255614,0.07197170509668889
5045045045.045045,0.9695404829650466,-0.2686810465839249,0.0510282217679182,0.056725965241187754,-24.92436210970495,-1.6334626075995355,0.056725965241187754,-24.92436210970495,-1.6334626075995355,0.9700935299943994,-0.26372783833979113,0.066582707305764
5051051051.051051,0.9693120021185986,-0.2707281950298367,0.04552818382326906,0.05747172983551496,-24.81091461771839,-1.6389164966973107,0.05747172983551496,-24.81091461771839,-1.6389164966973107,0.9698680099180054,-0.26574730363665316,0.06116992059521852
5057057057.057057,0.9690798042205756,-0.27280914204939105,0.04000346858892566,0.058230842905778964,-24.69693846653979,-1.644397089044244,0.058230842905778964,-24.69693846653979,-1.644397089044244,0.9696388101025553,-0.2678002010957203,0.055732936816693
5063063063.063063,0.9688437852097653,-0.27492484475480244,0.034453649271776306,0.05900361131364313,-24.582428131363713,-1.6499048909359548,0.05900361131364313,-24.582428131363713,-1.6499048909359548,0.96940582749159,-0.2698874777029075,0.05027133802489356
5069069069.069069,0.9686038372568214,-0.27707629537946793,0.028878288729929896,0.05979035048864263,-24.467378015110185,-1.6554404206531765,0.05979035048864263,-24.467378015110185,-1.6554404206531765,0.9691689552937587,-0.2720101152170217,0.04478469617544702
5075075075.075075,0.968359848602071,-0.2792645228147912,0.023276939150923808,0.0605913847096583,-24.351782447051768,-1.6610042088317258,0.0605913847096583,-24.351782447051768,-1.6610042088317258,0.9689280828219213,-0.2741691316923096,0.03927257281161217
5081081081.081081,0.9681117033853556,-0.2814905942240919,0.0176491417179739,0.061407047396961886,-24.235635681418444,-1.6665967988463635,0.061407047396961886,-24.235635681418444,-1.6665967988463635,0.9686830953243365,-0.27636558307746617,0.033734518739370174
5087087087.087088,0.9678592814673942,-0.2837556167386028,0.01199442626369766,0.06223768141527399,-24.11893189598058,-1.6722187472091716,0.06223768141527399,-24.11893189598058,-1.6722187472091716,0.9684338738075052,-0.27860056489535956,0.028170073690370404
5093093093.093093,0.9676024582423249,-0.28606073923910824,0.006312310910862323,0.06308363938829283,-24.001665190610446,-1.6778706239830767,0.06308363938829283,-24.001665190610446,-1.6778706239830767,0.9681802948501563,-0.280875214008541,0.022578765972261286
5099099099.099099,0.9673411044407895,-0.2884071542294071,0.0006023016995015373,0.0639452840251759,-23.883829585822482,-1.683553013211188,0.0639452840251759,-23.883829585822482,-1.683553013211188,0.9679222304079311,-0.2831907104749822,0.016960112105821448
5105105105.105105,0.967075085923139,-0.29079609980592747,-0.005136107800079596,0.06482298845947322,-23.76541902129339,-1.6892665133626301,0.06482298845947322,-23.76541902129339,-1.6892665133626301,0.967659547608221,-0.2855482794994705,0.01131361644836233
5111111111.111111,0.9668042634621604,-0.29322886172946117,-0.010903436889130142,0.06571713660104081,-23.646427354361844,-1.6950117377956573,0.06571713660104081,-23.646427354361844,-1.6950117377956573,0.9673921085346209,-0.28794919348604403,0.005638770802783112
5117117117.117117,0.9665284925147524,-0.2957067756047742,-0.0167002181576638,0.06662812350147622,-23.526848358509444,-1.700789315238757,0.06662812350147622,-23.526848358509444,-1.700789315238757,0.9671197700003402,-0.2903947741979833,-6.49459883045179e-05
5123123123.123123,0.9662476229818476,-0.29823122917507455,-0.022526997917762213,0.06755635573365089,-23.406675721823266,-1.706599890290576,0.06755635573365089,-23.406675721823266,-1.706599890290576,0.9668423833101465,-0.29288639502984737,-0.005798068464097284
5129129129.129129,0.9659614989560659,-0.30080366473672043,-0.028384336653711498,0.06850225178593752,-23.28590304544093,-1.712444123939558,0.06850225178593752,-23.28590304544093,-1.712444123939558,0.9665597940098165,-0.2954254834014614,-0.011561144983347961
5135135135.135136,0.9656699584562102,-0.30342558168292044,-0.034272809489617015,0.06946624247174962,-23.164523841980042,-1.7183226941040883,0.06946624247174962,-23.164523841980042,-1.7183226941040883,0.9662718416228514,-0.2980135232768349,-0.017354738179164622
5141141141.141141,0.9653728331479944,-0.30609853918280217,-0.04019300667536847,0.07044877135505352,-23.042531533952243,-1.7242362961941882,0.07044877135505352,-23.042531533952243,-1.7242362961941882,0.9659783593732858,-0.3006520578193556,-0.023179425431495405
5147147147.147147,0.9650699480500949,-0.30882415900492854,-0.04614553409169899,0.071450295192522,-22.919919452164606,-1.7301856436956489,0.071450295192522,-22.919919452164606,-1.7301856436956489,0.9656791738940406,-0.3033426921891246,-0.029035799358170914
5153153153.153153,0.964761121224755,-0.31160412849322455,-0.05213101377521045,0.07247128439304731,-22.79668083410909,-1.7361714687776966,0.07247128439304731,-22.79668083410909,-1.7361714687776966,0.9653741049199144,-0.3060870964915576,-0.03492446832526996
5159159159.159159,0.964446163451969,-0.31444020370515624,-0.05815008446425117,0.0735122234953503,-22.67280882234243,-1.7421945229252298,0.0735122234953503,-22.67280882234243,-1.7421945229252298,0.9650629649642704,-0.30888700888681675,-0.04084605697764566
5165165165.165165,0.9641248778863327,-0.31733421272159335,-0.0642034021666012,0.07457361166445925,-22.548296462858556,-1.7482555775967967,0.07457361166445925,-22.548296462858556,-1.7482555775967967,0.9647455589785002,-0.3117442388694975,-0.046801206790614745
5171171171.171171,0.9637970596954731,-0.32028805913943104,-0.07029164074986433,0.07565596320786439,-22.42313670345604,-1.754355424909476,0.07565596320786439,-22.42313670345604,-1.754355424909476,0.9644216839932421,-0.31466067072905735,-0.05279057664357039
5177177177.177177,0.9634624956790294,-0.32330372575764554,-0.07641549255570346,0.07675980811219173,-22.297322392102984,-1.7604948783519356,0.07675980811219173,-22.297322392102984,-1.7604948783519356,0.96409112874023,-0.31763826720247107,-0.05881484341671241
5183183183.183184,0.9631209638669539,-0.326383278469419,-0.08257566903889305,0.07788569260127057,-22.170846275302736,-1.76667477352698,0.07788569260127057,-22.170846275302736,-1.76667477352698,0.9637536732536434,-0.32067907333080203,-0.06487470261173961
5189189189.189189,0.9627722330959343,-0.3295288703728078,-0.08877290143236585,0.07903417971651337,-22.043700996463453,-1.7728959689249588,0.07903417971651337,-22.043700996463453,-1.7728959689249588,0.9634090884497468,-0.32378522053224623,-0.07097086899768752
5195195195.195195,0.9624160625625716,-0.33274274611409616,-0.09500794143941568,0.08020584992055949,-21.915879094275404,-1.7791593467295064,0.08020584992055949,-21.915879094275404,-1.7791593467295064,0.9630571356834245,-0.32695893090598904,-0.0771040772830582
5201201201.201201,0.9620522013519824,-0.33602724647782944,-0.10128156195429322,0.08140130172517793,-21.787373001100136,-1.785465813657134,0.08140130172517793,-21.787373001100136,-1.785465813657134,0.9626975662802768,-0.33020252178085574,-0.08327508281529292
5207207207.207207,0.9616803879401783,-0.339384813240563,-0.10759455781247128,0.08262115234446306,-21.658175041376133,-1.7918163018322741,0.08262115234446306,-21.658175041376133,-1.7918163018322741,0.9623301210427907,-0.3335184105242912,-0.08948466230901714
5213213213.213213,0.961300349668764,-0.3428179943038596,-0.11394774657197196,0.08386603837440716,-21.5282774300455,-1.7982117696994715,0.08386603837440716,-21.5282774300455,-1.7982117696994715,0.9619545297289107,-0.3369091196290984,-0.09573361460419272
5219219219.219219,0.9609118021901606,-0.3463294491253249,-0.12034196932714315,0.08513661649996203,-21.397672271008226,-1.8046532029744957,0.08513661649996203,-21.397672271008226,-1.8046532029744957,0.961570510501369,-0.3403772820952741,-0.10202276145562668
5225225225.225225,0.9605144488815159,-0.34992195446710805,-0.12677809155637204,0.08643356423076717,-21.266351555609194,-1.8111416156362286,0.08643356423076717,-21.266351555609194,-1.8111416156362286,0.9611777693459673,-0.3439256471260397,-0.10835294835523038
5231231231.231232,0.9601079802254029,-0.3535984104821322,-0.1332570040053049,0.08775758066675168,-21.134307161165214,-1.8176780509613162,0.08775758066675168,-21.134307161165214,-1.8176780509613162,0.960775999456816,-0.34755708615911485,-0.1147250453885162
5237237237.237237,0.9596920731551702,-0.35736184716074487,-0.13977962360721438,0.08910938729487011,-21.001530849539694,-1.824263582603584,0.08910938729487011,-21.001530849539694,-1.824263582603584,0.9603648805865121,-0.3512745992547864,-0.1211399481268958
5243243243.243243,0.9592663903627465,-0.361215431161397,-0.1463468944421858,0.09048972881828678,-20.868014265772523,-1.830899315720474,0.09048972881828678,-20.868014265772523,-1.830899315720474,0.9599440783590176,-0.3550813218646525,-0.12759857855741466
5249249249.249249,0.9588305795665203,-0.365162473050919,-0.15295978873694704,0.09189937401935681,-20.733748936775058,-1.8375863881486874,0.09189937401935681,-20.733748936775058,-1.8375863881486874,0.9595132435428827,-0.35898053200631985,-0.1341018860515992
5255255255.255255,0.9583842727367318,-0.36920643498207717,-0.15961930790718507,0.09333911665781772,-20.59872627009947,-1.8443259716314857,0.09333911665781772,-20.59872627009947,-1.8443259716314857,0.9590720112822744,-0.3629756578714082,-0.14065084837522554
5261261261.261261,0.9579270852756883,-0.3733509388376437,-0.16632648364432193,0.09480977640564514,-20.462937552793523,-1.851119273100146,0.09480977640564514,-20.462937552793523,-1.851119273100146,0.9586200002831495,-0.3670702858957414,-0.14724647274087754
5267267267.267267,0.957458615149877,-0.3775997748728732,-0.17308237904877719,0.09631219982007287,-20.326373950353297,-1.8579675360122114,0.09631219982007287,-20.326373950353297,-1.8579675360122114,0.9581568119516518,-0.37126816932344103,-0.15388979690518045
5273273273.273273,0.956978441970888,-0.3819569108902763,-0.17988808981188378,0.09784726135634304,-20.189026505785964,-1.864872041749326,0.09784726135634304,-20.189026505785964,-1.864872041749326,0.9576820294816626,-0.3755732372985237,-0.16058189031281128
5279279279.27928,0.9564861260218113,-0.38642650198344686,-0.1867447454486448,0.09941586442177597,-20.050886138798283,-1.8718341110775558,0.09941586442177597,-20.050886138798283,-1.8718341110775558,0.9571952168881968,-0.3799896045203661,-0.16732385528936145
5285285285.285285,0.9559812072255771,-0.3910129008891228,-0.1936535105837118,0.10101894247282259,-19.911943645125454,-1.8788551056732945,0.10101894247282259,-19.911943645125454,-1.8788551056732945,0.9566959179831531,-0.38452158150169513,-0.17411682828525027
5291291291.291291,0.9554632040513915,-0.39572066899029745,-0.20061558629298237,0.1026574601567863,-19.77218969601859,-1.8859364297179262,0.1026574601567863,-19.77218969601859,-1.8859364297179262,0.9561836552895734,-0.3891736854717149,-0.18096198117301748
5297297297.2972975,0.9549316123552914,-0.40055458801515725,-0.20763221150335578,0.10433241449995731,-19.631614837909417,-1.8930795315646822,0.10433241449995731,-19.631614837909417,-1.8930795315646822,0.9556579288904363,-0.3939506519689455,-0.18786052260035718
5303303303.303303,0.9543859041503528,-0.40551967248201537,-0.21470466445330674,0.10604483614394031,-19.490209492272996,-1.9002859054812027,0.10604483614394031,-19.490209492272996,-1.9002859054812027,0.9551182152076572,-0.39885744717247956,-0.19481369940139917
5309309309.309309,0.953825526301972,-0.41062118294243566,-0.22183426421701546,0.10779579063199066,-19.347963955711307,-1.9075570934715496,0.10779579063199066,-19.347963955711307,-1.9075570934715496,0.9545639657066058,-0.4038992810245937,-0.20182279806883063
5315315315.315315,0.9532498991432233,-0.41586464007967533,-0.2290223722949075,0.10958637974720399,-19.204868400282976,-1.9148946871815768,0.10958637974720399,-19.204868400282976,-1.9148946871815768,0.9539946055212464,-0.4090816212006812,-0.208889146289518
5321321321.3213215,0.9526584150049121,-0.42125583972431374,-0.2362703942735972,0.1114177429044384,-19.06091287410598,-1.9223003298917536,0.1114177429044384,-19.06091287410598,-1.9223003298917536,0.9534095319945837,-0.4144102079874816,-0.21601411454638572
5327327327.327328,0.9520504366546227,-0.42680086885324825,-0.2435797815582733,0.11329105859785564,-18.916087302263737,-1.9297757186017488,0.11329105859785564,-18.916087302263737,-1.9297757186017488,0.9528081131286951,-0.41989107013567883,-0.22319911778953813
5333333333.333333,0.9514252956386757,-0.43250612264329824,-0.25095203318077286,0.11520754590598514,-18.770381488047086,-1.9373226062112654,0.11520754590598514,-18.770381488047086,-1.9373226062112654,0.9521896859383119,-0.42553054175730154,-0.2304456171794439
5339339339.339339,0.9507822905203221,-0.438378322657739,-0.2583886976866214,0.11716846605621149,-18.623785114568086,-1.9449428038018595,0.11716846605621149,-18.623785114568086,-1.9449428038018595,0.9515535547013966,-0.43133528034480106,-0.2377551219053498
5345345345.3453455,0.9501206850073058,-0.44442453624782935,-0.2658913751044084,0.11917512405056806,-18.476287746785072,-1.9526381830246462,0.11917512405056806,-18.476287746785072,-1.9526381830246462,0.9508989890997651,-0.43731228599418687,-0.2451291910820703
5351351351.351352,0.9494397059610745,-0.4506521972613062,-0.27346171900109384,0.1212288703547007,-18.3278788339815,-1.9604106785990822,0.1212288703547007,-18.3278788339815,-1.9604106785990822,0.9502252222422037,-0.443468921922202,-0.2525694357283233
5357357357.357357,0.9487385412797479,-0.45706912815382333,-0.28110143862677905,0.12333110265180793,-18.17854771274606,-1.9682622909281862,0.12333110265180793,-18.17854771274606,-1.9682622909281862,0.9495314485621862,-0.4498129363730227,-0.26007752082998714
5363363363.363363,0.9480163376460816,-0.46368356360995533,-0.28881230115269063,0.12548326766330958,-18.02828361050491,-1.9761950888358353,0.12548326766330958,-18.02828361050491,-1.9761950888358353,0.9488168215814717,-0.456352486020159,-0.2676551674916515
5369369369.3693695,0.9472721981312129,-0.4705041757875627,-0.2965961340061172,0.12768686303789098,-17.87707564966294,-1.9842112124319788,0.12768686303789098,-17.87707564966294,-1.9842112124319788,0.9480804515304986,-0.4630961609755493,-0.2753041551798381
5375375375.375376,0.946505179644292,-0.47754010130893565,-0.3044548273061849,0.1299434393104706,-17.724912852414747,-1.9923128761118858,0.1299434393104706,-17.724912852414747,-1.9923128761118858,0.9473214028156728,-0.4700530115286134,-0.2830263240614334
5381381381.381382,0.9457142902173535,-0.48480097013282214,-0.3123903364043621,0.13225460193246863,-17.5717841462933,-2.000502371695757,0.13225460193246863,-17.5717841462933,-2.000502371695757,0.9465386913230316,-0.47723257674744757,-0.29082357744078513
5387387387.387387,0.944898486114033,-0.492296936452549,-0.3204046845336072,0.13462201337458404,-17.417678370529273,-2.0087820717152836,0.13462201337458404,-17.417678370529273,-2.0087820717152836,0.9457312815469558,-0.4846449150858922,-0.29869788429894745
5393393393.3933935,0.9440566687500731,-0.5000387117763296,-0.32849996557014205,0.1370473953030404,-17.26258428330195,-2.0171544328539803,0.1370473953030404,-17.26258428330195,-2.0171544328539803,0.944898083531925,-0.49230063715115047,-0.3066512819386048
5399399399.3994,0.9431876814124626,-0.5080376003613088,-0.3366783469117294,0.13953253082999195,-17.10649056996939,-2.025621999548312,0.13953253082999195,-17.10649056996939,-2.025621999548312,0.9440379496142558,-0.5002109408015627,-0.3146858787379709
5405405405.405405,0.9422903057633322,-0.5163055371855884,-0.34494207247641956,0.14207926683844047,-16.94938585237384,-2.03418740775693,0.14207926683844047,-16.94938585237384,-2.03418740775693,0.9431496709501613,-0.5083876487556446,-0.322803857017131
5411411411.411411,0.9413632581137517,-0.5248551286582748,-0.3532934658254453,0.144689516381602,-16.791258699327866,-2.042853388905465,0.144689516381602,-16.791258699327866,-2.042853388905465,0.9422319738151521,-0.5168432489122339,-0.3310074760198454
5417417417.417418,0.9404051854514427,-0.5336996962856727,-0.3617349334139976,0.14736526115618695,-16.63209763839608,-2.0516227740145463,0.14736526115618695,-16.63209763839608,-2.0516227740145463,0.9412835156591753,-0.5255909375949076,-0.33929907501387807
5423423423.423424,0.9394146612053923,-0.5428533235298837,-0.37026896797328757,0.15010855404849102,-16.471891169097923,-2.060498498018881,0.15010855404849102,-16.471891169097923,-2.060498498018881,0.9403028809003598,-0.5346446659563537,-0.3476810765125882
5429429429.42943,0.9383901807292937,-0.5523309061155799,-0.3788981520271089,0.152921521751531,-16.310627777668557,-2.0694836042854075,0.152921521751531,-16.310627777668557,-2.0694836042854075,0.9392885764395954,-0.5440191897938608,-0.35615598962012013
5435435435.435435,0.9373301564843117,-0.5621482060649323,-0.3876251615457084,0.15580636745065615,-16.148295953528876,-2.0785812493385065,0.15580636745065615,-16.148295953528876,-2.0785812493385065,0.9382390268765272,-0.5537301230530725,-0.3647264135022143
5441441441.441442,0.9362329129006429,-0.5723219097626118,-0.39645276973943194,0.1587653735741978,-15.984884207627,-2.0877947078005024,0.1587653735741978,-15.984884207627,-2.0877947078005024,0.9371525694065707,-0.563793995318378,-0.3733950409841081
5447447447.447448,0.9350966808958082,-0.5828696903810137,-0.4053838509939331,0.1618009046046064,-15.820381092832083,-2.0971273775554558,0.1618009046046064,-15.820381092832083,-2.0971273775554558,0.9360274483770692,-0.5742283136158081,-0.38216466227630136
5453453453.453453,0.9339195920263273,-0.5938102750237204,-0.4144213849481806,0.16491540994434786,-15.654775226574696,-2.1065827851443895,0.16491540994434786,-15.654775226574696,-2.1065827851443895,0.9348618094794803,-0.585051628881348,-0.391038168828333
5459459459.459459,0.9326996722479038,-0.6051635169773268,-0.42356846071565085,0.1681114268293822,-15.488055315947772,-2.1161645913997758,0.1681114268293822,-15.488055315947772,-2.1161645913997758,0.9336536935528331,-0.596283607480487,-0.4000185573096223
5465465465.465466,0.9314348352578619,-0.6169504734950598,-0.4328282812480064,0.17139158328140852,-15.320210185501669,-2.1258765973269202,0.17139158328140852,-15.320210185501669,-2.1258765973269202,0.9324010299724171,-0.6079451081967382,-0.4091089337154756
5471471471.471472,0.9301228753918169,-0.6291934895751311,-0.4422041678394983,0.1747586010881921,-15.151228807987131,-2.1357227502395126,0.1747586010881921,-15.151228807987131,-2.1357227502395126,0.9311016295960376,-0.6200582651446445,-0.4183125175948569
5477477477.477478,0.9287614600452404,-0.6419162882353513,-0.4516995647688404,0.17821529879910472,-14.981100338324126,-2.1457071501560505,0.17821529879910472,-14.981100338324126,-2.1457071501560505,0.9297531772385974,-0.6326465771032087,-0.42763264639511783
5483483483.483483,0.9273481215887754,-0.6551440678321578,-0.4613180440735443,0.18176459472053155,-14.80981415109899,-2.1558340564631977,0.18176459472053155,-14.80981415109899,-2.1558340564631977,0.9283532236442033,-0.64573500380947,-0.4370727799169336
5489489489.48949,0.9258802487446878,-0.6689036070198863,-0.47106331044981287,0.18540950989295077,-14.637359881919833,-2.166107894851247,0.18540950989295077,-14.637359881919833,-2.166107894851247,0.9268991769234781,-0.6593500697993129,-0.44663650487045375
5495495495.495496,0.9243550773901977,-0.683223377999963,-0.4809392062685911,0.18915317102823342,-14.463727472989628,-2.1765332645257183,0.18915317102823342,-14.463727472989628,-2.1765332645257183,0.9253882934221648,-0.6735199764352889,-0.45632753952122296
5501501501.501501,0.9227696807519704,-0.6981336687673205,-0.4909497166956978,0.19299881338201177,-14.288907223287907,-2.187114945697798,0.19299881338201177,-14.288907223287907,-2.187114945697798,0.9238176679855926,-0.6882747228183492,-0.46614973841125124
5507507507.507507,0.9211209589545594,-0.7136667151251698,-0.5010989749005367,0.19694978353172599,-14.112889843786666,-2.197857907354588,0.19694978353172599,-14.112889843786666,-2.197857907354588,0.9221842235822312,-0.7036462363419492,-0.4761070971372858
5513513513.513514,0.9194056278843693,-0.7298568433077068,-0.5113912673341894,0.20100954202614948,-13.93566651816323,-2.2087673153080885,0.20100954202614948,-13.93566651816323,-2.2087673153080885,0.920484700248277,-0.7196685137146752,-0.4862037571639773
5519519519.51952,0.9176202073295211,-0.7467406241262952,-0.5218310390531086,0.20518166586673356,-13.75722896951248,-2.219848540519349,0.20518166586673356,-13.75722896951248,-2.219848540519349,0.9187156433141505,-0.7363777733510992,-0.49644401064501753
5525525525.525526,0.9157610083552447,-0.7643570396357624,-0.532422899059475,0.20946985077493951,-13.577569533602725,-2.2311071676913086,0.20946985077493951,-13.577569533602725,-2.2311071676913086,0.9168733908729753,-0.7538126201105272,-0.5068323052197446
5531531531.531531,0.9138241198738217,-0.7827476634075188,-0.5431716256231609,0.2138779131926796,-13.39668123926687,-2.2425490041202107,0.2138779131926796,-13.39668123926687,-2.2425490041202107,0.9149540604506027,-0.7720142234507066,-0.5173732487460874
5537537537.537538,0.9118053943681194,-0.8019568555923475,-0.5540821715432026,0.2184097919551217,-13.214557896566992,-2.2541800887914003,0.2184097919551217,-13.214557896566992,-2.2541800887914003,0.9129535348368281,-0.791026510156987,-0.5280716139234582
5543543543.543544,0.9097004327281696,-0.8220319740617666,-0.5651596692985522,0.2230695495661496,-13.031194193423515,-2.266006701700295,0.2230695495661496,-13.031194193423515,-2.266006701700295,0.910867447037881,-0.8108963729109021,-0.538932342750296
5549549549.549549,0.9075045681614695,-0.8430236030309295,-0.5764094360283271,0.2278613729967518,-12.846585801453623,-2.2780353733735956,0.2278613729967518,-12.846585801453623,-2.2780353733735956,0.9086911643115609,-0.8316738960727541,-0.5499605507511774
5555555555.555555,0.9052128491397196,-0.8649858006901473,-0.5878369782709553,0.23278957391533642,-12.66072949182053,-2.2902728945589974,0.23278957391533642,-12.66072949182053,-2.2902728945589974,0.9064197712484832,-0.8534126001732132,-0.5611615308965787
5561561561.561562,0.9028200213478194,-0.8879763675066109,-0.5994479963788846,0.23785858824631542,-12.473623261955574,-2.3027263260437754,0.23785858824631542,-12.473623261955574,-2.3027263260437754,0.9040480518661274,-0.8761697067385297,-0.5725407571253042
5567567567.567568,0.9003205086053748,-0.9120571370030603,-0.6112483885109953,0.24307297493922017,-12.285266474075387,-2.3154030085534787,0.24307297493922017,-12.285266474075387,-2.3154030085534787,0.9015704706868408,-0.90000642521454,-0.5841038873639606
5573573573.573574,0.8977083927369353,-0.9372942909774029,-0.6232442540881726,0.24843741381486412,-12.09566000648012,-2.328310572671354,0.24843741381486412,-12.09566000648012,-2.328310572671354,0.8989811527770044,-0.9249882639060096,-0.5958567659204271
5579579579.579579,0.8949773923751165,-0.9637587012961399,-0.635441896578079,0.2539567023376077,-11.90480641868221,-2.3414569487068713,0.2539567023376077,-11.90480641868221,-2.3414569487068713,0.8962738627326896,-0.9511853670090893,-0.6078054251077323
5585585585.585586,0.892120840690928,-0.9915263005767588,-0.6478478254531467,0.259635751143449,-11.712710131478648,-2.354850376427658,0.259635751143449,-11.712710131478648,-2.354850376427658,0.8934419826073008,-0.978672879990067,-0.6199560859315282
5591591591.591592,0.8891316620585112,-1.0206784842699352,-0.6604687571403369,0.2654795781323585,-11.519377623141283,-2.3684994145530034,0.2654795781323585,-11.519377623141283,-2.3684994145530034,0.8904784887898098,-1.007531345749129,-0.6323151576476249
5597597597.597597,0.8860023476777229,-1.0513025468610273,-0.6733116147521817,0.2714933009098939,-11.324817642958374,-2.382412949888657,0.2714933009098939,-11.324817642958374,-2.382412949888657,0.887375927858489,-1.0378471342063738,-0.6448892359652677
5603603603.603603,0.8827249301978513,-1.0834921551351238,-0.6863835263552218,0.27768212733759506,-11.129041443413982,-2.3966002059615947,0.27768212733759506,-11.129041443413982,-2.3966002059615947,0.8841263914552091,-1.0697129081581218,-0.6576850996368595
5609609609.60961,0.8792909574103497,-1.117347861686909,-0.6996918214939777,0.2840513439239464,-10.932063032337636,-2.4110707509895346,0.2840513439239464,-10.932063032337636,-2.4110707509895346,0.8807214902498769,-1.1032281284764693,-0.6707097051347644
5615615615.615616,0.8756914651079789,-1.1529776621116632,-0.7132440256452196,0.2906063017578934,-10.733899446389303,-2.4258345049930963,0.2906063017578934,-10.733899446389303,-2.4258345049930963,0.8771523270947786,-1.1384996019580846,-0.6839701790699362
5621621621.621622,0.8719169492438366,-1.190497599578943,-0.7270478522275878,0.2973523996549273,-10.534571047266613,-2.4409017458278983,0.2973523996549273,-10.534571047266613,-2.4409017458278983,0.8734094695043908,-1.175642075378322,-0.6974738079550727
5627627627.627627,0.867957337566327,-1.230032420775997,-0.7411111917356283,0.30429506415208996,-10.334101842018129,-2.4562831138799432,0.30429506415208996,-10.334101842018129,-2.4562831138799432,0.8694829216396324,-1.2147788795625747,-0.7112280248554796
5633633633.633634,0.8638019609572893,-1.2717162875031371,-0.7554420975030408,0.31143972595294306,-10.132519828822355,-2.47198961512945,0.31143972595294306,-10.132519828822355,-2.47198961512945,0.8653620960266056,-1.2560426275575212,-0.725240392403367
5639639639.63964,0.8594395247606746,-1.3156935485148726,-0.7700487675274935,0.318791792387271,-9.92985736953378,-2.4880326222460045,0.318791792387271,-9.92985736953378,-2.4880326222460045,0.8610357853008097,-1.299575971258726,-0.7395185815743965
5645645645.645645,0.8548580804597803,-1.3621195765260268,-0.7849395217072397,0.3263566154137086,-9.72615159019815,-2.504423873331316,0.3263566154137086,-9.72615159019815,-2.504423873331316,0.8564921343387545,-1.3455324211372135,-0.7540703455385496
5651651651.651651,0.8500449981436552,-1.411161675638265,-0.8001227737465897,0.33413945465746403,-9.521444810592723,-2.5211754678746017,0.33413945465746403,-9.521444810592723,-2.5211754678746017,0.8517186132220328,-1.3940772339955587,-0.7689034877985724
5657657657.657658,0.844986940298719,-1.4630000647938775,-0.8156069968826606,0.34214543494125477,-9.315785003638297,-2.538299859430104,0.34214543494125477,-9.315785003638297,-2.538299859430104,0.8467019915753108,-1.445388373974007,-0.7840258237180469
5663663663.663664,0.8396698375716481,-1.5178289432256877,-0.8314006824673982,0.35037949773703214,-9.10922628524896,-2.5558098444663213,0.35037949773703214,-9.10922628524896,-2.5558098444663213,0.8414283149303177,-1.499657552320871,-0.7994451344151297
5669669669.66967,0.8340788672751397,-1.5758576442477599,-0.8475122903059004,0.358846345941186,-8.901829434817458,-2.5737185467727444,0.358846345941186,-8.901829434817458,-2.5737185467727444,0.8358828838945825,-1.557091351731017,-0.8151691118562113
5675675675.675675,0.8281984355503977,-1.6373118841220105,-0.8639501895025168,0.367550381359268,-8.693662446063957,-2.5920393967428033,0.367550381359268,-8.693662446063957,-2.5920393967428033,0.8300502370472519,-1.617912441342115,-0.8312052938236323
5681681681.681682,0.8220121642598043,-1.7024351131449558,-0.8807225883983709,0.3764956342812117,-8.484801107383648,-2.6107861047825374,0.3764956342812117,-8.484801107383648,-2.6107861047825374,0.8239141386453531,-1.682360888762591,-0.8475609872516606
5687687687.687688,0.8155028838606793,-1.7714899765313716,-0.8978374519957277,0.38568568453829427,-8.27532961009962,-2.6299726280242957,0.38568568453829427,-8.27532961009962,-2.6299726280242957,0.8174575724032103,-1.7506955757836653,-0.8642431782222209
5693693693.693693,0.8086526337056922,-1.844759893140672,-0.9153024050534696,0.39512357346357624,-8.065341182136955,-2.6496131294559486,0.39512357346357624,-8.065341182136955,-2.6496131294559486,0.8106627428048206,-1.8231957247067287,-0.8812584266836516
5699699699.699699,0.8014426714266141,-1.9225507606080952,-0.9331246188009714,0.4048117062336188,-7.854938743564967,-2.6697219285109024,0.4048117062336188,-7.854938743564967,-2.6697219285109024,0.8035110856227987,-1.9001625425031192,-0.8986127436989181
5705705705.705706,0.7938534932825947,-2.005192796037392,-0.9513106789514992,0.4147517441572818,-7.644235579186423,-2.6903134421061523,0.4147517441572818,-7.644235579186423,-2.6903134421061523,0.7959832895455793,-1.9819209903300865,-0.9163114487395161
5711711711.711712,0.7858648675889248,-2.0930425221104247,-0.9698664323958057,0.4249444866046348,-7.433356021863524,-2.7114021150691565,0.4249444866046348,-7.433356021863524,-2.7114021150691565,0.7880593310537591,-2.0688216862683855,-0.9343590042128866
5717717717.717718,0.7774558835809324,-2.1864849093267194,-0.9887968096166625,0.43538974244307527,-7.222436138551048,-2.7330023388641997,0.43538974244307527,-7.222436138551048,-2.7330023388641997,0.7797185249304792,-2.161242949560791,-0.9527588240375892
5723723723.723723,0.7686050183023844,-2.2859356861682647,-1.008105619477048,0.4460861910772962,-7.011624409041382,-2.755128357522031,0.4460861910772962,-7.011624409041382,-2.755128357522031,0.7709395930322025,-2.259592995156081,-0.9715130526526439
5729729729.72973,0.7592902243278364,-2.391843830383387,-1.0277953125882797,0.4570312334832527,-6.801082385214935,-2.777794159700151,0.4570312334832527,-6.801082385214935,-2.777794159700151,0.7617007541747587,-2.3643122880594714,-0.9906223103537647
5735735735.735736,0.7494890413200559,-2.5046942564213754,-1.0478667089441875,0.4682208339919633,-6.5909853161437,-2.801013355863628,0.4682208339919633,-6.5909853161437,-2.801013355863628,0.7519798381915439,-2.475876067942159,-1.0100854002722635
5741741741.741742,0.7391787345693267,-2.625010716496085,-1.0683186848929476,0.4796493540244686,-6.38152272173474,-2.824799039688118,0.4796493540244686,-6.38152272173474,-2.824799039688118,0.7417544273796427,-2.594797055778603,-1.029898971630844
5747747747.747747,0.7283364637412241,-2.75335893601863,-1.089147813779886,0.4913093795096831,-6.172898894774962,-2.849163632957752,0.4913093795096831,-6.172898894774962,-2.849163632957752,0.7310020286456611,-2.721628356098773,-1.050057133091866
5753753753.753754,0.7169394850488425,-2.8903500084988587,-1.1103479536908094,0.503191544335009,-5.965333308310622,-2.8741187134727526,0.503191544335009,-5.965333308310622,-2.8741187134727526,0.7197002796729784,-2.8569665709435474,-1.0705510090148616
5759759759.75976,0.7049653899381445,-3.0366440808201483,-1.1319097745987843,0.5152843528829754,-5.759060902370036,-2.8996748258055294,0.5152843528829754,-5.759060902370036,-2.8996748258055294,0.7078271923306481,-3.0014551450097087,-1.091368230200445
5765765765.765766,0.6923923831033351,-3.1929543674749317,-1.1538202157847242,0.5275740054880211,-5.554332221240851,-2.925841275160966,0.5275740054880211,-5.554332221240851,-2.925841275160966,0.6953614363046623,-3.155787966022932,-1.1124923491324246
5771771771.771772,0.6791996022047282,-3.3600515424535136,-1.1760618625495052,0.5400442314892582,-5.351413370021081,-2.9526259051147075,0.5400442314892582,-5.351413370021081,-2.9526259051147075,0.6822826655288508,-3.3207132503743155,-1.1339021677220205
5777777777.777778,0.6653674810212223,-3.5387685706409444,-1.19861222880013,0.5526761354316709,-5.150585757183002,-2.980034860628572,0.5526761354316709,-5.150585757183002,-2.980034860628572,0.6685718894040497,-3.4970377517985183,-1.155570962943756
5783783783.783784,0.6508781569162799,-3.730006057560046,-1.2214429288481399,0.5654480628418797,-4.952145588671349,-3.008072338475714,0.5654480628418797,-4.952145588671349,-3.008072338475714,0.6542118900064493,-3.6856313406540697,-1.1774655923066493
5789789789.78979,0.6357159224274042,-3.9347382179612223,-1.2445187173877383,0.5783354928243806,-4.7564030788884395,-3.0367403280442367,0.5783354928243806,-4.7564030788884395,-3.0367403280442367,0.6391876855006872,-3.8874320133874547,-1.1995454565123083
5795795795.795795,0.6198677195219688,-4.154019591036327,-1.2677963706772215,0.5913109654258056,-4.5636813451062395,-3.0660383464127543,0.5913109654258056,-4.5636813451062395,-3.0660383464127543,0.6234870388127332,-4.103451406038095,-1.2217612904820405
5801801801.801802,0.6033236736440686,-4.388992663860218,-1.2912233738054208,0.6043440522208541,-4.374314954708581,-3.095963172580793,0.6043440522208541,-4.374314954708581,-3.095963172580793,0.6071010093360377,-4.334780901799556,-1.2440537455849223
5807807807.807808,0.5860776631954827,-4.640896605836387,-1.3147363677003407,0.6174013787960955,-4.18864809951231,-3.126508586753809,0.6174013787960955,-4.18864809951231,-3.126508586753809,0.5900245441388572,-4.582598439619542,-1.2663517145386114
5813813813.813814,0.5681279186896847,-4.9110773658384534,-1.3382592939806193,0.6304467076536026,-4.007032378492328,-3.1576651215792926,0.6304467076536026,-4.007032378492328,-3.1576651215792926,0.5722571039635993,-4.848176146312919,-1.2885703349254738
5819819819.81982,0.5494776447021964,-5.200999439877105,-1.3617011540768622,0.6434410894313757,-3.8298241797310038,-3.1894198331424644,0.6434410894313757,-3.8298241797310038,-3.1894198331424644,0.5538033184876094,-5.132888924263236,-1.310608585957572
5825825825.825826,0.5301356572110021,-5.512259678188794,-1.3849532686970407,0.656343089160102,-3.6573816643608974,-3.221756100285469,0.656343089160102,-3.6573816643608974,-3.221756100285469,0.5346736651665936,-5.43822412253729,-1.3323463637796302
5831831831.831832,0.510117029390051,-5.8466035608728175,-1.4078858809631822,0.6691090924845055,-3.490061369560769,-3.2546534613285933,0.6691090924845055,-3.490061369560769,-3.2546534613285933,0.5148851669450566,-5.765792387059953,-1.3536408800553592
5837837837.837838,0.48944374094757964,-6.2059444183892225,-1.430343885969894,0.6816936943471565,-3.328214463962231,-3.288087497460636,0.6816936943471565,-3.328214463962231,-3.288087497460636,0.49446210678314056,-6.117339700974192,-1.3743221723856192
5843843843.843843,0.46814533045479856,-6.592386083103077,-1.4521413830821115,0.6940501695853747,-3.1721827065634303,-3.322029771845045,0.6940501695853747,-3.1721827065634303,-3.322029771845045,0.4734367621124052,-6.494760447247925,-1.394187436989994
5849849849.84985,0.44625955785072546,-7.008249383875029,-1.4730546230420019,0.7061310213096179,-3.022294178611595,-3.3564478327889957,0.7061310213096179,-3.022294178611595,-3.3564478327889957,0.45185017107841596,-6.900110979034988,-1.4129937852575127
5855855855.855856,0.4238330969498284,-7.456102648519549,-1.4928127419632986,0.7178885989625183,-2.8788588758643607,-3.391305288095994,0.7178885989625183,-2.8788588758643607,-3.391305288095994,0.42975295625678245,-7.33562254265686,-1.4304488740595165
5861861861.861862,0.40092229755807923,-7.9387957900733355,-1.5110854115861496,0.7292757738167285,-2.7421642649382165,-3.4265619559544134,0.7292757738167285,-2.7421642649382165,-3.4265619559544134,0.4072062525722843,-7.803711242267161,-1.4461986486815623
5867867867.867868,0.37759408715627085,-8.459496301012722,-1.5274661493217816,0.7402466556301218,-2.6124709207770342,-3.4621740954291074,0.7402466556301218,-2.6124709207770342,-3.4621740954291074,0.3842828175046596,-8.306980675518638,-1.4598111458994234
5873873873.873874,0.3539271284842652,-9.02172294903144,-1.5414494629485174,0.7507573305536356,-2.490008371298896,-3.498094716894876,0.7507573305536356,-2.490008371298896,-3.498094716894876,0.3610684478973107,-8.84820921804833,-1.4707549096342143
5879879879.87988,0.3300134206042813,-9.629367967541139,-1.5523991685444996,0.7607665975080246,-2.3749712788367794,-3.534273969698745,0.7607665975080246,-2.3749712788367794,-3.534273969698745,0.3376638955434401,-9.43030746982126,-1.4783700557644093
5885885885.885886,0.3059606416671718,-10.286688738743123,-1.5595040067076997,0.7702366784188422,-2.2675160851920166,-3.5706596011279648,0.7702366784188422,-2.2675160851920166,-3.5706596011279648,0.3141875729033478,-10.05621993310329,-1.4818294030812778
5891891891.8918915,0.28189570539391606,-10.998230808778061,-1.5617149840465436,0.7791338771735743,-2.1677582375057787,-3.6071974775904967,0.7791338771735743,-2.1677582375057787,-3.6071974775904967,0.29077948367258877,-10.72872477896351,-1.4800864903085016
5897897897.897898,0.2579702777408952,-11.76860657505366,-1.5576566986627454,0.7874291630964344,-2.0757700957845313,-3.643832155999076,0.7874291630964344,-2.0757700957845313,-3.643832155999076,0.26760701396091335,-11.450050158547576,-1.4718071523981235
5903903903.903904,0.2343694293064991,-12.601980749781172,-1.5455028084801894,0.795098657159333,-1.9915796004159738,-3.6805074909024174,0.795098657159333,-1.9915796004159738,-3.6805074909024174,0.2448734806834461,-12.221164911345273,-1.4552828302725114
5909909909.90991,0.21132524002359906,-13.500972581591084,-1.5228060571759492,0.8021240029600526,-1.9151697505671343,-3.7171672611147746,0.8021240029600526,-1.9151697505671343,-3.7171672611147746,0.22283060516486708,-13.040503205209276,-1.4283299725134186
5915915915.915916,0.1891380055266362,-14.464423898819327,-1.486283373250838,0.8084926094657297,-1.8464789136159643,-3.7537557986007433,0.8084926094657297,-1.8464789136159643,-3.7537557986007433,0.20179614636487928,-13.901742631996864,-1.3881978027297988
5921921921.921922,0.1682083052575412,-15.483051295794981,-1.431597947643337,0.8141977582930362,-1.785401953706315,-3.790218602256396,0.8141977582930362,-1.785401953706315,-3.790218602256396,0.18217711945693962,-14.790123383438264,-1.331550702571679
5927927927.927928,0.14908175880266208,-16.53150984535817,-1.3533055409079735,0.8192385744506029,-1.7317921362362962,-3.8265029200003036,0.8192385744506029,-1.7317921362362962,-3.8265029200003036,0.1644956414249928,-15.676912097763683,-1.25468296601897
5933933933.933934,0.13249909190020526,-17.55574196421612,-1.2454335143591027,0.8236198655476097,-1.6854637366202105,-3.862558284185491,0.8236198655476097,-1.6854637366202105,-3.862558284185491,0.14940521059679956,-16.512685119491863,-1.1542651057516922
5939939939.9399395,0.11941486935576015,-18.45883184318002,-1.1036308078844077,0.8273518400377653,-1.6461952577533692,-3.898336987638346,0.8273518400377653,-1.6461952577533692,-3.898336987638346,0.13766734675195516,-17.22338115232211,-1.0289848020805348
5945945945.945946,0.11089335855751248,-19.10188926244414,-0.9296922432888217,0.8304497197474332,-1.6137331425726855,-3.933794490444958,0.8304497197474332,-1.6137331425726855,-3.933794490444958,0.1300415062671541,-17.718360174517187,-0.881985448680373
5951951951.951952,0.1077788750228184,-19.349327076134447,-0.7363512495376643,0.8329332654582767,-1.5877958567196429,-3.9688897507304053,0.8329332654582767,-1.5877958567196429,-3.9688897507304053,0.1270669153272286,-17.919350257406784,-0.7225670991777017
5957957957.957958,0.11024583638893139,-19.152756067580142,-0.5455155674873162,0.8348262365271268,-1.5680782117793712,-4.003585475896687,0.8348262365271268,-1.5680782117793712,-4.003585475896687,0.12882517070731267,-17.79998546758502,-0.5645201918095083
5963963963.963964,0.11764129221194732,-18.5888042740107,-0.37756337753381314,0.8361558064020921,-1.5542558015553156,-4.03784829389462,0.8361558064020921,-1.5542558015553156,-4.03784829389462,0.13486937013990294,-17.40173341421841,-0.42092998306045476
5969969969.96997,0.12881714429627522,-17.800526656018935,-0.2422950111916348,0.8369519555210299,-1.5459894315558875,-4.071648846930573,0.8369519555210299,-1.5459894315558875,-4.071648846930573,0.1443941389987611,-16.809008691027742,-0.2995874525100563
5975975975.975976,0.14259641936262796,-16.917827592148157,-0.1394709219231284,0.8372468616334167,-1.542929434205478,-4.104961812417502,0.8372468616334167,-1.542929434205478,-4.104961812417502,0.15650153972446276,-16.10962770668952,-0.20233533953797808
5981981981.981982,0.1580259457237305,-16.025432038182316,-0.06403409615299394,0.8370743053066309,-1.5447197779527977,-4.137765857885667,0.8370743053066309,-1.5447197779527977,-4.137765857885667,0.17038954720429003,-15.371141023632664,-0.12718759138307834
5987987987.9879875,0.1744150436822701,-15.168321178616079,-0.010057213167473083,0.836469105528503,-1.5510018960943581,-4.170043537935095,0.836469105528503,-1.5510018960943581,-4.170043537935095,0.18542163135044212,-14.636792045886933,-0.07064365481987528
5993993993.993994,0.19128544514151813,-14.366361481336224,0.027606150946487946,0.8354665971644056,-1.5614181794972697,-4.201781142143911,0.8354665971644056,-1.5614181794972697,-4.201781142143911,0.20112223670057092,-13.930798195975182,-0.029085807467626307
6000000000.0,0.2083098953231187,-13.625801986339944,0.05296963616080397,0.8341021588095981,-1.5756150953940598,-4.2329685031847175,0.8341021588095981,-1.5756150953940598,-4.2329685031847175,0.21714571207532887,-13.26497484253606,0.0006407041595464198
6006006006.006006,0.22526382646864682,-12.946170859386362,0.06903761850961164,0.8324107964957161,-1.5932459111566597,-4.263598774311067,0.8324107964957161,-1.5932459111566597,-4.263598774311067,0.23324331297821907,-12.643815970132128,0.02109243691519216
6012012012.0120125,0.24199202731786645,-12.323978841456967,0.0780318070038204,0.8304267859148197,-1.61397301680583,-4.293668184936916,0.8304267859148197,-1.61397301680583,-4.293668184936916,0.24923638231234474,-12.067771223870196,0.03427459210687258
6018018018.018018,0.2583866367197458,-11.754599020113965,0.08159728292785352,0.8281833734149892,-1.637469852586972,-4.323175782331084,0.8281833734149892,-1.637469852586972,-4.323175782331084,0.2649965891087384,-11.535194320568499,0.04173999964571199
6024024024.024024,0.2743727154677735,-11.23318157001604,0.08096141419895896,0.8257125340505507,-1.6634224580714703,-4.352123166569174,0.8257125340505507,-1.6634224580714703,-4.352123166569174,0.28043191298107273,-11.043451308904853,0.04468827073508144
6030030030.03003,0.28989868998579876,-10.75507494320873,0.07704934137208727,0.8230447834498179,-1.6915306669333985,-4.3805142249043465,0.8230447834498179,-1.6915306669333985,-4.3805142249043465,0.29547680763095824,-10.589532035971377,0.044048919067788156
6036036036.036036,0.30492990456780417,-10.315999643100934,0.07056614804210755,0.8202090391747258,-1.7215089769503757,-4.408354870701495,0.8202090391747258,-1.7215089769503757,-4.408354870701495,0.31008527214561277,-10.170377211711795,0.040546304672817085
6042042042.042042,0.3194441727385887,-9.912100596124894,0.062055097221204836,0.8172325265489175,-1.7530871281243723,-4.435652791078557,0.8172325265489175,-1.7530871281243723,-4.435652791078557,0.32422591606535067,-9.783045480414094,0.034748846297740055
6048048048.048048,0.3334286345984105,-9.539942120509682,0.05193909043967603,0.8141407235693428,-1.786010423408726,-4.462417206454627,0.8141407235693428,-1.786010423408726,-4.462417206454627,0.33787839195618746,-9.42479162790886,0.02710586514313405
6054054054.054054,0.3468774844502982,-9.196477779252154,0.04055044059474089,0.8109573394308828,-1.820039826678697,-4.488658644343931,0.8109573394308828,-1.820039826678697,-4.488658644343931,0.35103077400518207,-9.093096166707335,0.017975100290877895
6060060060.0600605,0.3597902912960993,-8.879011199654755,0.02815248305996093,0.807704321323407,-1.8549518716073108,-4.514388728973517,0.807704321323407,-1.8549518716073108,-4.514388728973517,0.3636775997942456,-8.785668957478567,0.007643314553081031
6066066066.066066,0.37217073263481937,-8.585155652313807,0.014955444838396939,0.8044018844489806,-1.8905384133001677,-4.539619987649463,0.8044018844489806,-1.8905384133001677,-4.539619987649463,0.37581838442079185,-8.50043957479973,-0.003658186354423423
6072072072.072072,0.384025623147359,-8.312795949094433,0.0011282348123935056,0.8010685606033939,-1.9266062521603287,-4.564365674250794,0.8010685606033939,-1.9266062521603287,-4.564365674250794,0.3874564768874252,-8.23554149717727,-0.015741780660334825
6078078078.078078,0.39536415860230567,-8.060054076611298,-0.01319269508877109,0.797721261127934,-1.9629766567191407,-4.588639609787949,0.797721261127934,-1.9629766567191407,-4.588639609787949,0.398598168907856,-7.9892940141175774,-0.028454527269068084
6084084084.084084,0.40619732025724004,-7.825258920511608,-0.027896615953862596,0.7943753505297162,-1.9994848092619255,-4.612456039615713,0.7943753505297162,-1.9994848092619255,-4.612456039615713,0.40925199310970256,-7.760183936820707,-0.04167122323691295
6090090090.09009,0.4165374013481943,-7.606919934610024,-0.04289335039753979,0.7910447275651061,-2.035979195140324,-4.635829506628351,0.7910447275651061,-2.035979195140324,-4.635829506628351,0.41942816569975966,-7.546848177591707,-0.055289005687215294
6096096096.096096,0.42639762812394305,-7.4037043955559625,-0.058109261456225386,0.7877419110610024,-2.072320953802392,-4.658774739576055,0.7877419110610024,-2.072320953802392,-4.658774739576055,0.4291381409983484,-7.348057689351803,-0.06922312043719285
6102102102.102102,0.4357918552462257,-7.214417815649094,-0.07348411255437504,0.7844781281991972,-2.1083832068643673,-4.681306555516187,0.7844781281991972,-2.1083832068643673,-4.681306555516187,0.4383942537867978,-7.162702939243845,-0.08340357922999908
6108108108.1081085,0.44473432046343087,-7.037987088882894,-0.08896858810093797,0.7812634034011834,-2.1440503760424363,-4.703439775338206,0.7812634034011834,-2.1440503760424363,-4.703439775338206,0.4472094314070091,-6.989780919748001,-0.09777249932287974
6114114114.114115,0.45323944704714975,-6.873445979289788,-0.10452232003067151,0.7781066463198152,-2.1792175014898745,-4.725189151268455,0.7781066463198152,-2.1792175014898745,-4.725189151268455,0.45559696182832027,-6.828383613965637,-0.11228197128926709
6120120120.12012,0.4613216850538548,-6.719922606170693,-0.12011230542158684,0.775015737768631,-2.2137895690562943,-4.746569305260851,0.775015737768631,-2.2137895690562943,-4.746569305260851,0.46357030699715707,-6.677687792403261,-0.126892338920005
6126126126.126126,0.46899538435940147,-6.5766286278777075,-0.13571162904522072,0.7719976127000531,-2.247680853202289,-4.76759467720415,0.7719976127000531,-2.247680853202289,-4.76759467720415,0.4711429530706454,-6.5369460056109885,-0.1415708030583715
6132132132.132133,0.47627469382314813,-6.442849869870542,-0.1512984256363432,0.7690583395822417,-2.2808142807562004,-4.788279481919162,0.7690583395822417,-2.2808142807562004,-4.788279481919162,0.478328290848328,-6.40547863821766,-0.156290281899006
6138138138.138138,0.48317348201242605,-6.317938181931443,-0.16685503206726743,0.7662031957242731,-2.31312081937615,-4.808637673974971,0.7662031957242731,-2.31312081937615,-4.808637673974971,0.4851395210209084,-6.2826668982363785,-0.1710284757219058
6144144144.144144,0.48970527575063033,-6.20130434328095,-0.18236729104661245,0.7634367382643016,-2.344538893461368,-4.82868291941668,0.7634367382643016,-2.344538893461368,-4.82868291941668,0.4915895798646475,-6.1679466269910055,-0.18576709564060248
6150150150.15015,0.49588321340923375,-6.0924118631003275,-0.1978239765303262,0.760762870669374,-2.375013829322846,-4.8484285735654495,0.760762870669374,-2.375013829322846,-4.8484285735654495,0.4976910818021551,-6.060802827426706,-0.20049122473692607
6156156156.156157,0.5017200103894555,-5.990771548174618,-0.21321631750906642,0.7581849047025776,-2.4044973306537027,-4.867887664121597,0.7581849047025776,-2.4044973306537027,-4.867887664121597,0.5034562758803179,-5.960764820716252,-0.2151887866645462
6162162162.162163,0.507227934665237,-5.895936729620733,-0.22853760177115703,0.7557056178969764,-2.432946984714546,-4.887072878871146,0.7557056178969764,-2.432946984714546,-4.887072878871146,0.5088970137231401,-5.86740195236578,-0.22985010196052713
6168168168.168168,0.5124187906082129,-5.807499057554468,-0.2437828450315827,0.7533273066399317,-2.4603257991485394,-4.905996557363845,0.7533273066399317,-2.4603257991485394,-4.905996557363845,0.5140247269288799,-5.780319779220128,-0.24446751629604868
6174174174.174174,0.5173039096036305,-5.7250847866272805,-0.2589485137522043,0.7510518350190053,-2.4866017689481463,-4.924670685995476,0.7510518350190053,-2.4866017689481463,-4.924670685995476,0.5188504122190056,-5.699156677785101,-0.25903508800799674
6180180180.18018,0.5218941462063172,-5.64835148709283,-0.2740322922660959,0.748880679614682,-2.511747472793058,-4.94310689598805,0.748880679614682,-2.511747472793058,-4.94310689598805,0.5233846229248873,-5.623580822190658,-0.27354832469250495
6186186186.186186,0.5261998787866458,-5.5769851258537875,-0.289032886615106,0.7468149704480214,-2.5357396977531765,-4.9613164638183225,0.7468149704480214,-2.5357396977531765,-4.9613164638183225,0.5276374656300697,-5.553287486974778,-0.28800396056768063
6192192192.192192,0.5302310137854148,-5.510697470121528,-0.3039498589291009,0.7448555283052909,-2.558559091187995,-4.979310313697191,0.7448555283052909,-2.558559091187995,-4.979310313697191,0.531618600979118,-5.487996635802814,-0.3023997678407915
6198198198.198198,0.5339969928390611,-5.449223773177159,-0.31878348730375866,0.7430028986684467,-2.5801898385635775,-4.9970990217505165,0.7430028986684467,-2.5801898385635775,-4.9970990217505165,0.5353372478260686,-5.4274507623502615,-0.3167343965369294
6204204204.204205,0.5375068021568139,-5.39232070748521,-0.33353464703652524,0.7412573824816129,-2.600619365840327,-5.01469282159505,0.7412573824816129,-2.600619365840327,-5.01469282159505,0.5388021900313433,-5.371412953984951,-0.3310072382254639
6210210210.210211,0.5407689836335674,-5.339764515258983,-0.3482047098062916,0.7396190639807069,-2.619838065051207,-5.032101611042411,0.7396190639807069,-2.619838065051207,-5.032101611042411,0.542021785330635,-5.319665152673515,-0.3452183098724201
6216216216.216216,0.5437916472683466,-5.291349350679297,-0.36279545796945634,0.7380878358072005,-2.6378390416833186,-5.049334959699163,0.7380878358072005,-2.6378390416833186,-5.049334959699163,0.5450039757958117,-5.272006590801677,-0.3593681546882372
6222222222.222222,0.546582484531369,-5.2468857914422005,-0.37730901162202546,0.7366634216185519,-2.6546178824899607,-5.0664021172621885,0.7366634216185519,-2.6546178824899607,-5.0664021172621885,0.5477562994890934,-5.228252382415146,-0.3734577573630277
6228228228.228228,0.5491487823848444,-5.206199500260739,-0.391747766466802,0.7353453963977654,-2.670172442391059,-5.0833120223365285,0.7353453963977654,-2.670172442391059,-5.0833120223365285,0.5502859029807562,-5.188232252811471,-0.3874884715098295
6234234234.234234,0.5514974377147491,-5.16913001946876,-0.4061143408443972,0.7341332046534673,-2.684502649162181,-5.1000733116274635,0.7341332046534673,-2.684502649162181,-5.1000733116274635,0.5525995544583882,-5.1517893915150665,-0.4014619574876402
6240240240.24024,0.5536349719755116,-5.135529684021844,-0.42041153054925084,0.7330261766902377,-2.697610324663467,-5.116694329380144,0.7330261766902377,-2.697610324663467,-5.116694329380144,0.5547036572048043,-5.118779415481528,-0.4153801290664795
6246246246.246246,0.5555675458866781,-5.105262640041934,-0.43464227026994795,0.7320235431170413,-2.7094990214169954,-5.133183136959342,0.7320235431170413,-2.7094990214169954,-5.133183136959342,0.5566042632628134,-5.089069430954931,-0.42924510763702795
6252252252.252253,0.5573009740524248,-5.07820395763704,-0.4488096006730066,0.7311244477497753,-2.720173873401719,-5.14954752247842,0.7311244477497753,-2.720173873401719,-5.14954752247842,0.5583070871399947,-5.062537183766742,-0.44305918286722457
6258258258.258259,0.5588407394012522,-5.05423882809915,-0.46291664029972107,0.7303279590523577,-2.729641459997753,-5.165795010401208,0.7303279590523577,-2.729641459997753,-5.165795010401208,0.5598175194355729,-5.039070289060615,-0.45682477887475104
6264264264.264264,0.5601920073655917,-5.033261836767467,-0.4769665615711653,0.7296330802495705,-2.7379096820750872,-5.181932871053151,0.7296330802495705,-2.7379096820750872,-5.181932871053151,0.561140640296232,-5.018565532463005,-0.4705444251239055
6270270270.27027,0.5613596397396656,-5.015176303873171,-0.49096257030150137,0.7290387582341528,-2.744987649284508,-5.197968129989058,0.7290387582341528,-2.744987649284508,-5.197968129989058,0.5622812326281419,-5.0009282356294,-0.48422073137208943
6276276276.276276,0.5623482081697079,-4.999893686573372,-0.5049078882080349,0.7285438913805145,-2.7508855776696057,-5.213907577174157,0.7285438913805145,-2.7508855776696057,-5.213907577174157,0.5632437950096607,-4.986071679891178,-0.49785636608964584
6282282282.282282,0.5631620072434881,-4.987333036163574,-0.5188057379809294,0.7281473363678546,-2.7556146967785295,-5.229757775943521,0.7281473363678546,-2.7556146967785295,-5.229757775943521,0.5640325542635739,-4.973916582424668,-0.5114540378598998
6288288288.288288,0.5638050671570545,-4.977420505135842,-0.5326593305382502,0.7278479141065722,-2.759187165510819,-5.245525071711726,0.7278479141065722,-2.759187165510819,-5.245525071711726,0.5646514776594891,-4.964390619979685,-0.5250164793360937
6294294294.294294,0.5642811659453676,-4.970088899348475,-0.5464718541452414,0.7276444148535443,-2.7616159959891085,-5.261215600410738,0.7276444148535443,-2.7616159959891085,-5.261215600410738,0.5651042847270248,-4.957427995742664,-0.5385464333918488
6300300300.300301,0.5645938412708881,-4.965277271095378,-0.5602464651217616,0.7275356025941574,-2.7629149847969976,-5.276835296639098,0.7275356025941574,-2.7629149847969976,-5.276835296639098,0.5653944586684299,-4.952969045388295,-0.5520466411518474
6306306306.306307,0.5647464017701886,-4.962930549323477,-0.5739862799001462,0.7275202187619126,-2.7630986509727307,-5.292389901509761,0.7275202187619126,-2.7630986509727307,-5.292389901509761,0.565525257366052,-4.950959878793522,-0.5655198316327743
6312312312.312313,0.5647419379634403,-4.962999203653793,-0.5876943682283604,0.7275969853599071,-2.762182180193883,-5.307884970187701,0.7275969853599071,-2.762182180193883,-5.307884970187701,0.565499723985371,-4.951352054263341,-0.5789687127608154
6318318318.318318,0.5645833327355166,-4.965438939220801,-0.6013737473411769,0.7277646075425491,-2.760181374630704,-5.323325879111402,0.7277646075425491,-2.760181374630704,-5.323325879111402,0.5653206971787988,-4.954102282448169,-0.59239596356373
6324324324.324325,0.5642732714006308,-4.970210419661645,-0.6150273769456507,0.72802177571043,-2.7571126079853108,-5.338717832894937,0.72802177571043,-2.7571126079853108,-5.338717832894937,0.5649908208991005,-4.959172157425461,-0.6058042273617941
6330330330.33033,0.5638142513647448,-4.977279015870621,-0.6286581548876911,0.7283671671663338,-2.7529927852706066,-5.354065870909547,0.7283671671663338,-2.7529927852706066,-5.354065870909547,0.5645125538336957,-4.966527912687162,-0.6191961058051483
6336336336.336336,0.5632085914018855,-4.98661457838522,-0.6422689133835794,0.728799447375878,-2.747839306916799,-5.369374873545355,0.728799447375878,-2.747839306916799,-5.369374873545355,0.5638881784738486,-4.976140200000642,-0.6325741536245165
6342342342.342342,0.5624584405619713,-4.998191231492964,-0.6558624157154374,0.7293172708722225,-2.7416700368247127,-5.384649568155239,0.7293172708722225,-2.7416700368247127,-5.384649568155239,0.5631198098338697,-4.987983889329401,-0.645940873979035
6348348348.348349,0.5615657867285749,-5.011987187351636,-0.6694413533019578,0.7299192818406176,-2.7345032740139534,-5.399894534684233,0.7299192818406176,-2.7345032740139534,-5.399894534684233,0.5622094038372002,-5.002037888180647,-0.6592987142995929
6354354354.354355,0.5605324648459875,-5.027984578591239,-0.6830083430669522,0.730604114415259,-2.7263577275405746,-5.415114210988589,0.730604114415259,-2.7263577275405746,-5.415114210988589,0.5611587653867283,-5.018284978922752,-0.6726500625381372
6360360360.360361,0.5593601648351291,-5.046169308031205,-0.6965659250372678,0.7313703927179657,-2.7172524943831178,-5.430312897849469,0.7313703927179657,-2.7172524943831178,-5.430312897849469,0.5599695561376465,-5.036711672762806,-0.6859972437442577
6366366366.366366,0.5580504392182002,-5.066530914289778,-0.710116560109761,0.7322167306655384,-2.707207040018211,-5.445494763686851,0.7322167306655384,-2.707207040018211,-5.445494763686851,0.5586433019912624,-5.0573080792166945,-0.6993425168993802
6372372372.372373,0.5566047104719477,-5.08906245219483,-0.7236626279335517,0.7331417315702905,-2.6962411814272773,-5.46066384897959,0.7331417315702905,-2.6962411814272773,-5.46066384897959,0.5571814003285557,-5.080067790025958,-0.7126880719465745
6378378378.378378,0.5550242781293175,-5.1137603870245645,-0.7372064248597738,0.7341439875561464,-2.6843750722943427,-5.475824070397957,0.7341439875561464,-2.6843750722943427,-5.475824070397957,0.5555851270020524,-5.1049877765932035,-0.7260360269608436
6384384384.384384,0.5533103256489633,-5.140624501716452,-0.7507501619156918,0.735222078810836,-2.671629190171857,-5.490979224655242,0.735222078810836,-2.671629190171857,-5.490979224655242,0.5538556431047208,-5.1320683001078224,-0.7393884254102847
6390390390.39039,0.5514639270718532,-5.169657816280646,-0.7642959627641587,0.7363745726930716,-2.658024325406765,-5.506132992085075,0.7363745726930716,-2.658024325406765,-5.506132992085075,0.5519940015340992,-5.161312833633241,-0.7527472334631476
6396396396.396397,0.549486053483628,-5.2008665187485414,-0.7778458616129996,0.7376000227121583,-2.643581571632878,-5.521288939951356,0.7376000227121583,-2.643581571632878,-5.521288939951356,0.5500011533697313,-5.192727995512043,-0.7661143373002621
6402402402.402403,0.5473775793011331,-5.234259907067927,-0.7914018010412636,0.738896967396231,-2.628322317648219,-5.536450525497598,0.738896967396231,-2.628322317648219,-5.536450525497598,0.547877954081454,-5.226323493528902,-0.7794915403950806
6408408408.408409,0.5451392884007236,-5.269850341439708,-0.8049656297119344,0.7402639290642167,-2.6122682405074356,-5.551621098742606,0.7402639290642167,-2.6122682405074356,-5.551621098742606,0.5456251695857027,-5.262112079346219,-0.7928805607269622
6414414414.414414,0.5427718801056176,-5.307653206661042,-0.8185390999423207,0.7416994125157097,-2.5954412996693703,-5.566803905029403,0.7416994125157097,-2.5954412996693703,-5.566803905029403,0.5432434821663875,-5.300109512800498,-0.8062830278948335
6420420420.420421,0.5402759750487752,-5.3476868841125675,-0.8321238651044681,0.7432019036521267,-2.577863732049454,-5.582002087334238,0.7432019036521267,-2.577863732049454,-5.582002087334238,0.5407334962764613,-5.340334535713317,-0.8197004801007474
6426426426.426426,0.5376521209272987,-5.389972733091181,-0.8457214768290342,0.7447698680418682,-2.5595580478345474,-5.5972186883425525,0.7447698680418682,-2.5595580478345474,-5.5972186883425525,0.5380957442355879,-5.382808854937407,-0.8331343609735152
6432432432.432432,0.53490079816351,-5.4345350812565325,-0.8593333819865396,0.7464017494416484,-2.540547026925558,-5.612456652298717,0.7464017494416484,-2.540547026925558,-5.612456652298717,0.5353306918387226,-5.4275571344203435,-0.8465860162038503
6438438438.438438,0.5320224254872994,-5.4814012240192085,-0.8729609194198973,0.7480959682857188,-2.520853715879712,-5.62771882663636,0.7480959682857188,-2.520853715879712,-5.62771882663636,0.5324387438898507,-5.474606996127644,-0.8600566899626343
6444444444.444445,0.5290173654536034,-5.530601432759702,-0.8866053164019561,0.7498509201543662,-2.5005014252303552,-5.643007963396089,0.7498509201543662,-2.5005014252303552,-5.643007963396089,0.5294202496742789,-5.523989029729622,-0.8735475210739703
6450450450.450451,0.52588592990804,-5.582168971829028,-0.9002676847912218,0.7516649742327853,-2.479513727067714,-5.6583267204373975,0.7516649742327853,-2.479513727067714,-5.6583267204373975,0.5262755083823011,-5.5757368110136065,-0.8870595389143241
6456456456.456457,0.5226283854131115,-5.636140124339926,-0.9139490168577971,0.7535364717712567,-2.457914452768704,-5.673677662451617,0.7535364717712567,-2.457914452768704,-5.673677662451617,0.5230047744962889,-5.629886929043522,-0.9005936590085046
6462462462.462462,0.5192449586464647,-5.692554226821166,-0.9276501807503691,0.75546372455743,-2.4357276907683296,-5.689063261782779,0.75546372455743,-2.4357276907683296,-5.689063261782779,0.5196082631524659,-5.686479022150155,-0.9141506782916076
6468468468.468469,0.5157358417820062,-5.751453712868311,-0.9413719155730844,0.7574450134114417,-2.412977784269301,-5.70448589906336,0.7574450134114417,-2.412977784269301,-5.70448589906336,0.5160861554878877,-5.745555822897074,-0.9277312700049306
6474474474.474474,0.5121011978638165,-5.812884165989793,-0.9551148260390943,0.7594785867145987,-2.3896893287898955,-5.719947863671941,0.7594785867145987,-2.3896893287898955,-5.719947863671941,0.512438603982334,-5.807163212232177,-0.9413359781915556
6480480480.48048,0.5083411661818683,-5.876894381916648,-0.9688793766649216,0.7615626589823774,-2.3658871694535843,-5.735451354020028,0.7615626589823774,-2.3658871694535843,-5.735451354020028,0.5086657378039039,-5.871350283104114,-0.954965211754901
6486486486.486486,0.504455867657851,-5.943536440713164,-0.9826658854661289,0.7636954094925441,-2.3415963979270487,-5.750998477675293,0.7636954094925441,-2.3415963979270487,-5.750998477675293,0.5047676681664035,-5.93816941389222,-0.9686192380403782
6492492492.492493,0.5004454102483891,-6.0128657891042225,-0.9964745171115916,0.7658749809793004,-2.3168423489160648,-5.76659125132886,0.7658749809793004,-2.3168423489160648,-5.76659125132886,0.5007444937056132,-6.0076763520772705,-0.9822981758968036
6498498498.498499,0.49630989437198825,-6.0849413335178415,-1.010305275488736,0.7680994784044587,-2.2916505961315528,-5.782231600614328,0.7680994784044587,-2.2916505961315528,-5.782231600614328,0.4965963058806037,-6.079930308663181,-0.9960019881697442
6504504504.504505,0.4920494183652932,-6.159825544426991,-1.0241579956269549,0.7703669678167521,-2.2660469476410086,-5.797921359786547,0.7703669678167521,-2.2660469476410086,-5.797921359786547,0.49232319440540395,-6.154994063948132,-1.00973047357405
6510510510.51051,0.4876640839730353,-6.23758457267566,-1.0380323349205136,0.7726754753105216,-2.2400574405229854,-5.813662271268456,0.7726754753105216,-2.2400574405229854,-5.813662271268456,0.48792525271538906,-6.232934085340717,-1.023483257886689
6516516516.516517,0.48315400187528706,-6.318288378576302,-1.0519277635849713,0.7750229860951049,-2.2137083347453776,-5.829455985074569,0.7750229860951049,-2.2137083347453776,-5.829455985074569,0.4834025834716082,-6.313820658026804,-1.0372597843946094
6522522522.522522,0.47851929725446246,-6.402010874685593,-1.06584355427303,0.7774074436863591,-2.1870261061909084,-5.845304058119998,0.7774074436863591,-2.1870261061909084,-5.845304058119998,0.47875530410550715,-6.397728029406668,-1.051059303523547
6528528528.528528,0.47376011540367113,-6.488830083291255,-1.0797787707662947,0.7798267492318036,-2.1600374387564005,-5.86120795342439,0.7798267492318036,-2.1600374387564005,-5.86120795342439,0.4739835524053769,-6.484734568354565,-1.0648808615652596
6534534534.534534,0.46887662737689384,-6.578828309788278,-1.0937322556481361,0.7822787609809145,-2.132769215455451,-5.87716903922038,0.7822787609809145,-2.132769215455451,-5.87716903922038,0.4690874921447634,-6.574922940499609,-1.0787232884090514
6540540540.540541,0.46386903568051724,-6.672092333281087,-1.1077026168503497,0.7847612939120774,-2.1052485084577364,-5.893188587976704,0.7847612939120774,-2.1052485084577364,-5.893188587976704,0.46406731875232965,-6.668380300883942,-1.0925851841713654
6546546546.546547,0.45873758000476533,-6.7687136159268295,-1.1216882129510444,0.7872721195276596,-2.0775025680017314,-5.909267775346457,0.7872721195276596,-2.0775025680017314,-5.909267775346457,0.4589232650213844,-6.765198505540352,-1.1064649046023447
6552552552.552553,0.45348254299262303,-6.868788532734773,-1.135687137084226,0.7898089658285374,-2.0495588101217193,-5.925407679051496,0.7898089658285374,-2.0495588101217193,-5.925407679051496,0.45365560685649375,-6.865474343731906,-1.1203605451312957
6558558558.558558,0.4481042560429157,-6.972418623762113,-1.149697199300964,0.7923695174792246,-2.0214448031343486,-5.94160927771432,0.7923695174792246,-2.0214448031343486,-5.94160927771432,0.4482646690536431,-6.969309792825316,-1.1342699233927158
6564564564.564565,0.4426031051433405,-7.079710870900575,-1.1637159071987422,0.7949514161744872,-1.9931882528347564,-5.957873449649375,0.7949514161744872,-1.9931882528347564,-5.957873449649375,0.44275083110952296,-7.076812298028631,-1.1481905600520383
6570570570.57057,0.4369795367286239,-7.190778001732219,-1.1777404446077542,0.7975522612179875,-1.9648169863573717,-5.974200971626014,0.7975522612179875,-1.9648169863573717,-5.974200971626014,0.43711453305473463,-7.18809507951595,-1.162119657722067
6576576576.576576,0.4312340635580805,-7.305738823262503,-1.1917676480908261,0.800169610323045,-1.9363589346623078,-5.990592517615938,0.800169610323045,-1.9363589346623078,-5.990592517615938,0.43135628130510967,-7.303277469791684,-1.176054077729831
6582582582.582582,0.4253672706066078,-7.4247185887024525,-1.2057939809754659,0.802800980645077,-1.907842113614172,-6.007048657538259,0.802800980645077,-1.907842113614172,-6.007048657538259,0.4254766545246605,-7.422485284526312,-1.1899903144559916
6588588588.588589,0.41937982096265125,-7.547849400894887,-1.219815504592052,0.8054438500546266,-1.879294603626802,-6.023569856015843,0.8054438500546266,-1.879294603626802,-6.023569856015843,0.4194763094934821,-7.5458512305212,-1.2039244669244347
6594594594.594595,0.4132724617266335,-7.675270656457361,-1.233827846339494,0.8080956586591256,-1.8507445278545218,-6.040156471156891,0.8080956586591256,-1.8507445278545218,-6.040156471156891,0.41335598697368453,-7.673515354951618,-1.2178522072680786
6600600600.600601,0.40704602990356453,-7.807129535260449,-1.2478261641372084,0.810753810580671,-1.822220028918006,-6.056808753376151,0.810753810580671,-1.822220028918006,-6.056808753376151,0.407116517566614,-7.805625540596177,-1.2317687456349662
6606606606.6066065,0.40070145828399767,-7.943581540487966,-1.261805106748823,0.8134156759960846,-1.7937492441610516,-6.0735268442703765,0.8134156759960846,-1.7937492441610516,-6.0735268442703765,0.4007588275550385,-7.942338052403697,-1.2456687910255562
6612612612.612613,0.3942397813085145,-8.08479109524254,-1.2757587693746895,0.8160785934444202,-1.7653602794429464,-6.090310775563023,0.8160785934444202,-1.7653602794429464,-6.090310775563023,0.39428394472497313,-8.083818141483164,-1.2595465074656698
6618618618.618618,0.38766214091227336,-8.230932202488042,-1.2896806438061994,0.8187398724058184,-1.7370811814803693,-6.107160468133271,0.8187398724058184,-1.7370811814803693,-6.107160468133271,0.38769300416297153,-8.230240713455485,-1.2733954648151593
6624624624.624624,0.3809697923483469,-8.382189176068897,-1.3035635623092323,0.8213967961542534,-1.7089399087620634,-6.124075731144694,0.8213967961542534,-1.7089399087620634,-6.124075731144694,0.3809872540269251,-8.381791069079076,-1.2872085833887716
6630630630.6306305,0.37416410999123145,-8.53875745164739,-1.3173996342541487,0.8240466248852153,-1.6809643010695454,-6.1410562612888775,0.8240466248852153,-1.6809643010695454,-6.1410562612888775,0.37416806129093383,-8.538665726195887,-1.3009780714164167
6636636636.636637,0.36724659312579233,-8.700844487665314,-1.3311801743286755,0.8266865991177599,-1.6531820476473211,-6.158101642159352,0.8266865991177599,-1.6531820476473211,-6.158101642159352,0.3672369174684052,-8.701073333353564,-1.3146953541907025
6642642642.642643,0.360218871731496,-8.8686707679111,-1.34489562095189,0.8293139433686428,-1.6256206540766136,-6.1752113437710765,0.8293139433686428,-1.6256206540766136,-6.1752113437710765,0.360195444322294,-8.869235686976065,-1.3283509935325915
6648648648.648649,0.3530827122782173,-9.042470918971716,-1.358535443242073,0.8319258700943952,-1.5983074079177406,-6.19238472224041,0.8319258700943952,-1.5983074079177406,-6.19238472224041,0.3530453995772262,-9.04338886572321,-1.3419345959427622
6654654654.6546545,0.3458400235573973,-9.222494957836041,-1.372088034569062,0.834519583895336,-1.5712693431966391,-6.209621019640425,0.834519583895336,-1.5712693431966391,-6.209621019640425,0.34578868265590423,-9.22378449773252,-1.3554347074858553
6660660660.660661,0.3384928625823803,-9.409009687214398,-1.3855405903277318,0.8370922859734309,-1.5445332038230029,-6.226919364045745,0.8370922859734309,-1.5445332038230029,-6.226919364045745,0.3384273404716061,-9.410691178835561,-1.368838693062446
6666666666.666666,0.3310434406039288,-9.602300258824442,-1.398878967084509,0.8396411788339008,-1.5181254060379152,-6.244278769780734,0.8396411788339008,-1.5181254060379152,-6.244278769780734,0.3309635733207444,-9.604396062633786,-1.382132597241805
6672672672.672672,0.323494129302377,-9.802671928017972,-1.4120875196538183,0.8421634712183304,-1.4920720000001884,-6.261698137884164,0.8421634712183304,-1.4920720000001884,-6.261698137884164,0.323399740934223,-9.805206646593742,-1.3953009832351104
6678678678.6786785,0.3158474672371543,-10.010452026767165,-1.4251489119212049,0.8446563832548688,-1.4663986306315002,-6.279176256802684,0.8446563832548688,-1.4663986306315002,-6.279176256802684,0.31573836876533024,-10.013452782139922,-1.4083267458512572
6684684684.684685,0.3081061666586209,-10.225992186273361,-1.438043896312138,0.8471171518089582,-1.4411304978508441,-6.296711803324563,0.8471171518089582,-1.4411304978508441,-6.296711803324563,0.30798215461529704,-10.229488941201037,-1.4211908933614543
6690690690.690691,0.30027312081754337,-10.449670845403245,-1.4507510556551166,0.8495430360158728,-1.41629231633889,-6.314303343764139,0.8495430360158728,-1.41629231633889,-6.314303343764139,0.3001339757274657,-10.453696776891018,-1.4338722920500109
6696696696.696697,0.2923514119458662,-10.681896086897027,-1.4632464997433388,0.8519313229742268,-1.3919082749825082,-6.331949335406284,0.8519313229742268,-1.3919082749825082,-6.331949335406284,0.29219689651832464,-10.686488022115483,-1.446347365784876
6702702702.702703,0.28434432013104516,-10.923108849933602,-1.4755035070732394,0.8542793335775482,-1.3680019961586323,-6.34964812821888,0.8542793335775482,-1.3680019961586323,-6.34964812821888,0.2841741771611217,-10.928307777006713,-1.458589741113711
6708708708.708709,0.2762553333680433,-11.173786575280381,-1.487492099917175,0.8565844284590708,-1.344596495024517,-6.367397966840001,0.8565844284590708,-1.344596495024517,-6.367397966840001,0.276069283298322,-11.179638244335543,-1.470569826066393
6714714714.714715,0.2680881591523633,-11.434447347970341,-1.499178537921044,0.8588440140230078,-1.3217141389890323,-6.385196992844934,0.8588440140230078,-1.3217141389890323,-6.385196992844934,0.26788589723656114,-11.441002981554078,-1.4822543078685222
6720720720.72072,0.2598467380796985,-11.705654612256646,-1.5105247116022806,0.8610555485339011,-1.299376607545364,-6.403043247296625,0.8610555485339011,-1.299376607545364,-6.403043247296625,0.25962793107802207,-11.71297174894812,-1.493605550937414
6726726726.726727,0.2515352600505889,-11.988022544403478,-1.521487412185622,0.8632165482340708,-1.2776048526508608,-6.420934673581496,0.8632165482340708,-1.2776048526508608,-6.420934673581496,0.25129954237208424,-11.996166045534835,-1.5045808715648528
6732732732.732733,0.24315818385222512,-12.282222180394346,-1.5320174477831205,0.8653245934578598,-1.256419059843388,-6.438869120530694,0.8653245934578598,-1.256419059843388,-6.438869120530694,0.24290515304182653,-12.291265437623855,-1.5151316592086894
6738738738.738739,0.23472026111891803,-12.588988407231074,-1.5420585674911405,0.8673773347102548,-1.2358386102859311,-6.456844345825142,0.8673773347102548,-1.2358386102859311,-6.456844345825142,0.23444947256517293,-12.59901479889868,-1.5252023058010349
6744744744.744745,0.22622656597790286,-12.909127936915397,-1.5515461438442826,0.8693724986765708,-1.2158820439323592,-6.474858019680866,0.8693724986765708,-1.2158820439323592,-6.474858019680866,0.22593752669072492,-12.920232594415433,-1.5347288932174912
6750750750.7507515,0.21768253209708135,-13.243528389156722,-1.56040554926552,0.8713078941292954,-1.1965670240066297,-6.4929077288090316,0.8713078941292954,-1.1965670240066297,-6.4929077288090316,0.21737469337238355,-13.25582035204691,-1.5436375740423918
6756756756.756757,0.2090939994066145,-13.593168608303575,-1.5685501423378154,0.8731814176978602,-1.1779103029856652,-6.510990980643394,0.8731814176978602,-1.1779103029856652,-6.510990980643394,0.20876674815492335,-13.60677346998932,-1.5518425606204689
6762762762.762763,0.20046727352650828,-13.959130324908237,-1.5758787530101497,0.8749910594670837,-1.1599276902725428,-6.529105207825803,0.8749910594670837,-1.1599276902725428,-6.529105207825803,0.20011992199480075,-13.974193501464573,-1.5592436101470526
6768768768.768768,0.19180920198263793,-14.342611230646163,-1.582272519592399,0.8767349083703134,-1.1426340217414186,-6.547247772938516,0.8767349083703134,-1.1426340217414186,-6.547247772938516,0.19144097554180103,-14.359302026364844,-1.565722856450911
6774774774.774775,0.18312727276060167,-14.744939446307932,-1.5875908808573438,0.8784111573439216,-1.1260431313285704,-6.565415973470291,0.8784111573439216,-1.1260431313285704,-6.565415973470291,0.18273729536511,-14.76345614454285,-1.571140788244036
6780780780.780781,0.17442974281618803,-15.167589190866781,-1.5916664585004057,0.8800181082107161,-1.1101678248357536,-6.583607047001278,0.8800181082107161,-1.1101678248357536,-6.583607047001278,0.1740170196704748,-15.188165472566928,-1.575331103379644
6786786786.786787,0.16572580711233906,-15.612197144373486,-1.594298471245497,0.8815541762611158,-1.0950198561017424,-6.60181817659023,0.8815541762611158,-1.0950198561017424,-6.60181817659023,0.16528920400667574,-15.635110235702951,-1.5780940711828055
6792792792.792793,0.15702582300504347,-16.080578433801808,-1.5952441918339444,0.8830178945024759,-1.0806099056867717,-6.620046496345635,0.8830178945024759,-1.0806099056867717,-6.620046496345635,0.15656404172930483,-16.10615951628093,-1.5791878991180728
6798798798.7987995,0.14834161099151155,-16.574740177116176,-1.5942077782417996,0.8844079175488521,-1.0669475622015028,-6.638289097161174,0.8844079175488521,-1.0669475622015028,-6.638289097161174,0.14785316023371528,-16.603387767377324,-1.5783174106874278
6804804804.804805,0.13968686193268529,-17.09688877942783,-1.5908255631518113,0.8857230251256496,-1.0540413063980016,-6.656543032594325,0.8857230251256496,-1.0540413063980016,-6.656543032594325,0.13917002319375807,-17.12908600766092,-1.5751190783806466
6810810810.810811,0.13107769434154892,-17.649424129368022,-1.5846465509984065,0.8869621251660472,-1.0418984981249,-6.6748053248658366,0.8869621251660472,-1.0418984981249,-6.6748053248658366,0.13053048279560966,-17.685761113025777,-1.5691410944457487
6816816816.816816,0.12253342540423869,-18.234908513582212,-1.5751064340964889,0.8881242564787621,-1.0305253662325702,-6.693072970956692,0.8881242564787621,-1.0305253662325702,-6.693072970956692,0.12195354659592217,-18.276111304357755,-1.55981668023312
6822822822.822823,0.11407764931565682,-18.855988729465,-1.5614929073755466,0.8892085909696363,-1.0199270014968405,-6.711342948778365,0.8892085909696363,-1.0199270014968405,-6.711342948778365,0.11346245468590184,-18.90295649985958,-1.5464282288635196
6828828828.828829,0.10573976072437437,-19.515233533659085,-1.5428995237469005,0.8902144354026159,-1.0101073526118225,-6.72961222339149,0.8902144354026159,-1.0101073526118225,-6.72961222339149,0.10508620931156885,-19.56908547255774,-1.5280592162089566
6834834834.834835,0.09755712483037983,-20.2148201509096,-1.5181650973523864,0.8911412326889282,-1.001069225284065,-6.747877753247567,0.8911412326889282,-1.001069225284065,-6.747877753247567,0.09686176726087369,-20.27695222867958,-1.503530385390118
6840840840.840841,0.0895781822726016,-20.955955090782247,-1.4857965951796062,0.8919885626966371,-0.9928142844412902,-6.766136496428139,0.8919885626966371,-0.9928142844412902,-6.766136496428139,0.08883720037644201,-21.028102726068937,-1.4713173574682121
6846846846.846848,0.08186687813997807,-21.737835408144136,-1.4438777517401835,0.8927561425761754,-0.9853430595502027,-6.784385416855724,0.8927561425761754,-0.9853430595502027,-6.784385416855724,0.08107624635121846,-21.822127327525642,-1.4294507835181802
6852852852.852853,0.0745088719158292,-22.555840237735914,-1.389978411846767,0.8934438266009354,-0.9786549530188855,-6.802621490451,0.8934438266009354,-0.9786549530188855,-6.802621490451,0.07366476598843726,-22.654803728758694,-1.3754128460269908
6858858858.858859,0.0676198563450341,-23.398515124118767,-1.321111508802818,0.8940516055254633,-0.9727482516406862,-6.8208417112111555,0.8940516055254633,-0.9727482516406862,-6.8208417112111555,0.06671953123461462,-23.514940273466113,-1.3060770956431211
6864864864.864864,0.061355550750233245,-24.24292282299417,-1.2338531867479547,0.8945796054672223,-0.9676201410183818,-6.83904309718474,0.8945796054672223,-0.9676201410183818,-6.83904309718474,0.06039902753027618,-24.37940107580082,-1.2178128949605995
6870870870.870871,0.05592060553703624,-25.04856268946439,-1.1248581602371757,0.8950280863212252,-0.963266722889843,-6.857222696319302,0.8950280863212252,-0.963266722889843,-6.857222696319302,0.05491352314115991,-25.20641383873171,-1.1070082439962463
6876876876.876877,0.05156854842392078,-25.752301862986023,-0.9921034918397127,0.8953974397200616,-0.9596830352596291,-6.8753775921588485,0.8953974397200616,-0.9596830352596291,-6.8753775921588485,0.05052605767897768,-25.929691729697684,-0.9713935066020121
6882882882.882883,0.04857802358907606,-26.2712031713584,-0.8369834933554368,0.8956881865548838,-0.956863075225315,-6.89350490936948,0.8956881865548838,-0.956863075225315,-6.89350490936948,0.047528018637823875,-26.46100580650785,-0.8123405501657357
6888888888.888889,0.047191587175420074,-26.52270831924183,-0.6663639412249357,0.8959009740757992,-0.954799824372571,-6.911601819072688,0.8959009740757992,-0.954799824372571,-6.911601819072688,0.04617335740958554,-26.71217090774541,-0.6371661683795415
6894894894.894896,0.04752977487716662,-26.46068485436817,-0.49233154627748826,0.896036572592752,-0.9534852765996582,-6.929665543967255,0.896036572592752,-0.9534852765996582,-6.929665543967255,0.04658508886921159,-26.63506143363026,-0.45885039904428504
6900900900.900901,0.049535143689972284,-26.101731457639147,-0.3282784802462497,0.8960958718003795,-0.9529104682199802,-6.9476933632223465,0.8960958718003795,-0.9529104682199802,-6.9476933632223465,0.04869580356763605,-26.25016926274832,-0.291623563969446
6906906906.906907,0.05299547768979498,-25.515223777102563,-0.1839032307792199,0.8960798767524562,-0.9530655101807185,-6.965682617125901,0.8960798767524562,-0.9530655101807185,-6.965682617125901,0.05227639549793324,-25.633887300684005,-0.1454783132201891
6912912912.912912,0.05762551982239125,-24.787702878908263,-0.06311414274253523,0.8959897035133944,-0.9539396222264601,-6.98363071147424,0.8959897035133944,-0.9539396222264601,-6.98363071147424,0.05702657044244483,-24.87845491888804,-0.024098760717359596
6918918918.918919,0.06314476986387269,-23.993252304651335,0.03473032800379551,0.8958265745158129,-0.9555211688292553,-7.001535121690664,0.8958265745158129,-0.9555211688292553,-7.001535121690664,0.06265688753407336,-24.060623647863753,0.07356788755656542
6924924924.924925,0.06931775966426573,-23.18310964079249,0.11253734997013455,0.8955918136544277,-0.9577976967006525,-7.019393396662573,0.8955918136544277,-0.9577976967006525,-7.019393396662573,0.06892839317581297,-23.232036908866167,0.15078649646708345
6930930930.930931,0.07596239986286554,-22.388026463024808,0.17379315222103223,0.8952868411474593,-0.960755973696892,-7.037203162288587,0.8952868411474593,-0.960755973696892,-7.037203162288587,0.07565875150681935,-22.4228165910724,0.21128002114573494
6936936936.936937,0.08294314506960807,-21.624390018340534,0.22173128701954473,0.8949131681973712,-0.9643820289257937,-7.054962124729091,0.8949131681973712,-0.9643820289257937,-7.054962124729091,0.08271361907717799,-21.648459530084878,0.25841672285146533
6942942942.942944,0.09016034980680157,-20.899688239401165,0.25905574240521834,0.8944723914830855,-0.9686611938626489,-7.072668073355372,0.8944723914830855,-0.9686611938626489,-7.072668073355372,0.08999498997878151,-20.915633341242916,0.2949691583762759
6948948948.948949,0.09754061063462695,-20.216290598342226,0.28792441285057635,0.8939661875158331,-0.9735781442829211,-7.090318883394493,0.8939661875158331,-0.9735781442829211,-7.090318883394493,0.09743107495823491,-20.226050116948997,0.32312588086202
6954954954.954955,0.10502931345871852,-19.573789466858443,0.3100253728796101,0.8933963068905624,-0.9791169428212114,-7.107912518268822,0.8933963068905624,-0.9791169428212114,-7.107912518268822,0.10496867780385678,-19.578805463608994,0.3445854370385931
6960960960.96096,0.11258525041410768,-18.97037003753398,0.32667114254990454,0.8927645684642928,-0.9852610819692786,-7.125447031630838,0.8927645684642928,-0.9852610819692786,-7.125447031630838,0.11256777498152908,-18.971718362112725,0.3606607145594021
6966966966.966967,0.1201768340038093,-18.403584828686704,0.3388836018346782,0.8920728534920427,-0.991993527330241,-7.142920569095546,0.8920728534920427,-0.991993527330241,-7.142920569095546,0.12019774574382998,-18.40207354520067,0.3723692976447361
6972972972.972973,0.12777945456826922,-17.87077940006701,0.34746259856455547,0.8913230997499565,-0.9992967609518206,-7.16033136967441,0.8913230997499565,-0.9992967609518206,-7.16033136967441,0.12783476219432072,-17.867020642439147,0.3805049074559882
6978978978.978979,0.13537363134720976,-17.36931842286106,0.3530388418840136,0.8905172956740635,-1.0071528245680934,-7.1776777669161795,0.8905172956740635,-1.0071528245680934,-7.1776777669161795,0.135459974434744,-17.363780213874215,0.3856917162989349
6984984984.984985,0.14294370881307683,-16.896699077947673,0.35611385286202296,0.8896574745417126,-1.0155433625869241,-7.194958189761365,0.8896574745417126,-1.0155433625869241,-7.194958189761365,0.14305823704606732,-16.889742624260737,0.38842497209929355
6990990990.990992,0.15047692780843316,-16.45060168161831,0.35708991804596724,0.8887457087212011,-1.0244496646686265,-7.212171163118372,0.8887457087212011,-1.0244496646686265,-7.212171163118372,0.15061720511359,-16.442508310501122,0.38910123807270275
6996996996.996997,0.15796275586883723,-16.0289059605751,0.3562925413385294,0.8877841040134373,-1.0338527077506185,-7.229315308170418,0.8877841040134373,-1.0338527077506185,-7.229315308170418,0.1581266844395521,-16.019896702942063,0.3880409342802877
7003003003.003003,0.16539239839813724,-15.629689098765908,0.3539873349710701,0.8867747941077119,-1.0437331973825543,-7.246389342423445,0.8867747941077119,-1.0437331973825543,-7.246389342423445,0.16557815837228762,-15.619939042327012,0.3855052228026376
7009009009.009008,0.17275843736735347,-15.251214657645313,0.35039280210899304,0.8857199351718001,-1.0540716082465225,-7.2633920795060085,0.8857199351718001,-1.0540716082465225,-7.2633920795060085,0.17296443874852852,-15.240863560870697,0.3817087417815439
7015015015.015015,0.1800545609381526,-14.8919174619512,0.345690079409847,0.884621700594705,-1.0648482237475132,-7.28032242873301,0.884621700594705,-1.0648482237475132,-7.28032242873301,0.18027940508225435,-14.881077675202967,0.3768292836946724
7021021021.021021,0.187275358647767,-14.550387250927642,0.34003042006871864,0.8834822758984219,-1.0760431745698902,-7.297179394445633,0.8834822758984219,-1.0760431745698902,-7.297179394445633,0.18751780723709394,-14.539149682181849,0.37101521183136604
7027027027.027027,0.1944161643930635,-14.22535258501943,0.3335409872668346,0.8823038538331291,-1.0876364761067139,-7.3139620751405285,0.8823038538331291,-1.0876364761067139,-7.3139620751405285,0.1946751142929534,-14.213791233184951,0.364391191149618
7033033033.033033,0.20147293463902888,-13.915665752383884,0.3263293753539449,0.8810886296683007,-1.0996080646792186,-7.330669662401505,0.8810886296683007,-1.0996080646792186,-7.330669662401505,0.20174739739849515,-13.903841181958008,0.3570626533811149
7039039039.03904,0.20844215285434006,-13.620288999116097,0.31848716587443465,0.8798387966902943,-1.1119378324747498,-7.347301439647361,0.8798387966902943,-1.1119378324747498,-7.347301439647361,0.20873123789238673,-13.608251025486418,0.34911930414362874
7045045045.045045,0.21532075366812173,-13.338282174625265,0.3100927458316861,0.8785565419151086,-1.1246056611419275,-7.363856780709669,0.8785565419151086,-1.1246056611419275,-7.363856780709669,0.2156236544019724,-13.32607195572227,0.34063789919566284
7051051051.051051,0.22210606199642718,-13.068791759632054,0.3012135577139725,0.8772440420231998,-1.137591453992006,-7.380335148254327,0.8772440420231998,-1.137591453992006,-7.380335148254327,0.22242204433152243,-13.056443437384699,0.3316844587049338
7057057057.057056,0.2287957436345179,-12.811041182653346,0.29190790857188825,0.8759034595215026,-1.1508751667654478,-7.396736092060669,0.8759034595215026,-1.1508751667654478,-7.396736092060669,0.2291241363615958,-12.798583180286862,0.32231604603945624
7063063063.063063,0.2353877647077616,-12.564322304618287,0.2822264344236371,0.8745369391361447,-1.164436836932296,-7.413059247171903,0.8745369391361447,-1.164436836932296,-7.413059247171903,0.23572795144858627,-12.55177835883443,0.31258220658135766
7069069069.069069,0.24188035802400146,-12.327987944720864,0.2722132933391633,0.8731466044377982,-1.1782566115039348,-7.429304331930248,0.8731466044377982,-1.1782566115039348,-7.429304331930248,0.2422317704416686,-12.3153779321476,0.3025261391998479
7075075075.075075,0.24827199484670975,-12.10144532453327,0.261907143488452,0.8717345547001324,-1.192314773342616,-7.445471145910052,0.8717345547001324,-1.192314773342616,-7.445471145910052,0.24863410689420934,-12.088785927407969,0.29218565604070296
7081081081.081081,0.25456136095988197,-11.884150316505904,0.251341949647531,0.8703028619904869,-1.2065917659631669,-7.4615595677617845,0.8703028619904869,-1.2065917659631669,-7.4615595677617845,0.2549336839853593,-11.871455561898337,0.2815939735845901
7087087087.087088,0.2607473361577219,-11.675602394205928,0.24054765199905928,0.8688535684906378,-1.2210682168288791,-7.477569552979274,0.8688535684906378,-1.2210682168288791,-7.477569552979274,0.26112941472037354,-11.662884093129573,0.2707803683546003
7093093093.093094,0.26682897648890674,-11.475340193317408,0.2295507237255019,0.8673886840443911,-1.2357249591506092,-7.4935011316023,0.8673886840443911,-1.2357249591506092,-7.4935011316023,0.2672203847669691,-11.46260830011786,0.25977072338691676
7099099099.099099,0.2728054987341012,-11.282937603638874,0.21837463827661396,0.8659101839277109,-1.250543052204617,-7.509354405866025,0.8659101839277109,-1.250543052204617,-7.509354405866025,0.2732058374285709,-11.270200511528037,0.24858798602648383
7105105105.105105,0.27867626670873585,-11.098000322635652,0.2070402628677397,0.8644200068361856,-1.2655038001904564,-7.525129547808285,0.8644200068361856,-1.2655038001904564,-7.525129547808285,0.2790851603639067,-11.08526510780587,0.23725255333800935
7111111111.111111,0.28444077907000787,-10.920162810356812,0.19556619141314732,0.8629200530838286,-1.2805887696555598,-7.540826796845149,0.8629200530838286,-1.2805887696555598,-7.540826796845149,0.2848578737459243,-10.907435434474484,0.22578259811495796
7117117117.117117,0.2900986583741174,-10.749085593685768,0.18396902748333363,0.8614121830065014,-1.2957798055180425,-7.556446457324727,0.8614121830065014,-1.2957798055180425,-7.556446457324727,0.29052361961744455,-10.736371072527998,0.2141943458921838
7123123123.123123,0.2956496411817945,-10.584452875009752,0.1722636258250628,0.859898215562677,-1.3110590457231641,-7.571988896068375,0.859898215562677,-1.3110590457231641,-7.571988896068375,0.29608215225057,-10.571755419434997,0.20250231134794708
7129129129.129129,0.30109356905074464,-10.425970406556592,0.1604632993641498,0.8583799271237454,-1.3264089345727823,-7.587454539908105,0.8583799271237454,-1.3264089345727823,-7.587454539908105,0.301533329356008,-10.413293540765036,0.19071950088790915
7135135135.135136,0.3064303802853409,-10.273363596962447,0.14857999732756,0.8568590504456685,-1.341812234770163,-7.602843873228234,0.8568590504456685,-1.341812234770163,-7.602843873228234,0.3068771040187523,-10.26071025803337,0.1788575869421137
7141141141.141142,0.3116601023390615,-10.126375821196095,0.1366244590976215,0.8553372738134806,-1.3572520382251405,-7.618157435518758,0.8553372738134806,-1.3572520382251405,-7.618157435518758,0.31211351726037334,-10.113748443132486,0.16692705849868425
7147147147.147147,0.3167828447847632,-9.984766908888654,0.12460634759072767,0.8538162403498973,-1.372711775666831,-7.6333958189473705,0.8538162403498973,-1.372711775666831,-7.6333958189473705,0.31724269114734077,-9.972167493786873,0.15493735159267885
7153153153.153153,0.32179879278372214,-9.848311789472623,0.11253436529182831,0.8522975474791374,-1.388175225112831,-7.648559665956456,0.8522975474791374,-1.388175225112831,-7.648559665956456,0.32226482237948373,-9.835741967958104,0.14289696281885156
7159159159.159159,0.3267082009966206,-9.71679927542079,0.10041635554154324,0.8507827465369858,-1.4036265192450894,-7.663649666890687,0.8507827465369858,-1.4036265192450894,-7.663649666890687,0.32718017630476676,-9.70426035809882,0.1308135484128935
7165165165.165165,0.3315113878899123,-9.590030967337853,0.08825939123750223,0.849273342518096,-1.4190501517436716,-7.678666557660568,0.849273342518096,-1.4190501517436716,-7.678666557660568,0.3319890813159286,-9.577523988703541,0.11869401101848454
7171171171.171171,0.3362087303986279,-9.46782026678757,0.0760698527571829,0.8477707939515753,-1.434430982630111,-7.693611117446414,0.8477707939515753,-1.434430982630111,-7.693611117446414,0.3366919235922464,-9.4553460227811,0.10654457590972134
7177177177.177177,0.3408006589132958,-9.349991484554415,0.06385349661804471,0.846276512895981,-1.4497542426723455,-7.708484166446965,0.846276512895981,-1.4497542426723455,-7.708484166446965,0.34128914215552447,-9.337550564749536,0.09437085815349898
7183183183.183184,0.3452876525636953,-9.236379033609316,0.051615516151569514,0.8447918650449942,-1.4650055369031743,-7.723286563676247,0.8447918650449942,-1.4650055369031743,-7.723286563676247,0.34578122421455726,-9.223971848852837,0.08217792196082861
7189189189.18919,0.3496702347763568,-9.126826697398569,0.039360595269787566,0.8433181699352101,-1.480170847303834,-7.738019204811797,0.8433181699352101,-1.480170847303834,-7.738019204811797,0.35016870077602297,-9.114453503586002,0.06997033328328592
7195195195.195195,0.35394896908585954,-9.021186965246175,0.027092956238831668,0.8418567012476994,-1.4952365347037657,-7.752683020096972,0.8418567012476994,-1.4952365347037657,-7.752683020096972,0.3544521425030133,-9.008847883802884,0.05775220654882453
7201201201.201201,0.35812445518302594,-8.91932042765889,0.014816402237226354,0.8404086871952298,-1.5101893399468325,-7.767278972299611,0.8404086871952298,-1.5101893399468325,-7.767278972299611,0.35863215580495866,-8.907015463208754,0.04552724629837202
7207207207.207207,0.362197325184952,-8.821095225204798,0.002534355362880013,0.8389753109873118,-1.5250163843732714,-7.781808054728882,0.8389753109873118,-1.5250163843732714,-7.781808054728882,0.36270937914469653,-8.808824280830175,0.03329878437240219
7213213213.213213,0.3661682401137972,-8.726386545388028,-0.009750109343322072,0.837557711365505,-1.5397051696656328,-7.796271289311855,0.837557711365505,-1.5397051696656328,-7.796271289311855,0.366684479550267,-8.714149435820573,0.02106981320288787
7219219219.219219,0.3700378865726431,-8.635076162601443,-0.022034233369493412,0.8361569832017385,-1.5542435771055376,-7.810669724730868,0.8361569832017385,-1.5542435771055376,-7.810669724730868,0.3705581493201316,-8.622872625634376,0.008843015687890591
7225225225.225225,0.373806973607928,-8.547052016811383,-0.034315547280392274,0.8347741781527012,-1.5686198662868442,-7.825004434622584,0.8347741781527012,-1.5686198662868442,-7.825004434622584,0.3743311029119117,-8.534881723176644,-0.0033792079406957266
7231231231.231232,0.37747622974891326,-8.462207827128186,-0.04659184597828206,0.8334103053636915,-1.5828226733292121,-7.839276515839174,0.8334103053636915,-1.5828226733292121,-7.839276515839174,0.3780040740054275,-8.450070389046932,-0.015594715901974648
7237237237.237238,0.38104640021548647,-8.380442736851156,-0.058861166363123454,0.8320663322156394,-1.5968410086345473,-7.853487086771892,0.8320663322156394,-1.5968410086345473,-7.853487086771892,0.3815778127316509,-8.368337715435867,-0.027801602996299173
7243243243.243243,0.384518244286219,-8.301660986959348,-0.07112176711958952,0.8307431851093423,-1.6106642542272058,-7.867637285736997,0.8307431851093423,-1.6106642542272058,-7.867637285736997,0.38505308305983876,-8.28958789861866,-0.039998180814844624
7249249249.249249,0.38789253281921826,-8.225771615352475,-0.08337211039388107,0.8294417502813035,-1.6242821607170441,-7.881728269423794,0.8294417502813035,-1.6242821607170441,-7.881728269423794,0.3884306603356432,-8.213729937327884,-0.05218295979657284
7255255255.255255,0.3911700459187316,-8.152688179440998,-0.09561084515342744,0.8281628746458736,-1.6376848439228373,-7.895761211404274,0.8281628746458736,-1.6376848439228373,-7.895761211404274,0.39171132896325994,-8.140677354588773,-0.06435463293039706
7261261261.261261,0.39435157074088345,-8.0823284999421,-0.1078367920485064,0.8269073666587337,-1.6508627811917762,-7.9097373007037675,0.8269073666587337,-1.6508627811917762,-7.9097373007037675,0.3948958802253812,-8.070347940853646,-0.07651206092567232
7267267267.267267,0.3974378994322933,-8.014614423965304,-0.12004892961709208,0.8256759971970767,-1.6638068074490318,-7.923657740431685,0.8256759971970767,-1.6638068074490318,-7.923657740431685,0.3979851102346547,-8.002663516510703,-0.08865425869589674
7273273273.273273,0.40042982719558595,-7.949471605673002,-0.13224638169354333,0.8244695004521584,-1.6765081110096336,-7.937523746471444,0.8244695004521584,-1.6765081110096336,-7.937523746471444,0.4009798180109979,-7.937549712036777,-0.10078038301926423
7279279279.27928,0.4033281504761336,-7.886829302977196,-0.14442840589821984,0.8232885748301847,-1.6889582291832848,-7.951336546228423,0.8232885748301847,-1.6889582291832848,-7.951336546228423,0.4038808036790874,-7.874935764248963,-0.11288972125611509
7285285285.285286,0.40613366526454014,-7.826620188892328,-0.15659438309962623,0.8221338838578167,-1.7011490437008605,-7.965097377434689,0.8221338838578167,-1.7011490437008605,-7.965097377434689,0.4066888667807278,-7.8147543272648345,-0.12498168101711145
7291291291.291291,0.40884716550964967,-7.768780176302098,-0.16874380775299183,0.8210060570888393,-1.7130727759898536,-7.978807487009195,0.8210060570888393,-1.7130727759898536,-7.978807487009195,0.40940480469696705,-7.756941296922355,-0.13705578068839178
7297297297.2972975,0.4114694416371036,-7.713248255020946,-0.1808762790302851,0.8199056910088226,-1.7247219823243283,-7.992468129972007,0.8199056910088226,-1.7247219823243283,-7.992468129972007,0.41202941117501646,-7.701435647535135,-0.14911164073045932
7303303303.303303,0.4140012791685155,-7.659966340143884,-0.19299149266597218,0.8188333499348787,-1.736089548873214,-8.00608056841101,0.8188333499348787,-1.736089548873214,-8.00608056841101,0.4145634749552413,-7.648179279968891,-0.16114897567682815
7309309309.309309,0.41644345743669875,-7.60887913077227,-0.2050892334510426,0.8177895669078368,-1.7471686866695644,-8.019646070499595,0.8177895669078368,-1.7471686866695644,-8.019646070499595,0.4170077784935745,-7.597116880125322,-0.17316758676652957
7315315315.315315,0.4187967483924736,-7.559933978292182,-0.2171693683153389,0.8167748445744407,-1.7579529265214344,-8.033165909563657,0.8167748445744407,-1.7579529265214344,-8.033165909563657,0.4193630967750545,-7.548195787003667,-0.18516735515176466
7321321321.3213215,0.4210619154986688,-7.513080763461586,-0.22923183994423207,0.8157896560573578,-1.7684361138840268,-8.046641363196233,0.8157896560573578,-1.7684361138840268,-8.046641363196233,0.4216301962140832,-7.501365869594255,-0.197148235627915
7327327327.327328,0.42323971270723465,-7.468271781629335,-0.24127666088161617,0.8148344458110327,-1.778612403711041,-8.06007371241815,0.8148344458110327,-1.778612403711041,-8.06007371241815,0.42380983363746894,-7.4565794119219895,-0.20911025083904583
7333333333.333334,0.42533088351550985,-7.425461635472185,-0.2533039080758319,0.8139096304616058,-1.7884762553019862,-8.07346424088289,0.8139096304616058,-1.7884762553019862,-8.07346424088289,0.42590275534617017,-7.413791005626846,-0.22105348591623292
7339339339.339339,0.4273361600977016,-7.384607134694855,-0.26531371782960894,0.8130155996293161,-1.7980224271608085,-8.086814234123983,0.8130155996293161,-1.7980224271608085,-8.086814234123983,0.427909696252026,-7.37295744952024,-0.2329780835109306
7345345345.3453455,0.4292562625080468,-7.345667202183185,-0.27730628111906225,0.8121527167319784,-1.8072459718800669,-8.100124978843205,0.8121527167319784,-1.8072459718800669,-8.100124978843205,0.4298313790858556,-7.334037655607812,-0.2448842391888584
7351351351.351351,0.43109189795200076,-7.3086027861513445,-0.2892818392498633,0.8113213197683022,-1.8161422310635758,-8.11339776223779,0.8113213197683022,-1.8161422310635758,-8.11339776223779,0.4316685136732991,-7.29699256111784,-0.25677219715340927
7357357357.357357,0.43284376012214837,-7.273376777860569,-0.30124067982214303,0.810521722079967,-1.8247068302994354,-8.12663387136496,0.810521722079967,-1.8247068302994354,-8.12663387136496,0.4334217962752126,-7.261785046109443,-0.26864224627063255
7363363363.363363,0.43451252859557393,-7.239953934525879,-0.3131831329779026,0.8097542130915228,-1.832935674194174,-8.139834592542053,0.8097542130915228,-1.832935674194174,-8.139834592542053,0.43509190898931116,-7.228379856276997,-0.28049471637011847
7369369369.3693695,0.43609886828961364,-7.208300807059499,-0.325109567907606,0.8090190590273141,-1.84082494147782,-8.1530012107805,0.8090190590273141,-1.84082494147782,-8.1530012107805,0.43667951920996984,-7.196743530598971,-0.29232997479885764
7375375375.375376,0.4376034289730251,-7.1783856723303145,-0.3370203895943266,0.8083165036047573,-1.8483710801886364,-8.166135009252011,0.8083165036047573,-1.8483710801886364,-8.166135009252011,0.43818527914337657,-7.166844333506679,-0.3041484232070153
7381381381.381382,0.4390268448297598,-7.150178469645655,-0.34891603577585584,0.8076467687034097,-1.8555708029454896,-8.179237268785263,0.8076467687034097,-1.8555708029454896,-8.179237268785263,0.43960982537505017,-7.138652191282079,-0.31595049454628715
7387387387.387387,0.4403697340727006,-7.123650741185553,-0.360796974107127,0.8070100550093926,-1.8624210823147227,-8.192309267391435,0.8070100550093926,-1.8624210823147227,-8.192309267391435,0.4409537784872768,-7.112138632410398,-0.3277366502634896
7393393393.3933935,0.44163269860476206,-7.098775576143966,-0.37266369950642303,0.8064065426348055,-1.868919146277884,-8.205352279817058,0.8064065426348055,-1.868919146277884,-8.205352279817058,0.4422177427237682,-7.087276731643499,-0.33950737767326256
7399399399.399399,0.4428163237249701,-7.07552755835008,-0.38451673167051353,0.8058363917118897,-1.8750624738055532,-8.218367577122443,0.8058363917118897,-1.8750624738055532,-8.218367577122443,0.4434023056992127,-7.064041057545567,-0.351263187495236
7405405405.405405,0.4439211778772557,-7.053882717161563,-0.3963566127450097,0.8052997429617528,-1.8808487905421258,-8.2313564262843,0.8052997429617528,-1.8808487905421258,-8.2313564262843,0.4445080381514743,-7.042407623312192,-0.3630046115421097
7411411411.411411,0.4449478124397618,-7.0338184814397735,-0.4081839051372183,0.8047967182375708,-1.886276064605397,-8.244320089820894,0.8047967182375708,-1.886276064605397,-8.244320089820894,0.44553549373424023,-7.022353840672478,-0.3747322005462446
7417417417.417418,0.4458967615526639,-7.015313636430834,-0.4199991894600279,0.8043274210422339,-1.8913425025043997,-8.257259825438327,0.8043274210422339,-1.8913425025043997,-8.257259825438327,0.44648520884807974,-7.003858476698444,-0.3864465221133783
7423423423.423424,0.44676854198252636,-6.998348283392552,-0.4318030625959369,0.80389193702048,-1.8960465451781605,-8.270176885696452,0.80389193702048,-1.8960465451781605,-8.270176885696452,0.44735770250807805,-6.986901613358651,-0.398148158792744
7429429429.42943,0.4475636530215011,-6.982903801816837,-0.4435961358714443,0.8034903344256052,-1.9003868641576513,-8.283072517693034,0.8034903344256052,-1.9003868641576513,-8.283072517693034,0.4481534762461913,-6.971464609668527,-0.40983770625399013
7435435435.435435,0.4482825764195131,-6.968962814114575,-0.4553790333325312,0.8031226645609183,-1.9043623578523714,-8.295947962764743,0.8031226645609183,-1.9043623578523714,-8.295947962764743,0.4488730140466743,-6.957530066300027,-0.421515771561689
7441441441.441442,0.4489257763480305,-6.956509152634157,-0.46715239011279885,0.8027889621961181,-1.9079721479629117,-8.308804456203681,0.8027889621961181,-1.9079721479629117,-8.308804456203681,0.44951678231291015,-6.945081792526749,-0.4331829715389978
7447447447.447447,0.44949369939380257,-6.9455278289012226,-0.47891685088625935,0.8024892459588521,-1.9112155760199965,-8.321643226988083,0.8024892459588521,-1.9112155760199965,-8.321643226988083,0.4500852298643865,-6.934104775384801,-0.44483993121281246
7453453453.453453,0.44998677458125885,-6.936005004972474,-0.49067306839745184,0.8022235187017392,-1.9140922000502067,-8.334465497525965,0.8022235187017392,-1.9140922000502067,-8.334465497525965,0.4505787879621976,-6.92458515094809,-0.45648728233275865
7459459459.459459,0.45040541342229057,-6.9279279668064735,-0.5024217020620088,0.8019917678451683,-1.9166017913682625,-8.34727248341046,0.8019917678451683,-1.9166017913682625,-8.34727248341046,0.4509978703620313,-6.916510177616042,-0.46812566195746547
7465465465.465466,0.45075000999221876,-6.921285099562549,-0.5141634166311578,0.8017939656962365,-1.9187443314951307,-8.360065393185662,0.8017939656962365,-1.9187443314951307,-8.360065393185662,0.4513428733932665,-6.909868211328099,-0.4797557111015388
7471471471.471472,0.4510209410308801,-6.916065864745823,-0.5258988809142047,0.8016300697442023,-1.9205200092010746,-8.372845428121797,0.8016300697442023,-1.9205200092010746,-8.372845428121797,0.4516141760633086,-6.904648682618891,-0.49137807343727374
7477477477.477478,0.45121856606781974,-6.912260779123828,-0.5376287665532777,0.8015000229328758,-1.921929217672179,-8.385613781998613,0.8015000229328758,-1.921929217672179,-8.385613781998613,0.4518121401860066,-6.900842075442091,-0.5029933940452417
7483483483.483484,0.4513432275706995,-6.909861395346128,-0.5493537468449732,0.8014037539103682,-1.9229725517988445,-8.398371640895903,0.8014037539103682,-1.9229725517988445,-8.398371640895903,0.45193711053335506,-6.898439907692234,-0.514602318208707
7489489489.48949,0.45139525111608253,-6.908860284204979,-0.5610744956038464,0.8013411772566752,-1.9236508055840895,-8.411120182990057,0.8013411772566752,-1.9236508055840895,-8.411120182990057,0.4519894150095958,-6.897434713363109,-0.5262054902463451
7495495495.495496,0.45137494558183794,-6.909251018480802,-0.5727916860629827,0.8013121936895635,-1.9239649696695251,-8.423860578355702,0.8013121936895635,-1.9239649696695251,-8.423860578355702,0.4519693648470141,-6.897820026285155,-0.5378035523788167
7501501501.501501,0.4512826033605231,-6.911028158320849,-0.584505989807089,0.8013166902492689,-1.9239162289763514,-8.43659398877135,0.8013166902492689,-1.9239162289763514,-8.43659398877135,0.45187725482279656,-6.899590365389759,-0.5493971436242792
7507507507.507507,0.4511185005931211,-6.914187238105708,-0.5962180757337576,0.801354540462524,-1.9235059604585518,-8.449321567528173,0.801354540462524,-1.9235059604585518,-8.449321567528173,0.45171336349627933,-6.902741221455582,-0.5609868987185552
7513513513.513514,0.450882897422605,-6.918724754762605,-0.6079286090387548,0.8014256044864472,-1.922735730965276,-8.462044459240943,0.8014256044864472,-1.922735730965276,-8.462044459240943,0.45147795346613195,-6.9072690452941305,-0.5725734470557458
7519519519.51952,0.450576038266903,-6.924638157488525,-0.6196382502213642,0.8015297292328575,-1.9216072952089471,-8.474763799660236,0.8015297292328575,-1.9216072952089471,-8.474763799660236,0.45117127164701326,-6.913171237337847,-0.584157411644976
7525525525.525526,0.4501981521108073,-6.931925838852427,-0.6313476541059895,0.8016667484735708,-1.9201225938356912,-8.48748071548508,0.8016667484735708,-1.9201225938356912,-8.48748071548508,0.45079354956529666,-6.920446138598483,-0.5957394080796214
7531531531.531532,0.4497494528165391,-6.940587127248097,-0.6430574688762484,0.8018364829272767,-1.9182837515941507,-8.50019632417516,0.8018364829272767,-1.9182837515941507,-8.50019632417516,0.4503450036735448,-6.929093022967417,-0.607320043514886
7537537537.537538,0.4492301394526803,-6.950622280674455,-0.654768335117977,0.8020387403285876,-1.916093075598777,-8.512911733761836,0.8020387403285876,-1.916093075598777,-8.512911733761836,0.4498258356834739,-6.939112090833667,-0.6188999156500613
7543543543.543544,0.4486403966412283,-6.962032481824471,-0.6664808848677561,0.8022733154798778,-1.913553053683362,-8.525628042657171,0.8022733154798778,-1.913553053683362,-8.525628042657171,0.44923623291715925,-6.950504464000162,-0.6304796117119655
7549549549.549549,0.44798039492260877,-6.974819834467208,-0.6781957406633459,0.8025399902865493,-1.910666352840344,-8.538346339460219,0.8025399902865493,-1.910666352840344,-8.538346339460219,0.44857636867637224,-6.963272181881205,-0.6420597074355471
7555555555.555555,0.4472502911385509,-6.988987361111175,-0.6899135145928428,0.80283853377636,-1.9074358177413835,-8.551067702759896,0.80283853377636,-1.9074358177413835,-8.551067702759896,0.44784640262988407,-6.977418198969849,-0.6536407660384189
7561561561.561562,0.4464502288326813,-7.004539001942762,-0.7016348073391402,0.8031687021034901,-1.903864469334267,-8.563793200933718,0.8031687021034901,-1.903864469334267,-8.563793200933718,0.44704648121870005,-6.992946383566213,-0.6652233371855906
7567567567.567568,0.44558033866886676,-7.021479615035009,-0.7133602072163976,0.8035302385380151,-1.8999555035112483,-8.576523891941779,0.8035302385380151,-1.8999555035112483,-8.576523891941779,0.4461767380791792,-7.009861517762561,-0.6768079559408149
7573573573.573574,0.44464073886724803,-7.039814977828216,-0.7250902891953295,0.8039228734414859,-1.8957122898436047,-8.58926082311531,0.8039228734414859,-1.8957122898436047,-8.58926082311531,0.44523729448408517,-7.028169298683803,-0.688395141701048
7579579579.57958,0.4436315356580633,-7.05955178988563,-0.7368256139138558,0.8043463242293298,-1.8911383703770328,-8.602005030939267,0.8043463242293298,-1.8911383703770328,-8.602005030939267,0.44422825980156033,-7.047876340987721,-0.6999853971103885
7585585585.585586,0.4425528237532633,-7.080697676933887,-0.7485667266699991,0.8048002953208,-1.8862374584823824,-8.614757540828345,0.8048002953208,-1.8862374584823824,-8.614757540828345,0.4431497319721874,-7.0689901806303945,-0.7115792069496721
7591591591.591592,0.44140468683607076,-7.103261196199701,-0.7603141563935716,0.8052844780772292,-1.881013437755952,-8.62751936689589,0.8052844780772292,-1.881013437755952,-8.62751936689589,0.4420017980041897,-7.091519279909121,-0.72317703699839
7597597597.597597,0.44018719806860374,-7.127251843059598,-0.772068414593199,0.8057985507293518,-1.8754703609635253,-8.640291511715205,0.8057985507293518,-1.8754703609635253,-8.640291511715205,0.44078453448695193,-7.11547303379718,-0.7347793328646292
7603603603.603603,0.43890042061767565,-7.152680059024527,-0.7838299942753385,0.8063421782944885,-1.8696124490220272,-8.653074966072769,0.8063421782944885,-1.8696124490220272,-8.653074966072769,0.43949800812301754,-7.1408617775899605,-0.7463865187793673
7609609609.60961,0.4375444081990033,-7.179557241083635,-0.795599368831674,0.8069150124844064,-1.8634440900125822,-8.665870708712902,0.8069150124844064,-1.8634440900125822,-8.665870708712902,0.4381422762787452,-7.167696795886293,-0.7579989963512228
7615615615.615616,0.43611920563995954,-7.207895752438533,-0.8073769908911427,0.807516691604688,-1.8569698382185678,-8.6786797060735,0.807516691604688,-1.8569698382185678,-8.6786797060735,0.4367173875538957,-7.195990332931848,-0.7696171432769496
7621621621.621622,0.43462484946110974,-7.2377089346624315,-0.8191632911328683,0.8081468404464642,-1.8501944131821293,-8.691502912012401,0.8081468404464642,-1.8501944131821293,-8.691502912012401,0.4352233823702501,-7.225755604360012,-0.781241312003912
7627627627.627628,0.4330613684767291,-7.269011121324827,-0.8309586770560199,0.808805070171404,-1.8431226987723295,-8.704341267524068,0.808805070171404,-1.8431226987723295,-8.704341267524068,0.43366029357966573,-7.257006810364671,-0.7928718283393932
7633633633.633634,0.4314287844145246,-7.301817653127491,-0.8427635317024398,0.8094909781908528,-1.835759742258181,-8.717195700446222,0.8094909781908528,-1.835759742258181,-8.717195700446222,0.43202814709169124,-7.289759150350505,-0.8045089900023162
7639639639.63964,0.42972711255479906,-7.3361448946030645,-0.8545782123276536,0.8102041480400719,-1.8281107533793348,-8.7300671251562,0.8102041480400719,-1.8281107533793348,-8.7300671251562,0.43032696252102437,-7.324028839108761,-0.81615306511201
7645645645.645645,0.42795636238927504,-7.372010252434227,-0.8664030490158133,0.8109441492485241,-1.8201811034073712,-8.742956442256705,0.8109441492485241,-1.8201811034073712,-8.742956442256705,0.428556753855134,-7.3598331245716855,-0.8278042906088308
7651651651.651651,0.42611653829981017,-7.409432195457563,-0.8782383432335433,0.811710537207204,-1.8119763241902296,-8.7558645382508,0.811710537207204,-1.8119763241902296,-8.7558645382508,0.4267175301422342,-7.397190307207671,-0.8394628706008315
7657657657.657658,0.42420764025721647,-7.448430276423629,-0.890084366317705,0.8125028530340254,-1.803502107172321,-8.768792285205892,0.8125028530340254,-1.803502107172321,-8.768792285205892,0.42480929619991975,-7.436119761123412,-0.8511289746303617
7663663663.663664,0.4222296645404056,-7.489025155591839,-0.9019413578915497,0.8133206234383165,-1.7947643023826163,-8.781740540406659,0.8133206234383165,-1.7947643023826163,-8.781740540406659,0.4228320533446553,-7.476641956948679,-0.8628027358540934
7669669669.66967,0.42018260447606487,-7.531238626247032,-0.9138095242033313,0.8141633605854927,-1.7857689173829914,-8.794710145996689,0.8141633605854927,-1.7857689173829914,-8.794710145996689,0.42078580014247047,-7.518778486583605,-0.8744842491295898
7675675675.675676,0.41806645119900604,-7.575093642234286,-0.9256890363812208,0.8150305619630162,-1.7765221161688625,-8.807701928608864,0.8150305619630162,-1.7765221161688625,-8.807701928608864,0.41867053318094954,-7.562552089901709,-0.8861735690007893
7681681681.681682,0.4158811944334037,-7.6206143476161,-0.9375800285976971,0.8159217102487828,-1.7670302180140207,-8.820716698984445,0.8159217102487828,-1.7670302180140207,-8.820716698984445,0.416486247862866,-7.607986683505192,-0.8978707075743112
7687687687.687688,0.41362682329501627,-7.667826108568354,-0.949482596136137,0.8168362731830887,-1.7572996962516498,-8.833755251580836,0.8168362731830887,-1.7572996962516498,-8.833755251580836,0.4142329392215534,-7.655107391643492,-0.909575632277899
7693693693.693693,0.411303327114546,-7.716755547640775,-0.961396793351779,0.8177737034453864,-1.7473371769831143,-8.84681836416814,0.8177737034453864,-1.7473371769831143,-8.84681836416814,0.4119106027582838,-7.7039405794124916,-0.9212882634915326
7699699699.699699,0.4089106962821734,-7.767430580521598,-0.9733226315183993,0.8187334385370519,-1.7371494377061993,-8.859906797414585,0.8187334385370519,-1.7371494377061993,-8.859906797414585,0.409519235301713,-7.754513888366828,-0.9330084720408612
7705705705.705706,0.4064489231133557,-7.819880455457473,-0.985260076551624,0.8197149006714117,-1.7267434058544406,-8.873021294461005,0.8197149006714117,-1.7267434058544406,-8.873021294461005,0.40705883588961883,-7.806856274686149,-0.9447360765418299
7711711711.711712,0.4039180027358734,-7.874135795495491,-0.9972090465985681,0.8207174966723234,-1.7161261572388955,-8.886162580484566,0.8207174966723234,-1.7161261572388955,-8.886162580484566,0.40452940667292875,-7.860998050053579,-0.9564708405842033
7717717717.717718,0.40131793399811616,-7.930228643728938,-1.0091694094828416,0.8217406178826102,-1.7053049143839305,-8.899331362251996,0.8217406178826102,-1.7053049143839305,-8.899331362251996,0.4019309538421974,-7.916970925415248,-0.9682124697408075
7723723723.723724,0.39864872039853405,-7.988192511745985,-1.0211409799929305,0.8227836400836974,-1.6942870447482872,-8.912528327662656,0.8227836400836974,-1.6942870447482872,-8.912528327662656,0.3992634885764754,-7.97480805780946,-0.9799606083877151
7729729729.72973,0.3959103710361386,-8.04806243149933,-1.033123517000547,0.8238459234278076,-1.6830800588228607,-8.925754145281791,0.8238459234278076,-1.6830800588228607,-8.925754145281791,0.39652702801468676,-8.034544100467004,-0.9917148363195746
7735735735.735736,0.3931029015818852,-8.109875010835518,-1.0451167203945293,0.8249268123840948,-1.6716916080966084,-8.939009463864398,0.8249268123840948,-1.6716916080966084,-8.939009463864398,0.3937215962493294,-8.096215256408831,-1.0034746651422684
7741741741.741741,0.3902263352707427,-8.173668492944826,-1.0571202278142053,0.8260256357001348,-1.6601294828818642,-8.95229491187017,0.8260256357001348,-1.6601294828818642,-8.95229491187017,0.39084722534255906,-8.159859335782041,-1.0152395344236678
7747747747.747747,0.3872807039141664,-8.239482820018383,-1.0691336111646774,0.8271417063801847,-1.6484016099905887,-8.965611096970122,0.8271417063801847,-1.6484016099905887,-8.965611096970122,0.3879039563644868,-8.225515817202139,-1.0270088075813164
7753753753.753754,0.38426604893269223,-8.30735970142546,-1.0811563728942446,0.8282743216816608,-1.6365160502529723,-8.978958605545397,0.8282743216816608,-1.6365160502529723,-8.978958605545397,0.38489184045352676,-8.2932259133937,-1.0387817674829953
7759759759.75976,0.3811824224082519,-8.377342686755537,-1.0931879420127386,0.8294227631312819,-1.6244809958700088,-8.99233800217902,0.8294227631312819,-1.6244809958700088,-8.99233800217902,0.38181093989865433,-8.363032641447818,-1.0505576117346553
7765765765.765766,0.3780298881558004,-8.449477244102264,-1.1052276698265238,0.8305862965623355,-1.612304767591788,-9.005749829141234,0.8305862965623355,-1.612304767591788,-9.005749829141234,0.3786613292433674,-8.434980898045879,-1.0623354476264402
7771771771.771772,0.3748085228138085,-8.523810844003032,-1.1172748253637343,0.8317641721745461,-1.5999958117132227,-9.019194605869295,0.8317641721745461,-1.5999958117132227,-9.019194605869295,0.3754430964110204,-8.509117540034689,-1.0741142867048892
7777777777.777778,0.37151841695307486,-8.6003930494898,-1.1293285904600643,0.8329556246179958,-1.5875626968794059,-9.032672828442491,0.8329556246179958,-1.5875626968794059,-9.032672828442491,0.37215634385145135,-8.58549147076869,-1.0858930389356698
7783783783.783784,0.3681596762033021,-8.679275612751411,-1.1413880544721622,0.8341598731025709,-1.575014110692723,-9.046184969053387,0.8341598731025709,-1.575014110692723,-9.046184969053387,0.3688011897083995,-8.664153732684891,-1.0976705064169754
7789789789.789789,0.36473242239683623,-8.760512578957847,-1.153452208581924,0.835376121534387,-1.5623588561142243,-9.059731475476223,0.835376121534387,-1.5623588561142243,-9.059731475476223,0.36537776900758184,-8.74515760661248,-1.1094453765997823
7795795795.795795,0.3612367947289057,-8.844160397853388,-1.1655199396503744,0.8366035586806254,-1.5496058476520844,-9.073312770533576,0.8366035586806254,-1.5496058476520844,-9.073312770533576,0.3618862348651136,-8.82855871837306,-1.1212162149647882
7801801801.801802,0.35767295093373813,-8.930278043786114,-1.1775900235750236,0.8378413583642058,-1.5367641073301739,-9.086929251562333,0.8378413583642058,-1.5367641073301739,-9.086929251562333,0.35832675971590144,-8.914415153284313,-1.1329814571015124
7807807807.807808,0.35404106847579153,-9.01892714491325,-1.1896611180991552,0.8390886796896827,-1.5238427604302358,-9.100581289880257,0.8390886796896827,-1.5238427604302358,-9.100581289880257,0.35469953656193065,-9.002787579234825,-1.144739400126943
7813813813.813814,0.350341345755484,-9.110172122395394,-1.2017317550147446,0.8403446673017269,-1.5108510310014873,-9.114269230254305,0.8403446673017269,-1.5108510310014873,-9.114269230254305,0.3510047802400613,-9.093739379074158,-1.1564881933744289
7819819819.81982,0.346574003328658,-9.204080340482601,-1.2138003316935506,0.8416084516775028,-1.4977982371320082,-9.1279933903721,0.8416084516775028,-1.4977982371320082,-9.1279933903721,0.3472427287093653,-9.187336793129434,-1.1682258282744902
7825825825.825826,0.34273928513919105,-9.300722268488107,-1.22586510187268,0.8428791494542224,-1.4846937859765812,-9.141754060317897,0.8428791494542224,-1.4846937859765812,-9.141754060317897,0.34341364435781874,-9.283649072751306,-1.179950127339474
7831831831.831832,0.33883745976405133,-9.40017165575744,-1.2379241656111162,0.8441558637930772,-1.471547168536427,-9.155551502054507,0.8441558637930772,-1.471547168536427,-9.155551502054507,0.3395178153286196,-9.38274864587772,-1.1916587321524652
7837837837.837837,0.3348688216703436,-9.502505720857503,-1.2499754583228357,0.845437684780707,-1.4583679541866164,-9.169385948912673,0.845437684780707,-1.4583679541866164,-9.169385948912673,0.33555555686615424,-9.484711295718505,-1.2033490902482724
7843843843.843843,0.33083369248382866,-9.60780535635053,-1.2620167387794001,0.8467236898692748,-1.445165784947773,-9.183257605089509,0.8467236898692748,-1.445165784947773,-9.183257605089509,0.33152721268230595,-9.589616353768797,-1.2150184407589957
7849849849.84985,0.3267324222686337,-9.716155350668624,-1.2740455759606182,0.8480129443561563,-1.4319503694991018,-9.197166645157587,0.8480129443561563,-1.4319503694991018,-9.197166645157587,0.32743315634363,-9.69754690850041,-1.2266637986801552
7855855855.855856,0.32256539081807056,-9.827644628776742,-1.2860593346144509,0.8493045019041373,-1.4187314769307822,-9.211113213586378,0.8493045019041373,-1.4187314769307822,-9.211113213586378,0.32327379268054596,-9.808590031218325,-1.238281937592884
7861861861.861862,0.31833300895658256,-9.94236651351024,-1.2980551593685674,0.8505974051029381,-1.4055189302342683,-9.225097424277767,0.8505974051029381,-1.4055189302342683,-9.225097424277767,0.3190495592199268,-9.922837020736875,-1.2498693706558985
7867867867.867868,0.31403571985327217,-10.060419009689772,-1.3100299572128236,0.8518906860727623,-1.3923225995299626,-9.239119360117446,0.8518906860727623,-1.3923225995299626,-9.239119360117446,0.3147609276429523,-10.04038366871319,-1.2614223296537181
7873873873.873875,0.3096740003477846,-10.181905113366827,-1.3219803781460588,0.8531833671104508,-1.379152395032603,-9.253179072543976,0.8531833671104508,-1.379152395032603,-9.253179072543976,0.31040840527074526,-10.161330547679002,-1.2729367418578301
7879879879.87988,0.3052483622896615,-10.306933148839054,-1.333902793749669,0.8544744613787008,-1.3660182597555304,-9.267276581137388,0.8544744613787008,-1.3660182597555304,-9.267276581137388,0.3059925365808952,-10.285783324045676,-1.2844082044212892
7885885885.885886,0.30075935389297825,-10.435617136391926,-1.3457932734152063,0.8557629736386765,-1.352930161955894,-9.281411873229239,0.8557629736386765,-1.352930161955894,-9.281411873229239,0.3015139047588929,-10.413853098614966,-1.2958319559868272
7891891891.8918915,0.29620756110863505,-10.568077194091899,-1.3576475579107006,0.8570479010261804,-1.3398980873240118,-9.295584903535998,0.8570479010261804,-1.3398980873240118,-9.295584903535998,0.2969731332893894,-10.545656777423108,-1.3072028451390907
7897897897.897898,0.2915936090174859,-10.704439977373184,-1.3694610299221242,0.8583282338714207,-1.326932030920855,-9.309795593817759,0.8583282338714207,-1.326932030920855,-9.309795593817759,0.2923708875934903,-10.681317476072408,-1.3185152952763615
7903903903.903904,0.2869181632484742,-10.844839160635921,-1.3812286811478507,0.8596029565622268,-1.3140419888689272,-9.324043832564165,0.8596029565622268,-1.3140419888689272,-9.324043832564165,0.28770787671962134,-10.820964961078431,-1.3297632654096083
7909909909.90991,0.2821819314270955,-10.989415965618798,-1.3929450754562618,0.8608710484504235,-1.3012379498026236,-9.338329474709555,0.8608710484504235,-1.3012379498026236,-9.338329474709555,0.28298485509728966,-10.96473613217692,-1.3409402063194054
7915915915.915916,0.2773856646608756,-11.138319741934513,-1.4046043075354016,0.8621314848008624,-1.2885298860855288,-9.352652341379306,0.8621314848008624,-1.2885298860855288,-9.352652341379306,0.27820262436491455,-11.11277555001208,-1.3520390114087038
7921921921.921923,0.2725301590703177,-11.291708605870623,-1.4161999563677403,0.8633832377824556,-1.275927744803039,-9.36701221966924,0.8633832377824556,-1.275927744803039,-9.36701221966924,0.2733620352856043,-11.265236014152473,-1.3630519614802534
7927927927.927928,0.26761625737567435,-11.449750144386005,-1.4277250327487787,0.8646252775003513,-1.2634414385398918,-9.381408862460109,0.8646252775003513,-1.2634414385398918,-9.381408862460109,0.26846398976739433,-11.422279196989226,-1.3739706625381563
7933933933.933934,0.262644850552504,-11.612622192176946,-1.4391719199310762,0.8658565730681946,-1.2510808359534131,-9.395841988269034,0.8658565730681946,-1.2510808359534131,-9.395841988269034,0.2635094430081383,-11.584076339742582,-1.3847859755586072
7939939939.9399395,0.25761687957178453,-11.780513690785156,-1.4505323063116045,0.8670760937192187,-1.238855752154398,-9.410311281139741,0.8670760937192187,-1.238855752154398,-9.410311281139741,0.2584994057893294,-11.750809017568042,-1.3954879369903963
7945945945.945946,0.25253333724401184,-11.953625639981036,-1.4617971088822703,0.8682828099547037,-1.226775938908752,-9.42481639057348,0.8682828099547037,-1.226775938908752,-9.42481639057348,0.25343494694823515,-11.922669981608056,-1.4060656685257653
7951951951.951952,0.24739527019110386,-12.132172153114503,-1.4729563859251422,0.8694756947281397,-1.2148510746741306,-9.43935693150232,0.8694756947281397,-1.2148510746741306,-9.43935693150232,0.24831719606393055,-12.099864086791666,-1.4165072744150726
7957957957.957958,0.24220378097511847,-12.316381629820253,-1.483999237144007,0.8706537246632029,-1.2030907544871192,-9.45393248430657,0.8706537246632029,-1.2030907544871192,-9.45393248430657,0.24314734640004027,-12.28260931526243,-1.4267997242804105
7963963963.963964,0.23696003041930702,-12.506498061422196,-1.4949136890714438,0.8718158813034664,-1.1915044797174663,-9.468542594877963,0.8718158813034664,-1.1915044797174663,-9.468542594877963,0.23792665815630729,-12.471137906495871,-1.4369287189935291
7969969969.969971,0.2316652401650597,-12.702782486649994,-1.5056865631591503,0.8729611523915356,-1.180101647707167,-9.483186774730106,0.8729611523915356,-1.180101647707167,-9.483186774730106,0.23265646209186144,-12.66569760649034,-1.4468785367135428
7975975975.975976,0.2263206955178527,-12.905514617922924,-1.5163033234301235,0.874088533175102,-1.168891541313207,-9.497864501157663,0.874088533175102,-1.168891541313207,-9.497864501157663,0.22733816359688194,-12.86655304983966,-1.4566318556039224
7981981981.981982,0.22092774864763565,-13.114994661502465,-1.526747899917681,0.8751970277372002,-1.1578833183738722,-9.512575217445622,0.8751970277372002,-1.1578833183738722,-9.512575217445622,0.22197324730570042,-13.073987290052852,-1.4661695490448896
7987987987.9879875,0.21548782222392013,-13.331545358361119,-1.5370024833073674,0.8762856503477501,-1.1470860011195536,-9.527318333129836,0.8762856503477501,-1.1470860011195536,-9.527318333129836,0.21656328236535377,-13.288303495105849,-1.4754704482918206
7993993993.993994,0.21000241358470645,-13.555514276702947,-1.5470472851900545,0.8773534268332759,-1.1365084655499318,-9.542093224309976,0.8773534268332759,-1.1365084655499318,-9.542093224309976,0.2111099284987733,-13.50982682689897,-1.4845110664617014
8000000000.0,0.20447309956187543,-13.787276391792167,-1.5568602570735162,0.8783993959615041,-1.1261594308003364,-9.556899234015816,0.8783993959615041,-1.1261594308003364,-9.556899234015816,0.20561494303423875,-13.738906524907911,-1.4932652764061232
8006006006.006006,0.19890154211543365,-14.027236994160155,-1.5664167597144225,0.8794226108373657,-1.1160474485209269,-9.571735672627693,0.8794226108373657,-1.1160474485209269,-9.571735672627693,0.2000801891123202,-13.975918215795149,-1.501703933381504
8012012012.0120125,0.1932894949668287,-14.275834973429271,-1.5756891723273265,0.8804221403067577,-1.1061808922931409,-9.586601818351795,0.8804221403067577,-1.1061808922931409,-9.586601818351795,0.19450764533248796,-14.221266471808502,-1.5097944313671992
8018018018.018019,0.18763881146973327,-14.533546531953476,-1.5846464286786475,0.881397070364273,-1.0965679471084453,-9.601496917750765,0.881397070364273,-1.0965679471084453,-9.601496917750765,0.18889941716545694,-14.475387641162737,-1.517500179296822
8024024024.024024,0.18195145401901605,-14.800889390187823,-1.593253463813227,0.8823465055609525,-1.0872165989351863,-9.616420186329952,0.8823465055609525,-1.0872165989351863,-9.616420186329952,0.18325775053928167,-14.738752972725921,-1.524779980208359
8030030030.03003,0.17622950537891402,-15.07842755406518,-1.6014705509693008,0.8832695704080077,-1.0781346243996295,-9.631370809179465,0.8832695704080077,-1.0781346243996295,-9.631370809179465,0.17758504811189654,-15.011872054465119,-1.5315872921910896
8036036036.036036,0.1704751824166214,-15.36677672334311,-1.6092525028117535,0.8841654107723259,-1.069329580607932,-9.64634794167197,0.8841654107723259,-1.069329580607932,-9.64634794167197,0.17188388887856587,-15.295296579004498,-1.5378693447596277
8042042042.042042,0.16469085286545881,-15.666610428307962,-1.6165477040475917,0.8850331952595086,-1.060808795135835,-9.661350710216038,0.8850331952595086,-1.060808795135835,-9.661350710216038,0.16615705193802485,-15.589624438559559,-1.5435660775874518
8048048048.048048,0.15887905592469043,-15.978666989249257,-1.6232969332291505,0.8858721165801005,-1.0525793562132104,-9.676378213064577,0.8858721165801005,-1.0525793562132104,-9.676378213064577,0.16040754547138103,-15.895504132569533,-1.5486088599491197
8054054054.054054,0.15304252774727903,-16.303757396778174,-1.6294319193361593,0.8866813928946188,-1.0446481031306452,-9.69142952117779,0.8866813928946188,-1.0446481031306452,-9.69142952117779,0.15463864228961335,-16.213639440417467,-1.552918938190357
8060060060.0600605,0.14718423319580096,-16.642774207960407,-1.6348735625118396,0.8874602691329739,-1.037021616895082,-9.706503679139745,0.8874602691329739,-1.037021616895082,-9.706503679139745,0.14885392370564232,-16.544794262165745,-1.5564055443309062
8066066066.066067,0.1413074056935263,-16.996701537614477,-1.6395297266597249,0.8882080182838478,-1.0297062111614894,-9.721599706127616,0.8882080182838478,-1.0297062111614894,-9.721599706127616,0.14305733401989923,-16.889797452354205,-1.558963580561637
8072072072.072072,0.13541559761041244,-17.366626186282655,-1.6432924824695487,0.8889239426496254,-1.022707923467109,-9.736716596932332,0.8889239426496254,-1.022707923467109,-9.736716596932332,0.13725324862264573,-17.249547350352746,-1.560470770725575
8078078078.078078,0.12951274447148817,-17.753749870062396,-1.6460346400269887,0.8896073750625042,-1.0160325067944778,-9.751853323029197,0.8896073750625042,-1.0160325067944778,-9.751853323029197,0.13144655967989022,-17.625015521938526,-1.5607841393983186
8084084084.084084,0.12360324745974569,-18.159402375345305,-1.647605356574595,0.8902576800574735,-1.0096854214887885,-9.767008833696833,0.8902576800574735,-1.0096854214887885,-9.767008833696833,0.12564278467684775,-18.01724893410694,-1.559735640170786
8090090090.09009,0.11769208035687351,-18.58505520753717,-1.6478245318314826,0.8908742549979427,-1.0036718275544698,-9.78218205718266,0.8908742549979427,-1.0036718275544698,-9.78218205718266,0.11984820487362136,-18.427369331783716,-1.5571267053703355
8096096096.096096,0.11178492944595385,-19.03233485915927,-1.6464756031902945,0.8914565311499066,-0.997996577355042,-9.79737190191284,0.8914565311499066,-0.997996577355042,-9.79737190191284,0.11407004316306252,-18.856567882392746,-1.552721428247244
8102102102.102102,0.10588837832397625,-19.5030340569125,-1.643296216291826,0.8920039747006702,-0.9926642087393688,-9.81257725774448,0.8920039747006702,-0.9926642087393688,-9.81257725774448,0.10831669415467783,-19.306092064074168,-1.5462380155438549
8108108108.1081085,0.10001015453866817,-19.99911803275712,-1.6379660605717004,0.8925160877183236,-0.9876789386162261,-9.82779699725774,0.8925160877183236,-0.9876789386162261,-9.82779699725774,0.10259802386391363,-19.77722008141638,-1.5373380670525028
8114114114.114115,0.09415946222344665,-20.522720611205894,-1.6300909104490628,0.8929924090483191,-0.9830446569981494,-9.843029977085209,0.8929924090483191,-0.9830446569981494,-9.843029977085209,0.09692576256644218,-20.27121546964019,-1.525613161713538
8120120120.12012,0.08834743556846804,-21.07612104190544,-1.6191815896775281,0.893432515143733,-0.9787649215338984,-9.85827503927587,0.893432515143733,-0.9787649215338984,-9.85827503927587,0.09131402262633327,-20.78925049934398,-1.5105681883857305
8126126126.126126,0.08258776364945113,-21.661685875185995,-1.6046261831739168,0.893836020826,-0.9748429525476889,-9.873531012690746,0.893836020826,-0.9748429525476889,-9.873531012690746,0.08577998377260615,-21.332280805088427,-1.4916009242748909
8132132132.132132,0.076897560058596,-22.281748800824175,-1.5856534101930007,0.894202579973162,-0.9712816286017147,-9.888796714427166,0.894202579973162,-0.9712816286017147,-9.888796714427166,0.08034480123404893,-21.9008443863288,-1.4679776842126535
8138138138.138138,0.07129858363811638,-22.9383819483372,-1.5612848283615053,0.8945318861329419,-0.9680834825968196,-9.90407095126858,0.8945318861329419,-0.9680834825968196,-9.90407095126858,0.07503480574852775,-22.494744748664537,-1.4388057394078395
8144144144.144144,0.06581896158206973,-23.632979475999885,-1.530273966648934,0.8948236730582206,-0.9652506984246099,-9.919352521156544,0.8948236730582206,-0.9652506984246099,-9.919352521156544,0.06988307351140366,-23.11256005326431,-1.4030052085852411
8150150150.15015,0.06049562132623602,-24.36552116899103,-1.4910328500159165,0.8950777151628166,-0.9627851081822865,-9.934640214681535,0.8950777151628166,-0.9627851081822865,-9.934640214681535,0.06493143520418679,-23.750899952903683,-1.3592872807115102
8156156156.156157,0.05537768640417142,-25.133303847536787,-1.4415535971238396,0.8952938278957456,-0.9606881899599247,-9.949932816589158,0.8952938278957456,-0.9606881899599247,-9.949932816589158,0.060232936169929835,-24.403319315928307,-1.306153549387154
8162162162.162163,0.050531074962872846,-25.928829255707125,-1.3793509972842923,0.8954718680325032,-0.9589610662076281,-9.965229107298196,0.8954718680325032,-0.9589610662076281,-9.965229107298196,0.05585459442207488,-25.0588219478027,-1.2419448261868722
8168168168.168168,0.04604429439557862,-26.736483559521034,-1.301492204334092,0.895611733882201,-0.9576045026884488,-9.9805278644268,0.895611733882201,-0.9576045026884488,-9.9805278644268,0.05187992871852215,-25.70001258590478,-1.1649872861567732
8174174174.174174,0.042034577271981226,-27.52786631565317,-1.20485437744798,0.8957133654097624,-0.9566189080206331,-9.995827864323392,0.8957133654097624,-0.9566189080206331,-9.995827864323392,0.04841003016118449,-26.30129293555985,-1.0739016102337338
8180180180.18018,0.03865142452209596,-28.256689905192612,-1.0868472945917564,0.8957767442727084,-0.9560043338109415,-10.01112788359839,0.8957767442727084,-0.9560043338109415,-10.01112788359839,0.04556095222503378,-26.828144154652378,-0.9681294158777369
8186186186.186186,0.03607100258773803,-28.856835727366587,-0.9468332215505978,0.8958018937724245,-0.9557604753786493,-10.026426700653293,0.8958018937724245,-0.9557604753786493,-10.026426700653293,0.04345445620990785,-27.239313609559275,-0.8486358043127675
8192192192.192192,0.03447203852127811,-29.250660672215325,-0.7880453946130145,0.8957888787201395,-0.9558866730678973,-10.041723097203317,0.8957888787201395,-0.9558866730678973,-10.041723097203317,0.04220019386628343,-27.493711077987506,-0.7185275504170906
8198198198.198198,0.03398985515258915,-29.373013723087432,-0.6187486748694077,0.8957378052181958,-0.9563819141440248,-10.057015859790036,0.8957378052181958,-0.9563819141440248,-10.057015859790036,0.041871951169766886,-27.561536023388985,-0.5830984155779682
8204204204.204205,0.03466630229759201,-29.201849603211944,-0.45078103456571733,0.895648820357541,-0.9572448352674795,-10.07230378128042,0.895648820357541,-0.9572448352674795,-10.07230378128042,0.04248723874746966,-27.434829857242057,-0.44892388361744007
8210210210.210211,0.03643105704104904,-28.770564551865057,-0.2954950254071752,0.8955221118326933,-0.9584737255370639,-10.087585662348761,0.8955221118326933,-0.9584737255370639,-10.087585662348761,0.04400159666190449,-27.130631284424645,-0.32226397541439294
8216216216.216216,0.039130527940748505,-28.149685853022874,-0.16008230583343763,0.8953579074757739,-0.9600665300922661,-10.102860312938041,0.8953579074757739,-0.9600665300922661,-10.102860312938041,0.04632127058081975,-26.684390730573195,-0.2076446745202311
8222222222.222222,0.042580144106503195,-27.415857461733523,-0.04678789781049859,0.8951564747115068,-0.9620208542626849,-10.118126553697364,0.8951564747115068,-0.9620208542626849,-10.118126553697364,0.049326527845551436,-26.138389079603257,-0.10732185365506904
8228228228.228229,0.046606112109213886,-26.63114248970261,0.04560240978529577,0.8949181199354013,-0.9643339682506553,-10.133383217392204,0.8949181199354013,-0.9643339682506553,-10.133383217392204,0.052893954458133614,-25.531879260812733,-0.021603625738180296
8234234234.234234,0.05106455378732644,-25.83760917390096,0.11988778220546314,0.8946431878175996,-0.9670028123317463,-10.148629150284425,0.8946431878175996,-0.9670028123317463,-10.148629150284425,0.05691093434126307,-24.896085685154258,0.050451837700967055
8240240240.24024,0.0558441223565327,-25.060450600458193,0.17919087393536898,0.8943320605351778,-0.97002400255586,-10.163863213478951,0.8943320605351778,-0.97002400255586,-10.163863213478951,0.06128191874121101,-24.253352907432454,0.11038356932829911
8246246246.246246,0.060861296514239153,-24.31317600407157,0.22635891217563783,0.8939851569359156,-0.9733938369304284,-10.17908428423434,0.8939851569359156,-0.9733938369304284,-10.17908428423434,0.06592919022095702,-23.61844516940615,0.15988573288391245
8252252252.252253,0.06605404018488208,-23.602012273680003,0.26377209029085946,0.893602931636794,-0.9771083020657305,-10.194291257234507,0.893602931636794,-0.9771083020657305,-10.194291257234507,0.07079093240250259,-23.0004473489605,0.20056772032739614
8258258258.258259,0.07137615839782717,-22.928936606318967,0.2933414146152822,0.8931858740606987,-0.981163080261025,-10.209483045819136,0.8931858740606987,-0.981163080261025,-10.209483045819136,0.07581843915806137,-22.404503209064405,0.23385146272097285
8264264264.264265,0.07679292404572755,-22.293575909127775,0.3165744077822739,0.8927345074149988,-0.9855535570090292,-10.224658583170381,0.8927345074149988,-0.9855535570090292,-10.224658583170381,0.08097337869027747,-21.833154780011817,0.2609456286247724
8270270270.27027,0.08227788328924172,-21.694337793028726,0.33465376998608726,0.892249387615838,-0.9902748288952655,-10.239816823453703,0.892249387615838,-0.9902748288952655,-10.239816823453703,0.08622546047977914,-21.287289552828575,0.2828566571583801
8276276276.276277,0.08781057856504117,-21.129063227281208,0.34850842593534387,0.8917311021621154,-0.9953217118679197,-10.254956742910881,0.8917311021621154,-0.9953217118679197,-10.254956742910881,0.09155057256148995,-20.766778705122686,0.30041411145646346
8282282282.282282,0.09337493762387261,-20.595393505858492,0.3588714856801068,0.8911802689632794,-1.0006887498528527,-10.27007734090339,0.8911802689632794,-1.0006887498528527,-10.27007734090339,0.09692934300015008,-20.270894619158017,0.31429910803715094
8288288288.288288,0.09895813186641428,-20.090970238428703,0.36632544028302766,0.8905975351251286,-1.0063702236880259,-10.28517764090462,0.8905975351251286,-1.0063702236880259,-10.28517764090462,0.10234604684321591,-19.79857854949384,0.32507086255816636
8294294294.294294,0.10454976191156158,-19.613539037052966,0.37133668980057594,0.8899835756979098,-1.0123601603508392,-10.300256691439483,0.8899835756979098,-1.0123601603508392,-10.300256691439483,0.10778778096935517,-19.348609376373055,0.3331895856877863
8300300300.300301,0.11014127123749871,-19.16099830500742,0.37428171335430405,0.8893390923910454,-1.0186523424515888,-10.31531356697029,0.8893390923910454,-1.0186523424515888,-10.31531356697029,0.11324384162691231,-18.919708125405684,0.3390354523579551
8306306306.306307,0.11572551958315788,-18.731417213004256,0.3754668835752418,0.8886648122588563,-1.0252403179659124,-10.330347368727862,0.8886648122588563,-1.0252403179659124,-10.330347368727862,0.11870525356733107,-18.510601198867253,0.34292398578157296
8312312312.312312,0.12129646915648758,-18.323036818311095,0.37514351185900613,0.8879614863616447,-1.0321174101790003,-10.345357225487199,0.8879614863616447,-1.0321174101790003,-10.345357225487199,0.12416441210265988,-18.120057268722608,0.34511839712889597
8318318318.318318,0.12684895125907525,-17.93426238031988,0.3735193307610974,0.8872298884064875,-1.0392767278142896,-10.360342294287038,0.8872298884064875,-1.0392767278142896,-10.360342294287038,0.1296148093211971,-17.746907494148548,0.3458394346654532
8324324324.324325,0.1323784908279996,-17.563651487287178,0.3707673131977769,0.8864708133720539,-1.0467111753194507,-10.375301761092983,0.8864708133720539,-1.0467111753194507,-10.375301761092983,0.13505082322646383,-17.39005528297438,0.3452732358165592
8330330330.330331,0.13788117312931725,-17.20990060313187,0.36703249393361753,0.8856850761217009,-1.0544134632826758,-10.39023484140398,0.8856850761217009,-1.0544134632826758,-10.39023484140398,0.14046755415463658,-17.04847959046413,0.3435775946177797
8336336336.336336,0.14335354144862977,-16.871831472892005,0.3624372846679252,0.8848735100090187,-1.0623761189526406,-10.405140780802245,0.8848735100090187,-1.0623761189526406,-10.405140780802245,0.1458606969261871,-16.721234313955645,0.3408869779396193
8342342342.342342,0.14879251780699343,-16.548378144194686,0.3570856460943099,0.8840369654799032,-1.070591496835915,-10.420018855446687,0.8840369654799032,-1.070591496835915,-10.420018855446687,0.15122644018154877,-16.407445417295513,0.33731655506688446
8348348348.348349,0.15419534094703194,-16.238574968186764,0.3510663867618455,0.8831763086751194,-1.07905178934611,-10.434868372510339,0.8831763086751194,-1.07905178934611,-10.434868372510339,0.15656138653632892,-16.10630682283016,0.33296544856291926
8354354354.354355,0.1595595173928357,-15.941545718733728,0.34445579017300965,0.8822924200371927,-1.0877490374796697,-10.449688670562203,0.8822924200371927,-1.0877490374796697,-10.449688670562203,0.16186248879017276,-15.817075724003534,0.3279193690690464
8360360360.36036,0.16488278249398278,-15.65649384384104,0.3373197214206586,0.881386192925309,-1.096675141494,-10.464479119894328,0.881386192925309,-1.096675141494,-10.464479119894328,0.16712699859830266,-15.539067723242479,0.3222527610945107
8366366366.366366,0.17016306915752294,-15.382693797067104,0.3297153277531379,0.8804585322417666,-1.1058218715642796,-10.479239122794867,0.8804585322417666,-1.1058218715642796,-10.479239122794867,0.1723524248817788,-15.271652039682033,0.3160305591176132
8372372372.372373,0.17539848254596438,-15.11948336475475,0.32169242013641375,0.8795103530733455,-1.1151808783962136,-10.493968113768153,0.8795103530733455,-1.1151808783962136,-10.493968113768153,0.1775364998967519,-15.014246928329367,0.3093096318034585
8378378378.378379,0.18058727943924513,-14.866256892621877,0.3132946025358365,0.8785425793507712,-1.1247437037730275,-10.508665559702902,0.8785425793507712,-1.1247437037730275,-10.508665559702902,0.1826771513642356,-14.766315386498825,0.30213997547386173
8384384384.384384,0.18572785126767158,-14.62245931401407,0.3045602003943122,0.8775561425292933,-1.1345017910157202,-10.523330959989785,0.8775561425292933,-1.1345017910157202,-10.523330959989785,0.18777247942392136,-14.527361181776481,0.2945657050442152
8390390390.39039,0.19081871005311063,-14.387580886722123,0.2955230282840933,0.8765519802931732,-1.144446495336907,-10.537963846589765,0.8765519802931732,-1.144446495336907,-10.537963846589765,0.19282073744955763,-14.296925209950292,0.28662588060455796
8396396396.396397,0.19585847666793388,-14.16115255273911,0.28621302797894865,0.8755310352867083,-1.1545690940693902,-10.552563784054584,0.8755310352867083,-1.1545690940693902,-10.552563784054584,0.1978203159720467,-14.074582175760021,0.2783552000046883
8402402402.402403,0.20084587095186104,-13.942741843869491,0.27665680152312105,0.8744942538741929,-1.1648607967519273,-10.567130369501047,0.8744942538741929,-1.1648607967519273,-10.567130369501047,0.20276972911658758,-13.859937580351803,0.2697845816937603
8408408408.408408,0.20577970332575313,-13.731949264778232,0.26687805874356113,0.8734425849310302,-1.1753127550556175,-10.58166323254066,0.8734425849310302,-1.1753127550556175,-10.58166323254066,0.2076676030834498,-13.652624994623201,0.26094165727107826
8414414414.414414,0.21065886761785885,-13.528405093292303,0.2568979946830016,0.8723769786680012,-1.1859160725355242,-10.596162035166383,0.8723769786680012,-1.1859160725355242,-10.596162035166383,0.21251266629779697,-13.452303595633188,0.2518511894286973
8420420420.420421,0.21548233487662616,-13.331766545337612,0.24673560934201874,0.8712983854904788,-1.1966618141934164,-10.610626471598243,0.8712983854904788,-1.1966618141934164,-10.610626471598243,0.21730374092890511,-13.25865594291338,0.24253542798013908
8426426426.426427,0.22024914798997156,-13.141715258678751,0.2364079796983943,0.8702077548941931,-1.207541015838477,-10.625056268089665,0.8702077548941931,-1.207541015838477,-10.625056268089665,0.2220397355375109,-13.071385972206897,0.23301441429565872
8432432432.432432,0.22495841696671862,-12.95795505563052,0.22593049206753998,0.8691060343989369,-1.218544693234155,-10.639451182696304,0.8691060343989369,-1.218544693234155,-10.639451182696304,0.22671963865674952,-12.890217185396025,0.2233062425719395
8438438438.438438,0.22960931476394944,-12.780209950174077,0.21531704135892926,0.867994168521404,-1.2296638510204598,-10.653811005009414,0.867994168521404,-1.2296638510204598,-10.653811005009414,0.2313425131484833,-12.714891016941806,0.21342728484644566
8444444444.444445,0.23420107356639325,-12.60822236948388,0.20458020258304105,0.8668730977881719,-1.2408894914020527,-10.668135555855535,0.8668730977881719,-1.2408894914020527,-10.668135555855535,0.23590749120655788,-12.5451653588023,0.20339238544621183
8450450450.450451,0.23873298144162788,-12.441751563841654,0.1937313790025055,0.8657437577896386,-1.2522126225937242,-10.68242468696451,0.8657437577896386,-1.2522126225937242,-10.68242468696451,0.24041376990162475,-12.380813227476775,0.1932150295738073
8456456456.456456,0.24320437930912414,-12.280572182339384,0.18278093054873212,0.8646070782755442,-1.2636242670159508,-10.696678280607792,0.8646070782755442,-1.2636242670159508,-10.696678280607792,0.24486060718143418,-12.221621558413663,0.1829074899330625
8462462462.462462,0.24761465817241193,-12.124472994737507,0.17173828550167938,0.8634639822925397,-1.2751154692342128,-10.710896249208947,0.8634639822925397,-1.2751154692342128,-10.710896249208947,0.24924731825542515,-12.067390114539673,0.17248095464523078
8468468468.468469,0.25196325657297924,-11.973255742390679,0.16061203792391573,0.8623153853640957,-1.2866773036368453,-10.725078534928258,0.8623153853640957,-1.2866773036368453,-10.725078534928258,0.2535732723052074,-11.91793049704354,0.16194563917224788
8474474474.474475,0.2562496582318478,-11.826734103357664,0.14941003292739552,0.8611621947128648,-1.2983008818473605,-10.739225109223476,0.8611621947128648,-1.2983008818473605,-10.739225109223476,0.25783788947238245,-11.773065247823961,0.1513108845267334
8480480480.48048,0.2604733898508729,-11.684732758707622,0.13813944151389346,0.8600053085254943,-1.3099773598678601,-10.753335972388445,0.8600053085254943,-1.3099773598678601,-10.753335972388445,0.26204063808345635,-11.632627034154217,0.1405852436867261
8486486486.486486,0.2646340190507146,-11.547086548674264,0.12680682645204885,0.8588456152597056,-1.3216979449514086,-10.767411153071613,0.8588456152597056,-1.3216979449514086,-10.767411153071613,0.266181032078535,-11.496457907138538,0.12977655783589553
8492492492.492493,0.26873115242649914,-11.413639708723426,0.11541820042538087,0.8576839929933491,-1.3334539022019092,-10.78145070777617,0.8576839929933491,-1.3334539022019092,-10.78145070777617,0.2702586286158788,-11.364408626461364,0.11889202380081818
8498498498.498499,0.27276443370550435,-11.284245176823688,0.10397907749546581,0.856521308814997,-1.3452365609010573,-10.795454720343676,0.856521308814997,-1.3452365609010573,-10.795454720343676,0.2742730258291023,-11.236338044746123,0.10793825385259603
8504504504.504504,0.27673354199387185,-11.15876396427176,0.09249451876720928,0.8553584182555312,-1.3570373205626471,-10.809423301422894,0.8553584182555312,-1.3570373205626471,-10.809423301422894,0.27822386071765776,-11.11211254556755,0.09692132886587951
8510510510.51051,0.28063819010169644,-11.037064583340698,0.08096917301126692,0.854196164760076,-1.3688476567152694,-10.823356587925538,0.854196164760076,-1.3688476567152694,-10.823356587925538,0.28211080715427644,-10.99160552981244,0.08584684568591301
8516516516.516517,0.28447812293759894,-10.91902252582109,0.0694073128889674,0.8530353791995113,-1.380659126415307,-10.837254742470595,0.8530353791995113,-1.380659126415307,-10.837254742470595,0.285933573995807,-10.874696945653193,0.07471995943106316
8522522522.522523,0.288253115965466,-10.80451978721906,0.05781286733208419,0.8518768794207328,-1.3924633734925984,-10.851117952818814,0.8518768794207328,-1.3924633734925984,-10.851117952818814,0.2896919032859831,-10.761272857910175,0.06354542135718955
8528528528.528528,0.291962973717371,-10.693444431978744,0.04618945055266994,0.8507214698347201,-1.4042521335319937,-10.86494643129895,0.8507214698347201,-1.4042521335319937,-10.86494643129895,0.29338556854054704,-10.651225053027938,0.05232761282326938
8534534534.534534,0.29560752835760973,-10.58569019562988,0.034540388091615276,0.8495699410414245,-1.4160172385944123,-10.878740414227163,0.8495699410414245,-1.4160172385944123,-10.878740414227163,0.29701437310661866,-10.544450676291802,0.0410705758241437
8540540540.540541,0.299186638293743,-10.481156120220623,0.022868740259396836,0.8484230694904054,-1.4277506216816662,-10.892500161321054,0.8484230694904054,-1.4277506216816662,-10.892500161321054,0.30057814858956294,-10.440851898263386,0.029778040493718554
8546546546.546547,0.302700186831309,-10.379746219799395,0.011177323274789217,0.8472816171760905,-1.4394443209498338,-10.906225955109706,0.8472816171760905,-1.4394443209498338,-10.906225955109706,0.30407675334153855,-10.340335607732163,0.018453449929409997
8552552552.552552,0.3061480808692806,-10.281369173070198,-0.0005312716329028925,0.8461463313664985,-1.4510904836762566,-10.919918100340958,0.8461463313664985,-1.4510904836762566,-10.919918100340958,0.30751007100698247,-10.242813128754193,0.00709998264229877
8558558558.558558,0.30953024963407316,-10.185938040651026,-0.012254660927219833,0.8450179443642014,-1.4626813699858496,-10.933576923387236,0.8450179443642014,-1.4626813699858496,-10.933576923387236,0.31087800912082775,-10.14819995960325,-0.004279427101345689
8564564564.564565,0.31284664345007906,-10.09337000464682,-0.023990653071999914,0.8438971732982877,-1.4742093563425862,-10.947202771651021,0.8438971732982877,-1.4742093563425862,-10.947202771651021,0.31418049775609397,-10.05641553167391,-0.01568207081413584
8570570570.570571,0.3160972325452527,-10.003586128484391,-0.03573723426694282,0.8427847199460495,-1.485666938812462,-10.96079601297109,0.8427847199460495,-1.485666938812462,-10.96079601297109,0.31741748821782134,-9.967382986578118,-0.027105448994842143
8576576576.576576,0.3192820058903528,-9.916511135176288,-0.047492555456975456,0.8416812705830956,-1.497046736104497,-10.974357035030572,0.8416812705830956,-1.497046736104497,-10.974357035030572,0.32058895178088154,-9.88102896984803,-0.03854725582920478
8582582582.582582,0.3224009700708084,-9.832073202365905,-0.05925492048035131,0.8405874958605835,-1.5083414923965468,-10.987886244767806,0.8405874958605835,-1.5083414923965468,-10.987886244767806,0.32369487846948053,-9.79728343981629,-0.050005365228045044
8588588588.588589,0.32545414819027385,-9.750203772676118,-0.07102277523602094,0.8395040507082533,-1.5195440799528825,-11.001384067790813,0.8395040507082533,-1.5195440799528825,-11.001384067790813,0.3267352758765497,-9.716079490382034,-0.061477818064070995
8594594594.594595,0.3284415788051373,-9.670837378031052,-0.08279469776581981,0.8384315742619353,-1.5306475015407672,-11.014850947796335,0.8384315742619353,-1.5306475015407672,-11.014850947796335,0.3297101680214329,-9.6373531864965,-0.07296281048480592
8600600600.600601,0.3313633148892868,-9.593911476754823,-0.09456938915849729,0.8373706898142074,-1.5416448926533357,-11.028287345994162,0.8373706898142074,-1.5416448926533357,-11.028287345994162,0.33261959424441656,-9.561043411315278,-0.08445868319441507
8606606606.606606,0.33421942282865325,-9.519366302365421,-0.10634566519382299,0.8363220047868959,-1.5525295235460954,-11.041693740537484,0.8363220047868959,-1.5525295235460954,-11.041693740537484,0.33546360813700776,-9.487091724059093,-0.095963911607811
8612612612.612614,0.33700998144493505,-9.447144723091833,-0.1181224486540194,0.8352861107240981,-1.563294801094679,-11.0550706259599,0.8352861107240981,-1.563294801094679,-11.0550706259599,0.3382422765067979,-9.415442227719838,-0.10747709679277584
8618618618.618618,0.339735081048171,-9.377192111230366,-0.12989876223805538,0.8342635833044494,-1.5739342704812236,-11.068418512619683,0.8342635833044494,-1.5739342704812236,-11.068418512619683,0.3409556783759985,-9.346041445825485,-0.11899695712396298
8624624624.624626,0.34239482251772047,-9.30945622154399,-0.14167372202146059,0.8332549823713417,-1.5844416167171127,-11.081737926151925,0.8332549823713417,-1.5844416167171127,-11.081737926151925,0.34360390401281593,-9.278838207549832,-0.13052232058181432
8630630630.63063,0.3449893164112742,-9.243887077982201,-0.1534465314103451,0.8322608519798551,-1.5948106660094463,-11.09502940692887,0.8322608519798551,-1.5948106660094463,-11.09502940692887,0.346187053994804,-9.213783540520714,-0.14205211763613373
8636636636.636637,0.34751868210155157,-9.180436868065872,-0.16521647554416904,0.831281720459152,-1.6050353869789757,-11.108293509529108,0.831281720459152,-1.6050353869789757,-11.108293509529108,0.3487052383036291,-9.150830570732657,-0.1535853746606444
8642642642.642643,0.34998304694041027,-9.119059844340185,-0.17698291610631858,0.8303181004891429,-1.6151098917367972,-11.12153080221578,0.8303181004891429,-1.6151098917367972,-11.12153080221578,0.3511585754503801,-9.089934429031612,-0.1651212078305124
8648648648.64865,0.35238254544991904,-9.059712232357647,-0.1887452865058328,0.8293704891902318,-1.6250284368273706,-11.134741866424266,0.8293704891902318,-1.6250284368273706,-11.134741866424266,0.3535471916310246,-9.031052163676001,-0.17665881745961162
8654654654.654655,0.3547173185401942,-9.002352144695413,-0.2005030873976693,0.8284393682249984,-1.6347854240451358,-11.147927296259622,0.8284393682249984,-1.6347854240451358,-11.147927296259622,0.3558712199112049,-8.974142658532296,-0.1881974827389693
8660660660.66066,0.3569875127535762,-8.946939500560859,-0.21225588251177469,0.8275252039106974,-1.6443754011319593,-11.16108769800395,0.8275252039106974,-1.6443754011319593,-11.16108769800395,0.35813079943997844,-8.919166556492511,-0.1997365568412648
8666666666.666668,0.35919327953486446,-8.89343595057506,-0.22400329476451916,0.8266284473414829,-1.653793062362622,-11.174223689633948,0.8266284473414829,-1.653793062362622,-11.174223689633948,0.3603260746918499,-8.86608618774299,-0.21127546236041128
8672672672.672672,0.36133477452727436,-8.841804806360956,-0.2357450026284837,0.8257495345193192,-1.6630332490251951,-11.187335900348739,0.8257495345193192,-1.6630332490251951,-11.187335900348739,0.3624571947365606,-8.814865502543107,-0.22281368705732849
8678678678.678679,0.3634121568937214,-8.792010974596492,-0.24748073673907467,0.8248888864925399,-1.6720909498033865,-11.200424970108216,0.8248888864925399,-1.6720909498033865,-11.200424970108216,0.36452431253624007,-8.765470008198363,-0.2343507798869537
8684684684.684685,0.365425588663141,-8.744020895219599,-0.259210276718118,0.8240469095010975,-1.6809613010673121,-11.21349154918175,0.8240469095010975,-1.6809613010673121,-11.21349154918175,0.3665275842692183,-8.717866709946216,-0.2458863472826401
8690690690.690691,0.3673752341014524,-8.697802483500654,-0.2709334481969866,0.8232239951275329,-1.6896395870795016,-11.226536297707565,0.8232239951275329,-1.6896395870795016,-11.226536297707565,0.3684671686801568,-8.67202405548825,-0.25742004967745713
8696696696.696697,0.3692612591067913,-8.653325075721575,-0.282650120022953,0.8224205204527713,-1.6981212401223456,-11.239559885262578,0.8224205204527713,-1.6981212401223456,-11.239559885262578,0.3703432264559007,-8.627911882930432,-0.2689515982428394
8702702702.702702,0.37108383062868067,-8.610559378221296,-0.29436020163411314,0.8216368482158646,-1.7064018405532655,-11.252562990442755,0.8216368482158646,-1.7064018405532655,-11.252562990442755,0.37215591962663785,-8.585501371908554,-0.2804807518276783
8708708708.70871,0.3728431161106903,-8.569477419589978,-0.30606364058971813,0.8208733269768379,-1.714477116793682,-11.265546300453991,0.8208733269768379,-1.714477116793682,-11.265546300453991,0.3739054109917771,-8.544764997698357,-0.29200731408158676
8714714714.714714,0.37453928295627253,-8.530052505809078,-0.3177604202434011,0.820130291281848,-1.722342945257533,-11.278510510713232,0.820130291281848,-1.722342945257533,-11.278510510713232,0.3755918635701965,-8.50567648812066,-0.30353113074818705
8720720720.720722,0.3761724980173458,-8.492259178153473,-0.32945055754851893,0.8194080618298746,-1.7299953502251397,-11.291456324460016,0.8194080618298746,-1.7299953502251397,-11.291456324460016,0.37721544007422836,-8.468210783073767,-0.31505208711513194
8726726726.726727,0.3777429271052231,-8.456073173686356,-0.34113410098509184,0.8187069456402293,-1.7374305036677304,-11.30438445237793,0.8187069456402293,-1.7374305036677304,-11.30438445237793,0.37877630240705,-8.432343996532074,-0.3265701056086098
8732732732.732733,0.3792507345235541,-8.421471388189572,-0.35281112859929414,0.8180272362201707,-1.7446447250280581,-11.317295612226218,0.8180272362201707,-1.7446447250280581,-11.317295612226218,0.38027461118294187,-8.398053380867585,-0.33808514352165236
8738738738.738739,0.3806960826227884,-8.388431841388499,-0.364481746146519,0.817369213731978,-1.7516344809620554,-11.330190528480987,0.817369213731978,-1.7516344809620554,-11.330190528480987,0.38171052526993837,-8.365317293361068,-0.34959719086549274
8744744744.744745,0.38207913137586913,-8.356933644337456,-0.3761460853305053,0.8167331451588477,-1.7583963850464839,-11.343069931986067,0.8167331451588477,-1.7583963850464839,-11.343069931986067,0.3830842013544521,-8.334115164779197,-0.36110626833515413
8750750750.750751,0.38340003797470074,-8.326956968846023,-0.3878043021308771,0.8161192844690194,-1.7649271974572582,-11.355934559613159,0.8161192844690194,-1.7649271974572582,-11.355934559613159,0.3843957935274345,-8.304427469904345,-0.37261242538023537
8756756756.756756,0.3846589564470307,-8.298483018834412,-0.3994565752125311,0.815527872777575,-1.7712238246228749,-11.368785153931098,0.815527872777575,-1.7712238246228749,-11.368785153931098,0.3856454528915614,-8.276235699914588,-0.3841157383730506
8762762762.762764,0.38585603729334933,-8.271494003515752,-0.4111031044105134,0.8149591385053745,-1.7772833188572759,-11.381622462883918,0.8149591385053745,-1.7772833188572759,-11.381622462883918,0.3868333271891471,-8.249522336515028,-0.3956163088667689
8768768768.768768,0.38699142714347057,-8.245973112310308,-0.4227441092846391,0.8144132975346341,-1.7831028779762041,-11.394447239477463,0.8144132975346341,-1.7831028779762041,-11.394447239477463,0.387959560450197,-8.224270827736172,-0.40711426193657096
8774774774.774775,0.3880652684323591,-8.221904491406642,-0.43437982773843103,0.8138905533606744,-1.7886798449009538,-11.407260241474315,0.8138905533606744,-1.7886798449009538,-11.407260241474315,0.3890242926603478,-8.200465565314648,-0.41860974459766576
8780780780.78078,0.38907769909489276,-8.199273221889072,-0.446010514697192,0.8133910972394021,-1.7940117072531825,-11.420062231096587,0.8133910972394021,-1.7940117072531825,-11.420062231096587,0.3900276594482181,-8.178091863583555,-0.4301029242938837
8786786786.786787,0.3900288522792274,-8.178065299358149,-0.45763644084072785,0.8129151083301099,-1.7990960969443106,-11.432853974736439,0.8129151083301099,-1.7990960969443106,-11.432853974736439,0.3909697917917583,-8.157135939804558,-0.441593987451775
8792792792.792793,0.3909188560783777,-8.158267614978232,-0.46925789138609647,0.8124627538332158,-1.8039307897627777,-11.445636242673888,0.8124627538332158,-1.8039307897627777,-11.445636242673888,0.39185081574334935,-8.13758489587619,-0.4530831380945443
8798798798.798798,0.39174783327968843,-8.139867937890823,-0.48087516491630394,0.8120341891225813,-1.8085137049622677,-11.45840980880158,0.8120341891225813,-1.8085137049622677,-11.45840980880158,0.39267085217314696,-8.119426701364091,-0.4645705965113247
8804804804.804806,0.39251590113194096,-8.12285489893626,-0.49248857225099674,0.8116295578720806,-1.8128429048538397,-11.471175450356219,0.8116295578720806,-1.8128429048538397,-11.471175450356219,0.3934300165304399,-8.10265017779803,-0.47605659797704836
8810810810.81081,0.39322317112973787,-8.107217975633795,-0.5040984353554788,0.8112489921761102,-1.8169165944046994,-11.483933947656235,0.8112489921761102,-1.8169165944046994,-11.483933947656235,0.3941284186226423,-8.087244984188853,-0.48754139151861947
8816816816.816818,0.39386974881487774,-8.092947478373453,-0.5157050862845081,0.8108926126637648,-1.820733120846124,-11.49668608384548,0.8108926126637648,-1.820733120846124,-11.49668608384548,0.39476616241165363,-8.073201603720614,-0.4990252387233655
8822822822.822823,0.3944557335945153,-8.08003453777588,-0.5273088661574531,0.8105605286064173,-1.8242909732929136,-11.50943264464233,0.8105605286064173,-1.8242909732929136,-11.50943264464233,0.3953433458272277,-8.060511331579585,-0.5105084125858593
8828828828.828829,0.3949812185757541,-8.068471093183945,-0.5389101241618134,0.8102528380184676,-1.8275887823765986,-11.522174418094082,0.8102528380184676,-1.8275887823765986,-11.522174418094082,0.3958600605971618,-8.049166263882366,-0.5219911963893965
8834834834.834835,0.39544629041651036,-8.058249882249916,-0.5505092165818269,0.8099696277510512,-1.8306253198943412,-11.534912194336105,0.8099696277510512,-1.8306253198943412,-11.534912194336105,0.3963163920939904,-8.039159287672,-0.5334738826187471
8840840840.840841,0.39585102919241943,-8.049364431587438,-0.562106505849287,0.8097109735785168,-1.833399498475368,-11.547646765355386,0.8097109735785168,-1.833399498475368,-11.547646765355386,0.3967124191979395,-8.03048407195334,-0.544956771900669
8846846846.846848,0.39619550827951827,-8.041809048462168,-0.5737023596139202,0.8094769402775008,-1.8359103712666205,-11.56037892475817,0.8094769402775008,-1.8359103712666205,-11.56037892475817,0.39704821417600167,-8.023135059740271,-0.5564401719690247
8852852852.852852,0.39647979425260377,-8.03557881349496,-0.5852971498301798,0.8092675816984504,-1.8381571316390775,-11.573109467541144,0.8092675816984504,-1.8381571316390775,-11.573109467541144,0.3973238425768261,-8.017107461094518,-0.5679243966514421
8858858858.85886,0.3967039467990557,-8.030669574357454,-0.5968912518582554,0.8090829408294699,-1.8401391129160318,-11.585839189865968,0.8090829408294699,-1.8401391129160318,-11.585839189865968,0.3975393631413324,-8.012397247134572,-0.5794097648743561
8864864864.864864,0.39686801864795357,-8.027077940442455,-0.608485043576229,0.8089230498523761,-1.8418557881245021,-11.598568888836521,0.8089230498523761,-1.8418557881245021,-11.598568888836521,0.39769482772883374,-8.009001144999203,-0.5908965996836092
8870870870.87087,0.39697205551442344,-8.02480127849244,-0.6200789045012426,0.8087879301908755,-1.8433067697707104,-11.611299362278732,0.8087879301908755,-1.8433067697707104,-11.611299362278732,0.39779028125858024,-8.006916633750523,-0.6023852272777563
8876876876.876877,0.39701609605905613,-8.023837709174902,-0.6316732149168005,0.8086775925507915,-1.8444918096404388,-11.624031408522328,0.8086775925507915,-1.8444918096404388,-11.624031408522328,0.39782576166652656,-8.006141941207103,-0.6138759760511675
8882882882.882883,0.39700017186232334,-8.024186104594499,-0.6432683550039593,0.8085920369522865,-1.8454107986249222,-11.636765826184297,0.8085920369522865,-1.8454107986249222,-11.636765826184297,0.39780129987733165,-8.006676041696222,-0.6253691756442525
8888888888.88889,0.3969243074139163,-8.025846086735175,-0.6548647039737949,0.8085312527540482,-1.8460637665726916,-11.649503413953548,0.8085312527540482,-1.8460637665726916,-11.649503413953548,0.3977169197914378,-8.00851865472092,-0.6368651559980444
8894894894.894894,0.39678852011698523,-8.028818026827336,-0.6664626391987479,0.8084952186694203,-1.8464508821677295,-11.662244970376433,0.8084952186694203,-1.8464508821677295,-11.662244970376433,0.3975726382871579,-8.011670244538763,-0.6483642464103849
8900900900.900902,0.3965928203072028,-8.033103045639416,-0.6780625353403691,0.8084839027744796,-1.8465724528340532,-11.674991293642666,0.8084839027744796,-1.8465724528340532,-11.674991293642666,0.3973684652378407,-8.01613202064914,-0.6598667745911685
8906906906.906906,0.39633721128669364,-8.038703014693628,-0.6896647634708516,0.8084972625080762,-1.8464289246667396,-11.687743181371264,0.8084972625080762,-1.8464289246667396,-11.687743181371264,0.3971044035439896,-8.02190593919316,-0.6713730657135829
8912912912.912914,0.396021689372818,-8.045620558409967,-0.7012696901861106,0.8085352446638824,-1.8460208823891158,-11.700501430396168,0.8085352446638824,-1.8460208823891158,-11.700501430396168,0.3967804491803673,-8.028994705269799,-0.6828834414591172
8918918918.918919,0.395646243961814,-8.053859057185191,-0.7128776767074755,0.8085977853744917,-1.845349049335905,-11.713266836550972,0.8085977853744917,-1.845349049335905,-11.713266836550972,0.39639659125818405,-8.037401776173494,-0.6943982190530228
8924924924.924925,0.3952108576074281,-8.063422651413942,-0.7244890779697835,0.8086848100876496,-1.8444142874617289,-11.726040194452587,0.8086848100876496,-1.8444142874617289,-11.726040194452587,0.3959528121023278,-8.0471313655646,-0.7059177102879006
8930930930.930931,0.39471550611451084,-8.074316246465594,-0.7361042416928703,0.8087962335347044,-1.8432175973743141,-11.738822297283257,0.8087962335347044,-1.8432175973743141,-11.738822297283257,0.39544908734372336,-8.058188448584273,-0.7174422205322663
8936936936.936937,0.39416015864774406,-8.086545518629562,-0.7477235074339645,0.8089319596913855,-1.8417601183915862,-11.75161393657061,0.8089319596913855,-1.8417601183915862,-11.75161393657061,0.39488538602700746,-8.070578767926444,-0.7289720477211873
8942942942.942944,0.3935447778555714,-8.100116922047054,-0.7593472056179441,0.8090918817310345,-1.840043128621661,-11.764415901965345,0.8090918817310345,-1.840043128621661,-11.764415901965345,0.3942616707334423,-8.084308840888486,-0.7405074813261345
8948948948.948948,0.3928693200094547,-8.11503769664963,-0.7709756565428121,0.8092758819704388,-1.8380680450645417,-11.77722898101617,0.8092758819704388,-1.8380680450645417,-11.77722898101617,0.39357789771939167,-8.09938596741681,-0.7520488013008254
8954954954.954956,0.3921337351586647,-8.131315877126411,-0.7826091693569442,0.8094838318084271,-1.835836423734234,-11.790053958941593,0.8094838318084271,-1.835836423734234,-11.790053958941593,0.39283401707035676,-8.115818239174114,-0.7635962769997449
8960960960.96096,0.39133796730069104,-8.148960302948185,-0.7942480410053699,0.809715591657415,-1.8333499597997522,-11.80289161839814,0.809715591657415,-1.8333499597997522,-11.80289161839814,0.39202997287085983,-8.133614549652307,-0.7751501660661655
8966966966.966967,0.39048195456749685,-8.167980629477237,-0.805892555141448,0.8099710108681002,-1.8306104877433873,-11.815742739244783,0.8099710108681002,-1.8306104877433873,-11.815742739244783,0.3911657033902405,-8.152784605363648,-0.786710713286157
8972972972.972973,0.38956562942784945,-8.188387340195572,-0.8175429810005073,0.8102499276475307,-1.827619981534415,-11.828608098302938,0.8102499276475307,-1.827619981534415,-11.828608098302938,0.39024114128467496,-8.173338938141136,-0.7982781494047142
8978978978.97898,0.38858891890589303,-8.210191760089629,-0.829199572231951,0.8105521689707954,-1.8243805548161907,-11.84148846911196,0.8105521689707954,-1.8243805548161907,-11.84148846911196,0.389256213815575,-8.195288918586632,-0.8098526899003252
8984984984.984985,0.38755174481621096,-8.233406070232173,-0.8408625656857406,0.8108775504865962,-1.8208944611045306,-11.854384621679552,0.8108775504865962,-1.8208944611045306,-11.854384621679552,0.38821084308462717,-8.218646770707105,-0.8214345337139539
8990990990.99099,0.38645402401567774,-8.258043323605307,-0.8525321801491376,0.811225876416988,-1.8171640939950309,-11.867297322226836,0.811225876416988,-1.8171640939950309,-11.867297322226836,0.38710494628572195,-8.243425587784122,-0.8330238619279315
8996996996.996998,0.3852956686723009,-8.284117462215564,-0.8642086150296351,0.8115969394516063,-1.81319198737672,-11.880227332927765,0.8115969394516063,-1.81319198737672,-11.880227332927765,0.38593843597406885,-8.269639349525445,-0.8446208363904473
9003003003.003002,0.38407658655136945,-8.311643335554528,-0.8758920489790091,0.8119905206366973,-1.808980815649515,-11.893175411642424,0.8119905206366973,-1.808980815649515,-11.893175411642424,0.3847112203527224,-8.297302940554074,-0.8562255982805342
9009009009.00901,0.3827966813192236,-8.340636720463756,-0.8875826384538565,0.8124063892593246,-1.8045333939424344,-11.90614231164404,0.8124063892593246,-1.8045333939424344,-11.90614231164404,0.3834232035768847,-8.326432170292385,-0.8678382666087369
9015015015.015015,0.38145585286489214,-8.371114342470097,-0.8992805162071361,0.8128443027271166,-1.7998526783296778,-11.919128781339234,0.8128443027271166,-1.7998526783296778,-11.919128781339234,0.38207428607627464,-8.357043794306247,-0.8794589366474493
9021021021.02102,0.3800539976400074,-8.403093898659842,-0.9109857897052023,0.8133040064439717,-1.7949417660412235,-11.93213556398139,0.8133040064439717,-1.7949417660412235,-11.93213556398139,0.38066436489589794,-8.389155537179104,-0.8910876782856115
9027027027.027027,0.3785910090172439,-8.43659408217045,-0.9226985394639434,0.8137852336821426,-1.7898038956646287,-11.9451633973766,0.8137852336821426,-1.7898038956646287,-11.9451633973766,0.3791933340555299,-8.42278611699302,-0.9027245343008518
9033033033.033033,0.3770667776676828,-8.471634608381937,-0.93441881729775,0.814287705451161,-1.784442447334391,-11.958213013582167,0.814287705451161,-1.784442447334391,-11.958213013582167,0.3776610849283193,-8.457955271498342,-0.9143695185426607
9039039039.03904,0.37548119195746676,-8.508236242898494,-0.9461466444740274,0.8148111303640868,-1.7788609429050948,-11.971285138597183,0.8148111303640868,-1.7788609429050948,-11.971285138597183,0.37606750663883315,-8.494683786063145,-0.9260226140190996
9045045045.045044,0.3738341383640426,-8.546420831420471,-0.9578820097656551,0.8153552045015859,-1.7730630461044563,-11.984380492045073,0.8153552045015859,-1.7730630461044563,-11.984380492045073,0.37441248648094083,-8.532993523499913,-0.9376837708789968
9051051051.051052,0.37212550191244087,-8.586211331612125,-0.9696248673931114,0.8159196112743862,-1.7670525626620226,-11.99749978684777,0.8159196112743862,-1.7670525626620226,-11.99749978684777,0.37269591035593197,-8.572907455875523,-0.9493529042812432
9057057057.057056,0.3703551666319368,-8.62763184708241,-0.9813751348471944,0.816504021284669,-1.7608334404093016,-12.010643728891342,0.816504021284669,-1.7608334404093016,-12.010643728891342,0.3709176632312187,-8.614449698421108,-0.9610298921417765
9063063063.063065,0.3685230160335074,-8.670707663604691,-0.9931326905826561,0.8171080921870005,-1.7544097693467613,-12.023813016682906,0.8171080921870005,-1.7544097693467613,-12.023813016682906,0.36907762962009544,-8.65764554566559,-0.9727145727481338
9069069069.069069,0.3666289336084457,-8.71546528771355,-1.0048973715720282,0.8177314685494249,-1.7477857816730404,-12.0370083409985,0.8177314685494249,-1.7477857816730404,-12.0370083409985,0.3671756940829411,-8.70252150992972,-0.9844067422304659
9075075075.075075,0.36467280334859886,-8.761932487826584,-1.0166689707081191,0.8183737817153813,-1.7409658517714726,-12.050230384521981,0.8183737817153813,-1.7409658517714726,-12.050230384521981,0.3652117417502303,-8.7491053623299,-0.9961061518774181
9081081081.081081,0.36265451028857365,-8.810138338054974,-1.0284472340424196,0.8190346496671277,-1.7339544961489215,-12.063479821474555,0.8190346496671277,-1.7339544961489215,-12.063479821474555,0.36318565886792864,-8.797426176449079,-1.007812505283171
9087087087.087088,0.36057394107038393,-8.860113264877963,-1.040231857845699,0.8197136768913941,-1.7267563733216669,-12.076757317235032,0.8197136768913941,-1.7267563733216669,-12.076757317235032,0.36109733336554184,-8.847514374853477,-1.0195254553120063
9093093093.093094,0.35843098453096645,-8.911889096873066,-1.052022485475507,0.8204104542480118,-1.7193762836429896,-12.09006352795054,0.8204104542480118,-1.7193762836429896,-12.09006352795054,0.35894665544740695,-8.899401778641735,-1.0312446008642027
9099099099.099098,0.3562255323129343,-8.965499117712394,-1.0638187040339837,0.8211245588423072,-1.7118191690668236,-12.103399100137771,0.8211245588423072,-1.7118191690668236,-12.103399100137771,0.35673351820759475,-8.953121660235288,-1.042969483426332
9105105105.105106,0.3539574794991189,-9.020978122649822,-1.0756200407977818,0.821855553902064,-1.704090112841825,-12.116764670274673,0.821855553902064,-1.704090112841825,-12.116764670274673,0.35445781826896766,-9.008708799633045,-1.0546995833872423
9111111111.11111,0.351626725271244,-9.078362478749264,-1.0874259593998077,0.8226029886599061,-1.6961943391299292,-12.13016086438246,0.8226029886599061,-1.6961943391299292,-12.13016086438246,0.3521194564468028,-9.066199544377005,-1.0664343160983853
9117117117.117117,0.3492331735932755,-9.137690189122111,-1.0992358557408064,0.8233663982419741,-1.6881372125433476,-12.143588297598221,0.8233663982419741,-1.6881372125433476,-12.143588297598221,0.34971833843754474,-9.125631873494012,-1.0781730276564594
9123123123.123123,0.3467767339198729,-9.199000961469544,-1.111049053606188,0.8241453035638006,-1.6799242375938648,-12.157047573737895,0.8241453035638006,-1.6799242375938648,-12.157047573737895,0.3472543755331243,-9.187045465706479,-1.0899149903823788
9129129129.12913,0.344257321930485,-9.262336281249953,-1.1228647999611023,0.824939211234326,-1.67156105804805,-12.170539284849898,0.824939211234326,-1.67156105804805,-12.170539284849898,0.3447274853614943,-9.250481772226593,-1.1016593979690592
9135135135.135136,0.34167486028952543,-9.327739489824506,-1.1346822598938364,0.8257476134690181,-1.6630534561819854,-12.184064010759485,0.8257476134690181,-1.6630534561819854,-12.184064010759485,0.3421375926537756,-9.315984094484657,-1.1134053602671277
9141141141.14114,0.3390292794332526,-9.39525586796252,-1.146500511174253,0.826569988013091,-1.6544073519289317,-12.197622318603912,0.826569988013091,-1.6544073519289317,-12.197622318603912,0.33948463003877216,-9.383597667165988,-1.1251518976741106
9147147147.147148,0.336320518383841,-9.464932725128605,-1.1583185383905172,0.82740579807585,-1.645628801913237,-12.21121476235879,0.82740579807585,-1.645628801913237,-12.21121476235879,0.3367685388652801,-9.453369746975381,-1.1368979350894552
9153153153.153152,0.3335485255912925,-9.53681949501021,-1.1701352266229506,0.8282544922772096,-1.6367239983637556,-12.22484188235562,0.8282544922772096,-1.6367239983637556,-12.22484188235562,0.33398927005310447,-9.525349707575979,-1.1486422953926048
9159159159.15916,0.33071325980379884,-9.610967837790415,-1.181949354609509,0.8291155046074655,-1.6276992678998665,-12.238504204791123,0.8291155046074655,-1.6276992678998665,-12.238504204791123,0.33114678497318945,-9.599589141206785,-1.1603836923976678
9165165165.165165,0.32781469096728516,-9.687431749717984,-1.1937595873516371,0.8299882544014036,-1.6185610701833586,-12.252202241228325,0.8299882544014036,-1.6185610701833586,-12.252202241228325,0.3282410563578987,-9.676141967516264,-1.1721207232315705
9171171171.171171,0.3248528011548477,-9.766267680582787,-1.2055644681038586,0.830872146327896,-1.6093159964289012,-12.265936488090162,0.830872146327896,-1.6093159964289012,-12.265936488090162,0.32527206924211,-9.755064550213804,-1.183851860077407
9177177177.177177,0.32182758552698926,-9.847534659762003,-1.2173624096829674,0.8317665703960805,-1.599970767766583,-12.279707426145663,0.8317665703960805,-1.599970767766583,-12.279707426145663,0.3222398219361879,-9.836415822191412,-1.1955754412171173
9183183183.183184,0.3187390533235213,-9.931294431572336,-1.2291516850255928,0.8326709019793257,-1.5905322334490324,-12.29351551998952,0.8326709019793257,-1.5905322334490324,-12.29351551998952,0.3191443270317586,-9.92025741983942,-1.2072896612999382
9189189189.18919,0.3155872288882402,-10.017611600734552,-1.2409304169135973,0.8335845018581126,-1.581007368896551,-12.307361217515325,0.8335845018581126,-1.581007368896551,-12.307361217515325,0.3159856124415115,-10.00665382734777,-1.218992560753814
9195195195.195194,0.3123721527275458,-10.106553788840941,-1.2526965667770185,0.8345067162830333,-1.5714032735731187,-12.321244949383193,0.8345067162830333,-1.5714032735731187,-12.321244949383193,0.31276372247441453,-10.095672531864242,-1.2306820142469364
9201201201.201202,0.30909388260435827,-10.198191802807731,-1.2644479224726823,0.8354368770590943,-1.5617271686863825,-12.33516712848241,0.8354368770590943,-1.5617271686863825,-12.33516712848241,0.30947871894766316,-10.187384190477225,-1.2423557180944125
9207207207.207207,0.30575249466894144,-10.2925998163954,-1.2761820849233556,0.8363743016524978,-1.5519863947050327,-12.349128149389657,0.8363743016524978,-1.5519863947050327,-12.349128149389657,0.30613068233733964,-10.281862810078126,-1.2540111764917337
9213213213.213213,0.3023480846283426,-10.389855565997994,-1.2878964534874893,0.8373182933211173,-1.5421884086866218,-12.3631283878238,0.8373182933211173,-1.5421884086866218,-12.3631283878238,0.3027197129695152,-10.379185941283176,-1.2656456864414096
9219219219.21922,0.29888076895668325,-10.490040562023651,-1.299588209911805,0.8382681412698284,-1.5323407814095535,-12.377168200097817,0.8382681412698284,-1.5323407814095535,-12.377168200097817,0.2992459322543349,-10.479434887704421,-1.2772563212208847
9225225225.225225,0.2953506861485991,-10.593240317339232,-1.3112543006994728,0.8392231208318861,-1.522451194302739,-12.391247922568883,0.8392231208318861,-1.522451194302739,-12.391247922568883,0.2957094839655844,-10.582694932009284,-1.2888399122196479
9231231231.231232,0.29175799801879476,-10.699544594404646,-1.3228914177032367,0.8401824936775026,-1.5125274361668384,-12.405367871087456,0.8401824936775026,-1.5125274361668384,-12.405367871087456,0.2921105355689362,-10.68905558035519,-1.3003930289498753
9237237237.237236,0.28810289105099607,-10.809047672906507,-1.3344959767261861,0.8411455080507687,-1.502577399681182,-12.419528340446394,0.8411455080507687,-1.502577399681182,-12.419528340446394,0.28844927960250477,-10.798610826961127,-1.3119119570071909
9243243243.243244,0.2843855778002183,-10.921848639900356,-1.3460640938821327,0.8421113990360372,-1.4926090776907053,-12.433729603831171,0.8421113990360372,-1.4926090776907053,-12.433729603831171,0.28472593511402466,-10.911459440769423,-1.3233926737268287
9249249249.249249,0.2806062983530532,-11.038051704693606,-1.3575915594312324,0.8430793888548407,-1.4826305592677143,-12.447971912272159,0.8430793888548407,-1.4826305592677143,-12.447971912272159,0.28094074915960704,-11.027705276370463,-1.3348308212433417
9255255255.255257,0.276765321851297,-11.1577665409611,-1.3690738087649457,0.8440486871944071,-1.4726500255433432,-12.462255494100358,0.8440486871944071,-1.4726500255433432,-12.462255494100358,0.27709399836998805,-11.147457611603542,-1.3462216766193267
9261261261.261261,0.2728629480855106,-11.281108658861609,-1.3805058901653586,0.8450184915687583,-1.4626757453042871,-12.476580554407583,0.8450184915687583,-1.4626757453042871,-12.476580554407583,0.2731859905912776,-11.270831514517576,-1.357560118658395
9267267267.267267,0.2688995091659492,-11.408199810254263,-1.3918824289064962,0.8459879877133498,-1.4527160703506057,-12.490947274512552,0.8459879877133498,-1.4527160703506057,-12.490947274512552,0.26921706660834416,-11.397948242684134,-1.3688405909591577
9273273273.273273,0.2648753712800497,-11.539168430463844,-1.4031975871985292,0.8469563500141398,-1.4427794306109476,-12.505355811434102,0.8469563500141398,-1.4427794306109476,-12.505355811434102,0.26518760196060565,-11.52893567819288,-1.380057060698196
9279279279.27928,0.2607909365470101,-11.674150120460219,-1.4144450193959273,0.8479227419719154,-1.4328743290120258,-12.519806297372977,0.8479227419719154,-1.4328743290120258,-12.519806297372977,0.26109800886163204,-11.663928802047675,-1.3912029725495412
9285285285.285286,0.2566466449822317,-11.813288173766857,-1.4256178217982205,0.8488863167026264,-1.423009336099751,-12.534298839203629,0.8488863167026264,-1.423009336099751,-12.534298839203629,0.2569487382362328,-11.803070212106775,-1.402271197052062
9291291291.29129,0.2524429765866706,-11.95673415293172,-1.4367084762609177,0.8498462174743985,-1.4131930844100162,-12.548833517977542,0.8498462174743985,-1.4131930844100162,-12.548833517977542,0.2527402818911143,-11.946510689196526,-1.4132539726247115
9297297297.297298,0.2481804535790289,-12.10464852097207,-1.4477087867034057,0.8508015782818086,-1.4034342625877572,-12.563410388439568,0.8508015782818086,-1.4034342625877572,-12.563410388439568,0.2484731748383463,-12.094409816562901,-1.4241428402947078
9303303303.303303,0.24385964279223588,-12.25720133385272,-1.458609807444617,0.851751524457907,-1.393741609253606,-12.57802947855891,0.851751524457907,-1.393741609253606,-12.57802947855891,0.24414799779446966,-12.246936658428933,-1.434928570045786
9309309309.309309,0.23948115825968314,-12.414573000791583,-1.4694017621112652,0.8526951733243722,-1.3841239066181248,-12.59269078907644,0.8526951733243722,-1.3841239066181248,-12.59269078907644,0.2397653798824733,-12.40427050409621,-1.4456010775032675
9315315315.315315,0.23504566402193142,-12.576955119994707,-1.480073951639745,0.8536316348800604,-1.3745899738444691,-12.607394293069838,0.8536316348800604,-1.3745899738444691,-12.607394293069838,0.23532600156934574,-12.566601684766026,-1.4561493294461625
9321321321.321321,0.2305538771903855,-12.74455139834442,-1.490614649625478,0.8545600125281065,-1.365148660161006,-12.622139935538502,0.8545600125281065,-1.365148660161006,-12.622139935538502,0.2308305978779999,-12.734132471088444,-1.4665612363640292
9327327327.327328,0.2260065713121887,-12.917578664562372,-1.5010109829495657,0.8554794038415942,-1.3558088377263213,-12.636927633009758,0.8554794038415942,-1.3558088377263213,-12.636927633009758,0.22627996192068625,-12.907078060329336,-1.4768235299474504
9333333333.333332,0.22140458008927502,-13.09626798649689,-1.5112487952214653,0.8563889013676798,-1.3465793942499498,-12.651757273168213,0.8563889013676798,-1.3465793942499498,-12.651757273168213,0.22167494881000507,-13.08566766304185,-1.4869216230049067
9339339339.33934,0.216748801515794,-13.280865904395256,-1.5213124901016923,0.8572875934699206,-1.3374692253729468,-12.666628714510079,0.8572875934699206,-1.3374692253729468,-12.666628714510079,0.2170164800157759,-13.270145700158285,-1.4968394488167183
9345345345.345345,0.21204020251156894,-13.47163579334394,-1.5311848509883543,0.8581745652083913,-1.328487226813554,-12.681541786024056,0.8581745652083913,-1.328487226813554,-12.681541786024056,0.21230554824990272,-13.46077312253668,-1.5065592763509275
9351351351.351353,0.20727982414595142,-13.668859369460005,-1.5408468328437377,0.8590488992570445,-1.3196422862839041,-12.69649628690088,0.8590488992570445,-1.3196422862839041,-12.69649628690088,0.20754322297925606,-13.657828866115462,-1.5160614970502042
9357357357.357357,0.20246878756722794,-13.872838355861319,-1.5502773210654817,0.8599096768575739,-1.3109432751850425,-12.711491986272982,0.8599096768575739,-1.3109432751850425,-12.711491986272982,0.2027306566882788,-13.861611456940393,-1.5253243780196408
9363363363.363363,0.1976083007783462,-14.083896325887412,-1.5594528512339592,0.8607559788089092,-1.3023990400882057,-12.726528622986315,0.8607559788089092,-1.3023990400882057,-12.726528622986315,0.19786909204007705,-14.072440781335718,-1.5343237753654253
9369369369.36937,0.19269966643198919,-14.302380742373227,-1.5683472822378344,0.8615868864912671,-1.2940183940116468,-12.741605905405953,0.8615868864912671,-1.2940183940116468,-12.741605905405953,0.1929598701185714,-14.290660037275504,-1.543032800096859
9375375375.375376,0.18774429085834426,-14.528665212858416,-1.5769314136267745,0.8624014829235359,-1.2858101075030608,-12.75672351125727,0.8624014829235359,-1.2858101075030608,-12.75672351125727,0.18800443997656607,-14.51663788339097,-1.5514214273471862
9381381381.381382,0.18274369458989076,-14.763151981197842,-1.5851725359769628,0.8631988538525658,-1.2777828995389804,-12.771881087504385,0.8631988538525658,-1.2777828995389804,-12.771881087504385,0.1830043697680872,-14.750770801729125,-1.559456037603568
9387387387.387386,0.17769952471208025,-15.006274675767566,-1.593033900468453,0.8639780888727796,-1.269945428253338,-12.787078250267555,0.8639780888727796,-1.269945428253338,-12.787078250267555,0.17796135981078484,-14.993485688951424,-1.5670988760544318
9393393393.393394,0.17261356945131598,-15.258501332765196,-1.600474090616106,0.8647382825743211,-1.2623062815086001,-12.802314584781175,0.8647382825743211,-1.2623062815086001,-12.802314584781175,0.17287725801029982,-15.24524268747085,-1.5743074129226902
9399399399.399399,0.16748777551724128,-15.52033770915732,-1.6074462749807465,0.8654785357177733,-1.2548739673239337,-12.817589645393785,0.8654785357177733,-1.2548739673239337,-12.817589645393785,0.16775407818874255,-15.506538262125664,-1.5810335835698273
9405405405.405407,0.16232426885271045,-15.792330892338187,-1.6138973144632465,0.8661979564333141,-1.2476569041757581,-12.832902955611834,0.8661979564333141,-1.2476569041757581,-12.832902955611834,0.16259402200112358,-15.777908517969513,-1.5872228819970509
9411411411.411411,0.15712537962189696,-16.075073200599157,-1.619766691132516,0.8668956614419764,-1.2406634111872088,-12.848254008188334,0.8668956614419764,-1.2406634111872088,-12.848254008188334,0.15739950530727154,-16.05993273847934,-1.5928132748235548
9417417417.417418,0.1518936724978601,-16.36920634716825,-1.6249852170369072,0.8675707772965099,-1.2339016982240103,-12.863642265258028,0.8675707772965099,-1.2339016982240103,-12.863642265258028,0.15217319010587865,-16.35323709778514,-1.5977338945039605
9423423423.423424,0.14663198361473723,-16.67542580639537,-1.6294734705551657,0.8682224416391753,-1.2273798559151026,-12.879067158519991,0.8682224416391753,-1.2273798559151026,-12.879067158519991,0.14691802345056434,-16.658498460644232,-1.601903459945375
9429429429.42943,0.14134346595081,-16.994485266955458,-1.6331398938551334,0.8688498044736183,-1.22110584561747,-12.894528089469077,0.8688498044736183,-1.22110584561747,-12.894528089469077,0.1416372851804372,-16.976448122669225,-1.6052283591703613
9435435435.435436,0.1360316454427031,-17.327200973414655,-1.6358784670543152,0.8694520294478261,-1.2150874893453245,-12.910024429677025,0.8694520294478261,-1.2150874893453245,-12.910024429677025,0.1363346468445304,-17.30787524995544,-1.6076003114500017
9441441441.44144,0.13070049084538138,-17.67445562849006,-1.6375658515993288,0.8700282951450017,-1.209332459684778,-12.92555552112424,0.8700282951450017,-1.209332459684778,-12.92555552112424,0.13101424492771882,-17.65362963540862,-1.6088935044473052
9447447447.447449,0.12535450131394854,-18.03720132973398,-1.638057865862279,0.8705777963790622,-1.2038482697157398,-12.941120676582994,0.8705777963790622,-1.2038482697157398,-12.941120676582994,0.12568077246094336,-18.014623173859714,-1.6089610742769602
9453453453.453453,0.11999881698399933,-18.41646070902311,-1.637185118473497,0.8710997454913115,-1.1986422629637268,-12.956719180052527,0.8710997454913115,-1.1986422629637268,-12.956719180052527,0.12033959440949868,-18.39182913161112,-1.6076307618884453
9459459459.45946,0.11463935959371978,-18.813324973793183,-1.6347475779966,0.8715933736447474,-1.1937216034045934,-12.97235028724683,0.8715933736447474,-1.1937216034045934,-12.97235028724683,0.11499689400022693,-18.786277790628432,-1.604699536971018
9465465465.465466,0.10928301259741528,-19.22894682661838,-1.6305078002742222,0.8720579321123283,-1.1890932655459983,-12.988013226135047,0.8720579321123283,-1.1890932655459983,-12.988013226135047,0.10965985953486228,-19.199046294944115,-1.5999269307358122
9471471471.471472,0.10393785349866096,-19.664525127464035,-1.6241824679544246,0.8724926935554435,-1.1847640246097937,-13.003707197535041,0.8724926935554435,-1.1847640246097937,-13.003707197535041,0.10433692445130704,-19.631239383231698,-1.5930267638387512
9477477477.477478,0.09861345558508744,-20.1212764501297,-1.6154318254496716,0.8728969532887523,-1.1807404468398983,-13.019431375759801,0.8728969532887523,-1.1807404468398983,-13.019431375759801,0.09903807770135241,-20.08395595529118,-1.5836569029053493
9483483483.483482,0.09332128224128895,-20.60038605198265,-1.6038465314978962,0.8732700305274979,-1.177028879960488,-13.035184909316747,0.8732700305274979,-1.177028879960488,-13.035184909316747,0.0937752672033881,-20.558233793922472,-1.5714066468612842
9489489489.48949,0.08807520493482009,-21.10292675244153,-1.588931435200653,0.8736112696133509,-1.1736354438095888,-13.050966921659484,0.8736112696133509,-1.1736354438095888,-13.050966921659484,0.0885629264556993,-21.054960823037643,-1.555781372373007
9495495495.495495,0.08289218605163647,-21.629728137993382,-1.570085884942015,0.8739200412148171,-1.1705660211732147,-13.066776511991378,0.8739200412148171,-1.1705660211732147,-13.066776511991378,0.08341866337140955,-21.574735463879943,-1.5361842378208783
9501501501.501503,0.07779317968075214,-22.181169540117395,-1.546580557020515,0.8741957434982454,-1.1678262488450697,-13.08261275612055,0.8741957434982454,-1.1678262488450697,-13.08261275612055,0.07836416031761256,-22.11765031137653,-1.5118952175906288
9507507507.507507,0.07280431534539547,-22.756857557929145,-1.5175317444249088,0.8744378032654724,-1.1654215089368478,-13.09847470736498,0.8744378032654724,-1.1654215089368478,-13.09847470736498,0.07342634273761621,-22.68296205695979,-1.4820488141624124
9513513513.513514,0.06795843596662368,-23.355132495671707,-1.4818761393260638,0.87464567705419,-1.1633569204637817,-13.114361397507043,0.87464567705419,-1.1633569204637817,-13.114361397507043,0.06863887417973052,-23.268596968670824,-1.4456140094949101
9519519519.51952,0.06329704832653762,-23.97233083137023,-1.4383533487963431,0.8748188521971643,-1.161637331229827,-13.130271837795863,0.8748188521971643,-1.161637331229827,-13.130271837795863,0.06404401350378378,-23.87042919154169,-1.4013842384600126
9525525525.525526,0.058872682183670116,-24.601723553832354,-1.3855111636248716,0.8749568478365224,-1.1602673100362983,-13.146205019996323,0.8749568478365224,-1.1602673100362983,-13.146205019996323,0.059694795895757394,-24.481270567452697,-1.3479925743151242
9531531531.531532,0.05475148564571025,-25.232081840631654,-1.3217614934146298,0.8750592158894218,-1.1592511392371925,-13.162159917482935,0.8750592158894218,-1.1592511392371925,-13.162159917482935,0.0556573200920664,-25.089554176801055,-1.2839788233085425
9537537537.537537,0.05101551778748312,-25.84595402141373,-1.2455324398411178,0.8751255419615248,-1.1585928076637921,-13.17813548637682,0.8751255419615248,-1.1585928076637921,-13.17813548637682,0.052012563614351796,-25.67783480063167,-1.207949334142152
9543543543.543545,0.04776354052809594,-26.41806976201918,-1.1555758923137762,0.8751554462048591,-1.1582960039401697,-13.194130666723828,0.8751554462048591,-1.1582960039401697,-13.194130666723828,0.048856547531721216,-26.221544517574443,-1.1188778846213474
9549549549.54955,0.04510821536852169,-26.914887094017836,-1.0514736101892805,0.8751485841167927,-1.1583641102103932,-13.210144383711615,0.8751485841167927,-1.1583641102103932,-13.210144383711615,0.04629694009406873,-26.688954237600186,-1.016572536721162
9555555555.555555,0.04316703590741229,-27.29695542865827,-0.9342893265065491,0.875104647277038,-1.1588001962971268,-13.226175548923484,0.875104647277038,-1.1588001962971268,-13.226175548923484,0.04444388760748225,-27.043759186957974,-0.902240984865069
9561561561.561562,0.04204545550845868,-27.525618762722882,-0.8071131734927423,0.875023364019799,-1.159607014310153,-13.24222306162639,0.875023364019799,-1.159607014310153,-13.24222306162639,0.043394161721859795,-27.251373936265225,-0.7789176418612975
9567567567.567568,0.04181489317021786,-27.57338016849338,-0.6750551474622035,0.874904500038395,-1.1607869937221145,-13.258285810090602,0.874904500038395,-1.1607869937221145,-13.258285810090602,0.04321152257717705,-27.288008617206792,-0.6513844002180527
9573573573.573574,0.04249414247620612,-27.433418606326512,-0.5443725127412031,0.874747858919927,-1.1623422369273892,-13.274362672938329,0.874747858919927,-1.1623422369273892,-13.274362672938329,0.04391087392604625,-27.148558387275674,-0.5253623674609642
9579579579.579578,0.04404425280175475,-27.122215065957327,-0.4209931670492528,0.8745532826078026,-1.1642745152986114,-13.290452520518325,0.8745532826078026,-1.1642745152986114,-13.290452520518325,0.04545448297343655,-26.84846555594069,-0.40623135530465404
9585585585.585587,0.04637998472717876,-26.67338797420344,-0.3092199394791601,0.8743206517902045,-1.1665852657537987,-13.306554216303711,0.8743206517902045,-1.1665852657537987,-13.306554216303711,0.04776243724336349,-26.418270398739146,-0.2979269304757749
9591591591.59159,0.049390966291345755,-26.12704954322206,-0.21123645540252614,0.874049886212863,-1.1692755878454346,-13.322666618309675,0.874049886212863,-1.1692755878454346,-13.322666618309675,0.050731396116848106,-25.89446371659291,-0.20251121984726225
9597597597.597599,0.05296219509719137,-25.520680464251825,-0.1273927935035711,0.8737409449147744,-1.1723462413813088,-13.33878858052829,0.8737409449147744,-1.1723462413813088,-13.33878858052829,0.05425292521546687,-25.31153681016521,-0.12040076724610373
9603603603.603603,0.05698768088489428,-24.884380325828396,-0.056842319402326855,0.8733938263858195,-1.1757976445850307,-13.354918954376783,0.8733938263858195,-1.1757976445850307,-13.354918954376783,0.058226047471893916,-24.69765379749841,-0.05090597188639025
9609609609.60961,0.06137666141327908,-24.239934774657414,0.0018512554846657216,0.8730085686455237,-1.179629872802563,-13.371056590156442,0.8730085686455237,-1.179629872802563,-13.371056590156442,0.06256330855608672,-24.073605848050757,0.007236735199722502
9615615615.615616,0.06605468673745082,-23.601927254553893,0.050294027299248166,0.8725852492425271,-1.1838426577591545,-13.387200338518436,0.8725852492425271,-1.1838426577591545,-13.387200338518436,0.06719217717446009,-23.453625731699784,0.05548300652812195
9621621621.621622,0.07096208631908986,-22.979472490485865,0.09002802857772906,0.8721239851746289,-1.188435387369431,-13.403349051933496,0.8721239851746289,-1.188435387369431,-13.403349051933496,0.07205393231447185,-22.846846255119306,0.09525811916858923
9627627627.627628,0.07605151953215443,-22.377842083807572,0.12242689039511168,0.8716249327296017,-1.193407106101358,-13.419501586161964,0.8716249327296017,-1.193407106101358,-13.419501586161964,0.07710157187731341,-22.25873535709119,0.12785085029820506
9633633633.633633,0.08128549293010094,-21.799739125654934,0.14866598712853313,0.8710882872472707,-1.1987565158931646,-13.43565680172091,0.8710882872472707,-1.1987565158931646,-13.43565680172091,0.08229758584247307,-21.692258088141042,0.15437732755933034
9639639639.63964,0.08663420194200283,-21.246212417787156,0.1697294048942989,0.8705142828036704,-1.2044819776203508,-13.451813565344944,0.8705142828036704,-1.2044819776203508,-13.451813565344944,0.08761196397281378,-21.14873168198251,0.1757813443409999
9645645645.645645,0.09207378444720332,-20.71728011931855,0.1864320060558248,0.8699031918184023,-1.2105815131081017,-13.467970751437427,0.8699031918184023,-1.2105815131081017,-13.467970751437427,0.09302055048096006,-20.62842189461175,0.19285089078694695
9651651651.651651,0.09758495837233085,-20.21234237603608,0.19944543429571526,0.8692553245865963,-1.21705280768281,-13.484127243508917,0.8692553245865963,-1.21705280768281,-13.484127243508917,0.09850374014121528,-20.130945584595267,0.20624000188188693
9657657657.657658,0.1031519782311042,-19.73044877570428,0.2093229562235725,0.8685710287371948,-1.2238932132544165,-13.500281935599471,0.8685710287371948,-1.2238932132544165,-13.500281935599471,0.10404546694859684,-19.655536727518136,0.21649063369722954
9663663663.663664,0.10876184236742725,-19.270468886120618,0.2165211892766296,0.8678506886195336,-1.2310997519198261,-13.516433733681925,0.8678506886195336,-1.2310997519198261,-13.516433733681925,0.10963242773098161,-19.201219372942383,0.22405233434129163
9669669669.66967,0.11440369183275075,-18.83119921073378,0.2214182811378587,0.8670947246204763,-1.238669120075855,-13.5325815570429,0.8670947246204763,-1.238669120075855,-13.5325815570429,0.11525348829113609,-18.766918425462062,0.22929901811498268
9675675675.675674,0.12006835375513568,-18.41142887784928,0.2243287632074818,0.866303592414603,-1.2465976930286962,-13.548724339638788,0.866303592414603,-1.2465976930286962,-13.548724339638788,0.12089922895299418,-18.351529377743656,0.23254286662159349
9681681681.681683,0.12574799305487172,-18.009978751627592,0.22551553497581553,0.865477782150189,-1.2548815300854022,-13.564861031423847,0.865477782150189,-1.2548815300854022,-13.564861031423847,0.12656159574014594,-17.953961161003356,0.23404567029539697
9687687687.687687,0.1314358453534383,-17.62572354541501,0.22519947549954178,0.8646178175739471,-1.2635163801113118,-13.58099059964764,0.8646178175739471,-1.2635163801113118,-13.58099059964764,0.1322336314076181,-17.573161505600257,0.23402800680532757
9693693693.693695,0.13712601087383333,-17.257603156941254,0.22356713659257274,0.8637242550976719,-1.2724976875363758,-13.597112030119462,0.8637242550976719,-1.2724976875363758,-13.597112030119462,0.13790926690329922,-17.208131002843047,0.23267664285604653
9699699699.6997,0.14281329435210974,-16.904627252454453,0.2207769041794017,0.8627976828101536,-1.2818205987916866,-13.613224328437145,0.8627976828101536,-1.2818205987916866,-13.613224328437145,0.1435831587065315,-16.85792993582281,0.23015049978859098
9705705705.705706,0.14849307984660656,-16.565875701946943,0.2169639438241717,0.8618387194378487,-1.2914799691567767,-13.629326521178232,0.8618387194378487,-1.2914799691567767,-13.629326521178232,0.14925056115404764,-16.521680546598567,0.22658546797261994
9711711711.711712,0.1541612321754136,-16.240496542448504,0.21224418340635057,0.8608480132579684,-1.3014703699969723,-13.645417657051176,0.8608480132579684,-1.3014703699969723,-13.645417657051176,0.15490722559063824,-16.19856648523482,0.22209830206953968
9717717717.717718,0.1598140188015289,-15.927702545358148,0.2067175330953176,0.8598262409677397,-1.3117860963694004,-13.661496808004902,0.8598262409677397,-1.3117860963694004,-13.661496808004902,0.1605493202054637,-15.887830579481928,0.2167897832292424
9723723723.723724,0.16544804752129555,-15.626767073041856,0.2004705000502691,0.8587741065137198,-1.322421174975231,-13.67756307029483,0.8587741065137198,-1.322421174975231,-13.67756307029483,0.16617336591531312,-15.588771664339776,0.21074729611646975
9729729729.729729,0.17106021644505048,-15.337019655744896,0.19357832137748002,0.8576923398850951,-1.3333693724353064,-13.693615565503862,0.8576923398850951,-1.3333693724353064,-13.693615565503862,0.17177618477131235,-15.300740947387848,0.20404693783501837
9735735735.735737,0.17664767359927933,-15.057841554579728,0.1861067122832309,0.8565816958749674,-1.3446242038656062,-13.709653441517,0.8565816958749674,-1.3446242038656062,-13.709653441517,0.1773548581975471,-15.023138212125083,0.19675525128723997
9741741741.741741,0.18220778410534388,-14.788661469128124,0.17811330561087937,0.8554429528136667,-1.3561789417285146,-13.725675873448271,0.8554429528136667,-1.3561789417285146,-13.725675873448271,0.18290669299289483,-14.755408047202236,0.18893065615473748
9747747747.747747,0.18773810335938854,-14.528951478919874,0.16964884279964698,0.8542769112781193,-1.3680266249357915,-13.741682064519134,0.8542769112781193,-1.3680266249357915,-13.741682064519134,0.1884291934971442,-14.497036214247625,0.1806246354821264
9753753753.753754,0.1932363549916984,-14.278223263693992,0.16075816373149238,0.8530843927813228,-1.3801600681786126,-13.757671246887398,0.8530843927813228,-1.3801600681786126,-13.757671246887398,0.19392003867751423,-14.247546217868017,0.17188272392250603
9759759759.75976,0.19870041265241128,-14.036024619305552,0.15148103313494063,0.8518662384459269,-1.3925718714602051,-13.77364268242606,0.8518662384459269,-1.3925718714602051,-13.77364268242606,0.19937706316269682,-14.006496109538414,0.1627453343475848
9765765765.765766,0.20412828487546383,-13.801936268810685,0.1418528335607168,0.8506233076658835,-1.4052544298065286,-13.789595663451651,0.8506233076658835,-1.4052544298065286,-13.789595663451651,0.20479824145876682,-13.77347553673983,0.15324845217662925
9771771771.771772,0.20951810243022412,-13.575568957923625,0.13190514894625635,0.8493564767600549,-1.4181999431306118,-13.805529513401778,0.8493564767600549,-1.4181999431306118,-13.805529513401778,0.21018167474136454,-13.548103035959434,0.14342422098945076
9777777777.777779,0.21486810769197462,-13.356560818253753,0.12166625806938076,0.8480666376215986,-1.431400426226332,-13.821443587461705,0.8480666376215986,-1.431400426226332,-13.821443587461705,0.21552557974220782,-13.330023560494988,0.1333014384177183
9783783783.783783,0.2201766456571851,-13.144574978867068,0.1111615534690142,0.8467546963668289,-1.444847718867879,-13.83733727314017,0.8467546963668289,-1.444847718867879,-13.83733727314017,0.2208282793447919,-13.118906229638405,0.12290597768547817
9789789789.789791,0.22544215630351228,-12.939297405716545,0.1004138984594284,0.8454215719871563,-1.458533495991455,-13.853209990794554,0.8454215719871563,-1.458533495991455,-13.853209990794554,0.22608819457980023,-12.914442283628272,0.11226114728917046
9795795795.795795,0.23066316805275877,-12.740434948631288,0.08944393251708639,0.8440681950075721,-1.4724492779363196,-13.869061194105818,0.8440681950075721,-1.4724492779363196,-13.869061194105818,0.23130383777044047,-12.716343227968675,0.10138799900698732
9801801801.801802,0.23583829214118504,-12.547713576382248,0.07827033344243994,0.8426955061549914,-1.4865864407230125,-13.88489037050386,0.8426955061549914,-1.4865864407230125,-13.88489037050386,0.2364738066251868,-12.524339150797415,0.0903055925842544
9807807807.807808,0.24096621773807997,-12.360876781558405,0.06691004319369477,0.8413044550396449,-1.5009362263469654,-13.900697041543765,0.8413044550396449,-1.5009362263469654,-13.900697041543765,0.24159677911328578,-12.338177197595188,0.07903122395868747
9813813813.813814,0.24604570768295606,-12.179684138374615,0.05537846307619321,0.8398959988525042,-1.5154897530669094,-13.916480763233992,0.8398959988525042,-1.5154897530669094,-13.916480763233992,0.24667150898831022,-12.157620188455262,0.06758062269220873
9819819819.81982,0.25107559473516616,-12.003909997988469,0.043689622989761305,0.8384711010815984,-1.5302380256678387,-13.932241126317336,0.8384711010815984,-1.5302380256678387,-13.932241126317336,0.2516968218495078,-11.982445364196474,0.055968123303766805
9825825825.825825,0.25605477824876005,-11.83334230733514,0.031856328639047964,0.8370307302498659,-1.5451719456795292,-13.94797775650575,0.8370307302498659,-1.5451719456795292,-13.94797775650575,0.25667161165029806,-11.812443248729325,0.04420681440875059
9831831831.831833,0.26098222120084924,-11.667781538855493,0.019890289961895413,0.8355758586770228,-1.5602823215323025,-13.963690314670206,0.8355758586770228,-1.5602823215323025,-13.963690314670206,0.2615948375790644,-11.64741661620983,0.03230866892374786
9837837837.837837,0.2658569475141925,-11.507039719773786,0.007802233498398059,0.8341074612677305,-1.575559878632816,-13.979378496986888,0.8341074612677305,-1.575559878632816,-13.979378496986888,0.2664655212505043,-11.48717955258813,0.020284658066715876
9843843843.843845,0.2706780396251295,-11.3509395507517,-0.004397999013972217,0.8326265143281437,-1.5909952693437324,-13.995042035041173,0.8326265143281437,-1.5909952693437324,-13.995042035041173,0.2712827441565157,-11.331556602169105,0.008144851446240005
9849849849.84985,0.2754446362561887,-11.199313604823551,-0.016701363894111924,0.8311339944127613,-1.6065790828518152,-14.010680695890663,0.8311339944127613,-1.6065790828518152,-14.010680695890663,0.2760456453339856,-11.180381990751268,-0.00410149482556978
9855855855.855856,0.28015593035984737,-11.052003598477762,-0.029099538993931,0.8296308772032501,-1.622301854910635,-14.026294282089015,0.8296308772032501,-1.622301854910635,-14.026294282089015,0.2807534192144955,-11.033498917754283,-0.016445860361092524
9861861861.861862,0.28481116720553157,-10.908859727623568,-0.04158485601919622,0.8281181364207743,-1.6381540774445813,-14.041882631672046,0.8281181364207743,-1.6381540774445813,-14.041882631672046,0.2854053136265721,-10.890758910536963,-0.028880391677893556
9867867867.867868,0.2894096425866848,-10.769740061960624,-0.05415024052284529,0.8265967427731316,-1.654126208002312,-14.057445618107753,0.8265967427731316,-1.654126208002312,-14.057445618107753,0.2900006279262267,-10.752021234807081,-0.04139784115143298
9873873873.873875,0.29395070112878047,-10.634509991961176,-0.06678915857156038,0.8250676629378177,-1.6702086790488238,-14.072983150212076,0.8250676629378177,-1.6702086790488238,-14.072983150212076,0.29453871123559744,-10.61715235565961,-0.05399151273180546
9879879879.879879,0.2984337346823484,-10.503041723296654,-0.07949556923118208,0.8235318585819573,-1.6863919070863145,-14.088495172031932,0.8235318585819573,-1.6863919070863145,-14.088495172031932,0.2990189607729147,-10.4860254443497,-0.06665521356211919
9885885885.885887,0.30285818078788557,-10.375213814089806,-0.09226388213864875,0.8219902854198458,-1.702666301595237,-14.103981662697535,0.8219902854198458,-1.702666301595237,-14.103981662697535,0.3034408202599318,-10.358519926413738,-0.07938321075874535
9891891891.891891,0.3072235212017989,-10.250910750863827,-0.10508891953035226,0.8204438923086834,-1.7190222737878749,-14.119442636245491,0.8204438923086834,-1.7190222737878749,-14.119442636245491,0.3078037783953215,-10.234521067207954,-0.09217019271649937
9897897897.897898,0.31152928047451844,-10.130022559493298,-0.11796588218462506,0.8188936203828743,-1.7354502451681997,-14.134878141414799,0.8188936203828743,-1.7354502451681997,-14.134878141414799,0.31210736738457906,-10.113919591339002,-0.10501123439012988
9903903903.903904,0.3157750245734037,-10.012444447852047,-0.13089031880900956,0.8173404022271519,-1.7519406558922195,-14.150288261417247,0.8173404022271519,-1.7519406558922195,-14.150288261417247,0.316351161518628,-9.996611332824024,-0.11790176607699214
9909909909.90991,0.31996035954457114,-9.898076477192278,-0.14385809846639608,0.8157851610885699,-1.7684839729247617,-14.165673113684186,0.8157851610885699,-1.7684839729247617,-14.165673113684186,0.3205347757947738,-9.882496913139615,-0.1308375452899857
9915915915.915916,0.32408493020881196,-9.786823259597538,-0.15686538568743394,0.8142288101272889,-1.78507069798912,-14.181032849591428,0.8142288101272889,-1.78507069798912,-14.181032849591428,0.3246578645748859,-9.771481444605914,-0.14381463136302333
9921921921.92192,0.3281484188877793,-9.678593679121931,-0.1699086179623848,0.8126722517059212,-1.8016913753072326,-14.196367654164032,0.8126722517059212,-1.8016913753072326,-14.196367654164032,0.32872012027655223,-9.663474256812641,-0.1568293624784303
9927927927.927929,0.3321505441573519,-9.573300634471718,-0.18298448534499237,0.8111163767170577,-1.8183365991290148,-14.211677745762696,0.8111163767170577,-1.8183365991290148,-14.211677745762696,0.33272127209395125,-9.55838864401854,-0.16987833484452197
9933933933.933933,0.3360910596258336,-9.470860801298272,-0.19608991193462222,0.8095620639484895,-1.8349970210501698,-14.226963375753495,0.8095620639484895,-1.8349970210501698,-14.226963375753495,0.33666108474578266,-9.456141631663275,-0.18295838378637122
9939939939.939941,0.33996975273517593,-9.371194412364085,-0.2092220390321523,0.808010179485473,-1.8516633571191246,-14.242224828162731,0.808010179485473,-1.8516633571191246,-14.242224828162731,0.34053935724825884,-9.356653760311573,-0.19606656654197377
9945945945.945946,0.343786443583808,-9.274225054016238,-0.22237820978988257,0.8064615761493312,-1.8683263947339928,-14.25746241931832,0.8064615761493312,-1.8683263947339928,-14.25746241931832,0.34435592171147394,-9.259848885517245,-0.20920014658113376
9951951951.951952,0.3475409837701686,-9.179879477551271,-0.23555595519792477,0.8049170929715079,-1.8849769993319834,-14.272676497479631,0.8049170929715079,-1.8849769993319834,-14.272676497479631,0.3481106421582656,-9.165653992230801,-0.22235657928718902
9957957957.957958,0.3512332552562326,-9.088087424194956,-0.24875298126784656,0.8033775547021622,-1.9016061208737436,-14.287867442457028,0.8033775547021622,-1.9016061208737436,-14.287867442457028,0.3518034133644338,-9.073999022520168,-0.23553349885967675
9963963963.963964,0.3548631692506317,-8.99878146254129,-0.26196715729116227,0.8018437713522462,-1.9182048001264231,-14.30303566522283,0.8018437713522462,-1.9182048001264231,-14.30303566522283,0.3554341597200828,-8.984816715475322,-0.24872870631374935
9969969969.96997,0.35843066511117483,-8.911896837404477,-0.2751965050641676,0.800316537767955,-1.9347641747496425,-14.318181607514996,0.800316537767955,-1.9347641747496425,-14.318181607514996,0.3590028341115226,-8.898042458286708,-0.2619401584656189
9975975975.975975,0.36193570926675545,-8.827371329135351,-0.2884391889833607,0.7987966332363532,-1.9512754851893208,-14.333305741435067,0.7987966332363532,-1.9512754851893208,-14.333305741435067,0.3625094168237412,-8.813614147571798,-0.27516595780680875
9981981981.981983,0.36537829415868806,-8.745145122543494,-0.30169350692616664,0.7972848211209215,-1.967730080384852,-14.348408569041549,0.7972848211209215,-1.967730080384852,-14.348408569041549,0.36595391446342335,-8.731472060113392,-0.2884043431801448
9987987987.987988,0.36875843720170887,-8.66516068464303,-0.314957881841508,0.7957818485256964,-1.9841194232958224,-14.363490621940048,0.7957818485256964,-1.9841194232958224,-14.363490621940048,0.3693363589025314,-8.65155873225124,-0.3016536811807945
9993993993.993994,0.3720761797648982,-8.587362650512478,-0.32823085398308616,0.7942884459866284,-2.000435096254951,-14.378552460871507,0.7942884459866284,-2.000435096254951,-14.378552460871507,0.37265680624276604,-8.573818847231859,-0.3149124582137318
10000000000.0,0.375331586172817,-8.511697716623324,-0.34151107372516354,0.7928053271887474,-2.0166688061543065,-14.393594675299385,0.7928053271887474,-2.0166688061543065,-14.393594675299385,0.37591533580104314,-8.498199129889153,-0.32817927314655276
