frequency_hz	frequency_ghz	s11_real	s11_imag	s11_mag	s11_db	s11_phase_deg	s21_real	s21_imag	s21_mag	s21_db	s21_phase_deg	s12_real	s12_imag	s12_mag	s12_db	s12_phase_deg	s22_real	s22_imag	s22_mag	s22_db	s22_phase_deg
4000000000.0	4.0	-0.14437210218896074	0.9825122610820238	0.9930627608902525	-0.06046607043487122	98.3593219668468	0.00039349794348944177	-0.00012302911335258768	0.00041228242051140595	-67.69610365748521	-17.3621168487146	0.00039349794348944177	-0.00012302911335258768	0.00041228242051140595	-67.69610365748521	-17.3621168487146	-0.15650632731359776	0.9806396979195675	0.9930500730703219	-0.06057704600663305	99.06771456814238
4031250000.0	4.03125	-0.1293825926457084	0.984447081666131	0.9929128420363428	-0.0617774446735873	97.48728058316892	0.0004323485425413451	-0.00013397252861498539	0.0004526299820616376	-66.8851336380871	-17.216723443153562	0.0004323485425413451	-0.00013397252861498539	0.0004526299820616376	-66.8851336380871	-17.216723443153562	-0.14163963724372247	0.9827451013537485	0.9928996530734224	-0.06189282100106081	98.20136533471504
4062500000.0	4.0625	-0.11421954643471677	0.9861652803255443	0.9927578077795771	-0.06313377277084463	96.60666937205565	0.0004732805203416903	-0.00014640239074028058	0.0004954070154422229	-66.10075695353925	-17.18868629577633	0.0004732805203416903	-0.00014640239074028058	0.0004954070154422229	-66.10075695353925	-17.18868629577633	-0.1265970440624679	0.9846390163967957	0.9927440778852341	-0.06325389992647068	97.32644095450263
4093750000.0	4.09375	-0.09888112530381571	0.9876598997100039	0.9925973778106226	-0.0645375286510255	95.71720612106827	0.0005164188935142396	-0.00016047158599833268	0.0005407768518449101	-65.33963813612066	-17.262067075280402	0.0005164188935142396	-0.00016047158599833268	0.0005407768518449101	-65.33963813612066	-17.262067075280402	-0.11137653881073178	0.9863145581807296	0.9925830650765235	-0.06466277553148073	96.44265801088487
4125000000.0	4.125	-0.0833654421311521	0.9889236513249768	0.9924312495541678	-0.06599138345675187	94.81859395228197	0.0005618984977222251	-0.00017634913698684473	0.0005889218452889129	-64.59884671586613	-17.424213986520016	0.0005618984977222251	-0.00017634913698684473	0.0005889218452889129	-64.59884671586613	-17.424213986520016	-0.09597605478932669	0.9877645108067057	0.9924163097723325	-0.06612213938874371	95.5497183015818
4156250000.0	4.15625	-0.0676705591048789	0.989948892019604	0.9922590958919996	-0.06749822578866882	93.91052023010884	0.0006098650271301118	-0.00019422224268255306	0.0006400450225328313	-63.875789509389556	-17.664991020179993	0.0006098650271301118	-0.00019422224268255306	0.0006400450225328313	-63.875789509389556	-17.664991020179993	-0.0803934651441865	0.9889813036867126	0.9922434823569057	-0.06763490229811181	94.64730773550288
4187500000.0	4.1875	-0.05179448586261365	0.9907275982443486	0.992080562600028	-0.06906118449720808	92.99265536354802	0.000660476204746978	-0.0002142986322173814	0.0006943721774432011	-63.168153781543886	-17.976214280745257	0.000660476204746978	-0.0002142986322173814	0.0006943721774432011	-63.168153781543886	-17.976214280745257	-0.06462658036303193	0.9899569856325643	0.9920642258907094	-0.06920421725874484	93.73509512297846
4218750000.0	4.21875	-0.03573517760014455	0.9912513378132306	0.9918952654563048	-0.07068365441095165	92.0646514901301	0.0007139031010271644	-0.00023680928821514537	0.0007521544234006508	-62.473859721523795	-18.351234431736916	0.0007139031010271644	-0.00023680928821514537	0.0007521544234006508	-62.473859721523795	-18.351234431736916	-0.048673145688321484	0.9906831964240708	0.9918781531963543	-0.07083350539695032	92.8127308465353
4250000000.0	4.25	-0.01949053316212901	0.9915112388673306	0.99170278696955	-0.07236932545388913	91.12614102697098	0.000770331620399492	-0.00026201160658197446	0.0008136712403489351	-61.79102068213989	-18.784623760830197	0.000770331620399492	-0.00026201160658197446	0.0008136712403489351	-61.79102068213989	-18.784623760830197	-0.032530838454012834	0.991151135549754	0.991684843562756	-0.07252648530378349	91.87984539751275
4312500000.0	4.3125	0.01356346206022846	0.9912016309838594	0.9912944268824082	-0.07594670889635406	89.21602163726011	0.0008930215914664927	-0.0003216755537388055	0.0009491905629000504	-60.452931766043136	-19.809541286542874	0.0008930215914664927	-0.0003216755537388055	0.0009491905629000504	-60.452931766043136	-19.809541286542874	0.0003300403209010594	0.9912745850854263	0.9912746400281294	-0.07612008639469663	89.98092363403386
4375000000.0	4.375	0.047385507918543124	0.989717614841402	0.9908513225948946	-0.07983013170178957	87.25889696987147	0.001030399359329952	-0.0003960339197974506	0.0011038866360898248	-59.14151048591472	-21.024260307189998	0.001030399359329952	-0.0003960339197974506	0.0011038866360898248	-59.14151048591472	-21.024260307189998	0.033976100213227556	0.9902467222356253	0.9908294234045025	-0.08002210404778964	88.03491014474875
4437500000.0	4.4375	0.08199463140696245	0.9869683954109558	0.9903684835048218	-0.08406377313767115	85.25092927206441	0.0011846878450461344	-0.0004885632635457175	0.0012814754592603388	-57.845794126073365	-22.411168062743403	0.0011846878450461344	-0.0004885632635457175	0.0012814754592603388	-57.845794126073365	-22.411168062743403	0.06842864963987183	0.9879772691942859	0.9903441646903034	-0.084277060551409	86.03794379296066
4500000000.0	4.5	0.11741092608551013	0.9828517888133874	0.9898398680281234	-0.0887011597006427	83.18776057779702	0.001358573038098075	-0.0006037191664195797	0.0014866733103642458	-56.5556891042569	-23.95928158207497	0.001358573038098075	-0.0006037191664195797	0.0014866733103642458	-56.5556891042569	-23.95928158207497	0.10371034747815044	0.98436451377344	0.9898127763119952	-0.08893889398911316	83.98563853191564
4562500000.0	4.5625	0.15365558130132856	0.9772520296605787	0.9892580892470729	-0.09380779569402872	81.06440894072362	0.001555322857036107	-0.0007472819646293523	0.0017255316642354795	-55.261541336240754	-25.662768231303783	0.001555322857036107	-0.0007472819646293523	0.0017255316642354795	-55.261541336240754	-25.662768231303783	0.139845278531404	0.9792930972841836	0.9892278161859256	-0.09407360346898491	81.87297870165023
4625000000.0	4.625	0.19075087758334364	0.9700369961396829	0.9886140152650653	-0.09946473954944689	78.87513663067882	0.001778937868177457	-0.0009268495128794147	0.0020059087612253365	-53.95377649508089	-27.520093424207403	0.001778937868177457	-0.0009268495128794147	0.0020059087612253365	-53.95377649508089	-27.520093424207403	0.17685900471780508	0.9726312144447515	0.9885800862156009	-0.09976284278471412	79.69418609811838
4687500000.0	4.6875	0.22872012264358205	0.9610546507682143	0.9878962173555021	-0.10577354948738318	76.61328046275645	0.002034340884977947	-0.0011525499719572225	0.0023381433390943875	-52.62257736160552	-29.533597380772218	0.002034340884977947	-0.0011525499719572225	0.0023381433390943875	-52.62257736160552	-29.533597380772218	0.21477856895836084	0.9642270216384972	0.9878580783400257	-0.10610888600174201	77.44254895071602
4750000000.0	4.75	0.2675874849017459	0.9501284059908159	0.9870901934203838	-0.11286325430415795	74.271030093791	0.0023276117793022853	-0.0014380896672807175	0.0027360333488987876	-51.25757226802634	-31.709395483354097	0.0023276117793022853	-0.0014380896672807175	0.0027360333488987876	-51.25757226802634	-31.709395483354097	0.253632412130448	0.9539039606803417	0.9870471957737139	-0.11324161987868672	75.11019861321132
4812500000.0	4.8125	0.30737765065043576	0.9370509868635104	0.986177251867665	-0.12090039104164173	71.83913343757513	0.0026662695565578065	-0.001802321221918114	0.0032182845019052254	-49.847511323161065	-34.057557701302514	0.0026662695565578065	-0.001802321221918114	0.0032182845019052254	-49.847511323161065	-34.057557701302514	0.29345013401033165	0.941454567882986	0.9861286348841217	-0.12132860226031203	72.68781310468822
4875000000.0	4.875	0.3481151752895199	0.9215761462635337	0.9851328685151051	-0.13010381296403728	69.30649777749949	0.003059590571357609	-0.0022716371117364265	0.003810699362552574	-48.379906253287565	-36.59257193164372	0.003059590571357609	-0.0022716371117364265	0.003810699362552574	-48.379906253287565	-36.59257193164372	0.33426197555484494	0.9266321210252129	0.9850777411034687	-0.13058988344938852	70.1642161058409
4937500000.0	4.9375	0.3898232950548486	0.9034072346733957	0.9839242008547464	-0.1407671455701209	66.65963794721452	0.0035189171895062105	-0.0028837044459339304	0.0045495636623858115	-46.84060506951707	-39.33414920714035	0.0035189171895062105	-0.0028837044459339304	0.0045495636623858115	-46.84060506951707	-39.33414920714035	0.37609779933992654	0.9091391233681345	0.9838615249652339	-0.1413204536384881	67.52582290621973
5000000000.0	5.0	0.43252176403731435	0.8821810316482934	0.9825062081055761	-0.15329393584508003	63.881894035681604	0.004057825327859351	-0.0036934378618450124	0.005487023749787047	-45.21326320038263	-42.308502614154754	0.004057825327859351	-0.0036934378618450124	0.005487023749787047	-45.21326320038263	-42.308502614154754	0.41898514938363474	0.8886110297885226	0.9824347905412579	-0.15392532893279853	64.75585610543455
5062500000.0	5.0625	0.4762228731432522	0.8574442076531394	0.9808153720974883	-0.1682547234626673	60.952290722652364	0.00469180861581712	-0.004782819721667495	0.006699883027145122	-43.47865559108456	-45.55035318468475	0.00469180861581712	-0.004782819721667495	0.006699883027145122	-43.47865559108456	-45.55035318468475	0.46294557466848035	0.8645925849167482	0.9807338798054006	-0.16897643162793188	61.8332040129154
5125000000.0	5.125	0.5209239390659224	0.8286178979611134	0.9787590975891111	-0.18648376275383205	57.8438190837316	0.005436613938929041	-0.006277557096242576	0.008304486390954173	-41.61374444540058	-49.106135857741755	0.005436613938929041	-0.006277557096242576	0.008304486390954173	-41.61374444540058	-49.106135857741755	0.5079875545763428	0.8365022651626199	0.9786661306220048	-0.18730882703239526	58.73070452270987
5187500000.0	5.1875	0.5665925920266985	0.7949422846792589	0.9761969070380283	-0.2092514537383846	54.520748661496015	0.006303026552893837	-0.008376347956127584	0.010482907459698742	-39.59036496043944	-53.03930457287897	0.006303026552893837	-0.008376347956127584	0.010482907459698742	-39.59036496043944	-53.03930457287897	0.5540924538129968	0.8035767534514378	0.9760912078592148	-0.21019198233751898	55.41246670510404
5250000000.0	5.25	0.6131364594676547	0.7553859298078112	0.9729050420673861	-0.23859091752361336	50.93423270087107	0.007282331594225895	-0.011404385313419453	0.013531162471317753	-37.37329782533972	-57.43951469073719	0.007282331594225895	-0.011404385313419453	0.013531162471317753	-37.37329782533972	-57.43951469073719	0.6011853173967908	0.7647802765626135	0.9727860285143222	-0.2396535102489096	51.82950338586682
5281250000.0	5.28125	0.6366763481960506	0.7329696364348812	0.9708765422481587	-0.2567198391051686	49.02157619646633	0.007797556564906078	-0.013426530595177302	0.015526545404762195	-36.17850324672095	-59.853806728218544	0.007797556564906078	-0.013426530595177302	0.015526545404762195	-36.17850324672095	-59.853806728218544	0.6250489071761784	0.7427460727734976	0.9707511859290149	-0.2578414044178478	49.91812041641947
5312500000.0	5.3125	0.6603364608534138	0.7084895908631481	0.9685049002941818	-0.2779635512394016	47.014743850030335	0.008306544558795285	-0.015915605115284753	0.01795285962438658	-34.91732729806254	-62.4394056484093	0.008306544558795285	-0.015915605115284753	0.01795285962438658	-34.91732729806254	-62.4394056484093	0.649070229044981	0.7186487500438579	0.9683739918916159	-0.27913766278938196	47.91223707564021
5343750000.0	5.34375	0.6840440661326272	0.6816502880520909	0.9656932223085946	-0.30321633335884635	44.899572521312834	0.008773719292787871	-0.0190097687191435	0.020936796722134093	-33.58179527102146	-65.22490941407061	0.008773719292787871	-0.0190097687191435	0.020936796722134093	-33.58179527102146	-65.22490941407061	0.6731810458581342	0.6921923032753319	0.9655583385877108	-0.30442962440719556	45.79772644519794
5375000000.0	5.375	0.7076872902889658	0.6520812829635096	0.9623052012890068	-0.33374333649200644	42.65826670496571	0.009136430418212344	-0.02289759094545913	0.024653073477609394	-32.1625785977888	-68.24737093804342	0.009136430418212344	-0.02289759094545913	0.024653073477609394	-32.1625785977888	-68.24737093804342	0.6972751529138073	0.6630059861635098	0.9621692037056795	-0.33497095479519073	43.556869359387306
5390625000.0	5.390625	0.7194334564212086	0.6361305192230591	0.9603366783087929	-0.3515296746679287	41.4834473221615	0.009246975317423889	-0.025216977118396405	0.026858936827632893	-31.4182236449847	-69.8621937067086	0.009246975317423889	-0.025216977118396405	0.026858936827632893	-31.4182236449847	-69.8621937067086	0.7092668677592324	0.6472465008045474	0.9602018134250337	-0.35274956325995616	42.38223564787019
5406250000.0	5.40625	0.731090904945631	0.6193104448754048	0.9581436940386309	-0.3713870867316735	40.2680876473699	0.009284865851566999	-0.027839715334522532	0.029347205723694446	-30.648664870645398	-71.55586312171643	0.009284865851566999	-0.027839715334522532	0.029347205723694446	-30.648664870645398	-71.55586312171643	0.7211847549037705	0.6306177215024356	0.9580115664116665	-0.37258494998572006	41.167068995730396
5421875000.0	5.421875	0.7426209188824894	0.6015399185345525	0.9556861947064156	-0.3936937502890098	39.008263329746995	0.009223038993217289	-0.03081484661443364	0.032165497355730086	-29.85219457954916	-73.33729311557987	0.009223038993217289	-0.03081484661443364	0.032165497355730086	-29.85219457954916	-73.33729311557987	0.7329914658883696	0.6130386037321671	0.9555589038521204	-0.394850728339404	39.907479936964386
5437500000.0	5.4375	0.753973825175779	0.5827258635682959	0.9529144563504178	-0.41892168927889295	37.69946095264269	0.009025337337901554	-0.03420062286470891	0.03537144778485848	-29.026943275230618	-75.21700304779641	0.009025337337901554	-0.03420062286470891	0.03537144778485848	-29.026943275230618	-75.21700304779641	0.7446389698489977	0.5944162180745567	0.9527947500526205	-0.4200128900660047	38.59900076761812
5453125000.0	5.453125	0.7650853688771073	0.5627611654147311	0.9497661559398533	-0.44766620340689794	36.336468278620494	0.008643216299885258	-0.03806632192417538	0.03903524116540793	-28.170862663128258	-77.20749990773193	0.008643216299885258	-0.03806632192417538	0.03903524116540793	-28.170862663128258	-77.20749990773193	0.7560650098628322	0.5746436533864461	0.9496576370019916	-0.44865869757532395	37.236478980371764
5468750000.0	5.46875	0.775871693475764	0.5415222714460446	0.9461623831082239	-0.48068644668067817	34.913244741521034	0.008011128091600518	-0.0424943288441384	0.04324287406283033	-27.281708982557916	-79.32377170633455	0.008011128091600518	-0.0424943288441384	0.04324287406283033	-27.281708982557916	-79.32377170633455	0.7671881952436335	0.5535976177460809	0.9460697909220648	-0.4815364961851784	35.81395195068772
5484375000.0	5.484375	0.7862223233877544	0.5188665670605619	0.9420021529733631	-0.5189620922659608	33.422772185284884	0.007039996456360166	-0.04758240883308357	0.04810038648975986	-26.357028680550112	-81.58392952064897	0.007039996456360166	-0.04758240883308357	0.04810038648975986	-26.357028680550112	-81.58392952064897	0.7779011378154208	0.5311358050467019	0.9419317510399224	-0.5196112694193142	34.324503205353466
5500000000.0	5.5	0.7959902618579954	0.4946297462604434	0.9371547806304094	-0.5637735008714799	31.856890483896823	0.005607918714183166	-0.053445955028783826	0.05373936044691702	-25.39415012836873	-84.01004937539237	0.005607918714183166	-0.053445955028783826	0.05373936044691702	-25.39415012836873	-84.01004937539237	0.7880607624517303	0.507094234703428	0.9371148959361695	-0.5641431745174864	32.76010533662804
5507812500.0	5.5078125	0.8005964461743198	0.4818605926505075	0.9344219070507973	-0.5891397659402698	31.042767939898464	0.004668781761323913	-0.056709856431128525	0.05690171649057768	-24.89749265060745	-85.29359455161313	0.004668781761323913	-0.056709856431128525	0.05690171649057768	-24.89749265060745	-85.29359455161313	0.7928753290287034	0.4944233057936187	0.9344012482302584	-0.5893318014838727	31.94694948076742
5515625000.0	5.515625	0.8049779027617868	0.46862368888407957	0.9314491857949565	-0.6168166517648342	30.206133056786392	0.003546823915552371	-0.06021970483505142	0.06032406493522009	-24.39018802464428	-86.62928367174032	0.003546823915552371	-0.06021970483505142	0.06032406493522009	-24.39018802464428	-86.62928367174032	0.7974745142517041	0.4812850567953364	0.9314509685300035	-0.6168000275353107	31.111465105297945
5523437500.0	5.5234375	0.8090987229197508	0.4548917057619759	0.9282064465416149	-0.6471083932432781	29.34557718766348	0.0022106743497895672	-0.06399538967406888	0.06403356136134192	-23.87184686604136	-88.02154554461372	0.0022106743497895672	-0.06399538967406888	0.06403356136134192	-23.87184686604136	-88.02154554461372	0.8018232845795448	0.4676521593520748	0.9282344110409763	-0.6468467134227085	30.2522736219612
5531250000.0	5.53125	0.812916860783363	0.4406359410437266	0.9246587776500952	-0.6803700657253665	28.45959955662942	0.0006232307942042983	-0.06805784261412538	0.06806069613155528	-23.34207226420853	-89.47533605667553	0.0006232307942042983	-0.06805784261412538	0.06806069613155528	-23.34207226420853	-89.47533605667553	0.8058805994931676	0.4534958828810767	0.9247172845954348	-0.679820491324763	29.36790859172102
5539062500.0	5.5390625	0.816382970717781	0.42582656581634426	0.9207656699904329	-0.7170176279574842	27.546611955209606	-0.0012594605422389985	-0.07242877991653938	0.07243972943803667	-22.800463608845703	-90.99621312985369	-0.0012594605422389985	-0.07242877991653938	0.07243972943803667	-22.800463608845703	-90.99621312985369	0.8095982711062608	0.43878632693503006	0.9208598163039702	-0.7161295597850854	28.45682099557615
5546875000.0	5.546875	0.8194390182499794	0.4104330418151967	0.9164799978418324	-0.7575401813394379	26.604949858657196	-0.0034895464587110115	-0.07713027559821642	0.07720917269563456	-22.246622020628884	-92.59042297406084	-0.0034895464587110115	-0.07713027559821642	0.07720917269563456	-22.246622020628884	-92.59042297406084	0.8129196009387544	0.4234928192945764	0.9166157567838841	-0.7562536285914745	27.517390969581065
5554687500.0	5.5546875	0.8220166270206881	0.394424783122026	0.911746809503234	-0.8025149549655934	25.63289319351525	-0.006128966650787393	-0.08218409288311956	0.08241231312872906	-21.680157920339624	-94.26499902141893	-0.006128966650787393	-0.08218409288311956	0.08241231312872906	-21.680157920339624	-94.26499902141893	0.8157777566495599	0.4075845513900078	0.9119312006812699	-0.8007585029832078	26.547949214600074
5562500000.0	5.5625	0.8240351241426463	0.3777721641626186	0.9065018995219454	-0.8526256305744191	24.62870144936239	-0.009251349137347827	-0.08761067326236434	0.08809777256177291	-21.100701440467322	-96.02787483388875	-0.009251349137347827	-0.08761067326236434	0.08809777256177291	-21.100701440467322	-96.02787483388875	0.8180938512435934	0.3910315505345452	0.9067431957042883	-0.8503138945296818	25.546812732630634
5566406250.0	5.56640625	0.8248055772264064	0.36919557917855284	0.9036645483301712	-0.8798551038959485	24.114018690298078	-0.011020396009339028	-0.09046942167171558	0.09113816646069492	-20.80599425810685	-96.94518167119402	-0.011020396009339028	-0.09046942167171558	0.09113816646069492	-20.80599425810685	-96.94518167119402	0.8190201304471456	0.3825044807334228	0.903937858405546	-0.8772284851650581	25.03384268645127
5570312500.0	5.5703125	0.825399251632138	0.36044801462334575	0.900670137087272	-0.9086847325394443	23.59066994291667	-0.01294423321640595	-0.0934276442009384	0.09432008203186554	-20.507916603982196	-97.88801196840377	-0.01294423321640595	-0.0934276442009384	0.09432008203186554	-20.507916603982196	-97.88801196840377	0.8197746921817849	0.3738061263503638	0.9009781162929565	-0.9057151479799355	24.512341622962925
5574218750.0	5.57421875	0.825801528038461	0.35152681371771033	0.8975072503736017	-0.939240687092511	23.058461992693164	-0.015036398133409143	-0.09648675040953082	0.09765135059699628	-20.206434913827408	-98.85767003308685	-0.015036398133409143	-0.09648675040953082	0.09765135059699628	-20.206434913827408	-98.85767003308685	0.8203432256558161	0.3649337278506706	0.8978527906078905	-0.9358972637021129	23.982125612806154
5578125000.0	5.578125	0.8259965267667392	0.34242979373782556	0.8941635341871453	-0.9716609104339311	22.517217101963336	-0.017311637031684236	-0.09964765522819537	0.10114023911971966	-19.9015204785243	-99.85554312053422	-0.017311637031684236	-0.09964765522819537	0.10114023911971966	-19.9015204785243	-99.85554312053422	0.8207101823430565	0.35588497958456866	0.8945497873765785	-0.967909663560026	23.443026674613407
5582031250.0	5.58203125	0.8259670076656394	0.3331553702486296	0.8906256219521376	-1.0060963005933994	21.9667784948121	-0.01978600262727735	-0.10291065568137124	0.104795462462534	-19.593150429134656	-100.8831066600731	-0.01978600262727735	-0.10291065568137124	0.104795462462534	-19.593150429134656	-100.8831066600731	0.8208586771363587	0.3466581506443758	0.8910560258694352	-1.0018997697454441	22.894898240290146
5585937500.0	5.5859375	0.8256942667351465	0.3237027044194025	0.8868790576892241	-1.0427120038025208	21.40701705222424	-0.022476954829305253	-0.10627528478004288	0.10862619229945346	-19.28130887254902	-101.94192962738413	-0.022476954829305253	-0.10627528478004288	0.10862619229945346	-19.28130887254902	-101.94192962738413	0.8207703861563944	0.33725222828483026	0.8873573644673266	-1.0380288398943749	22.3376218142825
5589843750.0	5.58984375	0.8251580311016911	0.3140718771532707	0.882908217376075	-1.0816888221947216	20.83783946450116	-0.025403463100587713	-0.10974013888953835	0.11264206150900333	-18.965988198522243	-103.03368000555706	-0.025403463100587713	-0.10974013888953835	0.11264206150900333	-18.965988198522243	-103.03368000555706	0.820425442768214	0.3276670875683587	0.8834385249789317	-1.0764733190994518	21.771115068536517
5593750000.0	5.59375	0.8243363546379849	0.3042640942315953	0.8786962300001149	-1.1232247382467533	20.25919813657116	-0.028586108169353048	-0.1133026744107254	0.1168531625968797	-18.647190581175522	-104.16013025632903	-0.028586108169353048	-0.1133026744107254	0.1168531625968797	-18.647190581175522	-104.16013025632903	0.8198023340222809	0.3179036913607882	0.8792830169229897	-1.1174263004650193	21.195341661942237
5597656250.0	5.59765625	0.8232055173967747	0.29428192714918966	0.8742249004227303	-1.1675365544524015	19.67110319927528	-0.03204717996580585	-0.11695896914052882	0.12127003836964809	-18.32492970039762	-105.32316269627115	-0.03204717996580585	-0.11695896914052882	0.12127003836964809	-18.32492970039762	-105.32316269627115	0.818877800590349	0.30796432527339346	0.8748730639017204	-1.1610990914646617	20.610323128523483
5601562500.0	5.6015625	0.8217399331408626	0.28412959476963007	0.8694746369747098	-1.2148616414274052	19.073637047188548	-0.03581076755736148	-0.12070344322591776	0.12590366269350436	-17.999232710878477	-106.52477463952586	-0.03581076755736148	-0.12070344322591776	0.12590366269350436	-17.999232710878477	-106.52477463952586	0.8176267443528435	0.2978528725979912	0.8701895349841351	-1.207722877909747	20.01615324355841
5605468750.0	5.60546875	0.8199120706521255	0.2738132913199198	0.864424387731225	-1.265459780068174	18.46697190215792	-0.03990283547196855	-0.12452853423534697	0.13076540871922887	-17.670142488609848	-107.76708312779714	-0.03990283547196855	-0.12452853423534697	0.13076540871922887	-17.670142488609848	-107.76708312779714	0.8160221491620261	0.2875751346725417	0.865211885034494	-1.2575504696000586	19.413015352154662
5609375000.0	5.609375	0.8176923962448236	0.26334156651012264	0.8590515907258464	-1.3196150727406761	17.851390992428517	-0.04435127907566329	-0.12842432060288445	0.13586700143139915	-17.337720186386	-109.05232901827286	-0.04435127907566329	-0.12842432060288445	0.13586700143139915	-17.337720186386	-109.05232901827286	0.8140350220086088	0.2771392023864985	0.8599181092150465	-1.3108581009286555	18.80120323124878
5613281250.0	5.61328125	0.8150493470506281	0.25272576361969	0.8533321450202206	-1.3776378837387646	17.227314040380747	-0.04918594955123573	-0.13237808763798478	0.14122045078509943	-17.002048130841395	-110.38288013954231	-0.04918594955123573	-0.13237808763798478	0.14122045078509943	-17.002048130841395	-110.38288013954231	0.8116343639151418	0.26655588460413626	0.8542847185248197	-1.3679472448513577	18.181146153718228
5617187500.0	5.6171875	0.8119493472398756	0.2419805211192465	0.8472404116214016	-1.4398667490971118	16.59532786706956	-0.054438636454557536	-0.136373830555812	0.14683796103016689	-16.663233093480237	-111.76123315288301	-0.054438636454557536	-0.136373830555812	0.14683796103016689	-16.663233093480237	-111.76123315288301	0.8087871824224029	0.25583919903371877	0.8482867452771993	-1.429146378414074	17.553438931464232
5621093750.0	5.62109375	0.8083568824406895	0.23112434263326076	0.8407492558110816	-1.506670168575398	15.956223046962812	-0.06014299275843794	-0.1403916897284027	0.15273181110278766	-16.321409966459758	-113.19001367015872	-0.06014299275843794	-0.1403916897284027	0.15273181110278766	-16.321409966459758	-113.19001367015872	0.8054585605705105	0.2450069303435789	0.8418977899440656	-1.4948126108075606	16.918877830573205
5625000000.0	5.625	0.8042346512373956	0.2201802385827334	0.8338301456011799	-1.5784481560921653	15.311037677110184	-0.06633438370799773	-0.14440731479596233	0.1589142002103652	-15.976745869891744	-114.67197407900993	-0.06633438370799773	-0.14440731479596233	0.1589142002103652	-15.976745869891744	-114.67197407900993	0.8016118008277736	0.23408125891493947	0.8350901238797817	-1.5653330486137604	16.27850337107047
5628906250.0	5.62890625	0.7995438167527563	0.2091764404051426	0.8264533248333696	-1.655633376386897	14.66110945326949	-0.07304963672442338	-0.14839115668008995	0.16539705198831456	-15.629444710254388	-116.20998841063246	-0.07304963672442338	-0.14839115668008995	0.16539705198831456	-15.629444710254388	-116.20998841063246	0.7972086664706013	0.22308946125866447	0.8278348661541839	-1.6411257249412463	15.633651137558317
5632812500.0	5.6328125	0.7942443858568712	0.19814718449132807	0.8185880839512623	-1.738691631925883	14.008137357313025	-0.08032666509197722	-0.15230769024339974	0.17219176993131258	-15.279752198046022	-117.8070434560449	-0.08032666509197722	-0.15230769024339974	0.17219176993131258	-15.279752198046022	-117.8070434560449	0.7922097473826616	0.21206467947586272	0.8201022571175505	-1.7226398563966818	14.986011820547663
5636718750.0	5.63671875	0.7882957483036521	0.18713355749806992	0.8102031567054637	-1.8281213811060502	13.354254333017384	-0.0882039334379664	-0.1561145757465467	0.1793089362927946	-14.927961315734738	-119.46622519586836	-0.0882039334379664	-0.1561145757465467	0.1793089362927946	-14.927961315734738	-119.46622519586836	0.7865749819327668	0.20104675181014575	0.8118620563962468	-1.81035511062321	14.337701758297422
5640625000.0	5.640625	0.7816574127218249	0.1761843870265245	0.8012672769400291	-1.9244518621283504	12.702112326110152	-0.09671972841371529	-0.1597617748249032	0.1867579464430521	-14.574418202787157	-121.19069946147317	-0.09671972841371529	-0.1597617748249032	0.1867579464430521	-14.574418202787157	-121.19069946147317	0.780264371167094	0.19008308886571124	0.8030840987004477	-1.9047794633154669	13.691345219822601
5644531250.0	5.64453125	0.774289980310629	0.1653571513083132	0.7917499359635178	-2.0282392616329625	12.054980936293909	-0.10591119406930855	-0.16319064693123767	0.19454657096701192	-14.219528391342955	-122.98368560081533	-0.10591119406930855	-0.16319064693123767	0.19454657096701192	-14.219528391342955	-122.98368560081533	0.7732389254571781	0.17922956996525574	0.793739046911579	-2.0064450928637796	13.05016950815589
5648437500.0	5.6484375	0.7661563994504064	0.1547188680546454	0.7816223874422491	-2.140060198595527	11.416860595995395	-0.11581308903559821	-0.16633306552431779	0.2026804388160939	-13.863763282101196	-124.84842179436308	-0.11581308903559821	-0.16633306552431779	0.2026804388160939	-13.863763282101196	-124.84842179436308	0.7654618861417374	0.16855142094072328	0.7837993880048664	-2.115901599148966	12.418113591367614
5652343750.0	5.65234375	0.7572235440128436	0.14434690567691066	0.7708589525885198	-2.2605015885606097	10.79261054064772	-0.126456222991575	-0.16911061004893385	0.21116243691626954	-13.507666693491501	-126.78812057573118	-0.126456222991575	-0.16911061004893385	0.21116243691626954	-13.507666693491501	-126.78812057573118	0.7569002643939292	0.15812401806498322	0.7732407227562547	-2.2337056380685314	11.799950276907806
5656250000.0	5.65625	0.747464153305409	0.13432963965661293	0.7594386825589328	-2.3901457105814594	10.188090711064165	-0.13786553462529105	-0.1714339099789669	0.2199920251468081	-13.151861246965906	-128.80591308648843	-0.13786553462529105	-0.1714339099789669	0.2199920251468081	-13.151861246965906	-128.80591308648843	0.7475267349320959	0.1480335428101609	0.7620434037738057	-2.360405836131184	11.20142077959713
5660156250.0	5.66015625	0.7368591602428051	0.12476685343580907	0.7473474357686688	-2.5295490250555113	9.6103149152838	-0.15005778443793508	-0.1732022403863878	0.2291644709488926	-12.79705426698126	-130.90478067267034	-0.15005778443793508	-0.1732022403863878	0.2291644709488926	-12.79705426698126	-130.90478067267034	0.7373219112461257	0.13837738914187514	0.7501945765128948	-2.496521597601856	10.629378689578411
5664062500.0	5.6640625	0.7254004140931893	0.1157697581606667	0.7345804228749564	-2.679213002272233	9.067609792968604	-0.16303885568355495	-0.17430349333365633	0.23867001539975446	-12.44404277733402	-133.08747265858855	-0.16303885568355495	-0.17430349333365633	0.23867001539975446	-12.44404277733402	-133.08747265858855	0.7262770093643167	0.12926420042778508	0.7376906721949319	-2.6425141597569297	10.091937558561478
5667968750.0	5.66796875	0.713093772475926	0.10746048148109533	0.721145258199828	-2.8395449557997092	8.569770017418056	-0.1768006879847468	-0.17461467336011346	0.24849299270711622	-12.093717069924075	-135.35640956604306	-0.1768006879847468	-0.17461467336011346	0.24849299270711622	-12.093717069924075	-135.35640956604306	0.7143968763526345	0.12081338922324036	0.7245403866990491	-2.7987480290683253	9.598612267760403
5671875000.0	5.671875	0.699962492018629	0.0999708564821904	0.7070655290556258	-3.0108067003428634	8.128194331850102	-0.19131791287935357	-0.17400308440228474	0.2586109378391033	-11.747062215352994	-137.71357174168367	-0.19131791287935357	-0.17400308440228474	0.2586109378391033	-11.747062215352994	-137.71357174168367	0.7017033155673849	0.11315397418796636	0.710768151335435	-2.965440812865471	9.160438661023486
5673828125.0	5.673828125	0.6931005128514546	0.09657677192500902	0.6997966803225095	-3.100562440864345	7.932530631010569	-0.19884626800587923	-0.17330761647437065	0.26377143178876195	-11.575444864826864	-138.92570528979644	-0.19884626800587923	-0.17330761647437065	0.26377143178876195	-11.575444864826864	-138.92570528979644	0.6950638094667698	0.10966350840009453	0.7036616973411838	-3.052721768597957	8.965918140418342
5675781250.0	5.67578125	0.6860507871437735	0.09344033358729353	0.6923848485354774	-3.193048887262501	7.7559790439732925	-0.20654431981287255	-0.17232838383252227	0.2689937321226859	-11.40515678926371	-140.1603743645634	-0.20654431981287255	-0.17232838383252227	0.2689937321226859	-11.40515678926371	-140.1603743645634	0.6882385820881936	0.10642255994060434	0.6964180548629384	-3.142599563681638	8.790048293352932
5677734375.0	5.677734375	0.6788226952596623	0.09057964946468333	0.6848393421064076	-3.288225972198184	7.600444826664249	-0.21440245988508003	-0.17104715499181186	0.2742727548182033	-11.236346627332454	-141.41764518329202	-0.21440245988508003	-0.17104715499181186	0.2742727548182033	-11.236346627332454	-141.41764518329202	0.6812366806222384	0.10344889097184029	0.6890465064627419	-3.2350292971588948	8.634657040506069
5679687500.0	5.6796875	0.671427352944366	0.08801284855207525	0.6771712868928574	-3.3860292985733	7.467935228455376	-0.22240935383748692	-0.1694456693745437	0.2796028532475941	-11.069168021662815	-142.69753116377393	-0.22240935383748692	-0.1694456693745437	0.2796028532475941	-11.069168021662815	-142.69753116377393	0.6740688497629511	0.10076029523993157	0.6815581056062543	-3.329942257526948	8.501665399239531
5681640625.0	5.681640625	0.6638776984262847	0.08575791739400951	0.6693937696629233	-3.4863666825168735	7.360552452933186	-0.2305518543690545	-0.1675057987258436	0.28497780643375115	-10.903779215174513	-143.9999883512138	-0.2305518543690545	-0.1675057987258436	0.28497780643375115	-10.903779215174513	-143.9999883512138	0.6667476179839535	0.09837443870592444	0.6739658123955411	-3.4272426587457288	8.393079879619554
5683593750.0	5.68359375	0.6561885655826842	0.08383251721990215	0.6615219758593708	-3.5891144781786872	7.280483244268234	-0.23881492803095514	-0.1652097277830552	0.29039081253473137	-10.7403425616832	-145.32491087887422	-0.23881492803095514	-0.1652097277830552	0.29039081253473137	-10.7403425616832	-145.32491087887422	0.6592873703037891	0.09630868108929169	0.6662846228866793	-3.5268041930651535	8.310981600966334
5685546875.0	5.685546875	0.6483767395999178	0.08225378232735503	0.6535733173572614	-3.694113730524075	7.229984498179113	-0.2471815992417828	-0.16254015355483314	0.29583448839064397	-10.579023946563606	-146.67212653036552	-0.2471815992417828	-0.16254015355483314	0.29583448839064397	-10.579023946563606	-146.67212653036552	0.6517044040437969	0.09457987894966724	0.6585316877358403	-3.6284664496487022	8.257511577995931
5687500000.0	5.6875	0.6404609914107557	0.08103810099513709	0.6455675451350897	-3.8011662238063493	7.2113642643502684	-0.2556329152308285	-0.15948050195458832	0.30130087595806854	-10.419992114411878	-148.04139247967893	-0.2556329152308285	-0.15948050195458832	0.30130087595806854	-10.419992114411878	-148.04139247967893	0.6440169639328219	0.09320417153671579	0.6507264151892831	-3.7320312684857	8.234851605137516
5689453125.0	5.689453125	0.6324620871451272	0.08020088090088118	0.6375268409825957	-3.9100305192059763	7.226957497439924	-0.26414793563859856	-0.15601515984731235	0.3067814564218568	-10.263417902091694	-149.4323912925645	-0.26414793563859856	-0.15601515984731235	0.3067814564218568	-10.263417902091694	-149.4323912925645	0.6362452528632314	0.09219675131622629	0.6428905526948295	-3.83725912336562	8.245200170269642
5691406250.0	5.69140625	0.6244027689098625	0.07975630177163762	0.6294758815829179	-4.0204181052800845	7.279095936852761	-0.2727037504277181	-0.15212971982342577	0.31226717270775867	-10.109473377273908	-150.84472727930927	-0.2727037504277181	-0.15212971982342577	0.31226717270775867	-10.109473377273908	-150.84472727930927	0.6284114146754773	0.09157162181802825	0.6350482407005146	-3.9438656556008067	8.29074286448578
5693359375.0	5.693359375	0.6163077034409475	0.07971705878711144	0.6214418675808082	-4.131989818956033	7.370071563762543	-0.28127552953459795	-0.14781123422973552	0.31774846101828125	-9.958330884582896	-152.27792329390374	-0.28127552953459795	-0.14781123422973552	0.31774846101828125	-9.958330884582896	-152.27792329390374	0.6205394855662454	0.0913413462273096	0.6272260315687143	-4.051518511190374	8.373616833798934
5695312500.0	5.6953125	0.6082033955665547	0.08009410105611581	0.6134545096440928	-4.244352731862189	7.502093211579078	-0.2898366073043087	-0.14304847419399752	0.32321529187664194	-9.8101620037078	-153.73141807765361	-0.2898366073043087	-0.14304847419399752	0.32321529187664194	-9.8101620037078	-153.73141807765361	0.6126553110963588	0.09151679092705645	0.6194528660327295	-4.1598346671354225	8.495868954305031
5697265625.0	5.697265625	0.6001180639959025	0.08089637026153351	0.6055459631239244	-4.35705773502647	7.677236108289185	-0.2983586041831846	-0.13783218861158256	0.32865722098806394	-9.665136426301899	-155.20456424589486	-0.2983586041831846	-0.13783218861158256	0.32865722098806394	-9.665136426301899	-155.20456424589486	0.6047864263339106	0.09210686896108267	0.6117599993359787	-4.268378465810435	8.659407616936896
5699218750.0	5.69921875	0.5920814777127548	0.08213054527583075	0.5977507028166714	-4.46959809163906	7.897384420344857	-0.306811587390465	-0.1321553573610339	0.3340634500155315	-9.52342076110128	-156.69662701434532	-0.306811587390465	-0.1321553573610339	0.3340634500155315	-9.52342076110128	-156.69662701434532	0.5969618974108428	0.0931182890836495	0.604180869212374	-4.376660606975972	8.865948293072025
5701171875.0	5.701171875	0.5841247522005117	0.08380079914225624	0.5901053296405566	-4.581409258718687	8.164167259672755	-0.31516427135441266	-0.12601343242560903	0.3394228971210419	-9.38517727938258	-158.20678375630703	-0.31516427135441266	-0.12601343242560903	0.3394228971210419	-9.38517727938258	-158.20678375630703	0.5892121236950852	0.09455531664811545	0.5967508982948394	-4.4841383714615	9.116953426093703
5703125000.0	5.703125	0.5762801058427724	0.08590857524822848	0.5826483018865991	-4.691870298963508	8.478889113473883	-0.3233842575949457	-0.11940456016754622	0.3447242768489614	-9.250562615549624	-159.73412447320172	-0.3233842575949457	-0.11940456016754622	0.3447242768489614	-9.250562615549624	-159.73412447320172	0.5815686008703933	0.09641955301638983	0.5895072244868821	-4.590217364030536	9.413567658514204
5705078125.0	5.705078125	0.5685805781011352	0.08845238974013925	0.5754195852111419	-4.80030720746889	8.842456256129616	-0.3314383124912773	-0.11232977777736387	0.34995618863305955	-9.119726440186716	-161.27765324860962	-0.3314383124912773	-0.11232977777736387	0.34995618863305955	-9.119726440186716	-161.27765324860962	0.5740636464454687	0.09870974039704783	0.5824883544067818	-4.694255059856237	9.756549951660919
5707031250.0	5.70703125	0.5610597124295598	0.09142766720067996	0.5684602178176574	-4.905998457231322	9.255301384293771	-0.3392926800301929	-0.10479317694387923	0.3551072129034583	-8.992810125223311	-162.83629074011273	-0.3392926800301929	-0.10479317694387923	0.3551072129034583	-8.992810125223311	-162.83629074011273	0.5667300905423567	0.10142159900128922	0.5757337373040824	-4.795566413304953	10.146204763906585
5708984375.0	5.708984375	0.5537512082876972	0.09482661629706923	0.5618117904053244	-5.008183015246988	9.717309441399326	-0.3469134252416495	-0.09680202809538034	0.3601660134663907	-8.869945422800235	-164.40887774398536	-0.3469134252416495	-0.09680202809538034	0.3601660134663907	-8.869945422800235	-164.40887774398536	0.559600936189094	0.10454770310896855	0.5692832599058851	-4.893431733478893	10.582315085730523
5710937500.0	5.7109375	0.5466885479994643	0.09863815149009403	0.5555158444573344	-5.1060709914467655	10.22774830513629	-0.3542668026575407	-0.08836685916958764	0.36512144454235307	-8.751253180889877	-165.9941798455273	-0.3542668026575407	-0.08836685916958764	0.36512144454235307	-8.751253180889877	-165.9941798455273	0.5527089946995905	0.10807740204082195	0.5631766664677482	-4.987106943591096	11.064080728373455
5712890625.0	5.712890625	0.5399046054950536	0.10284786596462925	0.5496131972289674	-5.198856952197753	10.785208616903414	-0.3613196428484632	-0.07950148378500886	0.36996266059179406	-8.636842119592487	-167.59089314316134	-0.3613196428484632	-0.07950148378500886	0.36996266059179406	-8.636842119592487	-167.59089314316134	0.5460865029939186	0.1119967911320856	0.5574529127881663	-5.075836218687395	11.590065751992588
5714843750.0	5.71484375	0.533431245098678	0.10743805971585263	0.5441432071826616	-5.28573575955166	11.387557433018104	-0.368039748977425	-0.07022297489569634	0.3746792268468691	-8.526807692213378	-169.197651008099	-0.368039748977425	-0.07022297489569634	0.3746792268468691	-8.526807692213378	-169.197651008099	0.5397647308199991	0.116288736610064	0.552149467897553	-5.1588668404780025	12.158159209930739
5716796875.0	5.716796875	0.5272989194063576	0.11238782523578417	0.5391429992760192	-5.36592059386333	12.03191046228717	-0.3743962944320507	-0.06055158148200585	0.37926122831687237	-8.421231054654655	-170.8130318143403	-0.3743962944320507	-0.06055158148200585	0.37926122831687237	-8.421231054654655	-170.8130318143403	0.5337735867103367	0.120932956826314	0.5473015822344865	-5.235465926434996	12.765553384801745
5718750000.0	5.71875	0.5215362758716586	0.11767319154582756	0.5346466749720415	-5.438662595167875	12.71462732015913	-0.38036021202387216	-0.05051058750860613	0.3836993749555888	-8.320178165294024	-172.43556754707797	-0.38036021202387216	-0.05051058750860613	0.3836993749555888	-8.320178165294024	-172.43556754707797	0.528141232079808	0.1259061606355263	0.5429415459409572	-5.3049384963189725	13.408743317094888
5722656250.0	5.72265625	0.5112233783056059	0.12914078727264422	0.5272823583845709	-5.559135177747796	14.176970647000958	-0.3910048905054901	-0.029426868525367564	0.39211065401289413	-8.131827147051219	-175.6960566280597	-0.3910048905054901	-0.029426868525367564	0.39211065401289413	-8.131827147051219	-175.6960566280597	0.5180546197390539	0.13673252739221553	0.5357950849718935	-5.420025492771039	14.785173375122183
5726562500.0	5.7265625	0.5026721599899885	0.1415967752370857	0.5222345710373284	-5.642687640158711	15.731897459849998	-0.39978977121780174	-0.007209971031857006	0.3998547797046604	-7.9619541646511385	-178.96681665366913	-0.39978977121780174	-0.007209971031857006	0.3998547797046604	-7.9619541646511385	-178.96681665366913	0.5096820044369083	0.14853000297037133	0.5308831391457097	-5.500021352745885	16.247020714002577
5730468750.0	5.73046875	0.49601303866239155	0.15476610370231425	0.5195974224130587	-5.686660240300511	17.328978179464112	-0.40657910937554065	0.015871154887844113	0.4068887633470379	-7.810486069425286	177.76454642216063	-0.40657910937554065	0.015871154887844113	0.4068887633470379	-7.810486069425286	177.76454642216063	0.5031525538873667	0.16103011698557723	0.5282927134267215	-5.542507587146708	17.74687177735681
5734375000.0	5.734375	0.49132143698549396	0.1683552536000552	0.5193652335844493	-5.690542509913237	18.914437334125708	-0.4112911963520967	0.03952911389756754	0.41318639745551383	-7.677079687252113	174.51017609334232	-0.4112911963520967	0.03952911389756754	0.41318639745551383	-7.677079687252113	174.51017609334232	0.49854173052988465	0.17394596837157494	0.5280161522079198	-5.547055840707235	19.23436720005886
5738281250.0	5.73828125	0.4886157523811836	0.18206574729621727	0.5214338786591836	-5.656015104445098	20.436167693683718	-0.41390039569965953	0.0634714139573198	0.41873877053608993	-7.56113652851584	171.2816386790198	-0.41390039569965953	0.0634714139573198	0.41873877053608993	-7.56113652851584	171.2816386790198	0.4958692164391417	0.1869854303038645	0.5299526686015362	-5.515258331874396	20.660766269069487
5742187500.0	5.7421875	0.4878591474448011	0.19560737615224721	0.5256127789073768	-5.586681691587531	21.848342771235266	-0.4144353981648854	0.08741354835131032	0.423553807310776	-7.461828200938419	168.08963412212438	-0.4144353981648854	0.08741354835131032	0.423553807310776	-7.461828200938419	168.08963412212438	0.49510057833147386	0.19986410483354522	0.533919697206494	-5.450481139676647	21.983133841503033
5746093750.0	5.74609375	0.4889647463270737	0.20870997820968284	0.5316449737888865	-5.487565752397083	23.114754459523773	-0.4129741019183825	0.11109065371484034	0.4276549335598564	-7.378130269004306	164.9437607730517	-0.4129741019183825	0.11109065371484034	0.4276549335598564	-7.378130269004306	164.9437607730517	0.49615227457473815	0.21231688103494784	0.5396716942161175	-5.357407201716871	23.167382475105665
5750000000.0	5.75	0.49180346266692	0.22113287212163768	0.5392312982607159	-5.364498165232204	24.21043138535731	-0.409635881028555	0.13426685719296869	0.43107904607683906	-7.3088617370475175	161.85234462398446	-0.409635881028555	0.13426685719296869	0.43107904607683906	-7.3088617370475175	161.85234462398446	0.49889925226714166	0.22410721701121084	0.5469227629466733	-5.241480017919365	24.18977599883649
5753906250.0	5.75390625	0.4962134796531148	0.23267142625920756	0.5480545684390798	-5.223523954687609	25.121589620313568	-0.4045722092284764	0.15674179393366186	0.4338740167900731	-7.252727149643343	158.82233680172675	-0.4045722092284764	0.15674179393366186	0.4338740167900731	-7.252727149643343	158.82233680172675	0.5031841794373284	0.2350336295451516	0.5553693594835648	-5.108361691365458	25.036932277478392
5757812500.0	5.7578125	0.5020103662004591	0.2431606328355571	0.5578005926258126	-5.070420573217826	25.84432854843503	-0.3979566435177731	0.1783541626592329	0.4360959727603639	-7.208358478227278	155.85927693522012	-0.3979566435177731	0.1783541626592329	0.4360959727603639	-7.208358478227278	155.85927693522012	0.5088273190722411	0.24493325744156347	0.5647101391290752	-4.963488292428057	25.704681452546534
5761718750.0	5.76171875	0.5089969212869818	0.25247589624169686	0.5681742198152553	-4.910369514548872	26.38262414417721	-0.38997506638056717	0.19898252307519573	0.437806574742658	-7.174354414383398	152.96731506763936	-0.38997506638056717	0.19898252307519573	0.437806574742658	-7.174354414383398	152.96731506763936	0.515636155206296	0.25368269735341387	0.5746612528198114	-4.811761693443859	26.19626540403398
5765625000.0	5.765625	0.5169720434707971	0.26053148774714385	0.5789099669535082	-4.747779464506127	26.746122464535937	-0.3808168834606849	0.21854377986452078	0.4390704754890506	-7.149315305431442	150.14928150437584	-0.3808168834606849	0.21854377986452078	0.4390704754890506	-7.149315305431442	150.14928150437584	0.5234140802832589	0.2611965499453357	0.5849666119891938	-4.657378426823406	26.520328890785827
5769531250.0	5.76953125	0.5257381695212444	0.26727724969082867	0.5897777132902211	-4.5862328546722395	26.948087834400507	-0.370667629735965	0.23698992836924582	0.43995308600183575	-7.1318726328578785	147.40679243940951	-0.370667629735965	0.23698992836924582	0.43995308600183575	-7.1318726328578785	147.40679243940951	0.5319676937489932	0.2674242440066026	0.5954035215508265	-4.503772020404327	26.689027517864403
5773437500.0	5.7734375	0.535107066875981	0.27269416046877115	0.6005844471632473	-4.4285183711002905	27.00369688320792	-0.35970319916672433	0.254303665716549	0.44051872365161787	-7.120712555219578	144.74037916450348	-0.35970319916672433	0.254303665716549	0.44051872365161787	-7.120712555219578	144.74037916450348	0.5411124972421996	0.272345735267596	0.6057845608713851	-4.353635987306779	26.71643462498977
5777343750.0	5.77734375	0.5449039662163682	0.27678932169020753	0.6111731841303691	-4.276714182878164	26.928739683955076	-0.3480857132406352	0.27049342240052343	0.4408291679598682	-7.1145935524116934	142.14962975541803	-0.3480857132406352	0.27049342240052343	0.4408291679598682	-7.1145935524116934	142.14962975541803	0.5506769693153725	0.27596662912700887	0.6159567394923833	-4.208995771629961	26.617312092769335
5781250000.0	5.78125	0.5549701666801391	0.2795908310105142	0.6214200823035343	-4.132294316996499	26.738706994078356	-0.3359608988806164	0.2855882729899178	0.4409426121912415	-7.112358588441649	139.6333339154363	-0.3359608988806164	0.2855882729899178	0.4409426121912415	-7.112358588441649	139.6333339154363	0.5605051463333749	0.27831318169374697	0.6257988863610214	-4.071304280737819	26.40623348600199
5785156250.0	5.78515625	0.5651643351970861	0.2811428863308123	0.6312305825236799	-3.996239362654413	26.44820202421736	-0.3234567578025427	0.29963306836027576	0.44091297307192767	-7.112942453019314	137.18962374524347	-0.3234567578025427	0.29963306836027576	0.44091297307192767	-7.112942453019314	137.18962374524347	0.570457924015499	0.27942751884634687	0.6352180581191772	-3.9415432837213316	26.097008276714913
5789062500.0	5.7890625	0.5753627607090985	0.28150135066786186	0.6405351800163874	-3.869140251487736	26.070603216086962	-0.31068327019059083	0.31268401682651126	0.4407895061762265	-7.115375064613963	134.81610529318456	-0.31068327019059083	0.31268401682651126	0.4407895061762265	-7.115375064613963	134.81610529318456	0.580413333274924	0.2793632993893682	0.644145550701875	-3.820319773161904	25.702342448929443
5792968750.0	5.79296875	0.5854588257729784	0.2807299055473087	0.6492852351194162	-3.7512894592265855	25.61790874305089	-0.29773287352422434	0.32480484117687947	0.44061666880513006	-7.118781544832804	132.50997761723437	-0.29773287352422434	0.32480484117687947	0.44061666880513006	-7.118781544832804	132.50997761723437	0.5902660463703473	0.2781819491328439	0.6525329128258812	-3.707951564906974	25.233672769470115
5796875000.0	5.796875	0.5953619351563639	0.278896840671522	0.6574490714646168	-3.6427576731454807	25.100704843836283	-0.28468147979078984	0.3360635592680265	0.44043417306536087	-7.122379834062871	130.26813765022385	-0.28468147979078984	0.3360635592680265	0.44043417306536087	-7.122379834062871	130.26813765022385	0.5999263475116032	0.27594951419627867	0.6603482087685065	-3.604539917393744	24.701121268562254
5800781250.0	5.80078125	0.6049961048239216	0.27607246998802637	0.6650084928310369	-3.5434561656340664	24.528213214830153	-0.2715898299780798	0.3465298786865296	0.4402771769806189	-7.125476536927096	128.08727036764247	-0.2715898299780798	0.3465298786865296	0.4402771769806189	-7.125476536927096	128.08727036764247	0.6093187670037716	0.2727341252200257	0.667572664870671	-3.510029094106199	24.113527897811533
5804687500.0	5.8046875	0.6142983737931249	0.2723271269654457	0.6719557694715715	-3.4531862563824003	23.90838475168354	-0.2585050251284506	0.35627315889717104	0.44017656885303397	-7.1274615840708755	125.96392462763527	-0.2585050251284506	0.35627315889717104	0.44017656885303397	-7.1274615840708755	125.96392462763527	0.6183805382216306	0.26860402738682465	0.6741977555433536	-3.424253952253442	23.478530198177374
5808593750.0	5.80859375	0.6232171615166451	0.2677296710909636	0.6782910932566781	-3.3716777136862275	23.24801686190724	-0.24546211260113812	0.3653608735622998	0.44015930826556493	-7.127802189427898	123.89457562945687	-0.24546211260113812	0.3653608735622998	0.44015930826556493	-7.127802189427898	123.89457562945687	0.6270599978782038	0.263626110553709	0.6802227334518373	-3.346977155572411	22.802667954899007
5812500000.0	5.8125	0.6317106580858707	0.2623464291497739	0.684020470765986	-3.2986180180048223	22.55287919782769	-0.23248564119132717	0.37385749720025163	0.44024879508407366	-7.126036479572781	121.8756752756831	-0.23248564119132717	0.37385749720025163	0.44024879508407366	-7.126036479572781	121.8756752756831	0.6353150155068754	0.2578648652949973	0.6856525779737932	-3.277917735105504	22.091497963422515
5820312500.0	5.8203125	0.647294402477105	0.24947131579424475	0.6937045342812055	-3.1765093359897167	21.076975051863673	-0.20678640191658632	0.3893160616211177	0.4408260562328251	-7.114654864627486	117.97514070793851	-0.20678640191658632	0.3893160616211177	0.4408260562328251	-7.114654864627486	117.97514070793851	0.6504220830331504	0.24423448311029072	0.6947656934804232	-3.163232690508803	20.581233552290538
5828125000.0	5.828125	0.6608560816995965	0.23416182013931874	0.7011151964765151	-3.084212391484349	19.510816111692993	-0.18144627271049096	0.40308204291004207	0.44203832774665913	-7.090801454320587	114.23476093335717	-0.18144627271049096	0.40308204291004207	0.44203832774665913	-7.090801454320587	114.23476093335717	0.663502107096523	0.22816108059054296	0.7016356068628289	-3.077767586920851	18.976758123619238
5835937500.0	5.8359375	0.672275405632067	0.21681734129837293	0.7063738249011322	-3.0193080434120607	17.87516931868978	-0.1564163272858164	0.41551539810913735	0.4439809832722327	-7.052712626392453	110.62830998635351	-0.1564163272858164	0.41551539810913735	0.4439809832722327	-7.052712626392453	110.62830998635351	0.6744266508714328	0.210034464375092	0.706375101225255	-3.019292349171891	17.29798295786672
5843750000.0	5.84375	0.6814767072687817	0.19778103263814617	0.7095969556172802	-2.979765128505525	16.18400753644741	-0.1315872261386998	0.426903764498642	0.4467236530854274	-6.9992210386525455	107.13119611634214	-0.1315872261386998	0.426903764498642	0.4467236530854274	-6.9992210386525455	107.13119611634214	0.6831103731196577	0.19019030205807907	0.7090924713044282	-2.9859425133046393	15.558165836656176
5851562500.0	5.8515625	0.6884082708971639	0.17734849242748996	0.7108856695741774	-2.964004808629435	14.446471712182458	-0.10680911449427331	0.4374669884787465	0.450317169279292	-6.929629886808177	103.72053951611593	-0.10680911449427331	0.4374669884787465	0.450317169279292	-6.929629886808177	103.72053951611593	0.6894906729121753	0.16891867176623943	0.7098809095222626	-2.9762900587288916	13.765787750321985
5859375000.0	5.859375	0.6930280689372543	0.15577823495954246	0.7103201833131382	-2.9709168988160273	12.668336887859232	-0.08190559787759595	0.4473626744687877	0.4547987351252782	-6.843615036628707	100.37511654936849	-0.08190559787759595	0.4473626744687877	0.4547987351252782	-6.843615036628707	100.37511654936849	0.6935136042109362	0.14647443590347642	0.7088130074983703	-2.989366425328358	11.925959152662061
5867187500.0	5.8671875	0.6952944503162003	0.13330256446071465	0.7079575879474067	-2.9998551815753896	10.853108723832712	-0.05668343603435365	0.45669129607298103	0.4601955582461438	-6.74115154813669	97.07523201192349	-0.05668343603435365	0.45669129607298103	0.4601955582461438	-6.74115154813669	97.07523201192349	0.6951246520343747	0.12308808804507554	0.7059383537423808	-3.0246644435090673	10.041471999825525
5875000000.0	5.875	0.6951606090778781	0.11013818920636353	0.7038314380128123	-3.050626769040274	9.0028595597573	-0.03093938067806544	0.4655001379004406	0.4665271949866068	-6.622460702299162	93.80256062120043	-0.03093938067806544	0.4655001379004406	0.4665271949866068	-6.622460702299162	93.80256062120043	0.6942632401977302	0.09897642344473367	0.701282952229528	-3.0821343682566167	8.113599596617584
5882812500.0	5.8828125	0.6925719953048253	0.08649631949730696	0.6979524209909205	-3.123483639381599	7.11889239435201	-0.0044653325300776925	0.4737857767946531	0.47380681874316355	-6.487973869258726	90.5399848322786	-0.0044653325300776925	0.4737857767946531	0.47380681874316355	-6.487973869258726	90.5399848322786	0.6908601682685824	0.07435278241477494	0.6948497019880723	-3.162182488230723	6.142727872850719
5890625000.0	5.890625	0.6874661399100601	0.06259219137811223	0.690309695676044	-3.219120534579731	5.2023038182363255	0.022947221952849945	0.48149507478552156	0.4820415770844548	-6.3383100269401815	87.27144685629887	0.022947221952849945	0.48149507478552156	0.4820415770844548	-6.3383100269401815	87.27144685629887	0.6848374818879753	0.049436809726727926	0.6866195269249337	-3.2656769947519044	4.128885770829775
5898437500.0	5.8984375	0.6797746257904449	0.03865401844949634	0.680872730406229	-3.3386811875230986	3.2545047110388645	0.05150269398439423	0.4885248243554572	0.49123215641810386	-6.174264234005563	83.9818270801082	0.05150269398439423	0.4885248243554572	0.49123215641810386	-6.174264234005563	83.9818270801082	0.6761105413178811	0.024463730115706905	0.6765529825315474	-3.3939637412656998	2.0722310739572083
5906250000.0	5.90625	0.6694271449101638	0.014931339899181939	0.6695936433791455	-3.4837735572393087	1.277750592228024	0.08139610606459251	0.49472031673037675	0.5013716364816448	-5.996804770457195	80.65685785558883	0.08139610606459251	0.49472031673037675	0.5013716364816448	-5.996804770457195	80.65685785558883	0.6645922621921247	-0.00030689874378708737	0.6645923330527406	-3.5488934637370084	-0.026458330178212676
5914062500.0	5.9140625	0.6563577328374512	-0.008297372650685642	0.6564101765271646	-3.6564938913388794	-0.7242683189576115	0.11280642367734373	0.49987323469842937	0.5124436944589557	-5.8070769285326564	77.28307998055625	0.11280642367734373	0.49987323469842937	0.5124436944589557	-5.8070769285326564	77.28307998055625	0.6501996578755678	-0.02458310684807552	0.6506642177373897	-3.732861519126296	-2.165239061341941
5921875000.0	5.921875	0.6405133636201135	-0.030718152049912684	0.6412495410067076	-3.859458654782287	-2.745724068213668	0.14588796370037754	0.5037194281692244	0.5244202134431635	-5.606411541102015	73.84784844527292	0.14588796370037754	0.5037194281692244	0.5244202134431635	-5.606411541102015	73.84784844527292	0.6328629078578415	-0.04803343287273165	0.6346831263046324	-3.948860953846908	-4.340350059039276
5929687500.0	5.9296875	0.6218651046630482	-0.051976536053618405	0.6240334676102853	-4.095842359918709	-4.7777730206568085	0.18075943432470257	0.5059373266442404	0.5372583657694938	-5.3963362657581655	70.33939358492641	0.18075943432470257	0.5059373266442404	0.5372583657694938	-5.3963362657581655	70.33939358492641	0.6125371953816072	-0.07028140491912382	0.6165559922694541	-4.200549540182682	-6.545390760072753
5937500000.0	5.9375	0.6004219493442157	-0.0716749086655406	0.6046848847015456	-4.36941774621279	-6.807425862770512	0.21749032239285504	0.5061479775287907	0.550897282159781	-5.178587404082725	66.7469431051907	0.21749032239285504	0.5061479775287907	0.550897282159781	-5.178587404082725	66.7469431051907	0.5892174732531346	-0.09090241857873793	0.5961882928155101	-4.492331126803836	-8.770248478384586
5945312500.0	5.9453125	0.5762472317085752	-0.08937323305572975	0.5831367308261675	-4.684592044406594	-8.816064681404185	0.25608461530889504	0.5039179532334	0.5652544858635302	-4.955119648097969	63.06090896399386	0.25608461530889504	0.5039179532334	0.5652544858635302	-4.955119648097969	63.06090896399386	0.562956093154507	-0.10942414867943451	0.5734921160173041	-4.829450962184187	-10.999663543111776
5953125000.0	5.953125	0.5494771475353931	-0.10459446789080151	0.5593434887231566	-5.046428262880838	-10.777470881563573	0.29646227110927276	0.4987665967639618	0.5802223679235163	-4.728110657909184	59.27314019761965	0.29646227110927276	0.4987665967639618	0.5802223679235163	-4.728110657909184	59.27314019761965	0.5338828312413249	-0.12533190040435005	0.54839672022471	-5.218103024863108	-13.211271689367113
5960937500.0	5.9609375	0.5203403352031926	-0.11683608832020709	0.5332961053423679	-5.460631759100567	-12.655176434137914	0.3384394637589297	0.4901791936039889	0.5956651009348195	-4.499956875492285	55.377237888706844	0.3384394637589297	0.4901791936039889	0.5956651009348195	-4.499956875492285	55.377237888706844	0.5022262327634432	-0.13808046069591629	0.5208621722699363	-5.665543643090051	-15.372883354708092
5968750000.0	5.96875	0.48917671741602997	-0.1255890359697438	0.505041054586389	-5.933466336414176	-14.398879454268156	0.3817094271991955	0.4776275483231154	0.6114165206550178	-4.273256613723696	51.36892114409624	0.3817094271991955	0.4776275483231154	0.6114165206550178	-4.273256613723696	51.36892114409624	0.46833438726655874	-0.1471139288435599	0.4908967369581214	-6.180197093826281	-17.438628233888984
5972656250.0	5.97265625	0.4729754356848179	-0.12850292158645082	0.4901211723823986	-6.1939307263139645	-15.1998127147576	0.40369569860517207	0.46970334226567384	0.6193475977251084	-4.161310851446511	49.32194605541756	0.40369569860517207	0.46970334226567384	0.6193475977251084	-4.161310851446511	49.32194605541756	0.4506961171064926	-0.15006776526016052	0.475023498518808	-6.465698122255127	-18.41615145511866
5976562500.0	5.9765625	0.45645294445962875	-0.13036496057080527	0.4747044485261251	-6.471533968485282	-15.939573896562816	0.42582662979940206	0.46059896249835586	0.6272796209832413	-4.050776431248866	47.24642309969977	0.42582662979940206	0.46059896249835586	0.6272796209832413	-4.050776431248866	47.24642309969977	0.4326923081234094	-0.15189453505072015	0.45857887357295246	-6.771719136126441	-19.34337629051322
5980468750.0	5.98046875	0.4396887966798222	-0.13112316589082518	0.45882406493010247	-6.7670762359792125	-16.6055338999467	0.44802337224250816	0.4502588832095212	0.6351834412078405	-3.9420166437916944	45.1425889003834	0.44802337224250816	0.4502588832095212	0.6351834412078405	-3.9420166437916944	45.1425889003834	0.4144066792324467	-0.15253606054876312	0.441588208130833	-7.099650644530308	-20.207804235119358
5984375000.0	5.984375	0.4227709798288855	-0.13073166121309776	0.4425223933644625	-7.081294948202498	-17.182953929539764	0.47019785976785144	0.4386336204912644	0.6430283666803065	-3.835397362013513	43.010884179513745	0.47019785976785144	0.4386336204912644	0.6430283666803065	-3.835397362013513	43.010884179513745	0.39593220265603135	-0.15194045505228826	0.4240851459100555	-7.45093877916106	-20.994490874589477
5988281250.0	5.98828125	0.40579553257142265	-0.12915210590768478	0.42585241658973166	-7.414817678308991	-17.654655879362895	0.4922531964488671	0.4256812316480683	0.6507823909660919	-3.731284136514304	40.85196261938013	0.4922531964488671	0.4256812316480683	0.6507823909660919	-3.731284136514304	40.85196261938013	0.37737073531081555	-0.15006366447437625	0.406113007997163	-7.827061992473943	-21.685529476105476
5992187500.0	5.9921875	0.3888659073641671	-0.1263551342209568	0.40887933899153306	-7.768096682954342	-18.000658585786365	0.5140843063256171	0.41136883138220287	0.6584124766763234	-3.630038959915135	38.66669766398687	0.5140843063256171	0.41136883138220287	0.6584124766763234	-3.630038959915135	38.66669766398687	0.35883237808330803	-0.1468710317872406	0.3877264184178978	-8.22949213140465	-22.25941392017829
5996093750.0	5.99609375	0.3720920618653699	-0.12232176046037702	0.39168241674263105	-8.141318483929068	-18.19779260314798	0.5355788635208707	0.39567407541872857	0.6658848947143742	-3.5320167352351928	36.456186786325915	0.5355788635208707	0.39567407541872857	0.6658848947143742	-3.5320167352351928	36.456186786325915	0.34043454311130134	-0.14233883311614792	0.36899325407962014	-8.659631470465223	-22.69025611643523
6000000000.0	6.0	0.3555892716826787	-0.1170446953067883	0.37435703657775254	-8.53427998542333	-18.21932165749052	0.5566185113131141	0.378586555000795	0.6731656161479115	-3.437561499158609	34.221752767304764	0.5566185113131141	0.378586555000795	0.6731656161479115	-3.437561499158609	34.221752767304764	0.3223007194096552	-0.13645572682577578	0.34999702729527865	-9.118712886408172	-22.946834789733444
6003906250.0	6.00390625	0.3394766690274138	-0.11052951370843767	0.3570170615174742	-8.94622057714901	-18.03462527347964	0.577080366344444	0.36010904066305927	0.6802207512179459	-3.3470024671197285	31.96494157656304	0.577080366344444	0.36010904066305927	0.6802207512179459	-3.3470024671197285	31.96494157656304	0.3045589399440173	-0.1292240515759897	0.3308398455530071	-9.607643811791926	-22.991463534900518
6007812500.0	6.0078125	0.32387552572869616	-0.10279561300593953	0.3397974311546605	-9.375598173822858	-17.60903986463068	0.5968387897846656	0.3402585116014514	0.6870170272335754	-3.2606499824787076	29.687516516156638	0.5968387897846656	0.3402585116014514	0.6870170272335754	-3.2606499824787076	29.687516516156638	0.28733996810043977	-0.12066090696722931	0.3116461322367343	-10.126765173204262	-22.778697015528607
6011718750.0	6.01171875	0.30890731406999694	-0.09387690167676621	0.32285693635783785	-9.819797572830582	-16.904021520937526	0.6157673916991021	0.31906690852461234	0.6935222943751476	-3.178791465614199	27.391448385255057	0.6157673916991021	0.31906690852461234	0.6935222943751476	-3.178791465614199	27.391448385255057	0.2707752376562144	-0.11079895180820043	0.29256732054276896	-10.67548371462848	-22.253965394905457
6015625000.0	6.015625	0.2946915940535067	-0.08382216485681027	0.306380957187419	-10.2747646270962	-15.87788808972753	0.6337412190953947	0.29658155361329397	0.6997060459394303	-3.101687469397935	25.078901545677404	0.6337412190953947	0.29658155361329397	0.6997060459394303	-3.101687469397935	25.078901545677404	0.2549945967795722	-0.09968686077089672	0.27378771812689623	-11.251720756571821	-21.352374767535338
6019531250.0	6.01953125	0.28134378978699254	-0.07269506277672866	0.2905837232258888	-10.73457431907758	-14.487517706374591	0.650639063380752	0.27286519133435	0.7055399375222593	-3.029567954149388	22.752215910054183	0.650639063380752	0.27286519133435	0.7055399375222593	-3.029567954149388	22.752215910054183	0.24012392200510424	-0.08738939048066485	0.2555316095665965	-11.851107389157832	-19.99819437468186
6023437500.0	6.0234375	0.26897292944306617	-0.06057373224049534	0.2757092922096168	-11.190971933063668	-12.69149853312394	0.6663458105755318	0.24799561816586926	0.7109982882546443	-2.9626288968662013	20.41388503016927	0.6663458105755318	0.24799561816586926	0.7109982882546443	-2.9626288968662013	20.41388503016927	0.2262826811676658	-0.0739870207447082	0.23807127301525774	-12.465860115727228	-18.10604835382521
6027343750.0	6.02734375	0.257679431422319	-0.04754997864681565	0.2620299407461717	-11.632981627198902	-10.455262629303137	0.6807547488950596	0.22206488715909015	0.7160585466651139	-2.901029345627835	18.06653062416664	0.6807547488950596	0.22206488715909015	0.7160585466651139	-2.901029345627835	18.06653062416664	0.21358153358106563	-0.05957515501637678	0.22173468511278335	-13.083327330776775	-15.58559471049778
6031250000.0	6.03125	0.24755302291475034	-0.03372806576959553	0.24984011202124665	-12.046756681048802	-7.758539031282883	0.6937697443273736	0.1951780936281191	0.7207017041580908	-2.8448890202908257	15.712874037927449	0.6937697443273736	0.1951780936281191	0.7207017041580908	-2.8448890202908257	15.712874037927449	0.20212006016637846	-0.04426288523971822	0.20690993628002718	-13.684373060733614	-12.352375539027433
6035156250.0	6.03515625	0.23867087529663739	-0.019223131186642206	0.2394437626823507	-12.415929429927417	-4.604800977126079	0.7053071963474322	0.16745176969554218	0.7249126405254941	-2.7942865450958103	13.355705277573334	0.7053071963474322	0.16745176969554218	0.7249126405254941	-2.7942865450958103	13.355705277573334	0.19198471497370523	-0.028171348453561507	0.1940406031149842	-14.242147683485701	-8.347862001314125
6039062500.0	6.0390625	0.2310960334847763	-0.00415927527335147	0.2311334598520871	-12.722743593467527	-1.031100312061605	0.7152976931886731	0.13901193627419997	0.7286803883100871	-2.7492583782244773	10.997850366624938	0.7152976931886731	0.13901193627419997	0.7286803883100871	-2.7492583782244773	10.997850366624938	0.1832470822968723	-0.01143172424509964	0.1836033155733651	-14.72238960842371	-3.569725795244894
6042968750.0	6.04296875	0.22487620379009898	0.011332610587976522	0.22516157552696428	-12.950114422099139	2.8849736426406083	0.7236872988612717	0.10999187962033101	0.7319983060878877	-2.709798478764796	8.642137864131	0.7236872988612717	0.10999187962033101	0.7319983060878877	-2.709798478764796	8.642137864131	0.17596251061806778	0.005817058448712498	0.1760586360051939	-15.086853342303241	1.893423559079186
6046875000.0	6.046875	0.2200429477921717	0.027117196996276904	0.22170755793613192	-13.084390033604816	7.02547597169869	0.7304384215318485	0.08052973428082977	0.7348641546253833	-2.675858724418701	6.29136542270284	0.7304384215318485	0.08052973428082977	0.7348641546253833	-2.675858724418701	6.29136542270284	0.1701691767773244	0.0234308212258596	0.17177471323914495	-15.30081535596066	7.839835535537693
6050781250.0	6.05078125	0.21661130957549773	0.04305716216870814	0.22084922152915676	-13.118082544927503	11.242492172618643	0.7355302336526387	0.050765963839083904	0.7372800741248989	-2.647350065313609	3.9482672644982455	0.7355302336526387	0.050765963839083904	0.7372800741248989	-2.647350065313609	3.9482672644982455	0.16588761237869115	0.041262748598254406	0.1709424299657216	-15.34300253576933	13.96823302592695
6054687500.0	6.0546875	0.2145798819258502	0.0590156383973619	0.2225474585403302	-13.051547218661558	15.377783097231415	0.7389586367044627	0.02084083458370497	0.7392524650931259	-2.624144372234203	1.6154834088804302	0.7389586367044627	0.02084083458370497	0.7392524650931259	-2.624144372234203	1.6154834088804302	0.16312070121398337	0.05916601449635639	0.17351939498489696	-15.21303950516758	19.936371340778244
6058593750.0	6.05859375	0.21393129551143708	0.07485857005306329	0.2266504019621214	-12.892870127757625	19.285898521574726	0.7407357858057683	-0.00910802510465238	0.7407917794458818	-2.6060769131612247	-0.7044685987734122	0.7407357858057683	-0.00910802510465238	0.7407917794458818	-2.6060769131612247	-0.7044685987734122	0.16185413325930342	0.07699632662194134	0.17923502661698973	-14.931542306423351	25.44110137731327
6062500000.0	6.0625	0.2146330953350693	0.09045690185544109	0.23291590050144248	-12.656017248256902	22.85294143683337	0.7408892100081801	-0.038947894840173886	0.7419122320187385	-2.5929493716292735	-3.009218825314453	0.7408892100081801	-0.038947894840173886	0.7419122320187385	-2.5929493716292735	-3.009218825314453	0.16205727937833553	0.09461430035033258	0.1876550762177534	-14.53279366167758	30.277769856539507
6066406250.0	6.06640625	0.21663895225499963	0.1056885286651128	0.24104460318692136	-12.358051752184327	26.005693905885302	0.7394605813677998	-0.06855298972751182	0.7426314454676591	-2.5845333051611483	-5.29656646561457	0.7394605813677998	-0.06855298972751182	0.7426314454676591	-2.5845333051611483	-5.29656646561457	0.16368443279518452	0.1118875868369762	0.1982710912555917	-14.05481206217832	34.354819799766695
6070312500.0	6.0703125	0.21989014515770383	0.12043995388374973	0.25071389755854345	-12.016431831749046	28.71074754973867	0.7365041987714838	-0.09780618941951376	0.7429700434720037	-2.5805739325161587	-7.56449740319721	0.7365041987714838	-0.09780618941951376	0.7429700434720037	-2.5805739325161587	-7.56449740319721	0.16667634981494767	0.12869269659967486	0.21057733910782228	-13.531767328722541	37.67213677818955
6074218750.0	6.07421875	0.22431724197787417	0.13460762122337577	0.26160549829844165	-11.64706264918941	30.967001051864738	0.7320852604147184	-0.12660043109191108	0.7429512081349244	-2.580794134843836	-9.811197643772795	0.7320852604147184	-0.12660043109191108	0.7429512081349244	-2.580794134843836	-9.811197643772795	0.17096201380852438	0.14491647859034207	0.22411781707952438	-12.990472324743846	40.286380348535666
6078125000.0	6.078125	0.22984190526705156	0.14809890265847492	0.2734238219055405	-11.263273008865848	32.795755460673966	0.7262780016805671	-0.15483974735427086	0.7426002175369008	-2.5848985577570756	-12.03506260478309	0.7262780016805671	-0.15483974735427086	0.7426002175369008	-2.5848985577570756	-12.03506260478309	0.1764605432565196	0.16045723406500412	0.23850544499062815	-12.45003403458295	42.28054293557412
6082031250.0	6.08203125	0.23637875004417486	0.16083274246819435	0.2859057266342999	-10.875542914472355	34.23147712433793	0.7191637733192707	-0.18243994785405082	0.7419439786316755	-2.5925777081562007	-14.234702384855186	0.7191637733192707	-0.18243994785405082	0.7419439786316755	-2.5925777081562007	-14.234702384855186	0.1830831663105128	0.17522546296348596	0.25342337827645434	-11.923066479806323	43.743705706021736
6085937500.0	6.0859375	0.24383718750988465	0.172739972331724	0.298823814402225	-10.491695898086583	35.31465006489886	0.7108291289941232	-0.20932895901345813	0.741010569228403	-2.6035119504043154	-16.40894325737532	0.7108291289941232	-0.20932895901345813	0.741010569228403	-2.6035119504043154	-16.40894325737532	0.1907351901502894	0.18914425684203584	0.2686176886543272	-11.417307842875047	44.760046952125215
6089843750.0	6.08984375	0.25212319694346635	0.1837633247033872	0.31198568227249857	-10.117306725575158	36.08693121503976	0.70136398239163	-0.23544684917086892	0.739828800859183	-2.6173753200840126	-18.556825728015284	0.70136398239163	-0.23544684917086892	0.739828800859183	-2.6173753200840126	-18.556825728015284	0.19931790241969494	0.20214936582470555	0.2838872880710189	-10.937081078275575	45.40408826815713
6093750000.0	6.09375	0.261140978706656	0.19385718075907588	0.32523102141666493	-9.756160738340476	36.58822924093314	0.6908598832439274	-0.2607455759441088	0.7384278120779567	-2.6338390889245837	-20.677599565168855	0.6908598832439274	-0.2607455759441088	0.7384278120779567	-2.6338390889245837	-20.677599565168855	0.208730353129156	0.214188977086619	0.2990740346851166	-10.48442580707487	45.7394761285719
6097656250.0	6.09765625	0.27079445275426095	0.20298709499133616	0.3384278303796858	-9.410678605133839	36.85516929394134	0.6794084498115545	-0.28518849879344854	0.7368366993570559	-2.652575030509304	-22.77071625507684	0.6794084498115545	-0.28518849879344854	0.7368366993570559	-2.652575030509304	-22.77071625507684	0.2188709775513452	0.2252232489369801	0.31405416201032965	-10.059908934474231	45.819496178903975
6101562500.0	6.1015625	0.2809885785121154	0.21112914122828008	0.3514684844051459	-9.082272227254022	36.92046035260715	0.6670999835455261	-0.30874970272267593	0.7350841904011961	-2.6732583521187125	-24.83581935180987	0.6670999835455261	-0.30874970272267593	0.7350841904011961	-2.6732583521187125	-24.83581935180987	0.22963903285196208	0.23522364781069305	0.3287312730765868	-9.6631795673763	45.68828815192942
6105468750.0	6.10546875	0.29163048271374764	0.21826912485205852	0.3642660419412397	-8.771626264150598	36.812802606685224	0.6540222805355687	-0.33141317921149793	0.7331983625131868	-2.695570272785652	-26.87273318933093	0.6540222805355687	-0.33141317921149793	0.7331983625131868	-2.695570272785652	-26.87273318933093	0.2409358327114718	0.24417213580208985	0.34303076740508937	-9.293338502060516	45.38223193503943
6109375000.0	6.109375	0.30263039127213454	0.2244017038093502	0.3767509500904604	-8.478912876164475	36.5570897982797	0.640259644498578	-0.3531719083459793	0.7312064067130335	-2.719200240781872	-28.881450402412835	0.640259644498578	-0.3531719083459793	0.7312064067130335	-2.719200240781872	-28.881450402412835	0.2526657744368404	0.2520602543180346	0.3568954544101684	-8.949179667793628	44.93126225200086
6113281250.0	6.11328125	0.3139023691858754	0.22952945720270668	0.38886818988479216	-8.203951629338397	36.17475244860545	0.6258920978041933	-0.37402688228504005	0.7291344366888737	-2.743847794975661	-30.862118669380237	0.6258920978041933	-0.37402688228504005	0.7291344366888737	-2.743847794975661	-30.862118669380237	0.26473716167817507	0.2588881455854919	0.3702821042098997	-8.629345539227128	44.36001947470959
6117187500.0	6.1171875	0.32536487870371417	0.2336619353820686	0.4005748423707817	-7.94632659074559	35.68415086227072	0.6109947805222778	-0.3939861052427481	0.7270073403685936	-2.7692240836312996	-32.815027046575835	0.6109947805222778	-0.3939861052427481	0.7270073403685936	-2.7692240836312996	-32.815027046575835	0.27706283269090853	0.26466354871136577	0.38315872334478285	-8.332425648922547	43.688816634125175
6121093750.0	6.12109375	0.33694117050920624	0.23681472002202297	0.4118380312734888	-7.705471016935272	35.10096739896721	0.5956375227054964	-0.4130635995982668	0.7248486709429893	-2.7950530612523594	-34.74059221587516	0.5956375227054964	-0.4130635995982668	0.7248486709429893	-2.7950530612523594	-34.74059221587516	0.2895606091169829	0.2694008012988234	0.39550238696200846	-8.057017821515696	42.93443440775462
6125000000.0	6.125	0.3485595256606093	0.23900851709400528	0.422633191044225	-7.480727981863428	34.43857237113272	0.5798845719690174	-0.4312784420066538	0.7226805735228927	-2.821072389110343	-36.639344915748	0.5798845719690174	-0.4312784420066538	0.7226805735228927	-2.821072389110343	-36.639344915748	0.30215358361670713	0.273119871730251	0.4072974986743316	-7.801765140547214	42.110767261787096
6132812500.0	6.1328125	0.3716612642052004	0.24062251719084493	0.4427542106969353	-7.076745997506557	32.919998985850356	0.547419964704573	-0.4652163169714006	0.7183974104446581	-2.8727048361586514	-40.3590277278543	0.547419964704573	-0.4652163169714006	0.7183974104446581	-2.8727048361586514	-40.3590277278543	0.327344612676718	0.2776060515996177	0.42920812589372087	-7.346641288763064	40.29975889102699
6140625000.0	6.140625	0.3941986089451261	0.23874115377129956	0.4608577674275695	-6.728661767799485	31.200637021675433	0.5140008211500354	-0.4960202385654105	0.7143059017041631	-2.9223152330694635	-43.980117617080666	0.5140008211500354	-0.4960202385654105	0.7143059017041631	-2.9223152330694635	-43.980117617080666	0.3521288174317816	0.2783612524212984	0.44886489160487786	-6.957687240532269	38.32671321122207
6148437500.0	6.1484375	0.41577793649882333	0.23363593014528483	0.47692456461590654	-6.43100616183254	29.332711776326345	0.4799392400370594	-0.5239399836092826	0.7105313367838505	-2.9683352697986924	-47.509708612199475	0.4799392400370594	-0.5239399836092826	0.7105313367838505	-2.9683352697986924	-47.509708612199475	0.3760820922073853	0.2756633281790666	0.4662917655093686	-6.626845078232451	36.24093596280273
6156250000.0	6.15625	0.43607611783392936	0.2255955736343629	0.4909742797627268	-6.178825165674907	27.353914213741238	0.44546678505894977	-0.5492355144241047	0.7071777053156211	-3.0094287893970053	-50.955632911489026	0.44546678505894977	-0.5492355144241047	0.7071777053156211	-3.0094287893970053	-50.955632911489026	0.39885595042764155	0.26981021024978746	0.4815429562838312	-6.347299307033517	34.07679031343128
6164062500.0	6.1640625	0.4548312902512594	0.21491357521451926	0.503050044630862	-5.967776162662139	25.29133070489756	0.4107437962818534	-0.5721624528077703	0.7043297087210171	-3.044479852443387	-54.326202182062815	0.4107437962818534	-0.5721624528077703	0.7043297087210171	-3.044479852443387	-54.326202182062815	0.42016800625052225	0.26110616383494567	0.49468937957989395	-6.113348266917248	31.85817202508559
6171875000.0	6.171875	0.47183308631114024	0.20187977336848473	0.5132074670473985	-5.794140667380629	23.164275164796816	0.37586944639448805	-0.5929615356983613	0.7020550003743709	-3.0725772610102995	-57.63000115589893	0.37586944639448805	-0.5929615356983613	0.7020550003743709	-3.0725772610102995	-57.63000115589893	0.43979174363378787	0.24985235466867928	0.5058092297516238	-5.920265002654447	29.60156328654004
6179687500.0	6.1796875	0.48691320958093154	0.18677528018784106	0.5215069308778654	-5.654798307663303	20.986338979289208	0.34089165290316614	-0.6118513221090351	0.7004064244320057	-3.0929975806532277	-60.87572789476133	0.34089165290316614	-0.6118513221090351	0.7004064244320057	-3.0929975806532277	-60.87572789476133	0.45754654619122714	0.2363409985892886	0.5149814652448211	-5.764168028370427	27.318153354258953
6187500000.0	6.1875	0.4999369024725747	0.16987003844172932	0.528008273054568	-5.547185454104082	18.76688537516403	0.30581632401544684	-0.6290234094346046	0.6994241014227741	-3.105188128709006	-64.07207373070217	0.30581632401544684	-0.6290234094346046	0.6994241014227741	-3.105188128709006	-64.07207373070217	0.4732885910806214	0.22085234633138295	0.5222813890300484	-5.641908990652795	25.0153364209278
6195312500.0	6.1953125	0.5107955981851692	0.1514223649498767	0.5327671871768741	-5.469250619204358	16.51214856358189	0.27061569047466577	-0.6446394880050685	0.6991372693731304	-3.1087509206104857	-67.2276355625073	0.27061569047466577	-0.6446394880050685	0.6991372693731304	-3.1087509206104857	-67.2276355625073	0.48690293568525045	0.20365382005853738	0.527777744134167	-5.550978549978071	22.69778766443621
6203125000.0	6.203125	0.5194008778315604	0.13167993499804065	0.5358328817581874	-5.419412782530637	14.226050882332585	0.23523566663111214	-0.6588296717047065	0.6995658333380177	-3.1034281907028483	-70.35085349515019	0.23523566663111214	-0.6588296717047065	0.6995658333380177	-3.1034281907028483	-70.35085349515019	0.4982969386217935	0.18500072016937175	0.5315309073826635	-5.489429542268941	20.368250279523718
6210937500.0	6.2109375	0.5256797489070615	0.11088176706420905	0.537246651621276	-5.396525651190491	11.910818380192634	0.199602307746634	-0.6716916616318699	0.7007216063199168	-3.089089821932536	-73.44996744872275	0.199602307746634	-0.6716916616318699	0.7007216063199168	-3.089089821932536	-73.44996744872275	0.5073950399902833	0.1651380306719481	0.5335918812922013	-5.455815738382651	18.02812324420949
6218750000.0	6.21875	0.5295712049291713	0.0892608610827681	0.5370411179894623	-5.399849234526592	9.567452635367713	0.16362750415974311	-0.6832904137149212	0.7026092438847178	-3.0657228141444444	-76.5329871320881	0.16362750415974311	-0.6832904137149212	0.7026092438847178	-3.0657228141444444	-76.5329871320881	0.5141348615909709	0.1443029516275398	0.5340018705506442	-5.449144433646098	15.677911982856013
6226562500.0	6.2265625	0.5310240027999742	0.06704721932174129	0.5352399659671209	-5.4290293117197885	7.196100987931002	0.1272140914784802	-0.693658083109533	0.7052268864230057	-3.0334227759351995	-79.60767054936066	0.1272140914784802	-0.693658083109533	0.7052268864230057	-3.0334227759351995	-79.60767054936066	0.5184645596838588	0.1227278693349414	0.5327922949514868	-5.468841288025683	13.317586213498501
6234375000.0	6.234375	0.5299955915731609	0.04447103418755183	0.5318580637432276	-5.484085036713466	4.796356646174193	0.09026057092824769	-0.7027941065869289	0.70856652963403	-2.9923873233918323	-82.6815069167314	0.09026057092824769	-0.7027941065869289	0.70856652963403	-2.9923873233918323	-82.6815069167314	0.5203413573640097	0.10064353608106269	0.5299851408655909	-5.514726129891513	10.946877662015535
6242187500.0	6.2421875	0.5264521340194181	0.021765862228653177	0.5269018904617406	-5.565404864542361	2.367512853281193	0.05266563327199788	-0.7106653603642619	0.712614147592936	-2.94291119623801	-85.76170048593389	0.05266563327199788	-0.7106653603642619	0.712614147592936	-2.94291119623801	-85.76170048593389	0.5197311903590058	0.07828227155469314	0.525593592304693	-5.586998761038445	8.565542911351757
6250000000.0	6.25	0.5203695731111855	-0.0008283799427897254	0.520370232462664	-5.673751100278375	-0.0912094728725934	0.014332668044228947	-0.7172063975106368	0.7173495953880866	-2.885382846311307	-88.85515229855777	0.014332668044228947	-0.7172063975106368	0.7173495953880866	-2.885382846311307	-88.85515229855777	0.516609411051652	0.05588101914065935	0.5196229131662051	-5.686234132648293	6.173612188964174
6257812500.0	6.2578125	0.5117357033084062	-0.023062761646772012	0.5122551327369254	-5.81027362649412	-2.580444076023567	-0.024825580749932828	-0.7223198288566236	0.7227463210691795	-2.8202822060390984	-91.96843735005824	-0.024825580749932828	-0.7223198288566236	0.7227463210691795	-2.8202822060390984	-91.96843735005824	0.5109625045622193	0.033684094805858544	0.5120715763556751	-5.813386599089318	3.7716426775893495
6265625000.0	6.265625	0.500553206327581	-0.04467720242349338	0.5025430974366395	-5.976533755708794	-5.100456386532432	-0.06488208085143782	-0.7258769662428	0.7287709204801353	-2.748179299377724	-95.10777505284891	-0.06488208085143782	-0.7258769662428	0.7287709204801353	-2.748179299377724	-95.10777505284891	0.5027907726759089	0.011945457185166486	0.5029326545725582	-5.9698033090464016	1.3609946438861829
6273437500.0	6.2734375	0.4868435985119788	-0.06539905286376335	0.4912165770081157	-6.174539711048163	-7.650899681839982	-0.10589020828952314	-0.7277188977322396	0.7353825741260289	-2.6697333106804617	-98.278991291199	-0.10589020828952314	-0.7277188977322396	0.7353825741260289	-2.6697333106804617	-98.278991291199	0.4921119318319332	-0.009069691624354004	0.49219550257750033	-6.157247179372901	-1.0558496814521088
6281250000.0	6.28125	0.47065200803882756	-0.08494261683171112	0.47825574834517093	-6.406796026239794	-10.230532838779467	-0.14787803568322427	-0.7276582101470435	0.7425324129167209	-2.5856916767501748	-101.48747079851256	-0.14787803568322427	-0.7276582101470435	0.7425324129167209	-2.5856916767501748	-101.48747079851256	0.4789655463515315	-0.029084189668557858	0.4798477724033922	-6.377930339603326	-3.4749006297208624
6289062500.0	6.2890625	0.4520526516904327	-0.10300986524116418	0.463640628329048	-6.676370285661469	-12.836877869947267	-0.1908422425037255	-0.7254816119212909	0.7501628694888632	-2.49688871506745	-104.73809910375829	-0.1908422425037255	-0.7254816119212909	0.7501628694888632	-2.49688871506745	-104.73809910375829	0.46341817425161974	-0.047809322607757165	0.465877811829365	-6.6345594604726426	-5.890178226112875
6296875000.0	6.296875	0.4311548106826626	-0.11929260776320105	0.4473535481492771	-6.986982274693881	-15.46578779682397	-0.23474176410976932	-0.720953733330102	0.7582070834672929	-2.4042432508324656	-108.0351939306327	-0.23474176410976932	-0.720953733330102	0.7582070834672929	-2.4042432508324656	-108.0351939306327	0.44556903817898413	-0.0649466111646888	0.45027750341930506	-6.930395010771072	-8.293089682575284
6304687500.0	6.3046875	0.4081090131687177	-0.13347638619072932	0.42938201208257587	-7.3431230646423264	-18.110882352688375	-0.27949140110081205	-0.7138223837176041	0.766588441594039	-2.3087546640588865	-111.38242672600781	-0.27949140110081205	-0.7138223837176041	0.766588441594039	-2.3087546640588865	-111.38242672600781	0.425555948046349	-0.08019123424450969	0.4330456084147312	-7.269327225831246	-10.671606567176575
6312500000.0	6.3125	0.38311302111069573	-0.1452463202242551	0.4097219550905849	-7.75021527211027	-20.762786776211247	-0.3249557304033771	-0.7038255163728513	0.7752203455918214	-2.2114967557219742	-114.78273596461584	-0.3249557304033771	-0.7038255163728513	0.7752203455918214	-2.2114967557219742	-114.78273596461584	0.40356109797922973	-0.09323731496856769	0.41419169077221885	-7.655972357425497	-13.009151205428653
6320312500.0	6.3203125	0.35641709985450065	-0.15429506110532265	0.388381403970618	-8.214831453050447	-23.408070573130136	-0.3709437866948461	-0.6907000801611132	0.7840063096825686	-2.113608841992475	-118.2382350222035	-0.3709437866948461	-0.6907000801611132	0.7840063096825686	-2.113608841992475	-118.2382350222035	0.3798162460523617	-0.1037852286896852	0.3937407198391835	-8.09579338125977	-15.283053289367468
6328125000.0	6.328125	0.32832793494362505	-0.16033288017499348	0.36538454445905905	-8.744996539675402	-26.027715264721323	-0.41720510323257154	-0.6741928129420672	0.7928404929026001	-2.0162835429312747	-121.75011869168354	-0.41720510323257154	-0.6741928129420672	0.7928404929026001	-2.0162835429312747	-121.75011869168354	0.3546066749270104	-0.11155097368569011	0.3717385016823197	-8.595249116948613	-17.462357129247277
6335937500.0	6.3359375	0.2992104743993668	-0.16309973205130812	0.34077621775221145	-9.350614431826143	-28.59481647718545	-0.4634277940046646	-0.654072849443457	0.8016087653182898	-1.9207508517782896	-125.31857375246993	-0.4634277940046646	-0.654072849443457	0.8016087653182898	-1.9207508517782896	-125.31857375246993	0.32827324549897874	-0.11627747037677993	0.3482581999431682	-9.161972981316481	-19.504624192093807
6343750000.0	6.34375	0.2694869437869926	-0.16237888838393433	0.31462694777220834	-10.044081656660019	-31.070992023425248	-0.5092393974933406	-0.6301457781119084	0.8101903885085548	-1.8282582653210697	-128.94270025530528	-0.5092393974933406	-0.6301457781119084	0.8101903885085548	-1.8282582653210697	-128.94270025530528	0.3012118205029213	-0.1177474253811166	0.3234084368017719	-9.804973095601529	-21.35114301628171
6351562500.0	6.3515625	0.23963233642799248	-0.15801145371637215	0.2870388060306477	-10.841187702554189	-33.40050672983826	-0.5542111565978494	-0.602268502526362	0.8184603565432308	-1.7400470300249562	-132.62045116468335	-0.5542111565978494	-0.602268502526362	0.8184603565432308	-1.7400470300249562	-132.62045116468335	0.27386937999042943	-0.11579712651879648	0.29734392848409125	-10.534818500131248	-22.91955591866873
6359375000.0	6.359375	0.21016584913299458	-0.1499107815906009	0.2581529131714331	-11.762459394350305	-35.500169539617275	-0.5978662529255474	-0.5703639738298418	0.8262923931818585	-1.6573249064915925	-136.3485984819253	-0.5978662529255474	-0.5703639738298418	0.8262923931818585	-1.6573249064915925	-136.3485984819253	0.24673630208509595	-0.11033025328544999	0.2702805349200332	-11.36370460442854	-24.092215471457028
6367187500.0	6.3671875	0.18163802965235404	-0.13807555448995767	0.22816054120662213	-12.835189233236132	-37.24096230692308	-0.6396922318484614	-0.5344346076782848	0.8335625359692623	-1.5812362548700585	-140.12273372094066	-0.6396922318484614	-0.5344346076782848	0.8335625359692623	-1.5812362548700585	-140.12273372094066	0.22033455568313837	-0.10133053916666879	0.24251844176452603	-12.30510461735448	-24.697417143324852
6375000000.0	6.375	0.15461381874579783	-0.12260013457185259	0.19732264427630902	-14.096461465767469	-38.412454672238155	-0.6791574535344261	-0.4945730399501526	0.8401531637367686	-1.5128306572848436	-143.9373094336721	-0.6791574535344261	-0.4945730399501526	0.8401531637367686	-1.5128306572848436	-143.9373094336721	0.19520194179400996	-0.08887196344073844	0.2144808242383547	-13.37223060102933	-24.478927848565984
6382812500.0	6.3828125	0.12965217117319255	-0.10368079287274479	0.16601021745857641	-15.59730363084688	-38.64877364737166	-0.7157309191037129	-0.4509688682366566	0.8459572499126043	-1.4530316658428046	-147.78572629053787	-0.7157309191037129	-0.4509688682366566	0.8459572499126043	-1.4530316658428046	-147.78572629053787	0.17187299433261793	-0.07312513797879028	0.1867822582187003	-14.573287564650494	-23.047827318969652
6390625000.0	6.390625	0.10728345894285585	-0.08161662700615846	0.13479990492061125	-17.406208282492976	-37.262311725228464	-0.7489043148415848	-0.40391021484259776	0.8508825620745422	-1.4026075330320131	-151.6604670751938	-0.7489043148415848	-0.40391021484259776	0.8508825620745422	-1.4026075330320131	-151.6604670751938	0.15085764713117028	-0.05435873253893719	0.16035242904674815	-15.89848913833303	-19.815678985290305
6398437500.0	6.3984375	0.08798630640320032	-0.056804393269463294	0.1047297914119459	-19.598595228803955	-32.84648629398098	-0.7782146788402629	-0.35377934449314347	0.8548554912688178	-1.3621458843559746	-155.55327510404814	-0.7782146788402629	-0.35377934449314347	0.8548554912688178	-1.3621458843559746	-155.55327510404814	0.1326192065708428	-0.03293516378829686	0.13664764529709914	-17.287956952794474	-13.946899882051733
6406250000.0	6.40625	0.07216578395308826	-0.029727075585105345	0.07804869887708812	-22.152686650291603	-22.388112944408487	-0.8032658176546466	-0.30104214541161	0.8578241936005376	-1.3320341864425125	-159.45537046413878	-0.8032658176546466	-0.30104214541161	0.8578241936005376	-1.3320341864425125	-159.45537046413878	0.11755344668515672	-0.009300330113039212	0.11792077411453626	-18.568193569251367	-4.523576618227992
6414062500.0	6.4140625	0.06013491754267797	-0.0009367109722684397	0.060142212590744	-24.41641197091059	-0.8924140484345768	-0.8237465622270427	-0.24623195929647781	0.8597607670508427	-1.3124475333469565	-163.35769364023685	-0.8237465622270427	-0.24623195929647781	0.8597607670508427	-1.3124475333469565	-163.35769364023685	0.10597069032035233	0.016032167294883326	0.10717657204418857	-19.39800275254733	8.602963856540724
6421875000.0	6.421875	0.05210121981261501	0.02896732522200174	0.05961244028287757	-24.493261992299622	29.073258830784162	-0.8394441879947578	-0.18992891311619778	0.8606622663947099	-1.3033447436562073	-167.25116316022647	-0.8394441879947578	-0.18992891311619778	0.8606622663947099	-1.3033447436562073	-167.25116316022647	0.09808251998836953	0.0425012238925504	0.10689497069382453	-19.42085454901457	23.42810193007892
6429687500.0	6.4296875	0.048159438843892954	0.059362825178798984	0.07644132758506564	-22.33343557994344	50.948523846116764	-0.8502518129031331	-0.13273644280024086	0.8605504683586699	-1.3044730938996774	-171.1269323127128	-0.8502518129031331	-0.13273644280024086	0.8605504683586699	-1.3044730938996774	-171.1269323127128	0.09399429412743582	0.06952122933888738	0.11691077220386961	-18.64290941865177	36.48783088554275
6437500000.0	6.4375	0.04829103269279339	0.08962998999433713	0.10181138907274281	-19.844072743564116	61.68500840137773	-0.8561692520009193	-0.07525700565629416	0.859470421231682	-1.3153813002344663	-174.9766300529564	-0.8561692520009193	-0.07525700565629416	0.859470421231682	-1.3153813002344663	-174.9766300529564	0.0937040021903186	0.09650593329055557	0.13451332717156467	-17.424693699055133	45.843947586794215
6445312500.0	6.4453125	0.05237013223160175	0.11917533710929762	0.13017446648659706	-17.70948387164755	66.27750443786927	-0.8572975323865123	-0.018069001587520027	0.8574879286930942	-1.3354397006631171	-178.79257290119625	-0.8572975323865123	-0.018069001587520027	0.8574879286930942	-1.3354397006631171	-178.79257290119625	0.0971072874503971	0.12289121717345419	0.1566271896394337	-16.102656890851158	51.68459757254773
6453125000.0	6.453125	0.06017508072304362	0.14745247366168157	0.15925850786998386	-15.957947151935079	67.79971991743976	-0.8538279315664624	0.03829332990926705	0.8546862089905297	-1.3638660730960015	177.43206233931053	-0.8538279315664624	0.03829332990926705	0.8546862089905297	-1.3638660730960015	177.43206233931053	0.10400782223056454	0.14815504691781722	0.18101807924173027	-14.845560953134424	54.93037314070625
6460937500.0	6.4609375	0.07140414278962964	0.1739784221321492	0.18806127452273136	-14.514012498622584	67.6857955995709	-0.8460268911028702	0.0933557365022901	0.8511620257078395	-1.399755210224595	173.70311135675803	-0.8460268911028702	0.0933557365022901	0.8511620257078395	-1.399755210224595	173.70311135675803	0.11413173905617541	0.17183332875486146	0.20628317122577694	-13.710724014642366	56.407877718686684
6468750000.0	6.46875	0.08569371876557275	0.19834478578320813	0.21606496125762686	-13.308313118259461	66.63352028713176	-0.8342184153195409	0.14671478420907094	0.8470216008838028	-1.4421102815790365	170.02534280156414	-0.8342184153195409	0.14671478420907094	0.8470216008838028	-1.4421102815790365	170.02534280156414	0.1271445631002756	0.19353095183175495	0.23155986103568343	-12.706734394702192	56.69617634009511
6476562500.0	6.4765625	0.10263738947043965	0.22022364662213922	0.24296684598697735	-12.289059679247254	65.0116657418855	-0.818765583891242	0.19804356202578244	0.8423765985737177	-1.4898741292213074	166.40242485597958	-0.818765583891242	0.19804356202578244	0.8423765985737177	-1.4898741292213074	166.40242485597958	0.1426690653494304	0.2129278732743789	0.25630595276901	-11.824826142041902	56.17654230829631
6484375000.0	6.484375	0.12180431110157891	0.2393686052788182	0.2685770269327905	-11.418622759854637	63.030428852918305	-0.8000526251359845	0.24709263396169093	0.8373404162854594	-1.5419589199846535	162.83693323261463	-0.8000526251359845	0.24709263396169093	0.8373404162854594	-1.5419589199846535	162.83693323261463	0.16030262663712247	0.22978059477892399	0.2801714722160641	-11.051521755729102	55.09908365613254
6492187500.0	6.4921875	0.14275581119227804	0.2556117419176809	0.2927739473302849	-10.669351437115566	60.81721336318062	-0.7784686801046393	0.29368697629964147	0.8320249551256774	-1.5972729522902374	159.33039382422487	-0.7784686801046393	0.29368697629964147	0.8320249551256774	-1.5972729522902374	159.33039382422487	0.17963300633367907	0.24391973788661692	0.302927145523724	-10.37323614952455	53.63046800992275
6500000000.0	6.5	0.16505942741031232	0.26885748032311674	0.3154821061529723	-10.020505369880775	58.45302573596387	-0.7543940107512423	0.3377198404325543	0.8265379689277048	-1.6547438263144594	155.88335213216024	-0.7543940107512423	0.3377198404325543	0.8265379689277048	-1.6547438263144594	155.88335213216024	0.20025177375280817	0.25524462710798046	0.32442347720015247	-9.777754504165488	51.884097842770394
6507812500.0	6.5078125	0.18830001377677125	0.27907438651417604	0.3366591873046033	-9.456190585973319	55.991257402223106	-0.7281890344942173	0.37914453447624663	0.8209810277837304	-1.7133375792686536	152.49546141545989	-0.7281890344942173	0.37914453447624663	0.8209810277837304	-1.7133375792686536	152.49546141545989	0.22176502099667228	0.26371584646747737	0.34456606364485837	-9.25454997000253	49.93871050887487
6515625000.0	6.515625	0.2120878658024345	0.286285862608358	0.3562876056643608	-8.963985707635914	53.46800919090058	-0.7001862493607284	0.41796505241605775	0.8154480785647863	-1.7720737252311842	149.16558202847625	-0.7001862493607284	0.41796505241605775	0.8154480785647863	-1.7720737252311842	149.16558202847625	0.2438012868887417	0.2693466766951351	0.36329973814375394	-8.794698303288712	47.84992993034948
6523437500.0	6.5234375	0.23606406177944228	0.29056054855420266	0.37436836623829145	-8.53401711687175	50.90808722136364	-0.6706848738234868	0.45422633870699713	0.8100245470050832	-1.8300364010116157	145.89188541669952	-0.6706848738234868	0.45422633870699713	0.8100245470050832	-1.8300364010116157	145.89188541669952	0.26601685783559764	0.27219418661698636	0.3805977455014774	-8.390675772328771	45.65758466129929
6531250000.0	6.53125	0.2599033765107237	0.292003059423414	0.3909162977343217	-8.158324459426881	48.32865610223099	-0.6399478693241434	0.48800479847845063	0.8047869027205301	-1.8863820006955103	142.67195749195812	-0.6399478693241434	0.48800479847845063	0.8047869027205301	-1.8863820006955103	142.67195749195812	0.28809876664970224	0.2723505815615923	0.3964539552356832	-8.036144900761524	43.390457265027365
6539062500.0	6.5390625	0.28331520459417325	0.2907454968069543	0.40595621570282786	-7.830416092203056	45.741560276862515	-0.6082009335375796	0.5193994806516684	0.79980259818108	-1.9403437876490117	139.50289742207548	-0.6082009335375796	0.5193994806516684	0.79980259818108	-1.9403437876490117	139.50289742207548	0.30976589173579533	0.2699352348527897	0.41087703598266867	-7.725762617678365	41.06944454731536
6546875000.0	6.546875	0.3060429491698836	0.2869400016483412	0.41951978652091015	-7.544951019747482	43.154854417594706	-0.5756330332642695	0.5485241951590258	0.795130292253968	-1.991234016290082	136.38140911076897	-0.5756330332642695	0.5485241951590258	0.795130292253968	-1.991234016290082	136.38140911076897	0.3307685813061826	0.2650876670559337	0.42388598184472	-7.455018911294245	38.70971175614084
6554687500.0	6.5546875	0.32786230732146593	0.280752474667209	0.43164295962510174	-7.297506766359813	40.57384541434559	-0.542398069601698	0.5755006881184132	0.790820275367555	-2.0384440919885636	133.3038837274484	-0.542398069601698	0.5755006881184132	0.790820275367555	-2.0384440919885636	133.3038837274484	0.35088720765522746	0.2579616034976373	0.43550662609787577	-7.220104659011439	36.32219448079786
6562500000.0	6.5625	0.3485788323675669	0.2723574834171463	0.44236387866558163	-7.084406853627494	38.00182205551518	-0.5086173180161907	0.6004528944858016	0.7869150238001306	-2.081443261007504	130.26647253399864	-0.5086173180161907	0.6004528944858016	0.7869150238001306	-2.081443261007504	130.26647253399864	0.36993001121403907	0.24872013794860637	0.44576890898535404	-7.017804510160529	33.91466756391175
6570312500.0	6.5703125	0.3680250901400864	0.26193430050193767	0.4517212024601658	-6.902590489177314	35.440578697167105	-0.47438234843796306	0.6235022152059956	0.7834498228197518	-2.119776266494266	127.26514994000694	-0.47438234843796306	0.6235022152059956	0.7834498228197518	-2.119776266494266	127.26514994000694	0.3877305364460395	0.23753195820349582	0.4547047394306781	-6.845410381573497	31.492520136278426
6578125000.0	6.578125	0.3860576612242518	0.24966397090600778	0.4597527772167288	-6.74951277300999	32.89079928759169	-0.4397581955515474	0.6447637209241734	0.7804534107650106	-2.1530603415015794	124.29576721413711	-0.4397581955515474	0.6447637209241734	0.7804534107650106	-2.1530603415015794	124.29576721413711	0.4041449013970394	0.2245685434847442	0.46234633344288795	-6.700651642366551	29.059327056063488
6585937500.0	6.5859375	0.40255418060322046	0.23572728183666447	0.46649460846105445	-6.623067425451192	30.352344525457	-0.404786610567512	0.6643431613279099	0.7779486076199995	-2.180981843349055	121.35409761419804	-0.404786610567512	0.6643431613279099	0.7779486076199995	-2.180981843349055	121.35409761419804	0.41904908624257103	0.21000221868568758	0.46872493909930274	-6.5816387736295265	26.61727668232077
6593750000.0	6.59375	0.4174105537972954	0.22030349993204168	0.4719800869779063	-6.521526480625211	27.824470577812495	-0.3694892793322769	0.6823346525069072	0.7759529016333447	-2.2032927702357767	118.43587390316357	-0.3694892793322769	0.6823346525069072	0.7759529016333447	-2.2032927702357767	118.43587390316357	0.43233637702680494	0.19400494086979414	0.4738698766355126	-6.486817960503699	24.16749565205873
6601562500.0	6.6015625	0.4305384458093545	0.20356974282800566	0.4762394287698099	-6.443493027497817	25.305998814517817	-0.33387093616906904	0.6988189193273826	0.7744789758465375	-2.219807343705984	115.53681932380401	-0.33387093616906904	0.6988189193273826	0.7744789758465375	-2.219807343705984	115.53681932380401	0.44391506041118645	0.17674769414588587	0.4778078361075244	-6.414934640891884	21.710298859330656
6609375000.0	6.609375	0.4418631059121925	0.18570086055001123	0.47929929477872607	-6.387864200215697	22.795450273306237	-0.2979223382520647	0.7138619816544425	0.7735351630541337	-2.230398790597312	112.65267313825285	-0.2979223382520647	0.7138619816544425	0.7735351630541337	-2.230398790597312	112.65267313825285	0.45370643368388164	0.158400375921401	0.4805623862290802	-6.365004491384276	19.245384604693545
6617187500.0	6.6171875	0.45132156659600314	0.1668697136868562	0.4811825618417649	-6.353802399425375	20.291154817625724	-0.2616230923146776	0.7275141892624268	0.7731258228842577	-2.2349964156170286	109.77921182362131	-0.2616230923146776	0.7275141892624268	0.7731258228842577	-2.2349964156170286	109.77921182362131	0.46164317070476113	0.13913206743089668	0.4821536572981074	-6.336290692398655	16.771989355553362
6625000000.0	6.625	0.45886123745071644	0.14724774743884894	0.4819082219267667	-6.340713281115706	17.79134246093082	-0.22494434517363876	0.7398095283085183	0.7732516386026411	-2.2335830201502156	106.91226696862358	-0.22494434517363876	0.7398095283085183	0.7732516386026411	-2.2335830201502156	106.91226696862358	0.4676680676122359	0.1191115920576693	0.4825981691082919	-6.328286601204175	14.289012787861259
6632812500.0	6.6328125	0.46443890285021167	0.1270057718220432	0.48149139198621327	-6.348229454124546	15.294222671067255	-0.18785136308086292	0.7507651409193773	0.7739098341738724	-2.226192693364721	104.04774085217814	-0.18785136308086292	0.7507651409193773	0.7739098341738724	-2.226192693364721	104.04774085217814	0.47173318056502406	0.09850827476273327	0.48190878166176193	-6.340703192486066	11.795121177915936
6640625000.0	6.640625	0.4680201245107264	0.106314867574415	0.4799434216805156	-6.37619913166367	12.79805637293214	-0.15030603335722462	0.7603810179323598	0.7750943143227376	-2.212908977027653	101.18162061207023	-0.15030603335722462	0.7603810179323598	0.7750943143227376	-2.212908977027653	101.18162061207023	0.4737993600943649	0.07749282394019597	0.48009475251043504	-6.373460817847115	9.288835406604766
6648437500.0	6.6484375	0.4695790448919005	0.08534734413426293	0.47727209069079435	-6.424679220212054	10.301224677027353	-0.11226932597093738	0.7686398427138598	0.7767957320693489	-2.1938633845505375	98.30999183536268	-0.11226932597093738	0.7686398427138598	0.7767957320693489	-2.1938633845505375	98.30999183536268	0.47383618143829576	0.05623826270968246	0.47716188975297347	-6.42668500208443	6.768608589010005
6656250000.0	6.65625	0.4690985837049204	0.06427768027620373	0.47348189132811835	-6.493932525259042	7.802297982438972	-0.07370375330381651	0.7755069810580891	0.7790014896782298	-2.1692342365765303	95.42905232479418	-0.07370375330381651	0.7755069810580891	0.7790014896782298	-2.1692342365765303	95.42905232479418	0.47182226626681234	0.034920839850484775	0.47311279416330937	-6.500706147487999	4.232897497810097
6664062500.0	6.6640625	0.46657101632831743	0.043283379693568325	0.4685743956250028	-6.584428926073471	5.3001089875164755	-0.03457586365386901	0.7809306283680526	0.7816956803454478	-2.1392457589980824	92.53512671700949	-0.03457586365386901	0.7809306283680526	0.7816956803454478	-2.1392457589980824	92.53512671700949	0.46774598734410283	0.01372085136077783	0.4679471876596484	-6.596063169381733	1.6802314149137854
6671875000.0	6.671875	0.4619989186687021	0.022545673326924254	0.46254870904242545	-6.696850536142973	2.793833278055024	0.005141201824814487	0.7848421405504155	0.7848589793969115	-2.1041673739234366	89.62468254736177	0.005141201824814487	0.7848421405504155	0.7848589793969115	-2.1041673739234366	89.62468254736177	0.4616065428755397	-0.0071766977028571155	0.4616623283477066	-6.713511248773982	-0.8907182309325484
6679687500.0	6.6796875	0.45539645701367426	0.0022499980834709277	0.4554020153139234	-6.83210103621903	0.28308157242363924	0.04546506810780729	0.7871565891329485	0.7884684953969088	-2.064313099298212	86.6943482689734	0.04546506810780729	0.7871565891329485	0.7884684953969088	-2.064313099298212	86.6943482689734	0.4534153806164162	-0.027581664359155766	0.45425351466813185	-6.854034075332175	-3.4810641219867375
6687500000.0	6.6875	0.4467909928988634	-0.017413821487645587	0.44713021874433384	-6.991319557663958	-2.23199155512341	0.08640139304208727	0.7877735936744383	0.7924975934413633	-2.0200409583991252	83.74093363645517	0.08640139304208727	0.7877735936744383	0.7924975934413633	-2.0200409583991252	83.74093363645517	0.4431979424521845	-0.047298648798465015	0.44571468269736236	-7.018861183683077	-6.091621675640262
6695312500.0	6.6953125	0.43622496129084226	-0.03625176502908922	0.4377286914527321	-7.175899722011428	-4.750556469047907	0.12794104977344378	0.7865784949757053	0.7969157050625721	-1.9717522863132713	80.76145275211273	0.12794104977344378	0.7865784949757053	0.7969157050625721	-1.9717522863132713	80.76145275211273	0.4309956874183307	-0.06612726598956242	0.43603910132057394	-7.209491282227379	-8.722815996002238
6703125000.0	6.703125	0.42375796502211205	-0.05406625993373537	0.4271931335858569	-7.387514729596479	-7.2709469761881715	0.17005725267931762	0.7834439400198846	0.8016881415754619	-1.9198908071948095	77.75314993947457	0.17005725267931762	0.7834439400198846	0.8016881415754619	-1.9198908071948095	77.75314993947457	0.4168683345482241	-0.08386289044957684	0.42522016972806903	-7.427722870093875	-11.374572205575559
6710937500.0	6.7109375	0.4094690092552428	-0.07065735382780325	0.4155205544740447	-7.628149763765161	-9.790458009325286	0.21270267826713435	0.778231952765504	0.8067759302602067	-1.8649413443145149	74.71352845059904	0.21270267826713435	0.778231952765504	0.8067759302602067	-1.8649413443145149	74.71352845059904	0.40089624636979226	-0.10029795592620161	0.4132523204004588	-7.67569398396099	-14.046182726800795
6718750000.0	6.71875	0.3934587770801302	-0.0858244876782348	0.4027103822185654	-7.900143475290643	-12.30508785350283	0.2558066594851713	0.7707965623988976	0.8121356953384822	-1.8074280158376559	71.64038182611601	0.2558066594851713	0.7707965623988976	0.8121356953384822	-1.8074280158376559	71.64038182611601	0.3831828496167222	-0.11522388602816358	0.40013202840040535	-7.955933686199361	-16.73614272916961
6726562500.0	6.7265625	0.3758518220160517	-0.09936892937307018	0.3887657086698055	-8.206240985628437	-14.809204015959567	0.2992725612875392	0.7609870507373586	0.8177196080133746	-1.7479117644170787	68.531827508485	0.2992725612875392	0.7609870507373586	0.8177196080133746	-1.7479117644170787	68.531827508485	0.3638569626835878	-0.1284337193558176	0.38585892442820957	-8.271429012331154	-19.44194123295579
6734375000.0	6.734375	0.3567985267801328	-0.11109690756673829	0.3736946769534797	-8.549661767181476	-17.29510216346948	0.34297547544744383	0.7486518614440377	0.8234754315715939	-1.686987069946546	65.38634206073144	0.34297547544744383	0.7486518614440377	0.8234754315715939	-1.686987069946546	65.38634206073144	0.3430748712113079	-0.13972547147651793	0.37043700494954707	-8.625712716116698	-22.159789416920464
6742187500.0	6.7421875	0.33647665262473636	-0.12082345572499742	0.3575120210774428	-8.934187015729169	-19.752412346712454	0.3867604010260691	0.7336431840839466	0.8293466882761861	-1.6252777042920226	62.2027970703621	0.3867604010260691	0.7336431840839466	0.8293466882761861	-1.6252777042920226	62.2027970703621	0.3210219665102063	-0.1489062444807021	0.3538759282961002	-9.022979567466088	-24.88425804585532
6750000000.0	6.75	0.31509228315989696	-0.12837693565901032	0.3402407743291717	-9.36427283827522	-22.167282388324672	0.43044110017667686	0.7158221849247152	0.8352729740340585	-1.5634314066669528	58.98049453196697	0.43044110017667686	0.7158221849247152	0.8352729740340585	-1.5634314066669528	58.98049453196697	0.29791373982786706	-0.15579705180784664	0.3361923820229169	-9.46824263428397	-27.607780008543394
6757812500.0	6.7578125	0.2928799549878498	-0.1336041584515495	0.3219141798511393	-9.845197857063035	-24.52122850904666	0.4737998328743934	0.6950648039111165	0.8411904441134611	-1.5021133904790887	55.71920021901975	0.4737998328743934	0.6950648039111165	0.8411904441134611	-1.5021133904790887	55.71920021901975	0.2739959131130344	-0.16023827160383264	0.31741150591815215	-9.967546689229351	-30.31994697475322
6765625000.0	6.765625	0.2701017693307171	-0.13637596009030983	0.3025778714416137	-10.3832567319545	-26.789476662181894	0.5165881739582509	0.6712679750793018	0.8470324880667719	-1.4419986383081909	52.419173298870604	0.5165881739582509	0.6712679750793018	0.8470324880667719	-1.4419986383081909	52.419173298870604	0.24954348883019928	-0.16209557770000194	0.29756836042739016	-10.528264958644332	-33.00648213182005
6773437500.0	6.7734375	0.24704529877206366	-0.13659302277173246	0.2822924609607866	-10.986014403540503	-28.93850373611383	0.5585290968033596	0.6443560594227409	0.8527306041715517	-1.3837630015204192	49.081190243922656	0.5585290968033596	0.6443560594227409	0.8527306041715517	-1.3837630015204192	49.081190243922656	0.2248585224539718	-0.16126612703568455	0.27670944842790046	-11.159520226646634	-35.64768612196973
6781250000.0	6.78125	0.22402014512713536	-0.13419166629008394	0.26113680078551177	-11.662638415562272	-30.922286183668334	0.5993204660519249	0.6142872106530175	0.8582154730605602	-1.3280731937774553	45.70656097963138	0.5993204660519249	0.6142872106530175	0.8582154730605602	-1.3280731937774553	45.70656097963138	0.20026646560872796	-0.15768471187898103	0.25489434204738454	-11.872796091310711	-38.215994202896404
6789062500.0	6.7890625	0.20135307043131895	-0.12914927478564597	0.23921244564147992	-12.424324576213536	-32.6763978366165	0.6386400149590776	0.5810593332795639	0.8634182170293967	-1.2755758504057444	42.29713522007642	0.6386400149590776	0.5810593332795639	0.8634182170293967	-1.2755758504057444	42.29713522007642	0.17611099766202687	-0.15132952259083376	0.23219756222898658	-12.682846881962405	-40.67197034379804
6796875000.0	6.796875	0.17938171244749546	-0.12148898149435494	0.21665034360723195	-13.284812356768779	-34.10841617459507	0.6761517917389592	0.5447152483624381	0.8682718164666854	-1.226885913247841	38.855297104492564	0.6761517917389592	0.5447152483624381	0.8682718164666854	-1.226885913247841	38.855297104492564	0.15274735824058105	-0.1422271215633948	0.20871106716627436	-13.609090426279987	-42.95741724214719
6804687500.0	6.8046875	0.15844700465810208	-0.11128321754992676	0.1936218164189897	-14.26091419917065	-35.081793222901965	0.7115139482588068	0.5053466650073561	0.8727126390747948	-1.1825746862186395	35.38394658387329	0.7115139482588068	0.5053466650073561	0.8727126390747948	-1.1825746862186395	35.38394658387329	0.13053430807322253	-0.1304562114359582	0.18454817443252697	-14.677804930558707	-44.98285528691129
6812500000.0	6.8125	0.1388845400779976	-0.09865574874413019	0.1703580706422266	-15.37274574179195	-35.387839748826764	0.7443876221402282	0.46309657384690156	0.876682022573933	-1.1431579817680544	31.886466520825888	0.7443876221402282	0.46309657384690156	0.876682022573933	-1.1431579817680544	31.886466520825888	0.1098249719293925	-0.11614979964695604	0.1598508693042358	-15.925699951936432	-46.60323803656625
6820312500.0	6.8203125	0.12101523627143362	-0.0837818818905458	0.14718726555973607	-16.64259525871705	-34.695826587329805	0.7744465422956707	0.41815973800197687	0.8801278392140552	-1.1090848335218721	28.366675143215613	0.7744465422956707	0.41815973800197687	0.8801278392140552	-1.1090848335218721	28.366675143215613	0.0909569423667933	-0.09949542257130783	0.1348054319282397	-17.40585215468885	-47.56700148182881
6828125000.0	6.828125	0.1051357609530828	-0.06688662075664897	0.12460878086004837	-18.089027059684785	-32.46422742118007	0.8013868833390718	0.37078105807106065	0.8830059625009371	-1.0807272767495895	24.828764294739518	0.8013868833390718	0.37078105807106065	0.8830059625009371	-1.0807272767495895	24.828764294739518	0.07424213093160115	-0.08073319664667755	0.10968018529368062	-19.197436490418458	-47.39840381033999
6835937500.0	6.8359375	0.09150924823150058	-0.048240685137262096	0.10344615127885064	-19.705713253072886	-27.796732972822543	0.8249368219046125	0.3212517251106087	0.88528155465966	-1.0583716891302035	21.277224793133172	0.8249368219046125	0.3212517251106087	0.88528155465966	-1.0583716891302035	21.277224793133172	0.05995692820355958	-0.06015160539783282	0.08492967014856109	-21.41881125265956	-45.092867438282866
6843750000.0	6.84375	0.08035686176901219	-0.028154464005442748	0.08514633918612065	-21.396680390420872	-19.308822214685957	0.8448652212411436	0.2699032374741209	0.8869300985206547	-1.042212136015266	17.716761061630795	0.8448652212411436	0.2699032374741209	0.8869300985206547	-1.042212136015266	17.716761061630795	0.048333261732943666	-0.038081097904536954	0.06153270843510925	-24.217879370095442	-38.234078416455624
6851562500.0	6.8515625	0.07185073460936786	-0.006970138052212471	0.0721880245495935	-22.830696852872805	-5.540844854113282	0.860988898061017	0.21709952652792897	0.8879381098944764	-1.0323460778518705	14.152197955772447	0.860988898061017	0.21709952652792897	0.8879381098944764	-1.0323460778518705	14.152197955772447	0.03955111272239792	-0.014885748290987655	0.04225962635616255	-27.48148694272767	-20.624699957748362
6859375000.0	6.859375	0.06610873491560226	0.01494764132290638	0.06777755390436888	-23.378282178548876	12.740734068708678	0.87317800880915	0.16322759243110635	0.8883034853014861	-1.0287726782477917	10.588383283396787	0.87317800880915	0.16322759243110635	0.8883034853014861	-1.0287726782477917	10.588383283396787	0.03373296695280242	0.00904661355186609	0.034924980689982746	-29.137276506701525	15.012506441185273
6867187500.0	6.8671875	0.06319137909247002	0.03722200968582978	0.07333913277821237	-22.693284595952207	30.499624891585103	0.8813592243625639	0.10868717447050383	0.8880354634041154	-1.031393809356254	7.030089844739729	0.8813592243625639	0.10868717447050383	0.8880354634041154	-1.031393809356254	7.030089844739729	0.030940540072804112	0.03331526300332821	0.04546673255224887	-26.846125101301908	47.116535772931236
6875000000.0	6.875	0.06310105279929573	0.059474504638973746	0.0867119343944697	-21.238422506077	43.30532846964573	0.8855165281988552	0.0538800548984771	0.8871542041997078	-1.040017700042987	3.481920863090431	0.8855165281988552	0.0538800548984771	0.8871542041997078	-1.040017700042987	3.481920863090431	0.031173946862240953	0.05751781996120986	0.06542258460241367	-23.685446050324867	61.542855145630554
6882812500.0	6.8828125	0.06578352537796356	0.08133544293420325	0.10460844367667559	-19.6086651823793	51.03431536388659	0.8856896535251927	-0.0008003882925942494	0.8856900151763001	-1.0543650262425754	-0.05177757070007114	0.8856896535251927	-0.0008003882925942494	0.8856900151763001	-1.0543650262425754	-0.05177757070007114	0.03437329876472289	0.0812612358361473	0.08823214900242911	-21.0874628573716	67.071759912333
6890625000.0	6.890625	0.07113157524190827	0.10245350511198126	0.12472538517128752	-18.080902924363073	55.2284668865835	0.881970348095986	-0.0549788063603124	0.883682275520653	-1.0740771158320364	-3.566993924940349	0.881970348095986	-0.0549788063603124	0.883682275520653	-1.0740771158320364	-3.566993924940349	0.040422536118564056	0.1041719411911739	0.11173976354813898	-19.03584503965797	68.79191935975082
6898437500.0	6.8984375	0.07899040200560592	0.1225040634370953	0.14576257807684076	-16.727079180274952	57.186149192296284	0.8744968016849923	-0.1083062023193616	0.8811781259303497	-1.0987258433544664	-7.060116120706313	0.8744968016849923	-0.1083062023193616	0.8811781259303497	-1.0987258433544664	-7.060116120706313	0.049155151437715316	0.1259046626395235	0.13515995334135386	-17.383039336403325	68.67354806008912
6906250000.0	6.90625	0.08916439987461233	0.14119591475038917	0.1669927439956567	-15.546047979576276	57.727827291451874	0.8634466756999297	-0.16046660038326085	0.8782310012837288	-1.1278247299931181	-10.527982322020915	0.8634466756999297	-0.16046660038326085	0.8782310012837288	-1.1278247299931181	-10.527982322020915	0.060361352935483836	0.14614955096657267	0.15812395193623535	-16.020046800488224	67.55884276578799
6914062500.0	6.9140625	0.1014248135177172	0.1582762238001112	0.18798498827706056	-14.517536607145589	57.34788961165885	0.8490292295661784	-0.21118186004385683	0.8748990859918198	-1.1608407435388641	-13.967916923674512	0.8490292295661784	-0.21118186004385683	0.8748990859918198	-1.1608407435388641	-13.967916923674512	0.07379616112853243	0.1646374149314942	0.18041993180531166	-14.87430971338766	65.8564337853838
6921875000.0	6.921875	0.1155177924946742	0.17353362680360362	0.20846649614375684	-13.619274661197947	56.349104240983394	0.8314770440777949	-0.2602145810123386	0.8712437678398476	-1.1972063093551797	-17.37775186551442	0.8314770440777949	-0.2602145810123386	0.8712437678398476	-1.1972063093551797	-17.37775186551442	0.08918792599789577	0.18114300792486016	0.20190907722009943	-13.89688312107922	63.78611941327102
6929687500.0	6.9296875	0.1311723972116814	0.1867995740240631	0.22825485459422448	-12.83159953974506	54.92311272203834	0.8110378042184577	-0.3073691781476964	0.8673281567818998	-1.236331090491395	-20.75583412007748	0.8110378042184577	-0.3073691781476964	0.8673281567818998	-1.236331090491395	-20.75583412007748	0.10624679134612314	0.19548645130888898	0.22249344555894057	-13.053655567774436	61.475941334473745
6937500000.0	6.9375	0.14810817787501473	0.19794809303291272	0.24722354234340965	-12.138203501518518	53.19553049478742	0.7879665337657994	-0.35249131146808493	0.8632157221664694	-1.2776131647429625	-24.101020764134457	0.7879665337657994	-0.35249131146808493	0.8632157221664694	-1.2776131647429625	-24.101020764134457	0.12467270560533056	0.207532987208626	0.24210168174279406	-12.32004387501675	59.005212123071885
6945312500.0	6.9453125	0.16604203556563374	0.20689422528484225	0.2652832034467961	-11.525804934865214	51.25137034487544	0.7625185841394827	-0.39546592943600817	0.858969087047239	-1.320449309321109	-27.412663432464313	0.7625185841394827	-0.39546592943600817	0.858969087047239	-1.320449309321109	-27.412663432464313	0.14416267123750326	0.21719132863962165	0.26068170057481327	-11.677789090351805	56.425428814682704
6953125000.0	6.953125	0.1846941691188257	0.2135914268535879	0.2823707380941676	-10.983606219167148	49.14977299144953	0.7349435830575497	-0.4362142231163917	0.8546490032326175	-1.3642441909805056	-30.690584163872575	0.7349435830575497	-0.4362142231163917	0.8546490032326175	-1.3642441909805056	-30.690584163872575	0.16441702505765599	0.2244109153030911	0.2781963641674366	-11.112971004660736	53.77123734577447
6960937500.0	6.9609375	0.20379300257844668	0.2180282328254386	0.29844245376441075	-10.50278795882754	46.93283109080034	0.7054804553283589	-0.4746897978051997	0.8503135168810678	-1.4084183434319122	-33.93504470192358	0.7054804553283589	-0.4746897978051997	0.8503135168810678	-1.4084183434319122	-33.93504470192358	0.18514463830685896	0.22917839250899164	0.29462055713541624	-10.614739071184962	51.066554094130446
6968750000.0	6.96875	0.2230790680321864	0.22022446967084774	0.3134694365259793	-10.076095935273507	44.631056006095136	0.6743535463292949	-0.5108743532547679	0.8460173226715715	-1.4524148890149298	-37.14671123411084	0.6743535463292949	-0.5108743532547679	0.8460173226715715	-1.4524148890149298	-37.14671123411084	0.20606701008990025	0.23151361459028408	0.30993897203812504	-10.17447623404255	48.328170322067855
6976562500.0	6.9765625	0.24230788312582513	0.22022726782364166	0.32743420670110895	-9.697519045486745	42.26687511961413	0.641769813039647	-0.5447731308217003	0.8418112953591327	-1.4957050243797578	-40.32661637671447	0.641769813039647	-0.5447731308217003	0.8418112953591327	-1.4957050243797578	-40.32661637671447	0.22692129611350048	0.2314654401695877	0.3241442959898137	-9.785232326629199	45.56797399858596
6984375000.0	6.984375	0.2612519098102328	0.2181070845788411	0.3403281662204522	-9.362042127227832	39.85693716285173	0.6079169996421152	-0.5764103428506867	0.8377421809835754	-1.537792338705721	-43.47611997234048	0.6079169996421152	-0.5764103428506867	0.8377421809835754	-1.537792338705721	-43.47611997234048	0.24746236473041028	0.2291075420257782	0.3372356561383454	-9.44133026781025	42.79437533166866
6992187500.0	6.9921875	0.2797017114169002	0.21395390130020964	0.3521495694319713	-9.065456765534277	37.41367444733399	0.5729626841429436	-0.605824752615993	0.8338524259738743	-1.5782160677299926	-46.596869993875416	0.5729626841429436	-0.605824752615993	0.8338524259738743	-1.5782160677299926	-46.596869993875416	0.26746400466936865	0.22453440546376968	0.3492172576359086	-9.13808604899424	40.01325438500362
7000000000.0	7.0	0.2974664410019822	0.20787371351753903	0.36290186592790846	-8.804215975745775	34.94638888290209	0.5370540671003623	-0.6330655270522743	0.8301801205347031	-1.6165534086814266	-49.69076456777923	0.5370540671003623	-0.6330655270522743	0.8301801205347031	-1.6165534086814266	-49.69076456777923	0.28671942564972197	0.2178576410016957	0.36009718242126	-8.871605535011748	37.228611195765765
7007812500.0	7.0078125	0.31437379786598124	0.19998539105137536	0.37259232603296105	-8.575321882829883	32.46202494291699	0.5003183704782126	-0.6581884427080648	0.8267590325798936	-1.6524210319277381	-52.7599158603822	0.5003183704782126	-0.6581884427080648	0.8267590325798936	-1.6524210319277381	-52.7599158603822	0.3050411973327063	0.20920269330514052	0.3698863324810688	-8.638634316526188	34.443024535188336
7015625000.0	7.015625	0.33026958430721987	0.1904179497377163	0.38123089316158426	-8.376238268440462	29.965731971303644	0.4628637206863468	-0.6812524898522326	0.8236187096329677	-1.6854759268969108	-55.806616326133934	0.4628637206863468	-0.6812524898522326	0.8236187096329677	-1.6854759268969108	-55.806616326133934	0.3222607669931611	0.1987059906350943	0.3785975074631298	-8.43644499173245	31.657983879099458
7023437500.0	7.0234375	0.3450169838987449	0.17930824742704243	0.3888292257199094	-8.2048219895312	27.461281701740095	0.4247804020236987	-0.7023168913114619	0.8207846281240962	-1.715415714805884	-58.83330760399952	0.4247804020236987	-0.7023168913114619	0.8207846281240962	-1.715415714805884	-58.83330760399952	0.338227684974501	0.1865125484668264	0.3862446085303982	-8.262751394155867	28.874135076543592
7031250000.0	7.03125	0.3584956683782914	0.16679909465905873	0.3953999016503159	-8.059268860928995	24.951384375288647	0.3861423824059653	-0.7214385314195395	0.8182783720146443	-1.7419785509330545	-61.842552170446076	0.3861423824059653	-0.7214385314195395	0.8182783720146443	-1.7419785509330545	-61.842552170446076	0.35280865205213946	0.1727740173318335	0.39284196062517085	-8.115642602289673	26.091465829658336
7039062500.0	7.0390625	0.3706008245774448	0.15303775417460241	0.4009557648672582	-7.938070758755479	22.43793269553049	0.3470090303620904	-0.7386697758578623	0.816117825389657	-1.764942726331388	-64.837007714454	0.3470090303620904	-0.7386697758578623	0.816117825389657	-1.764942726331388	-64.837007714454	0.3658864863601323	0.15764714770173027	0.39840374506203435	-7.993531755763394	23.30944827971414
7046875000.0	7.046875	0.38124217712205866	0.1381747923190344	0.40550939674584047	-7.8399815512472495	19.9221937798586	0.30742695928033853	-0.7540566542867765	0.814317366366776	-1.7841260643830148	-67.81940408928045	0.30742695928033853	-0.7540566542867765	0.814317366366776	-1.7841260643830148	-67.81940408928045	0.3773590910494236	0.14129263291219707	0.40294353414952333	-7.8951161752140395	20.527150449344646
7054687500.0	7.0546875	0.3903430678563238	0.12236323839605201	0.4090726985931176	-7.763990084733575	17.404963333664387	0.26743195071551484	-0.767637373509495	0.8128880522384749	-1.7993851924900701	-70.79252261358913	0.26743195071551484	-0.767637373509495	0.8128880522384749	-1.7993851924900701	-70.79252261358913	0.38713848834227726	0.12387428362885733	0.40647391958218687	-7.819346292660528	17.74332472428241
7062500000.0	7.0625	0.39783963961230834	0.10575800413730829	0.41165657323302673	-7.709298909747871	14.886692341498225	0.2270509225709675	-0.7794411284810951	0.8118377881130013	-1.8106147542152247	-73.75917743677147	0.2270509225709675	-0.7794411284810951	0.8118377881130013	-1.8106147542152247	-73.75917743677147	0.39514997168973093	0.10555848310881388	0.40900622670398173	-7.765401605007439	14.95647921485034
7070312500.0	7.0703125	0.4036801602789309	0.08851551374654831	0.41327069576324754	-7.675307772397252	12.367593934599642	0.1863039197804585	-0.7894871808679859	0.811171473413879	-1.8177466127980977	-76.72219864562011	0.1863039197804585	-0.7894871808679859	0.811171473413879	-1.8177466127980977	-76.72219864562011	0.4013314155480642	0.08651387053452164	0.41055030739323156	-7.732672367255123	12.164936267887207
7078125000.0	7.078125	0.4078245130947403	0.07079349468308571	0.4139233653351863	-7.661601153080221	9.847736323168562	0.1452061145874198	-0.7977841792964114	0.8108911224382862	-1.8207490834356634	-79.68441676798781	0.1452061145874198	-0.7977841792964114	0.8108911224382862	-1.8207490834356634	-79.68441676798781	0.40563277183391316	0.06691119916305222	0.41111440519531917	-7.720746110842448	9.366881329473397
7085937500.0	7.0859375	0.4102438705098172	0.05275087985325744	0.41362143152424835	-7.667939332925303	7.327126502757049	0.10376981063554525	-0.804329701255134	0.8109959567843172	-1.8196262191218189	-82.64864832043108	0.10376981063554525	-0.804329701255134	0.8109959567843172	-1.8196262191218189	-82.64864832043108	0.4080157731869926	0.04692331628380564	0.4107050873564259	-7.729398351150017	6.56040461735049
7093750000.0	7.09375	0.41092056154026907	0.03454777272739129	0.41237029051205126	-7.694252625842957	4.8057886877585805	0.06200644990253192	-0.8091100033124865	0.811482468874003	-1.8144171631757793	-85.6176820483929	0.06200644990253192	-0.8091100033124865	0.811482468874003	-1.8144171631757793	-85.6176820483929	0.4084538554410072	0.02672521252415505	0.4093272395151396	-7.75858706763791	3.743537541835566
7101562500.0	7.1015625	0.4098481359221701	0.016345427795623868	0.410173947891257	-7.740638544217685	2.283840988003733	0.019928624112107864	-0.8120999734459167	0.8123444570684656	-1.8051955707633562	-88.59426551732463	0.019928624112107864	-0.8120999734459167	0.8123444570684656	-1.8051955707633562	-88.59426551732463	0.4069323047877572	0.006494088562775113	0.4069841199188702	-7.808450722923347	0.9142854465988339
7109375000.0	7.109375	0.40703162218429684	-0.0016938004352420322	0.407035146416	-7.807361779352606	-0.23842633055486648	-0.02244790726799288	-0.8132632865057103	0.8135730340410635	-1.7920690916090656	-91.58109173006113	-0.02244790726799288	-0.8132632865057103	0.8135730340410635	-1.7920690916090656	-91.58109173006113	0.40344862859714803	-0.01359061236288106	0.4036774710846737	-7.879309750789407	-1.9293420181968963
7117187500.0	7.1171875	0.40248797062768676	-0.01940658603939993	0.4029555584449708	-7.894856982210351	-2.7604675961634073	-0.06510219192398982	-0.8125527708227341	0.8151566111889241	-1.775178896585966	-94.58078546919137	-0.06510219192398982	-0.8125527708227341	0.8151566111889241	-1.775178896585966	-94.58078546919137	0.39801314230608836	-0.03334725765698732	0.39940768775977264	-7.971671602550428	-4.789301756102598
7125000000.0	7.125	0.3962466657784094	-0.03662888335918657	0.39793604415363953	-8.003734433052776	-5.2813897780426995	-0.10800605557056299	-0.8099110004057112	0.8170808629616113	-1.7546992218558335	-97.59588909313814	-0.10800605557056299	-0.8099110004057112	0.8170808629616113	-1.7546992218558335	-97.59588909313814	0.39064975781441796	-0.05259221576349438	0.39417404079844903	-8.086239610731466	-7.667488297851794
7132812500.0	7.1328125	0.3883504858697363	-0.0531963464349785	0.3919769778307018	-8.134788797075668	-7.799847522367808	-0.15112207744288195	-0.8052711327154599	0.8193286760973841	-1.730836895661731	-100.62884755170373	-0.15112207744288195	-0.8052711327154599	0.8193286760973841	-1.730836895661731	-100.62884755170373	0.3813969510755666	-0.07114023509030187	0.38797495710218405	-8.223926124370237	-10.56570412608943
7140625000.0	7.140625	0.37885637908606073	-0.06894495945478796	0.38507864574450673	-8.289011283866518	-10.313919920491255	-0.19440158650485118	-0.7985580162625615	0.8218800898992508	-1.703830804765683	-103.6819924318434	-0.19440158650485118	-0.7985580162625615	0.8218800898992508	-1.703830804765683	-103.6819924318434	0.3703088777668562	-0.08880506210052364	0.3808083560107713	-8.385870610711692	-13.485628291266718
7148437500.0	7.1484375	0.3678364175386532	-0.08371191915469334	0.37724172022223673	-8.467605668622271	-12.82096232248194	-0.2377827037156555	-0.7896895947994194	0.8247122348557697	-1.6739512499782316	-106.75752489856505	-0.2377827037156555	-0.7896895947994194	0.8247122348557697	-1.6739512499782316	-106.75752489856505	0.35745659589881884	-0.10540034750196736	0.37267204242484697	-8.573463729363244	-16.428782295492468
7156250000.0	7.15625	0.35537878025219966	-0.09733680626413865	0.3684678158363952	-8.672008800064681	-15.317424404113543	-0.28118846652458024	-0.7785786351493874	0.8277992780967666	-1.6414991334509477	-109.85749746028726	-0.28118846652458024	-0.7785786351493874	0.8277992780967666	-1.6414991334509477	-109.85749746028726	0.34292934294834915	-0.12074088612799039	0.36356415642628853	-8.788378803479045	-19.396492072549286
7164062500.0	7.1640625	0.3415887060014893	-0.10966307717770962	0.3587601351374706	-8.903916421348452	-17.798622612657308	-0.3245250838410462	-0.7651348031612712	0.8311123853310547	-1.6068049147154677	-112.98379456382442	-0.3245250838410462	-0.7651348031612712	0.8311123853310547	-1.6068049147154677	-112.98379456382442	0.32683580274000074	-0.13464423044812412	0.353483678188496	-9.032612691730346	-22.389844620733292
7171875000.0	7.171875	0.32658934603969586	-0.1205398984405992	0.34812421355416545	-9.165315371875705	-20.25845058509239	-0.3676803825310258	-0.7492671062990324	0.8346197099756792	-1.570227268292537	-116.13811211204707	-0.3676803825310258	-0.7492671062990324	0.8346197099756792	-1.570227268292537	-116.13811211204707	0.30930528425286974	-0.14693270894294486	0.3424309854905959	-9.308538885812773	-25.409637385932946
7179687500.0	7.1796875	0.3105224362393023	-0.12982433478655953	0.3365687764941428	-9.45852352033938	-22.689004412986296	-0.4105225192689859	-0.7308867114054318	0.8382864210614424	-1.5321513736131842	-119.32193609717369	-0.4105225192689859	-0.7308867114054318	0.8382864210614424	-1.5321513736131842	-119.32193609717369	0.29048872147947635	-0.1574358681115069	0.3304084591453503	-9.618976847304362	-28.456317735413595
7187500000.0	7.1875	0.2935486988280504	-0.13738388590776984	0.3241067273148778	-9.786239088988149	-25.08008955043454	-0.45289904330531744	-0.7099101317553325	0.8420747820685199	-1.4929867686400238	-122.53652065354838	-0.45289904330531744	-0.7099101317553325	0.8420747820685199	-1.4929867686400238	-122.53652065354838	0.27055939140718255	-0.1659933400463276	0.31742112913030973	-9.967283356331338	-31.529908620050442
7195312500.0	7.1953125	0.2758478769212031	-0.14309934762499843	0.31075629437331653	-10.1516013191221	-27.418560844690628	-0.49463640509288426	-0.6862627583955143	0.8459442929672332	-1.4531647026592984	-125.78286595325577	-0.49463640509288426	-0.6862627583955143	0.8459442929672332	-1.4531647026592984	-125.78286595325577	0.24971323745955348	-0.17245811592871552	0.3034773512343444	-10.357474302712209	-34.62991446700029
7203125000.0	7.203125	0.2576183018414129	-0.14686794975845552	0.2965423816419932	-10.558264575647378	-29.68742355305729	-0.5355400111995606	-0.6598826870523447	0.8498519072562278	-1.4131349319459807	-129.06169649198122	-0.5355400111995606	-0.6598826870523447	0.8498519072562278	-1.4131349319459807	-129.06169649198122	0.2281686799546756	-0.17670017944750005	0.28858950072557715	-10.794389463456884	-37.75519789246137
7210937500.0	7.2109375	0.23907589535017387	-0.14860669633171208	0.28149819525551667	-11.01048770315024	-31.864586250101613	-0.5753949257862165	-0.6307247641565548	0.8537523345449002	-1.3733619150262186	-132.37344043519923	-0.5753949257862165	-0.6307247641565548	0.8537523345449002	-1.3733619150262186	-132.37344043519923	0.20616579516099742	-0.178610423522245	0.2727746661351858	-11.283919342231892	-40.90381190204725
7218750000.0	7.21875	0.22045251798007137	-0.14825580490624302	0.2656672662789898	-11.51323906235336	-33.92109782819936	-0.6139673113865816	-0.5987647449761067	0.8575984370773827	-1.3343203825337264	-135.71821080820732	-0.6139673113865816	-0.5987647449761067	0.8575984370773827	-1.3343203825337264	-135.71821080820732	0.18396475228292825	-0.17810473997172127	0.25605532309036966	-11.833323825238892	-44.07276180802451
7226562500.0	7.2265625	0.20199359206195394	-0.14578211263179774	0.24910607298394238	-12.07231369244409	-35.818606307773884	-0.6510066851951147	-0.5640034253576067	0.8613417254399351	-1.2964902803510425	-139.09578940796072	-0.6510066851951147	-0.5640034253576067	0.8613417254399351	-1.2964902803510425	-139.09578940796072	0.1618434149621933	-0.17512813682991868	0.2384599657723355	-12.451690454370208	-47.25765206878552
7234375000.0	7.234375	0.18395495475141904	-0.14118228946205735	0.23188761121574558	-12.694449065563859	-37.50562359014213	-0.6862490404101035	-0.5264705787731491	0.8649329544985105	-1.260351113589938	-142.50561437906129	-0.6862490404101035	-0.5264705787731491	0.8649329544985105	-1.260351113589938	-142.50561437906129	0.1400940419654797	-0.16965870459663868	0.22002367290733763	-13.150611796289756	-50.45213715330364
7242187500.0	7.2421875	0.16659893260680758	-0.13448567695462432	0.2141065194048775	-13.387402170369347	-38.911930203419836	-0.7194208450133192	-0.48622850551380725	0.8683228154401269	-1.2263757522154892	-145.94677241889494	-0.7194208450133192	-0.48622850551380725	0.8683228154401269	-1.2263757522154892	-145.94677241889494	0.1190190611857882	-0.16171122426285311	0.20078858776867067	-13.945219496869024	-53.64702360570188
7250000000.0	7.25	0.15018967426882512	-0.12575655753382486	0.19588682962295856	-14.159895252984745	-39.940053389743944	-0.7502438833963941	-0.4433749846440125	0.8714627138218712	-1.1950237953557508	-149.41799654667975	-0.7502438833963941	-0.4433749846440125	0.8714627138218712	-1.1950237953557508	-149.41799654667975	0.09892594132076393	-0.1513401904166567	0.18080430056154398	-14.855824874565428	-56.828718553763345
7257812500.0	7.2578125	0.13498782950883736	-0.11509565742690775	0.17739426279910817	-15.021208600455644	-40.45214713673246	-0.7784408515023028	-0.39804541546158634	0.8743056170799871	-1.1667346285261833	-152.91767027894113	-0.7784408515023028	-0.39804541546158634	0.8743056170799871	-1.1667346285261833	-152.91767027894113	0.08012124458990044	-0.13864201616942706	0.1601281439415268	-15.910646605297696	-59.97637541828098
7265625000.0	7.265625	0.12124471798133801	-0.10264069959183897	0.1588565228471161	-15.97989895594371	-40.249853910560134	-0.8037415571256233	-0.3504139469643694	0.876806948465778	-1.1419203435173904	-156.44383889419024	-0.8037415571256233	-0.3504139469643694	0.876806948465778	-1.1419203435173904	-156.44383889419024	0.06290400802477847	-0.1237561966706302	0.13882546754814512	-17.150617103985276	-63.05623533303563
7273437500.0	7.2734375	0.10919618483484267	-0.08856585270944195	0.14059771352563202	-17.04043483970588	-39.04450439555993	-0.8258895185616163	-0.30069342341961536	0.8789254984114105	-1.1209587215070729	-159.99422824206852	-0.8258895185616163	-0.30069342341961536	0.8789254984114105	-1.1209587215070729	-159.99422824206852	0.047558665117900745	-0.10686523716240015	0.11697010533282706	-18.63850238010728	-66.00930943407648
7281250000.0	7.28125	0.0990563874115441	-0.07307996901605662	0.12309691205880718	-18.195056828074094	-36.41847039035422	-0.8446487027876901	-0.24913402213466035	0.8806243195062927	-1.1041865028638291	-163.56627126318804	-0.8446487027876901	-0.24913402213466035	0.8806243195062927	-1.1041865028638291	-163.56627126318804	0.03434777768960795	-0.08819320070553172	0.09464571032487912	-20.47798130002629	-68.72104603927322
7289062500.0	7.2890625	0.09101179180292102	-0.05642356572562135	0.10708298191763131	-19.40559087216355	-31.797209703349974	-0.8598101050877553	-0.19602052439304263	0.8818715681970591	-1.0918931791026696	-167.15714204869278	-0.8598101050877553	-0.19602052439304263	0.8818715681970591	-1.0918931791026696	-167.15714204869278	0.023504892944714195	-0.06800279849076163	0.07195040371615442	-22.85933529758957	-70.93249781699973
7296875000.0	7.296875	0.08521567470664154	-0.03886457819831057	0.09365984547414513	-20.56893126158944	-24.516453753017768	-0.8711978513573237	-0.1416682383752315	0.8826412555358825	-1.084315541111111	-170.7637969035572	-0.8711978513573237	-0.1416682383752315	0.8826412555358825	-1.084315541111111	-170.7637969035572	0.015227866407612922	-0.046591028129185474	0.0490164443576098	-26.19316391140389	-71.9004765554977
7304687500.0	7.3046875	0.08178342087318113	-0.020692992035642455	0.08436070085713514	-21.47719641717117	-14.199081564804837	-0.8786745067669608	-0.08641767766686947	0.8829138711423085	-1.0816332016541677	-174.38302151060515	-0.8786745067669608	-0.08641767766686947	0.8829138711423085	-1.0816332016541677	-174.38302151060515	0.009672992670061165	-0.024283456193637587	0.02613910924081715	-31.65418432469575	-68.28079107534208
7312500000.0	7.3125	0.08078887759759396	-0.002214538647264508	0.08081922373358486	-21.849706505197194	-1.5701660498120797	-0.8821453023004324	-0.03062818296123536	0.8826768491142317	-1.083965279146887	-178.01148295244352	-0.8821453023004324	-0.03062818296123536	0.8826768491142317	-1.083965279146887	-178.01148295244352	0.006950259894989541	-0.0014273324057250125	0.007095307632818522	-42.98057539993237	-11.605133273275937
7320312500.0	7.3203125	0.08226197604520497	0.016256293304534486	0.08385284595566765	-21.529643858088757	11.178540043067487	-0.8815610433565628	0.025329250652288415	0.8819248517320045	-1.0913683850856581	178.3542149348581	-0.8815610433565628	0.025329250652288415	0.8819248517320045	-1.0913683850856581	178.3542149348581	0.007119991045867968	0.021616194823836477	0.02275860608990135	-32.857086819179386	71.76903408366319
7328125000.0	7.328125	0.0861877583794966	0.03440362716175738	0.09280053478492296	-20.648990420995208	21.76043584225905	-0.8769195384838804	0.08107962087485521	0.8806598559580152	-1.1038360021301807	174.7174746035737	-0.8769195384838804	0.08107962087485521	0.8806598559580152	-1.1038360021301807	174.7174746035737	0.010191058401013031	0.04448042702320287	0.04563294927461225	-26.814429234102867	77.09549527846258
7335937500.0	7.3359375	0.09250686588832113	0.0519176163730275	0.10607996571613645	-19.487332585968385	29.302441933522026	-0.8682654750065724	0.13625168601592905	0.8788910382013074	-1.1212992776182076	171.08164805858095	-0.8682654750065724	0.13625168601592905	0.8788910382013074	-1.1212992776182076	171.08164805858095	0.016120764643301644	0.06680165387049586	0.06871928413857539	-23.25842746557523	76.4326231819741
7343750000.0	7.34375	0.10111745453951743	0.06850157695293846	0.12213601294291017	-18.263125227847055	34.11550455847772	-0.8556887634123712	0.19048549312444651	0.8766344636854385	-1.143629193052624	167.44998215976983	-0.8556887634123712	0.19048549312444651	0.8766344636854385	-1.143629193052624	167.44998215976983	0.024816382503333845	0.08822749536722863	0.09165120718968257	-20.757236206536117	74.28991818957444
7351562500.0	7.3515625	0.1118784192639733	0.08387852317615496	0.13982985141670629	-17.088002076582278	36.85996808060307	-0.8393214646783119	0.24343932764730383	0.8739125970685616	-1.1706400088438982	163.82556765708134	-0.8393214646783119	0.24343932764730383	0.8739125970685616	-1.1706400088438982	163.82556765708134	0.036138245429434335	0.10842468139243278	0.11428860099663742	-18.839941668757696	71.56662780440831
7359375000.0	7.359375	0.12461373484109811	0.0977968418974684	0.15840708695057157	-16.004507849542048	38.12481801649053	-0.8193334954366736	0.29479579265271755	0.8707536598316551	-1.2020938299847668	160.21129343312904	-0.8193334954366736	0.29479579265271755	0.8707536598316551	-1.2020938299847668	160.21129343312904	0.04990419356171755	0.1270859486372522	0.13653302485507188	-17.29524575963123	68.56102421223387
7367187500.0	7.3671875	0.13911766597496472	0.1100349051305487	0.17737363201279582	-15.022218820015407	38.34218073315694	-0.7959273679190307	0.3442667922371022	0.8671908666722339	-1.237706096158466	156.6098071311124	-0.7959273679190307	0.3442667922371022	0.8671908666722339	-1.237706096158466	156.6098071311124	0.06589511024292993	0.14393580342277312	0.15830249859331683	-16.010244606514558	65.40126556921895
7375000000.0	7.375	0.1551605659844058	0.12040449537396047	0.19639766735595213	-14.137273493960436	37.81143892665206	-0.76933226039353	0.39159727261993366	0.8632615772786305	-1.2771517715421432	153.02348299750187	-0.76933226039353	0.39159727261993366	0.8632615772786305	-1.2771517715421432	153.02348299750187	0.08386123960890085	0.15873498154838583	0.1795257693923295	-14.917464066879841	62.15206918298243
7382812500.0	7.3828125	0.1724949736809409	0.12875299591510858	0.21524834471443552	-13.341203592761486	36.738245994931106	-0.7397977277264236	0.4365676573926945	0.8590064012744751	-1.32007199630127	149.4543973992878	-0.7397977277264236	0.4365676573926945	0.8590064012744751	-1.32007199630127	149.4543973992878	0.1035289575300063	0.1712835243685582	0.20014067744305333	-13.973292690676175	58.849961654092255
7390625000.0	7.390625	0.19086172999406703	0.13496437170566078	0.2337596663375269	-12.624608426199872	35.26533992114782	-0.7075873520353694	0.4789949925807344	0.8544682929622629	-1.3660809630664341	145.9043121131025	-0.7075873520353694	0.4789949925807344	0.8544682929622629	-1.3660809630664341	145.9043121131025	0.12460767528405065	0.18142247530504219	0.22009358756107378	-13.147852209124746	55.51727853308163
7398437500.0	7.3984375	0.20999586607883225	0.13895902946194116	0.2518092048341432	-11.97856796783489	33.49351049239938	-0.6729726038167817	0.5187328861020929	0.8496916691434286	-1.414772795884319	142.37466515318945	-0.6729726038167817	0.5187328861020929	0.8496916691434286	-1.414772795884319	142.37466515318945	0.14679658419388059	0.18903427586159283	0.23933907867606544	-12.419727701968137	52.16849228720036
7406250000.0	7.40625	0.22963205795672736	0.14069269437761944	0.26930524742877926	-11.39510368504418	31.49528140523161	-0.6362271396636898	0.5556703803445554	0.8447215782948267	-1.4657282336745212	138.86656862595208	-0.6362271396636898	0.5556703803445554	0.8447215782948267	-1.4657282336745212	138.86656862595208	0.1697909946452973	0.19404199985958903	0.25783963925693837	-11.773006302321408	48.81336496614597
7414062500.0	7.4140625	0.2495094935883186	0.14015447331388686	0.2861787269882096	-10.867253050588824	29.32379330395675	-0.5976217096732008	0.5897299336303011	0.839602943356155	-1.5185209520286702	135.38081288259684	-0.5976217096732008	0.5897299336303011	0.839602943356155	-1.5185209520286702	135.38081288259684	0.19328807816796084	0.19640760634097965	0.27556528988691037	-11.195509738185558	45.458645008925856
7421875000.0	7.421875	0.2693760512565201	0.13736429057930022	0.30237791803785835	-10.388998550749273	27.018628356629787	-0.5574197916583251	0.6208647060991925	0.8343798939404324	-1.5727233930669708	131.9178760930209	-0.5574197916583251	0.6208647060991925	0.8343798939404324	-1.5727233930669708	131.9178760930209	0.2169918804345924	0.19612941493098668	0.29249311714245785	-10.677686982898942	42.1090411620584
7429687500.0	7.4296875	0.28899173865531835	0.13236988402710992	0.3178647687435246	-9.9551521084672	24.60969186199104	-0.5158740153196174	0.6490553495400047	0.8290951974583393	-1.6279120100513476	128.4779382821181	-0.5158740153196174	0.6490553495400047	0.8290951974583393	-1.6279120100513476	128.4779382821181	0.240617530706489	0.1932390138322393	0.30860672797290817	-10.211892201254066	38.76781368442068
7437500000.0	7.4375	0.3081313866885707	0.12524353884548312	0.3326122299091865	-9.561235722629158	22.119847911042815	-0.47322339139585734	0.6743064916450067	0.8237897928712119	-1.6836718690334296	125.06089884770125	-0.47322339139585734	0.6743064916450067	0.8237897928712119	-1.6836718690334296	125.06089884770125	0.2638946252481023	0.18779780277130276	0.3238956436270261	-9.791897863598061	35.43715185821372
7445312500.0	7.4453125	0.32658662852464354	0.11607871729118702	0.3466022136961344	-9.20337335679601	19.566744116137833	-0.42969132094883067	0.6966430863927777	0.8185024258471114	-1.7396005820853102	121.66639660749122	-0.42969132094883067	0.6966430863927777	0.8185024258471114	-1.7396005820853102	121.66639660749122	0.28656980578707597	0.1798933545987882	0.3383546550849386	-9.412556882277633	32.11842659504862
7453125000.0	7.453125	0.34416722197046196	0.10498671797911752	0.35982396756037804	-8.878198241013203	16.96409942035329	-0.3854843295034518	0.7161067772300181	0.8132693801487233	-1.7953115743531354	118.29383148975792	-0.3854843295034518	0.7161067772300181	0.8132693801487233	-1.7953115743531354	118.29383148975792	0.30840858782234165	0.169635753498252	0.3519831613976594	-9.069562246744127	28.812366983433645
7460937500.0	7.4609375	0.36070179177747574	0.09209347115564159	0.37227273606990946	-8.582775375979374	14.32263000546414	-0.34079144982449605	0.7327523916092742	0.8081242971737659	-1.8504367096312755	114.94238707639512	-0.34079144982449605	0.7327523916092742	0.8081242971737659	-1.8504367096312755	114.94238707639512	0.3291965172762017	0.15715403828607344	0.36478451000063206	-8.75927223165744	25.51918871545819
7468750000.0	7.46875	0.3760380788673328	0.07753654910397012	0.38394863355035763	-8.314537473993845	11.65072687702686	-0.29578416491419224	0.7466446569066727	0.8030980736505778	-1.9046283162331246	111.61105331755546	-0.29578416491419224	0.7466446569066727	0.8030980736505778	-1.9046283162331246	111.61105331755546	0.3487397483350661	0.14259284895992375	0.37676535488724655	-8.478580783881052	22.23869091615898
7476562500.0	7.4765625	0.390042786925968	0.06146244528769551	0.39485567972832686	-8.07123221155045	8.954960063051878	-0.250616818085966	0.7578552008110957	0.7982188264529724	-1.9575606668901124	108.29864885396948	-0.250616818085966	0.7578552008110957	0.7982188264529724	-1.9575606668901124	108.29864885396948	0.3668651416029063	0.12610934568765386	0.3879350450695176	-8.224819711281881	18.97033144418447
7484375000.0	7.484375	0.402601114836217	0.04402415324718145	0.40500096757476534	-7.850878784502705	6.240459693461059	-0.20542739817706082	0.7664598753075571	0.7935119131924061	-2.0089309737747056	105.00384249911716	-0.20542739817706082	0.7664598753075571	0.7935119131924061	-2.0089309737747056	105.00384249911716	0.3834199814788399	0.10787044334134266	0.3983050523705314	-7.995683693418974	15.71328697226001
7492187500.0	7.4921875	0.41361605749343094	0.025379057280737527	0.4143939424809056	-7.651732032744135	3.5112082339029325	-0.160338613531992	0.7725364231436898	0.7889999975114116	-2.058459963207797	101.72517354285846	-0.160338613531992	0.7725364231436898	0.7889999975114116	-2.058459963207797	101.72517354285846	0.3982714066130169	0.08805038235980689	0.40788844450317446	-7.7891719617921265	12.466501909970658
7500000000.0	7.5	0.4230075490480679	0.005687131775672594	0.42304577768781415	-7.472252703491396	0.770267618669269	-0.11545917685475962	0.7761624894522164	0.7847031486827618	-2.1058920949339117	98.46107063718637	-0.11545917685475962	0.7761624894522164	0.7847031486827618	-2.1058920949339117	98.46107063718637	0.4113056389433531	0.06682863852736998	0.41669940671186684	-7.6035423576384975	9.228728860565479
7507812500.0	7.5078125	0.43071151271311003	-0.014890565423582247	0.4309688342818417	-7.311082698354162	-1.9800420078090175	-0.07088523312771657	0.7774139689213286	0.780638966071758	-2.150995488777078	95.20986911125026	-0.07088523312771657	0.7774139689213286	0.780638966071758	-2.150995488777078	95.20986911125026	0.4224270865174795	0.044388160146372035	0.4247528130393325	-7.437274724356016	5.998562450571987
7515625000.0	7.515625	0.43667887089232377	-0.036193128360828775	0.438176196095062	-7.167024383309117	-4.738000000270206	-0.026701873512309557	0.7763636702288453	0.7768227201236269	-2.19356161771622	91.96982663588514	-0.026701873512309557	0.7763636702288453	0.7768227201236269	-2.19356161771622	91.96982663588514	0.4315573841534411	0.02091391074035842	0.43206384653175556	-7.28904144575654	2.7744678306922737
7523437500.0	7.5234375	0.4408745592173481	-0.058060795049631464	0.44468127112223454	-7.039023231554349	-7.502370709552889	0.017015311284957455	0.7730802739109752	0.7732675026977355	-2.2334048215421	88.7391372176711	0.017015311284957455	0.7730802739109752	0.7732675026977355	-2.2334048215421	88.7391372176711	0.4386344248192602	-0.0034083116270424707	0.438647666384617	-7.157683535112335	-0.44519520218932923
7531250000.0	7.53125	0.44327657859704406	-0.08033572724307803	0.45049745193993673	-6.926153221847291	-10.27231038612876	0.06019867481291218	0.7676275568868519	0.7699843807125621	-2.2703616897749357	85.51594354993743	0.06019867481291218	0.7676275568868519	0.7699843807125621	-2.2703616897749357	85.51594354993743	0.443611423997502	-0.02839281165219476	0.44451911911031283	-7.042191099025451	-3.6621517414829157
7539062500.0	7.5390625	0.44387511086485454	-0.10286260994854635	0.45563782829206984	-6.8276045357344	-13.047290718249325	0.1027869836099187	0.7600638559688259	0.766982548139021	-2.3042903568261246	82.29834778435507	0.1027869836099187	0.7600638559688259	0.766982548139021	-2.3042903568261246	82.29834778435507	0.44645604961582186	-0.05385472609932784	0.44969249022170565	-6.941687300120202	-6.878194399888109
7546875000.0	7.546875	0.44267171619435575	-0.12548910249993206	0.46011494560022137	-6.74267319228783	-15.8270353802862	0.1447239309751337	0.7504417433570532	0.7642694723523036	-2.335069746772905	79.08442081338347	0.1447239309751337	0.7504417433570532	0.7642694723523036	-2.335069746772905	79.08442081338347	0.4471496415624923	-0.07961058102590357	0.45418129261424595	-6.8554151602174755	-10.095168571622745
7554687500.0	7.5546875	0.4396786241634597	-0.1480661718202645	0.46394060372399065	-6.670752333992324	-18.61146679374963	0.18595670947689086	0.7388078889077836	0.761851031706231	-2.362598799788473	75.87221017244798	0.18595670947689086	0.7388078889077836	0.761851031706231	-2.362598799788473	75.87221017244798	0.4456865374293993	-0.10547871219346439	0.4579980877381466	-6.7827267057088445	-13.314959944438458
7562500000.0	7.5625	0.43491812512998496	-0.1704483367368299	0.4671256908616063	-6.6113249367273506	-21.400660904424985	0.2264346507346031	0.7252030865113333	0.7597316419229002	-2.386795707366685	72.65974668288722	0.2264346507346031	0.7252030865113333	0.7597316419229002	-2.386795707366685	72.65974668288722	0.44207351489963626	-0.13127958252505478	0.4611543357311862	-6.723074076194625	-16.539483933572477
7570312500.0	7.5703125	0.42842206433060914	-0.19249385012129405	0.4696800480537999	-6.5639577639390145	-24.194808218268363	0.26610793701213525	0.7096624249234343	0.7579143694963592	-2.4075971790730706	69.4450499638974	0.26610793701213525	0.7096624249234343	0.7579143694963592	-2.4075971790730706	69.4450499638974	0.43632935602407835	-0.15683602861863855	0.46366027088942324	-6.676002307776842	-19.770676751738076
7578125000.0	7.578125	0.42023143769808396	-0.21406484342669763	0.47161236033536613	-6.528296422891855	-26.994179660146823	0.30492638622461826	0.6922155866339785	0.7564010307998186	-2.4249577596714196	66.22613294522289	0.30492638622461826	0.6922155866339785	0.7564010307998186	-2.4249577596714196	66.22613294522289	0.4284845343729762	-0.1819734662770447	0.46552479915221373	-6.641143571930444	-23.01048786170915
7585937500.0	7.5859375	0.4103960856609365	-0.23502745603020525	0.4729300711668151	-6.504061411524723	-29.79909605330759	0.342838309973768	0.6728872616595329	0.7551922759730361	-2.4388492121087317	63.00100551334464	0.342838309973768	0.6728872616595329	0.7551922759730361	-2.4388492121087317	63.00100551334464	0.41858102254572754	-0.20652008295049895	0.4667554146416599	-6.618212705484284	-26.260873583588058
7593750000.0	7.59375	0.3989744789968706	-0.2552519697651865	0.4736393173711744	-6.491045069596186	-32.60990018436213	0.37978944307744694	0.6516976663870373	0.7542876569634342	-2.4492599789577856	59.76767742339434	0.37978944307744694	0.6516976663870373	0.7542876569634342	-2.4492599789577856	59.76767742339434	0.40667221460840236	-0.23030704303201466	0.4673581327040888	-6.60700391119048	-29.52379164904013
7601562500.0	7.6015625	0.3860335890115006	-0.274612967196864	0.4737448823974419	-6.489109368806965	-35.426930532611735	0.41572194264719076	0.6286631606888627	0.7536856793157642	-2.456194732463296	56.52416060774862	0.41572194264719076	0.6286631606888627	0.7536856793157642	-2.456194732463296	56.52416060774862	0.392822955539513	-0.2531687301746208	0.46733743733733574	-6.607388544813293	-32.8011965106088
7609375000.0	7.609375	0.37164883277309496	-0.29298953058672605	0.47325016633386824	-6.49818449444154	-38.25049581294557	0.45057345500713303	0.6037969594136565	0.7533838374654992	-2.4596740212491337	53.26847101094981	0.45057345500713303	0.6037969594136565	0.7533838374654992	-2.4596740212491337	53.26847101094981	0.3771096675422224	-0.27494304924752844	0.4666962413426257	-6.619313936045771	-36.095035226263434
7617187500.0	7.6171875	0.3559040827277807	-0.3102654970992482	0.47215717170508653	-6.518268186556705	-41.08084951400266	0.48427624957275817	0.5771099369889453	0.7533786334053022	-2.459734019946228	49.99863007973001	0.48427624957275817	0.5771099369889453	0.7533786334053022	-2.459734019946228	49.99863007973001	0.35962056097776096	-0.2954718092161721	0.4654358580077791	-6.642803218793608	-39.40724374789166
7625000000.0	7.625	0.33889172863645856	-0.32632978460275774	0.470466504713236	-6.549425822461839	-43.91816361050317	0.5167564201691728	0.5486115262146363	0.7536655786763856	-2.456426386411746	46.712666036922485	0.5167564201691728	0.5486115262146363	0.7536655786763856	-2.456426386411746	46.712666036922485	0.3404559155538728	-0.31460120708939043	0.4635559836068641	-6.67795617307286	-42.73974344771459
7632812500.0	7.6328125	0.32071277831480616	-0.34107680135735285	0.46817739223350496	-6.591791234628711	-46.762500590942714	0.5479331561347027	0.5183107143452946	0.7542391797015494	-2.4498182297447095	43.40861506919994	0.5479331561347027	0.5183107143452946	0.7542391797015494	-2.4498182297447095	43.40861506919994	0.31972841513910516	-0.33218243206890685	0.4610546904897269	-6.724951107429482	-46.09443771860365
7640625000.0	7.640625	0.30147698203390383	-0.3544069518996864	0.465287715560058	-6.645568269554174	-49.61378286709376	0.57771808790942	0.4862171412105847	0.755092906538467	-2.4399921908697024	40.084522561076035	0.57771808790942	0.4862171412105847	0.755092906538467	-2.4399921908697024	40.084522561076035	0.2975635170570836	-0.3480724080795232	0.45792843103443515	-6.784047838856003	-49.47320848302083
7648437500.0	7.6484375	0.28130296357680934	-0.3662272504411923	0.46179406263269723	-6.711033103666287	-52.47175851539162	0.6060147146431223	0.452342305350951	0.7562191452047469	-2.4270466359646523	36.738444511519916	0.6060147146431223	0.452342305350951	0.7562191452047469	-2.4270466359646523	36.738444511519916	0.2740998338468557	-0.3621346918438455	0.45417205324822757	-6.855591858225864	-52.87791244068507
7656250000.0	7.65625	0.26031833878609156	-0.37645205198745235	0.45769180127451903	-6.78853734215212	-55.335962134877946	0.6327179246720472	0.416700884873505	0.7576091338253945	-2.411095961350795	33.36844927483509	0.6327179246720472	0.416700884873505	0.7576091338253945	-2.411095961350795	33.36844927483509	0.24948950217470012	-0.3742405424560866	0.4497788293297114	-6.940019805115995	-56.31037687697323
7664062500.0	7.6640625	0.23865979993671216	-0.38500391003450396	0.4529751768559596	-6.878511935454766	-58.20566938095033	0.657713623505144	0.3793121798605754	0.7592528829940969	-2.3922710065396666	29.972619774021606	0.657713623505144	0.3793121798605754	0.7592528829940969	-2.3922710065396666	29.972619774021606	0.22389850978952958	-0.3842701768378396	0.4447404990474294	-7.0378664188030795	-59.77239484223842
7671875000.0	7.671875	0.21647314140750856	-0.3918145679531204	0.44763743879519907	-6.9814719557332925	-61.07984343328936	0.680878488216439	0.3402016825596871	0.7611390809387898	-2.3707195698352894	26.549056342326864	0.680878488216439	0.3402016825596871	0.7611390809387898	-2.3707195698352894	26.549056342326864	0.19750694709492544	-0.39211422332391876	0.4390473303456903	-7.149773185136409	-63.265719496433015
7679687500.0	7.6796875	0.19391319891290537	-0.3968260888600592	0.4416710014395417	-7.098022280995507	-63.957071258431746	0.7020798718247016	0.29940278008713817	0.7632549843566674	-2.3466070181090153	23.09588035675403	0.7020798718247016	0.29940278008713817	0.7632549843566674	-2.3466070181090153	23.09588035675403	0.17050914507164955	-0.3976753826913726	0.4326882001531755	-7.276498965830886	-66.79205739305739
7687500000.0	7.6875	0.17114367104189288	-0.3999921256973491	0.4350676461857162	-7.228864236487816	-66.83548700293153	0.721175886286721	0.25695859179018077	0.7655862961523217	-2.3201169789892684	19.611238835204837	0.721175886286721	0.25695859179018077	0.7655862961523217	-2.3201169789892684	19.611238835204837	0.1431136559797343	-0.4008703019368516	0.4256506989337951	-7.418932982876521	-70.3530604509033
7695312500.0	7.6953125	0.14833678813346668	-0.4012793291763985	0.42781877324167694	-7.37480323884379	-69.71267916102012	0.7380156980147422	0.21292393950687566	0.7681170317935379	-2.291452099631469	16.093310175894842	0.7380156980147422	0.21292393950687566	0.7681170317935379	-2.291452099631469	16.093310175894842	0.1155430276228902	-0.4016316607184256	0.4179212630672248	-7.578110643753727	-73.9503163300275
7703125000.0	7.703125	0.1256727897614715	-0.4006688859561798	0.41991571328041205	-7.5367574744575405	-72.58557724486693	0.7524400751605016	0.16736744348269925	0.7708293766103338	-2.2608348513578007	12.540311222541487	0.7524400751605016	0.16736744348269925	0.7708293766103338	-2.2608348513578007	12.540311222541487	0.0880333161817507	-0.3999104632726065	0.4094853396556058	-7.755232843670544	-77.58533688800742
7710937500.0	7.7109375	0.1033391685551685	-0.39815817267206244	0.4113501114904789	-7.7157676129710655	-75.45031246828191	0.7642822310030358	0.12037372938041643	0.7737035371199537	-2.2285083537057933	8.950505840183153	0.7642822310030358	0.12037372938041643	0.7737035371199537	-2.2285083537057933	8.950505840183153	0.06083327704193964	-0.3956785194464907	0.4003275887907656	-7.951689584521873	-81.25954434061282
7718750000.0	7.71875	0.0815296350940391	-0.3937625029852345	0.40211439933899906	-7.913007498822053	-78.30204532872303	0.7733690122339455	0.07204572239317143	0.7767175903755897	-2.1947371847541017	5.322215182578376	0.7733690122339455	0.07204572239317143	0.7767175903755897	-2.1947371847541017	5.322215182578376	0.03420316812344293	-0.3889310869094056	0.3904321286398087	-8.169089029284354	-84.97425468236999
7726562500.0	7.7265625	0.06044275665430854	-0.38751693449408453	0.3922023729551678	-8.129795660676395	-81.13475078982613	0.779522484211667	0.022506992718401574	0.7798473364144772	-2.1598081370089166	1.6538298208721236	0.779522484211667	0.022506992718401574	0.7798473364144772	-2.1598081370089166	1.6538298208721236	0.008413096591270708	-0.379689632335412	0.3797828288604612	-8.409293498653616	-88.7306578284038
7734375000.0	7.734375	0.0402802222509277	-0.379478090029993	0.38160990175491466	-8.367607300861483	-83.94094882422857	0.7825619666574221	-0.028095897564868133	0.7830661601159302	-2.1240308697113	-2.0561761178378015	0.7825619666574221	-0.028095897564868133	0.7830661601159302	-2.1240308697113	-2.0561761178378015	-0.016259161685569012	-0.36800465218377365	0.3683636577726116	-8.674464464583282	-92.52979380489893
7742187500.0	7.7421875	0.021244688450657745	-0.36972593357347483	0.3703357972761248	-8.628086125844215	-86.71136409829946	0.7823065719248534	-0.07959111284108553	0.7863449101508182	-2.0877383993364957	-5.809228686951857	0.7823065719248534	-0.07959111284108553	0.7863449101508182	-2.0877383993364957	-5.809228686951857	-0.03953093893821025	-0.35395847362478383	0.35615908830763154	-8.967119380930152	-96.37252411700406
7750000000.0	7.75	0.0035371656966865506	-0.35836542499158597	0.3583828809675008	-8.913054872994868	-89.43449319952678	0.7785782928686968	-0.1317794130408202	0.7896518041692284	-2.0512873605973354	-9.606635665729454	0.7785782928686968	-0.1317794130408202	0.7896518041692284	-2.0512873605973354	-9.606635665729454	-0.061118111606457304	-0.33766793339844514	0.3431545669401999	-9.29020433682247	-100.25949711825396
7757812500.0	7.7578125	-0.012646085652281147	-0.3455279605043653	0.34575930207679306	-9.224522541869586	-92.09605055493311	0.7712056773152167	-0.1844322795396253	0.792952370864357	-2.015057960886396	-13.449565914695453	0.7712056773152167	-0.1844322795396253	0.792952370864357	-2.015057960886396	-13.449565914695453	-0.0807392471035156	-0.319286807555224	0.32933704848019935	-9.647188219319867	-104.1911057223904
7765625000.0	7.765625	-0.027117165705924706	-0.3313724880807529	0.33248017464617546	-9.56468491990718	-94.67825451390657	0.7600281099934905	-0.23729042523002467	0.7962094409677163	-1.9794535424266535	-17.339026630426343	0.7600281099934905	-0.23729042523002467	0.7962094409677163	-1.9794535424266535	-17.339026630426343	-0.09812049373292092	-0.2990078391972071	0.31469559766824673	-10.042186649314932	-108.16743500992715
7773437500.0	7.7734375	-0.03970064719820332	-0.31608617011713314	0.31856962869563293	-9.93591261329807	-97.15890244352542	0.744900699379529	-0.2900628366474388	0.7993832004364804	-1.9448996592815784	-21.275838700117596	0.744900699379529	-0.2900628366474388	0.7993832004364804	-1.9448996592815784	-21.275838700117596	-0.11300121884237418	-0.2770641861990082	0.29922205589491696	-10.480127948743876	-112.18819595963728
7781250000.0	7.78125	-0.05023815713333618	-0.29988445152591514	0.30406340901060874	-10.340716794152478	-99.51016793079994	0.7256997353298371	-0.3424265137501182	0.802431319912711	-1.9118425718413081	-25.260610491130798	0.7256997353298371	-0.3424265137501182	0.802431319912711	-1.9118425718413081	-25.260610491130798	-0.1251403632039378	-0.25373008881566284	0.28291176800058637	-10.966979744997882	-116.25263925739686
7789062500.0	7.7890625	-0.05859336086963457	-0.28301038202061934	0.28901221128086635	-10.781676142802684	-101.69703533369719	0.7023286432043875	-0.3940270852093173	0.8053091747545574	-1.8807470606802208	-29.29371056830148	0.7023286432043875	-0.3940270852093173	0.8053091747545574	-1.8807470606802208	-29.29371056830148	-0.13432343223563825	-0.2293205411800927	0.2657643600159598	-11.51006519970942	-120.35943909511155
7796875000.0	7.796875	-0.06465724004053336	-0.2657330396365345	0.27348602714605214	-11.261297151757915	-103.67527130342525	0.6747243117271026	-0.4444804806506346	0.8079701693225013	-1.852093466136602	-33.37524000886525	0.6747243117271026	-0.4444804806506346	0.8079701693225013	-1.852093466136602	-33.37524000886525	-0.1403699873016176	-0.20418974472628126	0.24778455397066257	-12.118515390545745	-124.5065294675078
7804687500.0	7.8046875	-0.06835350866676648	-0.24834491136890402	0.2575798849869425	-11.781761101109915	-105.38883203545787	0.6428636165058627	-0.4933758326163865	0.8103661775005849	-1.8263738710057156	-37.5050051750575	0.6428636165058627	-0.4933758326163865	0.8103661775005849	-1.8263738710057156	-37.5050051750575	-0.14314143446748745	-0.1787281297905463	0.22898300076607514	-12.803935152112347	-128.69086136439554
7812500000.0	7.8125	-0.06964396171821446	-0.23115810924444302	0.24142152528984231	-12.344480211050378	-106.766650549128	0.6067699017106379	-0.5402797564602688	0.8124481084122879	-1.8040873626712883	-41.68249199784601	0.6067699017106379	-0.5402797564602688	0.8124481084122879	-1.8040873626712883	-41.68249199784601	-0.1425488368736359	-0.1533577583893333	0.20937710703949367	-13.581416102612433	-132.9080210903075
7820312500.0	7.8203125	-0.06853350102058142	-0.2144993387419556	0.22518172013481522	-12.949337353394455	-107.7189142500326	0.566519123258609	-0.5847421127581245	0.8141666017778783	-1.7857343388393203	-45.90684300806847	0.566519123258609	-0.5847421127581245	0.8141666017778783	-1.7857343388393203	-45.90684300806847	-0.13856040532956138	-0.12852597032085655	0.18899182779160068	-14.471139495555867	-137.15159046355996
7828125000.0	7.828125	-0.06507453990990647	-0.19870359283584849	0.20908805214636408	-13.59341566456051	-108.133390507644	0.5222453039892937	-0.6263032920537358	0.8154728512809097	-1.771809858265763	-50.17683850609101	0.5222453039892937	-0.6263032920537358	0.8154728512809097	-1.771809858265763	-50.17683850609101	-0.1312082567901231	-0.10469720891870637	0.16786039498723376	-15.50103518592923	-141.41199507031715
7835937500.0	7.8359375	-0.05937045670337576	-0.18410661901591108	0.19344275198269187	-14.26895076035301	-107.87340411120086	0.4741449121598367	-0.66450297566724	0.8163195467448245	-1.7627960841784303	-54.49088336756977	0.4741449121598367	-0.66450297566724	0.8163195467448245	-1.7627960841784303	-54.49088336756977	-0.12059398073435196	-0.0823430624773076	0.14602495720766034	-16.71145824714865	-145.67425505378824
7843750000.0	7.84375	-0.05157775480388194	-0.17103629613894866	0.17864400182356954	-14.960231223001577	-106.78122543519619	0.4224797574183062	-0.6988902213395478	0.8166619171433629	-1.759153922149797	-58.84700101943017	0.4224797574183062	-0.6988902213395478	0.8166619171433629	-1.759153922149797	-58.84700101943017	-0.10689252888758644	-0.06193067998124735	0.12353712743512847	-18.16405002751981	-149.91314169453676
7851562500.0	7.8515625	-0.04190660081544245	-0.15980315784700583	0.16520657508035175	-15.639453442456748	-104.69430627601956	0.3675780113570329	-0.7290346043853564	0.816458846987712	-1.761314013440777	-63.24283606607481	0.3675780113570329	-0.7290346043853564	0.816458846987712	-1.761314013440777	-63.24283606607481	-0.09035395392454859	-0.043909858904383814	0.10045851232624513	-19.96026515050261	-154.08135749863706
7859375000.0	7.859375	-0.030619456813861856	-0.15069040158868696	0.15376978983706682	-16.262579584031997	-101.48581411358785	0.30983300947902065	-0.7545380229853126	0.815674029188996	-1.7696673055170973	-67.67566688449295	0.30983300947902065	-0.7545380229853126	0.815674029188996	-1.7696673055170973	-67.67566688449295	-0.0713025758914283	-0.028699247972583164	0.07686159094726515	-22.285812607564193	-158.07524162710035
7867187500.0	7.8671875	-0.018027601663204718	-0.14394381646764365	0.1450683174266451	-16.768548521638028	-97.13858598482908	0.24969958158950978	-0.7750466626174756	0.8142771090239878	-1.7845554786318474	-72.14242922918436	0.24969958158950978	-0.7750466626174756	0.8142771090239878	-1.7845554786318474	-72.14242922918436	-0.05013325580940753	-0.016672244591486862	0.052832821974316845	-25.54192383201457	-161.60501130959543
7875000000.0	7.875	-0.00448544790444666	-0.13976213703144635	0.13983409523610577	-17.08773846486263	-91.83818779051789	0.18768778741061534	-0.7902625238505946	0.8122447673859179	-1.8062615554057702	-76.639751495132	0.18768778741061534	-0.7902625238505946	0.8122447673859179	-1.8062615554057702	-76.639751495132	-0.027304603800896665	-0.008143278210584137	0.028493058255282373	-30.905218679575746	-163.39340504295367
7878906250.0	7.87890625	0.0025213310782558618	-0.13868021201814051	0.13870313015863264	-17.15827475902711	-88.95842590976787	0.15614987752543785	-0.7958104023256053	0.8109851914189623	-1.8197415185819776	-78.89874627611023	0.15614987752543785	-0.7958104023256053	0.8109851914189623	-1.8197415185819776	-78.89874627611023	-0.015426412858713934	-0.0052695644708176115	0.016301611067609172	-35.75538945400997	-161.1401594334406
7882812500.0	7.8828125	0.009617300555188946	-0.1382883714124472	0.13862238685679806	-17.163332551300336	-86.0217555944029	0.12435409717878333	-0.7999538645343817	0.8095616881181089	-1.8350010533808725	-81.16400179412675	0.12435409717878333	-0.7999538645343817	0.8095616881181089	-1.8350010533808725	-81.16400179412675	-0.003329137116660996	-0.003355239760753026	0.004726604256087864	-46.50901516609375	-134.7762598120944
7886718750.0	7.88671875	0.016749842499913625	-0.13859460942349155	0.13960309088634854	-17.102099321932652	-83.108942679042	0.09237542594664527	-0.8026757251899835	0.8079737242807404	-1.8520552494942357	-83.43503299197143	0.09237542594664527	-0.8026757251899835	0.8079737242807404	-1.8520552494942357	-83.43503299197143	0.008916814778451188	-0.002417737714557333	0.00923877921857636	-40.687708224217715	-15.170631603731346
7890625000.0	7.890625	0.023865449711872655	-0.139602650536778	0.14162789176868973	-16.977024191628157	-80.29891070546066	0.06029024079809071	-0.8039639045063791	0.8062213547684246	-1.8709140533229052	-85.71134643529088	0.06029024079809071	-0.8039639045063791	0.8062213547684246	-1.8709140533229052	-85.71134643529088	0.021239382330172363	-0.0024688281877993656	0.021382387013336716	-33.39887628296175	-6.630205819238696
7894531250.0	7.89453125	0.030910112627171304	-0.1413118432162621	0.14465293669954254	-16.79345490026329	-77.66162975413383	0.028175870868753145	-0.8038115642437225	0.8043052346660144	-1.8915820953221125	-87.99244268713772	0.028175870868753145	-0.8038115642437225	0.8043052346660144	-1.8915820953221125	-87.99244268713772	0.03356536931010262	-0.003514438301330136	0.03374885618057944	-29.434818834662426	-5.977334493757168
7898437500.0	7.8984375	0.03782971910981042	-0.14371709403750677	0.14861255252000996	-16.558890129148374	-75.25292079582994	-0.003889863660665482	-0.8022171963805658	0.8022266270873797	-1.9140585447886878	-90.2778188063763	-0.003889863660665482	-0.8022171963805658	0.8022266270873797	-1.9140585447886878	-90.2778188063763	0.045820981032373476	-0.005554527916922458	0.04615641973928438	-26.715357717919876	-6.911805828543693
7902343750.0	7.90234375	0.044570462268430866	-0.14680884392580507	0.15342543062234829	-16.282052981979234	-73.11196111548978	-0.035829122715271826	-0.7991846622869582	0.7999874064441673	-1.9383369940325015	-92.56697095267302	-0.035829122715271826	-0.7991846622869582	0.7999874064441673	-1.9383369940325015	-92.56697095267302	0.05793237608611718	-0.00858302227179042	0.05856473743048262	-24.64727598984734	-8.427402617968982
7906250000.0	7.90625	0.05107925110743228	-0.15057308746915732	0.15900108352992637	-15.971998322463346	-71.26140533533882	-0.06756452133199632	-0.7947231810994407	0.7975900570591613	-1.9644053735482656	-94.85939707931425	-0.06756452133199632	-0.7947231810994407	0.7975900570591613	-1.9644053735482656	-94.85939707931425	0.06982622544037526	-0.012587803547410736	0.07095177628078324	-22.980734549785954	-10.219140079350604
7914062500.0	7.9140625	0.06319462255414265	-0.1600412206666848	0.17206612866059098	-15.286092248713796	-68.45268809798269	-0.1301192991354939	-0.7815766149866479	0.7923339176770732	-2.021835054011347	-99.45208866636993	-0.1301192991354939	-0.7815766149866479	0.7923339176770732	-2.021835054011347	-99.45208866636993	0.09267388043780539	-0.02344790732819413	0.09559420732174219	-20.391368473395044	-14.198727773600307
7921875000.0	7.921875	0.07378069760790879	-0.17192396151075573	0.18708671754312622	-14.559140893772376	-66.77354197852152	-0.1909619028669864	-0.7629547613702933	0.7864899339751155	-2.08613662793499	-104.05201898340391	-0.1909619028669864	-0.7629547613702933	0.7864899339751155	-2.08613662793499	-104.05201898340391	0.11380856787558369	-0.03792045755200402	0.1199597900250108	-18.419286061827897	-18.42782053968779
7929687500.0	7.9296875	0.08247865992950287	-0.18596095101109733	0.20343108082276495	-13.83165387009273	-66.08143204913463	-0.24953609529662424	-0.7391114635350163	0.780098723486175	-2.1570086551085685	-108.65552187479625	-0.24953609529662424	-0.7391114635350163	0.780098723486175	-2.1570086551085685	-108.65552187479625	0.13271750128333448	-0.05570368607465426	0.14393344221964374	-16.836765763511103	-22.76858231975079
7937500000.0	7.9375	0.08897662136282158	-0.201836625135565	0.22057847219358806	-13.128737513687607	-66.21044224679095	-0.30533391895138456	-0.7103684326305039	0.7732089705507363	-2.2340623210620096	-113.25922904426807	-0.30533391895138456	-0.7103684326305039	0.7732089705507363	-2.2340623210620096	-113.25922904426807	0.14894543834894675	-0.07641799903196755	0.1674050602013263	-15.524628371980745	-27.160561033082043
7945312500.0	7.9453125	0.09301831635379654	-0.21918971619442384	0.23811035017967414	-12.464434525483007	-67.0049168514127	-0.35790561185018904	-0.6771042705841039	0.7658763739906654	-2.3168265506039667	-117.86015602021418	-0.35790561185018904	-0.6771042705841039	0.7658763739906654	-2.3168265506039667	-117.86015602021418	0.16210713394639692	-0.09961827457542571	0.19026960741458418	-14.412611558092895	-31.57160775211466
7953125000.0	7.953125	0.09440954370011762	-0.2376240780418748	0.2556919326199312	-11.845659485145434	-68.3317635680023	-0.40686677753805905	-0.639741884716478	0.7581624190928985	-2.404754933276884	-122.4557825450722	-0.40686677753805905	-0.639741884716478	0.7581624190928985	-2.404754933276884	-122.4557825450722	0.1718967766765082	-0.12480815849125926	0.212427818935639	-13.455772198221968	-35.982072062248456
7960937500.0	7.9609375	0.0930221919149557	-0.25672022487282864	0.2730538445937331	-11.275034084521598	-70.08209116426914	-0.4519025716101886	-0.5987350255733691	0.7501330315858945	-2.49723420522318	-127.04412577899498	-0.4519025716101886	-0.5987350255733691	0.7501330315858945	-2.49723420522318	-127.04412577899498	0.17809412723749257	-0.15145552811440166	0.23378685838364932	-12.623598100598333	-40.37863870239836
7968750000.0	7.96875	0.08879586188825267	-0.2760469755639925	0.28997696082017466	-10.75273012382391	-72.16860619811713	-0.492768872500829	-0.5545546891540607	0.7418571728901023	-2.5935939967489703	-131.62380529876685	-0.492768872500829	-0.5545546891540607	0.7418571728901023	-2.5935939967489703	-131.62380529876685	0.18056732054404795	-0.17900828210915054	0.25426073686695355	-11.894413974506229	-44.75158002373082
7976562500.0	7.9765625	0.08173726228112471	-0.2951726497477798	0.30628070981427946	-10.277607101741719	-74.52187674703073	-0.5292905929731696	-0.5076760745361916	0.7334054325312612	-2.693117548549733	-136.19409949736382	-0.5292905929731696	-0.5076760745361916	0.7334054325312612	-2.693117548549733	-136.19409949736382	0.17927251964022756	-0.20690967352137912	0.2737704317395863	-11.252269182898782	-49.09339753058345
7984375000.0	7.984375	0.0719176846659248	-0.3136753578116682	0.32181420643903447	-9.847895759003539	-77.08673457084201	-0.5613574432712909	-0.45856669014777707	0.7248486658807947	-2.795053121912834	-140.7549935922444	-0.5613574432712909	-0.45856669014777707	0.7248486658807947	-2.795053121912834	-140.7549935922444	0.17425079721717207	-0.2346125228208582	0.2922436931658025	-10.685097049197218	-53.398085919376356
7992187500.0	7.9921875	0.059468957692801694	-0.3311520510344623	0.33644945806673454	-9.461603337942805	-79.8192243008985	-0.5889175664845683	-0.4076760732760345	0.7162567143391205	-2.898625876776949	-145.30721998239278	-0.5889175664845683	-0.4076760732760345	0.7162567143391205	-2.898625876776949	-145.30721998239278	0.1656227562660857	-0.2615918080054578	0.3096145529666516	-10.183572683001742	-57.660694756750416
8000000000.0	8.0	0.04457832918735155	-0.3472261354283921	0.35007601539904437	-9.116752856773836	-82.68414986595707	-0.6119695275740674	-0.3554274459276611	0.7076972318710083	-3.0030500623330907	-149.85229211631014	-0.6119695275740674	-0.3554274459276611	0.7076972318710083	-3.0030500623330907	-149.85229211631014	0.153581479366717	-0.28735530997937264	0.32582256671048837	-9.74037678861442	-61.87703686110518
8007812500.0	8.0078125	0.02748273387798089	-0.3615535902057756	0.36259660678513506	-8.811525287843134	-85.653141250844	-0.6305531524343662	-0.30221149275468157	0.6992346275735563	-3.1075414532470855	-154.39253331773816	-0.6305531524343662	-0.30221149275468157	0.6992346275735563	-3.1075414532470855	-154.39253331773816	0.13838441793212453	-0.31145217444053763	0.34081183091282496	-9.349706751641202	-66.04346721272097
8015625000.0	8.015625	0.008462877982443495	-0.37382765873313195	0.37392343967400693	-8.544346198279053	-88.70313399696634	-0.6447396900705269	-0.248382327170626	0.6909291196663627	-3.2113300660235424	-158.93110214463948	-0.6447396900705269	-0.248382327170626	0.6909291196663627	-3.2113300660235424	-158.93110214463948	0.12034480554434462	-0.333479421202618	0.35452982467930566	-9.006944481899724	-70.15669035807984
8023437500.0	8.0234375	-0.012162482301040611	-0.38378228974698625	0.3839749625941291	-8.313941864822013	-91.81515867781371	-0.6546217204520125	-0.19425561954150228	0.6828358826328664	-3.3136733006484964	-163.47201581755584	-0.6546217204520125	-0.19425561954150228	0.6828358826328664	-3.3136733006484964	-163.47201581755584	0.09982311369300861	-0.3530865779822012	0.3669261309562844	-8.70842716984076	-74.21357020258078
8031250000.0	8.03125	-0.03404176550806437	-0.3911945966710837	0.3926729609529511	-8.119380055224289	-94.97335215151696	-0.6603031653451081	-0.14010880157603453	0.6750042566116468	-3.413869769538879	-168.02017303436875	-0.6603031653451081	-0.14010880157603453	0.6750042566116468	-3.413869769538879	-168.02017303436875	0.07721897499202363	-0.3699787331252171	0.37795109877305477	-8.451287754941797	-78.21092304616879
8039062500.0	8.0390625	-0.056795077678364114	-0.39588667350406936	0.39993991937115886	-7.9601049057083735	-98.16411653629811	-0.6618896920342887	-0.08618323489271885	0.6674769766799594	-3.5112741969694077	-172.58137707278334	-0.6618896920342887	-0.08618323489271885	0.6674769766799594	-3.5112741969694077	-172.58137707278334	0.052963888309120244	-0.38391838996925287	0.3875545169668446	-8.233343940442616	-82.14527670642612
8046875000.0	8.046875	-0.08001789552057154	-0.39772715952734083	0.4056966317696364	-7.835971958801473	-101.3753618869793	-0.6594797422636467	-0.03268823704777027	0.6602893693657479	-3.6053138959137128	-177.16235944065906	-0.6594797422636467	-0.03268823704777027	0.6602893693657479	-3.6053138959137128	-177.16235944065906	0.027514899447510344	-0.39472656723528354	0.3956843850507086	-8.05302176041713	-86.01257731649187
8054687500.0	8.0546875	-0.10328390906436552	-0.3966329854266111	0.40986008710295563	-7.74728743971637	-104.59577318534286	-0.6531563820212286	0.020193109720120454	0.653468454521892	-3.695507453412975	178.22919657955026	-0.6531563820212286	0.020193109720120454	0.653468454521892	-3.695507453412975	178.22919657955026	0.0013493235594361774	-0.402283629336174	0.40228589225319883	-7.90930394832714	-89.80782152294326
8062500000.0	8.0625	-0.12614713225058805	-0.39257176295588114	0.41234171271572306	-7.694854590126571	-107.81404078841187	-0.6429801623856009	0.072296390243289	0.6470318827257461	-3.781486375784924	173.58463440406325	-0.6429801623856009	0.072296390243289	0.6470318827257461	-3.781486375784924	173.58463440406325	-0.02503955939315533	-0.406530351878438	0.40730075685297956	-7.801695658001763	-93.5245854163212
8070312500.0	8.0703125	-0.14814352914494394	-0.3855652989151164	0.4130461293306377	-7.680028865418352	-111.01798491714672	-0.6289832178714878	0.12346649058537353	0.6409866322018265	-3.8630205522607537	168.89430825228516	-0.6289832178714878	0.12346649058537353	0.6409866322018265	-3.8630205522607537	168.89430825228516	-0.0511460520744586	-0.4074697327334844	0.4106671422657289	-7.7302008785753396	-97.15441237186717
8078125000.0	8.078125	-0.16879257344709692	-0.3756947167335063	0.41187067513038983	-7.70478256739881	-114.19348732221637	-0.6111649171457146	0.17354633913549658	0.6353273862954918	-3.940048472999971	164.14757876926504	-0.6111649171457146	0.17354633913549658	0.6353273862954918	-3.940048472999971	164.14757876926504	-0.07645521443450015	-0.405170044998175	0.4123204641756804	-7.69530219759298	-100.68600973407639
8085937500.0	8.0859375	-0.18759937302190594	-0.36310764178386234	0.4087061099127953	-7.771777395923369	-117.32311389245025	-0.5894895322390925	0.2223636257279323	0.6300345154563645	-4.01271315500349	159.3328290447284	-0.5894895322390925	0.2223636257279323	0.6300345154563645	-4.01271315500349	159.3328290447284	-0.10044625060581641	-0.3997695844780089	0.4121955481740267	-7.69793406064098	-104.10418887387581
8093750000.0	8.09375	-0.2040582622964493	-0.34802782366115226	0.4034391409540782	-7.884439391887281	-120.38426591230164	-0.5638866152298383	0.2697153903340363	0.6250716011933395	-4.081404638011541	154.4375137612041	-0.5638866152298383	0.2697153903340363	0.6250716011933395	-4.081404638011541	154.4375137612041	-0.12259693691994056	-0.3914834693152258	0.41023080782559135	-7.739434555304152	-107.388465522062
8101562500.0	8.1015625	-0.21765910045208997	-0.33076738660660054	0.3959577604393849	-8.047022816162531	-123.34662807809573	-0.5342550679837376	0.31535049164136464	0.6203824709360819	-4.146809635714172	149.4482590060795	-0.5342550679837376	0.31535049164136464	0.6203824709360819	-4.146809635714172	149.4482590060795	-0.14239021220592746	-0.38061266601399546	0.40637541025796614	-7.821451581036318	-110.51122111503484
8109375000.0	8.109375	-0.2278979023382952	-0.3117415526462821	0.3861609114559756	-8.264633782449318	-126.16857976835747	-0.500472246727182	0.358950246115226	0.6158877729995414	-4.209968354354647	144.3510359644316	-0.500472246727182	0.358950246115226	0.6158877729995414	-4.209968354354647	144.3510359644316	-0.1593243820122292	-0.3675550884096419	0.4006008009470256	-7.945763734571978	-113.43532143839826
8117187500.0	8.1171875	-0.23429382631352907	-0.29148508237329485	0.37397479901030845	-8.543153251151686	-128.79209605450328	-0.4624098114089007	0.40010805289574547	0.6114812243063884	-4.272337471010702	139.13143787925995	-0.4624098114089007	0.40010805289574547	0.6114812243063884	-4.272337471010702	139.13143787925995	-0.17292871505823093	-0.3528180688944762	0.3929184778425649	-8.113950941383218	-116.11112124896427
8125000000.0	8.125	-0.23641483925875129	-0.2706687232053706	0.35937937328590064	-8.888937060132667	-131.13549701666685	-0.4199583028475944	0.4383096831495314	0.6070258268585237	-4.335856615940402	133.7750953501473	-0.4199583028475944	0.4383096831495314	0.6070258268585237	-4.335856615940402	133.7750953501473	-0.18278643479859802	-0.3370306489911885	0.3834064933015661	-8.326810725290589	-118.4729097790568
8132812500.0	8.1328125	-0.23391436422948003	-0.2501125591959772	0.34245032057284314	-9.308048458087267	-133.08328436337942	-0.3730624087113527	0.4729171898365366	0.6023505866490072	-4.4030132469661485	128.26826834100316	-0.3730624087113527	0.4729171898365366	0.6023505866490072	-4.4030132469661485	128.26826834100316	-0.1885670464008281	-0.3209529119256145	0.3722476362072207	-8.58336102721323	-120.43519267955016
8140625000.0	8.140625	-0.22658054911024977	-0.23079132221471	0.32342445740035863	-9.804542835630102	-134.47252394264757	-0.32176824128574116	0.5031610764747815	0.5972485830702152	-4.47689743819264	122.5986509912684	-0.32176824128574116	0.5031610764747815	0.5972485830702152	-4.47689743819264	122.5986509912684	-0.19006929238486242	-0.3054779964790957	0.35978207604126794	-8.879209530774894	-121.88999330930436
8148437500.0	8.1484375	-0.21439800677483062	-0.21382466529890087	0.3027994266824283	-10.376899029205049	-135.0767124893279	-0.266282260138202	0.5281472422765068	0.5914776002424675	-4.56123395648756	116.75641280979853	-0.266282260138202	0.5281472422765068	0.5914776002424675	-4.56123395648756	116.75641280979853	-0.18727439764305703	-0.29162069116328837	0.3465751397996167	-9.204051858123727	-122.70796332026266
8156250000.0	8.15625	-0.1976184768069817	-0.20044371227039726	0.2814795626049063	-11.01106265000974	-134.59335160530068	-0.20703828088449833	0.5468867279314016	0.5847648612383641	-4.660374644012714	110.73547136478868	-0.20703828088449833	0.5468867279314016	0.5847648612383641	-4.660374644012714	110.73547136478868	-0.18040623794562705	-0.28048514781101375	0.3334941211359811	-9.538236349233909	-122.74886260817824
8160156250.0	8.16015625	-0.18767419780512068	-0.19549761088599582	0.27099985310683805	-11.3406188906231	-133.8303255393002	-0.17622140080388982	0.5535931662595273	0.5809641777515493	-4.717012907596359	107.65746594461677	-0.17622140080388982	0.5535931662595273	0.5809641777515493	-4.717012907596359	107.65746594461677	-0.17559577198316634	-0.2762932759717993	0.3273711188935166	-9.699192745178948	-122.43764167105381
8164062500.0	8.1640625	-0.176831614751514	-0.19192501438189158	0.2609686401104875	-11.668233550187662	-132.6561623973599	-0.1447641207585828	0.5583563584738559	0.5768175393546824	-4.779230848950623	104.53494207655838	-0.1447641207585828	0.5583563584738559	0.5768175393546824	-4.779230848950623	104.53494207655838	-0.1699904821087732	-0.2732042681690363	0.32177218051495976	-9.849030128985156	-121.89029519424352
8167968750.0	8.16796875	-0.16522642049348973	-0.18987541880429504	0.2516991154040831	-11.982366215516699	-131.02924657478204	-0.11281191453645656	0.5610589533835244	0.5722881068423462	-4.847705588084582	101.36884833280041	-0.11281191453645656	0.5610589533835244	0.5722881068423462	-4.847705588084582	101.36884833280041	-0.16371060056300396	-0.27134885660215313	0.3169090764178194	-9.981306444863861	-121.10348401830748
8171875000.0	8.171875	-0.15302056619399962	-0.18948598256962157	0.24355744962679163	-12.267971644789968	-128.92282121440456	-0.08053337529305443	0.5615955128480137	0.5673404133208875	-4.923125585285286	98.16063924583744	-0.08053337529305443	0.5615955128480137	0.5673404133208875	-4.923125585285286	98.16063924583744	-0.1568991415740265	-0.270846098743299	0.3130095043782717	-10.088849502338192	-120.0833954514535
8175781250.0	8.17578125	-0.14040162616324364	-0.1908763870092265	0.23695234066575332	-12.506779937797628	-126.33682774755256	-0.048119582145580465	0.5598772611155174	0.5619413151745283	-5.006180728712523	94.91230931057873	-0.048119582145580465	0.5598772611155174	0.5619413151745283	-5.006180728712523	94.91230931057873	-0.14972116125290152	-0.271798904246662	0.31030802515662315	-10.164139851760485	-118.84828988734162
8179687500.0	8.1796875	-0.12758104534832343	-0.19414350162340588	0.2323114770190409	-12.678586679336455	-123.31084312000274	-0.015782417984994183	0.5558370010021282	0.556061018594626	-5.097550981851167	91.62641753833631	-0.015782417984994183	0.5558370010021282	0.556061018594626	-5.097550981851167	91.62641753833631	-0.14236203639397016	-0.2742894303432353	0.3090333978783759	-10.199891658720702	-117.43027066202689
8183593750.0	8.18359375	-0.1147911460989473	-0.19935612133906133	0.23004319233149326	-12.763812285724454	-119.93374561885001	0.016248272176796696	0.5494339444698854	0.5496741450027174	-5.197893808865372	88.30609997258118	0.016248272176796696	0.5494339444698854	0.5496741450027174	-5.197893808865372	88.30609997258118	-0.13502466362617643	-0.27837458295136885	0.3093930642737659	-10.189788523876736	-115.8755498284432
8187500000.0	8.1875	-0.1022808407701567	-0.20655009669006796	0.23048712074935246	-12.747066745509146	-116.34399680531405	0.04772872660046259	0.5406581563024604	0.5427607883029848	-5.307830708778414	84.955067780456	0.04772872660046259	0.5406581563024604	0.5427607883029848	-5.307830708778414	84.955067780456	-0.1279255431675933	-0.2840819051513137	0.31155653327947364	-10.129262744870356	-114.24261828317563
8191406250.0	8.19140625	-0.09031008890307529	-0.2157242114790645	0.2338650199921859	-12.620694645513913	-112.71597862590063	0.07840647339336072	0.5295342798166471	0.5353075084200846	-5.427933299992814	81.57758896954209	0.07840647339336072	0.5295342798166471	0.5353075084200846	-5.427933299992814	81.57758896954209	-0.12128979296465192	-0.2914061609087284	0.3156402453632487	-10.016152553811565	-112.59817596566423
8195312500.0	8.1953125	-0.07914324588194122	-0.226837166679404	0.2402472758552511	-12.386830561241597	-109.23382526511136	0.10802655446945206	0.5161242116136103	0.52730820047133	-5.5587094930841765	78.17845245400656	0.10802655446945206	0.5161242116136103	0.52730820047133	-5.5587094930841765	78.17845245400656	-0.1153452334713232	-0.3003069219524299	0.3216967053873833	-9.851067736850641	-111.0113410836336
8199218750.0	8.19921875	-0.06904156361509695	-0.23980599681643766	0.24954689662575005	-12.056956533323838	-106.06142232406013	0.13633851740774575	0.5005284248818082	0.5187647785303143	-5.700590359129771	74.76291408685556	0.13633851740774575	0.5005284248818082	0.5187647785303143	-5.700590359129771	74.76291408685556	-0.11031578135047826	-0.31070743351887065	0.32970999508484716	-9.637357742341715	-109.54726022233974
8203125000.0	8.203125	-0.06025520907308529	-0.2545061727284037	0.2615417407935133	-11.649179799439919	-103.31972025005629	0.16310382858943273	0.48288571035608685	0.5096876182198599	-5.853918330937473	71.33662533117764	0.16310382858943273	0.48288571035608685	0.5096876182198599	-5.853918330937473	71.33662533117764	-0.10641447976956275	-0.3224949680331657	0.3395983597006017	-9.38068832231304	-108.26147046323103
8207031250.0	8.20703125	-0.053015248081599686	-0.2707735351421483	0.27591470396216616	-11.1845030923031	-101.07790950109977	0.18810328673456886	0.4633712079097622	0.5000957136389989	-6.0189373561935335	67.90554637697986	0.18810328673456886	0.4633712079097622	0.5000957136389989	-6.0189373561935335	67.90554637697986	-0.10383656041154021	-0.33552277757114135	0.3512229570332114	-9.088342099794865	-107.1960902195295
8210937500.0	8.2109375	-0.04752608542162434	-0.2884080660726025	0.2922976930652074	-10.683492245229251	-99.35754000272719	0.2111439776732603	0.44219273107229373	0.4900165208652256	-6.19578555046436	64.47584661171437	0.2111439776732603	0.44219273107229373	0.4900165208652256	-6.19578555046436	64.47584661171437	-0.10275296576227444	-0.34961363461055317	0.36440069357582805	-8.76841610182556	-106.37829133238267
8214843750.0	8.21484375	-0.04395884796040084	-0.3071793546373185	0.3103087756242242	-10.164118845307705	-98.14400922160489	0.23206531801457714	0.41958552733434346	0.4794854810874318	-6.384490776292892	61.053796302303454	0.23206531801457714	0.41958552733434346	0.4794854810874318	-6.384490776292892	61.053796302303454	-0.10330475138575995	-0.36456481952997244	0.37891869747716994	-8.429079284797625	-105.82085038258246
8218750000.0	8.21875	-0.04244614176795103	-0.3268334691479984	0.32957820241378316	-9.640830386370713	-97.39963546370117	0.25074379020119264	0.3958057513902396	0.46854523917979557	-6.584969411313528	57.64565403302059	0.25074379020119264	0.3958057513902396	0.46854523917979557	-6.584969411313528	57.64565403302059	-0.10559873437346046	-0.380154288959506	0.3945483191138751	-8.07799604987668	-105.52415587964718
8222656250.0	8.22265625	-0.04307851144622721	-0.34710082748434123	0.34976383830913277	-9.124501875112767	-97.07477412666898	0.2670960697065871	0.3711230386177933	0.4572445956439618	-6.797028378414229	54.25755478235244	0.2670960697065871	0.3711230386177933	0.4572445956439618	-6.797028378414229	54.25755478235244	-0.10970466050891364	-0.39614765801146845	0.411057270322941	-7.721953321481147	-105.4789380101601
8226562500.0	8.2265625	-0.045902792294456485	-0.3677045788639932	0.3705586642597561	-8.622860555448765	-97.11576781969961	0.2810803752410794	0.3458126372865866	0.4456372487267759	-7.020370313580555	50.89540347002132	0.2810803752410794	0.3458126372865866	0.4456372487267759	-7.020370313580555	50.89540347002132	-0.11565404000579754	-0.41230556524935147	0.42821926171676333	-7.366676032323398	-105.66910822094891
8230468750.0	8.23046875	-0.05092239110730212	-0.3883689820966989	0.3916931913767599	-8.141079550569465	-97.46992812651516	0.2926960180883776	0.3201475812939203	0.4337803969903886	-7.254601562400859	47.564778369313906	0.2926960180883776	0.3201475812939203	0.4337803969903886	-7.254601562400859	47.564778369313906	-0.12344066568725354	-0.4283909700310171	0.44582106404860244	-7.016788318553042	-106.07431258144595
8234375000.0	8.234375	-0.05809937930447773	-0.408827290167296	0.4129349719521223	-7.6823666930673635	-98.08827418523337	0.30198126840276823	0.2943913592396905	0.4217332792905218	-7.49924254256869	44.27084801470072	0.30198126840276823	0.2943913592396905	0.4217332792905218	-7.49924254256869	44.27084801470072	-0.13302269564397917	-0.4441759585850502	0.4636672510986073	-6.675871546367983	-106.67201067709935
8238281250.0	8.23828125	-0.06735815128539557	-0.42882872241137315	0.43408662005359805	-7.248472006167441	-98.92678014277395	0.30900977721709666	0.26879146644226853	0.40955572862303474	-7.753739900696108	41.018304233729374	0.30900977721709666	0.26879146644226853	0.40955572862303474	-7.753739900696108	41.018304233729374	-0.14432607072424486	-0.45944770188457795	0.4815830203170786	-6.346576677222053	-107.43904154937991
8242187500.0	8.2421875	-0.07859030537900336	-0.4481442111068994	0.45498315358724023	-6.840093668596133	-99.94672131345467	0.3138858802036172	0.24357412604180673	0.39730680923969763	-8.017479834564256	37.81131281070612	0.3138858802036172	0.24357412604180673	0.39730680923969763	-8.017479834564256	37.81131281070612	-0.15724895744901346	-0.47401330367595484	0.49941550504624366	-6.030759570030034	-108.35272392844685
8246093750.0	8.24609375	-0.09166035196060335	-0.4665707328729247	0.4754890838863914	-6.4571889798866575	-101.11452200509898	0.31673915624250326	0.2189403488588615	0.3850435942275275	-8.289801946939305	34.65348216636385	0.31673915624250326	0.2189403488588615	0.3850435942275275	-8.289801946939305	34.65348216636385	-0.1716668650584252	-0.4877033865795848	0.5170339503748119	-5.729618771531568	-109.39157439789479
8250000000.0	8.25	-0.10641184370710449	-0.48393416027848124	0.4954954610948359	-6.099206388881692	-102.4013572575728	0.31771862046130517	0.1950633846686419	0.3728201252966656	-8.570013038518958	31.54784941723326	0.31771862046130517	0.1950633846686419	0.3728201252966656	-8.570013038518958	31.54784941723326	-0.1874380812356743	-0.500374373542819	0.5343290634016455	-5.443824057735039	-110.53573300539499
8257812500.0	8.2578125	-0.14026536211502644	-0.514926923810259	0.5336891498559397	-5.454232530234905	-105.23758826151422	0.31471471079914215	0.1501280405803248	0.3486886544782829	-9.15124366662653	25.502495145315095	0.31471471079914215	0.1501280405803248	0.3486886544782829	-9.15124366662653	25.502495145315095	-0.2224197620066818	-0.5222188192847761	0.5676117033204078	-4.918973172146314	-113.06978332907293
8265625000.0	8.265625	-0.17870600517158525	-0.5403305881985849	0.5691159643055319	-4.895984636012834	-108.30083619638626	0.3062426083828823	0.10958151324735721	0.32525781041311236	-9.755445318627169	19.688520996184543	0.3062426083828823	0.10958151324735721	0.32525781041311236	-9.755445318627169	19.688520996184543	-0.2609134100476342	-0.538926689104317	0.5987635457938517	-4.454892968934549	-115.83326050407918
8273437500.0	8.2734375	-0.22030157439432374	-0.5597903372700279	0.6015795918924688	-4.414138105204031	-111.48177156648467	0.2936556268382809	0.07382330575831356	0.3027928460959227	-10.377087797294449	14.111398749574194	0.2936556268382809	0.07382330575831356	0.3027928460959227	-10.377087797294449	14.111398749574194	-0.30166514513266185	-0.5502571862908014	0.6275227731744719	-4.04741017512033	-118.7326865629335
8281250000.0	8.28125	-0.26374429749154144	-0.5733067544361321	0.6310639342740149	-3.9985327867232257	-114.70434306859877	0.2781883939241534	0.04291755600368084	0.2814794826047345	-11.011065118653487	8.77017202647469	0.2781883939241534	0.04291755600368084	0.2814794826047345	-11.011065118653487	8.77017202647469	-0.3435423556864861	-0.556273704405728	0.6538056166506153	-3.691027056884443	-121.6985619981475
8289062500.0	8.2890625	-0.3079140953489803	-0.5811400048985047	0.657673775825078	-3.639789498272429	-117.9166536331553	0.2608989450727257	0.016683896429383907	0.2614318495136496	-11.652830092918673	3.658953179770935	0.2608989450727257	0.016683896429383907	0.2614318495136496	-11.652830092918673	3.658953179770935	-0.38558549702503947	-0.5572581882266059	0.6776524653992236	-3.379859546129611	-124.68065003989375
8296875000.0	8.296875	-0.3519017850998111	-0.5837187857872643	0.681588209432493	-3.32955861784051	-121.08417177097223	0.2426482106025942	-0.005216869401635023	0.24270428474791012	-12.298451129649086	-1.2316536601671202	0.2426482106025942	-0.005216869401635023	0.24270428474791012	-12.298451129649086	-1.2316536601671202	-0.4270251238172949	-0.5536310081627505	0.6991836307941424	-3.1081749581308094	-127.64362029225637
8304687500.0	8.3046875	-0.39500432134629926	-0.5815643657186538	0.7030259777248565	-3.0605725387468192	-124.18473835515103	0.22410539402916319	-0.023211692681591078	0.22530426163326586	-12.944611870245339	-5.91331895459958	0.22410539402916319	-0.023211692681591078	0.22530426163326586	-12.944611870245339	-5.91331895459958	-0.46727505867275587	-0.545884941006505	0.7185654801584215	-2.870673002210186	-130.56337705652894
8312500000.0	8.3125	-0.4367036261785096	-0.5752331628300895	0.7222210525434493	-2.8265971232187166	-127.20492199987623	0.2057683838662528	-0.0377618171597644	0.20920464295549715	-13.588573624816442	-10.398990299130654	0.2057683838662528	-0.0377618171597644	0.20920464295549715	-13.588573624816442	-10.398990299130654	-0.5059118862094587	-0.53453587464298	0.735986031041587	-2.6626085692046026	-133.4241206363905
8320312500.0	8.3203125	-0.476638004142017	-0.565276978637165	0.7394064170465707	-2.622335693169451	-130.13737681009658	0.18799080904853221	-0.049325939941822126	0.19435429667971313	-14.228117075579611	-14.702131342934937	0.18799080904853221	-0.049325939941822126	0.19435429667971313	-14.228117075579611	-14.702131342934937	-0.5426485879986286	-0.520089162578039	0.7516383619055319	-2.479821252145325	-136.2160721386435
8328125000.0	8.328125	-0.5145721754473267	-0.5522179079839957	0.7548040418829348	-2.4433156581454316	-132.97893986143742	0.17101015491465482	-0.058337102887666754	0.18068671964829197	-14.861475332335994	-18.836171238571602	0.17101015491465482	-0.058337102887666754	0.18068671964829197	-14.861475332335994	-18.836171238571602	-0.5773074789800527	-0.5030188251495087	0.7657100389449625	-2.3187131798445972	-138.93375248458625
8335937500.0	8.3359375	-0.5503694234344907	-0.5365343688337081	0.7686193018597693	-2.2857742713357494	-135.72927101379543	0.15497373729572084	-0.06518993085613847	0.16812669727449953	-15.487266366738293	-22.81412790384049	0.15497373729572084	-0.06518993085613847	0.16812669727449953	-15.487266366738293	-22.81412790384049	-0.6097953735828356	-0.48375637712876207	0.7783769203000402	-2.176200996801722	-141.57470306158572
8343750000.0	8.34375	-0.5839675130914344	-0.5186549568079175	0.7810384245141959	-2.1465519948229552	-138.3898877520416	0.13996104515809707	-0.07023511088530181	0.1565952265007383	-16.104429613886627	-26.64836704281085	0.13996104515809707	-0.07023511088530181	0.1565952265007383	-16.104429613886627	-26.64836704281085	-0.6400823145072458	-0.4626863513329713	0.7897999930708853	-2.049657488192994	-144.13854764443522
8351562500.0	8.3515625	-0.6153588623316306	-0.4989574399757928	0.792227906828127	-2.0229972662034084	-140.9634859257366	0.1260020484080143	-0.07377859810933979	0.14601300538648965	-16.712169197182668	-30.35046259881436	0.1260020484080143	-0.07377859810933979	0.14601300538648965	-16.712169197182668	-30.35046259881436	-0.6681841928627534	-0.44014616014750474	0.8001242140344474	-1.9368517281066622	-146.62631241684767
8359375000.0	8.359375	-0.6445747848751929	-0.47777088220338526	0.802335135201184	-1.9128837822772944	-143.45346614401723	0.11309167414233018	-0.07608367446596102	0.13630279630498165	-17.309904687067935	-33.93113009050803	0.11309167414233018	-0.07608367446596102	0.13630279630498165	-17.309904687067935	-33.93113009050803	-0.6941490329565179	-0.4164285461226369	0.8094786062523717	-1.8358924949587763	-149.03993815069674
8367187500.0	8.3671875	-0.6716733076473673	-0.4553794799378783	0.8114896813604271	-1.8143399630080659	-145.86360724224693	0.10120093878491315	-0.07737454886337496	0.12739093697260626	-17.89722936195908	-37.40021035394368	0.10120093878491315	-0.07737454886337496	0.12739093697260626	-17.89722936195908	-37.40021035394368	-0.7180464596454034	-0.3917854038650346	0.8179770906883556	-1.7451771912913325	-151.38193375905968
8375000000.0	8.375	-0.6967299613466331	-0.43202717006373015	0.8198049247908652	-1.7257895417352285	-148.19784432870364	0.09028531236990904	-0.07784063058937504	0.11920822706627089	-18.47387542107874	-40.76668669772691	0.09028531236990904	-0.07784063058937504	0.11920822706627089	-18.47387542107874	-40.76668669772691	-0.7399597912249621	-0.3664321713753935	0.8257197035608241	-1.6633470404145099	-153.6551328962975
8382812500.0	8.3828125	-0.7198309545692269	-0.40792241498308246	0.827379779666916	-1.645901940658966	-150.46012076768108	0.08029087405550492	-0.07764093273107026	0.11169037063215222	-19.039685358026183	-44.038723036329024	0.08029087405550492	-0.07764093273107026	0.11169037063215222	-19.039685358026183	-44.038723036329024	-0.7599802228711166	-0.34055229262641795	0.8327939740225919	-1.5892485195710746	-155.86252509693125
8390625000.0	8.390625	-0.7410682084186053	-0.3832428146075162	0.834300392231151	-1.5735510448096093	-152.65429210987418	0.07115875154172493	-0.07690828836082102	0.10477811192977347	-19.594588633483664	-47.22371415783003	0.07115875154172493	-0.07690828836082102	0.10477811192977347	-19.594588633483664	-47.22371415783003	-0.7782026319546833	-0.3143014633974257	0.8392763229562477	-1.521900574184776	-158.00714047311095
8398437500.0	8.3984375	-0.7605358139976995	-0.35813935767898	0.8406417333750781	-1.5077810678487047	-154.78406626019145	0.06282825446905932	-0.07575321246892897	0.0984171669933227	-20.138582811821195	-50.328342007062865	0.06282825446905932	-0.07575321246892897	0.0984171669933227	-20.138582811821195	-50.328342007062865	-0.7947226166360871	-0.2878115114800843	0.8452334018088493	-1.4604669779070802	-160.09197265333955
8406250000.0	8.40625	-0.7783275604353089	-0.3327402290392607	0.8464690492594984	-1.447778340741865	-156.85296870396775	0.05523903054827197	-0.0742673382347854	0.09255802517552404	-20.671718401895816	-53.35863387383914	0.05523903054827197	-0.0742673382347854	0.09255802517552404	-20.671718401895816	-53.35863387383914	-0.8096344570711874	-0.2611938504184419	0.8507233284525397	-1.4042331570135935	-162.1199288477954
8414062500.0	8.4140625	-0.7945352572157467	-0.3071541531294979	0.8518391566156088	-1.3928480105040109	-158.86432486727304	0.0483325011088602	-0.07252641418239257	0.08715567346761728	-21.194086737808128	-56.320019822350616	0.0483325011088602	-0.07252641418239257	0.08715567346761728	-21.194086737808128	-56.320019822350616	-0.8230297571452525	-0.2345424989374798	0.8557968012059937	-1.352586823066072	-164.0937990145407
8421875000.0	8.421875	-0.8092476384440914	-0.2814732905982733	0.8568015835930504	-1.3423947897171113	-160.8212540166675	0.042052772616101255	-0.07059288169682103	0.08216928033616265	-21.705810333888135	-59.217387717846805	0.042052772616101255	-0.07059288169682103	0.08216928033616265	-21.705810333888135	-59.217387717846805	-0.8349965816344747	-0.20793668800626297	0.8604980869009947	-1.3050018175771094	-166.01623835535935
8429687500.0	8.4296875	-0.8225496881936346	-0.25577572402624194	0.8613995649804995	-1.295907037969797	-162.7266707664258	0.036347172405875754	-0.06851806924431973	0.07756186404974967	-22.207035240759826	-62.05513491157448	0.036347172405875754	-0.06851806924431973	0.07756186404974967	-22.207035240759826	-62.05513491157448	-0.8456189493141446	-0.18144309244934664	0.8648658874280682	-1.2610246452843545	-167.88975900700825
8437500000.0	8.4375	-0.834522266538485	-0.23012757702595188	0.8656709045915577	-1.252943579599499	-164.58329144486228	0.03116651909580509	-0.06634404656422341	0.07329996198542689	-22.697925011822356	-64.83721612154751	0.03116651909580509	-0.06634404656422341	0.07329996198542689	-22.697925011822356	-64.83721612154751	-0.8549765781375926	-0.15511772986725747	0.868934093751096	-1.2202632467613452	-169.71672797784097
8453125000.0	8.453125	-0.8547810001976934	-0.17919475581704036	0.8733620777268143	-1.1761133903027434	-168.160076016765	0.022201178820187514	-0.06182945308761004	0.06569454779598466	-23.649413449100773	-70.24824596463533	0.022201178820187514	-0.06182945308761004	0.06569454779598466	-23.649413449100773	-70.24824596463533	-0.8701946303987744	-0.1031518961891964	0.8762870582533365	-1.1470720457355803	-173.23976845317674
8468750000.0	8.46875	-0.870585344157324	-0.1290263855857512	0.8800946822012102	-1.1094120627793438	-171.56976086082759	0.014833636155954698	-0.05725366791577304	0.059144055080936626	-24.561778047026518	-75.47483552936154	0.014833636155954698	-0.05725366791577304	0.059144055080936626	-24.561778047026518	-75.47483552936154	-0.881202125863969	-0.05232941928723189	0.8827545268930186	-1.0832009326834928	-176.60153125262275
8484375000.0	8.484375	-0.8824319036546378	-0.07987239746149077	0.8860393131592944	-1.0509401647562602	-174.82802620806854	0.00879255133893523	-0.052749667819248856	0.05347743836506111	-25.436588083011586	-80.53668434021168	0.00879255133893523	-0.052749667819248856	0.05347743836506111	-25.436588083011586	-80.53668434021168	-0.8884858642446631	-0.002850237900476671	0.8884904359747916	-1.0269448546576256	-179.81619736601314
8500000000.0	8.5	-0.8907583891053585	-0.03190854818014288	0.8913297163275428	-0.9992322830431916	-177.94844059585904	0.0038519948200910984	-0.04840135484714432	0.0485543923361542	-26.275429535069893	-85.44973782368805	0.0038519948200910984	-0.04840135484714432	0.0485543923361542	-26.275429535069893	-85.44973782368805	-0.8924744413341941	0.045151463160091776	0.8936158475879212	-0.9769827589286872	177.10379992433542
8515625000.0	8.515625	-0.8959504137557268	0.014743942450311742	0.8960717202032638	-0.9531445736776163	179.05721408332974	-0.0001752902362508863	-0.04425912081522617	0.04425946793629258	-27.079876224678184	-90.22692132218778	-0.0001752902362508863	-0.04425912081522617	0.04425946793629258	-27.079876224678184	-90.22692132218778	-0.8935450979884663	0.09158968060507289	0.89822687097	-0.9322791382285706	174.14753800782066
8531250000.0	8.53125	-0.8983481047881787	0.0600042609529543	0.9003498368462244	-0.9117741958595424	176.17866199597478	-0.0034441812459744653	-0.04035059707920822	0.040497321752231086	-27.851473948885964	-94.8787354000823	-0.0034441812459744653	-0.04035059707920822	0.040497321752231086	-27.851473948885964	-94.8787354000823	-0.8920302415555006	0.13641392562671117	0.9024005269028019	-0.8920131956075538	171.3053901725846
8546875000.0	8.546875	-0.898252112258256	0.10382175040727804	0.9042321676616296	-0.8744009438348453	173.40689646802835	-0.006082711518994069	-0.03668808026932308	0.03718890443763565	-28.591732310044367	-99.41373943508938	-0.006082711518994069	-0.03668808026932308	0.03718890443763565	-28.591732310044367	-99.41373943508938	-0.8882233198661977	0.17960001585530638	0.9061991125847322	-0.8555273489795794	168.56883823142343
8562500000.0	8.5625	-0.8959288847985953	0.14616840646159024	0.9077740741307693	-0.8404444958142204	170.73398231452785	-0.008196781125096354	-0.03327366380230916	0.03426840999582319	-29.302120914647325	-103.83894532229054	-0.008196781125096354	-0.03327366380230916	0.03426840999582319	-29.302120914647325	-103.83894532229054	-0.8823839627362126	0.22114331901139672	0.9096734717674458	-0.8222894032013417	165.93031234963922
8578125000.0	8.578125	-0.8916152172375236	0.18703332864636635	0.9110209446736425	-0.809432766761208	168.15289185032586	-0.009874090187120783	-0.030102783690412926	0.03168083399999415	-29.984067882037348	-108.16013855846735	-0.009874090187120783	-0.030102783690412926	0.03168083399999415	-29.984067882037348	-108.16013855846735	-0.8747424156446729	0.2610537473482586	0.9128654625586654	-0.7918644750264274	163.3830556110854
8593750000.0	8.59375	-0.8855221342742048	0.22641857542444077	0.9140102962148599	-0.7809782392815319	165.65736912157828	-0.011187386158587732	-0.02716666586619083	0.029380016054226694	-30.638959424652374	-112.38214025116054	-0.011187386158587732	-0.02716666586619083	0.029380016054226694	-30.638959424652374	-112.38214025116054	-0.8655033356332751	0.29935201364005026	0.9158098340063173	-0.7638939462003181	160.92101010867907
8609375000.0	8.609375	-0.8778381942989697	0.26433603634797453	0.9167733828390926	-0.7547600858477013	163.24181746432134	-0.01219712742758492	-0.024454010611978584	0.027327066298735866	-31.268139791070453	-116.50902068454333	-0.01219712742758492	-0.024454010611978584	0.027327066298735866	-31.268139791070453	-116.50902068454333	-0.8548490328371697	0.33606680523181787	0.9185356642620716	-0.7380795309517879	158.53872131373095
8625000000.0	8.625	-0.8687322985744225	0.3008050485563356	0.9193364366886471	-0.7305105370495666	160.90120620566694	-0.012953660707084567	-0.0219521459065121	0.025489096406406064	-31.87291120169149	-120.5442728534227	-0.012953660707084567	-0.0219521459065121	0.025489096406406064	-31.87291120169149	-120.5442728534227	-0.842942239374243	0.3712326331704585	0.9210674713895479	-0.714171101190326	156.23125775739342
8656250000.0	8.65625	-0.8468459663234325	0.3695017261626736	0.923947842854489	-0.6870508829532567	156.42705908686818	-0.013868269916908153	-0.017527677662256845	0.022350579292720742	-33.01422432279153	-128.35179158788617	-0.013868269916908153	-0.017527677662256845	0.022350579292720742	-33.01422432279153	-128.35179158788617	-0.8159381033944784	0.437075042402443	0.9256292893281175	-0.6712582325451544	151.82330081580778
8687500000.0	8.6875	-0.820903860085082	0.4327521055938668	0.9279857393292814	-0.649173953600961	152.20335344474998	-0.014191610944991748	-0.01378832749312468	0.019786859181579766	-34.072462739784775	-135.82576449979078	-0.014191610944991748	-0.01378832749312468	0.019786859181579766	-34.072462739784775	-135.82576449979078	-0.7854833243106032	0.4972178498201918	0.9296287662017839	-0.6338089209034635	147.66582997216514
8718750000.0	8.71875	-0.7917537459762093	0.4908364865420216	0.9315548565641618	-0.6158313134409207	148.20374456058673	-0.014107028796738374	-0.01063640125534044	0.017667520854285513	-35.05648774765885	-142.98447938936658	-0.014107028796738374	-0.01063640125534044	0.017667520854285513	-35.05648774765885	-142.98447938936658	-0.752378248435155	0.552019394068807	0.9331658159975882	-0.6008235757811647	143.73252916442544
8750000000.0	8.75	-0.7600899844581755	0.5440515609440326	0.9347346604460904	-0.5862330629405998	144.4059519377287	-0.013744474735419048	-0.0079850345636498	0.015895639739729083	-35.974439773552014	-149.84498694020218	-0.013744474735419048	-0.0079850345636498	0.015895639739729083	-35.974439773552014	-149.84498694020218	-0.7172710849134936	0.6018401727789127	0.9363169350297641	-0.571542430442477	140.00101862415138
8781250000.0	8.78125	-0.7264836291049865	0.5926975197703466	0.9375866964177083	-0.5597712712587877	140.79091083213166	-0.013196541923974514	-0.005758865704797843	0.014398376747297374	-36.833729337857	-156.42392725064988	-0.013196541923974514	-0.005758865704797843	0.014398376747297374	-36.833729337857	-156.42392725064988	-0.6806884389108788	0.6470322268829243	0.9391418708012146	-0.5453759277968252	136.45207202123257
8812500000.0	8.8125	-0.6914057201080441	0.6370698842705682	0.9401595115950475	-0.5359691167625082	137.3421429688155	-0.012529444332745386	-0.0038933992415859466	0.0131204242668348	-37.64104242456376	-162.73789154226444	-0.012529444332745386	-0.0038933992415859466	0.0131204242668348	-37.64104242456376	-162.73789154226444	-0.6430589972082842	0.687932872011175	0.9416881173106454	-0.5218581937929296	133.0690264173268
8843750000.0	8.84375	-0.6552455803333264	0.677454393522301	0.9424920295944291	-0.5144462764018931	134.04528137078208	-0.01179061170330842	-0.0023338550103439914	0.012019376171311939	-38.402361449307065	-168.80350232882685	-0.01179061170330842	-0.0023338550103439914	0.012019376171311939	-38.402361449307065	-168.80350232882685	-0.6047321246018318	0.7248612019572618	0.9439940172630182	-0.5006151622990305	129.83732997916695
8875000000.0	8.875	-0.6183253686498728	0.7141239131764094	0.9446159139493623	-0.49489484272448214	130.88770538923166	-0.011013997082099264	-0.0010338875697788181	0.011062416337827567	-39.12300001475418	-174.63734054997178	-0.011013997082099264	-0.0010338875697788181	0.011062416337827567	-39.12300001475418	-174.63734054997178	-0.5659926135342672	0.7581163810302429	0.9460909500474798	-0.48134223591519076	126.74418974197346
8906250000.0	8.90625	-0.5809117786665136	0.7473367008920655	0.9465572561095968	-0.4770622190986618	127.85825586556325	-0.010223821788915646	4.564598298128543e-05	0.010223923685516664	-39.80764801759984	179.74419499347223	-0.010223821788915646	4.564598298128543e-05	0.010223923685516664	-39.80764801759984	179.74419499347223	-0.5270724819528785	0.7879770943334772	0.9480049063302346	-0.463788299934173	123.77829323057192
8937500000.0	8.9375	-0.5432255247672042	0.7773355893088472	0.9483378032983485	-0.4607387389651514	124.94700951804707	-0.009437241746561425	0.0009377961550093216	0.009483722550317042	-40.460423198956825	174.3250431757488	-0.009437241746561425	0.0009377961550093216	0.009483722550317042	-40.460423198956825	174.3250431757488	-0.488160476527512	0.8147017421596363	0.9497576425180868	-0.4477440614910832	120.92958547266997
8968750000.0	8.96875	-0.5054490889332436	0.8043477894173936	0.9499758669798374	-0.44574854623596755	122.14509779245256	-0.00866626162651446	0.0016704869900327633	0.008825792732840817	-41.08492551702074	169.08962164446197	-0.00866626162651446	0.0016704869900327633	0.008825792732840817	-41.08492551702074	169.08962164446197	-0.449409772317245	0.8385291027948696	0.9513675418513116	-0.4330333928889033	118.18908818690905
9000000000.0	9.0	-0.4677330843283882	0.8285851096216217	0.9514870057242095	-0.4319427682603284	119.44455959686638	-0.007919119359585294	0.002267340024427813	0.008237310375221449	-41.68429139683355	164.02293973144657	-0.007919119359585294	0.002267340024427813	0.008237310375221449	-41.68429139683355	164.02293973144657	-0.41094424170370253	0.8596792781994136	0.9528502669123285	-0.41950680072374025	115.5487515413453
9031250000.0	9.03125	-0.4302015078895599	0.8502444476576729	0.9528845460826576	-0.4191943279826596	116.8382202251203	-0.007201294297904802	0.0027483690455624337	0.007707929162598861	-42.26124570501719	159.11067921158894	-0.007201294297904802	0.0027483690455624337	0.007707929162598861	-42.26124570501719	159.11067921158894	-0.37286357951179094	0.8783547971847585	0.9542192613146225	-0.40703642545952623	113.00133140036094
9062500000.0	9.0625	-0.39295609326541986	0.869508454932445	0.954179985345233	-0.40739394680752616	114.31959079081162	-0.006516245664351009	0.003130562011196554	0.007229237585258928	-42.81815004297346	154.3392445202017	-0.006516245664351009	0.003130562011196554	0.007229237585258928	-42.81815004297346	154.3392445202017	-0.33524750772230494	0.8947417915066949	0.9554861406125296	-0.39551216064936445	110.54028676382623
9093750000.0	9.09375	-0.3560799302862399	0.8865463024486837	0.9553833069182686	-0.3964470252696995	111.88278392465564	-0.0058659561813970825	0.00342836669602072	0.00679434618815193	-43.35704657123994	149.69578679412587	-0.0058659561813970825	0.00342836669602072	0.00679434618815193	-43.35704657123994	149.69578679412587	-0.29815923545232287	0.9090111883046115	0.9566610006415415	-0.3848386035614843	108.15969338433925
9125000000.0	9.125	-0.31964048306608167	0.9015144984547154	0.9565032301768641	-0.3862711798404731	109.52244251616858	-0.0052513339533279725	0.0036540953289686054	0.0063975714894454585	-43.87969704809429	145.1682070946284	-0.0052513339533279725	0.0036540953289686054	0.0063975714894454585	-43.87969704809429	145.1682070946284	-0.26164831350549317	0.9213198817040544	0.9577526634697716	-0.37493263177128	105.8541704812112
9156250000.0	9.15625	-0.2836921127084173	0.9145577229684216	0.9575474105516393	-0.37679427656082964	107.23367902930892	-0.004672510534688273	0.003818261623151007	0.006034192283943283	-44.387617096594845	140.7451441514259	-0.004672510534688273	0.003818261623151007	0.006034192283943283	-44.387617096594845	140.7451441514259	-0.22575299473538984	0.9318118598730285	0.9587688756066446	-0.3657214571332842	103.61881815758791
9187500000.0	9.1875	-0.24827819027705114	0.9258096551447255	0.9585226013644347	-0.36795284544955337	105.01202347361742	-0.004129062512870401	0.003929861648175907	0.0057002605036081885	-44.88210592972788	136.4159514337617	-0.004129062512870401	0.003929861648175907	0.0057002605036081885	-44.88210592972788	136.4159514337617	-0.19050218959388174	0.9406192731897567	0.9597164692429162	-0.3571410481790871	101.44916364048161
9218750000.0	9.21875	-0.2134328697224025	0.9353937772825616	0.9594347859322584	-0.3596907900613179	102.85337852424892	-0.0036201764393302745	0.003996608168542587	0.005392453458746154	-45.364271890468295	132.1706676146575	-0.0036201764393302745	0.003996608168542587	0.005392453458746154	-45.364271890468295	132.1706676146575	-0.15591708903736287	0.947863435668181	0.9606014945494167	-0.34913484001109596	99.3411148513761
9250000000.0	9.25	-0.17918257776594457	0.9434241449325691	0.960289286317721	-0.35195832825466894	100.75398059520143	-0.00314477160477391	0.004025126457373269	0.005107957658794614	-45.83505422749926	127.99998372508352	-0.00314477160477391	0.004025126457373269	0.005107957658794614	-45.83505422749926	127.99998372508352	-0.1220125133357784	0.9536557562447503	0.9614293290873023	-0.34165267084829143	97.29092011146201
9312500000.0	9.3125	-0.11254147491609301	0.955237039934161	0.9618437430468981	-0.33790951650855294	96.71934077649681	-0.0022892705850660836	0.0039894990360561135	0.004599658940654347	-46.74548739107788	119.84824150546697	-0.0022892705850660836	0.0039894990360561135	0.004599658940654347	-46.74548739107788	119.84824150546697	-0.05627891102086344	0.9612860777752883	0.9629321051612579	-0.32808666443162193	93.35058167907006
9375000000.0	9.375	-0.048454702164970026	0.9619988741161751	0.9632184030440264	-0.32550456939693134	92.88348123824721	-0.0015514924597079562	0.003859834894225685	0.004159982483522358	-47.6181699611459	111.89806754655682	-0.0015514924597079562	0.003859834894225685	0.004159982483522358	-47.6181699611459	111.89806754655682	0.006669254758745663	0.9642344185125453	0.9642574826275726	-0.3161396465678121	89.60371248993494
9437500000.0	9.4375	0.013039265313529502	0.9643514273073399	0.964439577054789	-0.3144995215981933	89.22533495046628	-0.0009199399916832538	0.0036636958985380315	0.0037774273289187944	-48.45607763946448	104.09533941129445	-0.0009199399916832538	0.0036636958985380315	0.0037774273289187944	-48.45607763946448	104.09533941129445	0.06684962702945732	0.9631146847922316	0.9654319078507905	-0.30556703401487617	86.02947777824606
9500000000.0	9.5	0.07194429495674481	0.9628447140661249	0.9655288317714292	-0.3046950634342329	85.7267682538316	-0.0003834476254856255	0.003421812864807826	0.003443230367439115	-49.260678401783736	96.39387847511475	-0.0003834476254856255	0.003421812864807826	0.003443230367439115	-49.260678401783736	96.39387847511475	0.12431066680407413	0.9584490799349985	0.9664769944026184	-0.2961695853812574	82.61000210675147
9562500000.0	9.5625	0.12829303201703318	0.9579514026352385	0.9665040051003122	-0.2959268391366834	82.37208717066622	6.844453921478141e-05	0.003149852940623942	0.0031505964836052265	-50.0321443209407	88.75519071513718	6.844453921478141e-05	0.003149852940623942	0.0031505964836052265	-50.0321443209407	88.75519071513718	0.1791203840780782	0.950683482871471	0.9674105625828718	-0.28778350234980465	79.32986189034231
9625000000.0	9.625	0.1821372146698344	0.9500789641381895	0.9673799682986931	-0.2880581972810778	79.14764152339639	0.0004453351315440754	0.0028596984333411827	0.002894166289113567	-50.76953038783881	81.14853851280182	0.0004453351315440754	0.0028596984333411827	0.002894166289113567	-50.76953038783881	81.14853851280182	0.23135850865150157	0.9402001425966324	0.9682474206855265	-0.2802730251497016	76.17567990305827
9687500000.0	9.6875	0.2335407693316802	0.939579864804218	0.9681692069496661	-0.280974688075477	76.04150446229131	0.0007559263269221137	0.0025603794355222756	0.002669638077638863	-51.47095223741509	73.55129349768794	0.0007559263269221137	0.0025603794355222756	0.002669638077638863	-51.47095223741509	73.55129349768794	0.2811110766943279	0.9273281437724481	0.9689999606154267	-0.2735248120188153	73.1357982631323
9750000000.0	9.75	0.2825749050931895	0.9267600961299471	0.9688822698177596	-0.27457982894931326	73.04321085536954	0.0010080523727893642	0.0022587591498522096	0.00247349196144385	-52.13378993406352	65.94946668666509	0.0010080523727893642	0.0022587591498522096	0.00247349196144385	-52.13378993406352	65.94946668666509	0.328466719096173	0.9123520351810557	0.9696786177145593	-0.26744361736196826	70.2000125081927
9812500000.0	9.8125	0.3293146494067576	0.9118863068801208	0.9695281197517489	-0.2687918064674344	70.1435421208771	0.001208739075307857	0.001960041234096962	0.002302783487767887	-52.754937866750794	58.33825393778956	0.001208739075307857	0.001960041234096962	0.002302783487767887	-52.754937866750794	58.33825393778956	0.373514150903142	0.8955189502059437	0.9702922297446531	-0.261948930100349	67.35935371367746
9875000000.0	9.875	0.3738364246535235	0.8951917659646422	0.9701144109065819	-0.2635408797206211	67.33434805209873	0.0013642755806522083	0.0016681481722096592	0.002154986353648289	-53.33110951288644	50.72238254659888	0.0013642755806522083	0.0016681481722096592	0.002154986353648289	-53.33110951288644	50.72238254659888	0.4163405088911201	0.8770444920509002	0.9708483199658628	-0.25697233175656675	64.60590874148889
9937500000.0	9.9375	0.4162163769961613	0.8768813512176414	0.970647709827354	-0.2587673161426551	64.6083983571675	0.0014802880953788422	0.0013860055989789542	0.002027871880992813	-53.8591897356448	43.1160192649338	0.0014802880953788422	0.0013860055989789542	0.002027871880992813	-53.8591897356448	43.1160192649338	0.45703028737310925	0.8571176076550049	0.971353322395402	-0.2524554006891515	61.93267100301867
10000000000.0	10.0	0.4565292487093341	0.8571357281274814	0.9711336732704395	-0.2544197361734141	61.95925825045455	0.0015618100968932268	0.0011157576576544847	0.001919418122601809	-54.33660818055009	35.542026192472434	0.0015618100968932268	0.0011157576576544847	0.001919418122601809	-54.33660818055009	35.542026192472434	0.49566469465258645	0.8359046332697704	0.9718127625458061	-0.24834803534658442	59.33341582701764
