frequency_hz,s11_mag,s11_db,s11_phase_deg,s21_mag,s21_db,s21_phase_deg,s12_mag,s12_db,s12_phase_deg,s22_mag,s22_db,s22_phase_deg
4000000000.0,0.8719351036007755,-1.1903167508187853,-1.4223698495980832,0.28007869250889905,-11.054398593096387,0.17786196784620278,0.28007869250889905,-11.054398593096387,0.17786196784620278,0.876520153021419,-1.1447618824390284,-1.3047647482593496
4006006006.0060062,0.8704606188499879,-1.205017446774941,-1.450793658806677,0.28272696561363536,-10.972655357715437,0.15114879404752116,0.28272696561363536,-10.972655357715437,0.15114879404752116,0.8750154884228365,-1.159685191507139,-1.3315651749063229
4012012012.012012,0.8690099087467973,-1.2195054309916276,-1.4793897618264005,0.28532605078869355,-10.893171493091787,0.12428065950478415,0.28532605078869355,-10.893171493091787,0.12428065950478415,0.873529560250258,-1.1744478780434044,-1.3585466528343186
4018018018.0180182,0.8675853251832437,-1.2337560498429114,-1.5081524701976052,0.28787268431639285,-10.815990850647683,0.09726209982328851,0.28787268431639285,-10.815990850647683,0.09726209982328851,0.8720646328707268,-1.1890265247685903,-1.3857053337335534
4024024024.024024,0.8661892363696305,-1.247744345956796,-1.5370758412436991,0.2903636122028206,-10.741156189857882,0.07009784589687,0.2903636122028206,-10.741156189857882,0.07009784589687,0.8706229997776858,-1.2033972801082635,-1.4130371558779378
4030030030.0300303,0.86482401879825,-1.2614451441225107,-1.5661536838988122,0.29279559951424117,-10.668709093327827,0.04279281883098097,0.29279559951424117,-10.668709093327827,0.04279281883098097,0.8692069764674644,-1.2175359316790466,-1.4405378451583564
4036036036.036036,0.8634920488380495,-1.2748331425131534,-1.5953795654770642,0.29516543989576777,-10.598689884217338,0.015352124246734078,0.29516543989576777,-10.598689884217338,0.015352124246734078,0.8678188929026694,-1.2314179854023006,-1.4682029166243444
4042042042.0420423,0.8621956940045801,-1.287883008782483,-1.6247468193798353,0.297469965221148,-10.531137546419892,-0.012218954015448954,0.297469965221148,-10.531137546419892,-0.012218954015448954,0.8664610855968795,-1.2450187499429697,-1.4960276765440044
4048048048.048048,0.8609373039546901,-1.3005694805186239,-1.6542485537306373,0.2997060553200429,-10.466089647892964,-0.03991496076939965,0.2997060553200429,-10.466089647892964,-0.03991496076939965,0.865135889360087,-1.2583134261005513,-1.5240072249902674
4054054054.0540543,0.8597192012600817,-1.3128674694648443,-1.6838776609206922,0.30187064772721145,-10.403582267516436,-0.06773027690673514,0.30187064772721145,-10.403582267516436,-0.06773027690673514,0.8638456287491437,-1.2712772007089022,-1.5521364589603721
4060060060.06006,0.8585436720180779,-1.3247521688483301,-1.7136268280415954,0.3039607473966022,-10.343649925832867,-0.0956591273393606,0.3039607473966022,-10.343649925832867,-0.0956591273393606,0.862592609272044,-1.2838853445321368,-1.5804100760339264
4066066066.0660663,0.8574129563617602,-1.3361991630926555,-1.7434885481745674,0.3059734363224937,-10.286325519997524,-0.12369558942617484,0.3059734363224937,-10.286325519997524,-0.12369558942617484,0.8613791083990101,-1.2961133135778518,-1.6088225785733836
4072072072.072072,0.8563292389347541,-1.3471845391315809,-1.773455132498994,0.3079058830095496,-10.231640263236718,-0.15183360184611108,0.3079058830095496,-10.231640263236718,-0.15183360184611108,0.8602073664371201,-1.307936853185755,-1.637368278469018
4078078078.0780783,0.8552946393984278,-1.3576849984910502,-1.8035187231764924,0.30975535173400415,-10.179623629080382,-0.1800669738768068,0.30975535173400415,-10.179623629080382,-0.1800669738768068,0.8590795773284824,-1.3193321041916128,-1.6660413024290077
4084084084.084084,0.8543112030411231,-1.3676779692633225,-1.8336713069601016,0.31151921153911377,-10.130303300600376,-0.20838939503575826,0.31151921153911377,-10.130303300600376,-0.20838939503575826,0.8579978794345746,-1.3302757104151879,-1.6948355978132295
4090090090.0900903,0.8533808915599908,-1.3771417170654912,-1.863904729472135,0.31319494490953753,-10.083705124849608,-0.23679444503887256,0.31319494490953753,-10.083705124849608,-0.23679444503887256,0.8569643463715186,-1.3407449266751494,-1.7237449390075308
4096096096.096096,0.8525055740862836,-1.3860554540523915,-1.8942107100885073,0.31478015607140547,-10.039853072658921,-0.26527560402995704,0.31478015607140547,-10.039853072658921,-0.26527560402995704,0.8559809779623704,-1.3507177264982508,-1.7527629343332227
4102102102.1021023,0.8516870185243702,-1.394399445043781,-1.9245808573619907,0.31627257886747084,-9.998769203910276,-0.2938262630336928,0.31627257886747084,-9.998769203910276,-0.2938262630336928,0.8550496913732593,-1.3601729086620526,-1.7818830334844205
4108108108.108108,0.85092688327325,-1.4021551098282967,-1.9550066849120218,0.317670084159879,-9.960473638365826,-0.32243973458409686,0.317670084159879,-9.960473638365826,-0.32243973458409686,0.8541723125001177,-1.369090201693577,-1.8110985354833702
4114114114.1141143,0.8502267093971936,-1.4093051207203213,-1.9854796277047675,0.31897068671669043,-9.924984532093893,-0.35110926348079596,0.31897068671669043,-9.924984532093893,-0.35110926348079596,0.853350567672011,-1.377450365438956,-1.8404025971418665
4120120120.12012,0.849587913308964,-1.415833494474347,-2.0159910586433525,0.3201725515422862,-9.892318059495523,-0.379828037625602,0.3201725515422862,-9.892318059495523,-0.379828037625602,0.8525860757354744,-1.3852352888241515,-1.8697882420138292
4126126126.1261263,0.8490117800253214,-1.4217256777004188,-2.046532305385813,0.32127399961615666,-9.862488400898439,-0.40858919889323486,0.32127399961615666,-9.862488400898439,-0.40858919889323486,0.8518803405820186,-1.392428082942284,-1.8992483698219342
4132132132.132132,0.8484994570498722,-1.4269686249772549,-2.0770946673060404,0.3222735130091804,-9.83550773565169,-0.43738585399112934,0.3222735130091804,-9.83550773565169,-0.43738585399112934,0.8512347441779343,-1.3990131686307086,-1.9287757663379879
4138138138.1381383,0.8480519489331169,-1.4315508689230811,-2.107669432512293,0.3231697393513821,-9.81138624062135,-0.46621108526542065,0.3231697393513821,-9.81138624062135,-0.46621108526542065,0.8506505401518274,-1.4049763577397618,-1.958363113694326
4144144144.144144,0.8476701125536706,-1.435462581559308,-2.138247894837138,0.32396149563014165,-9.790132093958993,-0.49505796141193786,0.32396149563014165,-9.790132093958993,-0.49505796141193786,0.8501288479909316,-1.4103049273453094,-1.988003001100141
4150150150.1501503,0.8473546531582504,-1.4386956263867032,-2.168821370713799,0.3246477713029393,-9.771751483987611,-0.5239195480539388,0.3246477713029393,-9.771751483987611,-0.5239195480539388,0.8496706478922903,-1.4149876862177349,-2.0176879359341613
4156156156.156156,0.8471061211911836,-1.441243600687003,-2.1993812158548938,0.32522773071382294,-9.756248623026858,-0.552788918150567,0.32522773071382294,-9.756248623026858,-0.552788918150567,0.8492767763094115,-1.4190150329301905,-2.0474103551818024
4162162162.1621623,0.846924909937074,-1.44310186766258,-2.229918841652247,0.32570071480787255,-9.743625765959276,-0.5816591622032695,0.32570071480787255,-9.743625765959276,-0.5816591622032695,0.848947922228954,-1.4223790050689102,-2.077162637182338
4168168168.168168,0.8468112539927741,-1.4442675781332006,-2.260425731219281,0.32606624214290797,-9.733883233322974,-0.6105233982301386,0.32606624214290797,-9.733883233322974,-0.6105233982301386,0.848684624205727,-1.4250733190944174,-2.1069371136486406
4174174174.1741743,0.8467652285773234,-1.4447396816175888,-2.2908934550015214,0.3263240092025244,-9.727019438702962,-0.6393747814813796,0.3263240092025244,-9.727019438702962,-0.6393747814813796,0.8484872681774906,-1.4270934004969997,-2.136726081919523
4180180180.18018,0.846786749680864,-1.4445189267394951,-2.3213136858851673,0.3264738900191673,-9.72303092018398,-0.6682065138721031,0.3264738900191673,-9.72303092018398,-0.6682065138721031,0.8483560860742276,-1.428436403987389,-2.1665218174021557
4186186186.1861863,0.8468755750460591,-1.4436078510090034,-2.351678213739006,0.3265159351203611,-9.721912375621,-0.6970118531118317,0.3265159351203611,-9.721912375621,-0.6970118531118317,0.8482911552294572,-1.4291012235660592,-2.196316586159936
4192192192.192192,0.8470313059681304,-1.442010760140176,-2.3819789593305014,0.3264503698153222,-9.723656701480584,-0.7257841215129943,0.3264503698153222,-9.723656701480584,-0.7257841215129943,0.8482923985940907,-1.4290884924182627,-2.2261026575990974
4198198198.1981983,0.8472533898925423,-1.4397336971724342,-2.412207987563047,0.32627759184301625,-9.728255035005551,-0.7545167144635646,0.32627759184301625,-9.728255035005551,-0.7545167144635646,0.848359585746296,-1.4284005726859397,-2.2558723172057342
4204204204.204204,0.8475411237825706,-1.436784401764922,-2.442357519987986,0.3259981684062153,-9.735696799457683,-0.7832031085518437,0.3259981684062153,-9.735696799457683,-0.7832031085518437,0.84849233468394,-1.4270415352703396,-2.285617879283731
4210210210.2102103,0.8478936582226846,-1.4331722601277717,-2.4724199465515895,0.3256128326192697,-9.74596975219756,-0.8118368693337863,0.3256128326192697,-9.74596975219756,-0.8118368693337863,0.8486901143794805,-1.4250171299191776,-2.315331699643069
4216216216.216216,0.8483100022178071,-1.4289082461416303,-2.5023878365440706,0.3251224794001305,-9.759060035366726,-0.8404116587356406,0.3251224794001305,-9.759060035366726,-0.8404116587356406,0.8489522480708518,-1.422334745946998,-2.345006188187485
4222222222.2222223,0.8487890286432291,-1.424004854294991,-2.5322539487247746,0.32452816083960856,-9.774952228945534,-0.868921242086885,0.32452816083960856,-9.774952228945534,-0.868921242086885,0.849277917255853,-1.4190033640273145,-2.374633821350571
4228228228.228228,0.8493294802953192,-1.4184760251366566,-2.562011240604373,0.3238310810829711,-9.793629405968874,-0.8973594947801726,0.3238310810829711,-9.793629405968874,-0.8973594947801726,0.8496661663520292,-1.4150334995771472,-2.4042071543295256
4234234234.2342343,0.8499299764891501,-1.4123370639980366,-2.591652876871728,0.32303259076073315,-9.815073189692155,-0.9257204085568035,0.32303259076073315,-9.815073189692155,-0.9257204085568035,0.8501159079790487,-1.410437138328155,-2.433718833066872
4240240240.24024,0.8505890201458065,-1.4056045537863784,-2.6211722369594965,0.3221341810069226,-9.83926381251036,-0.9539980974174697,0.3221341810069226,-9.83926381251036,-0.9539980974174697,0.8506259288160116,-1.4052276647444204,-2.463161605931458
4246246246.2462463,0.851305005309565,-1.398296262683908,-2.6505629217488895,0.3211374771041787,-9.8661801764441,-0.98218680315949,0.3211374771041787,-9.8661801764441,-0.98218680315949,0.8511948959823832,-1.3994197840005675,-2.492528335052054
4252252252.252252,0.8520762250332099,-1.3904310476108794,-2.6798187594195295,0.3200442317958318,-9.895799915017026,-1.010280900542373,0.3200442317958318,-9.895799915017026,-1.010280900542373,0.8518213638879404,-1.3930294382791266,-2.521812007258656
4258258258.2582583,0.8529008795685267,-1.382028754321988,-2.708933810456163,0.318856318305563,-9.92809945636006,-1.0382749020847613,0.318856318305563,-9.92809945636006,-1.0382749020847613,0.8525037814945782,-1.3860737181794103,-2.5510057445894514
4264264264.264264,0.8537770847985476,-1.3731101150053515,-2.737902371828415,0.3175757231054447,-9.963054087387613,-1.0661634624959913,0.3175757231054447,-9.963054087387613,-1.0661634624959913,0.8532404999309263,-1.3785707700528644,-2.58010281432388
4270270270.2702703,0.8547028808482766,-1.3636966442429492,-2.7667189803646473,0.3162045384730571,-10.000638018901002,-1.093941382746351,0.3162045384730571,-10.000638018901002,-1.093941382746351,0.8540297803995405,-1.3705397000913542,-2.60909663850576
4276276276.276276,0.8556762408114121,-1.3538105341711613,-2.7953784153445618,0.3147449548780601,-10.040824451482507,-1.1216036137801693,0.3147449548780601,-10.040824451482507,-1.1216036137801693,0.8548698023157801,-1.3620004759971118,-2.6379808029235794
4282282282.2822824,0.8566950795320579,-1.3434745496499845,-2.8238757003387667,0.31319925323800146,-10.08358564205212,-1.1491452598762948,0.31319925323800146,-10.08358564205212,-1.1491452598762948,0.855758671617702,-1.352973827052983,-2.666749065518965
4288288288.288288,0.8577572623823312,-1.3327119242123513,-2.8522061043262537,0.3115697970823626,-10.128892970965842,-1.1765615816605755,0.3115697970823626,-10.128892970965842,-1.1765615816605755,0.85669442918692,-1.3434811433942164,-2.6953953641979944
4294294294.2942944,0.8588606139792868,-1.321546257519902,-2.8803651421231296,0.30985902466284676,-10.17671700954059,-1.2038479987750867,0.30985902466284676,-10.17671700954059,-1.2038479987750867,0.8576750593217064,-1.333544375255754,-2.723913824024188
4300300300.300301,0.8600029267875257,-1.3100014150005248,-2.908348574157718,0.3080694410467299,-10.227027587896417,-1.231000092208869,0.3080694410467299,-10.227027587896417,-1.231000092208869,0.8586984982054734,-1.3231859329338367,-2.7522987637758654
4306306306.306306,0.861181969557167,-1.2981014302873422,-2.93615240562859,0.3062036102287437,-10.27979386301128,-1.2580136062950944,0.3062036102287437,-10.27979386301128,-1.2580136062950944,0.8597626423161341,-1.312428588158686,-2.7805447018548977
4312312312.312312,0.8623954955505483,-1.2858704110189434,-2.963772885082921,0.3042641472954653,-10.334984386887312,-1.2848844503795211,0.3042641472954653,-10.334984386887312,-1.2848844503795211,0.8608653567245715,-1.301295377527857,-2.8086463615377992
4318318318.318318,0.8636412505149397,-1.2733324484984052,-2.991206502453072,0.30225371067454027,-10.392567174731083,-1.3116087001651944,0.30225371067454027,-10.392567174731083,-1.3116087001651944,0.8620044832337345,-1.289809508596029,-2.83659867556417
4324324324.324325,0.8649169803627428,-1.2605115316441857,-3.0184499865895615,0.3001749944993112,-10.45250977305278,-1.3381825987385192,0.3001749944993112,-10.45250977305278,-1.3381825987385192,0.8631778483133339,-1.2779942691610755,-2.864396790061539
4330330330.33033,0.8662204385249083,-1.247431465601567,-3.0455003023282248,0.29803072111755136,-10.514779327591873,-1.3646025572818912,0.29803072111755136,-10.514779327591873,-1.3646025572818912,0.8643832707889224,-1.2658729402267397,-2.892036067809359
4336336336.336336,0.8675493929477347,-1.2341157953184225,-3.0723546471290675,0.2958236337710502,-10.579342650978651,-1.3908651554783111,0.2958236337710502,-10.579342650978651,-1.3908651554783111,0.865618569248205,-1.2534687130604703,-2.919512090848612
4342342342.342342,0.8689016327076183,-1.2205877343258755,-3.0990104473234217,0.29355648947076746,-10.646166290042967,-1.4169671416135965,0.29355648947076746,-10.646166290042967,-1.4169671416135965,0.8668815691315109,-1.2408046107038393,-2.946820662446866
4348348348.348349,0.8702749742227402,-1.2068700989028152,-3.12546535400529,0.2912320520901661,-10.71521659268371,-1.4429054323821846,0.2912320520901661,-10.71521659268371,-1.4429054323821846,0.8681701094777118,-1.2279034142301146,-2.9739578084319778
4354354354.354355,0.8716672670450272,-1.1929852477441552,-3.151717238601507,0.28885308569721574,-10.786459774214173,-1.4686771124027538,0.28885308569721574,-10.786459774214173,-1.4686771124027538,0.8694820493010847,-1.214787593983484,-3.0009197779104744
4360360360.36036,0.8730763992199381,-1.178955027197006,-3.1777641881542045,0.28642234814337847,-10.859861983100899,-1.4942794334503613,0.28642234814337847,-10.859861983100899,-1.4942794334503613,0.8708152735789915,-1.201479245974329,-3.027703043389469
4366366366.366366,0.8745003022056989,-1.1648007220767114,-3.2036045003477516,0.28394258492570656,-10.935389366016292,-1.5197098134121771,0.28394258492570656,-10.935389366016292,-1.5197098134121771,0.8721676988343705,-1.188000033549021,-3.054304300323439
4372372372.372373,0.8759369553475327,-1.1505430120260103,-3.229236678310866,0.28141652333601375,-11.013008132127773,-1.5449658349743265,0.28141652333601375,-11.013008132127773,-1.5449658349743265,0.8735372783012438,-1.1743711343978778,-3.0807204661092644
4378378378.378378,0.8773843899060274,-1.1362019333372702,-3.2546594252232763,0.2788468669088947,-11.092684616550255,-1.5700452440479307,0.2788468669088947,-11.092684616550255,-1.5700452440479307,0.8749220066652986,-1.1606131929154153,-3.106948678555005
4384384384.384384,0.878840692642277,-1.1217968461173713,-3.279871638754746,0.2762362901782454,-11.17438534289226,-1.5949459479428398,0.2762362901782454,-11.17438534289226,-1.5949459479428398,0.8763199243754851,-1.146746277879265,-3.1329862938493696
4390390390.39039,0.8803040089655358,-1.1073464066402907,-3.304872405362806,0.27358743374983435,-11.258077084830639,-1.6196660132980345,0.27358743374983435,-11.258077084830639,-1.6196660132980345,0.8777291215260137,-1.1327898453726406,-3.158830884060225
4396396396.396397,0.881772545652022,-1.0928685447016842,-3.3296609944741147,0.2709028996954394,-11.34372692665382,-1.6442036637782853,0.2709028996954394,-11.34372692665382,-1.6442036637782853,0.8791477413115246,-1.118762706836124,-3.184480234191565
4402402402.402403,0.883244573146078,-1.0783804457639048,-3.354236852572993,0.2681852472720712,-11.431302322719931,-1.6685572775470578,0.2681852472720712,-11.431302322719931,-1.6685572775470578,0.8805739830612321,-1.1046830021007983,-3.209932338829255
4408408408.408408,0.8847184274572143,-1.0638985376579835,-3.3785995972189897,0.26543698896795404,-11.520771155780915,-1.6927253845260006,0.26543698896795404,-11.520771155780915,-1.6927253845260006,0.882006104860567,-1.090568177225705,-3.235185398406169
4414414414.414414,0.8861925116685054,-1.0494384815922453,-3.402749011014432,0.26266058687506477,-11.612101794132784,-1.716706663452078,0.26266058687506477,-11.612101794132784,-1.716706663452078,0.8834424257714245,-1.0764349669364734,-3.2602378151180456
4420420420.420421,0.8876652970735389,-1.035015167203535,-3.426685035541008,0.25985844938639147,-11.70526314755734,-1.740499938743327,0.25985844938639147,-11.70526314755734,-1.740499938743327,0.8848813276642195,-1.0622993814420465,-3.2850881885209975
4426426426.426426,0.8891353239605259,-1.0206427113775467,-3.4504077652837304,0.2570329282144126,-11.800224722030482,-1.7641041771850137,0.2570329282144126,-11.800224722030482,-1.7641041771850137,0.8863212566768922,-1.0481766973892264,-3.309735310841972
4432432432.432432,0.8906012020632942,-1.0063344605589029,-3.473917441558955,0.2541863157258398,-11.896956673179663,-1.7875184844478809,0.2541863157258398,-11.896956673179663,-1.7875184844478809,0.8877607243176487,-1.0340814527016473,-3.3341781620327673
4438438438.438438,0.8920616106997565,-0.9921029962688019,-3.49721444646213,0.25132084258628706,-11.995429858482021,-1.8107421014505019,0.25132084258628706,-11.995429858482021,-1.8107421014505019,0.8891983082294832,-1.0200274450412152,-3.3584159045978756
4444444444.444445,0.8935152986190638,-0.9779601435481566,-3.5202992968498643,0.24843867570727343,-12.095615888204222,-1.8337744005779253,0.24843867570727343,-12.095615888204222,-1.8337744005779253,0.8906326526356522,-1.0060277336236798,-3.382447878225788
4450450450.450451,0.8949610835790155,-0.9639169820470933,-3.543172638369694,0.24554191648683987,-12.197487175094384,-1.8566148817687727,0.24554191648683987,-12.197487175094384,-1.8566148817687727,0.8920624684860172,-0.9920946441178722,-3.406273594252502
4456456456.456456,0.8963978516754627,-0.949983859486737,-3.565835239549945,0.24263259933406336,-12.301016982846242,-1.879263168482964,0.24263259933406336,-12.301016982846242,-1.879263168482964,0.8934865333247698,-0.9782397763579267,-3.429892729985088
4462462462.462462,0.8978245564453884,-0.936170407226409,-3.588287985961148,0.2397126904668682,-12.406179473365855,-1.9017190035621965,0.2397126904668682,-12.406179473365855,-1.9017190035621965,0.8949036909003281,-0.9644740146010501,-3.453305122912192
4468468468.468469,0.8992402177651415,-0.9224855576780938,-3.610531874459356,0.23678408697179434,-12.512949752880928,-1.9239822449950377,0.23678408697179434,-12.512949752880928,-1.9239822449950377,0.8963128505383685,-0.9508075400678278,-3.476510764827058
4474474474.474475,0.9006439205648835,-0.908937563320627,-3.6325680075210083,0.23384861611373203,-12.621303916943889,-1.9460528615983825,0.23384861611373203,-12.621303916943889,-1.9460528615983825,0.8977129862988178,-0.9372498455095886,-3.4995097958876618
4480480480.48048,0.9020348133798037,-0.8955340170772852,-3.6543975876779418,0.23090803488314646,-12.73121909438921,-1.9679309286266022,0.23090803488314646,-12.73121909438921,-1.9679309286266022,0.8991031359374301,-0.923809751555465,-3.5223024986370874
4486486486.486486,0.903412106758001,-0.8822818738329287,-3.676021912060398,0.22796402976789898,-12.84267349031672,-1.9896166233194008,0.22796402976789898,-12.84267349031672,-1.9896166233194008,0.9004823996921508,-0.9104954246019621,-3.5448892920060935
4492492492.492493,0.9047750715441698,-0.8691874728799532,-3.697442367055032,0.22501821673650207,-12.955646428182453,-2.0111102203988955,0.22501821673650207,-12.955646428182453,-2.0111102203988955,0.9018499389139109,-0.8973143960191463,-3.567270725318355
4498498498.498499,0.9061230370573895,-0.856256561095841,-3.7186604230842133,0.22207214141944936,-13.070118391089412,-2.0324120875259912,0.22207214141944936,-13.070118391089412,-2.0324120875259912,0.9032049745609022,-0.8842735824589312,-3.5894474723176266
4504504504.504504,0.9074553891804006,-0.8434943166689397,-3.739677629512148,0.21912727947518354,-13.18607106238102,-2.0535226807254907,0.21912727947518354,-13.18607106238102,-2.0535226807254907,0.9045467855745796,-0.8713793070641256,-3.6114203252345893
4510510510.51051,0.908771568376803,-0.8309053732028887,-3.7604956096825983,0.2161850371272802,-13.30348736564996,-2.0744425397887802,0.2161850371272802,-13.30348736564996,-2.0744425397887802,0.905874707154821,-0.85863732138976,-3.6331901889098006
4516516516.516517,0.9100710676515849,-0.8184938440441902,-3.78111605609239,0.2132467518595032,-13.422351504286166,-2.0951722836622317,0.2132467518595032,-13.422351504286166,-2.0951722836622317,0.9071881289508403,-0.8460528278610219,-3.654758074987799
4522522522.522523,0.911353430469389,-0.8062633466908725,-3.801540725704252,0.21031369325555652,-13.542649000698155,-2.1157126058288376,0.21031369325555652,-13.542649000698155,-2.1157126058288376,0.9084864931834062,-0.8336305026064467,-3.6761250961961474
4528528528.528528,0.9126182486438702,-0.794217027153685,-3.821771435401795,0.20738706397061082,-13.664366735351724,-2.1360642696896273,0.20738706397061082,-13.664366735351724,-2.1360642696896273,0.909769292713076,-0.8213745185171113,-3.6972924607217195
4534534534.534534,0.9138651602104592,-0.7823575841542386,-3.8418100575890803,0.20446800082195443,-13.787492985781899,-2.1562281039508537,0.20446800082195443,-13.787492985781899,-2.1562281039508537,0.9110360690680437,-0.809288568396806,-3.7182614666954517
4540540540.540541,0.9150938472938259,-0.7706872930569022,-3.8616585159363703,0.20155757598650814,-13.912017465743304,-2.176204998021812,0.20155757598650814,-13.912017465743304,-2.176204998021812,0.9122864104443001,-0.7973758880800065,-3.739033496795323
4546546546.546547,0.9163040339803118,-0.7592080294433223,-3.8813187812735404,0.1986567982932915,-14.037931364677402,-2.1959958974276126,0.1986567982932915,-14.037931364677402,-2.1959958974276126,0.9135199496897448,-0.7856392794074697,-3.7596100129764354
4552552552.552552,0.9174954842046188,-0.7479212922497075,-3.900792867631665,0.19576661459943165,-14.165227387683863,-2.2156017992399137,0.19576661459943165,-14.165227387683863,-2.2156017992399137,0.9147363622829267,-0.7740811329609403,-3.7799925513355324
4558558558.558558,0.9186679996590889,-0.7368282263977393,-3.920082828433283,0.1928879112387207,-14.293899796197582,-2.2350237475280967,0.1928879112387207,-14.293899796197582,-2.2350237475280967,0.9159353643161247,-0.7627034504698814,-3.8001827171166416
4564564564.564565,0.9198214177329825,-0.7259296448600633,-3.939190752831038,0.19002151553226876,-14.423944449583475,-2.2542628288319912,0.19002151553226876,-14.423944449583475,-2.2542628288319912,0.9171167104915458,-0.7515078668138686,-3.8201821798630657
4570570570.570571,0.9209556094882736,-0.7152260501108404,-3.9581187621942333,0.1871681973512991,-14.55535884787512,-2.2733201676565478,0.1871681973512991,-14.55535884787512,-2.2733201676565478,0.91828019213848,-0.7404956715547716,-3.839992668720331
4576576576.576576,0.9220704776776859,-0.7047176549201313,-3.976869006742363,0.1843286707226723,-14.688142175896939,-2.292196921987668,0.1843286707226723,-14.688142175896939,-2.292196921987668,0.9194256352584222,-0.729667829942031,-3.85961596789354
4582582582.582582,0.923165954809845,-0.6944044024595559,-3.9954436623243392,0.18150359546827438,-14.822295349024014,-2.3108942788273574,0.18150359546827438,-14.822295349024014,-2.3108942788273574,0.9205528986043094,-0.7190250033435286,-3.8790539122618775
4588588588.588589,0.9242420012657223,-0.6842859856936122,-4.0138449273418075,0.1786935788699536,-14.957821060849586,-2.329413449745218,0.1786935788699536,-14.957821060849586,-2.329413449745218,0.9216618717992358,-0.708567569062815,-3.8983083831520737
4594594594.594595,0.925298603469854,-0.6743618660378279,-4.0320750198146875,0.17589917735223354,-15.094723833047588,-2.3477556664422017,0.17589917735223354,-15.094723833047588,-2.3477556664422017,0.9227524734992778,-0.6982956395109632,-3.917381304272039
4600600600.6006,0.9263357721191451,-0.6646312912712943,-4.050136174586784,0.17312089817558896,-15.233010067735488,-2.365922176321286,0.17312089817558896,-15.233010067735488,-2.365922176321286,0.9238246496043524,-0.6882090807084391,-3.936274637805092
4606606606.6066065,0.927353540471502,-0.6550933126963996,-4.068030640669056,0.17035920113359465,-15.37268810266372,-2.3839142380584657,0.17035920113359465,-15.37268810266372,-2.3839142380584657,0.9248783715203804,-0.6783075300987518,-3.954990380664643
4612612612.612613,0.9283519626959805,-0.645746801543631,-4.085760678717952,0.1676145002478077,-15.513768269579078,-2.4017331171660996,0.1676145002478077,-15.513768269579078,-2.4017331171660996,0.9259136344754276,-0.6685904136614336,-3.9735305609085487
4618618618.618619,0.9293311122856414,-0.6365904646236544,-4.103328558646003,0.16488716545473472,-15.656262956135121,-2.419380081539329,0.16488716545473472,-15.656262956135121,-2.419380081539329,0.9269304558919457,-0.6590569623170306,-3.9918972343119585
4624624624.624624,0.9302910805338356,-0.627622859232936,-4.120736557361731,0.16217752427975923,-15.800186671748344,-2.43685639697464,0.16217752427975923,-15.800186671748344,-2.43685639697464,0.9279288738166913,-0.6497062276217866,-4.010092481096889
4630630630.6306305,0.9312319750742581,-0.618842407322336,-4.137986956635737,0.15948586349337585,-15.945556117829366,-2.454163322648157,0.15948586349337585,-15.945556117829366,-2.454163322648157,0.9289089454094871,-0.6405370967533677,-4.028118402816427
4636636636.636637,0.9321539184847235,-0.610247408941211,-4.15508204108975,0.156812430745545,-16.092390262851385,-2.471302106539374,0.156812430745545,-16.092390262851385,-2.471302106539374,0.929870745491512,-0.6315483067931364,-4.045977119391011
4642642642.642643,0.9330570469542869,-0.6018360549721313,-4.17202409630532,0.15415743617443456,-16.24071042275454,-2.4882739807843337,0.15415743617443456,-16.24071042275454,-2.4882739807843337,0.9308143651534527,-0.6227384583134733,-4.063670766294045
4648648648.648648,0.9339415090130537,-0.5936064391733918,-4.188815407048724,0.15152105398622914,-16.390540347226374,-2.5050801569399836,0.15152105398622914,-16.390540347226374,-2.5050801569399836,0.9317399104235139,-0.6141060282813283,-4.081201491883675
4654654654.6546545,0.9348074643237727,-0.5855565695482202,-4.2054582556086455,0.14890342400310028,-16.541906312444,-2.5217218211394026,0.14890342400310028,-16.541906312444,-2.5217218211394026,0.9326475009949418,-0.6056493822919735,-4.098571454877444
4660660660.660661,0.935655082534055,-0.5776843790613759,-4.221954920243039,0.14630465317681784,-16.69483722091433,-2.5382001291148355,0.14630465317681784,-16.69483722091433,-2.5382001291148355,0.9335372690124827,-0.5973667861485837,-4.11578282196616
4666666666.666667,0.9364845421879161,-0.5699877357245856,-4.238307673731747,0.1437248170658183,-16.849364709107654,-2.5545162010630547,0.1437248170658183,-16.849364709107654,-2.5545162010630547,0.9344093579169453,-0.5892564168051566,-4.132837765563438
4672672672.672672,0.9372960296951333,-0.5624644520735753,-4.254518782031175,0.14116396127392933,-17.00552326364139,-2.5706711163240694,0.14116396127392933,-17.00552326364139,-2.5706711163240694,0.9352639213468262,-0.581316372691695,-4.149738461686848
4678678678.6786785,0.9380897383568114,-0.5551122940598214,-4.270590503027618,0.13862210284921758,-17.163350346846087,-2.5866659078411502,0.13862210284921758,-17.163350346846087,-2.5866659078411502,0.9361011220957766,-0.5735446834417471,-4.1664870879669
4684684684.684685,0.9388658674454006,-0.5479289893809424,-4.286525085385528,0.13609923164177049,-17.322886532624146,-2.602501556365902,0.13609923164177049,-17.322886532624146,-2.602501556365902,0.9369211311245614,-0.5659393190430587,-4.183085821779625
4690690690.690691,0.9396246213373707,-0.540912235273464,-4.302324767487364,0.13359531161946694,-17.484175653604996,-2.6181789843679946,0.13359531161946694,-17.484175653604996,-2.6181789843679946,0.9377241266260018,-0.5584981984330541,-4.19953683849882
4696696696.696697,0.9403662086966134,-0.5340597057924095,-4.317991776461416,0.13111028214107404,-17.647264960702262,-2.633699049603959,0.13111028214107404,-17.647264960702262,-2.633699049603959,0.9385102931413062,-0.55121919756113,-4.215842309863662
4702702702.7027025,0.9410908417066629,-0.5273690586014423,-4.333528327294278,0.12864405918622596,-17.812205296295875,-2.6490625382939834,0.12864405918622596,-17.812205296295875,-2.6490625382939834,0.9392798207261209,-0.5441001569399675,-4.23200440245769
4708708708.708709,0.9417987353497216,-0.5208379412977847,-4.348936622024495,0.12619653654209345,-17.979051282392007,-2.664270157848969,0.12619653654209345,-17.979051282392007,-2.664270157848969,0.9400329041645368,-0.5371388887084217,-4.248025276294869
4714714714.714715,0.9424901067305193,-0.5144639972952516,-4.3642188490141285,0.12376758694673438,-18.1478615252642,-2.679322529082842,0.12376758694673438,-18.1478615252642,-2.679322529082842,0.9407697422292697,-0.5303331832282641,-4.263907083508707
4720720720.72072,0.9431651744429673,-0.5082448712889356,-4.3793771822949985,0.12135706318932055,-18.318698838247386,-2.694220177836494,0.12135706318932055,-18.318698838247386,-2.694220177836494,0.9414905369861764,-0.5236808152371273,-4.2796519671403
4726726726.726727,0.9438241579776291,-0.5021782143240849,-4.394413780986409,0.11896479916762177,-18.491630484548068,-2.708963525929937,0.11896479916762177,-18.491630484548068,-2.708963525929937,0.9421954931412704,-0.517179549579524,-4.29526206002131
4732732732.732733,0.9444672771679928,-0.4962616884916427,-4.409330788781277,0.11659061090329334,-18.666728442152824,-2.723552881347858,0.11659061090329334,-18.666728442152824,-2.723552881347858,0.9428848174283594,-0.5108271465378134,-4.310739483747827
4738738738.738739,0.9450947516735831,-0.490492971272093,-4.42413033349771,0.11423429751567207,-18.84406969316642,-2.737988427550641,0.11423429751567207,-18.84406969316642,-2.737988427550641,0.943558718035469,-0.5046213667841817,-4.326086347741323
4744744744.744745,0.9457068004979726,-0.48486975954865597,-4.438814526693061,0.11189564215494169,-19.023736540195348,-2.752270211787545,0.11189564215494169,-19.023736540195348,-2.752270211787545,0.9442174040681989,-0.49855997597452095,-4.3413047483928136
4750750750.750751,0.9463036415397734,-0.47938977331039406,-4.453385463337706,0.1095744128956799,-19.205816952717957,-2.766398132270942,0.1095744128956799,-19.205816952717957,-2.766398132270942,0.9448610850481819,-0.4926407490045042,-4.35639676828652
4756756756.756757,0.9468854911747501,-0.47405075906490896,-4.467845221545831,0.10727036359193606,-19.390404946756853,-2.780371924049598,0.10727036359193606,-19.390404946756853,-2.780371924049598,0.9454899704448542,-0.48686147394748736,-4.3713644754994405
4762762762.762763,0.9474525638672289,-0.4688504929797199,-4.482195862360546,0.10498323469514587,-19.577601001597593,-2.7941911433945528,0.10498323469514587,-19.577601001597593,-2.7941911433945528,0.9461042692387646,-0.48121995569337156,-4.386209922973244
4768768768.768768,0.9480050718090158,-0.4637867837708112,-4.496439429590921,0.10271275403632464,-19.76751251779367,-2.8078551504823728,0.10271275403632464,-19.76751251779367,-2.8078551504823728,0.9467041895146883,-0.4757140193069414,-4.400935147955142
4774774774.774775,0.9485432245841121,-0.45885747535588944,-4.510577949698454,0.1004586375741421,-19.960254321268664,-2.8213630901266353,0.1004586375741421,-19.960254321268664,-2.8213630901266353,0.9472899380828541,-0.47034151312351014,-4.415542171504396
4780780780.780781,0.94906722885754,-0.45406044928944767,-4.52461343173068,0.09822059011065494,-20.155949218987246,-2.834713870268334,0.09822059011065494,-20.155949218987246,-2.834713870268334,0.9478617201266362,-0.46510031159908477,-4.430032998061241
4786786786.786787,0.9495772880866638,-0.44939362699587415,-4.5385478672997595,0.09599830597663377,-20.35472861243601,-2.847906137888301,0.09599830597663377,-20.35472861243601,-2.847906137888301,0.9484197388751137,-0.45998831793153777,-4.444409615075237
4792792792.792793,0.9500736022534307,-0.444854971816277,-4.552383230603898,0.09379146968865228,-20.556733176045874,-2.8609382519480016,0.09379146968865228,-20.556733176045874,-2.8609382519480016,0.9489641952989202,-0.45500346646890866,-4.458673992689977
4798798798.798799,0.9505563676160239,-0.4404424908839344,-4.566121478489622,0.09159975658030821,-20.76211360873238,-2.873808252897253,0.09159975658030821,-20.76211360873238,-2.873808252897253,0.9494952878279072,-0.45014372491980653,-4.472828083481407
4804804804.804805,0.9510257764784668,-0.43615423684264903,-4.579764550553035,0.08942283341024329,-20.971031467946553,-2.886513828206219,0.08942283341024329,-20.971031467946553,-2.886513828206219,0.9500132120891367,-0.4454070963807968,-4.4868738222469675
4810810810.810811,0.9514820169767645,-0.4319883094217692,-4.593314369278243,0.08726035894992261,-21.183660097061892,-2.8990522732811526,0.08726035894992261,-21.183660097061892,-2.8990522732811526,0.9505181606638112,-0.4407916211946447,-4.500813125842991
4816816816.816816,0.9519252728802373,-0.4279428568808446,-4.606772840211245,0.08511198455453081,-21.400185658604414,-2.911420447005262,0.08511198455453081,-21.400185658604414,-2.911420447005262,0.9510103228617658,-0.436295378652968,-4.51464789306781
4822822822.822823,0.9523557234067326,-0.4240160773364868,-4.620141852167769,0.08297735472077367,-21.620808287823003,-2.9236147210027923,0.08297735472077367,-21.620808287823003,-2.9236147210027923,0.9514898845122399,-0.4319164885558803,-4.528380004588296
4828828828.828829,0.9527735430504629,-0.4202062199833518,-4.633423277473497,0.08085610763595762,-21.8457433834485,-2.9356309215497807,0.08085610763595762,-21.8457433834485,-2.9356309215497807,0.9519570277696303,-0.42765311264122646,-4.542011322907452
4834834834.834835,0.9531789014212734,-0.4165115862205581,-4.646618972235306,0.07874787572336492,-22.075223055291403,-2.947464262841528,0.07874787572336492,-22.075223055291403,-2.947464262841528,0.9524119309330514,-0.4235034558947445,-4.555543692370998
4840840840.840841,0.9535719630941575,-0.41293053069461516,-4.6597307766422515,0.07665228618979059,-22.30949775166402,-2.9591092700644697,0.07665228618979059,-22.30949775166402,-2.9591092700644697,0.9528547682784896,-0.419465767752768,-4.568978939210869
4846846846.846847,0.9539528874679243,-0.40946146226911717,-4.672760515295109,0.07456896158212739,-22.548838093609266,-2.9705596903961986,0.07456896158212739,-22.548838093609266,-2.9705596903961986,0.9532857099024812,-0.41553834320766325,-4.582318871623727
4852852852.852853,0.9543218286319268,-0.40610284493131227,-4.685709997563319,0.07249752036118565,-22.79353694771682,-2.981808389655552,0.07249752036118565,-22.79353694771682,-2.981808389655552,0.9537049215761734,-0.4117195238267738,-4.595565279882631
4858858858.858859,0.954678935239821,-0.4028531986450723,-4.698581017968351,0.07043757750251485,-23.04391177510078,-2.99284723182345,0.07043757750251485,-23.04391177510078,-2.99284723182345,0.9541125646087842,-0.4080076986941208,-4.608719936480172
4864864864.864864,0.9550243503893565,-0.39971110015943123,-4.711375356592623,0.06838874513603457,-23.300307301124054,-3.0036669380267638,0.06838874513603457,-23.300307301124054,-3.0036669380267638,0.9545087957194116,-0.40440130528466234,-4.6217845963014605
4870870870.870871,0.9553582115072273,-0.3966751837816035,-4.724094779513052,0.06635063323884177,-23.563098558983416,-3.014256920784733,0.06635063323884177,-23.563098558983416,-3.014256920784733,0.9548937669162649,-0.4008988302797112,-4.634760996825438
4876876876.876877,0.9556806502380579,-0.3937441421228787,-4.736741039258564,0.0643228503988221,-23.832694370686237,-3.0246050883119953,0.0643228503988221,-23.832694370686237,-3.0246050883119953,0.9552676253823632,-0.39749881033234685,-4.6476508583531135
4882882882.882883,0.9559917923366105,-0.3909167268257188,-4.749315875290909,0.0623050046708726,-24.10954134172904,-3.034697612388336,0.0623050046708726,-24.10954134172904,-3.034697612388336,0.9556305133668117,-0.394199832790976,-4.660455884261374
4888888888.888889,0.956291757562336,-0.3881917492799814,-4.7618210145081825,0.06029670455294286,-24.394128461535864,-3.044518651655174,0.06029670455294286,-24.394128461535864,-3.044518651655174,0.9559825680807928,-0.39100053638894783,-4.673177761281202
4894894894.894895,0.9565806595754233,-0.3855680813359106,-4.774258171770624,0.05829756011611532,-24.686992421211208,-3.0540500200632255,0.05829756011611532,-24.686992421211208,-3.0540500200632255,0.9563239215974269,-0.3878996119079159,-4.685818159799081
4900900900.900901,0.9568586058334947,-0.3830446560215608,-4.786629050448265,0.056307184332104805,-24.988723784418795,-3.0632707874114193,0.056307184332104805,-24.988723784418795,-3.0632707874114193,0.956654700754677,-0.3848958028224298,-4.698378734180613
4906906906.906907,0.9571256974881492,-0.38062046827183843,-4.798935342990115,0.05432519465366861,-25.299974177511775,-3.0721567952582687,0.05432519465366861,-25.299974177511775,-3.0721567952582687,0.9569750270605364,-0.3819879059326511,-4.710861123115337
4912912912.912913,0.9573820292805298,-0.3782945756765577,-4.811178731514719,0.05235121491949203,-25.621464703118676,-3.080680066639734,0.05235121491949203,-25.621464703118676,-3.080680066639734,0.9572850165996849,-0.37917477199251376,-4.723266949981897
4918918918.918919,0.9576276894351524,-0.37606609925435214,-4.823360888421856,0.050384877676704194,-25.953995829438963,-3.0888080815490935,0.050384877676704194,-25.953995829438963,-3.0888080815490935,0.9575847799408944,-0.37645530633980306,-4.735597823232759
4924924924.924925,0.9578627595511818,-0.3739342242597583,-4.835483477025427,0.04842582704340039,-26.298459068421565,-3.096502881395799,0.04842582704340039,-26.298459068421565,-3.096502881395799,0.957874422044423,-0.37382846953497495,-4.7478553367977465
4930930930.930931,0.9580873144904055,-0.3718982010302012,-4.847548152207457,0.046473722273550455,-26.65585083356326,-3.103719953756621,0.046473722273550455,-26.65585083356326,-3.103719953756621,0.95815404216868,-0.37129327801513623,-4.760041070505764
4936936936.936937,0.9583014222611189,-0.36995734587994705,-4.859556561093401,0.044528242241971036,-27.02728896720696,-3.110406832347331,0.044528242241971036,-27.02728896720696,-3.110406832347331,0.9584237337754388,-0.36884880476966525,-4.772156590524161
4942942942.942943,0.9585051438971544,-0.36811104204794476,-4.871510343748906,0.04258909114444404,-27.41403255431951,-3.116501324337965,0.04258909114444404,-27.41403255431951,-3.116501324337965,0.9586835844328879,-0.36649418004379086,-4.784203449815212
4948948948.948949,0.9586985333312603,-0.3663587407067147,-4.883411133898328,0.04065600581770572,-27.817505802959268,-3.121929245016821,0.04065600581770572,-27.817505802959268,-3.121929245016821,0.9589336757158123,-0.3642285920764913,-4.796183188609359
4954954954.954955,0.9588816372620703,-0.3646999620391681,-4.895260559665367,0.03872876524147132,-28.23932698119949,-3.1266014940016293,0.03872876524147132,-28.23932698119949,-3.1266014940016293,0.9591740831021968,-0.36205128787901303,-4.808097334894796
4960960960.960961,0.9590544950138469,-0.3631342963907517,-4.907060244336232,0.036807203013980896,-28.681343668315304,-3.130410240985168,0.036807203013980896,-28.681343668315304,-3.130410240985168,0.9594048758655439,-0.3599615740603591,-4.819947404923186
4966966966.966967,0.9592171383881891,-0.3616614055043041,-4.9188118071459765,0.03489122393181032,-29.145675917711095,-3.133223891919792,0.03489122393181032,-29.145675917711095,-3.133223891919792,0.9596261169621937,-0.3579588177061361,-4.831734903731288
4972972972.972973,0.9593695915068899,-0.3602810238450672,-4.930516864088505,0.03298082631507341,-29.63476935128234,-3.134880362015931,0.03298082631507341,-29.63476935128234,-3.134880362015931,0.95983786291292,-0.3560424473172572,-4.843461325678364
4978978978.978979,0.9595118706450753,-0.3589929600238081,-4.942177028751054,0.03107613250087761,-30.151460709932433,-3.1351779632635735,0.03107613250087761,-30.151460709932433,-3.1351779632635735,0.9600401636780683,-0.3542119538151274,-4.855128154999264
4984984984.984985,0.9596439840537561,-0.35779709832605894,-4.953793913173975,0.029177431148977355,-30.699058941746642,-3.133862877661904,0.029177431148977355,-30.699058941746642,-3.133862877661904,0.960233062525494,-0.3524668916199962,-4.866736866373277
4990990990.990991,0.9597659317708863,-0.35669340035586533,-4.965369128736637,0.027285236951507037,-31.28144540695139,-3.130611660095635,0.027285236951507037,-31.28144540695139,-3.130611660095635,0.9604165958905251,-0.35080687980948255,-4.878288925508707
4996996996.996997,0.9598777054199824,-0.3556819068028116,-4.976904287070585,0.025400376517642428,-31.9031969130166,-3.125006373345228,0.025400376517642428,-31.9031969130166,-3.125006373345228,0.9605907932271608,-0.3492316033644452,-4.889785789743414
5003003003.003003,0.959979287995318,-0.3547627393415219,-4.988401001000952,0.02352411452064414,-32.56973430044612,-3.116498589667583,0.02352411452064414,-32.56973430044612,-3.116498589667583,0.9607556768497009,-0.3477408145095169,-4.901228908661421
5009009009.009009,0.9600706536326783,-0.3539361026731553,-4.999860885517421,0.021658343321202145,-33.28749532538367,-3.104356229521161,0.021658343321202145,-33.28749532538367,-3.104356229521161,0.96091126176394,-0.34633433415620757,-4.912619724725959
5015015015.015015,0.9601517673645796,-0.35320228671918913,-5.011285558776033,0.019805875382569223,-34.06411915666788,-3.0875834057300398,0.019805875382569223,-34.06411915666788,-3.0875834057300398,0.9610575554870748,-0.3450120534563969,-4.923959673929173
5021021021.021021,0.9602225848588497,-0.35256166897792346,-5.022676643133322,0.017970907002351218,-34.90860006474796,-3.0647970041418793,0.017970907002351218,-34.90860006474796,-3.0647970041418793,0.9611945578553758,-0.3437739354749202,-4.935250186459036
5027027027.027027,0.9602830521393437,-0.35201471705532505,-5.034035766214264,0.016159776291266654,-35.83129311397733,-3.0340329205054135,0.016159776291266654,-35.83129311397733,-3.0340329205054135,0.9613222608186862,-0.342620016989916,-4.94649268738375
5033033033.033033,0.9603331052875592,-0.3515619913819992,-5.045364562015835,0.014382241781131483,-36.843468291172044,-2.9924375632937514,0.014382241781131483,-36.843468291172044,-2.9924375632937514,0.9614406482207231,-0.3415504104304235,-4.957688597354367
5039039039.039039,0.9603726701238088,-0.35120414812910755,-5.056664672047924,0.012653705707913201,-37.95564540625497,-2.9357768999080904,0.012653705707913201,-37.95564540625497,-2.9357768999080904,0.9615496955641141,-0.3405653059611316,-4.968839333326094
5045045045.045045,0.9604016618665282,-0.35094194233689024,-5.067937746513602,0.01099916956695731,-39.17280205338504,-2.857684737753918,0.01099916956695731,-39.17280205338504,-2.857684737753918,0.9616493697590663,-0.3396649737245952,-4.979946309299059
5051051051.051051,0.9604199847682252,-0.35077623127019847,-5.079185445530847,0.009460269810085664,-40.48192954392951,-2.7486782713372007,0.009460269810085664,-40.48192954392951,-2.7486782713372007,0.961739628854445,-0.33884976625233554,-4.9910109370792135
5057057057.057057,0.9604275317264511,-0.3507079780166833,-5.0904094403979645,0.008106983975426392,-41.82281370849811,-2.5956128880282,0.008106983975426392,-41.82281370849811,-2.5956128880282,0.9618204217500288,-0.33812012105641565,-5.002034627060247
5063063063.063063,0.9604241838681,-0.35073825534410574,-5.101611414905176,0.007052240123802785,-43.03345817400253,-2.3845511424496983,0.007052240123802785,-43.03345817400253,-2.3845511424496983,0.9618916878885782,-0.33747656341434185,-5.013018789027411
5069069069.069069,0.960409810105203,-0.35086824983462545,-5.112793066694922,0.006450859992844103,-43.807647675512484,-2.113688360540377,0.006450859992844103,-43.807647675512484,-2.113688360540377,0.9619533569263023,-0.3369197093606485,-5.023964832984204
5075075075.075075,0.960384266660258,-0.35109926631522065,-5.123956108673703,0.0064387549139153285,-43.823962113345914,-1.8136213330984876,0.0064387549139153285,-43.823962113345914,-1.8136213330984876,0.9620053483801946,-0.3364502688996918,-5.034874170003003
5081081081.081081,0.960347396559015,-0.3514327326046693,-5.135102270478375,0.007026661814460813,-43.06501896155353,-1.5384758905299185,0.007026661814460813,-43.06501896155353,-1.5384758905299185,0.962047571250597,-0.3360690494552212,-5.045748213100763
5087087087.087088,0.9602990290884686,-0.3518702045992196,-5.146233300000144,0.008092180169198967,-41.83868912796571,-1.3219579855858836,0.008092180169198967,-41.83868912796571,-1.3219579855858836,0.9620799236172749,-0.3357769595731627,-5.056588378141054
5093093093.093093,0.96023897921765,-0.3524133717207501,-5.157350964969611,0.009482584227224743,-40.461465821422024,-1.164312769945656,0.009482584227224743,-40.461465821422024,-1.164312769945656,0.9621022922071145,-0.3355750128956423,-5.0673960847636765
5099099099.099099,0.9601670469786371,-0.35306406275301566,-5.168457054606491,0.011082837678567261,-39.106980549628716,-1.0519409931025872,0.011082837678567261,-39.106980549628716,-1.0519409931025872,0.9621145519314412,-0.3354643324254855,-5.07817275734334
5105105105.105105,0.9600830168050072,-0.35382425209361074,-5.17955338133791,0.012820861152764288,-37.84165606212703,-0.9714289160768076,0.012820861152764288,-37.84165606212703,-0.9714289160768076,0.9621165653908323,-0.3354461551016657,-5.088919825978858
5111111111.111111,0.9599866568247339,-0.3546960664515761,-5.190641782589402,0.01465371043011559,-36.68104789487225,-0.9129839883916104,0.01465371043011559,-36.68104789487225,-0.9129839883916104,0.9621081823450853,-0.3355218367082718,-5.099638727514467
5117117117.117117,0.9598777181043231,-0.35568179202279115,-5.201724122653032,0.016555702375114962,-35.62104779184628,-0.8700136768576836,0.016555702375114962,-35.62104779184628,-0.8700136768576836,0.9620892391458695,-0.3356928571409446,-5.1103309065949745
5123123123.123123,0.9597559338406956,-0.3567838821782424,-5.21280229463735,0.01851114763428168,-34.65133310977663,-0.8381352966520524,0.01851114763428168,-34.65133310977663,-0.8381352966520524,0.9620595581293871,-0.3359608260567551,-5.1209978167565335
5129129129.129129,0.9596210184971029,-0.35800496570269574,-5.223878222504266,0.020510243199450974,-33.760583799406575,-0.8143998073635775,0.020510243199450974,-33.760583799406575,-0.8143998073635775,0.9620189469661609,-0.33632748893560876,-5.131640921554993
5135135135.135136,0.95947266687901,-0.3593478556249222,-5.234953863198163,0.02254676225042345,-32.93831629322085,-0.7967814306061247,0.02254676225042345,-32.93831629322085,-0.7967814306061247,0.9619671979648161,-0.3367947335837609,-5.142261695733765
5141141141.141141,0.9593105531456033,-0.3608155586836529,-5.2460312088730845,0.024616727258119194,-32.17539372201525,-0.7838565352169877,0.024616727258119194,-32.17539372201525,-0.7838565352169877,0.9619040873265403,-0.3373645971119907,-5.1528616264334826
5147147147.147147,0.9591343297522054,-0.36241128547742246,-5.25711228922409,0.02671762507851517,-31.464042975678005,-0.7746020950474108,0.02671762507851517,-31.464042975678005,-0.7746020950474108,0.9618293743465514,-0.33803927342445333,-5.1634422144455865
5153153153.153153,0.9589436263184853,-0.3641384613506533,-5.268199173929372,0.028847928060256465,-30.797707472910865,-0.7682675065847794,0.028847928060256465,-30.797707472910865,-0.7682675065847794,0.9617428005586779,-0.33882112125666475,-5.17400497551232
5159159159.159159,0.9587380484169704,-0.36600073807253913,-5.2792939752101695,0.031006793072487573,-30.170862980925047,-0.7642914866033891,0.031006793072487573,-30.170862980925047,-0.7642914866033891,0.9616440888188177,-0.3397126728045048,-5.1845514416756195
5165165165.165165,0.9585171762758798,-0.36800200637048336,-5.2903988505160084,0.0331938671390688,-29.578842972723592,-0.762247056645797,0.0331938671390688,-29.578842972723592,-0.762247056645797,0.9615329423226642,-0.34071664298997323,-5.1950831626775775
5171171171.171171,0.9582805633898074,-0.37014640938523946,-5.30151600534327,0.03540915882978712,-29.017687801986,-0.7618043547678794,0.03540915882978712,-29.017687801986,-0.7618043547678794,0.9614090435527598,-0.34183593941292867,-5.205601707415248
5177177177.177177,0.9580277350312446,-0.37243835712079004,-5.312647696195714,0.03765295133136931,-28.484019541088507,-0.7627049918061436,0.03765295133136931,-28.484019541088507,-0.7627049918061436,0.9612720531494647,-0.34307367304285763,-5.216108665452759
5183183183.183184,0.9577581866553496,-0.3748825419684704,-5.323796233696176,0.03992574261332552,-27.97493994593356,-0.7647440347693324,0.03992574261332552,-27.97493994593356,-0.7647440347693324,0.9611216087000339,-0.34443316970893156,-5.2266056485938055
5189189189.189189,0.9574713821897002,-0.3774839553921977,-5.33496398585926,0.04222820362456923,-27.487947858847612,-0.7677571273045934,0.04222820362456923,-27.487947858847612,-0.7677571273045934,0.9609573234394537,-0.34591798245223243,-5.237094292517753
5195195195.195195,0.9571667522000794,-0.3802479058694106,-5.346153381535605,0.044561148752812016,-27.02087243811533,-0.7716111337396333,0.044561148752812016,-27.02087243811533,-0.7716111337396333,0.9607787848561787,-0.3475319048094494,-5.247576258482734
5201201201.201201,0.9568436919225582,-0.38318003819110763,-5.3573669140389875,0.04692551479541413,-26.571819085232455,-0.7761972415674733,0.04692551479541413,-26.571819085232455,-0.7761972415674733,0.9605855531952894,-0.3492789851038882,-5.25805323509927
5207207207.207207,0.9565015591513079,-0.38628635423380975,-5.368607144968427,0.04932234595287674,-26.13912549872035,-0.7814258066978567,0.04932234595287674,-26.13912549872035,-0.7814258066978567,0.9603771598510078,-0.35116354182593656,-5.268526940178104
5213213213.213213,0.9561396719706364,-0.3895732353269341,-5.379876708238216,0.05175278316343859,-25.7213257947071,-0.7872224525294973,0.05175278316343859,-25.7213257947071,-0.7872224525294973,0.9601531056397127,-0.3531901801935281,-5.2789991226560815
5219219219.219219,0.9557573063187417,-0.39304746635061144,-5.391178314329798,0.05421805662375047,-25.317121064032555,-0.7935250835436715,0.05421805662375047,-25.317121064032555,-0.7935250835436715,0.9599128589439024,-0.3553638099907317,-5.289471564604023
5225225225.225225,0.9553536933695489,-0.3967162617119229,-5.402514754780418,0.0567194806903255,-24.92535508201408,-0.8002815745048172,0.0567194806903255,-24.92535508201408,-0.8002815745048172,0.9596558537166815,-0.3576896647920339,-5.299946083320757
5231231231.231232,0.9549280167178137,-0.4005872933614926,-5.4138889069245355,0.059258450592709934,-24.544994160674275,-0.8074479647312174,0.059258450592709934,-24.544994160674275,-0.8074479647312174,0.9593814873354213,-0.36017332268995944,-5.310424533517518
5237237237.237237,0.9544794093513401,-0.40466872102801227,-5.425303738905131,0.06183644055148525,-24.175110347298844,-0.814987034148233,0.06183644055148525,-24.175110347298844,-0.814987034148233,0.959089118292231,-0.3628207286548441,-5.3209088095970705
5243243243.243243,0.9540069503926439,-0.40896922486617665,-5.436762314973386,0.06445500300720385,-23.81486733996062,-0.8228671709296417,0.06445500300720385,-23.81486733996062,-0.8228671709296417,0.9587780637077886,-0.36563821866763324,-5.331400848032066
5249249249.249249,0.9535096615909207,-0.41349804073150986,-5.448267801096406,0.06711576874611316,-23.463508620505664,-0.831061464006077,0.06711576874611316,-23.463508620505664,-0.831061464006077,0.9584475966538621,-0.3686325457801834,-5.341902629847117
5255255255.255255,0.9529865035432793,-0.41826499831814107,-5.459823470894271,0.0698204477656671,-23.120347406760242,-0.8395469705685804,0.0698204477656671,-23.120347406760242,-0.8395469705685804,0.9580969432685165,-0.3718109082725416,-5.352416183209228
5261261261.261261,0.9524363716224031,-0.4232805624180157,-5.471432711929186,0.07257083076417248,-22.784758104930898,-0.8483041209252542,0.07257083076417248,-22.784758104930898,-0.8483041209252542,0.9577252796465594,-0.3751809800930767,-5.362943586131185
5267267267.267267,0.9518580915856185,-0.42855587758680835,-5.4830990323711095,0.0753687911692355,-22.45616900536178,-0.8573162320396989,0.0753687911692355,-22.45616900536178,-0.8573162320396989,0.9573317284861894,-0.37875094378555185,-5.3734869692924425
5273273273.273273,0.9512504148380613,-0.4341028165306139,-5.494826068066261,0.07821628764218179,-22.134056013849005,-0.8665691077256051,0.07821628764218179,-22.134056013849005,-0.8665691077256051,0.9569153554710748,-0.38252952612729774,-5.384048518982101
5279279279.27928,0.9506120133201031,-0.43993403255962266,-5.506617590036563,0.08111536701238574,-21.817937249567727,-0.8760507084408269,0.08111536701238574,-21.817937249567727,-0.8760507084408269,0.956475165365152,-0.3865260367252454,-5.394630480168201
5285285285.285285,0.9499414739864019,-0.44606301649095625,-5.518477512440475,0.08406816760821433,-21.50736837158393,-0.8857508773728529,0.08406816760821433,-21.50736837158393,-0.8857508773728529,0.9560100977953934,-0.3907504098407955,-5.4052351596975825
5291291291.291291,0.9492372928408677,-0.45250415842287606,-5.53040990102762,0.08707692296091035,-21.20193852066391,-0.8956611123587214,0.08707692296091035,-21.20193852066391,-0.8956611123587214,0.955519022695456,-0.39521324974228744,-5.415864929629978
5297297297.2972975,0.9484978684884943,-0.4592728148469145,-5.542418982122254,0.09014396586518032,-20.901266782972016,-0.905774375368533,0.09014396586518032,-20.901266782972016,-0.905774375368533,0.9550007353806458,-0.39992587991389833,-5.426522230709729
5303303303.303303,0.9477214951613464,-0.4663853816138507,-5.55450915217308,0.09327173278592531,-20.60499909830668,-0.9160849329702135,0.09327173278592531,-20.60499909830668,-0.9160849329702135,0.9544539512218955,-0.4049003964833509,-5.4372095759778425
5309309309.309309,0.9469063551718613,-0.4738593733255799,-5.566684987909718,0.09646276860490519,-20.312805548556895,-0.926588222506889,0.09646276860490519,-20.312805548556895,-0.926588222506889,0.9538772998834163,-0.41014972626844015,-5.44792955452631
5315315315.315315,0.9460505107423023,-0.481713509785717,-5.57895125714909,0.09971973170441419,-20.02437797268923,-0.9372807397471229,0.09971973170441419,-20.02437797268923,-0.9372807397471229,0.9532693190854649,-0.41568768988323296,-5.458684835395648
5321321321.3213215,0.9451518951542267,-0.48996781021187996,-5.591312930298163,0.10304539938749631,-19.739427863280103,-0.9481599445795796,0.10304539938749631,-19.739427863280103,-0.9481599445795796,0.9526284478500143,-0.4215290703913644,-5.469478171615332
5327327327.327328,0.9442083031565611,-0.4986436959893348,-5.603775192602859,0.1064426736359036,-19.457684506776644,-0.9592241819671651,0.1064426736359036,-19.457684506776644,-0.9592241819671651,0.9519530191832707,-0.42768968804433455,-5.4803124043852645
5333333333.333333,0.9432173805650079,-0.5077641028325184,-5.6163434571965265,0.10991458720806124,-19.178893335594335,-0.9704726158892879,0.10991458720806124,-19.178893335594335,-0.9704726158892879,0.9512412521446845,-0.43418648169965535,-5.491190467394445
5339339339.339339,0.9421766129790978,-0.5173536033181168,-5.62902337900522,0.11346431007973755,-18.902814465083658,-0.981905174413204,0.11346431007973755,-18.902814465083658,-0.981905174413204,0.9504912432474418,-0.4410375975769404,-5.502115391270641
5345345345.3453455,0.9410833135362284,-0.5274385408620383,-5.6418208695710215,0.11709515622994944,-18.629221392508896,-0.9935225043681142,0.11709515622994944,-18.629221392508896,-0.9935225043681142,0.9497009571304492,-0.44826248607938257,-5.513090308151962
5351351351.351352,0.9399346096143336,-0.5380471763353177,-5.654742112858995,0.12081059077388197,-18.357899838628278,-1.0053259343657297,0.12081059077388197,-18.357899838628278,-1.0053259343657297,0.9488682164362645,-0.4558820074867245,-5.524118456367681
5357357357.357357,0.9387274283865736,-0.5492098486505369,-5.667793582117797,0.1246142374431483,-18.0886467153736,-1.0173174451312492,0.1246142374431483,-18.0886467153736,-1.0173174451312492,0.9479906908235664,-0.4639185474118119,-5.535203185211319
5363363363.363363,0.9374584811222221,-0.5609591508059911,-5.6809820578687225,0.12850988641158206,-17.82126920558986,-1.029499646289238,0.12850988641158206,-17.82126920558986,-1.029499646289238,0.9470658850363544,-0.47239614300908167,-5.54634795978385
5369369369.3693695,0.9361242461182013,-0.5733301230472669,-5.694314647102822,0.1325015024617541,-17.55558394289825,-1.0418757588974925,0.1325015024617541,-17.55558394289825,-1.0418757588974925,0.946091125945171,-0.4813406210305,-5.55755636587853
5375375375.375376,0.9347209501348895,-0.5863604650028074,-5.70779880377093,0.13659323348350882,-17.291416281546518,-1.0544496031449124,0.13659323348350882,-17.291416281546518,-1.0544496031449124,0.9450635484683053,-0.49077974894293824,-5.568832114871382
5381381381.381382,0.9332445481983471,-0.6000907688698033,-5.721442350656526,0.14078941929076677,-17.028599647670614,-1.0672255907313548,0.14078941929076677,-17.028599647670614,-1.0672255907313548,0.9439800802730922,-0.5007434004528742,-5.580179048572154
5387387387.387387,0.9316907016185781,-0.6145647759762843,-5.735253502726795,0.14509460073654248,-16.76697496474688,-1.0802087215322536,0.14509460073654248,-16.76697496474688,-1.0802087215322536,0.9428374251490879,-0.5112637369308639,-5.59160114397972
5393393393.3933935,0.9300547540601639,-0.6298296593254092,-5.749240892062574,0.14951352909828466,-16.506390147207416,-1.0934045842214817,0.14951352909828466,-16.506390147207416,-1.0934045842214817,0.9416320449362097,-0.5223754063901291,-5.603102517872776
5399399399.3994,0.9283317054872933,-0.6459363350458154,-5.763413594473089,0.15405117569602156,-16.246699657249653,-1.1068193605847179,0.15405117569602156,-16.246699657249653,-1.1068193605847179,0.9403601398817933,-0.5341157618537291,-5.61468743115095
5405405405.405405,0.9265161837901459,-0.6629398060301918,-5.777781157906704,0.1587127416940702,-15.987764120820598,-1.1204598333044367,0.1587127416940702,-15.987764120820598,-1.1204598333044367,0.9390176272912322,-0.5465251011429901,-5.626360292822761
5411411411.411411,0.9246024138837161,-0.6808995414497772,-5.792353632773531,0.16350366802279764,-15.729449999622311,-1.1343333970376064,0.16350366802279764,-15.729449999622311,-1.1343333970376064,0.9376001183273318,-0.559646930339998,-5.638125663514288
5417417417.417418,0.9225841840536397,-0.6998798962915708,-5.807141604300299,0.16842964533975108,-15.471629316780513,-1.1484480726397461,0.16842964533975108,-15.471629316780513,-1.1484480726397461,0.9361028928042305,-0.5735282534179997,-5.649988258345666
5423423423.423424,0.9204548093066304,-0.7199505755847103,-5.822156227041406,0.1734966239287799,-15.214179434564949,-1.162812524414314,0.1734966239287799,-15.214179434564949,-1.162812524414314,0.9345208718126816,-0.5882198907998327,-5.661952948990438
5429429429.42943,0.918207091465988,-0.7411871485715065,-5.837409261672974,0.17871082341101852,-14.956982883257426,-1.1774360802854542,0.17871082341101852,-14.956982883257426,-1.1774360802854542,0.9328485880053007,-0.6037768298951182,-5.67402476469453
5435435435.435435,0.9158332757357815,-0.7636716187458269,-5.852913114197952,0.18407874211192915,-14.699927240951073,-1.1923287548043489,0.18407874211192915,-14.699927240951073,-1.1923287548043489,0.9310801533633768,-0.620258610984614,-5.686208891985915
5441441441.441442,0.9133250034411259,-0.7874930564391596,-5.868680877690331,0.1896071658934205,-14.442905064731079,-1.2075012749057354,0.1896071658934205,-14.442905064731079,-1.2075012749057354,0.9292092242617678,-0.6377297521648142,-5.698510672751621
5447447447.447448,0.9106732606374492,-0.8127483014927296,-5.884726376703883,0.1953031762180435,-14.185813874360388,-1.2229651083299455,0.1953031762180435,-14.185813874360388,-1.2229651083299455,0.9272289636461299,-0.6562602174373502,-5.710935600293649
5453453453.453453,0.90786832226939,-0.8395427445299248,-5.901064214465929,0.2011741571627252,-13.92855619026192,-1.238732494617899,0.2011741571627252,-13.92855619026192,-1.238732494617899,0.9251320001382162,-0.675925932426515,-5.723489312897989
5459459459.459459,0.9048996915516262,-0.8679911964492422,-5.917709822967965,0.20722780104077165,-13.671039628278596,-1.2548164785697715,0.20722780104077165,-13.671039628278596,-1.2548164785697715,0.9229103838918568,-0.6968093526298047,-5.73617758435858
5465465465.465466,0.9017560342408553,-0.898218857015103,-5.934679516052244,0.21347211222180335,-13.41317705439661,-1.2712309460321698,0.21347211222180335,-13.41317705439661,-1.2712309460321698,0.9205555390361133,-0.7190000895483644,-5.749006310788004
5471471471.471472,0.8984251074724735,-0.9303623948521476,-5.951990545575533,0.2199154086581616,-13.154886803346313,-1.2879906618419763,0.2199154086581616,-13.154886803346313,-1.2879906618419763,0.9180582125653111,-0.7425956004991346,-5.761981492915856
5477477477.477478,0.8948936828501056,-0.9645711527698733,-5.969661160707101,0.22656632053133782,-12.896092965753352,-1.3051113097054696,0.22656632053133782,-12.896092965753352,-1.3051113097054696,0.9154084195711315,-0.7677019483673835,-5.7751092129197925
5483483483.483483,0.8911474635040468,-1.0010084941886017,-5.98771067038645,0.23343378532127582,-12.636725749297256,-1.3226095337270796,0.23343378532127582,-12.636725749297256,-1.3226095337270796,0.9125953847631467,-0.794434638003218,-5.788395604648919
5489489489.48949,0.887170994880418,-1.039853308532709,-6.006159508926007,0.24052703847284962,-12.376721920146727,-1.3405029812203084,0.24052703847284962,-12.376721920146727,-1.3405029812203084,0.9096074802957174,-0.822919536375757,-5.8018468158789664
5495495495.495496,0.8829475690916188,-1.0813016958382469,-6.025029304693504,0.24785559868527218,-12.116025331774733,-1.3588103463308236,0.24785559868527218,-12.116025331774733,-1.3588103463308236,0.9064321600165322,-0.8532938839447435,-5.8154689609771175
5501501501.501501,0.8784591227568316,-1.1255688535315096,-6.044342951746689,0.2554292466795699,-11.854587549098742,-1.377551413875077,0.2554292466795699,-11.854587549098742,-1.377551413875077,0.9030558903820153,-0.8857074049512043,-5.829268062044349
5507507507.507507,0.8736861283972476,-1.1728911914155722,-6.064124684217914,0.26325799610445094,-11.592368576729822,-1.396747102642522,0.26325799610445094,-11.592368576729822,-1.396747102642522,0.8994640784559961,-0.9203235244087142,-5.843249976235967
5513513513.513514,0.8686074796338854,-1.2235287044093166,-6.084400153156772,0.27135205502030135,-11.329337700920057,-1.416419507221046,0.27135205502030135,-11.329337700920057,-1.416419507221046,0.8956409976303137,-0.95732069942378,-5.8574203065270005
5519519519.51952,0.8632003706782461,-1.2777676365797854,-6.10519650543491,0.279721776153577,-11.065474455536549,-1.4365919371782776,0.279721776153577,-11.065474455536549,-1.4365919371782776,0.8915697119920509,-0.9968938719864473,-5.871784292677324
5525525525.525526,0.8574401709216904,-1.3359234745682431,-6.126542464198296,0.28837759383946954,-10.800769723011982,-1.4572889521601293,0.28837759383946954,-10.800769723011982,-1.4572889521601293,0.8872320006263672,-1.0392560494228522,-5.886346678549201
5531531531.531531,0.8513002958350409,-1.3983443137218585,-6.148468410220218,0.2973299452707767,-10.535226981663792,-1.4785363911460208,0.2973299452707767,-10.535226981663792,-1.4785363911460208,0.8826082836040845,-1.084640017117969,-5.901111551223721
5537537537.537538,0.8447520759046492,-1.4654146462178446,-6.171006463367249,0.30658917334932245,-10.268863710941833,-1.5003613937218077,0.30658917334932245,-10.268863710941833,-1.5003613937218077,0.8776775519794946,-1.1333001856791227,-5.916082146537796
5543543543.543544,0.8377646259770952,-1.5375596273423988,-6.1941905632469885,0.31616540809969806,-10.00171296595302,-1.5227924107900594,0.31616540809969806,-10.00171296595302,-1.5227924107900594,0.8724173048398621,-1.1855145711302497,-5.9312606147041
5549549549.549549,0.8303047181861578,-1.6152498840403196,-6.218056547973356,0.3260684232650083,-9.733825131869835,-1.5458592016281543,0.3260684232650083,-9.733825131869835,-1.5458592016281543,0.8668034973301614,-1.2415869016330787,-5.946647738567645
5555555555.555555,0.8223366626188768,-1.6990069391162421,-6.242642229881813,0.33630746437777614,-9.465269867379401,-1.5695928136241053,0.33630746437777614,-9.465269867379401,-1.5695928136241053,0.8608105046533652,-1.3018488371514332,-5.962242595780047
5561561561.561562,0.8138222010692242,-1.7894093353577665,-6.26798746698323,0.34689104431105505,-9.19613824394845,-1.5940255403671921,0.34689104431105505,-9.19613824394845,-1.5940255403671921,0.8544111083490229,-1.3666622787981382,-5.978042154724916
5567567567.567568,0.804720420653296,-1.8870995567958753,-6.294134229006945,0.35782670210008194,-8.926545084091503,-1.6191908530495582,0.35782670210008194,-8.926545084091503,-1.6191908530495582,0.8475765127105668,-1.4364217315685754,-5.994040792399983
5573573573.573574,0.794987695739945,-1.9927918599170944,-6.321126657117062,0.3691207207305029,-8.656631496718912,-1.6451232993557592,0.3691207207305029,-8.656631496718912,-1.6451232993557592,0.8402764010428855,-1.5115566667950573,-6.010229720657828
5579579579.579579,0.7845776685970077,-2.1072811467428125,-6.349011116888231,0.3807777996775489,-8.386567600635349,-1.6718583631994721,0.3807777996775489,-8.386567600635349,-1.6718583631994721,0.8324790436061642,-1.5925338077423405,-6.026596305247657
5585585585.585586,0.7734412813615994,-2.231453035507547,-6.3778362450371615,0.3928006783312614,-8.116555417942626,-1.6994322778424082,0.3928006783312614,-8.116555417942626,-1.6994322778424082,0.8241514715474274,-1.6798592317940826,-6.043123260029871
5591591591.591592,0.7615268743854162,-2.366295314941023,-6.407652991921675,0.4051897071548905,-7.846831907035239,-1.7278817841483876,0.4051897071548905,-7.846831907035239,-1.7278817841483876,0.8152597338737995,-1.7740801437871303,-6.059787696633311
5597597597.597597,0.7487803686189481,-2.512911007413604,-6.438514664220605,0.4179423646161802,-7.577672089617893,-1.7572438250555107,0.4179423646161802,-7.577672089617893,-1.7572438250555107,0.8057692575244888,-1.87578612495845,-6.076560007825011
5603603603.603603,0.7351455523697167,-2.6725333181034854,-6.470476975891688,0.4310527197418489,-7.309392207329291,-1.787555166887132,0.4310527197418489,-7.309392207329291,-1.787555166887132,0.7956453337590013,-1.985609597918436,-6.093402561173401
5609609609.60961,0.720564495322789,-2.8465428172158185,-6.503598121030134,0.4445108427247775,-7.042352820844625,-1.818851937994171,0.4445108427247775,-7.042352820844625,-1.818851937994171,0.7848537572389317,-2.104225166775373,-6.110268178526285
5615615615.615616,0.7049781148903225,-3.036487297899568,-6.537938890412244,0.4583021695141181,-6.776961737679883,-1.8511690755875678,0.4583021695141181,-6.776961737679883,-1.8511690755875678,0.7733616470969671,-2.232347389173279,-6.127098376868445
5621621621.621622,0.6883269214123068,-3.2441048851954113,-6.573562865437928,0.47240683087652063,-6.5136766246196025,-1.8845396726736463,0.47240683087652063,-6.5136766246196025,-1.8845396726736463,0.7611384816084542,-2.3707264092150186,-6.1438213479627795
5627627627.627627,0.6705519690144763,-3.4713511576915925,-6.610536740520371,0.4867989621240847,-6.253007127502698,-1.9189942189728288,0.4867989621240847,-6.253007127502698,-1.9189942189728288,0.7481573793255608,-2.520140722300413,-6.160349658816911
5633633633.633634,0.6515960375053444,-3.7204313078597604,-6.648930850106261,0.501446016567785,-5.995516286516564,-1.954559732825407,0.501446016567785,-5.995516286516564,-1.954559732825407,0.7343966590677831,-2.6813861500721883,-6.176577663890701
5639639639.63964,0.6314050669709629,-3.993838745084471,-6.688820013031765,0.5163081136453761,-5.741821001525905,-1.9912587856089707,0.5163081136453761,-5.741821001525905,-1.9912587856089707,0.7198417081843073,-2.8552598719304,-6.192378635114728
5645645645.645645,0.6099298601335852,-4.294402090222516,-6.73028486031852,0.5313374612645128,-5.49259127273583,-2.029108426314655,0.5313374612645128,-5.49259127273583,-2.029108426314655,0.7044871820398618,-3.042538087146432,-6.20760164011173
5651651651.651651,0.5871280576658223,-4.6253433013793845,-6.773413891431732,0.5464779006094117,-5.248547921767584,-2.0681190217712304,0.5464779006094117,-5.248547921767584,-2.0681190217712304,0.6883395465847173,-3.243945571582751,-6.2220682365329125
5657657657.657658,0.5629663784546167,-4.990350827223347,-6.818306622469381,0.5616646295849806,-5.010458492736537,-2.1082930375359497,0.5616646295849806,-5.010458492736537,-2.1082930375359497,0.6714199588533373,-3.4601150582738596,-6.2355691066800185
5663663663.663664,0.5374231009538194,-5.39367338994599,-6.86507837115037,0.5768241669810099,-4.779131048760446,-2.1496237954310446,0.5768241669810099,-4.779131048760446,-2.1496237954310446,0.65376745585033,-3.6915340426993746,-6.247860839003603
5669669669.66967,0.5104907451084881,-5.840242540091789,-6.913867508235252,0.5918746217917733,-4.555405623339771,-2.1920942555366945,0.5918746217917733,-4.555405623339771,-2.1920942555366945,0.6354423889233952,-3.9384763548141866,-6.258663181163466
5675675675.675675,0.48217890066977614,-6.3358359506425135,-6.964846465153383,0.606726329194937,-4.3401431643804536,-2.2356758822347955,0.606726329194937,-4.3401431643804536,-2.2356758822347955,0.6165299965741033,-4.200915768885235,-6.267657254384619
5681681681.681682,0.45251714396141424,-6.887299251306006,-7.018238555733914,0.621282904784255,-4.134211925323676,-2.280327664330762,0.621282904784255,-4.134211925323676,-2.280327664330762,0.5971439515902132,-4.478419245243365,-6.274485442194015
5687687687.687688,0.4215580034890378,-7.502853219735465,-7.074343998938065,0.6354427504396932,-3.938471413233599,-2.325995366723566,0.6354427504396932,-3.938471413233599,-2.325995366723566,0.577429645885522,-4.770018454343996,-6.278753955178133
5693693693.693693,0.3893799970079493,-8.192527251091281,-7.133580920265345,0.6491010181806088,-3.7537541926702933,-2.3726110937137097,0.6491010181806088,-3.7537541926702933,-2.3726110937137097,0.5575668858034734,-5.074060542529227,-6.280039419775423
5699699699.699699,0.3560909100506188,-8.96878224879762,-7.196551596576153,0.6621520031992374,-3.5808460549221035,-2.4200932400520676,0.6621520031992374,-3.5808460549221035,-2.4200932400520676,0.5377715600178409,-5.388043382303083,-6.277901203192075
5705705705.705706,0.3218318031669474,-9.847420829509998,-7.264153031249327,0.6744918963253543,-3.4204652757295584,-2.468346893852547,0.6744918963253543,-3.4204652757295584,-2.468346893852547,0.518295713425055,-5.708447659734293,-6.271901465556888
5711711711.711712,0.28678291267301476,-10.848934574233681,-7.337769207481745,0.6860217834489931,-3.2732418759089015,-2.5172647349228043,0.6860217834489931,-3.2732418759089015,-2.5172647349228043,0.4994253254087804,-6.0305887748790905,-6.261634919807281
5717717717.717718,0.2511741161480399,-12.000502345931572,-7.419622380293632,0.6966507403908325,-3.139697939811597,-2.566728443462571,0.6966507403908325,-3.139697939811597,-2.566728443462571,0.4814749820633995,-6.348525486846734,-6.24676964136827
5723723723.723723,0.2153062289844496,-13.338868110038204,-7.513454025310293,0.7062988425595191,-3.020230108883657,-2.61661059936504,0.7062988425595191,-3.020230108883657,-2.61661059936504,0.4647786163053592,-6.655077226563531,-6.227098554069588
5729729729.72973,0.17959878266540674,-14.913932226813955,-7.625937170339059,0.7148998953013023,-2.9150953307456113,-2.666777014799052,0.7148998953013023,-2.9150953307456113,-2.666777014799052,0.44967567737588815,-6.942012049268663,-6.2025980260135585
5735735735.735736,0.14470694716348015,-16.790212371076116,-7.769817860298608,0.7224036972938731,-2.8244007990123303,-2.717089406615503,0.7224036972938731,-2.8244007990123303,-2.717089406615503,0.4364926199991746,-7.200461894642677,-6.173485375597931
5741741741.741742,0.11183455737591388,-19.028479535673807,-7.971204107132099,0.7287776770012871,-2.748098771843802,-2.767408285041839,0.7287776770012871,-2.748098771843802,-2.767408285041839,0.4255205731717317,-7.421588753939757,-6.140262060438423
5747747747.747747,0.08361964799388663,-21.553833299843728,-8.284192787126031,0.7340077889419684,-2.6859866306549134,-2.8175959152714385,0.7340077889419684,-2.6859866306549134,-2.8175959152714385,0.416991394278663,-7.597458155002305,-6.103726341352056
5753753753.753754,0.06610936841185161,-23.594739838646674,-8.785174375111126,0.7380986167999273,-2.637712170836008,-2.8675192018094284,0.7380986167999273,-2.637712170836008,-2.8675192018094284,0.4110556740565249,-7.721987051624961,-6.06494154361199
5759759759.75976,0.0675092851698002,-23.412729811325615,-9.396257274122412,0.7410726962534203,-2.602783747751029,-2.9170523528060333,0.7410726962534203,-2.602783747751029,-2.9170523528060333,0.4077669794153997,-7.791758917813384,-6.025155686156045
5765765765.765766,0.086117928164292,-21.298128540658627,-9.8576268269902,0.7429691329254874,-2.580584577509812,-2.9660792020005706,0.7429691329254874,-2.580584577509812,-2.9660792020005706,0.4070760498714678,-7.806488967623871,-5.985683270075467
5771771771.771772,0.11297966015022284,-18.939994719645608,-10.141550306188577,0.7438416420480469,-2.570390248891448,-3.014495096354023,0.7438416420480469,-2.570390248891448,-3.014495096354023,0.4088366393183856,-7.7690038063534566,-5.94777388000318
5777777777.777778,0.1427700106338983,-16.907260162682917,-10.325967613168448,0.7437561705859629,-2.5713883623349854,-3.0622082937595083,0.7437561705859629,-2.5713883623349854,-3.0622082937595083,0.4128218643234321,-7.684746183839978,-5.9124973536952625
5783783783.783784,0.1732863575222038,-15.224712540995286,-10.458467935808182,0.7427882771909662,-2.582699179728889,-3.1091408527573843,0.7427882771909662,-2.582699179728889,-3.1091408527573843,0.4187474675040948,-7.5609561293621645,-5.880668576213799
5789789789.78979,0.20356329790920427,-13.826010435581148,-10.561840742662373,0.7410204412035969,-2.603396235029345,-3.155229030709812,0.7410204412035969,-2.603396235029345,-3.155229030709812,0.42629731621843236,-7.405748029449772,-5.852820461498117
5795795795.795795,0.2331197451976733,-12.648418805244994,-10.64739381324402,0.7385394523757033,-2.632525999148565,-3.2004232351959616,0.7385394523757033,-2.632525999148565,-3.2004232351959616,0.4351469332582423,-7.227281457297807,-5.829219191641867
5801801801.801802,0.26169029405991,-11.644247695799411,-10.721176649240066,0.7354340030003458,-2.669125885480535,-3.2446875936103003,0.7354340030003458,-2.669125885480535,-3.2446875936103003,0.44498234289055716,-7.033144433744871,-5.809907253186675
5807807807.807808,0.28912009206337913,-10.77843452984859,-10.786666885370948,0.7317925690913408,-2.7122400964692672,-3.2879992175831605,0.7317925690913408,-2.7122400964692672,-3.2879992175831605,0.45551320379648047,-6.829980595429262,-5.7947584674712935
5813813813.813814,0.31531840188832044,-10.025013664309338,-10.845991614684227,0.7277016319990739,-2.7609330219118347,-3.330347242537106,0.7277016319990739,-2.7609330219118347,-3.330347242537106,0.4664805059224466,-6.6233300114346445,-5.7835326844906305
5819819819.81982,0.3402354642398584,-9.364408398775735,-10.900522719230011,0.7232442600817536,-2.814300087570219,-3.371731719853149,0.7232442600817536,-2.814300087570219,-3.371731719853149,0.4776598314724884,-6.417625578491862,-5.775922865150162
5825825825.825826,0.3638495646680363,-8.78156280717615,-10.95118664740751,0.7184990440806229,-2.8714761066364964,-3.412162431542543,0.7184990440806229,-2.8714761066364964,-3.412162431542543,0.4888614030858809,-6.216285001850398,-5.7715916857654
5831831831.831832,0.3861590013892812,-8.2646767455485,-10.998635010283154,0.7135393606604645,-2.9316413018302034,-3.451657686830577,0.7135393606604645,-2.9316413018302034,-3.451657686830577,0.4999280528274423,-6.021849853612667,-5.770197708208883
5837837837.837838,0.4071766320837877,-7.804343083380397,-11.043343170131395,0.7084329261005726,-2.9940252429345797,-3.490243148286401,0.7084329261005726,-2.9940252429345797,-3.490243148286401,0.5107320174664138,-5.8361383129056135,-5.771412638034786
5843843843.843843,0.4269259105694541,-7.392949732412163,-11.085669589458615,0.7032415955690985,-3.057908987585823,-3.527950723363319,0.7032415955690985,-3.057908987585823,-3.527950723363319,0.5211712125416996,-5.660391620492541,-5.77493167137219
5849849849.84985,0.44543786814263214,-7.0242572985181,-11.12589281948897,0.6980213616173254,-3.122625728322696,-3.5648175463513323,0.6980213616173254,-3.122625728322696,-3.5648175463513323,0.531165416773142,-5.495404177074883,-5.780478850429154
5855855855.855856,0.46274874719639303,-6.693094966851999,-11.164235247525088,0.6928225072127782,-3.1875602431531624,-3.600885066331651,0.6928225072127782,-3.1875602431531624,-3.600885066331651,0.5406526282269069,-5.341633629421048,-5.787809025499453
5861861861.861862,0.4788981175508513,-6.39513740151095,-11.200878739658185,0.6876898725919307,-3.252147426779628,-3.6361982490083,0.6876898725919307,-3.252147426779628,-3.6361982490083,0.5495857330640938,-5.199290996843484,-5.796707644737871
5867867867.867868,0.49392736815167615,-6.12673818468748,-11.235975178637316,0.6826632004411206,-3.315870150850084,-3.6708048942973295,0.6826632004411206,-3.315870150850084,-3.6708048942973295,0.5579295476186763,-5.068412760036345,-5.806989251241212
5873873873.873874,0.5078784998569809,-5.884803437506079,-11.269653704841684,0.6777775296220836,-3.3782566687482563,-3.704755067157847,0.6777775296220836,-3.3782566687482563,-3.704755067157847,0.5656582444752031,-4.948917572913329,-5.8184952918195405
5879879879.87988,0.5207931637416834,-5.666694504494288,-11.302025780068188,0.673063613286345,-3.43887774691294,-3.738100636142449,0.673063613286345,-3.43887774691294,-3.738100636142449,0.5727531439920751,-4.840650363516412,-5.831091635562159
5885885885.885886,0.5327119008569694,-5.470152018169408,-11.33318878405782,0.66854834240795,-3.497343672843739,-3.7708949122859465,0.66854834240795,-3.497343672843739,-3.7708949122859465,0.5792008372898796,-4.743416379929805,-5.8446660530302115
5891891891.8918915,0.5436735472005612,-5.293235947444476,-11.363228602936205,0.6642551603021873,-3.5533012612875363,-3.803192379996216,0.6642551603021873,-3.5533012612875363,-3.803192379996216,0.584991600040071,-4.657007399123457,-5.8591258056136795
5897897897.897898,0.5537147735115674,-5.13427778083741,-11.392221511511142,0.6602044575014382,-3.606430955408224,-3.835048511333501,0.6602044575014382,-3.606430955408224,-3.835048511333501,0.5901180549911349,-4.581221953514991,-5.874395427111412
5903903903.903904,0.5628697342547916,-4.9918420582230025,-11.420235550559074,0.6564139394198147,-3.6564440993372216,-3.8665196552698355,0.6564139394198147,-3.6564440993372216,-3.8665196552698355,0.594574042778921,-4.51588109279821,-5.890414736019639
5909909909.90991,0.5711698042240549,-4.864695205502691,-11.447331534235737,0.6528989615970818,-3.703080442369793,-3.897662994044986,0.6528989615970818,-3.703080442369793,-3.897662994044986,0.598353663728618,-4.4608409086919005,-5.907137089844607
5915915915.915916,0.5786433847863052,-4.75178014978125,-11.473563778646739,0.6496728290365802,-3.7461059230036895,-3.9285365594490713,0.6496728290365802,-3.7461059230036895,-3.9285365594490713,0.6014504571679578,-4.4160028133561315,-5.924527876560415
5921921921.921922,0.5853157650280483,-4.652195566837088,-11.49898061249938,0.6467470573182242,-3.7853107727035122,-3.959199302661933,0.6467470573182242,-3.7853107727035122,-3.959199302661933,0.6038566887014694,-4.3813223762888125,-5.942563229305437
5927927927.927928,0.5912090260370628,-4.5651788830573565,-11.523624709669026,0.6441315938514479,-3.8205079743778008,-3.9897112120856466,0.6441315938514479,-3.8205079743778008,-3.9897112120856466,0.6055627196494185,-4.356817384456386,-5.961228945935072
5933933933.933934,0.5963419793317409,-4.490092350720062,-11.54753326827214,0.6418349979015323,-3.8515321087519983,-4.020133474356077,0.6418349979015323,-3.8515321087519983,-4.020133474356077,0.6065564362905213,-4.342575690531272,-5.980519593358497
5939939939.9399395,0.6007301331216449,-4.426411658698014,-11.570738049357583,0.6398645779317889,-3.8782386228273373,-4.050528674360521,0.6398645779317889,-3.8782386228273373,-4.050528674360521,0.606822719620889,-4.3387633493584525,-6.00043777650102
5945945945.945946,0.6043856827456116,-4.373716643715973,-11.593265279202772,0.6382264843965867,-3.900503558204545,-4.080961030575098,0.6382264843965867,-3.900503558204545,-4.080961030575098,0.6063429390728348,-4.345633509386947,-6.020993552465017
5951951951.951952,0.607317524410095,-4.33168373882665,-11.615135411458818,0.6369257554268076,-3.91822378304717,-4.111496662321019,0.6369257554268076,-3.91822378304717,-4.111496662321019,0.6050944560897886,-4.363536521607355,-6.042203971481902
5957957957.957958,0.609531294391044,-4.300079840864513,-11.63636273833469,0.6359663118897205,-3.9313177797328196,-4.142203885573375,0.6359663118897205,-3.9313177797328196,-4.142203885573375,0.6030501257252786,-4.392931753179459,-6.064092727189302
5963963963.963964,0.6110294393543869,-4.278757299530012,-11.656954833136723,0.635350897091422,-3.93972705068333,-4.1731535336768335,0.635350897091422,-3.93972705068333,-4.1731535336768335,0.6001777866530964,-4.434401648150315,-6.086689899357181
5969969969.96997,0.6118113276258399,-4.267649727155839,-11.676911799417187,0.6350809549298427,-3.943418217361328,-4.204419298653601,0.6350809549298427,-3.943418217361328,-4.204419298653601,0.5964397323047775,-4.488668667695404,-6.110031772194001
5975975975.975976,0.6118734163892813,-4.26676829727757,-11.696225294487174,0.6351564386100519,-3.9423859017959417,-4.236078087631686,0.6351564386100519,-3.9423859017959417,-4.236078087631686,0.5917921584923651,-4.556615874621534,-6.134160710560796
5981981981.981982,0.611209496272093,-4.276198136208517,-11.714877287012682,0.6355755401222334,-3.9366564959497508,-4.268210387150235,0.6355755401222334,-3.9366564959497508,-4.268210387150235,0.5861845860837885,-4.6393121132695505,-6.159125074546087
5987987987.9879875,0.6098110430225775,-4.296094305862609,-11.732838499946705,0.6363343286004939,-3.926292941228206,-4.300900625556899,0.6363343286004939,-3.926292941228206,-4.300900625556899,0.5795592613955007,-4.738042994484677,-6.184979149577871
5993993993.993994,0.6076677165201738,-4.326676714869441,-11.750066481604934,0.6374262835133339,-3.9114006575511775,-4.334237520204789,0.6374262835133339,-3.9114006575511775,-4.334237520204789,0.5718505423538068,-4.854349253246936,-6.211783064126393
6000000000.0,0.6047680607813171,-4.368223060213206,-11.766503240291453,0.6388417065368358,-3.8921347771724486,-4.368314391451366,0.6388417065368358,-3.8921347771724486,-4.368314391451366,0.562984285651268,-4.990074545253254,-6.239602659465756
6006006006.006006,0.6011004755683789,-4.421058568671551,-11.782072373508992,0.6405669941850356,-3.868708850521558,-4.403229419291311,0.6405669941850356,-3.868708850521558,-4.403229419291311,0.5528772596938004,-5.147425451816715,-6.268509265032721
6012012012.0120125,0.5966545512573147,-4.485540844924357,-11.796675625017713,0.6425837522254746,-3.8414051962324547,-4.43908581052964,0.6425837522254746,-3.8414051962324547,-4.43908581052964,0.5414366208119621,-5.329047469326723,-6.298579317352256
6018018018.018018,0.5914228841008536,-4.562037503994909,-11.81018881798952,0.6448677332128173,-3.8105870600499623,-4.475991834439194,0.6448677332128173,-3.8105870600499623,-4.475991834439194,0.5285595067923264,-5.538122228939185,-6.329893738330706
6024024024.024024,0.5854035186389475,-4.650893430293045,-11.822457150480975,0.6473875810419841,-3.7767127201291877,-4.514060672628249,0.6473875810419841,-3.7767127201291877,-4.514060672628249,0.5141328230833416,-5.778493383505965,-6.36253695684861
6030030030.03003,0.5786031961447383,-4.752383433664297,-11.833289916943212,0.6501033725425106,-3.7403516192872055,-4.553410014309561,0.6501033725425106,-3.7403516192872055,-4.553410014309561,0.4980333237281115,-6.054831946932209,-6.396595410885022
6036036036.036036,0.5710416185455126,-4.866644768673709,-11.842454862274362,0.6529649575481338,-3.7022025047233353,-4.594161311562718,0.6529649575481338,-3.7022025047233353,-4.594161311562718,0.48012812147677697,-6.372857126418905,-6.432155296915513
6042042042.042042,0.5627569576743288,-4.993582537445749,-11.849672621445373,0.655910117806305,-3.663113395877389,-4.6364385913075745,0.655910117806305,-3.663113395877389,-4.6364385913075745,0.4602757991372977,-6.739637185910864,-6.469299222522429
6048048048.048048,0.5538128339627519,-5.132739684173587,-11.854612101688703,0.6588625941838862,-3.6241029618331795,-4.680366703212065,0.6588625941838862,-3.6241029618331795,-4.680366703212065,0.4383283351161084,-7.164009081704464,-6.50810123482565
6054054054.054054,0.5443069289411878,-5.283122742952301,-11.856888292566882,0.661730073660036,-3.586382550355776,-4.7260688685702865,0.661730073660036,-3.586382550355776,-4.7260688685702865,0.41413409609550733,-7.65718024208729,-6.54861937509954
6060060060.0600605,0.5343812372104415,-5.442975977679482,-11.856064906885301,0.6644022848708162,-3.551377653700007,-4.773663388978165,0.6644022848708162,-3.551377653700007,-4.773663388978165,0.3875421814902636,-8.233620408110298,-6.590884303995028
6066066066.066066,0.5242336394652732,-5.609502286430218,-11.851665479761746,0.6667494241353084,-3.5207470146729634,-4.823259382237317,0.6667494241353084,-3.5207470146729634,-4.823259382237317,0.35840841641836685,-8.912436009152676,-6.634881316401992
6072072072.072072,0.5141299032098963,-5.7785427127247635,-11.843197950213138,0.6686212201181871,-3.496396885291044,-4.874951445460611,0.6686212201181871,-3.496396885291044,-4.874951445460611,0.32660326787962013,-9.719589483537142,-6.680520385332451
6078078078.078078,0.5044143095929454,-5.944252030833052,-11.83019884196938,0.6698470357159165,-3.480487203565076,-4.92881321273807,0.6698470357159165,-3.480487203565076,-4.92881321273807,0.29202188985760263,-10.691691855411756,-6.727582482662486
6084084084.084084,0.4955158485510769,-6.098849010124837,-11.812302858136377,0.6702374826554981,-3.4754257629227907,-4.984889887905904,0.6702374826554981,-3.4754257629227907,-4.984889887905904,0.2545963943511275,-11.882955024212654,-6.7756135416195455
6090090090.09009,0.48794550576055407,-6.232573554576504,-11.789340126170988,0.6695880589062482,-3.483845998664084,-5.043189999447146,0.6695880589062482,-3.483845998664084,-5.043189999447146,0.21431039062649188,-13.379135442219619,-6.823686744090136
6096096096.096096,0.4822791628531486,-6.334030032281271,-11.761454206776605,0.6676852721285205,-3.5085640674782463,-5.1036768427976025,0.6676852721285205,-3.5085640674782463,-5.1036768427976025,0.17121630552301875,-15.329097566370326,-6.8697732196572785
6102102102.102102,0.4791211486670892,-6.3910931745004795,-11.729218462100771,0.664315540492458,-3.5525117576968523,-5.166260327602535,0.664315540492458,-3.5525117576968523,-5.166260327602535,0.12545957304878752,-18.02992389485638,-6.908636195931326
6108108108.1081085,0.47904687804875906,-6.392439715769801,-11.693710518741568,0.6592768316505483,-3.618643719863315,-5.2307901932677145,0.6592768316505483,-3.618643719863315,-5.2307901932677145,0.0773414640025794,-22.231752227823314,-6.921490017563282
6114114114.114115,0.4825298914125996,-6.329515562530186,-11.656496096255383,0.6523925099996675,-3.709820673189699,-5.297051730342932,0.6523925099996675,-3.709820673189699,-5.297051730342932,0.027949084870734716,-31.07264815061136,-6.752875183993015
6120120120.12012,0.48986721647357623,-6.198432479745794,-11.619489760062446,0.643526267104873,-3.8286744320409043,-5.3647651663204,0.643526267104873,-3.8286744320409043,-5.3647651663204,0.027982298788083032,-31.062332208627655,-4.39642739636747
6126126126.126126,0.501122698199465,-6.001118511523542,-11.584705529545094,0.632596436576802,-3.977465175987023,-5.433589666578396,0.632596436576802,-3.977465175987023,-5.433589666578396,0.08044707899529259,-21.889794407124153,-4.226095235179453
6132132132.132133,0.5161058102346026,-5.745225033728937,-11.553963904239017,0.6195876255090951,-4.157945292329676,-5.503132428622258,0.6195876255090951,-4.157945292329676,-5.503132428622258,0.13459174824439246,-17.419631313649656,-4.244031054725604
6138138138.138138,0.5343927635406973,-5.442788629498355,-11.528646827723367,0.6045576153025568,-4.371246077516059,-5.572962648801618,0.6045576153025568,-4.371246077516059,-5.572962648801618,0.18900632641918547,-14.470473177597626,-4.290747409863933
6144144144.144144,0.555382880602694,-5.108150225758084,-11.509568534758342,0.5876380009065285,-4.617802547275486,-5.642629342362409,0.5876380009065285,-4.617802547275486,-5.642629342362409,0.24297362411417975,-12.28881736946464,-4.346931596858144
6150150150.15015,0.5783737078791124,-4.7558291546076745,-11.496976119628288,0.5690280001595002,-4.897327255031015,-5.711681292886684,0.5690280001595002,-4.897327255031015,-5.711681292886684,0.2958637388505959,-10.578165176820804,-4.406944949503803
6156156156.156157,0.6026368603190403,-4.398886164053826,-11.490646210512267,0.5489820528347176,-5.208837062992771,-5.779686993055223,0.5489820528347176,-5.208837062992771,-5.779686993055223,0.34711449120795784,-9.190545103680257,-4.46835454754882
6162162162.162163,0.6274813534557484,-4.047983507268278,-11.49002589995833,0.5277929155563083,-5.550728870248588,-5.846252440126128,0.5277929155563083,-5.550728870248588,-5.846252440126128,0.3962475703334976,-8.040667754486487,-4.529830681391738
6168168168.168168,0.6522980190038915,-3.7110788081179304,-11.494373980854785,0.505772639673299,-5.920893359867881,-5.911035066103982,0.505772639673299,-5.920893359867881,-5.911035066103982,0.44288346274288026,-7.07421071914564,-4.590534720003394
6174174174.174174,0.6765843523912523,-3.393561010319809,-11.502877178162198,0.4832339352109857,-6.316851497780879,-5.973752788682505,0.4832339352109857,-6.316851497780879,-5.973752788682505,0.4867485789093676,-6.253906155078834,-4.649897068964339
6180180180.18018,0.6999526625563208,-3.098626602164531,-11.514732982154502,0.46047401218977446,-6.7358975017880915,-6.034187967274544,0.46047401218977446,-6.7358975017880915,-6.034187967274544,0.5276737936802218,-5.552689480591869,-4.707521978926474
6186186186.186186,0.7221258897166621,-2.8277416872955747,-11.529201146149324,0.4377622433790004,-7.17523397364726,-6.092186746209982,0.4377622433790004,-7.17523397364726,-6.092186746209982,0.5655857794024126,-4.9500303719424465,-4.763139438808695
6192192192.192192,0.7429255778501394,-2.5810937852955522,-11.545630419392996,0.4153321592664733,-7.632088801291999,-6.147654737997419,0.4153321592664733,-7.632088801291999,-6.147654737997419,0.6004934163859444,-4.429834993961855,-4.816576176346979
6198198198.198198,0.7622558529365248,-2.357984644905246,-11.5634678552322,0.39337757529273,-8.103808018186557,-6.200550205660903,0.39337757529273,-8.103808018186557,-6.200550205660903,0.6324717106658382,-3.9791778987419364,-4.867735127689028
6204204204.204205,0.7800863139316576,-2.1571468284898194,-11.582257038354552,0.3720521773521884,-8.587922990152604,-6.250875880795535,0.3720521773521884,-8.587922990152604,-6.250875880795535,0.6616453143801159,-3.587495174572379,-4.916579220555688
6210210210.210211,0.796435776414298,-1.976984788303677,-11.601630037397847,0.3514716717578821,-9.082193458118807,-6.298670379027641,0.3514716717578821,-9.082193458118807,-6.298670379027641,0.6881731764680685,-3.2460451852733745,-4.963117870433251
6216216216.216216,0.8113579767890604,-1.8157497951244528,-11.621296411198387,0.3317175923368716,-9.584629909240949,-6.343999928507388,0.3317175923368716,-9.584629909240949,-6.343999928507388,0.7122352463958153,-2.9475307638546058,-5.00739558479913
6222222222.222222,0.8249297130309609,-1.6716610664123233,-11.64103140174728,0.3128419755971807,-10.093499604111758,-6.386950874884708,0.3128419755971807,-10.093499604111758,-6.386950874884708,0.7340216340130465,-2.685822796391732,-5.0494824216337175
6228228228.228228,0.8372414700601424,-1.5429853684387003,-11.6606645701931,0.2948722938559977,-10.607320635144363,-6.427623208254381,0.2948722938559977,-10.607320635144363,-6.427623208254381,0.7537242477240098,-2.4557502602177563,-5.089466140588494
6234234234.234234,0.8483903237107091,-1.4280858691870537,-11.680069532597951,0.2778162232645784,-11.124847938810223,-6.466125191404011,0.2778162232645784,-11.124847938810223,-6.466125191404011,0.771530694166822,-2.252935830328753,-5.12744588612659
6240240240.24024,0.8584747936189167,-1.3254490398323706,-11.699155066601838,0.2616659878461396,-11.645054492613664,-6.5025690558170846,0.2616659878461396,-11.645054492613664,-6.5025690558170846,0.7876201014595174,-2.0736641685670687,-5.163527222887249
6246246246.246246,0.8675912794594741,-1.233696438405005,-11.71785762816167,0.2464021488462752,-12.16711018112542,-6.537067664730274,0.2464021488462752,-12.16711018112542,-6.537067664730274,0.8021604914297495,-1.914774640071443,-5.197818330965259
6252252252.252253,0.8758317314952571,-1.1515864862884764,-11.736135189606966,0.23199679955463662,-12.690360125056845,-6.56973201015236,0.23199679955463662,-12.690360125056845,-6.56973201015236,0.8153073424678562,-1.7735729300699914,-5.230427169192049
6258258258.258259,0.8832822495779343,-1.0780099409689585,-11.753962249298809,0.21841618424480225,-13.21430368676387,-6.600669402227144,0.21841618424480225,-13.21430368676387,-6.600669402227144,0.8272030287869967,-1.647757681736905,-5.2614594262372085
6264264264.264264,0.8900223575574646,-1.0119816729022162,-11.771325843008983,0.20562279327605273,-13.738574909747063,-6.629982215548943,0.20562279327605273,-13.738574909747063,-6.629982215548943,0.8379768766756274,-1.5353593045002505,-5.291017098418573
6270270270.27027,0.8961247524807685,-0.9526305312533434,-11.788222390148436,0.1935770019700976,-14.262924811499607,-6.657767071198866,0.1935770019700976,-14.262924811499607,-6.657767071198866,0.8477456331877363,-1.4346887726632036,-5.3191975556121305
6276276276.276276,0.9016553748240639,-0.8991884822285124,-11.804655222854393,0.18223832475586024,-14.7872057108471,-6.684114350702354,0.18223832475586024,-14.7872057108471,-6.684114350702354,0.8566141920005029,-1.3442946936652864,-5.346092979636099
6282282282.282282,0.9066736852776611,-0.8509797754983726,-11.82063266575879,0.1715663529460303,-15.311357612109788,-6.709107955893796,0.1715663529460303,-15.311357612109788,-6.709107955893796,0.864676462547242,-1.26292725682337,-5.371790081054296
6288288288.288288,0.9112330650717746,-0.8074105960137422,-11.836166554993063,0.1615214376730761,-15.835396569413032,-6.732825245162539,0.1615214376730761,-15.835396569413032,-6.732825245162539,0.8720163016536421,-1.1895079240081194,-5.396370019485119
6294294294.294294,0.915381281212452,-0.7679594555932159,-11.85127110449443,0.15206517114512605,-16.359404898633674,-6.755337090957126,0.15206517114512605,-16.359404898633674,-6.755337090957126,0.8787084524609327,-1.12310392037614,-5.4199084688251356
6300300300.300301,0.9191609763818103,-0.7321684440499655,-11.865962044974719,0.1431607108183791,-16.88352307854744,-6.776708015487405,0.1431607108183791,-16.88352307854744,-6.776708015487405,0.8848194545485218,-1.0629067418050338,-5.442475782305385
6306306306.306307,0.9226101568054481,-0.699635373044535,-11.880255975676079,0.13477298306981372,-17.4079431767355,-6.796996371343218,0.13477298306981372,-17.4079431767355,-6.796996371343218,0.8904085031050993,-1.0082140257133485,-5.464137223223367
6312312312.312313,0.9257626611675017,-0.6700067924279918,-11.894169881319113,0.12686879585300426,-17.932903642469704,-6.816254541454928,0.12686879585300426,-17.932903642469704,-6.816254541454928,0.8955282448886186,-0.958414239720027,-5.484953235865255
6318318318.318318,0.9286486005665485,-0.6429718278800658,-11.907720776679497,0.11941688375269462,-18.4586853230525,-6.834529138726035,0.11941688375269462,-18.4586853230525,-6.834529138726035,0.9002255055447108,-0.9129737324074396,-5.504979737910049
6324324324.324325,0.9312947642876922,-0.6182567725853629,-11.920925449312712,0.1123879038036568,-18.985608578545207,-6.851861190046306,0.1123879038036568,-18.985608578545207,-6.851861190046306,0.9045419474186354,-0.8714257654691964,-5.524268420833722
6330330330.33033,0.9337249893919276,-0.5956203592641667,-11.933800277395644,0.10575439631776078,-19.51403139029094,-6.868286292492412,0.10575439631776078,-19.51403139029094,-6.868286292492412,0.908514659923459,-0.8333612092213942,-5.542867048813463
6336336336.336336,0.9359604942317279,-0.574849638469731,-11.946361104760406,0.09949072165065669,-20.044348379821017,-6.883834731547475,0.09949072165065669,-20.044348379821017,-6.883834731547475,0.9121766862936531,-0.7984206358373096,-5.560819749631645
6342342342.342342,0.9380201773193477,-0.5557563922437789,-11.958623159215605,0.09357298121026074,-20.57699067592489,-6.8985315522782145,0.09357298121026074,-20.57699067592489,-6.8985315522782145,0.9155574915141524,-0.7662875883946134,-5.578167293313111
6348348348.348349,0.9399208837427062,-0.5381740173681154,-11.970601003400617,0.08797892894412088,-21.112426588599234,-6.91239657470628,0.08797892894412088,-21.112426588599234,-6.91239657470628,0.9186833766301548,-0.7366828402997148,-5.594947355873112
6354354354.354355,0.9416776417177626,-0.5219548185119872,-11.982308509878749,0.08268787793589583,-21.651163069268954,-6.925444344155261,0.08268787793589583,-21.651163069268954,-6.925444344155261,0.9215778446996546,-0.7093594900566401,-5.611194766746351
6360360360.360361,0.9433038720109981,-0.5069676578902653,-11.993758854090796,0.07768060550172867,-22.193747957306215,-6.937684006151931,0.07768060550172867,-22.193747957306215,-6.937684006151931,0.9242619234813387,-0.6840987616754426,-5.626941739319687
6366366366.366366,0.9448115729496404,-0.49309591421204324,-12.00496452027951,0.07293925922970182,-22.740773033794493,-6.949119093458392,0.07293925922970182,-22.740773033794493,-6.949119093458392,0.9267544496471414,-0.660706402109097,-5.642218084587398
6372372372.372373,0.9462114836218735,-0.4802357094872236,-12.015937316649405,0.06844726568828154,-23.292877925094988,-6.959747209895095,0.06844726568828154,-23.292877925094988,-6.959747209895095,0.9290723189343626,-0.6390095846758886,-5.657051408353573
6378378378.378378,0.9475132276971693,-0.46829436755053233,-12.026688396920413,0.06418924299313808,-23.850754921535348,-6.969559591591012,0.06418924299313808,-23.850754921535348,-6.969559591591012,0.9312307062488844,-0.6188542420584379,-5.671467292671767
6384384384.384384,0.9487254400962344,-0.457189072917197,-12.03722828612435,0.060150918027021015,-24.415154800887716,-6.978540520873025,0.060150918027021015,-24.415154800887716,-6.978540520873025,0.9332432593257917,-0.6001027646671818,-5.685489462375057
6390390390.39039,0.949855878530008,-0.4468457027993419,-12.047566909026173,0.05631904882424968,-24.986893772584516,-6.986666560756946,0.05631904882424968,-24.986893772584516,-6.986666560756946,0.9351222691635201,-0.5826320103282242,-5.6991399376387015
6396396396.396397,0.9509115217193386,-0.4371978088158631,-12.057713619962549,0.05268135243678994,-25.566861687000966,-6.993905568319461,0.05268135243678994,-25.566861687000966,-6.993905568319461,0.9368788200823799,-0.5663315797459009,-5.712439173554456
6402402402.402403,0.9518986559090691,-0.42818572815752715,-12.067677233205668,0.04922643847630042,-26.156031684318233,-7.000215432250172,0.04922643847630042,-26.156031684318233,-7.000215432250172,0.9385229219228785,-0.5511023192852197,-5.7254061876956435
6408408408.408409,0.9528229511060147,-0.419755806772406,-12.077466053202256,0.04594374846458145,-26.755471488404815,-7.005542462377689,0.04594374846458145,-26.755471488404815,-7.005542462377689,0.9400636265956022,-0.5368550185546239,-5.738058676627659
6414414414.414414,0.9536895283020037,-0.4118597195588287,-12.087087904222612,0.04282350111756766,-27.366356580214102,-7.009819335179608,0.04282350111756766,-27.366356580214102,-7.009819335179608,0.9415091309223828,-0.5235092752410415,-5.750413122277887
6420420420.420421,0.9545030187910968,-0.4044538746416546,-12.096550159095344,0.039856643734448936,-27.989985507080082,-7.012962466704664,0.039856643734448936,-27.989985507080082,-7.012962466704664,0.9428668674666295,-0.5109925038198424,-5.762484889028432
6426426426.426426,0.9552676165541804,-0.39749889060369736,-12.105859766810354,0.03703480996876012,-28.627797588753523,-7.01486863931534,0.03703480996876012,-28.627797588753523,-7.01486863931534,0.9441435848370523,-0.49923906826566633,-5.774288312339289
6432432432.432432,0.9559871245633825,-0.3909591370874169,-12.115023278853041,0.0343502844349452,-29.281393248935355,-7.015410645906367,0.0343502844349452,-29.281393248935355,-7.015410645906367,0.9453454187610315,-0.4881895218381642,-5.785836779651472
6438438438.438438,0.9566649957521124,-0.3848023305065252,-12.12404687419287,0.03179597487493921,-29.952557097321115,-7.014431627031022,0.03179597487493921,-29.952557097321115,-7.014431627031022,0.946477955059175,-0.4777899395007822,-5.797142804261604
6444444444.444445,0.9573043693027141,-0.3789991777434769,-12.132936382894204,0.029365393012839035,-30.643283647712746,-7.0117376513317975,0.029365393012839035,-30.643283647712746,-7.0117376513317975,0.9475462855085686,-0.46799133062792553,-5.808218092803008
6450450450.450451,0.9579081028215016,-0.3735230616832355,-12.141697308349732,0.02705264582313519,-31.355805065717593,-7.007087911222738,0.02705264582313519,-31.355805065717593,-7.007087911222738,0.9485550574565462,-0.45874912142922336,-5.819073606914261
6456456456.456457,0.9584788008989216,-0.36834976327043734,-12.150334848160409,0.02485243982676383,-32.092619381038205,-7.000181649793649,0.02485243982676383,-32.092619381038205,-7.000181649793649,0.9495085179373042,-0.45002269802162437,-5.82971961962528
6462462462.462462,0.9590188404897898,-0.36345721549437593,-12.15885391370216,0.02276010236435079,-32.85651578036119,-6.990640567089895,0.02276010236435079,-32.85651578036119,-6.990640567089895,0.9504105529483765,-0.44177500235436484,-5.84016576694341
6468468468.468469,0.9595303934937158,-0.3588252853226448,-12.167259148430796,0.02077162582319774,-33.650590186380875,-6.977984927635275,0.02077162582319774,-33.650590186380875,-6.977984927635275,0.9512647224610083,-0.4339721742755619,-5.850421095077906
6474474474.474474,0.9600154468680616,-0.35443558013381943,-12.175554944983574,0.01888374390209317,-34.47823796047541,-6.961600849373118,0.01888374390209317,-34.47823796047541,-6.961600849373118,0.9520742916663792,-0.4265832339511216,-5.860494103700695
6480480480.48048,0.9604758205641418,-0.3502712756552448,-12.18374546114004,0.017094053789602753,-35.343098675735895,-6.940695246852987,0.017094053789602753,-35.343098675735895,-6.940695246852987,0.9528422588968414,-0.41957979963390013,-5.8703927856040545
6486486486.486486,0.9609131835411963,-0.34631696280348356,-12.191834634706474,0.015401205507977708,-36.24890568070947,-6.914233647612131,0.015401205507977708,-36.24890568070947,-6.914233647612131,0.9535713806067947,-0.412935836453058,-5.880124663081982
6492492492.492493,0.9613290680810409,-0.34255851116339225,-12.19982619738861,0.013805190848290927,-37.19915170257083,-6.880854880764544,0.013805190848290927,-37.19915170257083,-6.880854880764544,0.9542641937503277,-0.40662743246905453,-5.889696821331103
6498498498.498499,0.9617248825988539,-0.33898294713285454,-12.207723687716157,0.012307780468803584,-38.19640517542934,-6.838756532690382,0.012307780468803584,-38.19640517542934,-6.838756532690382,0.9549230358513856,-0.4006325987333834,-5.899115939138984
6504504504.504505,0.9621019231216127,-0.335578345011756,-12.215530463080908,0.010913178308619957,-39.240974977460816,-6.785549386259891,0.010913178308619957,-39.240974977460816,-6.785549386259891,0.9555500630262566,-0.3949310905156001,-5.90838831710223
6510510510.51051,0.962461383584782,-0.3323337295317014,-12.223249710947822,0.009628979326313852,-40.32839491471055,-6.718096812559934,0.009628979326313852,-40.32839491471055,-6.718096812559934,0.9561472661867421,-0.38950424722513277,-5.917519903593886
6516516516.516517,0.9628043650797022,-0.3292389885107715,-12.230884459295675,0.008467496283364634,-41.4448997061605,-6.63240805729388,0.008467496283364634,-41.4448997061605,-6.63240805729388,0.9567164856250255,-0.38433484886936875,-5.9265163186787335
6522522522.522522,0.9631318841681941,-0.3262847944812092,-12.238437586340858,0.00744736147980204,-42.559951317456964,-6.5237851426245825,0.00744736147980204,-42.559951317456964,-6.5237851426245825,0.9572594241573,-0.379406987161203,-5.935382876156395
6528528528.528528,0.9634448803670151,-0.32346253427953137,-12.245911829594956,0.00659476969989366,-43.6160073224789,-6.387672001162813,0.00659476969989366,-43.6160073224789,-6.387672001162813,0.9577776589824046,-0.3747059496231095,-5.944124603895243
6534534534.534534,0.9637442228927187,-0.32076424571121975,-12.253309794303469,0.005942497738244412,-44.52061949790446,-6.221879331718243,0.005942497738244412,-44.52061949790446,-6.221879331718243,0.9582726523933386,-0.37021811523894554,-5.952746262604702
6540540540.540541,0.9640307167468094,-0.3181825605095215,-12.260633961310132,0.005523401221456943,-45.15586816708215,-6.030270046464234,0.005523401221456943,-45.15586816708215,-6.030270046464234,0.9587457614636444,-0.3659308603798683,-5.961252363179867
6546546546.546547,0.9643051082117815,-0.3157106529013003,-12.267886694388235,0.005356744437536475,-45.42198145378313,-5.825445567112643,0.005356744437536475,-45.42198145378313,-5.825445567112643,0.9591982468165284,-0.3618324738848072,-5.969647182739847
6552552552.552553,0.9645680898205666,-0.31334219317338036,-12.275070247077522,0.005434224167453069,-45.297249008904075,-5.625812209392058,0.005434224167453069,-45.297249008904075,-5.625812209392058,0.9596312805723514,-0.3579120803086184,-5.977934779470056
6558558558.558558,0.9648203048546453,-0.3110713057050065,-12.282186769062514,0.005719029252640556,-44.85355364092218,-5.447308936671434,0.005719029252640556,-44.85355364092218,-5.447308936671434,0.9600459535593049,-0.35415957046733176,-5.986119006368488
6564564564.564565,0.9650623514199231,-0.3088925309930165,-12.289238312125539,0.006160014285643648,-44.2083656133056,-5.2975303867593775,0.006160014285643648,-44.2083656133056,-5.2975303867593775,0.9604432818625638,-0.35056553851154393,-5.994203523986971
6570570570.57057,0.9652947861438734,-0.30680079125143545,-12.296226835705323,0.006707849223380231,-43.46833415742487,-5.176445713691992,0.006707849223380231,-43.46833415742487,-5.176445713691992,0.9608242127789024,-0.34712122484712277,-6.002191812250018
6576576576.576576,0.965518127532626,-0.30479135921456835,-12.303154212089687,0.007323213174640437,-42.70596647219258,-5.080158503201827,0.007323213174640437,-42.70596647219258,-5.080158503201827,0.9611896302363498,-0.34381846430043056,-6.010087181426573
6582582582.582582,0.9657328590224153,-0.3028598298144042,-12.310022231268828,0.007977750044488977,-41.96239149890346,-5.003861091914846,0.007977750044488977,-41.96239149890346,-5.003861091914846,0.9615403597319804,-0.34064963899313927,-6.01789278232308
6588588588.588589,0.9659394317559953,-0.3010020944402269,-12.316832605473625,0.008651971994483438,-41.257697899917794,-4.943204543960278,0.008651971994483438,-41.257697899917794,-4.943204543960278,0.9618771728352167,-0.33760763545128436,-6.025611615760356
6594594594.594595,0.9661382671113596,-0.299214317520127,-12.323586973421595,0.009332752372466134,-40.59980514458825,-4.894679835066288,0.009332752372466134,-40.59980514458825,-4.894679835066288,0.9622007912989291,-0.33468580552593885,-6.033246541391095
6600600600.600601,0.9663297590070796,-0.29749291519339094,-12.330286904291427,0.010011309896377158,-39.99018189986379,-4.855585796374399,0.010011309896377158,-39.99018189986379,-4.855585796374399,0.9625118908161412,-0.33187793074899075,-6.04080028591
6606606606.6066065,0.9665142760060699,-0.2958345358669555,-12.336933901445391,0.010681785696873995,-39.42712278608821,-4.823878313421151,0.010681785696873995,-39.42712278608821,-4.823878313421151,0.9628111044561961,-0.32917818978809665,-6.048275450703879
6612612612.612613,0.96669216323721,-0.29423604247204477,-12.343529405917533,0.011340287178093912,-38.907518947165045,-4.7980142379079105,0.011340287178093912,-38.907518947165045,-4.7980142379079105,0.9630990258106537,-0.3265811287014039,-6.05567451898507
6618618618.618618,0.9668637441522366,-0.292694496256457,-12.350074799684098,0.011984255095115696,-38.427779104337425,-4.776822870182329,0.011984255095115696,-38.427779104337425,-4.776822870182329,0.9633762118761499,-0.3240816337236074,-6.062999862447788
6624624624.624624,0.9670293221335369,-0.2912071419651012,-12.35657140873154,0.012612044069440016,-37.98429040789404,-4.75940847071503,0.012612044069440016,-37.98429040789404,-4.75940847071503,0.9636431856985935,-0.3216749063437451,-6.070253747483656
6630630630.6306305,0.9671891819668126,-0.28977139427722587,-12.36302050593612,0.013222642047853499,-37.57363517513009,-4.745078703122676,0.013222642047853499,-37.57363517513009,-4.745078703122676,0.9639004388006257,-0.319356440459842,-6.0774383409895885
6636636636.636637,0.9673435911911931,-0.2883848253821156,-12.369423313768221,0.013815480316088376,-37.19268023159712,-4.733292705933605,0.013815480316088376,-37.19268023159712,-4.733292705933605,0.9641484334120931,-0.3171220014173838,-6.08455571579847
6642642642.642643,0.9674928013380784,-0.28704515358733385,-12.375781006833414,0.014390303049066333,-36.83860120097406,-4.723623437457896,0.014390303049066333,-36.83860120097406,-4.723623437457896,0.9643876045212763,-0.31496760675867164,-6.09160785576056
6648648648.648649,0.9676370490689048,-0.2857502328639965,-12.3820947142614,0.014947076492079027,-36.50887485918823,-4.715730240193495,0.014947076492079027,-36.50887485918823,-4.715730240193495,0.9646183617628996,-0.31288950852723235,-6.09859666050113
6654654654.6546545,0.9677765572209281,-0.2844980432439113,-12.388365521953244,0.015485924892601043,-36.20125702828433,-4.709338697525896,0.015485924892601043,-36.20125702828433,-4.709338697525896,0.9648410911573457,-0.3108841769873783,-6.105523949877983
6660660660.660661,0.9679115357693067,-0.2832866819911682,-12.394594474696365,0.01600708474915976,-35.91375511381499,-4.704225709152855,0.01600708474915976,-35.91375511381499,-4.704225709152855,0.9650561567141508,-0.3089482856323843,-6.112391468160365
6666666666.666666,0.9680421827129158,-0.282114355478785,-12.40078257815619,0.016510871780445666,-35.64459990428811,-4.70020832500505,0.016510871780445666,-35.64459990428811,-4.70020832500505,0.9652639019115461,-0.3070786973676641,-6.119200887949203
6672672672.672672,0.9681686848905954,-0.28097937170790727,-12.406930800752676,0.016997656847965743,-35.392218852594034,-4.697135308162715,0.016997656847965743,-35.392218852594034,-4.697135308162715,0.9654646510627273,-0.30527245176603096,-6.125953813856957
6678678678.6786785,0.9682912187339114,-0.27988013341291373,-12.413040075429262,0.017467848261520313,-35.155211786663415,-4.694880697281544,0.017467848261520313,-35.155211786663415,-4.694880697281544,0.9656587105785106,-0.30352675330215695,-6.13265178596394
6684684684.684685,0.968409950961925,-0.27881513170130645,-12.419111301321351,0.017921878689004037,-34.93232933376588,-4.693338847902153,0.017921878689004037,-34.93232933376588,-4.693338847902153,0.9658463701351359,-0.30183896048216424,-6.139296283066639
6690690690.690691,0.9685250392229264,-0.2777829401822956,-12.425145345330792,0.01836019542396946,-34.722454010517005,-4.692420577971358,0.01836019542396946,-34.722454010517005,-4.692420577971358,0.9660279037551639,-0.3002065757922147,-6.145888725732369
6696696696.696697,0.9686366326876482,-0.27678220954217414,-12.43114304361251,0.018783253126372027,-34.524583776562714,-4.692050145534381,0.018783253126372027,-34.524583776562714,-4.692050145534381,0.9662035708086711,-0.29862723639722194,-6.152430479173494
6702702702.702703,0.9687448725980523,-0.275811662528468,-12.43710520297883,0.0191915084014358,-34.33781779067337,-4.692162859274234,0.0191915084014358,-34.33781779067337,-4.692162859274234,0.9663736169413149,-0.2970987055269447,-6.158922855953415
6708708708.708709,0.9688498927753841,-0.2748700893086501,-12.443032602226793,0.019585415755718125,-34.1613440978467,-4.692703174527287,0.019585415755718125,-34.1613440978467,-4.692703174527287,0.9665382749352339,-0.2956188644926208,-6.165367118535634
6714714714.714715,0.968951820090868,-0.27395634317215395,-12.448925993393292,0.019965424592419647,-33.99442898994969,-4.693623164844029,0.019965424592419647,-33.99442898994969,-4.693623164844029,0.9666977655081876,-0.29418570528272636,-6.1717644816863
6720720720.72072,0.9690507749021214,-0.2730693365472191,-12.454786102942538,0.020331976995794247,-33.83640780685596,-4.694881286381804,0.020331976995794247,-33.83640780685596,-4.694881286381804,0.9668522980559244,-0.2927973236904603,-6.178116114739963
6726726726.726727,0.9691468714580541,-0.27220803730698856,-12.460613632890087,0.020685506117880476,-33.68667697275526,-4.696441372374995,0.020685506117880476,-33.68667697275526,-4.696441372374995,0.9670020713422468,-0.291451912930567,-6.184423143737409
6732732732.732733,0.9692402182748223,-0.27137146534111584,-12.466409261867337,0.021026435026953075,-33.54468708965499,-4.698271809687956,0.021026435026953075,-33.54468708965499,-4.698271809687956,0.9671472741409334,-0.29014775770610673,-6.190686653443939
6738738738.738739,0.969330918485116,-0.27055868937185046,-12.472173646130097,0.021355175911072475,-33.40993693532294,-4.70034486046179,0.021355175911072475,-33.40993693532294,-4.70034486046179,0.9672880858332328,-0.28888322869001354,-6.1969076892557196
6744744744.744745,0.9694190701629275,-0.2697688239947859,-12.47790742051468,0.021672129555321534,-33.28196823536241,-4.70263610013799,0.021672129555321534,-33.28196823536241,-4.70263610013799,0.9674246769644081,-0.28765677738859835,-6.2030872590014
6750750750.7507515,0.969504766625706,-0.2690010269267137,-12.483611199344626,0.021977685030182343,-33.16036109863761,-4.70512394940731,0.021977685030182343,-33.16036109863761,-4.70512394940731,0.9675572097624592,-0.2864669313574888,-6.209226334645558
6756756756.756757,0.9695880967156743,-0.2682544964442147,-12.489285577291065,0.022272219542739276,-33.04473002202077,-4.707789282412486,0.022272219542739276,-33.04473002202077,-4.707789282412486,0.9676858386218816,-0.28531228974305023,-6.215325853900175
6762762762.762763,0.9696691450619004,-0.26752846899833294,-12.494931130189396,0.02255609841319293,-32.93472038469426,-4.710615097207024,0.02255609841319293,-32.93472038469426,-4.710615097207024,0.9678107105551439,-0.2841915191240853,-6.2213867217498455
6768768768.768768,0.9697479923246264,-0.266822216991504,-12.500548415814905,0.022829675147434208,-32.83000536430875,-4.713586237314156,0.022829675147434208,-32.83000536430875,-4.713586237314156,0.9679319656142577,-0.28310334963145334,-6.2274098118960195
6774774774.774775,0.969824715423167,-0.2661350467046678,-12.506137974619724,0.023093291582786918,-32.730283217482544,-4.716689155443129,0.023093291582786918,-32.730283217482544,-4.716689155443129,0.9680497372846876,-0.2820465713245355,-6.233395968125267
6780780780.780781,0.9698993877486596,-0.2654662963627955,-12.511700330433314,0.023347278088941437,-32.635274875711296,-4.719911712154157,0.023347278088941437,-32.635274875711296,-4.719911712154157,0.9681641528536274,-0.2810200308055292,-6.2393460056061345
6786786786.786787,0.9699720793627513,-0.26481533432885274,-12.51723599112863,0.02359195380993658,-32.544721814982495,-4.723243003630232,0.02359195380993658,-32.544721814982495,-4.723243003630232,0.9682753337545015,-0.2800226280541474,-6.245260712118929
6792792792.792793,0.9700428571833094,-0.26418155741623,-12.522745449255883,0.023827626936034324,-32.45838416348168,-4.726673213797603,0.023827626936034324,-32.45838416348168,-4.726673213797603,0.9683833958894452,-0.27905331346631423,-6.251140849222398
6798798798.7987995,0.9701117851580756,-0.2635643893111928,-12.52822918264576,0.02405459499668664,-32.37603901691186,-4.730193486900576,0.02405459499668664,-32.37603901691186,-4.730193486900576,0.9684884499313091,-0.27811108508241145,-6.256987153361054
6804804804.804805,0.9701789244271614,-0.26296327909712947,-12.533687654983796,0.024273145167647624,-32.29747893528484,-4.733795817328421,0.024273145167647624,-32.29747893528484,-4.733795817328421,0.9685906016066782,-0.27719498599113546,-6.262800336916646
6810810810.810811,0.9702443334751933,-0.262377699873176,-12.539121316357512,0.024483554586751707,-32.22251059871224,-4.7374729540495535,0.024483554586751707,-32.22251059871224,-4.7374729540495535,0.968689951961219,-0.2763041018967165,-6.2685810892070055
6816816816.816816,0.9703080682738395,-0.26180714746052774,-12.54453060377783,0.024686090674044505,-32.15095360283264,-4.741218317459239,0.024686090674044505,-32.15095360283264,-4.741218317459239,0.9687865976086166,-0.27543755883772786,-6.274330077435321
6822822822.822823,0.9703701824154067,-0.26125113919011145,-12.549915941676167,0.024881011452884183,-32.08263937715034,-4.745025926813844,0.024881011452884183,-32.08263937715034,-4.745025926813844,0.9688806309642346,-0.274594521046933,-6.28004794759269
6828828828.828829,0.9704307272381479,-0.2607092127657769,-12.555277742378543,0.025068565869369907,-32.0174102118084,-4.748890336723964,0.025068565869369907,-32.0174102118084,-4.748890336723964,0.9689721404645556,-0.2737741889423145,-6.285735325316594
6834834834.834835,0.9704897519438481,-0.2601809251978028,-12.560616406557923,0.02524899410805044,-31.955118380233007,-4.752806581424502,0.02524899410805044,-31.955118380233007,-4.752806581424502,0.9690612107733545,-0.27297579724043164,-6.291392816707796
6840840840.840841,0.9705473037082331,-0.25966585180173923,-12.565932323665997,0.025422527902340095,-31.89562534672405,-4.756770125741823,0.025422527902340095,-31.89562534672405,-4.756770125741823,0.9691479229755582,-0.2721986131832494,-6.297021009107986
6846846846.846848,0.9706034277846871,-0.25916358525814204,-12.571225872345448,0.025589390838452134,-31.838801049468252,-4.76077682184535,0.025589390838452134,-31.838801049468252,-4.76077682184535,0.9692323547595454,-0.2714419348714183,-6.302620471840357
6852852852.852853,0.9706581676017643,-0.258673734728779,-12.576497420823763,0.0257497986519634,-31.78452325065628,-4.764822871009666,0.0257497986519634,-31.78452325065628,-4.764822871009666,0.9693145805887458,-0.2707050896960574,-6.308191756915153
6858858858.858859,0.9707115648548679,-0.2581959250258702,-12.581747327289566,0.025903959516374704,-31.732676946419353,-4.768904789728721,0.025903959516374704,-31.732676946419353,-4.768904789728721,0.9693946718631749,-0.2699874328631114,-6.313735399702108
6864864864.864864,0.9707636595925344,-0.2577297958303942,-12.586975940252348,0.026052074323223498,-31.683153830195707,-4.773019379620262,0.026052074323223498,-31.683153830195707,-4.773019379620262,0.9694726970716127,-0.2692883460037395,-6.31925191957159
6870870870.870871,0.9708144902976676,-0.25727500095629846,-12.59218359888647,0.026194336953467234,-31.635851803908306,-4.777163700639611,0.026194336953467234,-31.635851803908306,-4.777163700639611,0.9695487219350232,-0.2686072358651941,-6.324741820506107
6876876876.876877,0.9708640939640444,-0.2568312076576776,-12.597370633360262,0.026330934539979173,-31.590674532004364,-4.781335047189993,0.026330934539979173,-31.590674532004364,-4.781335047189993,0.9696228095417827,-0.2679435330769372,-6.33020559168379
6882882882.882883,0.9709125061684317,-0.25639809597582675,-12.602537365150933,0.026462047721100692,-31.547531033987298,-4.785530926774186,0.026462047721100692,-31.547531033987298,-4.785530926774186,0.9696950204752428,-0.2672966909871282,-6.335643708035334
6888888888.888889,0.970959761138566,-0.255975358123881,-12.607684107346055,0.026587850885272594,-31.506335311576773,-4.7897490408808405,0.026587850885272594,-31.506335311576773,-4.7897490408808405,0.9697654129341302,-0.2666661845648428,-6.341056630775786
6894894894.894896,0.9710058918173042,-0.2555626979062144,-12.612811164932246,0.02670851240683016,-31.46700600707264,-4.793987267840205,0.02670851240683016,-31.46700600707264,-4.793987267840205,0.9698340428462227,-0.26605150936396327,-6.3464448079125075
6900900900.900901,0.9710509299231508,-0.25515983017074806,-12.617918835071745,0.026824194873097378,-31.42946608988219,-4.798243647419164,0.026824194873097378,-31.42946608988219,-4.798243647419164,0.969900963975729,-0.2654521805447863,-6.351808674730551
6906906906.906907,0.9710949060074271,-0.25476648029172566,-12.62300740736742,0.02693505530294971,-31.39364256850774,-4.802516366955527,0.02693505530294971,-31.39364256850774,-4.802516366955527,0.9699662280247816,-0.26486773194958796,-6.357148654256608
6912912912.912912,0.9711378495082735,-0.2543823836812388,-12.628077164116803,0.027041245357046835,-31.35946622558506,-4.806803748857233,0.027041245357046835,-31.35946622558506,-4.806803748857233,0.9700298847293809,-0.26429771522900203,-6.3624651577026325
6918918918.918919,0.9711797888016939,-0.2540072853275822,-12.63312838055571,0.02714291153995551,-31.326871373823096,-4.811104239314168,0.02714291153995551,-31.326871373823096,-4.811104239314168,0.9700919819501505,-0.26374169901591515,-6.367758584890169
6924924924.924925,0.9712207512498282,-0.25364093935875015,-12.638161325091893,0.027240195394397756,-31.295795630923383,-4.815416398089352,0.027240195394397756,-31.295795630923383,-4.815416398089352,0.9701525657582251,-0.2631992681439075,-6.373029324656368
6930930930.930931,0.971260763246615,-0.25328310862960857,-12.643176259529245,0.027333233687871487,-31.266179711757776,-4.819738889272531,0.027333233687871487,-31.266179711757776,-4.819738889272531,0.970211680516561,-0.26267002290757435,-6.378277755242586
6936936936.936937,0.9712998502610053,-0.25293356433126307,-12.648173439283,0.027422158591894095,-31.23796723626193,-4.824070472893491,0.027422158591894095,-31.23796723626193,-4.824070472893491,0.9702693689569221,-0.2621535783623915,-6.383504244666469
6942942942.942944,0.9713380368779042,-0.2525920856210272,-12.653153113586331,0.027507097854124626,-31.21110455165798,-4.828409997304491,0.027507097854124626,-31.21110455165798,-4.828409997304491,0.9703256722528448,-0.2616495636613369,-6.38870915107831
6948948948.948949,0.9713753468369342,-0.2522584592721367,-12.658115525688803,0.027588174963619885,-31.185540567759574,-4.832756392252082,0.027588174963619885,-31.185540567759574,-4.832756392252082,0.9703806300887963,-0.2611576214263138,-6.393892823102464
6954954954.954955,0.9714118030691833,-0.2519324793417176,-12.663060913046984,0.027665509309478167,-31.1612266042361,-4.837108662567646,0.027665509309478167,-31.1612266042361,-4.837108662567646,0.9704342807257393,-0.2606774071523803,-6.399055600164538
6960960960.96096,0.9714474277320484,-0.25161394685601957,-12.667989507507643,0.027739216333120813,-31.13811624882265,-4.8414658824141945,0.027739216333120813,-31.13811624882265,-4.8414658824141945,0.970486661063339,-0.26020858864266133,-6.4041978128050685
6966966966.966967,0.971482242242287,-0.25130266951187163,-12.672901535483849,0.027809407674458927,-31.116165225560056,-4.845827190033948,0.027809407674458927,-31.116165225560056,-4.845827190033948,0.970537806698993,-0.25975084547224747,-6.409319782980302
6972972972.972973,0.9715162673073781,-0.2509984613934538,-12.677797218124285,0.027876191312184766,-31.095331272237043,-4.850191782947457,0.027876191312184766,-31.095331272237043,-4.850191782947457,0.9705877519838731,-0.2593038684793728,-6.414421824350727
6978978978.978979,0.9715495229553011,-0.2507011427033947,-12.682676771476112,0.0279396716984232,-31.075574026284187,-4.854558913560377,0.0279396716984232,-31.075574026284187,-4.854558913560377,0.9706365300761438,-0.2588673592823439,-6.419504242557919
6984984984.984985,0.9715820285628183,-0.25041053950741593,-12.687540406641649,0.02799994988797229,-31.05685491843889,-4.858927885138831,0.02799994988797229,-31.05685491843889,-4.858927885138831,0.9706841729915301,-0.2584410298206428,-6.424567335490254
6990990990.990992,0.9716138028823428,-0.25012648349178135,-12.692388329929152,0.028057123662351593,-31.039137073564223,-4.86329804811843,0.028057123662351593,-31.039137073564223,-4.86329804811843,0.9707307116513784,-0.25802460191888876,-6.429611393538012
6996996996.996997,0.9716448640674875,-0.24984881173268292,-12.697220742997967,0.028111287648875233,-31.02238521805871,-4.867668796715741,0.028111287648875233,-31.02238521805871,-4.867668796715741,0.9707761759283418,-0.2576178068724464,-6.434636699838364
7003003003.003003,0.9716752296973494,-0.24957736647707252,-12.702037842998283,0.028162533434953754,-31.00656559334642,-4.8720395658142746,0.028162533434953754,-31.00656559334642,-4.8720395658142746,0.9708205946898425,-0.25722038505329137,-6.439643530510711
7009009009.009008,0.9717049167996183,-0.249311994934128,-12.706839822705739,0.028210949677825437,-30.99164587498057,-4.876409828099883,0.028210949677825437,-30.99164587498057,-4.876409828099883,0.9708639958394255,-0.25683208553508463,-6.444632154882807
7015015015.015015,0.9717339418725673,-0.2490525490768369,-12.711626870651097,0.028256622209907288,-30.977595096935737,-4.880779091423101,0.028256622209907288,-30.977595096935737,-4.880779091423101,0.9709064063561069,-0.25645266573650277,-6.449602835708114
7021021021.021021,0.9717623209059923,-0.24879888545308526,-12.716399171245214,0.02829963413995186,-30.964383580699444,-4.885146896368144,0.02829963413995186,-30.964383580699444,-4.885146896368144,0.9709478523318557,-0.2560818910815672,-6.454555829374738
7027027027.027027,0.9717900694011478,-0.2485508650058252,-12.721156904899484,0.028340065950184727,-30.951982868808585,-4.889512814010375,0.028340065950184727,-30.951982868808585,-4.889512814010375,0.9709883590072748,-0.2557195346763548,-6.459491386106377
7033033033.033033,0.9718172023897446,-0.2483083529017201,-12.725900248141969,0.028377995589594442,-30.94036566250455,-4.893876443845783,0.028377995589594442,-30.94036566250455,-4.893876443845783,0.9710279508056182,-0.2553653770008567,-6.46440975015561
7039039039.03904,0.971843734452065,-0.24807121836777823,-12.730629373729391,0.028413498563536893,-30.929505763209505,-4.898237411877623,0.028413498563536893,-30.929505763209505,-4.898237411877623,0.9710666513651921,-0.2550192056155298,-6.469311159989862
7045045045.045045,0.9718696797342176,-0.2478393345357538,-12.735344450755164,0.028446648019809888,-30.919378017550297,-4.902595368846872,0.028446648019809888,-30.919378017550297,-4.902595368846872,0.9711044835702628,-0.2546808148814288,-6.474195848470378
7051051051.051051,0.9718950519646165,-0.24761257829356578,-12.740045644753625,0.02847751483134935,-30.90995826567837,-4.906949988594299,0.02847751483134935,-30.90995826567837,-4.906949988594299,0.9711414695805293,-0.25435000569339106,-6.479064043024532
7057057057.057056,0.9719198644696905,-0.247390830143671,-12.744733117800617,0.028506167675687828,-30.901223292655708,-4.911300966543178,0.028506167675687828,-30.901223292655708,-4.911300966543178,0.9711776308592381,-0.25402658522555777,-6.483915965811704
7063063063.063063,0.971944130188881,-0.24717397406786773,-12.749407028610605,0.0285326731113146,-30.8931507826938,-4.915648018292719,0.0285326731113146,-30.8931507826938,-4.915648018292719,0.971212988200023,-0.2537103666884899,-6.488751833883088
7069069069.069069,0.9719678616889682,-0.24696189739816832,-12.754067532630426,0.0285570956510679,-30.88571927605023,-4.9199908783131026,0.0285570956510679,-30.88571927605023,-4.9199908783131026,0.9712475617525222,-0.25340116909737964,-6.493571859335597
7075075075.075075,0.971991071177753,-0.24675449069348795,-12.758714782129832,0.02857949783268362,-30.878908128403065,-4.924329298733938,0.02857949783268362,-30.878908128403065,-4.924329298733938,0.9712813710468396,-0.25309881705077375,-6.498376249460198
7081081081.081081,0.972013770517123,-0.24655164762190152,-12.763348926288963,0.028599940286622584,-30.87269747253619,-4.928663048218646,0.028599940286622584,-30.87269747253619,-4.928663048218646,0.9713144350169216,-0.2528031405191356,-6.503165206884869
7087087087.087088,0.9720359712355556,-0.24635326484798545,-12.767970111282853,0.028618481801289238,-30.867068182182575,-4.9329919109179325,0.028618481801289238,-30.867068182182575,-4.9329919109179325,0.9713467720228839,-0.25251397464294273,-6.507938929712419
7093093093.093094,0.9720576845400627,-0.2461592419251971,-12.772578480363102,0.028635179385752704,-30.862001837883298,-4.937315685496197,0.028635179385752704,-30.862001837883298,-4.937315685496197,0.9713783998723632,-0.25223115953963837,-6.512697611653376
7099099099.099099,0.9720789213276172,-0.24596948119293577,-12.777174173936825,0.028650088330074323,-30.857480694731315,-4.941634184225103,0.028650088330074323,-30.857480694731315,-4.941634184225103,0.971409335840917,-0.2519545401192162,-6.517441442154175
7105105105.105105,0.9720996921960869,-0.24578388767805304,-12.781757329642984,0.02866326226334215,-30.853487651878506,-4.94594723213926,0.02866326226334215,-30.853487651878506,-4.94594723213926,0.9714395966915588,-0.251683965907657,-6.522170606520807
7111111111.111111,0.9721200074547097,-0.24560236900050406,-12.786328082426195,0.028674753209508505,-30.85000622369335,-4.950254666249142,0.028674753209508505,-30.85000622369335,-4.950254666249142,0.9714691986934169,-0.25141929087830334,-6.526885286038131
7117117117.117117,0.9721398771340997,-0.24542483528322812,-12.79088656460814,0.02868461164112121,-30.84702051246525,-4.954556334807034,0.02868461164112121,-30.84702051246525,-4.954556334807034,0.9714981576396208,-0.25116037329025365,-6.531585658085046
7123123123.123123,0.9721593109958592,-0.24525119906559179,-12.795432905956618,0.02869288653103724,-30.84451518255838,-4.95885209662195,0.02869288653103724,-30.84451518255838,-4.95885209662195,0.971526488864401,-0.2509070755338797,-6.536271896245655
7129129129.129129,0.9721783185417582,-0.2450813752207344,-12.799967233752415,0.028699625402201168,-30.842475435925504,-4.963141820419925,0.028699625402201168,-30.842475435925504,-4.963141820419925,0.9715542072594713,-0.25065926398284977,-6.540944170416605
7135135135.135136,0.9721969090225581,-0.24491528087612213,-12.804489672853983,0.028704874375569185,-30.840886988898134,-4.967425384246321,0.028704874375569185,-30.840886988898134,-4.967425384246321,0.9715813272897242,-0.2504168088523813,-6.545602646910762
7141141141.141142,0.972215091446457,-0.24475283533751685,-12.809000345760055,0.028708678216254363,-30.839736050175514,-4.971702674907106,0.028708678216254363,-30.839736050175514,-4.971702674907106,0.9716078630082524,-0.25017958406359847,-6.55024748855735
7147147147.147147,0.972232874587181,-0.24459396001614114,-12.813499372670304,0.028711080377966977,-30.83900929994,-4.975973587446244,0.028711080377966977,-30.83900929994,-4.975973587446244,0.9716338280707713,-0.24994746711331595,-6.554878854798704
7153153153.153153,0.9722502669917665,-0.2444385783586258,-12.817986871544065,0.028712123045818515,-30.838693870031925,-4.9802380246566695,0.028712123045818515,-30.838693870031925,-4.9802380246566695,0.971659235749413,-0.24972033894951678,-6.559496901783781
7159159159.159159,0.972267276988008,-0.24428661577998184,-12.82246295815721,0.02871184717755699,-30.83877732512098,-4.984495896622391,0.02871184717755699,-30.83877732512098,-4.984495896622391,0.9716840989459783,-0.24949808385174643,-6.564101782458525
7165165165.165165,0.9722839126916181,-0.24413799959915894,-12.826927746157256,0.028710292543297038,-30.839247644815728,-4.988747120289567,0.028710292543297038,-30.839247644815728,-4.988747120289567,0.971708430204627,-0.24928058931657732,-6.568693646653256
7171171171.171171,0.9723001820130934,-0.24399265897726524,-12.831381347116785,0.0287074977638054,-30.84009320665698,-4.9929916190645365,0.0287074977638054,-30.84009320665698,-4.9929916190645365,0.9717322417240779,-0.24906774594753345,-6.573272641167152
7177177177.177177,0.9723160926643206,-0.24385052485812636,-12.835823870585175,0.028703500347400223,-30.841302769943848,-4.997229322436891,0.028703500347400223,-30.841302769943848,-4.997229322436891,0.9717555453692792,-0.24885944734978854,-6.577838909849963
7183183183.183184,0.9723316521649071,-0.2437115299113242,-12.840255424138796,0.02869833672552025,-30.842865460345067,-5.0014601656259146,0.02869833672552025,-30.842865460345067,-5.0014601656259146,0.9717783526826486,-0.24865559002877702,-6.582392593681063
7189189189.18919,0.9723468678482752,-0.24357560847737494,-12.844676113429635,0.028692042287016443,-30.8447707552512,-5.005684089248755,0.028692042287016443,-30.8447707552512,-5.005684089248755,0.9718006748948401,-0.24845607329307365,-6.586933830845926
7195195195.195195,0.9723617468675141,-0.2434426965150826,-12.84908604223248,0.028684651411217815,-30.84700846982598,-5.009901039008881,0.028684651411217815,-30.84700846982598,-5.009901039008881,0.971822522935095,-0.248260799161049,-6.591462756810141
7201201201.201201,0.9723762962010127,-0.2433127315508763,-12.853485312490667,0.028676197499819343,-30.849568743718116,-5.014110965403452,0.028676197499819343,-30.849568743718116,-5.014110965403452,0.9718439074411792,-0.2480696722712526,-6.595979504391045
7207207207.207207,0.9723905226578697,-0.2431856526301496,-12.857874024360463,0.028666713007639375,-30.852442028396915,-5.0183138234483256,0.028666713007639375,-30.852442028396915,-5.0183138234483256,0.9718648387689329,-0.24788259979631677,-6.600484203827084
7213213213.213213,0.9724044328831032,-0.24306140027040735,-12.862252276254125,0.028656229472290358,-30.855619075077847,-5.022509572419571,0.028656229472290358,-30.855619075077847,-5.022509572419571,0.9718853270014598,-0.24769949136011146,-6.6049769828449545
7219219219.219219,0.9724180333626551,-0.2429399164162615,-12.866620164881695,0.028644777542806598,-30.85909092320565,-5.026698175610357,0.028644777542806598,-30.85909092320565,-5.026698175610357,0.9719053819579327,-0.24752025895836832,-6.609457966724632
7225225225.225225,0.972431330428223,-0.24282114439598518,-12.870977785291558,0.028632387007268504,-30.86284888946549,-5.0308796001022404,0.028632387007268504,-30.86284888946549,-5.0308796001022404,0.9719250132020939,-0.24734481688207188,-6.613927278362373
7231231231.231232,0.9724443302619007,-0.24270502887978937,-12.875325230909802,0.028619086819463815,-30.86688455729353,-5.03505381654993,0.028619086819463815,-30.86688455729353,-5.03505381654993,0.9719442300504071,-0.24717308164398982,-6.618385038331731
7237237237.237238,0.9724570389006412,-0.24259151583969218,-12.879662593578468,0.028604905124622253,-30.87118976686076,-5.039220798978625,0.028604905124622253,-30.87118976686076,-5.039220798978625,0.9719630415799057,-0.24700497190795717,-6.622831364942694
7243243243.243243,0.9724694622405752,-0.2424805525107015,-12.883989963592654,0.028589869284260116,-30.875756605505007,-5.04338052459315,0.028589869284260116,-30.875756605505007,-5.04338052459315,0.9719814566357551,-0.2468404084207398,-6.627266374298984
7249249249.249249,0.9724816060411552,-0.24237208735356086,-12.888307429736582,0.028574005900168273,-30.880577398588066,-5.047532973598143,0.028574005900168273,-30.880577398588066,-5.047532973598143,0.9719994838385091,-0.24667931394666467,-6.631690180353614
7255255255.255255,0.9724934759291546,-0.24226607001880326,-12.892615079318599,0.028557340837577473,-30.88564470075565,-5.051678129028576,0.028557340837577473,-30.88564470075565,-5.051678129028576,0.9720171315911164,-0.24652161320450622,-6.636102894962725
7261261261.261261,0.9725050774025233,-0.24216245131209668,-12.896912998205234,0.028539899247531725,-30.89095128757968,-5.055815976589985,0.028539899247531725,-30.89095128757968,-5.055815976589985,0.9720344080856589,-0.24636723280679523,-6.640504627937822
7267267267.267267,0.9725164158341081,-0.2420611831608116,-12.901201270854237,0.028521705588499983,-30.896490147563426,-5.05994650450779,0.028521705588499983,-30.896490147563426,-5.05994650450779,0.9720513213098325,-0.24621610120145662,-6.644895487096395
7273273273.273273,0.9725274964752322,-0.24196221858184774,-12.905479980346726,0.0285027836472552,-30.9022544744912,-5.064069703385153,0.0285027836472552,-30.9022544744912,-5.064069703385153,0.9720678790532105,-0.24606814861540857,-6.649275578311051
7279279279.27928,0.9725383244591567,-0.24186551165053513,-12.909749208418415,0.02848315655904863,-30.90823766010515,-5.068185566068844,0.02848315655904863,-30.90823766010515,-5.068185566068844,0.9720840889132554,-0.24592330700043016,-6.6536450055571565
7285285285.285286,0.9725489048044185,-0.2417710174706393,-12.914009035489977,0.028462846827105277,-30.914433287093125,-5.0722940875226366,0.028462846827105277,-30.914433287093125,-5.0722940875226366,0.972099958301131,-0.24578150998084,-6.658003870959076
7291291291.291291,0.9725592424180489,-0.2416786921454443,-12.91825954069657,0.028441876341466516,-30.9208351223721,-5.076395264707761,0.028441876341466516,-30.9208351223721,-5.076395264707761,0.9721154944472933,-0.24564269280316756,-6.66235227483504
7297297297.2972975,0.9725693420986846,-0.24158849274980487,-12.922500801916549,0.028420266397204057,-30.927437110652697,-5.0804890964700045,0.028420266397204057,-30.927437110652697,-5.0804890964700045,0.9721307044068864,-0.24550679228757852,-6.666690315740695
7303303303.303303,0.9725792085395697,-0.24150037730317653,-12.926732895799388,0.0283980377120289,-30.934233368271016,-5.084575583433051,0.0283980377120289,-30.934233368271016,-5.084575583433051,0.9721455950649464,-0.245373746781048,-6.671018090511371
7309309309.309309,0.9725888463314515,-0.24141430474360417,-12.930955897792842,0.02837521044331676,-30.94121817727523,-5.088654727897706,0.02837521044331676,-30.94121817727523,-5.088654727897706,0.9721601731414155,-0.2452434961122296,-6.6753356943031354
7315315315.315315,0.9725982599653895,-0.24133023490249245,-12.935169882169369,0.02835180420457295,-30.948385979754182,-5.092726533746621,0.02835180420457295,-30.948385979754182,-5.092726533746621,0.9721744451959881,-0.24511598154785452,-6.679643220632641
7321321321.3213215,0.972607453835454,-0.24124812848036872,-12.939374922051854,0.028327838081356336,-30.95573137239684,-5.096791006354252,0.028327838081356336,-30.95573137239684,-5.096791006354252,0.9721884176327728,-0.24499114575078296,-6.68394076141584
7327327327.327328,0.9726164322413461,-0.24116794702335165,-12.943571089438626,0.028303330646682053,-30.96324910127168,-5.100848152501688,0.028303330646682053,-30.96324910127168,-5.100848152501688,0.9722020967048124,-0.2448689327393397,-6.688228407005576
7333333333.333334,0.9726251993909225,-0.24108965290047926,-12.94775845522781,0.028278299975922756,-30.970934056815462,-5.104897980296103,0.028278299975922756,-30.970934056815462,-5.104897980296103,0.9722154885184269,-0.24474928784824768,-6.692506246228121
7339339339.339339,0.9726337594026475,-0.24101320928169187,-12.951937089241035,0.028252763661226244,-30.978781269021734,-5.1089404990945555,0.028252763661226244,-30.978781269021734,-5.1089404990945555,0.9722285990374178,-0.24463215769080768,-6.696774366418654
7345345345.3453455,0.9726421163079487,-0.24093858011667846,-12.956107060246529,0.02822673882546651,-30.986785902819967,-5.112975719431874,0.02822673882546651,-30.986785902819967,-5.112975719431874,0.9722414340871277,-0.24451749012238838,-6.701032853455761
7351351351.351351,0.9726502740535106,-0.24086573011428594,-12.960268435981583,0.028200242135746,-30.994943253636254,-5.11700365295242,0.028200242135746,-30.994943253636254,-5.11700365295242,0.9722539993583573,-0.24440523420520072,-6.705281791794949
7357357357.357357,0.97265823650348,-0.24079462472271582,-12.964421283174438,0.028173289816464178,-31.003248743127585,-5.121024312345481,0.028173289816464178,-31.003248743127585,-5.121024312345481,0.9722663004111544,-0.24429534017422438,-6.709521264501235
7363363363.363363,0.9726660074416213,-0.24072523011018268,-12.968565667565608,0.02814589766196878,-31.01169791508157,-5.125037711284105,0.02814589766196878,-31.01169791508157,-5.125037711284105,0.9722783426784697,-0.24418775940433457,-6.71375135328082
7369369369.3693695,0.9726735905733669,-0.2406575131465017,-12.972701653928638,0.02811808104880415,-31.020286431474275,-5.129043864367179,0.02811808104880415,-31.020286431474275,-5.129043864367179,0.9722901314696967,-0.24408244437848042,-6.717972138511897
7375375375.375376,0.9726809895278462,-0.24059144138487826,-12.976829306090348,0.028089854947570752,-31.0290100686792,-5.133042787064563,0.028089854947570752,-31.0290100686792,-5.133042787064563,0.9723016719740858,-0.24397934865698745,-6.722183699274598
7381381381.381382,0.9726882078598151,-0.2405269830445925,-12.980948686950526,0.028061233934410318,-31.037864713820383,-5.137034495665139,0.028061233934410318,-31.037864713820383,-5.137034495665139,0.9723129692640513,-0.2438784268478332,-6.72638611338014
7387387387.387387,0.9726952490515368,-0.24046410699411727,-12.985059858501153,0.02803223220212942,-31.046846361263505,-5.141019007227543,0.02803223220212942,-31.046846361263505,-5.141019007227543,0.9723240282983691,-0.24377963457790416,-6.730579457399144
7393393393.3933935,0.9727021165146146,-0.2404027827346698,-12.989162881845115,0.02800286357097351,-31.055951109239007,-5.144996339533545,0.02800286357097351,-31.055951109239007,-5.144996339533545,0.9723348539252619,-0.24368292846526476,-6.734763806689236
7399399399.399399,0.9727088135917452,-0.24034298038447807,-12.993257817214456,0.02797314149906545,-31.06517515659098,-5.148966511043805,0.02797314149906545,-31.06517515659098,-5.148966511043805,0.9723454508853935,-0.24358826609225115,-6.738939235421847
7405405405.405405,0.9727153435584391,-0.2402846706633456,-12.997344723988164,0.027943079092517597,-31.074514799647158,-5.152929540855978,0.027943079092517597,-31.074514799647158,-5.152929540855978,0.9723558238147625,-0.24349560597946607,-6.743105816608333
7411411411.411411,0.972721709624675,-0.2402278248778058,-13.001423660709513,0.027912689115231742,-31.083966429203947,-5.156885448664976,0.027912689115231742,-31.083966429203947,-5.156885448664976,0.9723659772474973,-0.24340490756066435,-6.747263622125382
7417417417.417418,0.9727279149365088,-0.2401724149066834,-13.005494685102981,0.027881983998394838,-31.093526527622302,-5.160834254725312,0.027881983998394838,-31.093526527622302,-5.160834254725312,0.9723759156185667,-0.24331613115839862,-6.751412722739747
7423423423.423424,0.9727339625776295,-0.2401184131871411,-13.009557854090733,0.027850975849683424,-31.10319166602919,-5.16477597981538,0.027850975849683424,-31.10319166602919,-5.16477597981538,0.9723856432664111,-0.24322923796038298,-6.755553188132319
7429429429.42943,0.9727398555708779,-0.2400657927010498,-13.01361322380872,0.027819676462184664,-31.1129585016206,-5.168710645203586,0.027819676462184664,-31.1129585016206,-5.168710645203586,0.9723951644354631,-0.24314418999684412,-6.75968508692158
7435435435.435435,0.9727455968797045,-0.24001452696191716,-13.017660849622356,0.027788097323045588,-31.122823775061434,-5.172638272616243,0.027788097323045588,-31.122823775061434,-5.172638272616243,0.9724044832786303,-0.24306095011822748,-6.763808486686417
7441441441.441442,0.9727511894095965,-0.23996459000208084,-13.021700786141835,0.02775624962185817,-31.13278430797862,-5.176558884207103,0.02775624962185817,-31.13278430797862,-5.176558884207103,0.9724136038596558,-0.2429794819739858,-6.767923453988372
7447447447.447447,0.9727566360094599,-0.23991595636031524,-13.02573308723706,0.02772414425879038,-31.14283700054329,-5.18047250252846,0.02772414425879038,-31.14283700054329,-5.18047250252846,0.9724225301554391,-0.24289974999174316,-6.772030054393281
7453453453.453453,0.9727619394729546,-0.23986860106985944,-13.029757806052217,0.027691791852470858,-31.152978829138554,-5.184379150503759,0.027691791852470858,-31.152978829138554,-5.184379150503759,0.9724312660582682,-0.24282171935724417,-6.77612835249238
7459459459.459459,0.9727671025397993,-0.23982249964671132,-13.033774995020007,0.02765920274763649,-31.163206844109126,-5.188278851401584,0.02765920274763649,-31.163206844109126,-5.188278851401584,0.9724398153779814,-0.24274535599494382,-6.78021841192285
7465465465.465466,0.9727721278970285,-0.23977762807835407,-13.03778470587551,0.027626387022550016,-31.173518167589755,-5.192171628811005,0.027626387022550016,-31.173518167589755,-5.192171628811005,0.9724481818440709,-0.24267062654911647,-6.784300295387847
7471471471.471472,0.9727770181802221,-0.2397339628127355,-13.041786989669742,0.027593354496195398,-31.18390999140911,-5.196057506618173,0.027593354496195398,-31.18390999140911,-5.196057506618173,0.9724563691077176,-0.24259749836558822,-6.7883740646760105
7477477477.477478,0.9727817759746957,-0.2396914807475903,-13.045781896782888,0.02756011473525943,-31.194379575065938,-5.199936508984123,0.02756011473525943,-31.194379575065938,-5.199936508984123,0.9724643807437644,-0.24252593947402049,-6.792439780680487
7483483483.483484,0.972786403816655,-0.23965015922009145,-13.049769476937207,0.027526677060904944,-31.20492424377496,-5.203808660323727,0.027526677060904944,-31.20492424377496,-5.203808660323727,0.9724722202526258,-0.24245591857076604,-6.796497503417473
7489489489.48949,0.9727909041943198,-0.23960997599677286,-13.053749779209648,0.027493050555344043,-31.21554138657943,-5.207673985285682,0.027493050555344043,-31.21554138657943,-5.207673985285682,0.9724798910621479,-0.24238740500217318,-6.80054729204427
7495495495.495496,0.972795279549015,-0.2395709092637464,-13.057722852044158,0.027459244068217113,-31.22622845452777,-5.2115325087335895,0.027459244068217113,-31.22622845452777,-5.2115325087335895,0.9724873965294026,-0.24232036874848126,-6.804589204876926
7501501501.501501,0.9727995322762325,-0.2395329376171862,-13.061688743263716,0.027425266222784253,-31.236982958911888,-5.21538425572794,0.027425266222784253,-31.236982958911888,-5.21538425572794,0.9724947399424406,-0.24225478040808585,-6.808623299407396
7507507507.507507,0.9728036647266591,-0.2394960400541108,-13.065647500082074,0.027391125421934958,-31.247802469564753,-5.219229251509069,0.027391125421934958,-31.247802469564753,-5.219229251509069,0.9725019245219815,-0.24219061118237128,-6.812649632320306
7513513513.513514,0.9728076792071818,-0.23946019596337517,-13.069599169115236,0.02735682985402288,-31.258684613214584,-5.223067521480953,0.02735682985402288,-31.258684613214584,-5.223067521480953,0.9725089534230515,-0.24212783286101164,-6.816668259509292
7519519519.51952,0.9728115779818628,-0.23942538511692854,-13.073543796392665,0.02732238749853009,-31.26962707189401,-5.226899091195865,0.02732238749853009,-31.26962707189401,-5.226899091195865,0.9725158297365908,-0.24206641780755225,-6.820679236092935
7525525525.525526,0.9728153632728804,-0.2393915876613835,-13.07748142736824,0.02728780613156705,-31.28062758140173,-5.230723986339806,0.02728780613156705,-31.28062758140173,-5.230723986339806,0.972522556490994,-0.24200633894557996,-6.824682616430306
7531531531.531532,0.9728190372614584,-0.23935878410968783,-13.081412106930955,0.027253093331213896,-31.291683929814653,-5.23454223271867,0.027253093331213896,-31.291683929814653,-5.23454223271867,0.972529136653615,-0.24194756974522583,-6.828678454136139
7537537537.537538,0.9728226020887581,-0.2393269553331253,-13.085335879415386,0.027218256482707405,-31.302793956048763,-5.238353856245164,0.027218256482707405,-31.302793956048763,-5.238353856245164,0.9725355731322302,-0.24189008421003685,-6.832666802095625
7543543543.543544,0.9728260598567495,-0.23929608255351756,-13.089252788611905,0.027183302783479007,-31.31395554846683,-5.24215888292636,0.027183302783479007,-31.31395554846683,-5.24215888292636,0.9725418687764503,-0.24183385686430872,-6.836647712478861
7549549549.549549,0.9728294126290646,-0.2392661473355692,-13.093162877776681,0.02714823924804865,-31.325166643531045,-5.245957338851919,0.02714823924804865,-31.325166643531045,-5.245957338851919,0.9725480263791054,-0.24177886274066374,-6.840621236754937
7555555555.555555,0.972832662431817,-0.23923713157952992,-13.097066189641442,0.027113072712778886,-31.336425224499123,-5.249749250182908,0.027113072712778886,-31.336425224499123,-5.249749250182908,0.9725540486775726,-0.24172507736813856,-6.844587425705698
7561561561.561562,0.9728358112544091,-0.23920901751395826,-13.10096276642303,0.0270778098404936,-31.347729320162113,-5.2535346431412115,0.0270778098404936,-31.347729320162113,-5.2535346431412115,0.9725599383550859,-0.24167247676043532,-6.848546329439169
7567567567.567568,0.9728388610503138,-0.23918178768872178,-13.104852649832727,0.027042457124965905,-31.359077003622406,-5.257313543999488,0.027042457124965905,-31.359077003622406,-5.257313543999488,0.9725656980419911,-0.241621037404671,-6.852497997402666
7573573573.573574,0.972841813737836,-0.23915542496817319,-13.108735881085403,0.027007020895279316,-31.370466391110405,-5.261085979071657,0.027007020895279316,-31.370466391110405,-5.261085979071657,0.9725713303169775,-0.24157073625032557,-6.856442478395594
7579579579.57958,0.9728446712008543,-0.23912991252450455,-13.112612500908428,0.026971507320065542,-31.38189564083863,-5.264851974703872,0.026971507320065542,-31.38189564083863,-5.264851974703872,0.9725768377082703,-0.24152155069855188,-6.86037982058194
7585585585.585586,0.9728474352895421,-0.23910523383129076,-13.116482549550414,0.026935922411623802,-31.39336295189161,-5.268611557265989,0.026935922411623802,-31.39336295189161,-5.268611557265989,0.972582222694788,-0.24147345859179573,-6.86431007150249
7591591591.591592,0.9728501078210743,-0.23908137265715806,-13.12034606678975,0.026900272029924375,-31.404866563150566,-5.272364753143472,0.026900272029924375,-31.404866563150566,-5.272364753143472,0.9725874877072714,-0.24142643820367254,-6.868233278086735
7597597597.597597,0.9728526905803077,-0.23905831305968903,-13.124203091942963,0.026864561886500816,-31.416404752251267,-5.276111588729726,0.026864561886500816,-31.416404752251267,-5.276111588729726,0.9725926351293809,-0.2413804682291305,-6.872149486664521
7603603603.603603,0.9728551853204543,-0.23903603937939183,-13.12805366387289,0.026828797548233266,-31.42797583457437,-5.2798520904188555,0.026828797548233266,-31.42797583457437,-5.2798520904188555,0.9725976672987596,-0.24133552777491438,-6.876058742977418
7609609609.60961,0.9728575937637244,-0.23901453623394506,-13.13189782099667,0.026792984441027682,-31.439578162266454,-5.283586284598793,0.026792984441027682,-31.439578162266454,-5.283586284598793,0.972602586508074,-0.24129159635024244,-6.879961092189827
7615615615.615616,0.9728599176019697,-0.23899378851243125,-13.135735601293568,0.026757127853392425,-31.45121012329133,-5.287314197644813,0.026757127853392425,-31.45121012329133,-5.287314197644813,0.972607395006018,-0.24124865385779815,-6.883856578899841
7621621621.621622,0.9728621584972942,-0.23897378136987127,-13.139567042312642,0.026721232939916892,-31.46287014050995,-5.291035855913378,0.026721232939916892,-31.46287014050995,-5.291035855913378,0.9726120949982998,-0.24120668058489048,-6.887745247149847
7627627627.627628,0.9728643180826585,-0.23895450022181247,-13.143392181180227,0.026685304724654302,-31.474556670788353,-5.2947512857363535,0.026685304724654302,-31.474556670788353,-5.2947512857363535,0.9726166886485922,-0.2411656571949315,-6.891627140436894
7633633633.633634,0.9728663979624705,-0.23893593073903785,-13.147211054607263,0.0266493481044116,-31.486268204132465,-5.298460513415504,0.0266493481044116,-31.486268204132465,-5.298460513415504,0.9726211780794629,-0.2411255647190982,-6.895502301722817
7639639639.63964,0.9728683997131505,-0.23891805884250794,-13.151023698896495,0.026613367851950082,-31.498003262848748,-5.302163565217323,0.026613367851950082,-31.498003262848748,-5.302163565217323,0.9726255653732807,-0.24108638454821293,-6.899370773444143
7645645645.645645,0.9728703248836975,-0.23890087069828886,-13.154830149949476,0.02657736861909813,-31.50976040073005,-5.305860467368131,0.02657736861909813,-31.50976040073005,-5.305860467368131,0.972629852573093,-0.24104809842487696,-6.903232597521766
7651651651.651651,0.9728721749962289,-0.23888435271272115,-13.158630443273452,0.026541354939779986,-31.521538202265532,-5.309551246049464,0.026541354939779986,-31.521538202265532,-5.309551246049464,0.9726340416834867,-0.2410106884357555,-6.9070878153704065
7657657657.657658,0.9728739515465138,-0.23886849152764622,-13.162424613988112,0.02650533123296218,-31.533335281874017,-5.313235927393718,0.02650533123296218,-31.533335281874017,-5.313235927393718,0.9726381346714159,-0.24097413700416093,-6.910936467907863
7663663663.663664,0.9728756560044909,-0.23885327401576872,-13.166212696832158,0.026469301805520616,-31.545150283159874,-5.316914537480042,0.026469301805520616,-31.545150283159874,-5.316914537480042,0.9726421334670217,-0.24093842688270878,-6.9147785955640595
7669669669.66967,0.9728772898147723,-0.23883868727614774,-13.169994726169785,0.026433270855030423,-31.556981878190676,-5.3205871023304665,0.026433270855030423,-31.556981878190676,-5.3205871023304665,0.9726460399644212,-0.24090354114624316,-6.918614238289878
7675675675.675676,0.9728788543971405,-0.23882471862974725,-13.173770735996985,0.02639724247248112,-31.56882876679591,-5.324253647906273,0.02639724247248112,-31.56882876679591,-5.324253647906273,0.9726498560224732,-0.2408694631849823,-6.922443435565816
7681681681.681682,0.9728803511470271,-0.2388113556151526,-13.177540759947757,0.026361220644918634,-31.580689675886152,-5.32791420010456,0.026361220644918634,-31.580689675886152,-5.32791420010456,0.9726535834655359,-0.2408361766977257,-6.9262662264104415
7687687687.687688,0.9728817814359831,-0.23879858598435882,-13.181304831300162,0.026325209258017443,-31.592563358791725,-5.331568784755028,0.026325209258017443,-31.592563358791725,-5.331568784755028,0.9726572240841956,-0.24080366568532574,-6.930082649388668
7693693693.693693,0.9728831466121374,-0.238786397698671,-13.18506298298227,0.026289212098583987,-31.604448594620468,-5.335217427616952,0.026289212098583987,-31.604448594620468,-5.335217427616952,0.9726607796359771,-0.24077191444432863,-6.933892742619844
7699699699.699699,0.9728844480006463,-0.23877477892467525,-13.188815247577974,0.026253232856993505,-31.616344187633942,-5.3388601543763485,0.026253232856993505,-31.616344187633942,-5.3388601543763485,0.9726642518460413,-0.2407409075607177,-6.937696543785676
7705705705.705706,0.9728856869041312,-0.23876371803032898,-13.192561657332707,0.02621727512956297,-31.628248966641202,-5.342496990643311,0.02621727512956297,-31.628248966641202,-5.342496990643311,0.9726676424078595,-0.24071062990388095,-6.941494090137965
7711711711.711712,0.972886864603101,-0.23875320358117555,-13.196302244159014,0.026181342420860648,-31.64016178441007,-5.346127961949525,0.026181342420860648,-31.64016178441007,-5.346127961949525,0.9726709529838764,-0.24068106662066724,-6.945285418506192
7717717717.717718,0.9728879823563741,-0.23874322433657028,-13.20003703964203,0.026145438145955727,-31.652081517094672,-5.3497530937459326,0.026145438145955727,-31.652081517094672,-5.3497530937459326,0.9726741852061476,-0.2406522031296785,-6.949070565304932
7723723723.723724,0.9728890414014839,-0.23873376924605028,-13.20376607504485,0.0261095656326084,-31.664007063679335,-5.353372411400564,0.0261095656326084,-31.664007063679335,-5.353372411400564,0.9726773406769724,-0.24062402511560116,-6.9528495665411105
7729729729.72973,0.9728900429550754,-0.238724827445789,-13.20748938131379,0.0260737281234027,-31.675937345437973,-5.356985940196497,0.0260737281234027,-31.675937345437973,-5.356985940196497,0.9726804209695034,-0.2405965185237504,-6.95662245782111
7735735735.735736,0.9728909882132966,-0.238716388255092,-13.211206989083522,0.026037928777823984,-31.687871305408457,-5.360593705329981,0.026037928777823984,-31.687871305408457,-5.360593705329981,0.9726834276283381,-0.24056966955476483,-6.960389274357719
7741741741.741741,0.9728918783521749,-0.23870844117302742,-13.21491892868214,0.026002170674282128,-31.69980790788163,-5.364195731908669,0.026002170674282128,-31.69980790788163,-5.364195731908669,0.972686362170104,-0.24054346465937704,-6.9641500509769365
7747747747.747747,0.972892714527992,-0.23870097587507888,-13.218625230136109,0.025966456812082504,-31.71174613790436,-5.367792044949992,0.025966456812082504,-31.71174613790436,-5.367792044949992,0.9726892260840282,-0.2405178905333018,-6.967904822124636
7753753753.753754,0.9728934978776415,-0.23869398220993726,-13.222325923175108,0.025930790113345453,-31.723685000796408,-5.371382669379641,0.025930790113345453,-31.723685000796408,-5.371382669379641,0.9726920208324836,-0.24049293411235492,-6.971653621873084
7759759759.75976,0.9728942295189899,-0.2386874501962779,-13.226021037236798,0.02589517342487686,-31.735623521680317,-5.3749676300301905,0.02589517342487686,-31.735623521680317,-5.3749676300301905,0.9726947478515345,-0.24046858256756354,-6.975396483927332
7765765765.765766,0.9728949105512169,-0.23868137001971365,-13.229710601471483,0.02585960951999018,-31.747560745024256,-5.378546951639782,0.02585960951999018,-31.747560745024256,-5.378546951639782,0.9726974085514597,-0.24044482330048322,-6.979133441631461
7771771771.771772,0.972895542055154,-0.23867573202976805,-13.23339464474668,0.025824101100281868,-31.759495734197195,-5.382120658850976,0.025824101100281868,-31.759495734197195,-5.382120658850976,0.9727000043172653,-0.2404216439386059,-6.982864527974712
7777777777.777778,0.9728961250936251,-0.23867052673682754,-13.237073195651604,0.025788650797361232,-31.771427571036153,-5.385688776209641,0.025788650797361232,-31.771427571036153,-5.385688776209641,0.9727025365091917,-0.24039903233082477,-6.986589775597477
7783783783.783784,0.9728966607117568,-0.238665744809364,-13.240746282501576,0.025753261174536395,-31.783355355425012,-5.389251328163984,0.025753261174536395,-31.783355355425012,-5.389251328163984,0.9727050064631958,-0.24037697654311257,-6.990309216797177
7789789789.789789,0.9728971499373041,-0.2386613770710264,-13.24441393334232,0.025717934728456904,-31.79527820488472,-5.392808339063637,0.025717934728456904,-31.79527820488472,-5.392808339063637,0.9727074154914302,-0.24035546485423542,-6.994022883534005
7795795795.795795,0.9728975937809554,-0.23865741449790917,-13.248076175954203,0.025682673890715157,-31.807195254174275,-5.396359833158864,0.025682673890715157,-31.807195254174275,-5.396359833158864,0.972709764882714,-0.24033448575153904,-6.9977308074365725
7801801801.801802,0.9728979932366395,-0.23865384821580798,-13.251733037856386,0.02564748102940684,-31.819105654902458,-5.399905834599807,0.02564748102940684,-31.819105654902458,-5.399905834599807,0.9727120559029822,-0.24031402792692202,-7.001433019807422
7807807807.807808,0.9728983492818166,-0.23865066949761735,-13.255384546310882,0.0256123584506519,-31.831008575149802,-5.403446367435852,0.0256123584506519,-31.831008575149802,-5.403446367435852,0.9727142897957333,-0.24029408027283342,-7.0051295516284355
7813813813.813814,0.9728986628777726,-0.2386478697606997,-13.259030728326564,0.025577308400077846,-31.84290319910035,-5.40698145561504,0.025577308400077846,-31.84290319910035,-5.40698145561504,0.9727164677824613,-0.24027463187840495,-7.008820433566135
7819819819.81982,0.9728989349699003,-0.23864544056436873,-13.26267161066307,0.02554233306426486,-31.85478872668334,-5.410511122983556,0.02554233306426486,-31.85478872668334,-5.410511122983556,0.9727185910630802,-0.2402556720256539,-7.012505695976874
7825825825.825826,0.972899166487976,-0.23864337360741844,-13.266307219834648,0.025507434572155218,-31.866664373224104,-5.4140353932853,0.025507434572155218,-31.866664373224104,-5.4140353932853,0.972720660816339,-0.24023719018576456,-7.016185368911923
7831831831.831832,0.9728993583464335,-0.23864166072567217,-13.26993758211393,0.02547261499642756,-31.878529369103976,-5.417554290161496,0.02547261499642756,-31.878529369103976,-5.417554290161496,0.972722678200224,-0.2402191760154921,-7.019859482122459
7837837837.837837,0.972899511444626,-0.2386402938896388,-13.27356272353563,0.025437876354836443,-31.890382959429164,-5.421067837150377,0.025437876354836443,-31.890382959429164,-5.421067837150377,0.9727246443523556,-0.24020161935360843,-7.023528065064444
7843843843.843843,0.9728996266670923,-0.23863926520213868,-13.277182669900174,0.025403220611518788,-31.90222440370812,-5.424576057686937,0.025403220611518788,-31.90222440370812,-5.424576057686937,0.9727265603903718,-0.24018451021747597,-7.027191146903427
7849849849.84985,0.9728997048838025,-0.23863856689609883,-13.280797446777266,0.02536864967826815,-31.91405297553708,-5.4280789751027125,0.02536864967826815,-31.91405297553708,-5.4280789751027125,0.9727284274123069,-0.24016783879965098,-7.030848756519227
7855855855.855856,0.9728997469504137,-0.23863819133227396,-13.284407079509378,0.025334165415776835,-31.925867962293854,-5.431576612625635,0.025334165415776835,-31.925867962293854,-5.431576612625635,0.9727302464969596,-0.24015159546459847,-7.034500922510538
7861861861.861862,0.9728997537085138,-0.2386381309970632,-13.288011593215188,0.025299769634847948,-31.937668664839247,-5.4350689933799385,0.025299769634847948,-31.937668664839247,-5.4350689933799385,0.9727320187042533,-0.24013577074546189,-7.038147673199442
7867867867.867868,0.9728997259858531,-0.23863837850044065,-13.291611012792945,0.025265464097577104,-31.949454397226177,-5.438556140386086,0.025265464097577104,-31.949454397226177,-5.438556140386086,0.9727337450755869,-0.24012035534092818,-7.041789036635831
7873873873.873875,0.9728996645965892,-0.23863892657376592,-13.295205362923785,0.02523125051850544,-31.96122448641606,-5.442038076560778,0.02523125051850544,-31.96122448641606,-5.442038076560778,0.9727354266341782,-0.24010534011215254,-7.045425040601748
7879879879.87988,0.9728995703415044,-0.2386397680678411,-13.298794668074962,0.025197130565744113,-31.97297827200238,-5.445514824716973,0.025197130565744113,-31.97297827200238,-5.445514824716973,0.9727370643854033,-0.2400907160797272,-7.049055712615626
7885885885.885886,0.9728994440082408,-0.2386408959508109,-13.302378952503044,0.02516310586207131,-31.984715105941245,-5.448986407563975,0.02516310586207131,-31.984715105941245,-5.448986407563975,0.9727386593171212,-0.24007647442077118,-7.052681079936478
7891891891.8918915,0.972899286371511,-0.23864230330627517,-13.30595824025705,0.0251291779860027,-31.996434352288517,-5.452452847707521,0.0251291779860027,-31.996434352288517,-5.452452847707521,0.9727402123999969,-0.24006260646604527,-7.056301169567967
7897897897.897898,0.9728990981933169,-0.23864398333133793,-13.309532555181505,0.025095348472835476,-32.0081353869437,-5.45591416764996,0.025095348472835476,-32.0081353869437,-5.45591416764996,0.9727417245878166,-0.24004910369712765,-7.059916008262429
7903903903.903904,0.9728988802231616,-0.23864592933470927,-13.313101920919468,0.025061618815667284,-32.01981759739998,-5.459370389790416,0.025061618815667284,-32.01981759739998,-5.459370389790416,0.9727431968177935,-0.2400359577436836,-7.063525622524802
7909909909.90991,0.9728986331982518,-0.23864813473490135,-13.316666360915491,0.025027990466390388,-32.031480382500554,-5.462821536425008,0.025027990466390388,-32.031480382500554,-5.462821536425008,0.972744630010868,-0.24002316038077753,-7.067130038616483
7915915915.915916,0.9728983578437057,-0.23865059305836403,-13.320225898418535,0.02499446483666177,-32.04312315220092,-5.466267629747112,0.02499446483666177,-32.04312315220092,-5.466267629747112,0.9727460250720043,-0.2400107035262186,-7.0707292825591175
7921921921.921923,0.9728980548727475,-0.23865329793775364,-13.323780556484813,0.02496104329884973,-32.054745327337,-5.469708691847616,0.02496104329884973,-32.054745327337,-5.469708691847616,0.9727473828904729,-0.2399985792380364,-7.074323380138307
7927927927.927928,0.9728977249868994,-0.23865624311021133,-13.32733035798061,0.024927727186957977,-32.06634633939889,-5.473144744715248,0.024927727186957977,-32.06634633939889,-5.473144744715248,0.9727487043401363,-0.23998677971192733,-7.077912356907258
7933933933.933934,0.9728973688761773,-0.2386594224156183,-13.330875325585033,0.02489451779752726,-32.077925630310105,-5.476575810236891,0.02489451779752726,-32.077925630310105,-5.476575810236891,0.9727499902797235,-0.23997529727879383,-7.081496238190348
7939939939.9399395,0.9728969872192736,-0.23866282979495848,-13.334415481792721,0.02486141639051529,-32.089482652212304,-5.480001910197961,0.02486141639051529,-32.089482652212304,-5.480001910197961,0.9727512415530962,-0.23996412440237058,-7.085075049086641
7945945945.945946,0.9728965806837422,-0.23866645928867092,-13.3379508489165,0.024828424190156222,-32.10101686725496,-5.483423066282765,0.024828424190156222,-32.10101686725496,-5.483423066282765,0.9727524589895165,-0.23995325367682577,-7.088648814473323
7951951951.951952,0.9728961499261737,-0.23867030503507747,-13.341481449090004,0.024795542385798744,-32.11252774739037,-5.486839300074936,0.024795542385798744,-32.11252774739037,-5.486839300074936,0.972753643403901,-0.23994267782448847,-7.092217559009079
7957957957.957958,0.9728956955923769,-0.23867436126876657,-13.345007304270228,0.024762772132724965,-32.12401477417332,-5.490250633057831,0.024762772132724965,-32.12401477417332,-5.490250633057831,0.9727547955970729,-0.23993238969359995,-7.095781307137409
7963963963.963964,0.9728952183175467,-0.23867862231909076,-13.348528436240063,0.024730114552949534,-32.13547743856569,-5.4936570866149905,0.024730114552949534,-32.13547743856569,-5.4936570866149905,0.9727559163560121,-0.23992238225607,-7.09934008308988
7969969969.969971,0.9728947187264342,-0.23868308260864673,-13.352044866610775,0.024697570735999704,-32.146915240745656,-5.497058682030611,0.024697570735999704,-32.146915240745656,-5.497058682030611,0.9727570064540975,-0.23991264860531597,-7.102893910889313
7975975975.975976,0.9728941974335125,-0.23868773665179557,-13.355556616824428,0.02466514173967723,-32.1583276899214,-5.500455440490019,0.02466514173967723,-32.1583276899214,-5.500455440490019,0.972758066651335,-0.2399031819542195,-7.106442814352931
7981981981.981982,0.9728936550431396,-0.23869257905320457,-13.359063708156286,0.02463282859080197,-32.169714304149224,-5.503847383080186,0.02463282859080197,-32.169714304149224,-5.503847383080186,0.9727590976946021,-0.23989397563294493,-7.109986817095416
7987987987.9879875,0.9728930921497161,-0.23869760450644284,-13.36256616171716,0.02460063228593839,-32.18107461015589,-5.507234530790225,0.02460063228593839,-32.18107461015589,-5.507234530790225,0.9727601003178629,-0.23988502308701237,-7.113525942531942
7993993993.993994,0.9728925093378419,-0.23870280779257594,-13.366063998455722,0.024568553792104455,-32.192408143165224,-5.510616904511943,0.024568553792104455,-32.192408143165224,-5.510616904511943,0.9727610752423964,-0.23987631787525707,-7.117060213881135
8000000000.0,0.9728919071824724,-0.23870818377877426,-13.369557239160777,0.0245365940474643,-32.2037144467287,-5.513994525040385,0.0245365940474643,-32.2037144467287,-5.513994525040385,0.9727620231770125,-0.2398678536679017,-7.120589654167982
8006006006.006006,0.9728912862490616,-0.23871372741703467,-13.373045904463483,0.024504753962004636,-32.2149930725599,-5.517367413074386,0.024504753962004636,-32.2149930725599,-5.517367413074386,0.9727629448182664,-0.23985962424463683,-7.124114286226688
8012012012.0120125,0.9728906470937179,-0.2387194337427872,-13.376530014839567,0.024473034418195146,-32.22624358037292,-5.520735589217157,0.024473034418195146,-32.22624358037292,-5.520735589217157,0.9727638408506627,-0.23985162349279568,-7.1276341327034896
8018018018.018019,0.9728899902633433,-0.23872529787365024,-13.380009590611461,0.024441436271633667,-32.237465537724475,-5.524099073976863,0.024441436271633667,-32.237465537724475,-5.524099073976863,0.9727647119468645,-0.23984384540548628,-7.1311492160594
8024024024.024024,0.9728893162957774,-0.23873131500815054,-13.383484651950436,0.024409960351676335,-32.24865851985956,-5.527457887767224,0.024409960351676335,-32.24865851985956,-5.527457887767224,0.9727655587678907,-0.2398362840798288,-7.134659558572924
8030030030.03003,0.9728886257199342,-0.23873748042449228,-13.386955218878681,0.02437860746205314,-32.2598221095607,-5.53081205090812,0.02437860746205314,-32.2598221095607,-5.53081205090812,0.9727663819633137,-0.23982893371518604,-7.138165182342708
8036036036.036036,0.9728879190559432,-0.2387437894793048,-13.390421311271346,0.024347378381468925,-32.27095589700071,-5.534161583626213,0.024347378381468925,-32.27095589700071,-5.534161583626213,0.9727671821714476,-0.23982178861148049,-7.141666109290155
8042042042.042042,0.9728871968152785,-0.23875023760648525,-13.393882948858575,0.024316273864191072,-32.282059479598615,-5.537506506055571,0.024316273864191072,-32.282059479598615,-5.537506506055571,0.972767960019542,-0.23981484316746723,-7.14516236116199
8048048048.048048,0.9728864595008956,-0.23875682031597717,-13.39734015122746,0.02428529464062292,-32.293132461879075,-5.540846838238304,0.02428529464062292,-32.293132461879075,-5.540846838238304,0.9727687161239621,-0.23980809187911772,-7.148653959532764
8054054054.054054,0.9728857076073516,-0.23876353319269827,-13.400792937824018,0.024254441417864574,-32.30417445533474,-5.544182600125207,0.024254441417864574,-32.30417445533474,-5.544182600125207,0.97276945109037,-0.23980152933800206,-7.152140925807352
8060060060.0600605,0.9728849416209455,-0.2387703718952865,-13.404241327955088,0.02422371488026055,-32.315185078291854,-5.5475138115764135,0.02422371488026055,-32.315185078291854,-5.5475138115764135,0.9727701655139017,-0.23979515022970951,-7.15562328122336
8066066066.066067,0.9728841620198305,-0.2387773321550973,-13.407685340790213,0.0241931156899346,-32.326163955778924,-5.5508404923620525,0.0241931156899346,-32.326163955778924,-5.5508404923620525,0.9727708599793431,-0.2397889493322705,-7.159101046853527
8072072072.072072,0.9728833692741415,-0.23878440977506454,-13.411124995363505,0.02416264448731308,-32.33711071939805,-5.554162662162912,0.02416264448731308,-32.33711071939805,-5.554162662162912,0.9727715350612974,-0.23978292151466346,-7.1625742436080575
8078078078.078078,0.9728825638461142,-0.23879160062863863,-13.414560310575457,0.024132301891635257,-32.34802500719949,-5.557480340571114,0.024132301891635257,-32.34802500719949,-5.557480340571114,0.9727721913243488,-0.23977706173535318,-7.166042892236941
8084084084.084084,0.9728817461902031,-0.23879890065872864,-13.417991305194743,0.02410208850145309,-32.35890646355865,-5.560793547090786,0.02410208850145309,-32.35890646355865,-5.560793547090786,0.9727728293232336,-0.23977136504075702,-7.169507013332208
8090090090.09009,0.9728809167531955,-0.23880630587668894,-13.421417997859967,0.024072004895118678,-32.369754739056084,-5.564102301138746,0.024072004895118678,-32.369754739056084,-5.564102301138746,0.9727734496029933,-0.2397658265638824,-7.172966627330149
8096096096.096096,0.972880075974328,-0.2388138123612784,-13.424840407081415,0.02404205163126133,-32.38056949035992,-5.567406622045189,0.02404205163126133,-32.38056949035992,-5.567406622045189,0.9727740526991355,-0.23976044152288337,-7.176421754513518
8102102102.102102,0.9728792242853959,-0.23882141625767989,-13.428258551242745,0.024012229249253385,-32.391350380111,-5.570706529054365,0.024012229249253385,-32.391350380111,-5.570706529054365,0.9727746391377857,-0.2397552052197094,-7.179872415013662
8108108108.1081085,0.9728783621108622,-0.2388291137765285,-13.431672448602667,0.023982538269665697,-32.402097076810456,-5.5740020413253,0.023982538269665697,-32.402097076810456,-5.5740020413253,0.9727752094358383,-0.23975011303875193,-7.183318628812649
8114114114.114115,0.9728774898679653,-0.2388369011929533,-13.4350821172966,0.023952979194712627,-32.41280925470982,-5.5772931779324635,0.023952979194712627,-32.41280925470982,-5.5772931779324635,0.9727757641011076,-0.23974516044549637,-7.186760415745331
8120120120.12012,0.9728766079668268,-0.23884477484560937,-13.438487575338293,0.023923552508687454,-32.423486593703316,-5.5805799578664965,0.023923552508687454,-32.423486593703316,-5.5805799578664965,0.9727763036324671,-0.23974034298527683,-7.190197795501393
8126126126.126126,0.9728757168105532,-0.23885273113577515,-13.441888840621417,0.023894258678387157,-32.43412877922283,-5.583862400034893,0.023894258678387157,-32.43412877922283,-5.583862400034893,0.9727768285199995,-0.23973565628194002,-7.193630787627357
8132132132.132132,0.9728748167953344,-0.23886076652646682,-13.445285930921145,0.023865098153528504,-32.444735502134805,-5.587140523262722,0.023865098153528504,-32.444735502134805,-5.587140523262722,0.9727773392451287,-0.23973109603665774,-7.197059411528544
8138138138.138138,0.972873908310553,-0.2388688775414682,-13.448678863895694,0.023836071367154325,-32.455306458639505,-5.59041434629333,0.023836071367154325,-32.455306458639505,-5.59041434629333,0.972777836280761,-0.23972665802667187,-7.2004836864710295
8144144144.144144,0.9728729917388739,-0.23887706076452764,-13.452067657087841,0.023807178736030884,-32.46584135017241,-5.593683887789056,0.023807178736030884,-32.46584135017241,-5.593683887789056,0.9727783200914195,-0.23972233810409138,-7.203903631583531
8150150150.15015,0.9728720674563444,-0.23888531283846487,-13.455452327926437,0.02377842066103589,-32.47633988330786,-5.596949166331938,0.02377842066103589,-32.47633988330786,-5.596949166331938,0.9727787911333736,-0.23971813219473545,-7.20731926585929
8156156156.156157,0.9728711358324874,-0.23889363046433856,-13.458832893727859,0.023749797527538828,-32.48680176966435,-5.600210200424428,0.023749797527538828,-32.48680176966435,-5.600210200424428,0.972779249854771,-0.23971403629695326,-7.2107306081579114
8162162162.162163,0.9728701972303977,-0.2389020104005889,-13.462209371697483,0.023721309705771694,-32.49722672581235,-5.603467008490119,0.023721309705771694,-32.49722672581235,-5.603467008490119,0.97277969669576,-0.23971004648053262,-7.214137677207181
8168168168.168168,0.9728692520068324,-0.23891044946222662,-13.465581778931089,0.023692957551192263,-32.50761447318364,-5.606719608874443,0.023692957551192263,-32.50761447318364,-5.606719608874443,0.972780132088621,-0.23970615888552396,-7.217540491604832
8174174174.174174,0.9728683005122961,-0.2389189445200751,-13.46895013241629,0.023664741404838943,-32.517964737982794,-5.609968019845411,0.023664741404838943,-32.517964737982794,-5.609968019845411,0.9727805564578816,-0.23970236972121237,-7.22093906982031
8180180180.18018,0.97286734309114,-0.2389274924998859,-13.472314449033888,0.023636661593677836,-32.52827725110046,-5.613212259594297,0.023636661593677836,-32.52827725110046,-5.613212259594297,0.9727809702204394,-0.2396986752650218,-7.224333430196483
8186186186.186186,0.9728663800816355,-0.2389360903816789,-13.475674745559257,0.023608718430942064,-32.53855174802845,-5.616452346236395,0.023608718430942064,-32.53855174802845,-5.616452346236395,0.972781373785682,-0.2396950718614409,-7.227723590951347
8192192192.192192,0.9728654118160712,-0.23894473519888004,-13.479031038663676,0.023580912216463815,-32.54878796877652,-5.619688297811712,0.023580912216463815,-32.54878796877652,-5.619688297811712,0.9727817675555961,-0.239691555921049,-7.2311095701796795
8198198198.198198,0.9728644386208307,-0.23895342403762448,-13.482383344915641,0.02355324323699867,-32.558985657791034,-5.622920132285695,0.02355324323699867,-32.558985657791034,-5.622920132285695,0.9727821519248869,-0.23968812391945082,-7.234491385854688
8204204204.204205,0.9728634608164768,-0.23896215403600535,-13.485731680782173,0.023525711766543153,-32.569144563875184,-5.626147867549946,0.023525711766543153,-32.569144563875184,-5.626147867549946,0.972782527281088,-0.23968477239629385,-7.23786905582961
8210210210.210211,0.9728624787178323,-0.23897092238335238,-13.489076062630092,0.023498318066645096,-32.579264440110904,-5.629371521422941,0.023498318066645096,-32.579264440110904,-5.629371521422941,0.972782894004667,-0.23968149795432486,-7.241242597839309
8216216216.216216,0.9728614926340603,-0.2389797263195153,-13.492416506727276,0.023471062386707268,-32.5893450437824,-5.632591111650756,0.023471062386707268,-32.5893450437824,-5.632591111650756,0.972783252469136,-0.23967829725840145,-7.244612029501827
8222222222.222222,0.9728605028687423,-0.2389885631341681,-13.495753029243897,0.023443944964284296,-32.599386136301206,-5.635806655907769,0.023443944964284296,-32.599386136301206,-5.635806655907769,0.9727836030411544,-0.23967516703457642,-7.247977368319919
8228228228.228229,0.9728595097199542,-0.23899743016612723,-13.49908564625365,0.02341696602537305,-32.6093874831328,-5.6390181717973835,0.02341696602537305,-32.6093874831328,-5.6390181717973835,0.972783946080636,-0.2396721040691399,-7.251338631682561
8234234234.234234,0.9728585134803449,-0.23900632480265305,-13.502414373734947,0.023390125784696875,-32.619348853724695,-5.64222567685275,0.023390125784696875,-32.619348853724695,-5.64222567685275,0.9727842819408459,-0.2396691052077536,-7.254695836866438
8240240240.24024,0.9728575144372082,-0.23901524447880743,-13.505739227572096,0.023363424445983362,-32.62927002143603,-5.6454291885374674,0.023363424445983362,-32.62927002143603,-5.6454291885374674,0.9727846109685023,-0.23966616735454038,-7.258049001037402
8246246246.246246,0.9728565128725574,-0.23902418667678807,-13.509060223556482,0.023336862202236144,-32.63915076346854,-5.64862872424631,0.023336862202236144,-32.63915076346854,-5.64862872424631,0.9727849335038753,-0.23966328747120552,-7.261398141251906
8252252252.252253,0.9728555090631977,-0.23903314892527824,-13.51237737738769,0.02331043923600111,-32.64899086079884,-5.651824301305925,0.02331043923600111,-32.64899086079884,-5.651824301305925,0.9727852498808791,-0.23966046257620802,-7.264743274458425
8258258258.258259,0.9728545032807955,-0.23904212879883643,-13.515690704674665,0.023284155719626064,-32.658790098112334,-5.655015936975559,0.023284155719626064,-32.658790098112334,-5.655015936975559,0.9727855604271699,-0.23965768974389057,-7.2680844174988355
8264264264.264265,0.9728534957919477,-0.23905112391726907,-13.519000220936796,0.023258011815515702,-32.6685482637381,-5.658203648447755,0.023258011815515702,-32.6685482637381,-5.658203648447755,0.9727858654642367,-0.23965496610366566,-7.271421587109802
8270270270.27027,0.9728524868582538,-0.2390601319449934,-13.522305941605028,0.0232320076763803,-32.67826514958532,-5.661387452849064,0.0232320076763803,-32.67826514958532,-5.661387452849064,0.9727861653074933,-0.23965228883919643,-7.274754799924107
8276276276.276277,0.9728514767363815,-0.2390691505904478,-13.52560788202294,0.0232061434454794,-32.68794055108091,-5.664567367240758,0.0232061434454794,-32.68794055108091,-5.664567367240758,0.9727864602663651,-0.23964965518761816,-7.278084072471992
8282282282.282282,0.9728504656781294,-0.2390781776055359,-13.528906057447807,0.02318041925686007,-32.69757426710834,-5.66774340861952,0.02318041925686007,-32.69757426710834,-5.66774340861952,0.9727867506443812,-0.23964706243871745,-7.2814094211824445
8288288288.288288,0.9728494539304993,-0.23908721078497763,-13.532200483051641,0.02315483523559038,-32.70716609994764,-5.67091559391816,0.02315483523559038,-32.70716609994764,-5.67091559391816,0.9727870367392573,-0.23964450793419526,-7.284730862384501
8294294294.294294,0.972848441735753,-0.23909624796580378,-13.535491173922235,0.02312939149798723,-32.71671585521676,-5.6740839400063185,0.02312939149798723,-32.71671585521676,-5.6740839400063185,0.9727873188429788,-0.23964198906691644,-7.288048412308502
8300300300.300301,0.9728474293314817,-0.23910528702673867,-13.538778145064168,0.023104088151839775,-32.726223341813885,-5.677248463691147,0.023104088151839775,-32.726223341813885,-5.677248463691147,0.9727875972418872,-0.23963950328014522,-7.291362087087338
8306306306.306307,0.9728464169506629,-0.2391143258876889,-13.542061411399814,0.023078925296627934,-32.735688371860924,-5.6804091817180264,0.023078925296627934,-32.735688371860924,-5.6804091817180264,0.9727878722167629,-0.2396370480668054,-7.294671902757672
8312312312.312312,0.9728454048217264,-0.2391233625091549,-13.545340987770324,0.023053903023736076,-32.7451107606482,-5.683566110771245,0.023053903023736076,-32.7451107606482,-5.683566110771245,0.9727881440428991,-0.23963462096881424,-7.297977875261148
8318318318.318318,0.9728443931686089,-0.2391323948917471,-13.5486168889366,0.023029021416662302,-32.75449032658011,-5.686719267474711,0.023029021416662302,-32.75449032658011,-5.686719267474711,0.9727884129901888,-0.23963221957631392,-7.301280020445583
8324324324.324325,0.9728433822108197,-0.23914142107559572,-13.551889129580253,0.023004280551223243,-32.763826891121816,-5.689868668392627,0.023004280551223243,-32.763826891121816,-5.689868668392627,0.9727886793231962,-0.239629841527026,-7.304578354066123
8330330330.330331,0.9728423721634923,-0.2391504391398897,-13.555157724304545,0.022979680495754135,-32.77312027874715,-5.693014330030184,0.022979680495754135,-32.77312027874715,-5.693014330030184,0.9727889433012346,-0.2396274845055625,-7.307872891786406
8336336336.336336,0.972841363237445,-0.239159447202342,-13.558422687635318,0.022955221311305278,-32.782370316887246,-5.696156268834252,0.022955221311305278,-32.782370316887246,-5.696156268834252,0.9727892051784417,-0.23962514624274667,-7.311163649179691
8342342342.342342,0.9728403556392378,-0.23916844341867316,-13.561684034021916,0.022930903051833734,-32.79157683588038,-5.6992945011940614,0.022930903051833734,-32.79157683588038,-5.6992945011940614,0.9727894652038549,-0.2396228245149476,-7.314450641729971
8348348348.348349,0.9728393495712266,-0.23917742598213373,-13.56494177783808,0.022906725764391102,-32.80073966892269,-5.7024290434418905,0.022906725764391102,-32.80073966892269,-5.7024290434418905,0.9727897236214786,-0.23962051714347357,-7.317733884833075
8354354354.354355,0.9728383452316183,-0.23918639312301293,-13.568195933382839,0.022882689489307627,-32.809858652019756,-5.7055599118537375,0.022882689489307627,-32.809858652019756,-5.7055599118537375,0.9727899806703607,-0.2396182219938929,-7.321013393797745
8360360360.36036,0.9728373428145237,-0.2391953431081601,-13.57144651488139,0.022858794260371764,-32.818933623939294,-5.708687122650002,0.022858794260371764,-32.818933623939294,-5.708687122650002,0.9727902365846581,-0.23961593697544495,-7.324289183846708
8366366366.366366,0.9728363425100113,-0.23920427424051294,-13.57469353648597,0.02283504010500655,-32.82796442616458,-5.711810691996169,0.02283504010500655,-32.82796442616458,-5.711810691996169,0.9727904915937081,-0.23961366004040666,-7.3275612701177195
8372372372.372373,0.9728353445041571,-0.23921318485864593,-13.577937012276685,0.02281142704444199,-32.83695090284871,-5.714930636003462,0.02281142704444199,-32.83695090284871,-5.714930636003462,0.9727907459220947,-0.23961138918349767,-7.330829667664599
8378378378.378379,0.9728343489791005,-0.23922207333627665,-13.581176956262373,0.022787955093883722,-32.845892900769954,-5.718046970729541,0.022787955093883722,-32.845892900769954,-5.718046970729541,0.972790999789716,-0.23960912244127955,-7.334094391458246
8384384384.384384,0.9728333561130899,-0.23923093808185592,-13.584413382381417,0.022764624262678234,-32.85479026928772,-5.721159712179146,0.022764624262678234,-32.85479026928772,-5.721159712179146,0.972791253411847,-0.23960685789159356,-7.337355456387643
8390390390.39039,0.9728323660805333,-0.2392397775381167,-13.587646304502567,0.022741434554474603,-32.86364286029942,-5.724268876304781,0.022741434554474603,-32.86364286029942,-5.724268876304781,0.972791506999206,-0.23960459365297188,-7.340612877260845
8396396396.396397,0.9728313790520499,-0.23924859018161465,-13.590875736425737,0.0227183859673827,-32.87245052819822,-5.727374479007367,0.0227183859673827,-32.87245052819822,-5.727374479007367,0.9727917607580167,-0.23960232788407843,-7.343866668805946
8402402402.402403,0.9728303951945135,-0.2392573745223395,-13.594101691882813,0.022695478494128424,-32.88121312983136,-5.730476536136907,0.022695478494128424,-32.88121312983136,-5.730476536136907,0.9727920148900696,-0.23960005878316065,-7.347116845672042
8408408408.408408,0.9728294146711057,-0.2392661291032426,-13.597324184538413,0.022672712122205035,-32.88993052445953,-5.73357506349315,0.022672712122205035,-32.88993052445953,-5.73357506349315,0.9727922695927844,-0.2395977845874972,-7.3503634224301715
8414414414.414414,0.9728284376413564,-0.23927485249987238,-13.600543227990677,0.022650086834021955,-32.89860257371677,-5.736670076826236,0.022650086834021955,-32.89860257371677,-5.736670076826236,0.9727925250592696,-0.23959550357286072,-7.353606413574246
8420420420.420421,0.9728274642611937,-0.2392835433199303,-13.60375883577201,0.022627602607050133,-32.9072291415712,-5.739761591837356,0.022627602607050133,-32.9072291415712,-5.739761591837356,0.9727927814783792,-0.2395932140530132,-7.356845833521964
8426426426.426427,0.9728264946829873,-0.2392922002028847,-13.606971021349842,0.022605259413964376,-32.915810094286456,-5.74284962417941,0.022605259413964376,-32.915810094286456,-5.74284962417941,0.9727930390347725,-0.23959091437917263,-7.36008169661572
8432432432.432432,0.9728255290555918,-0.23930082181958326,-13.610179798127362,0.02258305722278291,-32.92434530038379,-5.745934189457646,0.02258305722278291,-32.92434530038379,-5.745934189457646,0.9727932979089724,-0.23958860293949258,-7.363314017123479
8438438438.438438,0.9728245675243957,-0.23930940687181604,-13.61338517944424,0.022560995997003605,-32.932834630605,-5.749015303230312,0.022560995997003605,-32.932834630605,-5.749015303230312,0.972793558277418,-0.23958627815859027,-7.366542809239668
8444444444.444445,0.9728236102313569,-0.2393179540919987,-13.616587178577364,0.02253907569573782,-32.941277957875855,-5.752092981009295,0.02253907569573782,-32.941277957875855,-5.752092981009295,0.9727938203125219,-0.23958393849703688,-7.3697680870860305
8450450450.450451,0.9728226573150508,-0.2393264622427423,-13.619785808741518,0.022517296273841227,-32.94967515727026,-5.755167238260775,0.022517296273841227,-32.94967515727026,-5.755167238260775,0.9727940841827243,-0.2395815824508761,-7.3729898647124745
8456456456.456456,0.9728217089107122,-0.2393349301164817,-13.622981083090107,0.022495657682041932,-32.958026105975115,-5.758238090405844,0.022495657682041932,-32.958026105975115,-5.758238090405844,0.9727943500525462,-0.23957920855114395,-7.376208156097917
8462462462.462462,0.9728207651502694,-0.23934335653516878,-13.62617301471583,0.02247415986706596,-32.966330683255705,-5.761305552821165,0.02247415986706596,-32.966330683255705,-5.761305552821165,0.972794618082641,-0.23957681536341408,-7.379422975151105
8468468468.468469,0.9728198261623935,-0.2393517403498342,-13.629361616651362,0.022452802771760098,-32.97458877042181,-5.764369640839591,0.022452802771760098,-32.97458877042181,-5.764369640839591,0.9727948884298467,-0.23957440148732656,-7.38263433571143
8474474474.474475,0.9728188920725338,-0.23936008044027052,-13.632546901870025,0.022431586335212254,-32.982800250794355,-5.767430369750798,0.022431586335212254,-32.982800250794355,-5.767430369750798,0.9727951612472354,-0.23957196555614999,-7.385842251549732
8480480480.48048,0.9728179630029565,-0.23936837571468744,-13.63572888328645,0.02241051049286927,-32.99096500967268,-5.770487754801927,0.02241051049286927,-32.99096500967268,-5.770487754801927,0.9727954366841671,-0.2395695062362976,-7.389046736369086
8486486486.486486,0.9728170390727859,-0.23937662510934418,-13.638907573757221,0.022389575176652358,-32.99908293430238,-5.773541811198194,0.022389575176652358,-32.99908293430238,-5.773541811198194,0.9727957148863333,-0.23956702222694068,-7.392247803805586
8492492492.492493,0.9728161203980425,-0.23938482758820873,-13.642082986081519,0.02236878031507008,-33.00715391384371,-5.776592554103528,0.02236878031507008,-33.00715391384371,-5.776592554103528,0.9727959959958093,-0.23956451225953965,-7.395445467429105
8498498498.498499,0.9728152070916751,-0.23939298214267243,-13.645255133001761,0.022348125833328906,-33.01517783934062,-5.779639998641182,0.022348125833328906,-33.01517783934062,-5.779639998641182,0.9727962801510992,-0.23956197509744456,-7.398639740744057
8504504504.504504,0.972814299263606,-0.23940108779114594,-13.648424027204223,0.02232761165344189,-33.02315460369017,-5.7826841598943695,0.02232761165344189,-33.02315460369017,-5.7826841598943695,0.9727965674871856,-0.23955940953544813,-7.401830637190146
8510510510.51051,0.9728133970207611,-0.2394091435787895,-13.65158968131965,0.022307237694334552,-33.03108410161268,-5.78572505290686,0.022307237694334552,-33.03108410161268,-5.78572505290686,0.9727968581355718,-0.2395568143994108,-7.405018170143093
8516516516.516517,0.9728125004671072,-0.2394171485771833,-13.654752107923873,0.022287003871949006,-33.038966229622254,-5.788762692683611,0.022287003871949006,-33.038966229622254,-5.788762692683611,0.9727971522243304,-0.2395541885458287,-7.408202352915367
8522522522.522523,0.972811609703691,-0.23942510188397748,-13.657911319538394,0.022266910099345737,-33.046800885997904,-5.791797094191376,0.022266910099345737,-33.046800885997904,-5.791797094191376,0.9727974498781456,-0.23955153086145095,-7.411383198756898
8528528528.528528,0.972810724828668,-0.2394330026226318,-13.661067328631,0.022246956286803447,-33.054587970755094,-5.794828272359312,0.022246956286803447,-33.054587970755094,-5.794828272359312,0.9727977512183572,-0.23954884026289308,-7.41456072085578
8534534534.534534,0.9728098459373408,-0.23944084994208067,-13.664220147616328,0.022227142341916636,-33.062327385617884,-5.797856242079593,0.022227142341916636,-33.062327385617884,-5.797856242079593,0.9727980563630069,-0.23954611569621764,-7.417734932338968
8540540540.540541,0.9728089731221902,-0.23944864301644678,-13.667369788856448,0.022207468169691352,-33.070019033991464,-5.800881018208003,0.022207468169691352,-33.070019033991464,-5.800881018208003,0.9727983654268744,-0.2395433561366151,-7.420905846272957
8546546546.546547,0.9728081064729122,-0.23945638104471825,-13.670516264661428,0.022187933672638976,-33.0776628209352,-5.803902615564565,0.022187933672638976,-33.0776628209352,-5.803902615564565,0.9727986785215263,-0.2395405605879666,-7.424073475664467
8552552552.552552,0.9728072460764474,-0.23946406325048203,-13.6736595872899,0.022168538750868085,-33.08525865313613,-5.8069210489341145,0.022168538750868085,-33.08525865313613,-5.8069210489341145,0.9727989957553504,-0.2395377280825396,-7.427237833461099
8558558558.558558,0.9728063920170142,-0.23947168888163065,-13.676799768949603,0.02214928330217416,-33.09280643888296,-5.809936333066911,0.02214928330217416,-33.09280643888296,-5.809936333066911,0.9727993172336031,-0.2395348576805607,-7.430398932551997
8564564564.564565,0.97280554437614,-0.2394792572100819,-13.679936821797952,0.02213016722212806,-33.1003060880404,-5.812948482679244,0.02213016722212806,-33.1003060880404,-5.812948482679244,0.9727996430584422,-0.23953194846992518,-7.433556785768494
8570570570.570571,0.972804703232694,-0.2394867675314844,-13.683070757942538,0.022111190404162078,-33.10775751202406,-5.815957512454006,0.022111190404162078,-33.10775751202406,-5.815957512454006,0.9727999733289725,-0.2395289995657906,-7.436711405884749
8576576576.576576,0.9728038686629167,-0.23949421916495836,-13.686201589441698,0.022092352739654656,-33.115160623775665,-5.818963437041305,0.022092352739654656,-33.115160623775665,-5.818963437041305,0.9728003081412773,-0.2395260101102931,-7.439862805618377
8582582582.582582,0.9728030407404513,-0.23950161145281285,-13.689329328305018,0.02207365411801316,-33.1225153377388,-5.821966271059041,0.02207365411801316,-33.1225153377388,-5.821966271059041,0.9728006475884637,-0.23952297927214414,-7.443010997631072
8588588588.588589,0.9728022195363726,-0.23950894376028947,-13.692453986493856,0.022055094426755028,-33.12982156983493,-5.824966029093507,0.022055094426755028,-33.12982156983493,-5.824966029093507,0.9728009917606942,-0.2395199062463509,-7.446155994529218
8594594594.594595,0.9728014051192165,-0.2395162154752957,-13.69557557592185,0.02203667355158728,-33.13707923743997,-5.827962725699964,0.02203667355158728,-33.13707923743997,-5.827962725699964,0.9728013407452276,-0.23951679025384645,-7.44929780886449
8600600600.600601,0.9728005975550114,-0.23952342600813042,-13.69869410845543,0.02201839137648457,-33.1442882593611,-5.830956375403226,0.02201839137648457,-33.1442882593611,-5.830956375403226,0.9728016946264515,-0.23951363054120237,-7.45243645313445
8606606606.606606,0.9727997969073031,-0.2395305747912542,-13.701809595914305,0.022000247783765345,-33.15144855581406,-5.833946992698249,0.022000247783765345,-33.15144855581406,-5.833946992698249,0.9728020534859213,-0.23951042638027972,-7.455571939783141
8612612612.612614,0.9727990032371844,-0.23953766127903356,-13.704922050071964,0.021982242654166685,-33.158560048400865,-5.8369345920507065,0.021982242654166685,-33.158560048400865,-5.8369345920507065,0.9728024174023919,-0.2395071770679466,-7.45870428120166
8618618618.618618,0.9727982166033269,-0.23954468494744974,-13.70803148265615,0.021964375866917574,-33.16562266008774,-5.839919187897562,0.021964375866917574,-33.16562266008774,-5.839919187897562,0.9728027864518555,-0.239503881925741,-7.461833489728727
8624624624.624626,0.972797437062001,-0.23955164529392525,-13.711137905349354,0.021946647299810683,-33.17263631518358,-5.84290079464766,0.021946647299810683,-33.17263631518358,-5.84290079464766,0.9728031607075729,-0.23950054029958837,-7.464959577651262
8630630630.63063,0.9727966646671086,-0.2395585418370287,-13.714241329789271,0.021929056829272785,-33.17960093931863,-5.845879426682278,0.021929056829272785,-33.17960093931863,-5.845879426682278,0.9728035402401093,-0.23949715155948625,-7.468082557204922
8636636636.636637,0.972795899470207,-0.23956537411626472,-13.717341767569273,0.021911604330433553,-33.186516459423665,-5.848855098355722,0.021911604330433553,-33.186516459423665,-5.848855098355722,0.9728039251173636,-0.23949371509923978,-7.471202440574667
8642642642.642643,0.9727951415205373,-0.23957214169181731,-13.720439230238874,0.021894289677193205,-33.19338280370933,-5.851827823995874,0.021894289677193205,-33.19338280370933,-5.851827823995874,0.972804315404605,-0.23949023033613542,-7.4743192398952925
8648648648.64865,0.972794390865047,-0.2395788441443497,-13.723533729304176,0.021877112742288738,-33.20019990164598,-5.854797617904784,0.021877112742288738,-33.20019990164598,-5.854797617904784,0.9728047111645043,-0.23948669671066233,-7.4774329672519615
8654654654.654655,0.9727936475484192,-0.23958548107474584,-13.726625276228322,0.02186007339735852,-33.206967683943816,-5.857764494359203,0.02186007339735852,-33.206967683943816,-5.857764494359203,0.9728051124571612,-0.2394831136862677,-7.480543634680741
8660660660.66066,0.9727929116130944,-0.2395920521039111,-13.729713882431945,0.021843171513006222,-33.2136860825332,-5.860728467611191,0.021843171513006222,-33.2136860825332,-5.860728467611191,0.9728055193401387,-0.23947948074904923,-7.483651254169114
8666666666.666668,0.9727921830992978,-0.2395985568725326,-13.73279955929359,0.021826406958862746,-33.22035503054555,-5.863689551888637,0.021826406958862746,-33.22035503054555,-5.863689551888637,0.9728059318684938,-0.23947579740748265,-7.486755837656495
8672672672.672672,0.972791462045061,-0.239604995040884,-13.735882318150157,0.021809779603647474,-33.22697446229427,-5.866647761395847,0.021809779603647474,-33.22697446229427,-5.866647761395847,0.9728063500948075,-0.23947206319215295,-7.48985739703473
8678678678.678679,0.9727907484862472,-0.23961136628859847,-13.73896217029733,0.021793289315228115,-33.233544313256175,-5.869603110314092,0.021793289315228115,-33.233544313256175,-5.869603110314092,0.9728067740692118,-0.23946827765551265,-7.492955944148614
8684684684.684685,0.9727900424565786,-0.2396176703144311,-13.742039126989987,0.021776935960679075,-33.24006452005317,-5.872555612802166,0.021776935960679075,-33.24006452005317,-5.872555612802166,0.9728072038394203,-0.239464440371608,-7.49605149079636
8690690690.690691,0.9727893439876518,-0.23962390683611318,-13.745113199442624,0.02176071940633912,-33.24653502043418,-5.875505282996948,0.02176071940633912,-33.24653502043418,-5.875505282996948,0.9728076394507582,-0.23946055093581442,-7.499144048730104
8696696696.696697,0.9727886531089678,-0.23963007559008945,-13.748184398829764,0.02174463951786767,-33.2529557532574,-5.878452135013948,0.02174463951786767,-33.2529557532574,-5.878452135013948,0.9728080809461889,-0.23945660896459553,-7.502233629656377
8702702702.702702,0.9727879698479507,-0.23963617633134884,-13.751252736286359,0.02172869616029992,-33.25932665847284,-5.8813961829478565,0.02172869616029992,-33.25932665847284,-5.8813961829478565,0.972808528366341,-0.23945261409526228,-7.505320245236578
8708708708.70871,0.9727872942299721,-0.23964220883320847,-13.754318222908196,0.02171288919810082,-33.26564767710516,-5.884337440873109,0.02171288919810082,-33.26564767710516,-5.884337440873109,0.9728089817495391,-0.23944856598570124,-7.508403907087447
8714714714.714714,0.9727866262783722,-0.23964817288712523,-13.757380869752284,0.0216972184952184,-33.27191875123663,-5.887275922844416,0.0216972184952184,-33.27191875123663,-5.887275922844416,0.9728094411318243,-0.2394444643141873,-7.5114846267815185
8720720720.720722,0.9727859660144802,-0.23965406830251162,-13.760440687837256,0.02168168391513535,-33.2781398239907,-5.890211642897333,0.02168168391513535,-33.2781398239907,-5.890211642897333,0.9728099065469891,-0.23944030877907543,-7.51456241584759
8726726726.726727,0.9727853134576382,-0.23965989490652456,-13.76349768814374,0.021666285320920242,-33.28431083951539,-5.893144615048773,0.021666285320920242,-33.28431083951539,-5.893144615048773,0.9728103780265965,-0.23943609909862595,-7.51763728577115
8732732732.732733,0.9727846686252226,-0.23966565254387334,-13.766551881614756,0.021651022575277318,-33.29043174296729,-5.896074853297596,0.021651022575277318,-33.29043174296729,-5.896074853297596,0.9728108556000087,-0.23943183501075488,-7.52070924799485
8738738738.738739,0.9727840315326601,-0.23967134107667765,-13.769603279156081,0.021635895540595466,-33.29650248049565,-5.899002371625106,0.021635895540595466,-33.29650248049565,-5.899002371625106,0.9728113392944123,-0.2394275162728009,-7.523778313918917
8744744744.744745,0.972783402193453,-0.23967696038424094,-13.772651891636624,0.02162090407899608,-33.30252299922676,-5.901927183995623,0.02162090407899608,-33.30252299922676,-5.901927183995623,0.9728118291348437,-0.23942314266130635,-7.526844494901602
8750750750.750751,0.9727827806191971,-0.23968251036289165,-13.775697729888789,0.021606048052380297,-33.30849324724855,-5.904849304357008,0.021606048052380297,-33.30849324724855,-5.904849304357008,0.9728123251442118,-0.2394187139718068,-7.5299078022596015
8756756756.756756,0.9727821668196034,-0.2396879909257871,-13.778740804708846,0.021591327322474853,-33.31441317359548,-5.907768746641207,0.021591327322474853,-33.31441317359548,-5.907768746641207,0.9728128273433229,-0.23941423001861617,-7.532968247268476
8762762762.762764,0.9727815608025144,-0.23969340200277084,-13.781781126857288,0.021576741750877433,-33.32028272823361,-5.910685524764787,0.021576741750877433,-33.32028272823361,-5.910685524764787,0.9728133357509057,-0.23940969063459758,-7.5360258411630765
8768768768.768768,0.9727809625739265,-0.23969874354017232,-13.78481870705917,0.021562291199100903,-33.32610186204592,-5.913599652629465,0.021562291199100903,-33.32610186204592,-5.913599652629465,0.9728138503836343,-0.23940509567096108,-7.539080595137936
8774774774.774775,0.972780372138008,-0.23970401550064444,-13.787853556004482,0.021547975528616738,-33.33187052681787,-5.91651114412266,0.021547975528616738,-33.33187052681787,-5.91651114412266,0.9728143712561507,-0.23940044499706348,-7.542132520347701
8780780780.78078,0.9727797894971174,-0.23970921786300214,-13.790885684348474,0.021533794600897573,-33.337588675223216,-5.919420013118002,0.021533794600897573,-33.337588675223216,-5.919420013118002,0.9728148983810863,-0.2393957385002118,-7.54518162790751
8786786786.786787,0.9727792146518214,-0.2397143506220597,-13.79391510271201,0.021519748277459103,-33.343256260809866,-5.922326273475882,0.021519748277459103,-33.343256260809866,-5.922326273475882,0.9728154317690881,-0.23939097608543364,-7.5482279288934
8792792792.792793,0.9727786476009155,-0.23971941378844847,-13.796941821681898,0.02150583641990078,-33.34887323798627,-5.92522993904397,0.02150583641990078,-33.34887323798627,-5.92522993904397,0.9728159714288366,-0.23938615767531815,-7.551271434342693
8798798798.798798,0.9727780883414382,-0.23972440738849005,-13.79996585181123,0.02149205888994603,-33.35443956200773,-5.928131023657757,0.02149205888994603,-33.35443956200773,-5.928131023657757,0.9728165173670701,-0.23938128320979316,-7.554312155254386
8804804804.804806,0.972777536868693,-0.23972933146399994,-13.802987203619702,0.02147841554948171,-33.35995518896301,-5.931029541141072,0.02147841554948171,-33.35995518896301,-5.931029541141072,0.9728170695886043,-0.2393763526459566,-7.55735010258953
8810810810.81081,0.972776993176262,-0.23973418607216382,-13.806005887593944,0.021464906260596453,-33.36542007576128,-5.933925505306608,0.021464906260596453,-33.36542007576128,-5.933925505306608,0.9728176280963564,-0.2393713659578563,-7.560385287271595
8816816816.816818,0.9727764572560245,-0.2397389712853759,-13.809021914187849,0.02145153088561875,-33.370834180119,-5.936818929956458,0.02145153088561875,-33.370834180119,-5.936818929956458,0.9728181928913627,-0.23936632313633738,-7.563417720186863
8822822822.822823,0.9727759290981757,-0.23974368719106748,-13.812035293822868,0.021438289287153838,-33.37619746054726,-5.939709828882633,0.021438289287153838,-33.37619746054726,-5.939709828882633,0.9728187639728003,-0.23936122418884492,-7.566447412184779
8828828828.828829,0.9727754086912397,-0.23974833389159406,-13.815046036888354,0.02142518132812013,-33.381509876339166,-5.94259821586758,0.02142518132812013,-33.381509876339166,-5.94259821586758,0.9728193413380066,-0.23935606913925048,-7.569474374078316
8834834834.834835,0.972774896022089,-0.23975291150405972,-13.818054153741853,0.021412206871784956,-33.38677138755742,-5.945484104684718,0.021412206871784956,-33.38677138755742,-5.945484104684718,0.9728199249825007,-0.23935085802766254,-7.572498616644338
8840840840.840841,0.9727743910759603,-0.23975742016017657,-13.821059654709408,0.021399365781799445,-33.39198195502215,-5.948367509098944,0.021399365781799445,-33.39198195502215,-5.948367509098944,0.9728205149000009,-0.23934559091026805,-7.5755201506239445
8846846846.846848,0.9727738938364691,-0.2397618600061348,-13.824062550085873,0.021386657922232852,-33.39714154029891,-5.951248442867162,0.021386657922232852,-33.39714154029891,-5.951248442867162,0.9728211110824468,-0.2393402678591361,-7.578538986722828
8852852852.852852,0.9727734042856256,-0.2397662312024581,-13.827062850135206,0.02137408315760617,-33.4022501056868,-5.954126919738805,0.02137408315760617,-33.4022501056868,-5.954126919738805,0.9728217135200138,-0.2393348889620907,-7.581555135611615
8858858858.85886,0.9727729224038513,-0.23977053392386175,-13.830060565090772,0.0213616413529252,-33.407307614206815,-5.957002953456346,0.0213616413529252,-33.407307614206815,-5.957002953456346,0.9728223222011362,-0.23932945432249908,-7.584568607926212
8864864864.864864,0.9727724481699946,-0.239774768359104,-13.833055705155619,0.02134933237371277,-33.41231402959039,-5.959876557755814,0.02134933237371277,-33.41231402959039,-5.959876557755814,0.972822937112523,-0.23932396405913534,-7.5875794142681245
8870870870.87087,0.9727719815613428,-0.23977893471088915,-13.836048280502789,0.021337156086040622,-33.41726931626804,-5.962747746367328,0.021337156086040622,-33.41726931626804,-5.962747746367328,0.9728235582391779,-0.2393184183060003,-7.590587565204817
8876876876.876877,0.9727715225536417,-0.23978303319568384,-13.839038301275586,0.021325112356560344,-33.42217343935827,-5.9656165330155835,0.021325112356560344,-33.42217343935827,-5.9656165330155835,0.9728241855644144,-0.23931281721218559,-7.593593071270018
8882882882.882883,0.9727710711211065,-0.23978706404362612,-13.842025777587871,0.021313201052534095,-33.42702636465651,-5.968482931420398,0.021313201052534095,-33.42702636465651,-5.968482931420398,0.9728248190698761,-0.23930716094169502,-7.596595942964054
8888888888.88889,0.9727706272364375,-0.23979102749838055,-13.845010719524328,0.02130142204186448,-33.431828058624376,-5.9713469552972,0.02130142204186448,-33.431828058624376,-5.9713469552972,0.9728254587355526,-0.239301449673298,-7.599596190754169
8894894894.894894,0.9727701908708338,-0.23979492381701842,-13.847993137140755,0.02128977519312379,-33.43657848837897,-5.974208618357556,0.02128977519312379,-33.43657848837897,-5.974208618357556,0.972826104539796,-0.23929568360038755,-7.602593825074844
8900900900.900902,0.9727697619940077,-0.23979875326989075,-13.850973040464325,0.021278260375583,-33.4412776216824,-5.977067934309688,0.021278260375583,-33.4412776216824,-5.977067934309688,0.9728267564593409,-0.23928986293079796,-7.605588856328104
8906906906.906906,0.9727693405741994,-0.23980251614049164,-13.853950439493863,0.021266877459239872,-33.44592542693144,-5.979924916858963,0.021266877459239872,-33.44592542693144,-5.979924916858963,0.9728274144693154,-0.23928398788670768,-7.608581294883831
8912912912.912914,0.9727689265781896,-0.23980621272535196,-13.856925344200107,0.02125562631484688,-33.45052187314727,-5.982779579708433,0.02125562631484688,-33.45052187314727,-5.982779579708433,0.9728280785432623,-0.2392780587044507,-7.611571151080073
8918918918.918919,0.9727685199713112,-0.2398098433339306,-13.859897764525979,0.021244506813938118,-33.45506692996556,-5.985631936559317,0.021244506813938118,-33.45506692996556,-5.985631936559317,0.9728287486531539,-0.23927207563438077,-7.614558435223335
8924924924.924925,0.972768120717467,-0.23981340828845868,-13.862867710386833,0.02123351882885632,-33.459560567626426,-5.988482001111538,0.02123351882885632,-33.459560567626426,-5.988482001111538,0.9728294247694051,-0.2392660389407614,-7.617543157588888
8930930930.930931,0.9727677287791369,-0.23981690792387406,-13.865835191670735,0.021222662232778692,-33.46400275696483,-5.991329787064209,0.021222662232778692,-33.46400275696483,-5.991329787064209,0.9728301068608937,-0.2392599489015783,-7.62052532842106
8936936936.936937,0.972767344117397,-0.23982034258765095,-13.868800218238693,0.02121193689974294,-33.46839346940082,-5.994175308116158,0.02121193689974294,-33.46839346940082,-5.994175308116158,0.9728307948949718,-0.23925380580843736,-7.623504957933528
8942942942.942944,0.9727669666919273,-0.23982371263973157,-13.871762799924923,0.021201342704672194,-33.4727326769302,-5.997018577966425,0.021201342704672194,-33.4727326769302,-5.997018577966425,0.9728314888374813,-0.2392476099664326,-7.626482056309601
8948948948.948948,0.9727665964610253,-0.23982701845240598,-13.874722946537101,0.02119087952339991,-33.477020352115076,-5.99985961031478,0.02119087952339991,-33.477020352115076,-5.99985961031478,0.9728321886527712,-0.23924136169398372,-7.629456633702515
8954954954.954956,0.9727662333816206,-0.2398302604101774,-13.877680667856602,0.02118054723269399,-33.481256468074804,-6.002698418862221,0.02118054723269399,-33.481256468074804,-6.002698418862221,0.9728328943037101,-0.2392350613227307,-7.632428700235706
8960960960.96096,0.9727658774092836,-0.23983343890969094,-13.880635973638736,0.021170345710280796,-33.48544099847677,-6.005535017311479,0.021170345710280796,-33.48544099847677,-6.005535017311479,0.972833605751702,-0.23922870919738934,-7.635398266003085
8966966966.966967,0.9727655284982393,-0.2398365543596034,-13.883588873613018,0.02116027483486824,-33.48957391752761,-6.008369419367546,0.02116027483486824,-33.48957391752761,-6.008369419367546,0.9728343229566982,-0.23922230567564376,-7.6383653410693295
8972972972.972973,0.9727651866013808,-0.2398396071804686,-13.88653937748337,0.021150334486168966,-33.49365519996432,-6.011201638738147,0.021150334486168966,-33.49365519996432,-6.011201638738147,0.972835045877214,-0.23921585112800295,-7.641329935470131
8978978978.97898,0.972764851670276,-0.2398425978046737,-13.889487494928387,0.02114052454492274,-33.497684821045624,-6.014031689134269,0.02114052454492274,-33.497684821045624,-6.014031689134269,0.9728357744703418,-0.23920934593767762,-7.644292059212487
8984984984.984985,0.9727645236551835,-0.2398455266763006,-13.892433235601553,0.02113084489291851,-33.501662756543396,-6.016859584270667,0.02113084489291851,-33.501662756543396,-6.016859584270667,0.9728365086917616,-0.23920279050048687,-7.647251722274948
8990990990.99099,0.9727642025050606,-0.23984839425105045,-13.895376609131475,0.02112129541301612,-33.505588982734295,-6.019685337866351,0.02112129541301612,-33.505588982734295,-6.019685337866351,0.9728372484957591,-0.23919618522470268,-7.650208934607893
8996996996.996998,0.9727638881675775,-0.2398512009961187,-13.898317625122118,0.021111875989167604,-33.50946347639142,-6.022508963645106,0.021111875989167604,-33.50946347639142,-6.022508963645106,0.9728379938352375,-0.2391895305309377,-7.65316370613378
9003003003.003002,0.9727635805891264,-0.2398539473901169,-13.90125629315302,0.021102586506437992,-33.51328621477616,-6.025330475335994,0.021102586506437992,-33.51328621477616,-6.025330475335994,0.9728387446617263,-0.23918282685206887,-7.656116046747409
9009009009.00901,0.972763279714831,-0.2398566339229814,-13.904192622779528,0.021093426851025956,-33.51705717563008,-6.028149886673856,0.021093426851025956,-33.51705717563008,-6.028149886673856,0.9728395009254008,-0.23917607463306295,-7.659065966316172
9015015015.015015,0.9727629854885598,-0.23985926109586134,-13.907126623533003,0.02108439691028372,-33.52077633716708,-6.030967211399806,0.02108439691028372,-33.52077633716708,-6.030967211399806,0.9728402625750892,-0.23916927433091692,-7.662013474680299
9021021021.02102,0.9727626978529347,-0.23986182942103634,-13.910058304921055,0.02107549657273698,-33.52444367806547,-6.033782463261759,0.02107549657273698,-33.52444367806547,-6.033782463261759,0.9728410295582867,-0.2391624264145241,-7.664958581653118
9027027027.027027,0.9727624167493397,-0.2398643394218421,-13.912987676427749,0.021066725728104245,-33.528059177460285,-6.036595656014907,0.021066725728104245,-33.528059177460285,-6.036595656014907,0.972841801821169,-0.23915553136456105,-7.6679012970212925
9033033033.033033,0.9727621421179371,-0.23986679163252578,-13.915914747513822,0.02105808426731587,-33.53162281493571,-6.039406803422246,0.02105808426731587,-33.53162281493571,-6.039406803422246,0.9728425793086038,-0.23914858967338049,-7.670841630545061
9039039039.03904,0.9727618738976703,-0.23986918659821801,-13.918839527616893,0.021049572082532757,-33.535134570517535,-6.04221591925506,0.021049572082532757,-33.535134570517535,-6.04221591925506,0.9728433619641594,-0.23914160184493782,-7.673779591958485
9045045045.045044,0.9727616120262775,-0.23987152487481414,-13.921762026151676,0.02104118906716463,-33.53859442466584,-6.045023017293437,0.02104118906716463,-33.53859442466584,-6.045023017293437,0.972844149730123,-0.23913456839462363,-7.676715190969676
9051051051.051052,0.9727613564402997,-0.23987380702890065,-13.924682252510186,0.021032935115888232,-33.54200235826762,-6.0478281113267744,0.021032935115888232,-33.54200235826762,-6.0478281113267744,0.9728449425475031,-0.2391274898492447,-7.679648437261041
9057057057.057056,0.9727611070750911,-0.23987603363766208,-13.927600216061936,0.021024810124664846,-33.5453583526297,-6.050631215154259,0.021024810124664846,-33.5453583526297,-6.050631215154259,0.9728457403560505,-0.23912036674683554,-7.682579340489502
9063063063.063065,0.9727608638648291,-0.23987820528879375,-13.930515926154161,0.021016813990757777,-33.5486623894716,-6.053432342585406,0.021016813990757777,-33.5486623894716,-6.053432342585406,0.9728465430942614,-0.2391131996366327,-7.685507910286741
9069069069.069069,0.9727606267425221,-0.2398803225804293,-13.933429392111986,0.021008946612749338,-33.55191445091864,-6.056231507440534,0.021008946612749338,-33.55191445091864,-6.056231507440534,0.9728473506993934,-0.2391059890789288,-7.688434156259406
9075075075.075075,0.9727603956400196,-0.23988238612105253,-13.936340623238657,0.021001207890557694,-33.55511451949498,-6.059028723551283,0.021001207890557694,-33.55511451949498,-6.059028723551283,0.972848163107473,-0.23909873564500733,-7.6913580879893555
9081081081.081081,0.9727601704880193,-0.23988439652943389,-13.93924962881572,0.020993597725453263,-33.55826257811692,-6.061824004761109,0.020993597725453263,-33.55826257811692,-6.061824004761109,0.9728489802533087,-0.23909143991702522,-7.694279715033867
9087087087.087088,0.9727599512160785,-0.23988635443452824,-13.942156418103217,0.020986116020074913,-33.56135861008621,-6.0646173649258,0.020986116020074913,-33.56135861008621,-6.0646173649258,0.9728498020705001,-0.23908410248793074,-7.6971990469258635
9093093093.093094,0.9727597377526217,-0.23988826047540568,-13.945061000339885,0.020978762678445805,-33.56440259908348,-6.06740881791396,0.020978762678445805,-33.56440259908348,-6.06740881791396,0.9728506284914472,-0.23907672396138213,-7.700116093174126
9099099099.099098,0.9727595300249479,-0.23989011530118884,-13.947963384743339,0.02097153760598904,-33.56739452916177,-6.070198377607534,0.02097153760598904,-33.56739452916177,-6.070198377607534,0.9728514594473642,-0.23906930495162354,-7.703030863263507
9105105105.105106,0.972759327959241,-0.23989191957095674,-13.95086358051027,0.020964440709543,-33.57033438474008,-6.072986057902307,0.020964440709543,-33.57033438474008,-6.072986057902307,0.9728522948682841,-0.23906184608344244,-7.705943366655151
9111111111.11111,0.972759131480576,-0.23989367395369438,-13.953761596816616,0.02095747189737629,-33.57322215059722,-6.075771872708395,0.02095747189737629,-33.57322215059722,-6.075771872708395,0.9728531346830737,-0.2390543479920376,-7.708853612786697
9117117117.117117,0.972758940512929,-0.23989537912819814,-13.956657442817765,0.0209506310792027,-33.57605781186543,-6.0785558359507705,0.0209506310792027,-33.57605781186543,-6.0785558359507705,0.9728539788194375,-0.23904681132298328,-7.711761611072489
9123123123.123123,0.9727587549791845,-0.2398970357830129,-13.959551127648725,0.020943918166195518,-33.578841354024476,-6.081337961569751,0.020943918166195518,-33.578841354024476,-6.081337961569751,0.9728548272039336,-0.2390392367320877,-7.714667370903779
9129129129.12913,0.9727585748011418,-0.23989864461637583,-13.962442660424314,0.02093733307100208,-33.58157276289542,-6.084118263521516,0.02093733307100208,-33.58157276289542,-6.084118263521516,0.9728556797619801,-0.23903162488533522,-7.7175709016489344
9135135135.135136,0.9727583998995256,-0.23990020633611972,-13.965332050239331,0.02093087570775755,-33.58425202463485,-6.086896755778603,0.02093087570775755,-33.58425202463485,-6.086896755778603,0.97285653641786,-0.23902397645884257,-7.720472212653638
9141141141.14114,0.9727582301939923,-0.2399017216596182,-13.968219306168736,0.020924545992098878,-33.58687912572894,-6.089673452330422,0.020924545992098878,-33.58687912572894,-6.089673452330422,0.9728573970947394,-0.23901629213869663,-7.72337131324108
9147147147.147148,0.9727580656031348,-0.23990319131374216,-13.971104437267833,0.02091834384117828,-33.58945405298775,-6.092448367183771,0.02091834384117828,-33.58945405298775,-6.092448367183771,0.9728582617146675,-0.23900857262095485,-7.726268212712174
9153153153.153152,0.9727579060444953,-0.23990461603474567,-13.97398745257243,0.020912269173676504,-33.59197679353953,-6.09522151436331,0.020912269173676504,-33.59197679353953,-6.09522151436331,0.9728591301985904,-0.2390008186115206,-7.729162920345725
9159159159.15916,0.9727577514345683,-0.23990599656823813,-13.976868361099028,0.020906321909816093,-33.594447334825105,-6.097992907912108,0.020906321909816093,-33.594447334825105,-6.097992907912108,0.9728600024663585,-0.2389930308260776,-7.732055445398646
9165165165.165165,0.9727576016888091,-0.23990733366911104,-13.97974717184497,0.02090050197137407,-33.596865664592414,-6.100762561892126,0.02090050197137407,-33.596865664592414,-6.100762561892126,0.9728608784367346,-0.23898520999001838,-7.734945797106134
9171171171.171171,0.9727574567216407,-0.23990862810147257,-13.982623893788636,0.020894809281694644,-33.599231770891066,-6.103530490384745,0.020894809281694644,-33.599231770891066,-6.103530490384745,0.9728617580274037,-0.23897735683835628,-7.737833984681869
9177177177.177177,0.9727573164464611,-0.23990988063858576,-13.985498535889587,0.020889243765701705,-33.601545642066974,-6.106296707491256,0.020889243765701705,-33.601545642066974,-6.106296707491256,0.9728626411549767,-0.23896947211569125,-7.740720017318193
9183183183.183184,0.9727571807756505,-0.23991109206280237,-13.988371107088742,0.02088380534991098,-33.60380726675711,-6.1090612273333775,0.02088380534991098,-33.60380726675711,-6.1090612273333775,0.9728635277350042,-0.23896155657608723,-7.743603904186298
9189189189.18919,0.9727570496205757,-0.2399122631655241,-13.991241616308542,0.020878493962442023,-33.60601663388434,-6.111824064053778,0.020878493962442023,-33.60601663388434,-6.111824064053778,0.9728644176819825,-0.23895361098301937,-7.74648565443641
9195195195.195194,0.9727569228915989,-0.2399133947471242,-13.994110072453104,0.020873309533030123,-33.60817373265227,-6.1145852318165685,0.020873309533030123,-33.60817373265227,-6.1145852318165685,0.9728653109093587,-0.23894563610932837,-7.7493652771979695
9201201201.201202,0.9727568004980847,-0.23991448761688305,-13.996976484408398,0.020868251993037854,-33.610278552540265,-6.117344744807832,0.020868251993037854,-33.610278552540265,-6.117344744807832,0.9728662073295422,-0.23893763273711544,-7.752242781579812
9207207207.207207,0.9727566823484041,-0.23991554259295542,-13.999840861042383,0.020863321275466532,-33.61233108329843,-6.120102617236121,0.020863321275466532,-33.61233108329843,-6.120102617236121,0.9728671068539088,-0.2389296016577094,-7.755118176670342
9213213213.213213,0.9727565683499412,-0.23991656050230886,-14.002703211205187,0.020858517314967413,-33.614331314942824,-6.122858863332985,0.020858517314967413,-33.614331314942824,-6.122858863332985,0.9728680093928118,-0.2389215436715626,-7.757991471537711
9219219219.21922,0.9727564584091026,-0.23991754218063963,-14.005563543729249,0.02085384004785281,-33.61627923775055,-6.125613497353476,0.02085384004785281,-33.61627923775055,-6.125613497353476,0.9728689148555845,-0.238913459588235,-7.760862675229991
9225225225.225225,0.9727563524313186,-0.23991848847236358,-14.008421867429478,0.020849289412106856,-33.61817484225511,-6.128366533576669,0.020849289412106856,-33.61817484225511,-6.128366533576669,0.972869823150553,-0.23890535022627213,-7.763731796775353
9231231231.231232,0.9727562503210523,-0.23991940023053282,-14.011278191103408,0.020844865347396282,-33.620018119241706,-6.131117986306176,0.020844865347396282,-33.620018119241706,-6.131117986306176,0.9728707341850392,-0.2388972164131863,-7.766598845182223
9237237237.237236,0.9727561519818037,-0.23992027831679916,-14.014132523531345,0.02084056779508087,-33.621809059742674,-6.133867869870657,0.02084056779508087,-33.621809059742674,-6.133867869870657,0.9728716478653678,-0.23888905898538698,-7.769463829439463
9243243243.243244,0.9727560573161187,-0.23992112360133463,-14.01698487347652,0.02083639669822386,-33.62354765503296,-6.136616198624357,0.02083639669822386,-33.62354765503296,-6.136616198624357,0.9728725640968761,-0.23888087878809855,-7.772326758516535
9249249249.249249,0.9727559662255894,-0.23992193696283057,-14.019835249685244,0.02083235200160213,-33.62523389662563,-6.139362986947606,0.02083235200160213,-33.62523389662563,-6.139362986947606,0.9728734827839166,-0.23887267667533163,-7.775187641363666
9255255255.255257,0.9727558786108648,-0.23992271928839742,-14.02268366088704,0.020828433651716088,-33.62686777626761,-6.142108249247342,0.020828433651716088,-33.62686777626761,-6.142108249247342,0.9728744038298682,-0.2388644535097896,-7.778046486912009
9261261261.261261,0.9727557943716529,-0.23992347147354987,-14.025530115794805,0.020824641596799594,-33.62844928593529,-6.144851999957645,0.020824641596799594,-33.62844928593529,-6.144851999957645,0.9728753271371382,-0.23885621016284586,-7.780903304073808
9267267267.267267,0.9727557134067274,-0.23992419442214719,-14.028374623104941,0.020820975786829697,-33.62997841783033,-6.147594253540241,0.020820975786829697,-33.62997841783033,-6.147594253540241,0.9728762526071714,-0.23884794751446353,-7.783758101742561
9273273273.273273,0.9727556356139327,-0.23992488904634388,-14.031217191497515,0.02081743617353614,-33.631455164375446,-6.150335024485042,0.02081743617353614,-33.631455164375446,-6.150335024485042,0.9728771801404551,-0.2388396664531507,-7.786610888793172
9279279279.27928,0.9727555608901889,-0.23992555626655176,-14.034057829636382,0.020814022710410707,-33.63287951821037,-6.15307432731066,0.020814022710410707,-33.63287951821037,-6.15307432731066,0.972878109636527,-0.2388313678758919,-7.789461674082114
9285285285.285286,0.9727554891314972,-0.23992619701138462,-14.036896546169336,0.02081073535271646,-33.63425147218782,-6.1558121765649325,0.02081073535271646,-33.63425147218782,-6.1558121765649325,0.9728790409939784,-0.2388230526881166,-7.792310466447583
9291291291.29129,0.9727554202329446,-0.23992681221762335,-14.039733349728252,0.020807574057496905,-33.63557101936945,-6.158548586825456,0.020807574057496905,-33.63557101936945,-6.158548586825456,0.9728799741104615,-0.23881472180363544,-7.795157274709654
9297297297.297298,0.9727553540887096,-0.23992740283015843,-14.042568248929221,0.02080453878358484,-33.63683815302204,-6.161283572700111,0.02080453878358484,-33.63683815302204,-6.161283572700111,0.9728809088826973,-0.2388063761445689,-7.798002107670429
9303303303.303303,0.9727552905920636,-0.239927969801983,-14.045401252372677,0.02080162949161119,-33.63805286661365,-6.1640171488275834,0.02080162949161119,-33.63805286661365,-6.1640171488275834,0.9728818452064765,-0.23879801664134137,-7.800844974114193
9309309309.309309,0.9727552296353815,-0.23992851409409283,-14.048232368643557,0.020798846144013693,-33.639215153809786,-6.1667493298779075,0.020798846144013693,-33.639215153809786,-6.1667493298779075,0.9728827829766705,-0.2387896442325788,-7.803685882807567
9315315315.315315,0.9727551711101418,-0.23992903667549198,-14.051061606311404,0.020796188705045453,-33.64032500846976,-6.169480130552991,0.020796188705045453,-33.64032500846976,-6.169480130552991,0.9728837220872332,-0.23878125986509807,-7.806524842499645
9321321321.321321,0.9727551149069298,-0.23992953852315632,-14.053888973930524,0.020793657140783295,-33.64138242464299,-6.1722095655871465,0.020793657140783295,-33.64138242464299,-6.1722095655871465,0.9728846624312059,-0.23877286449385698,-7.809361861922152
9327327327.327328,0.9727550609154495,-0.23993002062193433,-14.056714480040112,0.02079125141913602,-33.6423873965655,-6.174937649747629,0.02079125141913602,-33.6423873965655,-6.174937649747629,0.9728856039007279,-0.23876445908186436,-7.812196949789587
9333333333.333332,0.9727550090245183,-0.23993048396459055,-14.059538133164375,0.02078897150985256,-33.64333991865634,-6.1776643978351675,0.02078897150985256,-33.64333991865634,-6.1776643978351675,0.9728865463870333,-0.23875604460020652,-7.81503011479936
9339339339.33934,0.9727549591220784,-0.23993092955170375,-14.062359941812677,0.02078681738453007,-33.6442399855141,-6.180389824684518,0.02078681738453007,-33.6442399855141,-6.180389824684518,0.9728874897804656,-0.23874762202791847,-7.81786136563195
9345345345.345345,0.9727549110951985,-0.23993135839165464,-14.065179914479643,0.020784789016621723,-33.64508759191358,-6.1831139451649735,0.020784789016621723,-33.64508759191358,-6.1831139451649735,0.9728884339704744,-0.23873919235200966,-7.820690710951028
9351351351.351353,0.9727548648300763,-0.23993177150059947,-14.067998059645317,0.02078288638144442,-33.64588273280249,-6.185836774180931,0.02078288638144442,-33.64588273280249,-6.185836774180931,0.9728893788456244,-0.2387307565673885,-7.823518159403615
9357357357.357357,0.9727548202120458,-0.2399321699024082,-14.070814385775261,0.020781109456186657,-33.646625403298074,-6.188558326672418,0.020781109456186657,-33.646625403298074,-6.188558326672418,0.9728903242936013,-0.23872231567680596,-7.826343719620204
9363363363.363363,0.9727547771255786,-0.23993255462865187,-14.0736289013207,0.020779458219915826,-33.64731559868395,-6.191278617615642,0.020779458219915826,-33.64731559868395,-6.191278617615642,0.9728912702012124,-0.23871387069085245,-7.8291674002149145
9369369369.36937,0.9727547354542888,-0.23993292671855587,-14.076441614718629,0.020777932653585865,-33.647953314406955,-6.193997662023532,0.020777932653585865,-33.647953314406955,-6.193997662023532,0.9728922164543956,-0.23870542262787342,-7.8319892097856165
9375375375.375376,0.9727546950809378,-0.23993328721896318,-14.079252534391955,0.020776532740044276,-33.6485385460741,-6.196715474946291,0.020776532740044276,-33.6485385460741,-6.196715474946291,0.9728931629382215,-0.23869697251395766,-7.834809156914068
9381381381.381382,0.9727546558874346,-0.23993363718432661,-14.0820616687496,0.020775258464039607,-33.649071289449424,-6.199432071471934,0.020775258464039607,-33.649071289449424,-6.199432071471934,0.9728941095368975,-0.2386885213828936,-7.837627250166057
9387387387.387386,0.9727546177548433,-0.2399339776766431,-14.084869026186626,0.02077410981222838,-33.64955154045113,-6.202147466726847,0.02077410981222838,-33.64955154045113,-6.202147466726847,0.972895056133773,-0.23868007027612637,-7.840443498091518
9393393393.393394,0.9727545805633842,-0.23993430976544516,-14.087674615084374,0.020773086773182136,-33.64997929514859,-6.204861675876336,0.020773086773182136,-33.64997929514859,-6.204861675876336,0.9728960026113452,-0.23867162024270666,-7.843257909224683
9399399399.399399,0.972754544192439,-0.23993463452775188,-14.090478443810557,0.020772189337394165,-33.650354549759584,-6.207574714125173,0.020772189337394165,-33.650354549759584,-6.207574714125173,0.9728969488512604,-0.23866317233927647,-7.846070492084194
9405405405.405407,0.9727545085205527,-0.23993495304805632,-14.09328052071939,0.02077141749728655,-33.65067730064737,-6.210286596718168,0.02077141749728655,-33.65067730064737,-6.210286596718168,0.9728978947343195,-0.2386547276300216,-7.848881255173245
9411411411.411411,0.9727544734254359,-0.2399352664182996,-14.096080854151701,0.020770771247216557,-33.650947544318036,-6.212997338940703,0.020770771247216557,-33.650947544318036,-6.212997338940703,0.9728988401404834,-0.23864628718662306,-7.851690206979697
9417417417.417418,0.9727544387839722,-0.2399355757378084,-14.09887945243506,0.020770250583483328,-33.65116527741782,-6.215706956119312,0.020770250583483328,-33.65116527741782,-6.215706956119312,0.9728997849488729,-0.2386378520882591,-7.854497355976224
9423423423.423424,0.9727544044722162,-0.23993588211331207,-14.101676323883877,0.020769855504334418,-33.65133049673038,-6.218415463622225,0.020769855504334418,-33.65133049673038,-6.218415463622225,0.9729007290377775,-0.2386294234215227,-7.857302710620417
9429429429.42943,0.9727543703654017,-0.23993618665886882,-14.104471476799528,0.020769586009972002,-33.65144319917436,-6.221122876859948,0.020769586009972002,-33.65144319917436,-6.221122876859948,0.9729016722846554,-0.23862100228042668,-7.860106279354923
9435435435.435436,0.97275433633794,-0.23993649049588203,-14.107264919470458,0.02076944210255926,-33.65150338180077,-6.223829211285808,0.02076944210255926,-33.65150338180077,-6.223829211285808,0.97290261456614,-0.23861258976634325,-7.86290807060756
9441441441.44144,0.9727543022634252,-0.2399367947530504,-14.110056660172301,0.020769423786226548,-33.65151104179057,-6.226534482396531,0.020769423786226548,-33.65151104179057,-6.226534482396531,0.9729035557580397,-0.23860418698800573,-7.865708092791446
9447447447.447449,0.9727542680146376,-0.23993710056634132,-14.11284670716799,0.020769531067077438,-33.65146617645227,-6.229238705732812,0.020769531067077438,-33.65146617645227,-6.229238705732812,0.9729044957353479,-0.23859579506141756,-7.868506354305119
9453453453.453453,0.9727542334635463,-0.239937409078965,-14.115635068707858,0.02076976395319474,-33.65136878321956,-6.231941896879873,0.02076976395319474,-33.65136878321956,-6.231941896879873,0.9729054343722374,-0.2385874151099057,-7.871302863532647
9459459459.45946,0.9727541984813093,-0.2399377214413736,-14.118421753029763,0.02077012245464643,-33.65121885964905,-6.2346440714680575,0.02077012245464643,-33.65121885964905,-6.2346440714680575,0.972906371542073,-0.23857904826400658,-7.874097628843765
9465465465.465466,0.97275416293828,-0.2399380388112045,-14.12120676835918,0.020770606583491398,-33.65101640341799,-6.237345245173376,0.020770606583491398,-33.65101640341799,-6.237345245173376,0.9729073071174078,-0.238570695661499,-7.876890658593974
9471471471.471472,0.9727541267040066,-0.2399383623532847,-14.12399012290932,0.02077121635378522,-33.65076141232215,-6.240045433718115,0.02077121635378522,-33.65076141232215,-6.240045433718115,0.9729082409699911,-0.23856235844733253,-7.8796819611246764
9477477477.477478,0.9727540896472376,-0.23993869323958275,-14.126771824881226,0.020771951781585744,-33.65045388427363,-6.242744652871385,0.020771951781585744,-33.65045388427363,-6.242744652871385,0.9729091729707682,-0.2385540377736305,-7.882471544763272
9483483483.483482,0.972754051635922,-0.2399390326492061,-14.129551882463895,0.020772812884958736,-33.65009381729885,-6.245442918449724,0.020772812884958736,-33.65009381729885,-6.245442918449724,0.9729101029898857,-0.2385457347996435,-7.885259417823291
9489489489.48949,0.9727540125372123,-0.2399393817683733,-14.132330303834365,0.020773799683983275,-33.64968120953645,-6.248140246317675,0.020773799683983275,-33.64968120953645,-6.248140246317675,0.9729110308966933,-0.23853745069173143,-7.888045588604504
9495495495.495495,0.9727539722174661,-0.23993974179040203,-14.135107097157828,0.020774912200757015,-33.64921605923546,-6.250836652388363,0.020774912200757015,-33.64921605923546,-6.250836652388363,0.9729119565597476,-0.2385291866233309,-7.890830065393018
9501501501.501503,0.9727539305422513,-0.23994011391566067,-14.13788227058773,0.02077615045940176,-33.64869836475323,-6.253532152624096,0.02077615045940176,-33.64869836475323,-6.253532152624096,0.9729128798468143,-0.2385209437749352,-7.893612856461417
9507507507.507507,0.972753887376345,-0.23994049935158104,-14.140655832265876,0.020777514486068405,-33.64812812455374,-6.256226763036946,0.020777514486068405,-33.64812812455374,-6.256226763036946,0.9729138006248708,-0.23851272333407075,-7.896393970068846
9513513513.513514,0.9727538425837369,-0.23994089931262486,-14.143427790322534,0.020779004308942153,-33.64750533720569,-6.258920499689347,0.020779004308942153,-33.64750533720569,-6.258920499689347,0.97291471876011,-0.23850452649526227,-7.899173414461142
9519519519.51952,0.9727537960276301,-0.23994131502027585,-14.146198152876526,0.020780619958247686,-33.646830001380785,-6.261613378694689,0.020780619958247686,-33.646830001380785,-6.261613378694689,0.9729156341179412,-0.23849635446002868,-7.90195119787093
9525525525.525526,0.9727537475704477,-0.23994174770298599,-14.148966928035337,0.020782361466253858,-33.64610211585208,-6.264305416217907,0.020782361466253858,-33.64610211585208,-6.264305416217907,0.972916546562995,-0.23848820843683488,-7.904727328517735
9531531531.531532,0.9727536970738286,-0.2399421985962086,-14.15173412389521,0.02078422886727888,-33.6453216794923,-6.266996628476104,0.02078422886727888,-33.6453216794923,-6.266996628476104,0.9729174559591237,-0.23848008964108847,-7.907501814608091
9537537537.537537,0.9727536443986329,-0.23994266894235156,-14.154499748541243,0.020786222197694864,-33.644488691272294,-6.2696870317391244,0.020786222197694864,-33.644488691272294,-6.2696870317391244,0.9729183621694046,-0.23847199929511403,-7.910274664335649
9543543543.543545,0.972753589404943,-0.23994315999076532,-14.157263810047494,0.020788341495932682,-33.6436031502595,-6.272376642330185,0.020788341495932682,-33.6436031502595,-6.272376642330185,0.9729192650561428,-0.23846393862812568,-7.913045885881277
9549549549.54955,0.9727535319520662,-0.23994367299772654,-14.160026316477069,0.020790586802486653,-33.64266505561645,-6.27506547662646,0.020790586802486653,-33.64266505561645,-6.27506547662646,0.9729201644808732,-0.2384559088762077,-7.915815487413166
9555555555.555555,0.9727534718985353,-0.23994420922642168,-14.16278727588222,0.02079295815991896,-33.64167440659937,-6.277753551059712,0.02079295815991896,-33.64167440659937,-6.277753551059712,0.9729210603043605,-0.23844791128231618,-7.918583477086939
9561561561.561562,0.9727534091021095,-0.23994476994695144,-14.165546696304446,0.020795455612864232,-33.64063120255685,-6.280440882116894,0.020795455612864232,-33.64063120255685,-6.280440882116894,0.9729219523866068,-0.23843994709621394,-7.921349863045752
9567567567.567568,0.9727533434197787,-0.239945356436282,-14.168304585774582,0.02079807920803394,-33.63953544292846,-6.28312748634076,0.02079807920803394,-33.63953544292846,-6.28312748634076,0.9729228405868479,-0.23843201757449886,-7.924114653420391
9573573573.573574,0.9727532747077625,-0.2399459699782601,-14.171060952312889,0.020800828994220748,-33.63838712724356,-6.285813380330501,0.020800828994220748,-33.63838712724356,-6.285813380330501,0.9729237247635589,-0.23842412398055404,-7.926877856329378
9579579579.579578,0.9727532028215133,-0.23994661186358304,-14.173815803929159,0.020803705022302665,-33.637186255120085,-6.2884985807423455,0.020803705022302665,-33.637186255120085,-6.2884985807423455,0.9729246047744554,-0.23841626758454293,-7.92963947987907
9585585585.585587,0.9727531276157168,-0.23994728338979615,-14.1765691486228,0.02080670734524736,-33.63593282626337,-6.291183104290206,0.02080670734524736,-33.63593282626337,-6.291183104290206,0.972925480476494,-0.23840844966339855,-7.932399532163765
9591591591.59159,0.9727530489442935,-0.23994798586127467,-14.179320994382927,0.020809836018116135,-33.634626840465096,-6.293866967746279,0.020809836018116135,-33.634626840465096,-6.293866967746279,0.9729263517258759,-0.2384006715007925,-7.935158021265783
9597597597.597599,0.9727529666603992,-0.2399487205892259,-14.182071349188458,0.020813091098068014,-33.63326829760223,-6.296550187941703,0.020813091098068014,-33.63326829760223,-6.296550187941703,0.9729272183780492,-0.23839293438711953,-7.937914955255592
9603603603.603603,0.9727528806164298,-0.2399494888916427,-14.18482022100819,0.02081647264436368,-33.63185719763603,-6.299232781767165,0.02081647264436368,-33.63185719763603,-6.299232781767165,0.9729280802877073,-0.23838523961950422,-7.940670342191875
9609609609.60961,0.9727527906640181,-0.2399502920933322,-14.187567617800916,0.02081998071836934,-33.630393540611166,-6.30191476617356,0.02081998071836934,-33.630393540611166,-6.30191476617356,0.9729289373087954,-0.2383775885017485,-7.943424190121649
9615615615.615616,0.9727526966540362,-0.23995113152589415,-14.19031354751549,0.020823615383560423,-33.628877326654816,-6.304596158172614,0.020823615383560423,-33.628877326654816,-6.304596158172614,0.9729297892945079,-0.2383699823443527,-7.946176507080354
9621621621.621622,0.9727525984365988,-0.2399520085276931,-14.19305801809092,0.020827376705525435,-33.62730855597582,-6.3072769748375235,0.020827376705525435,-33.62730855597582,-6.3072769748375235,0.9729306360972925,-0.2383624224644806,-7.948927301091942
9627627627.627628,0.9727524958610623,-0.23995292444386554,-14.195801037456466,0.020831264751969468,-33.62568722886399,-6.309957233303616,0.020831264751969468,-33.62568722886399,-6.309957233303616,0.972931477568851,-0.2383549101859489,-7.951676580168979
9633633633.633633,0.9727523887760251,-0.23995388062631678,-14.198542613531714,0.020835279592717894,-33.62401334568929,-6.312636950768983,0.020835279592717894,-33.62401334568929,-6.312636950768983,0.9729323135601392,-0.23834744683923292,-7.954424352312733
9639639639.63964,0.9727522770293308,-0.2399548784336945,-14.201282754226675,0.020839421299719576,-33.62228690690135,-6.315316144495141,0.020839421299719576,-33.62228690690135,-6.315316144495141,0.9729331439213714,-0.23834003376142215,-7.957170625513276
9645645645.645645,0.9727521604680675,-0.23995591923139165,-14.204021467441857,0.020843689947050627,-33.62050791302868,-6.317994831807671,0.020843689947050627,-33.62050791302868,-6.317994831807671,0.9729339685020204,-0.2383326722962234,-7.95991540774956
9651651651.651651,0.9727520389385679,-0.2399570043915485,-14.206758761068368,0.020848085610917423,-33.618676364678265,-6.320673030096896,0.020848085610917423,-33.618676364678265,-6.320673030096896,0.9729347871508154,-0.23832536379397748,-7.962658706989528
9657657657.657658,0.9727519122864133,-0.23995813529301604,-14.20949464298798,0.020852608369659922,-33.616792262535064,-6.323350756818523,0.020852608369659922,-33.616792262535064,-6.323350756818523,0.9729355997157508,-0.23831810961158104,-7.965400531190186
9663663663.663664,0.9727517803564313,-0.2399593133213779,-14.212229121073236,0.02085725830375496,-33.614855607361484,-6.326028029494314,0.02085725830375496,-33.614855607361484,-6.326028029494314,0.97293640604408,-0.2383109111125442,-7.968140888297708
9669669669.66967,0.9727516429926965,-0.23996053986894056,-14.214962203187504,0.020862035495819133,-33.612866399997145,-6.328704865712761,0.020862035495819133,-33.612866399997145,-6.328704865712761,0.9729372059823188,-0.23830376966695782,-7.970879786247516
9675675675.675674,0.9727515000385326,-0.2399618163347174,-14.217693897185093,0.02086694003061189,-33.61082464135847,-6.331381283129737,0.02086694003061189,-33.61082464135847,-6.331381283129737,0.9729379993762498,-0.23829668665145384,-7.973617232964369
9681681681.681683,0.972751351336514,-0.2399631441244161,-14.220424210911315,0.020871971995038437,-33.60873033243846,-6.334057299469191,0.020871971995038437,-33.60873033243846,-6.334057299469191,0.972938786070918,-0.2382896634492472,-7.976353236362462
9687687687.687687,0.9727511967284629,-0.23996452465046136,-14.223153152202563,0.020877131478152573,-33.60658347430649,-6.336732932523809,0.020877131478152573,-33.60658347430649,-6.336732932523809,0.9729395659106378,-0.2382827014500712,-7.979087804345491
9693693693.693695,0.9727510360554521,-0.2399659593319703,-14.225880728886409,0.020882418571159394,-33.60438406810816,-6.339408200155706,0.020882418571159394,-33.60438406810816,-6.339408200155706,0.9729403387389858,-0.23827580205024315,-7.981820944806769
9699699699.6997,0.9727508691578057,-0.23996744959474858,-14.228606948781675,0.020887833367418028,-33.60213211506523,-6.342083120297095,0.020887833367418028,-33.60213211506523,-6.342083120297095,0.9729411043988112,-0.23826896665257033,-7.984552665629283
9705705705.705706,0.9727506958750987,-0.23996899687129347,-14.231331819698507,0.020893375962444154,-33.59982761647556,-6.344757710950993,0.020893375962444154,-33.59982761647556,-6.344757710950993,0.9729418627322297,-0.23826219666640647,-7.987282974685803
9711711711.711712,0.9727505160461569,-0.23997060260079095,-14.23405534943847,0.020899046453912586,-33.59747057371312,-6.347431990191901,0.020899046453912586,-33.59747057371312,-6.347431990191901,0.9729426135806263,-0.23825549350762507,-7.990011879838948
9717717717.717718,0.9727503295090585,-0.23997226822910883,-14.236777545794613,0.02090484494165941,-33.59506098822821,-6.350105976166497,0.02090484494165941,-33.59506098822821,-6.350105976166497,0.9729433567846556,-0.23824885859861647,-7.992739388941283
9723723723.723724,0.9727501361011336,-0.23997399520879398,-14.239498416551555,0.02091077152768475,-33.59259886154743,-6.352779687094339,0.02091077152768475,-33.59259886154743,-6.352779687094339,0.9729440921842452,-0.23824229336826036,-7.995465509835398
9729729729.729729,0.9727499356589631,-0.23997578499908728,-14.242217969485555,0.020916826316154567,-33.59008419527402,-6.355453141268568,0.020916826316154567,-33.59008419527402,-6.355453141268568,0.9729448196185926,-0.23823579925194946,-7.998190250353987
9735735735.735737,0.9727497280183832,-0.23997763906588004,-14.244936212364605,0.020923009413403096,-33.58751699108802,-6.358126357056609,0.020923009413403096,-33.58751699108802,-6.358126357056609,0.9729455389261672,-0.23822937769157584,-8.00091361831994
9741741741.741741,0.97274951301448,-0.23997955888176675,-14.247653152948487,0.020929320927934727,-33.58489725074672,-6.36079935290088,0.020929320927934727,-33.58489725074672,-6.36079935290088,0.9729462499447108,-0.238223030135524,-8.003635621546412
9747747747.747747,0.9727492904815924,-0.23998154592601345,-14.250368798988863,0.020935760970426015,-33.582224976084945,-6.363472147319515,0.020935760970426015,-33.582224976084945,-6.363472147319515,0.9729469525112397,-0.23821675803865233,-8.006356267836914
9753753753.753754,0.9727490602533134,-0.23998360168455177,-14.253083158229344,0.020942329653727554,-33.57950016901556,-6.366144758907063,0.020942329653727554,-33.57950016901556,-6.366144758907063,0.9729476464620422,-0.23821056286231765,-8.009075564985391
9759759759.75976,0.9727488221624878,-0.23998572764999618,-14.255796238405578,0.020949027092865773,-33.57672283152994,-6.3688172063352235,0.020949027092865773,-33.57672283152994,-6.3688172063352235,0.9729483316326808,-0.23820444607435287,-8.011793520776301
9765765765.765766,0.9727485760412123,-0.23998792532164384,-14.2585080472453,0.020955853405044498,-33.5738929656986,-6.371489508353569,0.020955853405044498,-33.5738929656986,-6.371489508353569,0.9729490078579913,-0.23819840914907578,-8.014510142984689
9771771771.771772,0.9727483217208365,-0.23999019620546796,-14.261218592468433,0.02096280870964665,-33.57101057367175,-6.374161683790266,0.02096280870964665,-33.57101057367175,-6.374161683790266,0.9729496749720864,-0.23819245356725957,-8.017225439376276
9777777777.777779,0.9727480590319623,-0.2399925418141189,-14.263927881787144,0.020969893128235634,-33.56807565768007,-6.376833751552814,0.020969893128235634,-33.56807565768007,-6.376833751552814,0.9729503328083505,-0.23818658081617544,-8.019939417707533
9783783783.783783,0.9727477878044444,-0.23999496366692422,-14.266635922905927,0.020977106784556842,-33.56508822003538,-6.379505730628777,0.020977106784556842,-33.56508822003538,-6.379505730628777,0.9729509811994441,-0.2381807923895572,-8.022652085725754
9789789789.789791,0.972747507867388,-0.23999746328990773,-14.269342723521667,0.020984449804538747,-33.56204826313156,-6.382177640086534,0.020984449804538747,-33.56204826313156,-6.382177640086534,0.9729516199773034,-0.23817508978760213,-8.02536345116914
9795795795.795795,0.9727472190491505,-0.24000004221577287,-14.272048291323724,0.02099192231629417,-33.558955789445385,-6.384849499076005,0.02099192231629417,-33.558955789445385,-6.384849499076005,0.9729522489731386,-0.23816947451698733,-8.028073521766869
9801801801.801802,0.9727469211773413,-0.24000270198390852,-14.274752633993998,0.020999524450121352,-33.55581080153747,-6.387521326829421,0.020999524450121352,-33.55581080153747,-6.387521326829421,0.9729528680174364,-0.2381639480908476,-8.030782305239182
9807807807.807808,0.9727466140788207,-0.2400054441403945,-14.277455759206997,0.02100725633850491,-33.55261330205329,-6.390193142662057,0.02100725633850491,-33.55261330205329,-6.390193142662057,0.9729534769399559,-0.23815851202881266,-8.033489809297444
9813813813.813814,0.9727462975796979,-0.24000827023802224,-14.280157674629917,0.021015118116116588,-33.5493632937243,-6.392864965973005,0.021015118116116588,-33.5493632937243,-6.392864965973005,0.9729540755697351,-0.2381531678569486,-8.036196041644232
9819819819.81982,0.9727459715053338,-0.24001118183626918,-14.282858387922701,0.021023109919816214,-33.546060779368986,-6.395536816245919,0.021023109919816214,-33.546060779368986,-6.395536816245919,0.9729546637350844,-0.23814791710781544,-8.0389010099734
9825825825.825825,0.9727456356803394,-0.24001418050131407,-14.285557906738127,0.02103123188865196,-33.54270576189424,-6.3982087130497955,0.02103123188865196,-33.54270576189424,-6.3982087130497955,0.9729552412635905,-0.2381427613204347,-8.041604721970167
9831831831.831833,0.9727452899285733,-0.24001726780605862,-14.288256238721853,0.021039484163861307,-33.53929824429643,-6.400880676039735,0.021039484163861307,-33.53929824429643,-6.400880676039735,0.972955807982114,-0.2381377020403064,-8.044307185311169
9837837837.837837,0.972744934073143,-0.24002044533011602,-14.290953391512513,0.021047866888870986,-33.535838229662964,-6.403552724957711,0.021047866888870986,-33.535838229662964,-6.403552724957711,0.9729563637167914,-0.23813274081939825,-8.047008407664546
9843843843.843845,0.9727445679364058,-0.24002371465980196,-14.293649372741765,0.021056380209297558,-33.53232572117355,-6.406224879633361,0.021056380209297558,-33.53232572117355,-6.406224879633361,0.9729569082930322,-0.2381278792161656,-8.04970839669002
9849849849.84985,0.9727441913399634,-0.24002707738818768,-14.296344190034368,0.021065024272947423,-33.528760722101744,-6.408897159984754,0.021065024272947423,-33.528760722101744,-6.408897159984754,0.9729574415355209,-0.23812311879553583,-8.052407160038952
9855855855.855856,0.9727438041046669,-0.24003053511504818,-14.299037851008253,0.021073799229816892,-33.52514323581651,-6.411569586019185,0.021073799229816892,-33.52514323581651,-6.411569586019185,0.9729579632682159,-0.2381184611289193,-8.05510470535442
9861861861.861862,0.9727434060506119,-0.24003408944691235,-14.301730363274583,0.021082705232092006,-33.52147326578383,-6.414242177833975,0.021082705232092006,-33.52147326578383,-6.414242177833975,0.9729584733143487,-0.23811390779421665,-8.057801040271297
9867867867.867868,0.97274299699714,-0.24003774199704908,-14.304421734437827,0.021091742434148433,-33.5177508155684,-6.4169149556172425,0.021091742434148433,-33.5177508155684,-6.4169149556172425,0.9729589714964237,-0.2381094603758177,-8.060496172416306
9873873873.873875,0.9727425767628369,-0.24004149438547837,-14.307111972095822,0.021100910992551028,-33.51397588883538,-6.419587939648726,0.021100910992551028,-33.51397588883538,-6.419587939648726,0.9729594576362187,-0.2381051204646019,-8.063190109408106
9879879879.879879,0.9727421451655316,-0.2400453482389885,-14.309801083839837,0.021110211066053257,-33.51014848935232,-6.422261150300579,0.021110211066053257,-33.51014848935232,-6.422261150300579,0.9729599315547833,-0.23810088965794818,-8.06588285885735
9885885885.885887,0.9727417020222966,-0.24004930519112522,-14.312489077254655,0.021119642815596702,-33.50626862099095,-6.424934608038183,0.021119642815596702,-33.50626862099095,-6.424934608038183,0.9729603930724382,-0.2380967695597453,-8.068574428366764
9891891891.891891,0.972741247149446,-0.24005336688221474,-14.315175959918614,0.021129206404310284,-33.50233628772921,-6.4276083334209515,0.021129206404310284,-33.50233628772921,-6.4276083334209515,0.9729608420087753,-0.23809276178038785,-8.071264825531202
9897897897.897898,0.9727407803625339,-0.24005753495937593,-14.317861739403693,0.021138901997509157,-33.49835149365338,-6.430282347103161,0.021138901997509157,-33.49835149365338,-6.430282347103161,0.9729612781826595,-0.23808886793676262,-8.073954057937733
9903903903.903904,0.9727403014763569,-0.24006181107649768,-14.320546423275564,0.021148729762693868,-33.49431424296012,-6.4329566698347715,0.021148729762693868,-33.49431424296012,-6.4329566698347715,0.9729617014122213,-0.23808508965231528,-8.076642133165688
9909909909.90991,0.9727398103049479,-0.24006619689429767,-14.323230019093666,0.02115868986954901,-33.49022453995874,-6.435631322462243,0.02115868986954901,-33.49022453995874,-6.435631322462243,0.9729621115148627,-0.23808142855699405,-8.079329058786746
9915915915.915916,0.9727393066615787,-0.24007069408029563,-14.325912534411255,0.02116878248994191,-33.48608238907345,-6.438306325929377,0.02116878248994191,-33.48608238907345,-6.438306325929377,0.9729625083072557,-0.23807788628726767,-8.082014842364986
9921921921.92192,0.9727387903587587,-0.2400753043088268,-14.328593976775487,0.021179007797921152,-33.48188779484573,-6.440981701278158,0.021179007797921152,-33.48188779484573,-6.440981701278158,0.9729628916053374,-0.23807446448616837,-8.084699491456963
9927927927.927929,0.972738261208231,-0.2400800292610755,-14.331274353727466,0.02118936596971476,-33.47764076193683,-6.443657469649586,0.02118936596971476,-33.47764076193683,-6.443657469649586,0.9729632612243144,-0.2380711648032513,-8.087383013611774
9933933933.933933,0.9727377190209765,-0.2400848706250439,-14.33395367280231,0.021199857183728507,-33.47334129513021,-6.446333652284525,0.021199857183728507,-33.47334129513021,-6.446333652284525,0.9729636169786567,-0.23806798889464933,-8.090065416371113
9939939939.939941,0.9727371636072062,-0.24008983009561377,-14.336631941529221,0.021210481620543894,-33.46898939933417,-6.449010270524562,0.021210481620543894,-33.46898939933417,-6.449010270524562,0.9729639586821014,-0.2380649384230426,-8.092746707269349
9945945945.945946,0.9727365947763652,-0.2400949093745156,-14.339309167431537,0.02122123946291584,-33.46458507958458,-6.451687345812848,0.02122123946291584,-33.46458507958458,-6.451687345812848,0.9729642861476507,-0.23806201505767244,-8.095426893833585
9951951951.951952,0.9727360123371296,-0.24010011017035615,-14.3419853580268,0.02123213089577059,-33.46012834104754,-6.45436489969498,0.02123213089577059,-33.46012834104754,-6.45436489969498,0.972964599187569,-0.23805922047437356,-8.098105983583723
9957957957.957958,0.9727354160974028,-0.24010543419865,-14.34466052082682,0.021243156106202955,-33.45561918902236,-6.457042953819847,0.021243156106202955,-33.45561918902236,-6.457042953819847,0.9729648976133833,-0.23805655635556225,-8.100783984032525
9963963963.963964,0.9727348058643208,-0.24011088318177345,-14.347334663337723,0.021254315283473803,-33.45105762894433,-6.459721529940514,0.021254315283473803,-33.45105762894433,-6.459721529940514,0.9729651812358837,-0.2380540243902425,-8.103460902685681
9969969969.96997,0.9727341814442424,-0.24011645884905403,-14.350007793060024,0.021265608619007028,-33.44644366638792,-6.462400649915094,0.021265608619007028,-33.44644366638792,-6.462400649915094,0.9729654498651195,-0.23805162627403226,-8.106136747041873
9975975975.975975,0.9727335426427536,-0.24012216293672797,-14.352679917488693,0.021277036306386603,-33.4417773070697,-6.465080335707627,0.021277036306386603,-33.4417773070697,-6.465080335707627,0.9729657033104,-0.2380493637091594,-8.108811524592832
9981981981.981983,0.9727328892646641,-0.24012799718797428,-14.355351044113197,0.021288598541353315,-33.437058556851625,-6.467760609388975,0.021288598541353315,-33.437058556851625,-6.467760609388975,0.9729659413802929,-0.23804723840447917,-8.111485242823406
9987987987.987988,0.9727322211140081,-0.24013396335290618,-14.35802118041757,0.021300295521801266,-33.43228742174426,-6.470441493137694,0.021300295521801266,-33.43228742174426,-6.470441493137694,0.9729661638826237,-0.23804525207547605,-8.114157909211613
9993993993.993994,0.9727315379940388,-0.24014006318862474,-14.360690333880475,0.021312127447774203,-33.42746390791022,-6.473123009240955,0.021312127447774203,-33.42746390791022,-6.473123009240955,0.9729663706244724,-0.2380434064442941,-8.11682953122872
10000000000.0,0.972730839707229,-0.24014629845920651,-14.363358511975258,0.02132409452146182,-33.4225880216675,-6.475805180095425,0.02132409452146182,-33.4225880216675,-6.475805180095425,0.9729665614121769,-0.23804170323971027,-8.119500116339285
