frequency_hz,s11_mag,s11_db,s11_phase_deg,s21_mag,s21_db,s21_phase_deg,s12_mag,s12_db,s12_phase_deg,s22_mag,s22_db,s22_phase_deg
4000000000.0,0.7548553733749496,-2.4427249823012476,-2.0570252829464355,0.5291466637544698,-5.528478754713001,-0.36402183339517474,0.5291466637544698,-5.528478754713001,-0.36402183339517474,0.7627984948298374,-2.351803451685319,-1.7566830866872218
4006006006.0060062,0.752428275215313,-2.4706978525646535,-2.081988927036914,0.5317486191957668,-5.485872583330721,-0.38693388931341527,0.5317486191957668,-5.485872583330721,-0.38693388931341527,0.760323395344617,-2.3800329191154463,-1.778782762799824
4012012012.012012,0.750053192110073,-2.498158726279896,-2.1070748922494134,0.5342660308525677,-5.444848755992545,-0.40995967161577895,0.5342660308525677,-5.444848755992545,-0.40995967161577895,0.7578939148414829,-2.4078315977349636,-1.8010245843747519
4018018018.0180182,0.7477335920231973,-2.525062163645167,-2.132281057009355,0.5366960147257372,-5.405432591708413,-0.43309824623417187,0.5366960147257372,-5.405432591708413,-0.43309824623417187,0.7555133526121025,-2.43515711453325,-1.8234094721723906
4024024024.024024,0.7454729569968596,-2.551362130472214,-2.157605228664402,0.5390356960643121,-5.367649479551394,-0.4563486613044619,0.5390356960643121,-5.367649479551394,-0.4563486613044619,0.753185028892352,-2.4619664213830306,-1.8459383683141992
4030030030.0300303,0.7432747760323711,-2.5770121055670154,-2.1830451450701482,0.5412822119702841,-5.331524895832,-0.47970994885543755,0.5412822119702841,-5.331524895832,-0.47970994885543755,0.7509122786664759,-2.4882158835182673,-1.8686122336094475
4036036036.036036,0.7411425377158117,-2.6019651955987655,-2.2085984763414257,0.5434327139430243,-5.297084423357331,-0.5031811263972499,0.5434327139430243,-5.297084423357331,-0.5031811263972499,0.748698445237655,-2.5138613747147165,-1.891432044378272
4042042042.0420423,0.7390797226029574,-2.6261742572962006,-2.2342628267715376,0.5454843703607037,-5.2643537727628384,-0.5267611983888649,0.5454843703607037,-5.2643537727628384,-0.5267611983888649,0.7465468735753202,-2.5388583791135306,-1.914398788754088
4048048048.048048,0.7370897953790699,-2.6495920267509683,-2.2600357369204254,0.547434368897577,-5.233358805890587,-0.5504491575634721,0.547434368897577,-5.233358805890587,-0.5504491575634721,0.7444609034499683,-2.5631620995868856,-1.9375134624511627
4054054054.0540543,0.7351761968098975,-2.672171255547289,-2.28591468587154,0.5492799188776656,-5.204125561172531,-0.5742439860907257,0.5492799188776656,-5.204125561172531,-0.5742439860907257,0.7424438623666235,-2.5867275725004966,-1.9607770639867645
4060060060.06006,0.73334233550107,-2.6938648533733893,-2.311897093655786,0.551018253567122,-5.176680280961799,-0.5981446565547187,0.551018253567122,-5.176680280961799,-0.5981446565547187,0.7404990583084035,-2.609509788681898,-1.9841905893511425
4066066066.0660663,0.7315915794837229,-2.7146260367062784,-2.3379803238390062,0.5526466324093748,-5.151049440738919,-0.6221501327266301,0.5526466324093748,-5.151049440738919,-0.6221501327266301,0.7386297723019133,-2.631463820355439,-2.007755026122526
4072072072.072072,0.7299272476449176,-2.734408483095003,-2.3641616862675594,0.554162343209013,-5.127259780103984,-0.6462593701112467,0.554162343209013,-5.127259780103984,-0.6462593701112467,0.7368392508164814,-2.6525449537546644,-2.0314713470288193
4078078078.0780783,0.7283526010219756,-2.7531664905022013,-2.390438439964379,0.5555627042722822,-5.1053383354490345,-0.6704713162471351,0.5555627042722822,-5.1053383354490345,-0.6704713162471351,0.7351306980094372,-2.6727088270719572,-2.0553405029623257
4084084084.084084,0.7268708339804681,-2.770855141097533,-2.416807796165433,0.556845066513977,-5.085312474188659,-0.6947849107407376,0.556845066513977,-5.085312474188659,-0.6947849107407376,0.7335072678299287,-2.6919115733520433,-2.079363415458638
4090090090.0900903,0.7254850652961399,-2.7874304688318747,-2.443266921483868,0.5580068155423953,-5.067209930410545,-0.7191990850154809,0.5580068155423953,-5.067209930410545,-0.7191990850154809,0.7319720559940057,-2.7101099678828517,-2.1035409686558344
4096096096.096096,0.7241983291615784,-2.802849630058235,-2.4698129411864604,0.5590453737359012,-5.051058841791268,-0.7437127617580708,0.5590453737359012,-5.051058841791268,-0.7437127617580708,0.7305280918440333,-2.727261579582758,-2.1278740007554062
4102102102.1021023,0.7230135661390235,-2.8170710764041464,-2.4964429425640198,0.5599582023264226,-5.036887787606858,-0.7683248540451967,0.5599582023264226,-5.036887787606858,-0.7683248540451967,0.7291783301058709,-2.743324925828972,-2.1523632950114346
4108108108.108108,0.7219336140812124,-2.830054729043623,-2.523153978374327,0.5607428035069011,-5.02472582765236,-0.7930342641352299,0.5607428035069011,-5.02472582765236,-0.7930342641352299,0.727925642557741,-2.7582596301175015,-2.177009570279769
4114114114.1141143,0.7209611990428254,-2.841762153462547,-2.549943070333475,0.5613967225812998,-5.0146025418695395,-0.8178398819112482,0.5613967225812998,-5.0146025418695395,-0.8178398819112482,0.726772809625257,-2.7720265818921757,-2.2018134711643227
4120120120.12012,0.720098926205672,-2.8521567337635894,-2.5768072126280637,0.5619175501771735,-5.006548070468089,-0.8427405829631227,0.5619175501771735,-5.006548070468089,-0.8427405829631227,0.7257225119178455,-2.784588097827403,-2.226775557802374
4126126126.1261263,0.7193492708415223,-2.861203845513263,-2.6037433754182575,0.5623029245420569,-5.000593154312228,-0.8677352262987236,0.5623029245420569,-5.000593154312228,-0.8677352262987236,0.7247773217226331,-2.795908083799433,-2.25189629533596
4132132132.132132,0.7187145693372409,-2.8688710260976613,-2.6307485082986037,0.562550533945931,-4.996769175332733,-0.8928226516760955,0.562550533945931,-4.996769175332733,-0.8928226516760955,0.7239396944729214,-2.8059521967327816,-2.2771760431207757
4138138138.1381383,0.7181970103077844,-2.875128141523735,-2.657819543681419,0.5626581192128006,-4.99510819671346,-0.9180016765511257,0.5626581192128006,-4.99510819671346,-0.9180016765511257,0.7232119602096317,-2.814688005463184,-2.3026150437286925
4144144144.144144,0.7177986258236129,-2.8799475485814456,-2.6849534000649995,0.5626234764049127,-4.995643002591978,-0.9432710926373756,0.5626234764049127,-4.995643002591978,-0.9432710926373756,0.7225963150554908,-2.822085149717723,-2.328213411803496
4150150150.1501503,0.7175212827801432,-2.8833042512691245,-2.712146985147553,0.5624444596833207,-4.998407137006199,-0.968629662077831,0.5624444596833207,-4.998407137006199,-0.968629662077831,0.7220948127234397,-2.8281154962750454,-2.3539711228334075
4156156156.156156,0.7173666744381507,-2.8851760503794477,-2.7393971987461954,0.5621189843683514,-5.003434941812816,-0.9940761132308985,0.5621189843683514,-5.003434941812816,-0.9940761132308985,0.7217093560825674,-2.832753291337222,-2.3798880019066426
4162162162.1621623,0.7173363121653112,-2.885543685149217,-2.7667009354798897,0.561645030223006,-5.0107615932994465,-1.019609136076277,0.561645030223006,-5.0107615932994465,-1.019609136076277,0.7214416888069892,-2.8359753081181904,-2.405963712518942
4168168168.168168,0.7174315174106192,-2.8843909658898683,-2.7940550871750056,0.5610206449814121,-5.020423137210659,-1.0452273772494065,0.5610206449814121,-5.020423137210659,-1.0452273772494065,0.7212933871353809,-2.8377609886339643,-2.4321977455038204
4174174174.1741743,0.7176534139449581,-2.881704896540821,-2.8214565449529587,0.560243948143118,-5.0324565219087045,-1.0709294347166636,0.560243948143118,-5.0324565219087045,-1.0709294347166636,0.7212658517713633,-2.8380925786672604,-2.4585894081576436
4180180180.18018,0.7180029204028227,-2.8774757861219196,-2.8489022009606706,0.559313135052245,-5.046899629393331,-1.0967138521069093,0.559313135052245,-5.046899629393331,-1.0967138521069093,0.7213602999576276,-2.8369552548739874,-2.485137813632233
4186186186.1861863,0.7184807431619804,-2.8716973481056165,-2.8763889497070116,0.5582264812782891,-5.063791303911404,-1.1225791127187426,0.5582264812782891,-5.063791303911404,-1.1225791127187426,0.7215777577595062,-2.834337243002652,-2.511841870667849
4192192192.192192,0.7190873695996858,-2.8643667867841485,-2.9039136889712753,0.55698234731267,-5.083171377896525,-1.1485236332264528,0.55698234731267,-5.083171377896525,-1.1485236332264528,0.7219190525966119,-2.8302299262103823,-2.5387002737387254
4198198198.1981983,0.7198230617659804,-2.855484869770344,-2.931473320253708,0.5555791835919516,-5.105080694991893,-1.1745457571114704,0.5555791835919516,-5.105080694991893,-1.1745457571114704,0.7223848060642163,-2.8246279424808094,-2.5657114936820538
4204204204.204204,0.720687850516425,-2.845055985844596,-2.9590647487429473,0.5540155358549955,-5.12956112992625,-1.2006437478500693,0.5540155358549955,-5.12956112992625,-1.2006437478500693,0.7229754270890132,-2.8175292701814403,-2.5928737688796253
4210210210.2102103,0.7216815301484893,-2.8330881874416844,-2.9866848827806973,0.5522900508371835,-5.156655605033224,-1.2268157818918488,0.5522900508371835,-5.156655605033224,-1.2268157818918488,0.723691105466907,-2.808935300840253,-2.6201850970587857
4216216216.216216,0.7228036535874685,-2.8195932171621694,-3.014330632810352,0.5504014823002357,-5.186408103229026,-1.253059941467355,0.5504014823002357,-5.186408103229026,-1.253059941467355,0.724531805833336,-2.798850898273832,-2.647643227776451
4222222222.2222223,0.7240535281693765,-2.8045865177902582,-3.0419989098034197,0.5483486973911016,-5.21886367729237,-1.279374207267102,0.5483486973911016,-5.21886367729237,-1.279374207267102,0.7254972621192763,-2.7872844432632657,-2.675245655646587
4228228228.228228,0.7254302120695327,-2.788087225405137,-3.069686623165204,0.5461306833179306,-5.254068455323923,-1.3057564510377964,0.5461306833179306,-5.254068455323923,-1.3057564510377964,0.7265869725485014,-2.7742478630476834,-2.702989614367576
4234234234.2342343,0.7269325114265544,-2.7701181452832415,-3.0973906781295057,0.5437465543252664,-5.292069642300685,-1.332204428145154,0.5437465543252664,-5.292069642300685,-1.332204428145154,0.7278001952336631,-2.759756644990414,-2.7308720716017723
4240240240.24024,0.7285589782120622,-2.750705710404842,-3.125107972660634,0.5411955589444275,-5.3329155176835075,-1.3587157701559343,0.5411955589444275,-5.3329155176835075,-1.3587157701559343,0.7291359444303555,-2.7438298338673746,-2.7588897247549022
4246246246.2462463,0.7303079088965255,-2.729879922498389,-3.1528353938900917,0.5384770874885565,-5.376655429083748,-1.3852879774949685,0.5384770874885565,-5.376655429083748,-1.3852879774949685,0.730592987509348,-2.726490012331765,-2.7870389976983674
4252252252.252252,0.7321773439612224,-2.707674275679576,-3.1805698141240506,0.5355906797551592,-5.423339782047588,-1.4119184122354107,0.5355906797551592,-5.423339782047588,-1.4119184122354107,0.7321698427075406,-2.7077632642230314,-2.8153160384722704
4258258258.2582583,0.7341650683052785,-2.6841256628669052,-3.208308086467011,0.5325360328921324,-5.473020026074287,-1.438604291083078,0.5325360328921324,-5.473020026074287,-1.438604291083078,0.7338647777178268,-2.687679120510018,-2.843716718002253
4264264264.264264,0.7362686125949006,-2.6592742652829475,-3.236047040115392,0.5293130093764822,-5.525748637046457,-1.4653426786171297,0.5293130093764822,-5.525748637046457,-1.4653426786171297,0.7356758091769017,-2.6662704877870436,-2.8722366298576487
4270270270.2702703,0.7384852555993928,-2.633163425476562,-3.263783475383515,0.5259216450481337,-5.581579096318018,-1.4921304808510665,0.5259216450481337,-5.581579096318018,-1.4921304808510665,0.7376007031079168,-2.643573559377508,-2.9008710910736455
4276276276.276276,0.7408120275551054,-2.6058395044271547,-3.2915141585318435,0.5223621571346961,-5.640565866776292,-1.5189644391783146,0.5223621571346961,-5.640565866776292,-1.5189644391783146,0.739636976371838,-2.619627709239526,-2.929615144054632
4282282282.2822824,0.7432457145941451,-2.5773517234152434,-3.319235816474608,0.5186349521967556,-5.702764366270687,-1.5458411247669643,0.5186349521967556,-5.702764366270687,-1.5458411247669643,0.741781899177259,-2.594475369011638,-2.9584635595709505
4288288288.288288,0.7457828642693747,-2.5477519914639175,-3.3469451314498007,0.514740633917453,-5.768230938879489,-1.572756933467291,0.514740633917453,-5.768230938879489,-1.572756933467291,0.7440324986932337,-2.568161888682096,-2.9874108408559787
4294294294.2942944,0.7484197922009855,-2.517094719271274,-3.3746387357396443,0.5106800106548535,-5.837022824569065,-1.5997080812942697,0.5106800106548535,-5.837022824569065,-1.5997080812942697,0.7463855638033833,-2.540735381510904,-3.0164512288054866
4300300300.300301,0.7511525898626918,-2.48543662066396,-3.4023132065332553,0.506454102671075,-5.909198127885253,-1.6266906005447894,0.506454102671075,-5.909198127885253,-1.6266906005447894,0.7488376510321865,-2.5122465539771417,-3.0455787082760235
4306306306.306306,0.7539771335174144,-2.452836502705196,-3.4299650610257904,0.5020641489484462,-5.984815786404711,-1.6537003366061305,0.5020641489484462,-5.984815786404711,-1.6537003366061305,0.7513850916658362,-2.4827485216649023,-3.074787015474237
4312312312.312312,0.7568890943031713,-2.419355045686635,-3.457590751849158,0.49751161350027506,-6.063935539763433,-1.6807329455078834,0.49751161350027506,-6.063935539763433,-1.6807329455078834,0.7540240000805629,-2.4522966121357723,-3.1040696464238633
4318318318.318318,0.7598839494599768,-2.3850545743195846,-3.4851866629288613,0.4927981910822299,-6.146617900170007,-1.7077838922643123,0.4927981910822299,-6.146617900170007,-1.7077838922643123,0.7567502832808255,-2.4209481559635977,-3.133419866492099
4324324324.324325,0.7629569946777882,-2.349998821518336,-3.5127491058594376,0.48792581220995995,-6.232924125402627,-1.7348484500480734,0.48792581220995995,-6.232924125402627,-1.7348484500480734,0.7595596516384282,-2.388762267225819,-3.162830720952132
4330330330.33033,0.766103357534199,-2.3142526862340325,-3.540274316887157,0.4828966473895912,-6.322916195379067,-1.761921700228885,0.4828966473895912,-6.322916195379067,-1.761921700228885,0.7624476308115631,-2.355799614852983,-3.192295046553286
4336336336.336336,0.7693180119787275,-2.2778819868515776,-3.567758454583374,0.47771311047012477,-6.416656793478891,-1.7889985333027074,0.47771311047012477,-6.416656793478891,-1.7889985333027074,0.765409574810072,-2.322122186333588,-3.221805484065163
4342342342.342342,0.7725957938083626,-2.2409532117036095,-3.5951975982850395,0.4723778610306687,-6.514209293885173,-1.8160736507278212,0.4723778610306687,-6.514209293885173,-1.8160736507278212,0.7684406801602119,-2.287793045351666,-3.2513544917567123
4348348348.348349,0.7759314170667408,-2.203533268283481,-3.62258774737074,0.4668938057208194,-6.615637756299818,-1.8431415676743121,0.4668938057208194,-6.615637756299818,-1.8431415676743121,0.7715360011089375,-2.252876084999958,-3.2809343597658915
4354354354.354355,0.7793194912871391,-2.165689232752808,-3.64992482143086,0.46126409847947036,-6.721006929470086,-1.8701966166825708,0.46126409847947036,-6.721006929470086,-1.8701966166825708,0.7746904657944589,-2.2174357782603455,-3.3105372253099308
4360360360.36036,0.7827545394875364,-2.1274881013388973,-3.677204661379799,0.45549213956574214,-6.830382265045954,-1.897232952214894,0.45549213956574214,-6.830382265045954,-1.897232952214894,0.7778988932969496,-2.1815369274730907,-3.340155088680665
4366366366.366366,0.7862310168146796,-2.0889965452014776,-3.704423031546337,0.4495815733456122,-6.943829943366935,-1.9242445560720525,0.4495815733456122,-6.943829943366935,-1.9242445560720525,0.7811560114707576,-2.1452444145295253,-3.3697798299638193
4372372372.372373,0.7897433297235307,-2.050280670317542,-3.731575622765547,0.44353628478905566,-7.0614169128538915,-1.9512252436337985,0.44353628478905566,-7.0614169128538915,-1.9512252436337985,0.7844564754478602,-2.1086229535154355,-3.3994032264153646
4378378378.378378,0.7932858555689591,-2.0114057838873003,-3.7586580564825582,0.43736039464492976,-7.183210944757369,-1.978168670869172,0.43736039464492976,-7.183210944757369,-1.978168670869172,0.787794886691618,-2.071736847506857,-3.4290169704226776
4384384384.384384,0.7968529624782713,-1.9724361687037644,-3.7856658898647484,0.4310582532743596,-7.309280705088393,-2.0050683420487068,0.4310582532743596,-7.309280705088393,-2.0050683420487068,0.7911658124704838,-2.034649751175205,-3.4586126879726957
4390390390.39039,0.800439029366378,-1.9334348668535295,-3.8125946219052254,0.4246344331377279,-7.439695845633709,-2.031917618076834,0.4246344331377279,-7.439695845633709,-2.031917618076834,0.7945638056134139,-1.9974244407952322,-3.4881819575441173
4396396396.396397,0.8040384659502866,-1.894463474027499,-3.839439700486837,0.41809371994539235,-7.57452711603527,-2.0587097253487756,0.41809371994539235,-7.57452711603527,-2.0587097253487756,0.7979834244024616,-1.9601225931686128,-3.517716329335868
4402402402.402403,0.8076457326162957,-1.8555819456188074,-3.866196530362795,0.4114411024975987,-7.713846498997837,-2.085437765022313,0.4114411024975987,-7.713846498997837,-2.085437765022313,0.8014192524537012,-1.922804574877612,-3.547207344739767
4408408408.408408,0.8112553599918721,-1.816848415672396,-3.8928604819970265,0.40468176125467387,-7.857727370777323,-2.1120947225804927,0.40468176125467387,-7.857727370777323,-2.1120947225804927,0.8048659184351147,-1.8855292431715456,-3.5766465559611995
4414414414.414414,0.8148619680749181,-1.778319029626538,-3.9194269011959935,0.39782105569382675,-8.006244689206891,-2.1386734775478957,0.39782105569382675,-8.006244689206891,-2.1386734775478957,0.8083181154698904,-1.8483537596605557,-3.6060255456888846
4420420420.420421,0.8184602847758194,-1.7400477916548105,-3.9458911194523854,0.39086451052397986,-8.159475211631587,-2.1651668132087383,0.39086451052397986,-8.159475211631587,-2.1651668132087383,0.8117706200752624,-1.8113334178540637,-3.6353359467118733
4426426426.426426,0.8220451637325081,-1.7020864272771603,-3.9722484649120737,0.3838178008441409,-8.317497745262134,-2.191567426161858,0.3838178008441409,-8.317497745262134,-2.191567426161858,0.8152183104910317,-1.7745214854322722,-3.6645694613809097
4432432432.432432,0.8256116012655782,-1.664484261764005,-3.998494273867145,0.3766867363441804,-8.480393432618786,-2.2178679355335618,0.3766867363441804,-8.480393432618786,-2.2178679355335618,0.8186561842579281,-1.7379690619833956,-3.6937178808103415
4438438438.438438,0.8291547523492325,-1.6272881147091667,-4.024623902671357,0.36947724465886567,-8.648246074931373,-2.244060891655555,0.36947724465886567,-8.648246074931373,-2.244060891655555,0.8220793749139875,-1.7017249527783909,-3.7227731037172607
4444444444.444445,0.8326699454843507,-1.5905422109978384,-4.050632739969387,0.3621953539965385,-8.821142496596428,-2.270138784001099,0.3621953539965385,-8.821142496596428,-2.270138784001099,0.825483167687036,-1.665835558990871,-3.7517271547961855
4450450450.450451,0.8361526963720701,-1.5542881082469304,-4.076516219127809,0.3548471751727618,-8.999172954074012,-2.2960940481575802,0.3548471751727618,-8.999172954074012,-2.2960940481575802,0.8288630140729425,-1.6303447846056227,-3.7805722025300046
4456456456.456456,0.8395987202997353,-1.5185646406490325,-4.10226983075419,0.3474388831863133,-9.18243159294884,-2.321919071597997,0.3474388831863133,-9.18243159294884,-2.321919071597997,0.8322145452023687,-1.5952939600966114,-3.8093005763416303
4462462462.462462,0.843003943165675,-1.4834078790095724,-4.127889135190772,0.3399766984800444,-9.371016957291628,-2.347606197996554,0.3399766984800444,-9.371016957291628,-2.347606197996554,0.8355335839130016,-1.5607217827973558,-3.8379047829956416
4468468468.468469,0.8463645110846887,-1.448851106631893,-4.153369774870929,0.33246686803226044,-9.565032555951914,-2.3731477298140793,0.33246686803226044,-9.565032555951914,-2.3731477298140793,0.8388161554594982,-1.5266642737345772,-3.8663775221647647
4474474474.474475,0.8496767985321291,-1.4149248105780818,-4.178707486429984,0.3249156464253218,-9.764587491009571,-2.3985359288568104,0.3249156464253218,-9.764587491009571,-2.3985359288568104,0.8420584968092625,-1.4931547505526386,-3.8947117010830348
4480480480.48048,0.8529374150007479,-1.3816566877161303,-4.2038981124667085,0.31732927703723096,-9.969797154326027,-2.4237630144857443,0.31732927703723096,-9.969797154326027,-2.4237630144857443,0.8452570644884545,-1.4602238160227605,-3.92290044821482
4486486486.486486,0.8561432101606774,-1.3490716648582977,-4.228937612858021,0.30971397349902774,-10.180783998991584,-2.4488211591226197,0.30971397349902774,-10.180783998991584,-2.4488211591226197,0.8484085409589114,-1.4278993615099274,-3.950937125877483
4492492492.492493,0.8592912775288566,-1.3171919322014842,-4.253822075536673,0.3020759015560424,-10.397678393487285,-2.4737024806606813,0.3020759015560424,-10.397678393487285,-2.4737024806606813,0.8515098395228532,-1.396206584660837,-3.9788153417642107
4498498498.498499,0.8623789566695578,-1.286036989199459,-4.278547726650138,0.29442116146450414,-10.620619567602498,-2.4983990313423154,0.29442116146450414,-10.620619567602498,-2.4983990313423154,0.8545581077678069,-1.3651680204820424,-4.006528959323289
4504504504.504504,0.8654038339621476,-1.255623701929709,-4.303110940028013,0.28675577104699246,-10.84975666060761,-2.522902782608833,0.28675577104699246,-10.84975666060761,-2.522902782608833,0.8575507295790727,-1.3348035848969855,-4.034072106959743
4510510510.51051,0.8683637419856933,-1.2259663709640445,-4.327508245895023,0.2790856495208231,-11.085249883924877,-2.5472056053575294,0.2790856495208231,-11.085249883924877,-2.5472056053575294,0.8604853257609645,-1.305130629805217,-4.06143918603538
4516516516.516517,0.8712567575822177,-1.197076808712845,-4.351736338776991,0.27141660220299624,-11.32727181262486,-2.5712992449542544,0.27141660220299624,-11.32727181262486,-2.5712992449542544,0.8633597533207714,-1.2761640086170079,-4.088624877653337
4522522522.522523,0.8740811986712682,-1.1689644251867697,-4.375792084557627,0.2637543061840122,-11.576008822572188,-2.5951752902417176,0.2637543061840122,-11.576008822572188,-2.5951752902417176,0.8661721034807685,-1.2479161512013703,-4.115624148223316
4528528528.528528,0.8768356198977428,-1.1416363211078904,-4.399672526654375,0.2561042970510481,-11.831662693036511,-2.6188251356488434,0.2561042970510481,-11.831662693036511,-2.6188251356488434,0.8689206984935733,-1.220397147164344,-4.142432253813202
4534534534.534534,0.8795188072027051,-1.1150973873020773,-4.423374891292184,0.2484719567287868,-12.094452398186217,-2.642239935338574,0.2484719567287868,-12.094452398186217,-2.642239935338574,0.8716040873445015,-1.193614836367855,-4.169044743302367
4540540540.540541,0.8821297714130089,-1.0893504093171937,-4.44689659186384,0.2408625024941292,-12.364616115221292,-2.665410548120562,0.2408625024941292,-12.364616115221292,-2.665410548120562,0.874221040431394,-1.167574905605236,-4.195457460360514
4546546546.546547,0.8846677409501092,-1.0643961762343832,-4.4702352323756855,0.23328097720907354,-12.64241348215842,-2.688327471591083,0.23328097720907354,-12.64241348215842,-2.688327471591083,0.8767705433175946,-1.142280990367507,-4.221666544284581
4552552552.552552,0.8871321537613117,-1.0402335926733168,-4.493388609986089,0.22573224080494542,-12.928128144656927,-2.710980763628888,0.22573224080494542,-12.928128144656927,-2.710980763628888,0.879251789657353,-1.1177347806634583,-4.247668429733174
4558558558.558558,0.8895226485781333,-1.0168597930337566,-4.516354716653075,0.218220963040668,-13.22207063906122,-2.733359948954796,0.218220963040668,-13.22207063906122,-2.733359948954796,0.8816641733950289,-1.093936129894947,-4.273459845405418
4564564564.564565,0.8918390556064154,-0.9942702570649786,-4.5391317399148114,0.2107516175487269,-13.524581668366613,-2.755453907927349,0.2107516175487269,-13.524581668366613,-2.755453907927349,0.884007280340096,-1.07088316583559,-4.2990378117164765
4570570570.570571,0.894081386751419,-0.9724589259103528,-4.561718062833818,0.2033284771747957,-13.836035839558981,-2.7772507440641054,0.2033284771747957,-13.836035839558981,-2.7772507440641054,0.8862808792192345,-1.048572402814645,-4.324399637527467
4576576576.576576,0.8962498254786073,-0.9514183178342822,-4.5841122631418045,0.19595561061129865,-14.156845945310476,-2.798737625901709,0.19595561061129865,-14.156845945310476,-2.798737625901709,0.8884849123048421,-1.0269988542672719,-4.34954291599154
4582582582.582582,0.898344716407124,-0.931139642903287,-4.606313111627137,0.18863688032178677,-14.487467891103194,-2.819900597676275,0.18863688032178677,-14.487467891103194,-2.819900597676275,0.890619485716257,-1.0061561448758312,-4.37446551958123
4588588588.588589,0.900366554728462,-0.9116129159591848,-4.628319569811349,0.1813759417524612,-14.828406391502028,-2.840724351835169,0.1813759417524612,-14.828406391502028,-2.840724351835169,0.8926848594859649,-0.9860366215936899,-4.399165594364643
4594594594.594595,0.902315975537472,-0.8928270672904998,-4.650130786964523,0.17417624383008912,-15.180221587836822,-2.8611919544663915,0.17417624383008912,-15.180221587836822,-2.8611919544663915,0.8946814374782591,-0.9666314629113714,-4.423641553599698
4600600600.6006,0.9041937431569173,-0.8747700504765744,-4.671746096511966,0.16704103075290982,-15.543536775745359,-2.8812845121922264,0.16704103075290982,-15.543536775745359,-2.8812845121922264,0.8966097572423642,-0.947930785794006,-4.44789207071644
4606606606.6066065,0.9060007405303796,-0.8574289469466061,-4.693165011886401,0.15997334509398364,-15.919047477250682,-2.9009807656954583,0.15997334509398364,-15.919047477250682,-2.9009807656954583,0.8984704798759844,-0.9299237497885525,-4.47191607175752
4612612612.612613,0.907737958751579,-0.8407900668622147,-4.7143872218809,0.15297603225660755,-16.307532151502098,-2.9202565905111593,0.15297603225660755,-16.307532151502098,-2.9202565905111593,0.9002643799689405,-0.9125986578664812,-4.495712727346256
4618618618.618619,0.9094064867912507,-0.8248390459963085,-4.735412585558197,0.14605174635116938,-16.70986491538453,-2.939084379569345,0.14605174635116938,-16.70986491538453,-2.939084379569345,0.9019923356899127,-0.8959430536338939,-4.519281444250593
4624624624.624624,0.9110075014756985,-0.809560938342692,-4.756241126771606,0.13920295760579524,-17.127030745912723,-2.957432273553584,0.13920295760579524,-17.127030745912723,-2.957432273553584,0.9036553190725612,-0.8799438146045371,-4.542621856609302
4630630630.6306305,0.9125422577642088,-0.794940304248825,-4.776873028351997,0.1324319614843587,-17.560143769051237,-2.9752631934778986,0.1324319614843587,-17.560143769051237,-2.9752631934778986,0.9052543865505924,-0.8645872412910666,-4.565733816884599
4636636636.636637,0.9140120793656367,-0.7809612939190874,-4.797308626013751,0.12574088977274028,-18.010469416057642,-2.9925336135359446,0.12574088977274028,-18.010469416057642,-2.9925336135359446,0.9067906697846584,-0.8498591419268169,-4.588617386602538
4642642642.642643,0.9154183497279035,-0.767607726186173,-4.817548402030991,0.11913172401923651,-18.479451465240125,-3.009191989062038,0.11913172401923651,-18.479451465240125,-3.009191989062038,0.9082653668174979,-0.8357449126831533,-4.61127282693959
4648648648.648648,0.9167625034277773,-0.7548631624950912,-4.837592978733005,0.11260631189599447,-18.96874530785104,-3.0251767210170972,0.11260631189599447,-18.96874530785104,-3.0251767210170972,0.9096797335875232,-0.8222296132958242,-4.633700589210401
4654654654.6546545,0.9180460179823475,-0.7427109760862531,-4.857443111865449,0.10616638731357678,-19.480259215910614,-3.0404134895532877,0.10616638731357678,-19.480259215910614,-3.0404134895532877,0.9110350758250824,-0.8092980380585917,-4.655901305308224
4660660660.660661,0.9192704060979846,-0.73113441640227,-4.877099683861009,0.09981359551582702,-20.016205996824972,-3.0548117166198647,0.09981359551582702,-20.016205996824972,-3.0548117166198647,0.9123327413501024,-0.7969347821820211,-4.677875778145708
4666666666.666667,0.9204372083674114,-0.7201166687766186,-4.896563697060584,0.09354952498104446,-20.579168267744407,-3.068259807799458,0.09354952498104446,-20.579168267744407,-3.068259807799458,0.9135741127846015,-0.7851243035513473,-4.699624972140218
4672672672.672672,0.9215479864207569,-0.709640909491963,-4.915836266922676,0.08737574888204012,-21.17218177938731,-3.080618654333493,0.08737574888204012,-21.17218177938731,-3.080618654333493,0.9147606006887838,-0.7738509799488812,-4.721150003783607
4678678678.6786785,0.9226043165321794,-0.6996903563213313,-4.934918615255945,0.08129388032260909,-21.79884292382706,-3.0917126098621233,0.08129388032260909,-21.79884292382706,-3.0917126098621233,0.91589363712512,-0.7630991618334976,-4.742452132332994
4684684684.684685,0.9236077836797953,-0.6902483146870948,-4.953812063506447,0.07530564794220848,-22.463449007685853,-3.1013167271665294,0.07530564794220848,-22.463449007685853,-3.1013167271665294,0.9169746696508481,-0.7528532207937437,-4.763532750654909
4690690690.690691,0.9245599760532842,-0.681298219590411,-4.972518026128242,0.06941300243271935,-23.171183399011973,-3.109138330993419,0.06941300243271935,-23.171183399011973,-3.109138330993419,0.9180051557359066,-0.7430975938102997,-4.784393376251854
4696696696.696697,0.9254624800005462,-0.672823673478784,-4.991038004062782,0.0636182712895722,-23.92836272456679,-3.1147897982736934,0.0636182712895722,-23.92836272456679,-3.1147897982736934,0.9189865576001955,-0.7338168234802893,-4.805035642496389
4702702702.7027025,0.9263168754023051,-0.664808480230292,-5.009373578349756,0.05792439113713095,-24.742770450604013,-3.1177473070496573,0.05792439113713095,-24.742770450604013,-3.1177473070496573,0.9199203374614674,-0.7249955943684125,-4.825461290094801
4708708708.708709,0.9271247314613632,-0.6572366754420561,-5.027526403888931,0.05233526908011077,-25.62411077158581,-3.1172864943039174,0.05233526908011077,-25.62411077158581,-3.1172864943039174,0.9208079531828375,-0.7166187656603545,-4.8456721587987674
4714714714.714715,0.9278876028914962,-0.6500925532160076,-5.045498203370011,0.04685636694315018,-26.58462775810573,-3.1123787863312518,0.04685636694315018,-26.58462775810573,-3.1123787863312518,0.9216508543070505,-0.7086714003008411,-4.865670179380604
4720720720.72072,0.9286070264895366,-0.6433606896388129,-5.063290761384839,0.04149568748186088,-27.639940716432868,-3.1015181519263066,0.04149568748186088,-27.639940716432868,-3.1015181519263066,0.9224504784630781,-0.701138790803676,-4.885457365884674
4726726726.726727,0.9292845180731325,-0.637025963153957,-5.08090591873381,0.0362655220200033,-28.81012133507727,-3.0824195554052176,0.0362655220200033,-28.81012133507727,-3.0824195554052176,0.9232082481294037,-0.6940064819236278,-4.905035808164836
4732732732.732733,0.9299215697658434,-0.631073572023813,-5.098345566936073,0.03118572302034545,-30.12088365332076,-3.0514704229821676,0.03118572302034545,-30.12088365332076,-3.0514704229821676,0.923925567737402,-0.6872602903808366,-4.924407664715263
4738738738.738739,0.9305196476107186,-0.6254890490773324,-5.115611642951025,0.026290224924157266,-31.60411396604126,-3.0026878706967497,0.026290224924157266,-31.60411396604126,-3.0026878706967497,0.9246038210975822,-0.6808863218271013,-4.943575155799772
4744744744.744745,0.931080189493214,-0.6202582739354655,-5.132706124116567,0.021640933833326475,-33.29448005623506,-2.92567153116309,0.021640933833326475,-33.29448005623506,-2.92567153116309,0.925244369130988,-0.6748709852413198,-4.9625405568825816
4750750750.750751,0.9316046033541946,-0.6153674829020206,-5.1496310233078635,0.017359120176961375,-35.209445804358424,-2.8016706012315615,0.017359120176961375,-35.209445804358424,-2.8016706012315615,0.9258485478878918,-0.6692010049369995,-4.981306192361571
4756756756.756757,0.9320942656738792,-0.610803276701924,-5.166388384318685,0.013696666463705211,-37.26770239786603,-2.5978496418920383,0.013696666463705211,-37.26770239786603,-2.5978496418920383,0.9264176668358165,-0.6638634303606562,-4.999874429603399
4762762762.762763,0.932550520207828,-0.6065526262425526,-5.182980277465932,0.011161316723852963,-39.04569135497368,-2.2726916991607737,0.011161316723852963,-39.04569135497368,-2.2726916991607737,0.9269530073991104,-0.6588456438536074,-5.018247673278292
4768768768.768768,0.9329746769564651,-0.6026028765667112,-5.199408795416693,0.010478856201766239,-39.593722385921716,-1.8435346993022645,0.010478856201766239,-39.593722385921716,-1.8435346993022645,0.9274558217325303,-0.6541353665437246,-5.036428359990983
4774774774.774775,0.9333680113500971,-0.5989417491586203,-5.215676049235955,0.01187034432747946,-38.51073366243235,-1.4501111163893925,0.01187034432747946,-38.51073366243235,-1.4501111163893925,0.9279273317116787,-0.6497206625267211,-5.054418953203104
4780780780.780781,0.9337317636320149,-0.5955573427560893,-5.23178416465209,0.014681882323188145,-36.66436522332002,-1.1832763647553808,0.014681882323188145,-36.66436522332002,-1.1832763647553808,0.9283687281236548,-0.6455899414889792,-5.072221938441271
4786786786.786787,0.9340671384228867,-0.5924381328143744,-5.247735278536372,0.018207860460758125,-34.79482167133641,-1.0196904458982918,0.018207860460758125,-34.79482167133641,-1.0196904458982918,0.9287811700417817,-0.6417319599168965,-5.089839818784298
4792792792.792793,0.9343753044503841,-0.5895729697588852,-5.2635315355920005,0.02206010158562735,-33.127849839751725,-0.9187185654400081,0.02206010158562735,-33.127849839751725,-0.9187185654400081,0.929165784368958,-0.6381358210294419,-5.107275110622164
4798798798.798799,0.9346573944287335,-0.5869510761558235,-5.27917508524743,0.02605448664923183,-31.68234958608121,-0.8545353720265411,0.02605448664923183,-31.68234958608121,-0.8545353720265411,0.9295236655348157,-0.6347909735631185,-5.124530339678811
4804804804.804805,0.9349145050736735,-0.5845620429216448,-5.294668078748342,0.030101142590200122,-30.428340379683924,-0.8128066115022926,0.030101142590200122,-30.428340379683924,-0.8128066115022926,0.9298558753325826,-0.6316872095306871,-5.14160803729032
4810810810.810811,0.9351476972390906,-0.5823958246843387,-5.310012666442052,0.03415315776582498,-29.33138271410177,-0.7854767765747591,0.03415315776582498,-29.33138271410177,-0.7854767765747591,0.9301634428822838,-0.6288146610671934,-5.158510736929636
4816816816.816816,0.9353579961624184,-0.5804427344016742,-5.325210995247881,0.038184431436794064,-28.36227343248405,-0.7678106843692872,0.038184431436794064,-28.36227343248405,-0.7678106843692872,0.9304473647076568,-0.6261637964692784,-5.175240970968729
4822822822.822823,0.9355463918067017,-0.5786934373338062,-5.340265206306741,0.04217968406473625,-27.497933550942285,-0.7568871323411541,0.04217968406473625,-27.497933550942285,-0.7568871323411541,0.9307086049148847,-0.6237254155265253,-5.191801267668906
4828828828.828829,0.9357138392879892,-0.5771389444606622,-5.355177432802896,0.046129640698539996,-26.720398561530363,-0.7508226703141101,0.046129640698539996,-26.720398561530363,-0.7508226703141101,0.9309480954620348,-0.6214906442360294,-5.208194148389793
4834834834.834835,0.9358612593775518,-0.5757706054269408,-5.369949797950869,0.050028550674418165,-26.015641568644,-0.748355260740818,0.050028550674418165,-26.015641568644,-0.748355260740818,0.9311667365087651,-0.6194509289849912,-5.2244221250075125
4840840840.840841,0.9359895390691285,-0.5745801010913292,-5.384584413140288,0.053872832921041953,-25.372603726642744,-0.7486107306949633,0.053872832921041953,-25.372603726642744,-0.7486107306949633,0.9313653968366387,-0.6175980302789532,-5.2404876975325925
4846846846.846847,0.9360995322021739,-0.5735594357497728,-5.399083376231502,0.057660297080596286,-24.782462486916238,-0.7509660372522393,0.057660297080596286,-24.782462486916238,-0.7509660372522393,0.931544914331035,-0.6159240160873866,-5.256393351918181
4852852852.852853,0.9361920601327886,-0.5727009290965336,-5.413448769994812,0.06138967530653495,-24.238093272434153,-0.7549660451538738,0.06138967530653495,-24.238093272434153,-0.7549660451538738,0.931706096516352,-0.6144212548720414,-5.272141558049229
4858858858.858859,0.9362679124446575,-0.5719972079813218,-5.427682660686155,0.06506032969832666,-23.733674804544368,-0.7602710896480634,0.06506032969832666,-23.733674804544368,-0.7602710896480634,0.9318497211368226,-0.6130824083578991,-5.287734767903489
4864864864.864864,0.9363278476930316,-0.5714411980147639,-5.441787096752381,0.0686720631769398,-23.264398090152895,-0.7666229055707575,0.0686720631769398,-23.264398090152895,-0.7666229055707575,0.9319765367759107,-0.6119004241010259,-5.303175413875408
4870870870.870871,0.936372594175314,-0.5710261150701758,-5.455764107659118,0.0722249935128679,-22.826249769827832,-0.7738218776584597,0.0722249935128679,-22.826249769827832,-0.7738218776584597,0.9320872635078058,-0.6108685279028283,-5.318465907254049
4876876876.876877,0.9364028507224921,-0.5707454567239163,-5.469615702834595,0.07571946715643108,-22.415849017206533,-0.7817114768744109,0.07571946715643108,-22.415849017206533,-0.7817114768744109,0.9321825935751424,-0.6099802161150781,-5.333608636846565
4882882882.882883,0.9364192875061087,-0.5705929936730069,-5.4833438707228614,0.07915599887447153,-22.03032332687091,-0.7901673793578362,0.07915599887447153,-22.03032332687091,-0.7901673793578362,0.932263192087564,-0.6092292478759309,-5.3486059677389575
4888888888.888889,0.9364225468560546,-0.5705627611638833,-5.496950577940081,0.08253522854939023,-21.667212835309158,-0.7990897096055851,0.08253522854939023,-21.667212835309158,-0.7990897096055851,0.9323296977362628,-0.6086096373128923,-5.363460240186084
4894894894.894895,0.9364132440848857,-0.5706490504628097,-5.510437768527709,0.08585788965663602,-21.324395809267983,-0.8083974129838216,0.08585788965663602,-21.324395809267983,-0.8083974129838216,0.9323827235200992,-0.6081156457448108,-5.378173768623186
4900900900.900901,0.9363919683148623,-0.5708464003945299,-5.523807363296682,0.08912478585643858,-21.000030012698623,-0.818024107721032,0.08912478585643858,-21.000030012698623,-0.818024107721032,0.9324228574793327,-0.6077417739114714,-5.392748840791526
4906906906.906907,0.9363592833042793,-0.5711495889728593,-5.537061259256873,0.09233677333195914,-20.692506114997773,-0.82791498300648,0.09233677333195914,-20.692506114997773,-0.82791498300648,0.9324506634334042,-0.6074827542560842,-5.40718771697094
4912912912.912913,0.9363157282700847,-0.5715536251434992,-5.550201329126347,0.09549474726912953,-20.400410326392276,-0.8380244486577225,0.09549474726912953,-20.400410326392276,-0.8380244486577225,0.9324666817196099,-0.6073335432826987,-5.421492629312521
4918918918.918919,0.9362618187041025,-0.5720537406569455,-5.563229420915165,0.09859963137054854,-20.12249417461105,-0.8483143326855027,0.09859963137054854,-20.12249417461105,-0.8483143326855027,0.9324714299298188,-0.6072893140081771,-5.435665781264831
4924924924.924925,0.9361980471805339,-0.5726453820865691,-5.576147357578728,0.1016523696259418,-19.857649860740057,-0.8587524836635948,0.1016523696259418,-19.857649860740057,-0.8587524836635948,0.9324654036427581,-0.6073454485253301,-5.449709347087422
4930930930.930931,0.9361248841526789,-0.5733242030049307,-5.588956936735827,0.10465391978485294,-19.60489001271686,-0.8693116758927186,0.10465391978485294,-19.60489001271686,-0.8693116758927186,0.9324490771496458,-0.6074975306919008,-5.463625471445675
4936936936.936937,0.9360427787371409,-0.574086056328908,-5.601659930446894,0.10760524813057888,-19.363330934253497,-0.8799687436483385,0.10760524813057888,-19.363330934253497,-0.8799687436483385,0.9324229041712598,-0.6077413389576173,-5.477416269081321
4942942942.942943,0.9359521594839851,-0.5749269868427029,-5.614258085048064,0.11050732526130132,-19.13217865403563,-0.8907038905829878,0.11050732526130132,-19.13217865403563,-0.8907038905829878,0.9323873185647725,-0.6080728393397166,-5.491083824553237
4948948948.948949,0.935853435131576,-0.5758432239058644,-5.6267531210369635,0.1133611226600398,-18.910717234985025,-0.9015001343673538,0.1133611226600398,-18.910717234985025,-0.9015001343673538,0.9323427350189017,-0.6084881785556389,-5.504630192043413
4954954954.954955,0.9357469953450289,-0.5768311743518993,-5.639146733006293,0.11616760988926465,-18.69829892036867,-0.9123428567067728,0.11616760988926465,-18.69829892036867,-0.9123428567067728,0.9322895497361638,-0.6089836773198004,-5.518057395223251
4960960960.960961,0.935633211437389,-0.5778874155817513,-5.651440589621527,0.11892775228535273,-18.494335782645543,-0.9232194361656201,0.11892775228535273,-18.494335782645543,-0.9232194361656201,0.9322281411011739,-0.6095558238101886,-5.531367427175603
4966966966.966967,0.9355124370728274,-0.5790086888551402,-5.663636333639246,0.12164250905695458,-18.298292609369017,-0.9341189465847162,0.12164250905695458,-18.298292609369017,-0.9341189465847162,0.9321588703341529,-0.6102012673088562,-5.544562250368264
4972972972.972973,0.9353850089513068,-0.5801918927815523,-5.675735581962796,0.12431283171273583,-18.109680813424188,-0.9450319078443615,0.12431283171273583,-18.109680813424188,-0.9450319078443615,0.9320820821289222,-0.6109168120195707,-5.557643796674807
4978978978.978979,0.9352512474742906,-0.5814340770118399,-5.687739925732139,0.12693966276004257,-17.928053196169486,-0.9559500786943824,0.12693966276004257,-17.928053196169486,-0.9559500786943824,0.9319981052748252,-0.611699411064677,-5.570613967438892
4984984984.984985,0.9351114573912017,-0.58273243613043,-5.69965093044508,0.12952393462819398,-17.752999424476254,-0.966866283614204,0.12952393462819398,-17.752999424476254,-0.966866283614204,0.9319072532621503,-0.6125461606622365,-5.583474633578532
4990990990.990991,0.9349659284264642,-0.5840843037472355,-5.711470136106975,0.13206656877937142,-17.584142108292397,-0.9777742673724994,0.13206656877937142,-17.584142108292397,-0.9777742673724994,0.9318098248707312,-0.6134542944838137,-5.596227635726775
4996996996.996997,0.9348149358870262,-0.5854871467879483,-5.723199057406484,0.13456847497727986,-17.421133385744422,-0.9886685722661358,0.13456847497727986,-17.421133385744422,-0.9886685722661358,0.9317061047415045,-0.6144211781925313,-5.608874784405744
5003003003.003003,0.9346587412503731,-0.5869385599806298,-5.734839183914857,0.13703055068928593,-17.26365193911586,-0.9995444340307927,0.13703055068928593,-17.26365193911586,-0.9995444340307927,0.9315963639309089,-0.6154443041602718,-5.621417860230935
5009009009.009009,0.9344975927331156,-0.5884362605359612,-5.746391980306544,0.13945368060214205,-17.111400378176477,-1.0103976932046514,0.13945368060214205,-17.111400378176477,-1.0103976932046514,0.9314808604480773,-0.6165212863624534,-5.633858614143039
5015015015.015015,0.9343317258402858,-0.5899780830182961,-5.75785888659899,0.14183873623483984,-16.964102937973642,-1.021224719344875,0.14183873623483984,-16.964102937973642,-1.021224719344875,0.9313598397748429,-0.6176498554483567,-5.646198767664622
5021021021.021021,0.9341613638955655,-0.5915619744039222,-5.769241318409667,0.1441865756349096,-16.821503446850222,-1.03202234598466,0.1441865756349096,-16.821503446850222,-1.03202234598466,0.9312335353686655,-0.6188278539843557,-5.658440013179245
5027027027.027027,0.9339867185526808,-0.5931859893230497,-5.780540667228442,0.14649804314666576,-16.68336352753271,-1.0427878146059326,0.14649804314666576,-16.68336352753271,-1.0427878146059326,0.9311021691486181,-0.6200532318672219,-5.670584014230679
5033033033.033033,0.9338079902882714,-0.5948482854814577,-5.791758300703641,0.14877396924172773,-16.54946099994668,-1.0535187262120973,0.14877396924172773,-16.54946099994668,-1.0535187262120973,0.9309659519646072,-0.6213240419045368,-5.682632405840131
5039039039.039039,0.9336253688765745,-0.5965471192575801,-5.802895562940149,0.15101517040356718,-16.41958845921971,-1.0642129993334861,0.15101517040356718,-16.41958845921971,-1.0642129993334861,0.9308250840501012,-0.6226384355583994,-5.694586794839472
5045045045.045045,0.9334390338462719,-0.5982808414708336,-5.813953774808092,0.1532224490590579,-16.293552006310577,-1.074868833498505,0.1532224490590579,-16.293552006310577,-1.074868833498505,0.9306797554586016,-0.623994658849142,-5.706448760218598
5051051051.051051,0.9332491549199142,-0.6000478933165042,-5.824934234260702,0.15539659355096963,-16.171170112018906,-1.0854846773659632,0.15539659355096963,-16.171170112018906,-1.0854846773659632,0.9305301464841748,-0.6253910484150669,-5.718219853485214
5057057057.057057,0.9330558924363067,-0.6018468024628641,-5.8358382166601075,0.15753837814619676,-16.05227259789808,-1.0960592008465087,0.15753837814619676,-16.05227259789808,-1.0960592008465087,0.9303764280663641,-0.6268260277243323,-5.729901599035444
5063063063.063063,0.9328593977563183,-0.6036761793055598,-5.846666975109837,0.15964856307517766,-15.936699719920057,-1.1065912706494294,0.15964856307517766,-15.936699719920057,-1.1065912706494294,0.930218762179833,-0.628298103434894,-5.741495494533779
5069069069.069069,0.9326598136525153,-0.6055347133749576,-5.8574217407929705,0.1617278945985608,-15.824301342697403,-1.1170799287802362,0.1617278945985608,-15.824301342697403,-1.1170799287802362,0.9300573022090932,-0.6298058618984674,-5.753003011300981
5075075075.075075,0.9324572746831132,-0.6074211698913348,-5.868103723314903,0.16377710509764987,-15.714936193723513,-1.1275243735879783,0.16377710509764987,-15.714936193723513,-1.1275243735879783,0.9298921933086988,-0.6313479658043117,-5.764425594708688
5081081081.081081,0.9322519075506636,-0.6093343864636037,-5.878714111049777,0.16579691318559187,-15.60847118849459,-1.1379239430222385,0.16579691318559187,-15.60847118849459,-1.1379239430222385,0.9297235727493038,-0.6329231509585351,-5.7757646645795075
5087087087.087088,0.9320438314459658,-0.6112732699265897,-5.889254071489777,0.1677880238366339,-15.504780818570872,-1.1482780998105506,0.1677880238366339,-15.504780818570872,-1.1482780998105506,0.9295515702499382,-0.6345302231950987,-5.787021615591576
5093093093.093093,0.9318331583776501,-0.6132367933123989,-5.899724751596426,0.16975112853106417,-15.403746595654999,-1.1585864183092418,0.16975112853106417,-15.403746595654999,-1.1585864183092418,0.9293763082969593,-0.6361680554137719,-5.798197817686516
5099099099.099099,0.9316199934878916,-0.6152239929512795,-5.910127278153219,0.17168690541375456,-15.305256545635986,-1.1688485728163582,0.17168690541375456,-15.305256545635986,-1.1688485728163582,0.9291979024500153,-0.6378355847415111,-5.809294616479922
5105105105.105105,0.9314044353547303,-0.6172339656973101,-5.920462758118865,0.17359601946441952,-15.20920474729851,-1.1790643271651033,0.17359601946441952,-15.20920474729851,-1.1790643271651033,0.9290164616354766,-0.6395318098126248,-5.820313333673488
5111111111.111111,0.9311865762814266,-0.6192658662747039,-5.930732278980608,0.17547912267794483,-15.11549091104049,-1.1892335254415025,0.17547912267794483,-15.11549091104049,-1.1892335254415025,0.9288320884276957,-0.6412557881640395,-5.831255267468048
5117117117.117117,0.9309665025733221,-0.6213189047401674,-5.940936909106998,0.17733685425329343,-15.024019993500186,-1.19935608369127,0.17733685425329343,-15.024019993500186,-1.19935608369127,0.9286448793185134,-0.6430066337414974,-5.842121692976784
5123123123.123123,0.93074429480263,-0.6233923440572066,-5.951077698099642,0.17916984078966328,-14.934701844475741,-1.2094319824990205,0.17916984078966328,-14.934701844475741,-1.2094319824990205,0.9284549249753968,-0.6447835145128167,-5.852913862637941
5129129129.129129,0.930520028061609,-0.625485497778034,-5.961155677143487,0.1809786964887236,-14.847450882937906,-1.2194612603384063,0.1809786964887236,-14.847450882937906,-1.2194612603384063,0.9282623104886096,-0.6465856501842827,-5.863633006626524
5135135135.135136,0.9302937722045286,-0.6275977278291766,-5.9711718593551755,0.18276402336185038,-14.762185799302204,-1.2294440076048399,0.18276402336185038,-14.762185799302204,-1.2294440076048399,0.9280671156077709,-0.6484123100166321,-5.874280333264349
5141141141.141141,0.9300655920788464,-0.6297284423967647,-5.981127240129157,0.18452641144143167,-14.678829281442251,-1.2393803612538827,0.18452641144143167,-14.678829281442251,-1.2393803612538827,0.9278694149682114,-0.6502628107366658,-5.884857029428038
5147147147.147147,0.9298355477460134,-0.6318770939075945,-5.991022797481154,0.18626643899537418,-14.597307762205315,-1.2492704999779423,0.18626643899537418,-14.597307762205315,-1.2492704999779423,0.9276692783074677,-0.6521365145411635,-5.895364260954458
5153153153.153153,0.9296036946922905,-0.634043177102312,-6.000859492388715,0.1879846727440571,-14.517551186432854,-1.2591146398623034,0.1879846727440571,-14.517551186432854,-1.2591146398623034,0.9274667706722949,-0.6540328271894252,-5.905803173043237
5159159159.159159,0.9293700840299765,-0.6362262271969845,-6.0106382691285845,0.1896816680790494,-14.439492795702687,-1.2689130304687524,0.1896816680790494,-14.439492795702687,-1.2689130304687524,0.927261952616531,-0.655951196181226,-5.916174890655989
5165165165.165165,0.9291347626894001,-0.638425818129727,-6.020360055610631,0.19135796928297533,-14.363068929197134,-1.2786659513012024,0.19135796928297533,-14.363068929197134,-1.2786659513012024,0.9270548803901759,-0.6578911090167134,-5.926480518911928
5171171171.171171,0.92889777360207,-0.6406415608887273,-6.030025763708126,0.19301410974997796,-14.288218839266932,-1.2883737086131584,0.19301410974997796,-14.288218839266932,-1.2883737086131584,0.9268456061199998,-0.6598520915352295,-5.936721143479571
5177177177.177177,0.9286591558753126,-0.6428731019185734,-6.039636289584176,0.19465061220629734,-14.21488452040638,-1.2980366325215733,0.19465061220629734,-14.21488452040638,-1.2980366325215733,0.9266341779820207,-0.661833706329828,-5.946897830964289
5183183183.183184,0.9284189449587407,-0.6451201216016993,-6.049192514014173,0.1962679889305176,-14.143010550485135,-1.3076550743956785,0.1962679889305176,-14.143010550485135,-1.3076550743956785,0.9264206403661576,-0.6638355512345852,-5.957011629291488
5189189189.189189,0.9281771728029068,-0.647382332811677,-6.058695302704069,0.19786674197309662,-14.072543943196132,-1.3172294044929718,0.19786674197309662,-14.072543943196132,-1.3172294044929718,0.9262050340333637,-0.6658572578818028,-5.967063568085184
5195195195.195195,0.92793386801042,-0.6496594795357553,-6.068145506604412,0.1994473633748288,-14.003434010781142,-1.3267600098176409,0.1994473633748288,-14.003434010781142,-1.3267600098176409,0.925987396265544,-0.6678984903262651,-5.9770546590418565
5201201201.201201,0.9276890559798759,-0.6519513355634237,-6.077543962219978,0.20101033538393023,-13.935632236186073,-1.3362472921794493,0.20101033538393023,-13.935632236186073,-1.3362472921794493,0.9257677610085369,-0.6699589437338818,-5.986985896299365
5207207207.207207,0.9274427590428725,-0.6542577032384865,-6.086891491914961,0.20255613067147715,-13.86909215387842,-1.3456916664334855,0.20255613067147715,-13.86909215387842,-1.3456916664334855,0.9255461590084301,-0.6720383431322047,-5.996858256800866
5213213213.213213,0.927194996594399,-0.6565784122719989,-6.09618890421363,0.20408521254494913,-13.803769238631908,-1.3550935588833095,0.20408521254494913,-13.803769238631908,-1.3550935588833095,0.9253226179415013,-0.6741364422200928,-6.006672700653581
5219219219.219219,0.9269457852168933,-0.6589133186133446,-6.105436994096387,0.20559803515967034,-13.739620801647147,-1.3644534058318614,0.20559803515967034,-13.739620801647147,-1.3644534058318614,0.9250971625380098,-0.6762530222344022,-6.016430171482337
5225225225.225225,0.9266951387982019,-0.6612623033773225,-6.114636543291204,0.20709504372795712,-13.676605893435227,-1.3737716522661512,0.20709504372795712,-13.676605893435227,-1.3737716522661512,0.9248698147001133,-0.6783878908711503,-6.026131596777812
5231231231.231232,0.9264430686437333,-0.663625271824549,-6.123788320560398,0.2085766747258158,-13.614685212942447,-1.3830487506632207,0.2085766747258158,-13.614685212942447,-1.3830487506632207,0.9246405936141365,-0.6805408812590447,-6.035777888239438
5237237237.237237,0.9261895835830153,-0.6660021523932768,-6.132893081982705,0.21004335609704047,-13.55382102244147,-1.3922851599060766,0.21004335609704047,-13.55382102244147,-1.3922851599060766,0.9244095158574226,-0.6827118509832253,-6.045369942112886
5243243243.243243,0.9259346900709249,-0.6683928957801508,-6.141951571230695,0.21149550745460288,-13.493977067754932,-1.401481344299558,0.21149550745460288,-13.493977067754932,-1.401481344299558,0.9241765955000014,-0.6849006811570489,-6.054908639522164
5249249249.249249,0.9256783922837933,-0.6707974740680633,-6.150964519843471,0.2129335402792184,-13.435118503416351,-1.41063777267696,0.2129335402792184,-13.435118503416351,-1.41063777267696,0.9239418442012648,-0.6871072755401606,-6.064394846796241
5255255255.255255,0.9254206922106057,-0.6732158798991055,-6.159932647494685,0.21435785811501173,-13.377211822406043,-1.4197549175892834,0.21435785811501173,-13.377211822406043,-1.4197549175892834,0.9237052713018763,-0.6893315597007377,-6.073829415790242
5261261261.261261,0.9251615897395283,-0.6756481256904816,-6.168856662255919,0.21576885676220675,-13.320224790130975,-1.4288332545696858,0.21576885676220675,-13.320224790130975,-1.4288332545696858,0.9234668839111014,-0.6915734802201963,-6.083213184201225
5267267267.267267,0.9249010827399154,-0.6780942428920176,-6.177737260855372,0.21716692446677988,-13.264126382345188,-1.4378732614664356,0.21716692446677988,-13.264126382345188,-1.4378732614664356,0.9232266869897492,-0.6938330039385966,-6.09254697587848
5273273273.273273,0.9246391671400452,-0.6805542812829799,-6.186575128931984,0.21855244210703875,-13.208886726732,-1.4468754178383916,0.21855244210703875,-13.208886726732,-1.4468754178383916,0.9229846834289014,-0.6961101172391232,-6.101831601128495
5279279279.27928,0.9243758370007157,-0.6830283083070271,-6.195370941284947,0.21992578337708182,-13.154477047892684,-1.4558402044074614,0.21992578337708182,-13.154477047892684,-1.4558402044074614,0.9227408741246174,-0.6984048253699122,-6.111067857014484
5285285285.285285,0.9241110845849073,-0.6855164084434074,-6.204125362118713,0.22128731496712623,-13.10086961550603,-1.4647681025631731,0.22128731496712623,-13.10086961550603,-1.4647681025631731,0.9224952580487581,-0.7007171518019067,-6.120256527650627
5291291291.291291,0.9238449004236701,-0.6880186826129809,-6.212839045283474,0.22263739674067423,-13.048037695443075,-1.473659593914791,0.22263739674067423,-13.048037695443075,-1.473659593914791,0.9222478323161176,-0.7030471376210102,-6.129398384491002
5297297297.2972975,0.9235772733783909,-0.6905352476176473,-6.221512634511225,0.22397638190852423,-12.995955503637122,-1.482515159886949,0.22397638190852423,-12.995955503637122,-1.482515159886949,0.9219985922479805,-0.7053948409534584,-6.1384941866132605
5303303303.303303,0.9233081906996115,-0.6930662356116402,-6.230146763647434,0.22530461719961717,-12.944598162525711,-1.4913352813550773,0.22530461719961717,-12.944598162525711,-1.4913352813550773,0.9217475314322908,-0.707760336422703,-6.147544680997137
5309309309.309309,0.923037638082507,-0.6956117936036967,-6.238742056878385,0.22662244302873266,-12.893941659894635,-1.5001204383172548,0.22662244302873266,-12.893941659894635,-1.5001204383172548,0.921494641780534,-0.7101437146368877,-6.1565506027978145
5315315315.315315,0.9227655997192142,-0.698172082988392,-6.247299128954233,0.2279301936610387,-12.843962809967666,-1.5088711095994167,0.2279301936610387,-12.843962809967666,-1.5088711095994167,0.9212399135814952,-0.7125450817054207,-6.165512675614221
5321321321.3213215,0.9224920583481019,-0.700747279105794,-6.255818585407864,0.2292281973735231,-12.79463921659679,-1.5175877725911258,0.2292281973735231,-12.79463921659679,-1.5175877725911258,0.9209833355519994,-0.7149645587836855,-6.174431611752326
5327327327.327328,0.9222169953001323,-0.7033375708281173,-6.264301022769609,0.23051677661332096,-12.745949238419158,-1.5262709030093606,0.23051677661332096,-12.745949238419158,-1.5262709030093606,0.920724894884779,-0.7174022816445601,-6.183308112483506
5333333333.333333,0.921940390542423,-0.7059431601723756,-6.2727470287778635,0.2317962481529729,-12.697871955856353,-1.5349209746879862,0.2317962481529729,-12.697871955856353,-1.5349209746879862,0.920464577293552,-0.7198584002759968,-6.1921428682980375
5339339339.339339,0.9216622227191378,-0.7085642619378772,-6.281157182585718,0.2330669232426398,-12.65038713984103,-1.5435384593908017,0.2330669232426398,-12.65038713984103,-1.5435384593908017,0.9202023670554689,-0.7223330785032113,-6.200936559153817
5345345345.3453455,0.9213824691898026,-0.7112011033677064,-6.289532054963624,0.23432910775930998,-12.60347522216411,-1.5521238266461952,0.23432910775930998,-12.60347522216411,-1.5521238266461952,0.9199382470509797,-0.7248264936350395,-6.209689854720348
5351351351.351352,0.9211011060651636,-0.713853923833142,-6.297872208498194,0.23558310235303828,-12.557117267343223,-1.5606775436016598,0.23558310235303828,-12.557117267343223,-1.5606775436016598,0.9196721988012727,-0.7273388361330685,-6.218403414618115
5357357357.357357,0.9208181082406824,-0.7165229745401503,-6.306178197787209,0.23682920259025492,-12.511294945920383,-1.5692000748965356,0.23682920259025492,-12.511294945920383,-1.5692000748965356,0.9194042025033468,-0.7298703093029929,-6.227077888653389
5363363363.363363,0.9205334494277638,-0.7192085182571157,-6.314450569630889,0.23806769909418943,-12.465990509103085,-1.5776918825514867,0.23806769909418943,-12.465990509103085,-1.5776918825514867,0.9191342370628257,-0.7324211290072179,-6.235713917048561
5369369369.3693695,0.9202471021827988,-0.7219108290630569,-6.322689863219496,0.2392988776824479,-12.421186764669223,-1.5861534258733536,0.2392988776824479,-12.421186764669223,-1.5861534258733536,0.9188622801246014,-0.7349915233979277,-6.244312130668085
5375375375.375376,0.9199590379341377,-0.7246301921153084,-6.330896610317373,0.24052301950179825,-12.376867054061309,-1.59458516137414,0.24052301950179825,-12.376867054061309,-1.59458516137414,0.9185883081013773,-0.7375817326699764,-6.252873151240103
5381381381.381382,0.9196692270070261,-0.7273669034363877,-6.339071335443453,0.24174040116020507,-12.333015230600868,-1.6029875427029785,0.24174040116020507,-12.333015230600868,-1.6029875427029785,0.9183122962002136,-0.7401920088326919,-6.26139759157385
5387387387.387387,0.9193776386466394,-0.7301212697188231,-6.34721455604834,0.24295129485616448,-12.289615638758455,-1.6113610205900337,0.24295129485616448,-12.289615638758455,-1.6113610205900337,0.9180342184471205,-0.7428226155001851,-6.269886055772913
5393393393.3933935,0.9190842410392381,-0.7328936081477597,-6.3553267826880235,0.24415596850538865,-12.246653094418958,-1.6197060428013679,0.24415596850538865,-12.246653094418958,-1.6197060428013679,0.917754047709807,-0.7454738276991922,-6.278339139444426
5399399399.3994,0.9187890013315521,-0.7356842462403921,-6.363408519194287,0.24535468586489032,-12.204112866085875,-1.6280230541038891,0.24535468586489032,-12.204112866085875,-1.6280230541038891,0.9174717557186145,-0.7481459316942043,-6.286757429904273
5405405405.405405,0.9184918856484335,-0.7384935217018535,-6.371460262841913,0.24654770665452194,-12.161980656971894,-1.6363124962395763,0.24654770665452194,-12.161980656971894,-1.6363124962395763,0.9171873130857339,-0.7508392248290073,-6.295141506378429
5411411411.411411,0.9181928591088645,-0.741321782296832,-6.379482504512733,0.24773528667601477,-12.120242587926695,-1.6445748079082223,0.24773528667601477,-12.120242587926695,-1.6445748079082223,0.9169006893227447,-0.7535540153842789,-6.303491940200461
5417417417.417418,0.9178918858403582,-0.744169385736553,-6.387475728856603,0.24891767792957564,-12.078885181155783,-1.652810424758005,0.24891767792957564,-12.078885181155783,-1.652810424758005,0.9166118528565467,-0.7562906224506433,-6.311809295005313
5423423423.423424,0.9175889289918245,-0.7470366995805242,-6.395440414449358,0.2500951287280903,-12.037895344687291,-1.661019779383257,0.2500951287280903,-12.037895344687291,-1.661019779383257,0.9163207710437367,-0.7590493758166998,-6.320094126919431
5429429429.42943,0.9172839507449467,-0.7499241011526325,-6.403377033947867,0.25126788380898835,-11.997260357546276,-1.6692033013288774,0.25126788380898835,-11.997260357546276,-1.6692033013288774,0.9160274101834804,-0.7618306158716092,-6.328346984747355
5435435435.435435,0.9169769123241294,-0.7528319774710659,-6.411286054242176,0.2524361844438193,-11.956967855598693,-1.67736141710079,0.2524361844438193,-11.956967855598693,-1.67736141710079,0.915731735528928,-0.764634693521809,-6.336568410154785
5441441441.441442,0.9166677740050442,-0.7557607251918543,-6.419167936604908,0.25360026854559553,-11.9170058180294,-1.6854945501820406,0.25360026854559553,-11.9170058180294,-1.6854945501820406,0.915433711297223,-0.7674619701214205,-6.344758937848292
5447447447.447448,0.9163564951218454,-0.7587107505653895,-6.427023136837896,0.25476037077394803,-11.877362554421005,-1.6936031210539824,0.25476037077394803,-11.877362554421005,-1.6936031210539824,0.9151333006781543,-0.7703128174159333,-6.352919095751671
5453453453.453453,0.9160430340730824,-0.7616824694057035,-6.43485210541617,0.25591672263815485,-11.838026692401964,-1.7016875472222193,0.25591672263815485,-11.838026692401964,-1.7016875472222193,0.9148304658414756,-0.7731876174989611,-6.361049405179061
5459459459.459459,0.9157273483263374,-0.7646763070722917,-6.442655287629368,0.25706955259808706,-11.798987165834705,-1.7097482432468778,0.25706955259808706,-11.798987165834705,-1.7097482432468778,0.9145251679429524,-0.7760867627815431,-6.369150381004926
5465465465.465466,0.9154093944216655,-0.7676926984637755,-6.450433123720594,0.25821908616312544,-11.760233203515993,-1.717785620776847,0.25821908616312544,-11.760233203515993,-1.717785620776847,0.9142173671291592,-0.7790106559738174,-6.377222531830909
5471471471.471472,0.915089127973822,-0.7707320880236074,-6.458186049022843,0.2593655459890984,-11.721754318363505,-1.7258000885876992,0.2593655459890984,-11.721754318363505,-1.7258000885876992,0.9139070225410647,-0.7819597100787636,-6.385266360149712
5477477477.477478,0.9147665036733515,-0.7737949297571477,-6.465914494093015,0.26050915197329133,-11.68354029706409,-1.7337920526229504,0.26050915197329133,-11.68354029706409,-1.7337920526229504,0.9135940923164427,-0.7849343483976673,-6.39328236250603
5483483483.483483,0.9144414752865426,-0.7768816872601167,-6.4736188848436,0.26165012134757715,-11.645581190160623,-1.7417619160384135,0.26165012134757715,-11.645581190160623,-1.7417619160384135,0.9132785335911305,-0.7879350045471762,-6.401271029654621
5489489489.48949,0.9141139956542933,-0.7799928337580451,-6.481299642672106,0.2627886687697125,-11.607867302555805,-1.7497100792493827,0.2627886687697125,-11.607867302555805,-1.7497100792493827,0.9129603024991739,-0.7909621224875996,-6.409232846715612
5495495495.495496,0.9137840166899077,-0.783128852156572,-6.488957184588261,0.26392500641285616,-11.570389184412207,-1.7576369399803977,0.26392500641285616,-11.570389184412207,-1.7576369399803977,0.912639354171873,-0.7940161565623658,-6.417168293327066
5501501501.501501,0.9134514893758439,-0.7862902351024459,-6.496591923339084,0.2650593440533463,-11.533137622429484,-1.765542893317406,0.2650593440533463,-11.533137622429484,-1.765542893317406,0.9123156427357647,-0.7970975715483463,-6.425077843794938
5507507507.507507,0.9131163637594529,-0.7894774850548918,-6.504204267531868,0.2661918891567953,-11.496103631480208,-1.773428331762102,0.2661918891567953,-11.496103631480208,-1.773428331762102,0.9119891213095614,-0.8002068427168998,-6.432961967240451
5513513513.513514,0.9127785889477028,-0.7926911143674624,-6.51179462175514,0.26732284696253555,-11.459278446587454,-1.7812936452882653,0.26732284696253555,-11.459278446587454,-1.7812936452882653,0.9116597420000563,-0.8033444559055941,-6.440821127744974
5519519519.51952,0.9124381131009374,-0.7959316453799327,-6.519363386697626,0.26845242056647134,-11.422653515227594,-1.7891392213999302,0.26845242056647134,-11.422653515227594,-1.7891392213999302,0.9113274558970333,-0.806510907600278,-6.448655784492472
5525525525.525526,0.9120948834256708,-0.7991996105202919,-6.526910959265355,0.26958081100237735,-11.386220489943026,-1.7969654451912551,0.26958081100237735,-11.386220489943026,-1.7969654451912551,0.910992213067192,-0.8097067050274752,-6.456466391909598
5531531531.531531,0.9117488461664301,-0.8024955524167612,-6.534437732696861,0.2707082173216866,-11.34997122125041,-1.8047726994079156,0.2707082173216866,-11.34997122125041,-1.8047726994079156,0.9106539625470925,-0.8129323662570799,-6.464253399803496
5537537537.537538,0.911399946596677,-0.805820024019594,-6.541944096676612,0.27183483667181224,-11.313897750830535,-1.812561364509922,0.27183483667181224,-11.313897750830535,-1.812561364509922,0.9103126523351528,-0.8161884203151181,-6.472017253497369
5543543543.543544,0.9110481290088053,-0.809173588732739,-6.549430437446684,0.27296086437304545,-11.277992304986943,-1.8203318187357291,0.27296086437304545,-11.277992304986943,-1.8203318187357291,0.9099682293826986,-0.8194754073066117,-6.479758393963886
5549549549.549549,0.9106933367032432,-0.8125568205551588,-6.5568971379167476,0.2740864939940683,-11.242247288360987,-1.8280844381675307,0.2740864939940683,-11.242247288360987,-1.8280844381675307,0.9096206395840897,-0.8227938785483847,-6.487477257956488
5555555555.555555,0.9103355119766481,-0.81597030423196,-6.5643445777724185,0.2752119174261272,-11.206655277891604,-1.8358195967976612,0.2752119174261272,-11.206655277891604,-1.8358195967976612,0.9092698277659187,-0.8261443967118947,-6.495174278138675
5561561561.561562,0.9099745961092319,-0.8194146354150449,-6.5717731335820115,0.27633732495589947,-11.17120901700896,-1.8435376665959744,0.27633732495589947,-11.17120901700896,-1.8435376665959744,0.9089157376753065,-0.8295275359759291,-6.502849883211295
5567567567.567568,0.9096105293511962,-0.8228904208335301,-6.5791831789017685,0.2774629053370982,-11.135901410051364,-1.85123901757816,0.2774629053370982,-11.135901410051364,-1.85123901757816,0.9085583119672863,-0.8329438821892958,-6.510504498037929
5573573573.573574,0.9092432509083065,-0.8263982784737249,-6.5865750843795965,0.27858884586085103,-11.100725516895602,-1.8589240178748994,0.27858884586085103,-11.100725516895602,-1.8589240178748994,0.9081974921913033,-0.8363940330433104,-6.518138543768438
5579579579.579579,0.9088726989265916,-0.829938837768856,-6.593949217857378,0.27971533242488916,-11.06567454779137,-1.8665930338018066,0.27971533242488916,-11.06567454779137,-1.8665930338018066,0.9078332187768118,-0.8398785982543283,-6.5257524379606915
5585585585.585586,0.9084988104761942,-0.8335127397983689,-6.601305944471872,0.28084254960158356,-11.030741858390849,-1.8742464299300743,0.28084254960158356,-11.030741858390849,-1.8742464299300743,0.9074654310179917,-0.8433981997561686,-6.533346594700582
5591591591.591592,0.9081215215343502,-0.8371206374970698,-6.6086456267542975,0.2819706807048648,-10.995920944965025,-1.881884569157794,0.2819706807048648,-10.995920944965025,-1.881884569157794,0.9070940670575866,-0.8469534719024828,-6.540921424720338
5597597597.597597,0.9077407669675234,-0.8407631958739438,-6.615968624728609,0.2830999078560613,-10.961205439798656,-1.8895078127818883,0.2830999078560613,-10.961205439798656,-1.8895078127818883,0.9067190638698439,-0.8505450616793192,-6.548477335515235
5603603603.603603,0.9073564805126708,-0.8444410922409386,-6.623275296008535,0.2842304120486894,-10.926589106756378,-1.897116520570617,0.2842304120486894,-10.926589106756378,-1.897116520570617,0.9063403572425944,-0.854173628927615,-6.556014731458728
5609609609.60961,0.9069685947576709,-0.8481550164514996,-6.630565995893392,0.28536237321222485,-10.892065837012785,-1.9047110508366003,0.28536237321222485,-10.892065837012785,-1.9047110508366003,0.9059578817584332,-0.8578398465760345,-6.563534013916065
5615615615.615616,0.9065770411208726,-0.8519056711493191,-6.637841077462772,0.2864959702748991,-10.857629644939353,-1.9122917605103675,0.2864959702748991,-10.857629644939353,-1.9122917605103675,0.9055715707750289,-0.8615444008839905,-6.571035581356463
5621621621.621622,0.9061817498298002,-0.8556937720270574,-6.645100891670093,0.28763138122553633,-10.823274664142046,-1.9198590052143405,0.28763138122553633,-10.823274664142046,-1.9198590052143405,0.9051813564045423,-0.8652879916951118,-6.578519829463843
5627627627.627627,0.9057826498989827,-0.8595200480954135,-6.6523457874350695,0.28876878317447596,-10.788995143643165,-1.9274131393372795,0.28876878317447596,-10.788995143643165,-1.9274131393372795,0.9047871694921563,-0.8690713327012112,-6.585987151246236
5633633633.633634,0.9053796691069226,-0.8633852419624946,-6.659576111735187,0.28990835241360163,-10.754785444201637,-1.9349545161091422,0.28990835241360163,-10.754785444201637,-1.9349545161091422,0.9043889395937088,-0.8728951517169341,-6.593437937143877
5639639639.63964,0.9049727339721868,-0.8672901101237268,-6.666792209696144,0.29105026447551013,-10.720640034766175,-1.9424834876763315,0.29105026447551013,-10.720640034766175,-1.9424834876763315,0.9039865949524368,-0.8767601909650978,-6.600872575136032
5645645645.645645,0.904561769728608,-0.8712354232625346,-6.673994424681385,0.2921946941918472,-10.68655348905592,-1.9500004051773403,0.2921946941918472,-10.68655348905592,-1.9500004051773403,0.9035800624748009,-0.8806672073731101,-6.608291450846639
5651651651.651651,0.9041467002996123,-0.8752219665617128,-6.681183098380698,0.2933418157508386,-10.652520482263537,-1.9575056188187558,0.2933418157508386,-10.652520482263537,-1.9575056188187558,0.9031692677054048,-0.8846169728804241,-6.61569494764877
5657657657.657658,0.9037274482716381,-0.8792505400259412,-6.688358570897955,0.2944918027540412,-10.61853578787601,-1.9649994779516198,0.2944918027540412,-10.61853578787601,-1.9649994779516198,0.9027541348009914,-0.8886102747573165,-6.623083446767999
5663663663.663664,0.9033039348666462,-0.8833219588155433,-6.695521180838015,0.29564482827234234,-10.58459427460843,-1.9724823311481448,0.29564482827234234,-10.58459427460843,-1.9724823311481448,0.9023345865034981,-0.8926479159352556,-6.630457327384701
5669669669.66967,0.9028760799137159,-0.8874370535916486,-6.702671265392847,0.29680106490123254,-10.550690903446505,-1.9799545262787803,0.29680106490123254,-10.550690903446505,-1.9799545262787803,0.9019105441121837,-0.8967307153488544,-6.637816966735333
5675675675.675675,0.902443801819708,-0.8915966708730573,-6.709809160426877,0.2979606848153748,-10.516820724793604,-1.9874164105896077,0.2979606848153748,-10.516820724793604,-1.9874164105896077,0.9014819274547848,-0.9008595082899368,-6.645162740212741
5681681681.681682,0.9020070175389896,-0.8958016734049713,-6.716935200561638,0.299123859822494,-10.482978875718423,-1.994868330780087,0.299123859822494,-10.482978875718423,-1.994868330780087,0.9010486548577198,-0.9050351467736463,-6.652495021465549
5687687687.687688,0.9015656425421914,-0.9000529405400043,-6.72404971925972,0.30029076141661115,-10.449160577299457,-2.002310633081141,0.30029076141661115,-10.449160577299457,-2.002310633081141,0.9006106431152978,-0.9092584999171511,-6.659814182496655
5693693693.693693,0.9011195907840074,-0.9043513686314931,-6.731153048908073,0.30146156083064113,-10.415361132062781,-2.0097436633335772,0.30146156083064113,-10.415361132062781,-2.0097436633335772,0.9001678074579477,-0.9135304543309264,-6.6671205937608855
5699699699.699699,0.900668774669998,-0.908697871439632,-6.738245520900707,0.30263642908838123,-10.381575921509574,-2.0171677670668786,0.30263642908838123,-10.381575921509574,-2.0171677670668786,0.8997200615194202,-0.9178519145231925,-6.674414624261866
5705705705.705706,0.9002131050223936,-0.9130933805505879,-6.745327465720801,0.303815537055902,-10.347800403730385,-2.024583289578321,0.303815537055902,-10.347800403730385,-2.024583289578321,0.8992673173029757,-0.9222238033175492,-6.6816966416481165
5711711711.711712,0.8997524910448765,-0.9175388458089653,-6.752399213022272,0.30499905549236983,-10.314030111102777,-2.0319905760124786,0.30499905549236983,-10.314030111102777,-2.0319905760124786,0.8988094851465231,-0.9266470622842706,-6.688967012308448
5717717717.717718,0.8992868402863277,-0.9220352357638929,-6.759461091710829,0.3061871551003139,-10.280260648069603,-2.0393899714410906,0.3061871551003139,-10.280260648069603,-2.0393899714410906,0.898346473686685,-0.9311226521856677,-6.696226101466686
5723723723.723723,0.8988160586035077,-0.9265835381291909,-6.766513430024542,0.3073800065753546,-10.246487688995101,-2.046781820943307,0.3073800065753546,-10.246487688995101,-2.046781820943307,0.897878189821805,-0.9356515534355148,-6.703474273275735
5729729729.72973,0.8983400501226647,-0.9311847602578593,-6.773556555613963,0.3085777806554189,-10.212706976095946,-2.0541664696863364,0.3085777806554189,-10.212706976095946,-2.0541664696863364,0.8974045386738246,-0.9402347665734294,-6.710711890911084
5735735735.735736,0.8978587172000446,-0.9358399296312924,-6.78059079562183,0.3097806481694466,-10.178914317445072,-2.0615442630064953,0.3097806481694466,-10.178914317445072,-2.0615442630064953,0.8969254235490542,-0.9448733127541226,-6.717939316663727
5741741741.741742,0.8973719603812684,-0.9405500943637363,-6.787616476762375,0.3109887800856161,-10.145105585045453,-2.0689155464906817,0.3109887800856161,-10.145105585045453,-2.0689155464906817,0.8964407458977928,-0.9495682342521565,-6.725156912032575
5747747747.747747,0.8968796783595807,-0.9453163237221511,-6.7946339254002766,0.31220234755909343,-10.11127671297189,-2.07628066605828,0.31220234755909343,-10.11127671297189,-2.07628066605828,0.8959504052727725,-0.9543205949826284,-6.73236503781639
5753753753.753754,0.896381767932908,-0.9501397086622552,-6.801643467629291,0.3134215219793268,-10.077423695578375,-2.0836399680435336,0.3134215219793268,-10.077423695578375,-2.0836399680435336,0.8954542992864171,-0.959131481038092,-6.739564054205274
5759759759.75976,0.8958781239597438,-0.9550213623808028,-6.80864542935056,0.3146464750168936,-10.043542585769105,-2.0909937992783685,0.3146464750168936,-10.043542585769105,-2.0909937992783685,0.8949523235668752,-0.9640020012422968,-6.746754320871743
5765765765.765766,0.895368639313796,-0.9599624208849266,-6.815640136350658,0.31587737866991455,-10.009629493331131,-2.098342507175715,0.31587737866991455,-10.009629493331131,-2.098342507175715,0.8944443717128138,-0.9689332877211131,-6.75393619706143
5771771771.771772,0.8948532048373937,-0.9649640435788054,-6.822627914379396,0.3171144053100477,-9.975680583326715,-2.105686439813337,0.3171144053100477,-9.975680583326715,-2.105686439813337,0.8939303352469277,-0.9739264964913001,-6.761110041683455
5777777777.777778,0.8943317092936173,-0.9700274138682399,-6.829609089227387,0.31835772772806925,-9.941692074543694,-2.113025946018183,0.31835772772806925,-9.941692074543694,-2.113025946018183,0.8934101035681606,-0.9789828080673944,-6.768276213400488
5783783783.783784,0.8938040393171203,-0.9751537397836783,-6.836583986803439,0.31960751917905245,-9.907660238002125,-2.1203613754512918,0.31960751917905245,-9.907660238002125,-2.1203613754512918,0.892883563902584,-0.9841034280875015,-6.775435070718544
5789789789.78979,0.8932700793636146,-0.9803442546222436,-6.843552933211761,0.3208639534271528,-9.873581395515615,-2.127693078693263,0.3208639534271528,-9.873581395515615,-2.127693078693263,0.8923506012529232,-0.9892895879583442,-6.782586972076534
5795795795.795795,0.8927297116579935,-0.9856002176092632,-6.850516254829018,0.32212720479000484,-9.839451918305855,-2.135021407330303,0.32212720479000484,-9.839451918305855,-2.135021407330303,0.8918110983466819,-0.9945425455203233,-6.789732275935614
5801801801.801802,0.8921828161410469,-0.9909229145800341,-6.857474278381298,0.32339744818274324,-9.805268225668778,-2.1423467140409227,0.32339744818274324,-9.805268225668778,-2.1423467140409227,0.8912649355828457,-0.9998635857330712,-6.796871340868376
5807807807.807808,0.8916292704147494,-0.9963136586822987,-6.864427331020929,0.32467485916164196,-9.77102678369127,-2.1496693526832202,0.32467485916164196,-9.77102678369127,-2.1496693526832202,0.8907119909771256,-1.0052540213821637,-6.804004525647865
5813813813.813814,0.8910689496860774,-1.001773791100177,-6.871375740403265,0.3259596139673879,-9.736724104016833,-2.156989678382865,0.3259596139673879,-9.736724104016833,-2.156989678382865,0.8901521401057053,-1.0107151938076753,-6.811132189336516
5819819819.81982,0.8905017267093234,-1.0073046818001783,-6.878319834763395,0.3272518895679838,-9.702356742659221,-2.1643080476217427,0.3272518895679838,-9.702356742659221,-2.1643080476217427,0.8895852560474565,-1.0162484736552408,-6.818254691374992
5825825825.825826,0.8899274717268625,-1.0129077303000682,-6.885259942992821,0.3285518637012866,-9.66792129886277,-2.1716248183273197,0.3285518637012866,-9.66792129886277,-2.1716248183273197,0.8890112093245899,-1.0218552616502934,-6.8253723916709745
5831831831.831832,0.8893460524083567,-1.0185843664610963,-6.892196394716119,0.3298597149171783,-9.633414414008492,-2.1789403499627302,0.3298597149171783,-9.633414414008492,-2.1789403499627302,0.8884298678416932,-1.0275369893963084,-6.832485650687931
5837837837.837838,0.8887573337883207,-1.0243360513046857,-6.899129520367612,0.33117562261937195,-9.598832770564785,-2.186255003617633,0.33117562261937195,-9.598832770564785,-2.186255003617633,0.8878410968231325,-1.0332951201976686,-6.839594829533874
5843843843.843843,0.8881611782020455,-1.0301642778540117,-6.906059651268056,0.33249976710684903,-9.564173091081939,-2.193569142099838,0.33249976710684903,-9.564173091081939,-2.193569142099838,0.8872447587487561,-1.039131149908136,-6.846700290050167
5849849849.84985,0.8875574452198126,-1.0360705720015488,-6.912987119701384,0.3338323296149273,-9.529432137229431,-2.2008831300277705,0.3338323296149273,-9.529432137229431,-2.2008831300277705,0.8866407132878786,-1.0450466078055658,-6.853802394900377
5855855855.855856,0.8869459915793689,-1.042056493403274,-6.919912258991478,0.3351734923559498,-9.494606708875384,-2.2081973339237373,0.3351734923559498,-9.494606708875384,-2.2081973339237373,0.8860288172314851,-1.0510430574938907,-6.860901507659213
5861861861.861862,0.8863266711166199,-1.0481236364004205,-6.926835403579046,0.3365234385595943,-9.459693643207224,-2.21551212230809,0.3365234385595943,-9.459693643207224,-2.21551212230809,0.8854089244226285,-1.0571220978330809,-6.867997992901557
5867867867.867868,0.885699334694479,-1.054273630969832,-6.933756889098554,0.3378823525127925,-9.424689813893,-2.2228278657942533,0.3378823525127925,-9.424689813893,-2.2228278657942533,0.8847808856849512,-1.0632853638982565,-6.87509221629165
5873873873.873874,0.8850638301298531,-1.060508143703627,-6.94067705245528,0.3392504195992501,-9.389592130282635,-2.2301449371846895,0.3392504195992501,-9.389592130282635,-2.2301449371846895,0.8841445487493151,-1.069534527968581,-6.8821845446723975
5879879879.87988,0.884420002118694,-1.0668288788193547,-6.947596231902476,0.34062782633855854,-9.354397536648543,-2.237463711567807,0.34062782633855854,-9.354397536648543,-2.237463711567807,0.8834997581784604,-1.0758713005472769,-6.88927534615488
5885885885.885886,0.883767692159078,-1.0732375792015705,-6.954514767118629,0.34201476042488355,-9.319103011465112,-2.2447845664158232,0.34201476042488355,-9.319103011465112,-2.2447845664158232,0.8828463552896594,-1.0822974314136073,-6.896364990208034
5891891891.8918915,0.8831067384722632,-1.0797360274758883,-6.961432999284888,0.3434114107652191,-9.28370556672651,-2.2521078816836595,0.3434114107652191,-9.28370556672651,-2.2521078816836595,0.8821841780753238,-1.0888147107078505,-6.9034538477485565
5897897897.897898,0.8824369759216643,-1.0863260471166862,-6.968351271162614,0.3448179675171888,-9.248202247302437,-2.2594340399088435,0.3448179675171888,-9.248202247302437,-2.2594340399088435,0.8815130611214901,-1.0954249700505867,-6.910542291231049
5903903903.903904,0.8817582359297126,-1.0930095035894245,-6.97526992717107,0.3462346221263764,-9.212590130331444,-2.2667634263124707,0.3462346221263764,-9.212590130331444,-2.2667634263124707,0.8808328355241478,-1.1021300836972934,-6.917630694738393
5909909909.90991,0.881070346392518,-1.0997883055290327,-6.982189313465264,0.3476615673631666,-9.176866324651478,-2.2740964289012586,0.3476615673631666,-9.176866324651478,-2.2740964289012586,0.8801433288033501,-1.1089319697295177,-6.92471943407241
5915915915.915916,0.8803731315923077,-1.1066644059553137,-6.98910977801397,0.34909899735907396,-9.141027970267373,-2.2814334385707022,0.34909899735907396,-9.141027970267373,-2.2814334385707022,0.8794443648150528,-1.1158325912838483,-6.931808886844782
5921921921.921922,0.8796664121075626,-1.1136398035268564,-6.9960316706778665,0.3505471076425347,-9.105072237855076,-2.288774849209378,0.3505471076425347,-9.105072237855076,-2.288774849209378,0.8787357636606173,-1.1228339578200743,-6.938899432568288
5927927927.927928,0.8789500047208029,-1.1207165438347035,-7.002955343287874,0.3520060951741357,-9.068996328302422,-2.2961210578044167,0.3520060951741357,-9.068996328302422,-2.2961210578044167,0.8780173415939293,-1.1299381264297705,-6.945991452748327
5933933933.933934,0.8782237223239727,-1.1278967207370543,-7.009881149723616,0.3534761583812511,-9.032797472286333,-2.3034724645481583,0.3534761583812511,-9.032797472286333,-2.3034724645481583,0.8772889109260655,-1.137147203186796,-6.953085330974773
5939939939.9399395,0.8774873738213422,-1.1351824777366541,-7.0168094459920365,0.3549574971920525,-8.996472929886426,-2.3108294729460317,0.3549574971920525,-8.996472929886426,-2.3108294729460317,0.876550279927454,-1.144463344541104,-6.960181453014127
5945945945.945946,0.8767407640298855,-1.1425760094021518,-7.023740590306185,0.356450313068867,-8.960019990234771,-2.3181924899256985,0.356450313068867,-8.960019990234771,-2.3181924899256985,0.8758012527274539,-1.1518887587574853,-6.967280206902043
5951951951.951952,0.8759836935770611,-1.1500795628350806,-7.030674943164111,0.3579548090408325,-8.923435971202188,-2.325561925947443,0.3579548090408325,-8.923435971202188,-2.325561925947443,0.8750416292113042,-1.1594257074006926,-6.974381983036149
5957957957.957958,0.8752159587959369,-1.1576954391840004,-7.037612867427894,0.35947118973582304,-8.886718219120791,-2.332938195115881,0.35947118973582304,-8.886718219120791,-2.332938195115881,0.8742712049143709,-1.1670765068686475,-6.981487174269231
5963963963.963964,0.8744373516175834,-1.1654259952075892,-7.044554728402798,0.36099966141159484,-8.849864108543072,-2.34032171529299,0.36099966141159484,-8.849864108543072,-2.34032171529299,0.8734897709136192,-1.1748435299754818,-6.988596176002752
5969969969.96997,0.8736476594606921,-1.1732736448881602,-7.051500893916499,0.3625404319861055,-8.812871042037717,-2.347712908212476,0.3625404319861055,-8.812871042037717,-2.347712908212476,0.8726971137162588,-1.182729207586041,-6.995709386280707
5975975975.975976,0.8728466651183183,-1.1812408610977592,-7.0584517343984166,0.36409371106696364,-8.775736450022185,-2.3551121995955295,0.36409371106696364,-8.775736450022185,-2.3551121995955295,0.8718930151454748,-1.1907360303038674,-7.002827205883815
5981981981.981982,0.872034146641708,-1.1893301773184064,-7.065407622959081,0.36565970997994673,-8.738457790632534,-2.362520019267962,0.36565970997994673,-8.738457790632534,-2.362520019267962,0.8710772522231891,-1.198866550214423,-7.009950038424041
5987987987.9879875,0.8712098772211335,-1.1975441894184888,-7.072368935469533,0.36723864179653815,-8.70103254963061,-2.369936801278766,0.36723864179653815,-8.70103254963061,-2.369936801278766,0.8702495970497752,-1.2071233826855943,-7.0170782904394375
5993993993.993994,0.8703736250636482,-1.2058855574875085,-7.0793360506407454,0.36883072136041917,-8.66345824034905,-2.3773629840201185,0.36883072136041917,-8.66345824034905,-2.3773629840201185,0.86940981668065,-1.2155092082275891,-7.024212371489297
6000000000.0,0.8695251532677166,-1.2143570077309935,-7.086309350102979,0.3704361653128516,-8.625732403674476,-2.384799010348827,0.3704361653128516,-8.625732403674476,-2.384799010348827,0.8685576729996777,-1.224026774414272,-7.0313526942495885
6006006006.006006,0.8686642196946238,-1.222961334427987,-7.093289218485102,0.3720551921168834,-8.587852608069317,-2.3922453277092672,0.3720551921168834,-8.587852608069317,-2.3922453277092672,0.8676929225893051,-1.2326788978682486,-7.038499674608685
6012012012.0120125,0.867790576836608,-1.2317014019532055,-7.100276043493786,0.37368802208029905,-8.54981644963286,-2.3997023882578032,0.37368802208029905,-8.54981644963286,-2.3997023882578032,0.8668153165973556,-1.241468466311971,-7.0456537317633305
6018018018.018018,0.8669039716816286,-1.2405801468663422,-7.107270215992539,0.3753348773772447,-8.51162155220191,-2.4071706489887217,0.3753348773772447,-8.51162155220191,-2.4071706489887217,0.8659246006004071,-1.2503984406872728,-7.052815288314834
6024024024.024024,0.8660041455747007,-1.2496005800709062,-7.114272130080566,0.37699598206844087,-8.473265567491755,-2.4146505718616957,0.37699598206844087,-8.473265567491755,-2.4146505718616957,0.8650205144636643,-1.2594718573459591,-7.059984770365484
6030030030.03003,0.8650908340757268,-1.258765789045074,-7.121282183171322,0.37867156211988856,-8.434746175278224,-2.4221426239307586,0.37867156211988856,-8.434746175278224,-2.4221426239307586,0.8641027921972787,-1.2686918303137458,-7.067162607615096
6036036036.036036,0.8641637668137381,-1.2680789401472978,-7.128300776070797,0.3803618454199878,-8.396061083621282,-2.429647277474864,0.3803618454199878,-8.396061083621282,-2.429647277474864,0.8631711618089957,-1.278061553630677,-7.0743492334577125
6042042042.042042,0.8632226673374682,-1.2775432809994354,-7.135328313055383,0.382067061794961,-8.357208029131074,-2.4371650101299673,0.382067061794961,-8.357208029131074,-2.4371650101299673,0.862225345153083,-1.2875843037705217,-7.081545085078386
6048048048.048048,0.8622672529622061,-1.2871621429500166,-7.142365201949273,0.38378744302247225,-8.31818477727738,-2.4446963050226715,0.38378744302247225,-8.31818477727738,-2.4446963050226715,0.8612650577754531,-1.2972634421421456,-7.0887506035499745
6054054054.054054,0.8612972346128124,-1.296938943620993,-7.149411854201364,0.385523222843345,-8.278989122742978,-2.4522416509054508,0.385523222843345,-8.278989122742978,-2.4522416509054508,0.8602900087548887,-1.307102417676031,-7.095966233929946
6060060060.0600605,0.8603123166628619,-1.3068771895406741,-7.156468684961494,0.3872746369712466,-8.239618889822207,-2.459801542293428,0.3872746369712466,-8.239618889822207,-2.459801542293428,0.8592999005403062,-1.3171047694989686,-7.1031924253571015
6066066066.066066,0.8593121967698091,-1.3169804788663177,-7.163536113155978,0.3890419231002191,-8.20007193286559,-2.467376479602708,0.3890419231002191,-8.20007193286559,-2.467376479602708,0.8582944287839755,-1.3272741297002535,-7.11042963114814
6072072072.072072,0.8582965657061119,-1.3272525041995942,-7.170614561562338,0.3908253209099321,-8.160346136771391,-2.4749669692902905,0.3908253209099321,-8.160346136771391,-2.4749669692902905,0.8572732821706122,-1.3376142261928523,-7.117678308894033
6078078078.078078,0.8572651071862376,-1.3376970554984093,-7.177704456883085,0.39262507206850467,-8.120439417525521,-2.4825735239955002,0.39262507206850467,-8.120439417525521,-2.4825735239955002,0.8562361422422545,-1.348128885673213,-7.124938920556095
6084084084.084084,0.8562174976894773,-1.3483180230886784,-7.184806229818452,0.39444142023275736,-8.080349722790784,-2.490196662682966,0.39444142023275736,-8.080349722790784,-2.490196662682966,0.8551826832188886,-1.3588220366830297,-7.1322119325616615
6090090090.09009,0.8551534062784878,-1.359119400779885,-7.191920315137982,0.3962746110457436,-8.040075032546552,-2.4978369107871323,0.3962746110457436,-8.040075032546552,-2.4978369107871323,0.8541125718146846,-1.3696977127774137,-7.139497815899325
6096096096.096096,0.8540724944135056,-1.3701052890881626,-7.199047151750767,0.3981248921313827,-7.9996133597804855,-2.5054948003582442,0.3981248921313827,-7.9996133597804855,-2.5054948003582442,0.8530254670498223,-1.3807600558029842,-7.146797046213564
6102102102.102102,0.8529744157621447,-1.3812798985711443,-7.206187182774247,0.399992513086034,-7.9589627512333605,-2.513170870209818,0.399992513086034,-7.9589627512333605,-2.513170870209818,0.8519210200578008,-1.3920133192903599,-7.154110103898696
6108108108.1081085,0.8518588160047278,-1.392647553278621,-7.213340855601383,0.401877725466825,-7.9181212881985195,-2.5208656660675595,0.401877725466825,-7.9181212881985195,-2.5208656660675595,0.8507988738881763,-1.4034618719652672,-7.161437474192023
6114114114.114115,0.8507253326350669,-1.4042126943236006,-7.2205086219660295,0.40378078277653795,-7.877087087377497,-2.528579740719676,0.40378078277653795,-7.877087087377497,-2.528579740719676,0.8496586633046478,-1.4151102013829078,-7.168779647266031
6120120120.12012,0.8495735947566554,-1.4159798835780806,-7.227690938006325,0.4057019404448574,-7.835858301793256,-2.5363136541685583,0.4057019404448574,-7.835858301793256,-2.5363136541685583,0.8485000145784387,-1.426962917690152,-7.1761371183194935
6126126126.126126,0.8484032228741868,-1.4279538074985612,-7.234888264325921,0.40764145580576694,-7.794433121762618,-2.544067973783798,0.40764145580576694,-7.794433121762618,-2.544067973783798,0.8473225452768947,-1.4390247575206552,-7.183510387667362
6132132132.132133,0.8472138286803652,-1.4401392810860256,-7.242101066052791,0.40959958807085933,-7.752809775929801,-2.5518432744564437,0.40959958807085933,-7.752809775929801,-2.5518432744564437,0.846125864047247,-1.4513005880279048,-7.190899960829217
6138138138.138138,0.8460050148379431,-1.4525412519856917,-7.24932981289543,0.41157659829833787,-7.710986532362524,-2.5596401387544776,0.41157659829833787,-7.710986532362524,-2.5596401387544776,0.844909570395488,-1.4637954110615206,-7.198306348616154
6144144144.144144,0.8447763747569541,-1.4651648047317376,-7.256574979196197,0.41357274935745264,-7.668961699712668,-2.5674591570794307,0.41357274935745264,-7.668961699712668,-2.5674591570794307,0.8436732544602985,-1.4765143674924386,-7.205730067215888
6150150150.15015,0.8435274923670824,-1.4780151651427709,-7.263837043981492,0.4155883058881097,-7.626733628443397,-2.5753009278240486,0.4155883058881097,-7.626733628443397,-2.5753009278240486,0.8424164967819942,-1.4894627416926363,-7.213171638275849
6156156156.156157,0.8422579418851539,-1.4910977048736351,-7.271116491008549,0.41762353425538085,-7.584300712124653,-2.5831660575309403,0.41762353425538085,-7.584300712124653,-2.5831660575309403,0.8411388680664346,-1.5026459661755798,-7.22063158898408
6162162162.162163,0.8409672875777129,-1.5044179461296983,-7.278413808808482,0.4196787024986276,-7.54166138879905,-2.5910551610521115,0.4196787024986276,-7.54166138879905,-2.5910551610521115,0.8398399289438762,-1.5160696264035227,-7.228110452147671
6168168168.168168,0.8396550835186493,-1.5179815665500442,-7.285729490725321,0.4217540802749295,-7.498814142420387,-2.5989688617092677,0.4217540802749295,-7.498814142420387,-2.5989688617092677,0.8385192297227397,-1.5297394657682142,-7.235608766268472
6174174174.174174,0.8383208733419025,-1.5317944042657436,-7.293064034950621,0.4238499387965079,-7.455757504366818,-2.606907791454801,0.4238499387965079,-7.455757504366818,-2.606907791454801,0.8371763101382605,-1.5436613907519714,-7.24312707561582
6180180180.18018,0.8369641899891977,-1.545862463140446,-7.300417944553344,0.42596655076180173,-7.412490055031132,-2.614872591033304,0.42596655076180173,-7.412490055031132,-2.614872591033304,0.8358106990960337,-1.5578414762759825,-7.2506659302959475
6186186186.186186,0.8355845554528525,-1.560191918200072,-7.307791727504563,0.42810419027985386,-7.369010425490314,-2.6228639101435007,0.42810419027985386,-7.369010425490314,-2.6228639101435007,0.834421914410443,-1.5722859712433581,-7.2582258863178
6192192192.192192,0.8341814805136583,-1.574789121259148,-7.315185896696589,0.43026313278763195,-7.325317299257007,-2.6308824076004185,0.43026313278763195,-7.325317299257007,-2.6308824076004185,0.8330094625379822,-1.587001304284671,-7.265807505654858
6198198198.198198,0.8327544644738741,-1.589660606751423,-7.322600969956067,0.43244365495991016,-7.281409414115134,-2.6389287514976805,0.43244365495991016,-7.281409414115134,-2.6389287514976805,0.8315728383054992,-1.6019940897139218,-7.273411356302661
6204204204.204205,0.8313029948853731,-1.6048130977728094,-7.330037470050566,0.4346460346113012,-7.237285564042439,-2.6470036193697064,0.4346460346113012,-7.237285564042439,-2.6470036193697064,0.8301115246333972,-1.6172711337033405,-7.281038012331568
6210210210.210211,0.8298265472730059,-1.6202535123449513,-7.337495924688116,0.43687055059001545,-7.19294460122263,-2.6551076983536364,0.43687055059001545,-7.19294460122263,-2.6551076983536364,0.8286249922538409,-1.6328394406857727,-7.2886880539344014
6216216216.216216,0.828324584853258,-1.6359889699080998,-7.344976866509171,0.4391174826629161,-7.148385438149631,-2.6632416853507994,0.4391174826629161,-7.148385438149631,-2.6632416853507994,0.8271126994240393,-1.6487062199936895,-7.296362067468453
6222222222.222222,0.8267965582482817,-1.6520267980524725,-7.352480833070413,0.44138711139139736,-7.103607049827022,-2.6714062871874713,0.44138711139139736,-7.103607049827022,-2.6714062871874713,0.8255740916346799,-1.6648788927444023,-7.304060645491436
6228228228.228228,0.8252419051954387,-1.6683745394972747,-7.360008366819713,0.44367971799760675,-7.058608476065444,-2.6796022207746812,0.44367971799760675,-7.058608476065444,-2.6796022207746812,0.8240086013136301,-1.6813650989812206,-7.311784386790784
6234234234.234234,0.8236600502524616,-1.685039959327471,-7.367560015061673,0.4459955842205162,-7.0133888238807875,-2.6878302132668495,0.4459955842205162,-7.0133888238807875,-2.6878302132668495,0.8224156475250098,-1.698172705081074,-7.319533896405837
6240240240.24024,0.8220504044984046,-1.7020310524983753,-7.375136329912948,0.44833499216130024,-6.967947269996474,-2.6960910022189206,0.44833499216130024,-6.967947269996474,-2.6960910022189206,0.8207946356637912,-1.7153098114392207,-7.3273097856422496
6246246246.246246,0.8204123652305589,-1.7193560516187794,-7.382737868246625,0.4506982241174852,-6.9222830634527,-2.7043853357417285,0.4506982241174852,-6.9222830634527,-2.7043853357417285,0.8191449571460986,-1.7327847604422169,-7.335112672078004
6252252252.252253,0.8187453156575413,-1.7370234350236902,-7.39036519162486,0.4530855624052919,-6.876395528325895,-2.7127139726552643,0.4530855624052919,-6.876395528325895,-2.7127139726552643,0.8174659890953756,-1.7506061447411532,-7.342943179560406
6258258258.258259,0.8170486245887876,-1.7550419351482958,-7.3980188662188535,0.4554972891695704,-6.830284066561711,-2.721077682639483,0.4554972891695704,-6.830284066561711,-2.721077682639483,0.8157570940246781,-1.7687828158369678,-7.350801938193246
6264264264.264264,0.8153216461207202,-1.7734205472151903,-7.405699462715303,0.457933686180713,-6.783948160924698,-2.729477246382294,0.457933686180713,-6.783948160924698,-2.729477246382294,0.814017619515305,-1.7873238929910293,-7.358689584313462
6270270270.27027,0.8135637193198819,-1.7921685382474957,-7.413407556208308,0.4603950346178962,-6.737387378068061,-2.7379134557243474,0.4603950346178962,-6.737387378068061,-2.7379134557243474,0.8122468978920843,-1.8062387724739402,-7.366606760456403
6276276276.276276,0.8117741679033826,-1.8112954564208639,-7.421143726075682,0.4628816148379714,-6.69060137172703,-2.7463871138001497,0.4628816148379714,-6.69060137172703,-2.7463871138001497,0.8104442458956091,-1.8255371371667206,-7.374554115308863
6282282282.282282,0.8099522999170184,-1.8308111407681873,-7.428908555838563,0.4653937061293155,-6.643589886039102,-2.754899035175105,0.4653937061293155,-6.643589886039102,-2.754899035175105,0.8086089643517833,-1.8452289665288804,-7.382532303648944
6288288288.288288,0.808097407411488,-1.850725731251142,-7.436702633003128,0.4679315864499076,-6.596352758994811,-2.763450045977952,0.4679315864499076,-6.596352758994811,-2.763450045977952,0.8067403378390905,-1.8653245469483264,-7.3905419862717245
6294294294.294294,0.8062087661171629,-1.8710496792134632,-7.444526548883122,0.47049553214888024,-6.548889926022483,-2.7720409840281035,0.47049553214888024,-6.548889926022483,-2.7720409840281035,0.804837634354,-1.8858344824892768,-7.398583829899726
6300300300.300301,0.8042856351179116,-1.891793758231536,-7.4523808984018824,0.47308581767076524,-6.501201423710546,-2.780672698957332,0.47308581767076524,-6.501201423710546,-2.780672698957332,0.8029001049750148,-1.906769706054519,-7.406658507077001
6306306306.306307,0.8023272565245554,-1.912969075378253,-7.46026627987238,0.47570271524162144,-6.453287393671008,-2.789346052325195,0.47570271524162144,-6.453287393671008,-2.789346052325195,0.8009269835258885,-1.9281414909794372,-7.414766696045653
6312312312.312313,0.8003328551485406,-1.9345870829173137,-7.468183294753768,0.4783464945362146,-6.405148086547597,-2.7980619177276025,0.4783464945362146,-6.405148086547597,-2.7980619177276025,0.7989174862386063,-1.9499614630758455,-7.422909080603519
6318318318.318318,0.7983016381765291,-1.9566595904452655,-7.476132547382772,0.4810174223253759,-6.356783866172257,-2.8068211808978334,0.4810174223253759,-6.356783866172257,-2.8068211808978334,0.7968708114167793,-1.9722416131445355,-7.431086349941615
6324324324.324325,0.7962327948466235,-1.97919877749985,-7.484114644678218,0.4837157621026509,-6.308195213873522,-2.815624739799302,0.4837157621026509,-6.308195213873522,-2.815624739799302,0.7947861391001503,-1.9949943099764544,-7.439299198459925
6330330330.33033,0.7941254961270374,-2.0022172066537394,-7.49213019581678,0.48644177368931857,-6.259382732940293,-2.8244735047093226,0.48644177368931857,-6.259382732940293,-2.8244735047093226,0.7926626307310001,-2.018232313863045,-7.447548325559939
6336336336.336336,0.7919788943980844,-2.025727837113715,-7.500179811878043,0.48919571281683283,-6.210347153244519,-2.8333683982930817,0.48919571281683283,-6.210347153244519,-2.8333683982930817,0.7904994288232828,-2.041968790637621,-7.455834435412345
6342342342.342342,0.7897921231384379,-2.0497440388461605,-7.508264105456691,0.49197783068571094,-6.1610893360262455,-2.8423103556669527,0.49197783068571094,-6.1610893360262455,-2.8423103556669527,0.7882956566354322,-2.0662173262701953,-7.464158236698031
6348348348.348349,0.7875642966166927,-2.074279607250743,-7.5163836902396435,0.49478837349986954,-6.111610278844369,-2.851300324450279,0.49478837349986954,-6.111610278844369,-2.851300324450279,0.7860504178478088,-2.09099194203986,-7.472520442320617
6354354354.354355,0.785294509589353,-2.0993487784050395,-7.5245391805457045,0.49762758197538715,-6.061911120696316,-2.860339264804667,0.49762758197538715,-6.061911120696316,-2.860339264804667,0.783762796245896,-2.116307110309328,-7.480921769088454
6360360360.360361,0.7829818370064556,-2.124966244904,-7.532731190825169,0.5004956908226337,-6.01199314730996,-2.869428149459775,0.5004956908226337,-6.01199314730996,-2.869428149459775,0.7814318554104096,-2.1421777709278227,-7.489362937363978
6366366366.366366,0.7806253337261427,-2.1511471723191153,-7.5409603351167185,0.5033929282007131,-5.961857796610497,-2.878567963724573,0.5033929282007131,-5.961857796610497,-2.878567963724573,0.7790566384155858,-2.1686193482897385,-7.497844670678176
6372372372.372373,0.7782240342395932,-2.177907216303437,-7.549227226458646,0.5063195151431176,-5.911506664365306,-2.887759705482923,0.5063195151431176,-5.911506664365306,-2.887759705482923,0.7766361675370228,-2.1956477690776732,-7.506367695307743
6378378378.378378,0.775776952407852,-2.2052625403695436,-7.557532476251362,0.5092756649534794,-5.860941510009492,-2.89700438517231,0.5092756649534794,-5.860941510009492,-2.89700438517231,0.7741694439705578,-2.2232794807199387,-7.51493273981235
6384384384.384384,0.7732830812121827,-2.2332298343691925,-7.565876693567897,0.512261582570316,-5.810164262654217,-2.9063030257444993,0.512261582570316,-5.810164262654217,-2.9063030257444993,0.7716554475637578,-2.2515314705942835,-7.5235405345293165
6390390390.39039,0.7707413925197268,-2.261826333704315,-7.574260484408852,0.5152774638996076,-5.759177027280309,-2.9156566626067852,0.5152774638996076,-5.759177027280309,-2.9156566626067852,0.7690931365617519,-2.28042128601088,-7.532191811022769
6396396396.396397,0.7681508368663518,-2.291069839300825,-7.582684450898132,0.518323495114083,-5.707982091118687,-2.9250663435424937,0.518323495114083,-5.707982091118687,-2.9250663435424937,0.7664814473692337,-2.3099670550095777,-7.540887301484181
6402402402.402403,0.7655103432587406,-2.3209787383777964,-7.591149190415386,0.521399851918043,-5.656581930219389,-2.9345331286092486,0.521399851918043,-5.656581930219389,-2.9345331286092486,0.7638192943306028,-2.3401875080081846,-7.549627738081013
6408408408.408409,0.762818818997888,-2.3515720260465525,-7.599655294660985,0.5245066987765836,-5.604979216210072,-2.9440580900135305,0.5245066987765836,-5.604979216210072,-2.9440580900135305,0.7611055695303687,-2.371102000340293,-7.558413852249922
6414414414.414414,0.7600751495263425,-2.382869327775635,-7.608203348648963,0.5276441881080639,-5.553176823244872,-2.9536423119599213,0.5276441881080639,-5.553176823244872,-2.9536423119599213,0.7583391426160649,-2.402730535723488,-7.567246373930826
6420420420.420421,0.7572781983016946,-2.414890922759393,-7.616793929623085,0.53081245943868,-5.501177835143732,-2.9632868904733654,0.53081245943868,-5.501177835143732,-2.9632868904733654,0.7555188606460967,-2.435093790700737,-7.576126030737819
6426426426.426426,0.7544268066989671,-2.4476577682299885,-7.625427605890893,0.5340116385180199,-5.448985552722034,-2.97299293319272,0.5340116385180199,-5.448985552722034,-2.97299293319272,0.7526435479650984,-2.46821314010021,-7.585053547062695
6432432432.432432,0.7515197939447457,-2.4811915247545344,-7.634104935570219,0.5372418363945035,-5.396603501309492,-2.9827615591337686,0.5372418363945035,-5.396603501309492,-2.9827615591337686,0.7497120061095391,-2.5021106835613844,-7.594029643106566
6438438438.438438,0.7485559570860805,-2.515514582561191,-7.6428264652422655,0.5405031484496254,-5.344035438457028,-2.9925938984198037,0.5405031484496254,-5.344035438457028,-2.9925938984198037,0.7467230137465166,-2.5368092731777225,-7.603055033834752
6444444444.444445,0.7455340709973729,-2.5506500889403765,-7.651592728504994,0.5437956533899885,-5.291285361829045,-3.0024910919778147,0.5437956533899885,-5.291285361829045,-3.0024910919778147,0.7436753266488317,-2.572332542309424,-7.612130427849799
6450450450.450451,0.7424528884286578,-2.586621976769811,-7.660404244420084,0.5471194121961162,-5.23835751727858,-3.0124542911981935,0.5471194121961162,-5.23835751727858,-3.0124542911981935,0.7405676777096566,-2.608704935622618,-7.621256526177143
6456456456.456457,0.7393111400989211,-2.6234549942144447,-7.669261515846298,0.5504744670271435,-5.185256407101044,-3.0224846575558626,0.5504744670271435,-5.185256407101044,-3.0224846575558626,0.7373987770002862,-2.645951740414903,-7.630434020957598
6462462462.462462,0.7361075348382823,-2.661174735655487,-7.678165027651574,0.5538608400805124,-5.1319867984621155,-3.0325833621905764,0.5538608400805124,-5.1319867984621155,-3.0325833621905764,0.7341673118746892,-2.684099119290587,-7.639663594040376
6468468468.468469,0.7328407597831137,-2.6998076739055126,-7.687115244795613,0.5572785324059016,-5.078553731993906,-3.0427515854441047,0.5572785324059016,-5.078553731993906,-3.0427515854441047,0.7308719471247699,-2.723174144253049,-7.6489459154700405
6474474474.474474,0.7295094806284046,-2.73938119376984,-7.696112610274185,0.5607275226727111,-5.024962530552583,-3.05299051635193,0.5607275226727111,-5.024962530552583,-3.05299051635193,0.7275113251904813,-2.7632048322857927,-7.658281641860226
6480480480.48048,0.7261123419418869,-2.7799236270182064,-7.705157542915741,0.5642077658905318,-4.971218808129403,-3.0633013520870196,0.5642077658905318,-4.971218808129403,-3.0633013520870196,0.7240840664291489,-2.8042201824984323,-7.667671414646555
6486486486.486486,0.7226479675447265,-2.8214642888340307,-7.714250435020194,0.5677191920821508,-4.917328478905951,-3.073685297353112,0.5677191920821508,-4.917328478905951,-3.073685297353112,0.7205887694486012,-2.8462502149187014,-7.677115858210599
6492492492.492493,0.7191149609638018,-2.864033515813003,-7.723391649829087,0.571261704908791,-4.863297766442895,-3.0841435637249575,0.571261704908791,-4.863297766442895,-3.0841435637249575,0.7170240115089324,-2.889326011017124,-7.686615577866194
6498498498.498499,0.7155119059608577,-2.9076627055870343,-7.732581518815497,0.5748351802474452,-4.809133212990106,-3.09467736893284,0.5748351802474452,-4.809133212990106,-3.09467736893284,0.7133883489979539,-2.933479756056927,-7.696171157698802
6504504504.504505,0.711837367144105,-2.952384358154079,-7.74182033878116,0.5784394647203304,-4.754841688904636,-3.105287936088633,0.5784394647203304,-4.754841688904636,-3.105287936088633,0.7096803179856579,-2.978744783367903,-7.705783158247897
6510510510.51051,0.7080898906680504,-2.9982321190001224,-7.751108368747489,0.5820743741767173,-4.7004304021609284,-3.115976492850658,0.5820743741767173,-4.7004304021609284,-3.115976492850658,0.7058984348632141,-3.0251556206505152,-7.7154521140217325
6516516516.516517,0.7042680050276724,-3.045240824104443,-7.76044582662591,0.5857396921275816,-4.645906907936302,-3.12674427052448,0.5857396921275816,-4.645906907936302,-3.12674427052448,0.702041197072308,-3.072748038423671,-7.725178530832961
6522522522.522522,0.7003702219532753,-3.0934465469259864,-7.76983288565206,0.5894351681337863,-4.59127911825264,-3.1375925030967746,0.5894351681337863,-4.59127911825264,-3.1375925030967746,0.6981070839308476,-3.1215591007382733,-7.734962882942739
6528528528.528528,0.696395037412644,-3.1428866474750543,-7.779269670567041,0.5931605161487853,-4.536555311653002,-3.1485224261993965,0.5931605161487853,-4.536555311653002,-3.1485224261993965,0.6940945575612942,-3.171627218288057,-7.7448056100000935
6534534534.534534,0.6923409327273925,-3.1935998235817076,-7.788756253527611,0.5969154128171144,-4.481744142890108,-3.1595352760007067,0.5969154128171144,-4.481744142890108,-3.1595352760007067,0.6900020639281285,-3.2229922040590484,-7.754707113762206
6540540540.540541,0.6882063758106557,-3.2456261644802415,-7.798292649725782,0.6006994957302777,-4.4268546526010795,-3.1706322880212303,0.6006994957302777,-4.4268546526010795,-3.1706322880212303,0.685828033991176,-3.275695331670355,-7.764667754580209
6546546546.546547,0.6839898225335264,-3.299007206837823,-7.807878812696647,0.6045123616419902,-4.37189627694054,-3.181814695870752,0.6045123616419902,-4.37189627694054,-3.181814695870752,0.6815708849817314,-3.329779396571299,-7.774687847633867
6552552552.552553,0.6796897182279044,-3.3537859933646508,-7.817514629291529,0.6083535646451249,-4.316878857141545,-3.193083729903935,0.6083535646451249,-4.316878857141545,-3.193083729903935,0.6772290218086231,-3.385288780273524,-7.784767658897128
6558558558.558558,0.675304499333662,-3.4100071341533758,-7.827199914291567,0.6122226143131154,-4.261812648971446,-3.204440615791609,0.6122226143131154,-4.261812648971446,-3.204440615791609,0.672800838601575,-3.4422695178113996,-7.794907400815083
6564564564.564565,0.6708325951982477,-3.4677168709070556,-7.836934404634782,0.6161189738090377,-4.206708332046666,-3.215886573004933,0.6161189738090377,-4.206708332046666,-3.215886573004933,0.6682847203993487,-3.5007693686411616,-7.80510722767121
6570570570.57057,0.6662724300370965,-3.526963144226938,-7.846717753227201,0.6200420579660526,-4.151577018967849,-3.227422813209719,0.6200420579660526,-4.151577018967849,-3.227422813209719,0.6636790449903556,-3.5608378912069734,-7.815367230621966
6576576576.576576,0.661622425063376,-3.587795664145558,-7.856549522306067,0.6239912313434289,-4.096430264233561,-3.2390505385683084,0.6239912313434289,-4.096430264233561,-3.2390505385683084,0.658982184913508,-3.6225265214229605,-7.825687432373737
6582582582.582582,0.6568810007958177,-3.6502659841051086,-7.866429176320207,0.6279658062628978,-4.041280072887893,-3.250770939946506,0.6279658062628978,-4.041280072887893,-3.250770939946506,0.654192509627221,-3.6858886553423735,-7.836067781474995
6588588588.588589,0.6520465795535056,-3.7144275785980247,-7.876356074289395,0.6319650408306927,-3.9861389088539037,-3.262585195023278,0.6319650408306927,-3.9861389088539037,-3.262585195023278,0.6493083878545068,-3.7509797363105317,-7.846508146193897
6594594594.594595,0.6471175881466673,-3.7803359247043513,-7.886329461600905,0.6359881369512228,-3.9310197029019327,-3.274494466301043,0.6359881369512228,-3.9310197029019327,-3.274494466301043,0.6443281901121798,-3.817857346925585,-7.857008307948816
6600600600.600601,0.6420924607725776,-3.8480485877809874,-7.8963484611974195,0.6400342383390141,-3.8759358601979716,-3.2864998990146916,0.6400342383390141,-3.8759358601979716,-3.2864998990146916,0.6392502914321441,-3.886581306162592,-7.867567954256183
6606606606.6066065,0.6369696421258213,-3.917625311579113,-7.906412064105907,0.6441024285361915,-3.8209012673745972,-3.29860261893762,0.6441024285361915,-3.8209012673745972,-3.29860261893762,0.6340730742827371,-3.957213772050378,-7.878186671156371
6612612612.612613,0.6317475907321431,-3.989128113091094,-7.916519119252009,0.6481917289435376,-3.765930299062873,-3.310803730083484,0.6481917289435376,-3.765930299062873,-3.310803730083484,0.6287949316979553,-4.029819350329763,-7.888863935074526
6618618618.618618,0.6264247825151884,-4.062621382454018,-7.926668322498713,0.652301096873866,-3.7110378238207726,-3.3231043123025854,0.652301096873866,-3.7110378238207726,-3.3231043123025854,0.6234142706223026,-4.104465209563966,-7.8995991040686375
6624624624.624624,0.6209997146053844,-4.138171988266631,-7.936858204841721,0.6564294236372443,-3.656239209389927,-3.335505418772303,0.6564294236372443,-3.656239209389927,-3.335505418772303,0.6179295154787505,-4.181221203220629,-7.91039140841215
6630630630.6306305,0.6154709094001853,-4.215849388708348,-7.94708711968655,0.6605755326683733,-3.601550327209405,-3.3480080733812874,0.6605755326683733,-3.601550327209405,-3.3480080733812874,0.6123391119670964,-4.260159999297837,-7.9212399404525575
6636636636.636637,0.6098369188847957,-4.295725748884578,-7.957353229124204,0.6647381777072513,-3.5469875561117625,-3.3606132680076914,0.6647381777072513,-3.5469875561117625,-3.3606132680076914,0.6066415310996661,-4.341357218126794,-7.932143643681001
6642642642.642643,0.6040963292223885,-4.377876064861242,-7.967654489113015,0.6689160410450793,-3.4925677851234385,-3.373321959692232,0.6689160410450793,-3.4925677851234385,-3.373321959692232,0.6008352734809196,-4.424891579051115,-7.943101300940329
6648648648.648649,0.5982477656227199,-4.462378294893438,-7.977988633463432,0.6731077318481542,-3.438308415289017,-3.3861350677073045,0.6731077318481542,-3.438308415289017,-3.3861350677073045,0.5949188738371605,-4.510845056756784,-7.954111521690543
6654654654.6546545,0.5922898974977991,-4.549313498401012,-7.988353156510767,0.6773117845733981,-3.3842273604351787,-3.3990534705242372,0.6773117845733981,-3.3842273604351787,-3.3990534705242372,0.5888909058019396,-4.599303048112696,-7.96517272824096
6660660660.660661,0.586221443913195,-4.638765983293353,-7.998745294346962,0.6815266574899258,-3.3303430467884794,-3.4120780026812176,0.6815266574899258,-3.3303430467884794,-3.4120780026812176,0.5827499869623072,-4.690354550474548,-7.976283140847013
6666666666.666666,0.5800411793433157,-4.730823462302291,-8.009162004466775,0.685750731321897,-3.276674411358342,-3.4252094515552582,0.685750731321897,-3.276674411358342,-3.4252094515552582,0.576494784170389,-4.78409235251195,-7.987440761556938
6672672672.672672,0.5737479397388332,-4.825577219042667,-8.019599943665984,0.6899823080286884,-3.223240898994637,-3.4384485540423713,0.6899823080286884,-3.223240898994637,-3.4384485540423713,0.5701240191241235,-4.880613238737609,-7.99864335667871
6678678678.6786785,0.5673406289143337,-4.923122284585247,-8.030055444008411,0.6942196097391383,-3.17006245802806,-3.4517959931508844,0.6942196097391383,-3.17006245802806,-3.4517959931508844,0.5636364742203288,-4.9800182090509955,-8.009888437720525
6684684684.684685,0.5608182252641161,-5.0235576253991425,-8.040524486655144,0.6984607778573452,-3.1171595344000353,-3.4652523945137714,0.6984607778573452,-3.1171595344000353,-3.4652523945137714,0.5570309986825186,-5.082412714760157,-8.021173240638284
6690690690.690691,0.5541797888141298,-5.126986343596704,-8.051002673322008,0.7027038723581238,-3.064553064188558,-3.4788183228268,0.7027038723581238,-3.064553064188558,-3.4788183228268,0.5503065149651722,-5.187906912714699,-8.032494703200744
6696696696.696697,0.5474244686180851,-5.233515890497493,-8.061485195100106,0.7069468712907977,-3.012264464436252,-3.492494278220294,0.7069468712907977,-3.012264464436252,-3.492494278220294,0.543462025435448,-5.296615939374187,-8.043849440256226
6702702702.702703,0.5405515105061172,-5.3432582946148415,-8.071966798338028,0.7111876705104632,-2.9603156221878297,-3.5062806925733057,0.7111876705104632,-2.9603156221878297,-3.5062806925733057,0.5364966193326639,-5.408660206851378,-8.055233716653824
6708708708.708709,0.5335602651948192,-5.456330405262404,-8.082441747242465,0.7154240836562569,-2.908728881645245,-3.520177925780136,0.7154240836562569,-2.908728881645245,-3.520177925780136,0.5294094800052483,-5.524165723213038,-8.066643417535813
6714714714.714715,0.5264501967682744,-5.572854153075038,-8.092903782805559,0.7196538423963827,-2.857527029351327,-3.534186261980186,0.7196538423963827,-2.857527029351327,-3.534186261980186,0.5221998924244169,-5.643264439594576,-8.078074015675677
6720720720.72072,0.5192208915408574,-5.692956828838772,-8.10334607761088,0.7238745969597817,-2.8067332773155194,-3.548305905763304,0.7238745969597817,-2.8067332773155194,-3.548305905763304,0.5148672509735004,-5.766094626994532,-8.089520535486386
6726726726.726727,0.5118720673141557,-5.816771382127089,-8.113761186004545,0.7280839169742798,-2.7563712439994297,-3.562536978363981,0.7280839169742798,-2.7563712439994297,-3.562536978363981,0.5074110675117824,-5.892801285964301,-8.10097751326538
6732732732.732733,0.5044035830426091,-5.944436741340473,-8.124140989041528,0.7322792926308204,-2.7064649330849506,-3.576879513858841,0.7322792926308204,-2.7064649330849506,-3.576879513858841,0.4998309797119949,-6.023536592802424,-8.112438953173752
6738738738.738739,0.4968154489253277,-6.076098156842773,-8.134476633528195,0.7364581361929958,-2.657038709953615,-3.5913334553831535,0.7364581361929958,-2.657038709953615,-3.5913334553831535,0.4921267596712433,-6.158460386309327,-8.123898278366072
6744744744.744745,0.48910783694538934,-6.211907568973247,-8.14475846437767,0.7406177838704718,-2.6081172758129814,-3.6058986513832414,0.7406177838704718,-2.6081172758129814,-3.6058986513832414,0.4842983227963612,-6.297740699661682,-8.135348276591063
6750750750.7507515,0.48128109188287294,-6.352024002780938,-8.1549759493725,0.7447554980740442,-2.5597256394143426,-3.620574851922744,0.7447554980740442,-2.5597256394143426,-3.620574851922744,0.47634573696662985,-6.441554342533476,-8.146781039469131
6756756756.756757,0.47333574283411034,-6.496613991370365,-8.165117595285405,0.7488684700690127,-2.5118890863152417,-3.63536170506195,0.7488684700690127,-2.5118890863152417,-3.63536170506195,0.4682692319794687,-6.590087539234312,-8.158187894516812
6762762762.762763,0.4652725152776401,-6.645852029747626,-8.175170854140044,0.7529538230422077,-2.464633145651146,-3.650258753330399,0.7529538230422077,-2.464633145651146,-3.650258753330399,0.46006920928861805,-6.743536629358019,-8.16955932882591
6768768768.768768,0.457092343737332,-6.799921060998592,-8.185122018194404,0.7570086155964062,-2.417983554392599,-3.665265430313959,0.7570086155964062,-2.417983554392599,-3.665265430313959,0.45174625204948976,-6.902108838250506,-8.18088490311049
6774774774.774775,0.4487963851055895,-6.959012996491454,-8.194956101994224,0.761029845684021,-2.371966219077094,-3.680381057378634,0.761029845684021,-2.371966219077094,-3.680381057378634,0.4433011354931727,-7.0660231255230075,-8.19215315460156
6780780780.780781,0.44038603270510046,-7.1233292715395224,-8.20465670956522,0.765014454989766,-2.326607175019622,-3.695604840554013,0.765014454989766,-2.326607175019622,-3.695604840554013,0.4347348376595963,-7.235511120862702,-8.20335148698745
6786786786.786787,0.4318629311867456,-7.2930814375470945,-8.214205884482768,0.7689593337695938,-2.281932543021029,-3.710935867600222,0.7689593337695938,-2.281932543021029,-3.710935867600222,0.4260485505317533,-7.410818157541842,-8.214466045257808
6792792792.792793,0.4232289923850878,-7.468491791027194,-8.22358394016523,0.7728613261504426,-2.2379684836104743,-3.726373105282584,0.7728613261504426,-2.2379684836104743,-3.726373105282584,0.41724369162768743,-7.592204415298864,-8.225481572895708
6798798798.7987995,0.4144864122820375,-7.649794038952384,-8.232769267270514,0.7767172358923735,-2.1947411488754702,-3.7419153968788565,0.7767172358923735,-2.1947411488754702,-3.7419153968788565,0.4083219161255566,-7.779946185671573,-8.23638124835972
6804804804.804805,0.4056376892653873,-7.837233998566157,-8.241738114518943,0.7805238326113602,-2.152276631952307,-3.7575614599440246,0.7805238326113602,-2.152276631952307,-3.7575614599440246,0.3992851296207617,-7.974337274395436,-8.247146497182776
6810810810.810811,0.39668564391320754,-8.031070327905079,-8.250464338601775,0.7842778584575045,-2.1106009142687454,-3.7733098843577957,0.7842778584575045,-2.1106009142687454,-3.7733098843577957,0.3901355016439921,-8.175690557129982,-8.25775677526055
6816816816.816816,0.3876334405896897,-8.231575280665192,-8.258919118041314,0.7879760352396623,-2.0697398106515115,-3.7891591306797623,0.7879760352396623,-2.0697398106515115,-3.7891591306797623,0.38087548010668665,-8.384339706514861,-8.268189317973057
6822822822.822823,0.37848461120517574,-8.439035475433567,-8.267070624920077,0.7916150719835078,-2.0297189124316994,-3.805107528836888,0.7916150719835078,-2.0297189124316994,-3.805107528836888,0.3715078068879526,-8.60064111033006,-8.278418848634416
6828828828.828829,0.3692430815758911,-8.653752664345301,-8.274883647261815,0.7951916729058948,-1.9905635287026715,-3.821153277167364,0.7951916729058948,-1.9905635287026715,-3.821153277167364,0.36203553483698003,-8.824976002253008,-8.288417238339036
6834834834.834835,0.35991320092094947,-8.876044479446147,-8.282319153489878,0.7987025457840956,-1.952298625906153,-3.83729444184405,0.7987025457840956,-1.952298625906153,-3.83729444184405,0.3524620465410089,-9.057752828216401,-8.298153107493572
6840840840.840841,0.35049977516028064,-9.106245125796994,-8.289333788766898,0.8021444106940959,-1.9149487659436584,-3.853528956699637,0.8021444106940959,-1.9149487659436584,-3.853528956699637,0.3427910753053224,-9.299409872439249,-8.307591357096149
6846846846.846848,0.3410081048330917,-9.344705977777076,-8.295879291085448,0.8055140090876747,-1.8785380430313825,-3.869854623474277,0.8055140090876747,-1.8785380430313825,-3.869854623474277,0.33302672891470136,-9.550418167452676,-8.3166926150218
6852852852.852853,0.3314440286496837,-9.591796017940492,-8.30190181268075,0.8088081131735526,-1.8430900195371414,-3.8862691125047832,0.8088081131735526,-1.8430900195371414,-3.8862691125047832,0.323173516903027,-9.811284711298123,-8.325412579033337
6858858858.858859,0.3218139739291682,-9.847902034536833,-8.30734112961828,0.8120235355635324,-1.8086276610572347,-3.902769963872691,0.8120235355635324,-1.8086276610572347,-3.902769963872691,0.31323638225995526,-10.082556011650645,-8.333701233745389
6864864864.864864,0.3121250154736202,-10.113428462208297,-8.312129719221339,0.8151571391402522,-1.7751732710099453,-3.919354589026126,0.8151571391402522,-1.7751732710099453,-3.919354589026126,0.30322073876513456,-10.36482196955661,-8.341501913047559
6870870870.870871,0.3023849447995893,-10.388796707413112,-8.316191681309462,0.8182058470991428,-1.7427484250389096,-3.9360202728881855,0.8182058470991428,-1.7427484250389096,-3.9360202728881855,0.29313251548039115,-10.658720102709626,-8.34875017217397
6876876876.876877,0.29260235210888813,-10.674443741671082,-8.319441475015394,0.8211666531133051,-1.711373905535361,-3.952764176461659,0.8211666531133051,-1.711373905535361,-3.952764176461659,0.28297821037522775,-10.964940086554966,-8.35537242421053
6882882882.882883,0.2827867239533798,-10.9708196661823,-8.321782438300275,0.82403663156658,-1.6810696366009215,-3.969583339937182,0.82403663156658,-1.6810696366009215,-3.969583339937182,0.27276495564665065,-11.28422855618589,-8.361284283731448
6888888888.888889,0.2729485602592472,-11.278383843105694,-8.323105052381052,0.8268129477969112,-1.6518546197841477,-3.9864746863086244,0.8268129477969112,-1.6518546197841477,-3.9864746863086244,0.2625005980706489,-11.617394055561498,-8.36638854463613
6894894894.894896,0.26309951525399156,-11.597599041532655,-8.323284908526691,0.8294928682894719,-1.6237468709320964,-4.003435025496269,0.8294928682894719,-1.6237468709320964,-4.003435025496269,0.25219379875809383,-11.965311931646683,-8.370572699067555
6900900900.900901,0.2532525679158547,-11.928922846221825,-8.322180330849235,0.8320737707568655,-1.5967633585039567,-4.020461058974883,0.8320737707568655,-1.5967633585039567,-4.020461058974883,0.24185415807797955,-12.328928832056032,-8.373705878206835
6906906906.906907,0.24342222887001966,-12.272795306442168,-8.319629607219376,0.8345531540421344,-1.5709199436963823,-4.03754938490013,0.8345531540421344,-1.5709199436963823,-4.03754938490013,0.2314923733887382,-12.709266248406248,-8.3756350621324
6912912912.912912,0.23362479220751095,-12.629621437734377,-8.31544778371481,0.8369286477793356,-1.546231322729825,-4.05469650372307,0.8369286477793356,-1.546231322729825,-4.05469650372307,0.22112043976887474,-13.107422211424922,-8.37618036293317
6918918918.918919,0.22387864249226844,-12.999746702798058,-8.309422990185139,0.8391980217461821,-1.5227109716410092,-4.071898824278847,0.8391980217461821,-1.5227109716410092,-4.071898824278847,0.21075190741822297,-13.52456972173128,-8.37512913096149
6924924924.924925,0.2142046291809336,-13.38342295710368,-8.301312292387285,0.8413591948436095,-1.5003710939198793,-4.089152670331826,0.8413591948436095,-1.5003710939198793,-4.089152670331826,0.20040221416419404,-13.961949688632833,-8.372228567134064
6930930930.930931,0.20462652262276218,-13.780761519790303,-8.290837120683655,0.8434102436382891,-1.4792225713183575,-4.106454287555774,0.8434102436382891,-1.4792225713183575,-4.106454287555774,0.19008911803024767,-14.420854886750726,-8.367176445076606
6936936936.936937,0.19517156733170082,-14.191669004938397,-8.277678423786414,0.8453494104059541,-1.4592749181442335,-4.12379985092417,0.8453494104059541,-1.4592749181442335,-4.12379985092417,0.1798332637285476,-14.902599475903099,-8.359609461105102
6942942942.942944,0.18587114854281858,-14.615760348840897,-8.26147186487202,0.8471751106159948,-1.4405362393361412,-4.141185472482077,0.8471751106159948,-1.4405362393361412,-4.141185472482077,0.16965892898128082,-15.408465578584767,-8.349088654205538
6948948948.948949,0.17676158574116885,-15.052242220091438,-8.24180365514744,0.8488859398011108,-1.4230131925945855,-4.158607209467897,0.8488859398011108,-1.4230131925945855,-4.158607209467897,0.15959501253798108,-15.939613695931119,-8.335081313080096
6954954954.954955,0.16788505938475612,-15.49975902726519,-8.21820805914546,0.850480679759818,-1.4067109548202292,-4.176061072750205,0.850480679759818,-1.4067109548202292,-4.176061072750205,0.14967634609403133,-16.496936547917322,-8.316938903454862
6960960960.96096,0.15929066033084524,-15.956193747717073,-8.190168269550433,0.8519583040442842,-1.3916331930838468,-4.193543035542042,0.8519583040442842,-1.3916331930838468,-4.193543035542042,0.13994543620974637,-17.080825196724014,-8.293870995570794
6966966966.966967,0.1510355192250367,-16.418418141628095,-8.157123292276367,0.8533179826912649,-1.3777820403228616,-4.2110490423526645,0.8533179826912649,-1.3777820403228616,-4.2110490423526645,0.13045476542924278,-17.69080103548019,-8.26491632694194
6972972972.972973,0.1431859166331886,-16.881993918395032,-8.118484701532351,0.8545590861597405,-1.3651580759277568,-4.228575018134558,0.8545590861597405,-1.3651580759277568,-4.228575018134558,0.12126979120735144,-18.32494740325851,-8.22891471321745
6978978978.978979,0.13581818409435775,-17.34084160801014,-8.073668447407153,0.8556811884451834,-1.3537603113478378,-4.2461168775818106,0.8556811884451834,-1.3537603113478378,-4.2461168775818106,0.11247274527752871,-18.979054086091654,-8.18448876538271
6984984984.984985,0.12901907520763084,-17.78692150797165,-8.022147786649429,0.8566840693470897,-1.343586180810656,-4.263670534534662,0.8566840693470897,-1.343586180810656,-4.263670534534662,0.1041671857398587,-19.645381378219593,-8.130054147864666
6990990990.990992,0.12288512312202118,-18.210013821048797,-7.963532696106449,0.8575677158734374,-1.3346315372129238,-4.281231911444046,0.8575677158734374,-1.3346315372129238,-4.281231911444046,0.09648285752957642,-20.310996850564948,-8.063893268086645
6996996996.996997,0.117520351095105,-18.597738394996068,-7.897676896133363,0.8583323227729582,-1.326890653203683,-4.298796948849551,0.8583323227729582,-1.326890653203683,-4.298796948849551,0.08957957004295776,-20.955820527583043,-7.9843486162528965
7003003003.003003,0.11303167135990001,-18.935997011812514,-7.824803703605863,0.8589782921934677,-1.3203562274430356,-4.316361614824262,0.8589782921934677,-1.3203562274430356,-4.316361614824262,0.08364732557243486,-21.55095880059516,-7.890205778471527
7009009009.009008,0.10952156230493147,-19.210007393980337,-7.74562592935319,0.8595062324718455,-1.315019395982611,-4.33392191434026,0.8595062324718455,-1.315019395982611,-4.33392191434026,0.07889808761793322,-22.058670467381774,-7.781304392699131
7015015015.015015,0.1070783129321229,-19.405969598794645,-7.661417730283746,0.8599169560685233,-1.3108697486774887,-4.351473898509592,0.8599169560685233,-1.3108697486774887,-4.351473898509592,0.07554391792858262,-22.43600990284134,-7.6592758057990835
7021021021.021021,0.10576523096640439,-19.513141557383456,-7.573989987903495,0.8602114766664192,-1.307895350503752,-4.369013673656705,0.8602114766664192,-1.307895350503752,-4.369013673656705,0.07376001393690246,-22.643580197895684,-7.528048597168694
7027027027.027027,0.10561129613775606,-19.525792547422704,-7.485540038353447,0.8603910054610425,-1.3060827676221045,-4.386537410180202,0.8603910054610425,-1.3060827676221045,-4.386537410180202,0.07364156708046955,-22.65753956708688,-7.393593340447087
7033033033.033033,0.10660604497836154,-19.444363368419356,-7.3983934118422,0.8604569466749064,-1.3054170979959292,-4.40404135116378,0.8604569466749064,-1.3054170979959292,-4.40404135116378,0.07517438685417076,-22.47860210909461,-7.262682559738919
7039039039.03904,0.1087004566788503,-19.275372626519175,-7.314706780244611,0.8604108923353432,-1.3058820063425518,-4.421521820698724,0.8604108923353432,-1.3058820063425518,-4.421521820698724,0.07823708427957315,-22.1317468619775,-7.141198755551379
7045045045.045045,0.11181359359810719,-19.030107888603766,-7.2362217472783295,0.8602546163602474,-1.307459763169356,-4.438975231883157,0.8602546163602474,-1.307459763169356,-4.438975231883157,0.08263370957474331,-21.656855011026437,-7.032941969929706
7051051051.051051,0.11584286296776475,-18.722614355166208,-7.164132522140319,0.859990068001098,-1.3101312876222513,-4.456398094466264,0.859990068001098,-1.3101312876222513,-4.456398094466264,0.08813783856040466,-21.096752081468495,-6.939427837607226
7057057057.057056,0.12067503447440686,-18.367651368802765,-7.0990774525566565,0.8596193646968185,-1.3138761938528063,-4.473787022108991,0.8596193646968185,-1.3138761938528063,-4.473787022108991,0.09452865861272512,-20.48873009637935,-6.8604195020484315
7063063063.063063,0.12619569690487226,-17.979109073363936,-7.041220656357776,0.8591447843955261,-1.3186728405926875,-4.491138739236344,0.8591447843955261,-1.3186728405926875,-4.491138739236344,0.10161129708369816,-19.861160095301045,-6.794665013922512
7069069069.069069,0.13229601251555445,-17.56906491044333,-6.9903749530153,0.8585687574040481,-1.3244983836094049,-4.5084500874598525,0.8585687574040481,-1.3244983836094049,-4.5084500874598525,0.10922366122010121,-19.23366539669122,-6.740496471468791
7075075075.075075,0.13887669499134203,-17.147412549011513,-6.946126137678635,0.8578938578271548,-1.3313288307065319,-4.525718031552662,0.8578938578271548,-1.3313288307065319,-4.525718031552662,0.1172353206019788,-18.61883049134837,-6.696200952006532
7081081081.081081,0.1458497459751238,-16.721886458948923,-6.90793633842129,0.8571227946598257,-1.3391390989239802,-4.5429396649634946,0.8571227946598257,-1.3391390989239802,-4.5429396649634946,0.12554300774007032,-18.024149416005347,-6.660205468499728
7087087087.087088,0.15313866121603467,-16.298303079154014,-6.87521947163146,0.8562584025965226,-1.347903073589816,-4.560112214859365,0.8562584025965226,-1.347903073589816,-4.560112214859365,0.1340653898887404,-17.45366648925562,-6.631145905553646
7093093093.093094,0.1606777388590397,-15.880885770317338,-6.84739081961376,0.8553036326214097,-1.3575936688742836,-4.577233046690875,0.8553036326214097,-1.3575936688742836,-4.577233046690875,0.14273830427936343,-16.909189338703804,-6.607874974101682
7099099099.099099,0.16841095280514318,-15.472593341269965,-6.8238963520108955,0.8542615424427621,-1.3681828894992156,-4.594299668277469,0.8542615424427621,-1.3681828894992156,-4.594299668277469,0.15151083498600182,-16.391126167474667,-6.5894430119769885
7105105105.105105,0.17629068750967697,-15.075412570800761,-6.804227798306491,0.8531352868335058,-1.3796418932613863,-4.611309733413621,0.8531352868335058,-1.3796418932613863,-4.611309733413621,0.1603422397374053,-15.899041085247553,-6.57506967373917
7111111111.111111,0.18427650275319526,-14.690600769867677,-6.787928475825277,0.8519281079379474,-1.391941054036694,-4.628261045000298,0.8519281079379474,-1.391941054036694,-4.628261045000298,0.16919960179160887,-15.432013268009694,-6.5641150810555695
7117117117.117117,0.1923340114530102,-14.318878207037937,-6.774593547981836,0.850643325602361,-1.4050500249429596,-4.645151557709387,0.850643325602361,-1.4050500249429596,-4.645151557709387,0.1780560560047249,-14.988865012138625,-6.556053949616264
7123123123.123123,0.20043390187545543,-13.960576379430098,-6.763867202599058,0.8492843277842634,-1.4189378013522256,-4.661979380191557,0.8492843277842634,-1.4189378013522256,-4.661979380191557,0.1868894532003529,-14.568304132522897,-6.550453735714581
7129129129.129129,0.20855110707342536,-13.615750008033716,-6.755438338594169,0.8478545610919531,-1.433572783458878,-4.6787427768410605,0.8478545610919531,-1.433572783458878,-4.6787427768410605,0.19568135309147763,-14.169011145022257,-6.546956744096104
7135135135.135136,0.21666411030953522,-13.284260443229565,-6.749035721309465,0.8463575215023286,-1.4489228381268786,-4.6954401691333825,0.8463575215023286,-1.4489228381268786,-4.6954401691333825,0.2044162615606614,-13.789691170242834,-6.545265717697978
7141141141.141142,0.2247543695553991,-12.965837123787772,-6.744423154011897,0.844796745301175,-1.4649553597578824,-4.712070136553905,0.844796745301175,-1.4649553597578824,-4.712070136553905,0.21308104935000965,-13.429103462655307,-6.545132325252992
7147147147.147147,0.23280584301609786,-12.660122477195198,-6.741394953551997,0.8431758002860529,-1.4816373299419725,-4.728631417137893,0.8431758002860529,-1.4816373299419725,-4.728631417137893,0.22166450567545887,-13.08607686602725,-6.546347992350702
7153153153.153153,0.24080459871289578,-12.366704469832113,-6.739771861279826,0.8414982772677725,-1.4989353756732136,-4.7451229076438,0.8414982772677725,-1.4989353756732136,-4.7451229076438,0.23015699259983832,-12.759516517821087,-6.548736598682092
7159159159.159159,0.24873849316935626,-12.085140018168692,-6.739397429378443,0.8397677819021796,-1.5168158259336009,-4.761543663383246,0.8397677819021796,-1.5168158259336009,-4.761543663383246,0.23855017505849213,-12.44840520801523,-6.552148649915896
7165165165.165165,0.25659690649739836,-11.814971674670607,-6.740134872871122,0.8379879268796935,-1.5352447664708193,-4.777892897732543,0.8379879268796935,-1.5352447664708193,-4.777892897732543,0.24683680804025487,-12.151801565641343,-6.5564566111740294
7171171171.171171,0.26437052333219696,-11.555739385226907,-6.741864352448256,0.8361623244958133,-1.554188092616846,-4.79416998135128,0.8361623244958133,-1.554188092616846,-4.79416998135128,0.2550105672364095,-11.868836454271971,-6.561551155338224
7177177177.177177,0.27205115097481175,-11.306988647434853,-6.744480642673273,0.8342945796216261,-1.5736115600163485,-4.810374441134401,0.8342945796216261,-1.5736115600163485,-4.810374441134401,0.26306591297510906,-11.598708448083139,-6.56733813305386
7183183183.183184,0.27963156772671977,-11.068276049396568,-6.74789113772061,0.8323882830892978,-1.5934808331552797,-4.826505958924649,0.8323882830892978,-1.5934808331552797,-4.826505958924649,0.27099797982073687,-11.340678932030453,-6.573736113725071
7189189189.18919,0.2871053957492001,-10.83917290924207,-6.752014148739577,0.8304470055036426,-1.613761531600923,-4.842564370012469,0.8304470055036426,-1.613761531600923,-4.842564370012469,0.2788024860993525,-11.09406715850952,-6.5806743799373155
7195195195.195195,0.29446699388240993,-10.619267544061305,-6.7567774509628435,0.8284742914871375,-1.6344192738851588,-4.858549661450569,0.8284742914871375,-1.6344192738851588,-4.858549661450569,0.2864756590009146,-10.858245457224978,-6.588091283462484
7201201201.201201,0.3017113667503552,-10.408166555932416,-6.7621170434895825,0.8264736543622473,-1.6554197189822364,-4.874461970210239,0.8264736543622473,-1.6554197189822364,-4.874461970210239,0.29401417194117113,-10.632634708252723,-6.595932890904994
7207207207.207207,0.30883408719464644,-10.205495419088198,-6.7679760895571315,0.8244485712716608,-1.6767286053509163,-4.890301581206143,0.8244485712716608,-1.6767286053509163,-4.890301581206143,0.30141509163756225,-10.416700133272398,-6.60415186244517
7213213213.213213,0.31583122965432514,-10.010898576106783,-6.774304009704657,0.8224024787339874,-1.6983117875287488,-4.906068925215992,0.8224024787339874,-1.6983117875287488,-4.906068925215992,0.30867583293375794,-10.209947425542245,-6.612706519064674
7219219219.219219,0.32269931256848156,-9.824039195053796,-6.781055704361972,0.8203387686296989,-1.7201352702827724,-4.921764576720805,0.8203387686296989,-1.7201352702827724,-4.921764576720805,0.3157941198463906,-10.01191921815934,-6.621560062901856
7225225225.225225,0.3294352482459184,-9.644598698363762,-6.788190886014995,0.8182607846095664,-1.7421652403366215,-4.937389251690957,0.8182607846095664,-1.7421652403366215,-4.937389251690957,0.3227679516418658,-9.822191877764201,-6.630679922601098
7231231231.231232,0.33603629894005865,-9.472276143995268,-6.795673504214956,0.8161718189155905,-1.7643680957084031,-4.952943805342258,0.8161718189155905,-1.7643680957084031,-4.952943805342258,0.3295955730068394,-9.640372604038056,-6.640037201162491
7237237237.237238,0.34250003810289353,-9.306787517131813,-6.803471249351165,0.8140751096024089,-1.786710472707106,-4.968429229885611,0.8140751096024089,-1.786710472707106,-4.968429229885611,0.3362754475730213,-9.466096812066615,-6.649606208227343
7243243243.243243,0.34882431598065783,-9.147864974322516,-6.811555123348427,0.811973838145414,-1.809159270647491,-4.983846652292832,0.811973838145414,-1.809159270647491,-4.983846652292832,0.34280623420928624,-9.299025773595632,-6.659364062226546
7249249249.249249,0.3550072288658491,-8.995256069907429,-6.8198990673344495,0.8098711274202784,-1.831681674354776,-4.999197332100321,0.8098711274202784,-1.831681674354776,-4.999197332100321,0.3491867656125862,-9.138844493507076,-6.66929035058287
7255255255.255255,0.3610470914424605,-8.84872298572078,-6.8284796379018164,0.8077700400373357,-1.854245174540111,-5.014482659271237,0.8077700400373357,-1.854245174540111,-5.014482659271237,0.35541602882167544,-8.985259798941227,-6.679366838355908
7261261261.261261,0.36694241176009157,-8.708041778570035,-6.837275724910253,0.8056735770131443,-1.876817586137483,-5.029704152135997,0.8056735770131443,-1.876817586137483,-5.029704152135997,0.3614931473502664,-8.837998620012714,-6.689577217473428
7267267267.267267,0.37269186845234875,-8.573001655242484,-6.846268304879214,0.8035846767607336,-1.8993670647004262,-5.044863455429749,0.8035846767607336,-1.8993670647004262,-5.044863455429749,0.36741736469329406,-8.696806442788965,-6.699906890099997
7273273273.273273,0.37829428987974173,-8.443404281331752,-6.855440224944014,0.8015062143793164,-1.921862120964467,-5.059962338444713,0.8015062143793164,-1.921862120964467,-5.059962338444713,0.37318802900514797,-8.561445916966866,-6.710342780827333
7279279279.27928,0.38374863492981776,-8.319063127676353,-6.8647760131204665,0.7994410012237407,-1.9442716336877275,-5.075002693314221,0.7994410012237407,-1.9442716336877275,-5.075002693314221,0.37880457878443985,-8.431695602414472,-6.720873173287009
7285285285.285286,0.38905397525002355,-8.199802856410278,-6.874261711269142,0.7973917847335854,-1.9665648608878454,-5.089986533444403,0.7973917847335854,-1.9665648608878454,-5.089986533444403,0.3842665294282718,-8.30734884038536,-6.7314875675303085
7291291291.291291,0.39420947872371354,-8.085458747356128,-6.883884727691672,0.7953612485015498,-1.9887114495987008,-5.104915992108653,0.7953612485015498,-1.9887114495987008,-5.104915992108653,0.38957346054157244,-8.188212736737936,-6.7421765551263375
7297297297.2972975,0.39921439402820236,-7.975876164611057,-6.893633706745768,0.7933520125606622,-2.0106814442750993,-5.119793321219171,0.7933520125606622,-2.0106814442750993,-5.119793321219171,0.3947250039051068,-8.07410724588891,-6.752931709425567
7303303303.303303,0.40406803613703157,-7.870910062582385,-6.903498413247409,0.7913666338698027,-2.032445293977702,-5.134620890289019,0.7913666338698027,-2.032445293977702,-5.134620890289019,0.399720832020133,-7.964864345499334,-6.763745488843156
7309309309.309309,0.40876977264780034,-7.770424530344763,-6.9134696297500025,0.7894076069770452,-2.0539738584747,-5.149401185597627,0.7894076069770452,-2.0539738584747,-5.149401185597627,0.4045606471592462,-7.86032729303403,-6.774611151352055
7315315315.315315,0.4133190108325228,-7.674292372963386,-6.923539065061379,0.7874773648404486,-2.0752384134001183,-5.164136809571787,0.7874773648404486,-2.0752384134001183,-5.164136809571787,0.4092441708621053,-7.760349956363239,-6.785522678653054
7321321321.3213215,0.4177151853203866,-7.582394728311405,-6.933699272588295,0.7855782797860212,-2.096210654612567,-5.178830480393784,0.7855782797860212,-2.096210654612567,-5.178830480393784,0.41377113382218017,-7.664796211492866,-6.796474708718871
7327327327.327328,0.42195774633338495,-7.494620717875811,-6.943943577291915,0.7837126645827628,-2.1168627019015123,-5.19348503184768,0.7837126645827628,-2.1168627019015123,-5.19348503184768,0.41814126611651703,-7.5735394013320345,-6.807462475600516
7333333333.333334,0.4260461484039908,-7.4108671300719315,-6.954266010201798,0.7818827736148194,-2.1371671021920537,-5.208103413414323,0.7818827736148194,-2.1371671021920537,-5.208103413414323,0.4223542877352949,-7.486461850139277,-6.818481755543349
7339339339.339339,0.4299798395112516,-7.331038134653599,-6.9646612495752125,0.7800908041309411,-2.1570968324028645,-5.222688690625251,0.7800908041309411,-2.1570968324028645,-5.222688690625251,0.4264098993716991,-7.403454428944972,-6.829528818593346
7345345345.3453455,0.43375825057759737,-7.255045026903484,-6.975124567907001,0.7783388975515335,-2.1766253021162103,-5.237244045685357,0.7783388975515335,-2.1766253021162103,-5.237244045685357,0.4303077734357235,-7.324416167833114,-6.840600384985351
7351351351.351351,0.4373807852735224,-7.182806000406503,-6.985651784095802,0.7766291408136701,-2.195726356223387,-5.251772778373787,0.7766291408136701,-2.195726356223387,-5.251772778373787,0.43404754525789613,-7.249253911492419,-6.8516935856982455
7357357357.357357,0.4408468100813584,-7.114245947341163,-6.996239220158136,0.7749635677344262,-2.214374277714118,-5.266278307232442,0.7749635677344262,-2.214374277714118,-5.266278307232442,0.4376288044509153,-7.177882014918916,-6.862805926640149
7363363363.363363,0.44415564457266904,-7.049296285366477,-7.006883661954652,0.7733441603728357,-2.2325437907839913,-5.28076417105118,0.7733441603728357,-2.2325437907839913,-5.28076417105118,0.44105108639875495,-7.110222076579272,-6.873935255992092
7369369369.3693695,0.44730655185655127,-6.987894810331467,-7.017582323454865,0.7717728503705964,-2.2502100644405534,-5.2952340306587065,0.7717728503705964,-2.2502100644405534,-5.2952340306587065,0.4443138638440684,-7.0462027067315365,-6.885079734293318
7375375375.375376,0.45029872915840874,-6.929985574188791,-7.028332814119184,0.7702515202513912,-2.2673487167958655,-5.309691671028045,0.7702515202513912,-2.2673487167958655,-5.309691671028045,0.44741653854579283,-6.985759328952996,-6.896237806896873
7381381381.381382,0.45313129849067263,-6.8755187876525,-7.039133109021519,0.7687820046582872,-2.283935820241667,-5.324141003705402,0.7687820046582872,-2.283935820241667,-5.324141003705402,0.4503584329797416,-6.928834013249451,-6.907408178461809
7387387387.387387,0.4558032973785234,-6.824450747302526,-7.049981521373094,0.7673660915081553,-2.2999479077125167,-5.338586069571159,0.7673660915081553,-2.2999479077125167,-5.338586069571159,0.45313878205576463,-6.875375339420268,-6.918589789179198
7393393393.3933935,0.45831366960504993,-6.7767437870043565,-7.060876677139379,0.7660055230413461,-2.315361980253075,-5.353031041941825,0.7660055230413461,-2.315361980253075,-5.353031041941825,0.4557567248257665,-6.82533828963415,-6.929781792454141
7399399399.399399,0.4606612559413959,-6.73236625368443,-7.071817491467511,0.7647019967440167,-2.3301555161174106,-5.367480230021488,0.7647019967440167,-2.3301555161174106,-5.367480230021488,0.45821129615756445,-6.778684169435042,-6.940983533785345
7405405405.405405,0.4628447848285862,-6.691292507676426,-7.0828031466625685,0.7634571661194303,-2.344306481641933,-5.3819380827116206,0.7634571661194303,-2.344306481641933,-5.3819380827116206,0.460501418350314,-6.735380556649218,-6.952194530598899
7411411411.411411,0.4648628629785774,-6.653502948039483,-7.093833071466989,0.7622726412833049,-2.35779334414846,-5.39640919278765,0.7622726412833049,-2.35779334414846,-5.39640919278765,0.4626258926679684,-6.695401277908587,-6.963414452802941
7417417417.417418,0.466713965863112,-6.618984063439576,-7.104906921409604,0.7611499893567797,-2.370595087151105,-5.410898301450908,0.7611499893567797,-2.370595087151105,-5.410898301450908,0.4645833907681748,-6.658726412741901,-6.974643103836353
7423423423.423424,0.4683964280598553,-6.587728509389281,-7.116024559998673,0.7600907346288391,-2.382691228159403,-5.425410303264182,0.7600907346288391,-2.382691228159403,-5.425410303264182,0.4663724460050381,-6.625342325420826,-6.985880401986508
7429429429.42943,0.4699084334263638,-6.55973521285584,-7.127186040537425,0.7590963584580005,-2.3940618393914006,-5.439950251478972,0.7590963584580005,-2.3940618393914006,-5.439950251478972,0.4679914445854473,-6.595241724983025,-6.997126361749476
7435435435.435435,0.4712480050735638,-6.535009505479063,-7.1383915883409665,0.7581682988807689,-2.4046875717337426,-5.4545233637621235,0.7581682988807689,-2.4046875717337426,-5.4545233637621235,0.46943861656020514,-6.568423754092834,-7.008381075000011
7441441441.441442,0.47241299511181234,-6.513563286889012,-7.149641583129711,0.757307949891722,-2.4145496823117947,-5.469135028329044,0.757307949891722,-2.4145496823117947,-5.469135028329044,0.47071202663308453,-6.544894107644982,-7.019644691728679
7447447447.447447,0.4734010741441775,-6.495415219885244,-7.160936541366783,0.7565166603570898,-2.4236300660616723,-5.4837908104899835,0.7565166603570898,-2.4236300660616723,-5.4837908104899835,0.47180956477322344,-6.52466518227146,-7.030917400088751
7453453453.453453,0.4742097204835843,-6.480590959534744,-7.172277098294798,0.7557957325203445,-2.431911291727488,-5.498496459615065,0.7557957325203445,-2.431911291727488,-5.498496459615065,0.47272893661913157,-6.50775625817778,-7.042199405476179
7459459459.459459,0.47483620907281415,-6.4691234185727975,-7.183663989410514,0.7551464200545255,-2.4393766427421455,-5.51325791652253,0.7551464200545255,-2.4393766427421455,-5.51325791652253,0.473467653666017,-6.494193715018051,-7.053490908340986
7465465465.465466,0.4752776000893027,-6.461053071851608,-7.195098031093764,0.754569925611817,-2.446010163488051,-5.528081321293255,0.754569925611817,-2.446010163488051,-5.528081321293255,0.4740230232323963,-6.484011283819578,-7.064792080397564
7471471471.471472,0.475530727220272,-6.4564283029832845,-7.206580100078973,0.7540673978162152,-2.4517967114758417,-5.542973021512831,0.7540673978162152,-2.4517967114758417,-5.542973021512831,0.47439213820711457,-6.477250337292386,-7.076103038863599
7477477477.477478,0.47559218559815003,-6.455305796772716,-7.218111111422641,0.7536399276399257,-2.4567220160248278,-5.557939580940171,0.7536399276399257,-2.4567220160248278,-5.557939580940171,0.4745718665841912,-6.473960221210216,-7.0874238183115015
7483483483.483484,0.4754583193916332,-6.457750981539773,-7.229691994577422,0.7532885440984157,-2.460772744078275,-5.572987788599004,0.7532885440984157,-2.460772744078275,-5.572987788599004,0.47455884080052735,-6.4741986299319665,-7.098754339661474
7489489489.48949,0.4751252090543854,-6.463838525997431,-7.24132366713126,0.7530142091927627,-2.463936573840267,-5.588124668285058,0.7530142091927627,-2.463936573840267,-5.588124668285058,0.4743494469007907,-6.4780320295493805,-7.110094375779387
7495495495.495496,0.4745886582414117,-6.473652895994602,-7.253007005707421,0.7528178120210494,-2.4662022769789584,-5.603357488478002,0.7528178120210494,-2.4662022769789584,-5.603357488478002,0.47393981356495857,-6.485536132604754,-7.121443513064547
7501501501.501501,0.4738441804130048,-6.4872889771594355,-7.2647428134451895,0.7527001619730719,-2.467559810203241,-5.6186937726420565,0.7527001619730719,-2.467559810203241,-5.6186937726420565,0.4733258010475292,-6.496796428824617,-7.1328011083187475
7507507507.507507,0.472886985158055,-6.504852770307675,-7.276531783390097,0.7526619809144894,-2.4680004170867735,-5.634141309893626,0.7526619809144894,-2.4680004170867735,-5.634141309893626,0.4725029900937307,-6.511908776867962,-7.144166240076951
7513513513.513514,0.47171196428301,-6.526462167424489,-7.28837445701278,0.7527038942577752,-2.467516741084493,-5.649708166007268,0.7527038942577752,-2.467516741084493,-5.649708166007268,0.4714666709176864,-6.530980062696221,-7.155537653447213
7519519519.51952,0.4703136777302431,-6.552247817109355,-7.300271176943771,0.7528264208079156,-2.466102950762302,-5.665402694723273,0.7528264208079156,-2.466102950762302,-5.665402694723273,0.4702118323511841,-6.55412893084126,-7.166913697349277
7525525525.525526,0.4686863394107201,-6.582354089612955,-7.3122220328525405,0.7530299612607717,-2.463754878340246,-5.6812335493104555,0.7530299612607717,-2.463754878340246,-5.6812335493104555,0.4687331513001674,-6.581486595583109,-7.178292252852193
7531531531.531532,0.46682380306136095,-6.61694015301987,-7.324226799207302,0.7533147852214152,-2.4604701727326006,-5.697209694326496,0.7533147852214152,-2.4604701727326006,-5.697209694326496,0.4670249826803389,-6.613197739854948,-7.1896706510848425
7537537537.537538,0.46471954826819,-6.656181173773399,-7.336284863419999,0.753681016598629,-2.456248468354583,-5.713340417505053,0.753681016598629,-2.456248468354583,-5.713340417505053,0.4650813500445138,-6.649421510571707,-7.201045578921638
7543543543.543544,0.46236666683339933,-6.700269656634923,-7.3483951425991645,0.754128617220261,-2.4510915710534555,-5.729635341683439,0.754128617220261,-2.4510915710534555,-5.729635341683439,0.4628959371639509,-6.690332620032718,-7.212412970318728
7549549549.549549,0.4597578497089799,-6.749416941365213,-7.360555986790512,0.7546573685023462,-2.4450036626109704,-5.746104436666812,0.7546573685023462,-2.4450036626109704,-5.746104436666812,0.46046208088570284,-6.736122564072412,-7.223767880781648
7555555555.555555,0.45688537477323077,-6.803854875959302,-7.372765066166265,0.7552668509931216,-2.437991525352193,-5.76275803090432,0.7552668509931216,-2.437991525352193,-5.76275803090432,0.4577727656599716,-6.787000968721866,-7.235104341968338
7561561561.561562,0.45374109579106947,-6.863837689221191,-7.385019239110592,0.7559564216015084,-2.4300647884809297,-5.7796068228286686,0.7559564216015084,-2.4300647884809297,-5.7796068228286686,0.4548206202183793,-6.843197078276534,-7.246415192852149
7567567567.567568,0.4503164329769796,-6.929644088900149,-7.397314397516089,0.7567251883086932,-2.4212361978414125,-5.796661891683401,0.7567251883086932,-2.4212361978414125,-5.796661891683401,0.4515979169890098,-6.904961398814962,-7.257691883164324
7573573573.573574,0.44660236567342065,-7.001579615609956,-7.409645284824089,0.757571982151598,-2.411521910876073,-5.813934707630815,0.757571982151598,-2.411521910876073,-5.813934707630815,0.4480965749611403,-6.972567512328817,-7.268924243973567
7579579579.57958,0.44258942777126464,-7.079979287408808,-7.4220052813696125,0.7584953262589014,-2.400941818605596,-5.831437140897772,0.7584953262589014,-2.400941818605596,-5.831437140897772,0.4443081668667084,-7.046314077629196,-7.2801002192035975
7585585585.585586,0.4382677066365839,-7.165210575340827,-7.434386150378158,0.7594934017145873,-2.389519896495062,-5.8491814696762345,0.7594934017145873,-2.389519896495062,-5.8491814696762345,0.4402239317330305,-7.126527034968021,-7.291205550588812
7591591591.591592,0.4336268464756615,-7.2576767565470135,-7.4467777364378245,0.7605640100217778,-2.377284586081483,-5.867180386449511,0.7605640100217778,-2.377284586081483,-5.867180386449511,0.43583479409004244,-7.213562031675156,-7.302223406961156
7597597597.597597,0.42865605727447853,-7.357820698873495,-7.4591676063471635,0.7617045319419443,-2.3642692092161037,-5.885447002363828,0.7617045319419443,-2.3642692092161037,-5.885447002363828,0.4311313913953938,-7.307807085791085,-7.313133946768661
7603603603.603603,0.42334413069947696,-7.466129139365352,-7.471540619797343,0.7629118824930035,-2.3505124167090483,-5.903994849207346,0.7629118824930035,-2.3505124167090483,-5.903994849207346,0.4261041115851412,-7.409685503265113,-7.323913800245013
7609609609.60961,0.4176794646551723,-7.583137528749612,-7.483878414228231,0.7641824619059333,-2.336058673043216,-5.92283787849479,0.7641824619059333,-2.336058673043216,-5.92283787849479,0.42074314308319777,-7.519659061191114,-7.334535454549519
7615615615.615616,0.4116500985771363,-7.7094355250540145,-7.496158784188546,0.7655121023655375,-2.320958778634498,-5.941990457085542,0.7655121023655375,-2.320958778634498,-5.941990457085542,0.41503854013104097,-7.638231463874224,-7.344966521308487
7621621621.621622,0.4052437620174659,-7.845673231858838,-7.508354930341859,0.7668960103991947,-2.305270430840813,-5.961467358685898,0.7668960103991947,-2.305270430840813,-5.961467358685898,0.40898030695915955,-7.765952068942436,-7.355168861094752
7627627627.627628,0.39844793968306086,-7.992568290143444,-7.520434546499979,0.7683287048307653,-2.2890588245440155,-5.981283750502931,0.7683287048307653,-2.2890588245440155,-5.981283750502931,0.40255850515140906,-7.903419865277157,-7.365097533202148
7633633633.633634,0.39124995685485897,-8.150913946747485,-7.5323587041939,0.7698039502884815,-2.2723972926257097,-6.0014551742280124,0.7698039502884815,-2.2723972926257097,-6.0014551742280124,0.39576338960396745,-8.051287660316614,-7.374699531246015
7639639639.63964,0.38363709010412783,-8.321588236030227,-7.544080482565436,0.771314686349398,-2.2553679860056035,-6.021997520434115,0.771314686349398,-2.2553679860056035,-6.021997520434115,0.3885855798202935,-8.210266396941602,-7.383912255190971
7645645645.645645,0.3755967095087067,-8.505564422286325,-7.555543275743171,0.7728529525228335,-2.2380625920835433,-6.042926995373335,0.7728529525228335,-2.2380625920835433,-6.042926995373335,0.3810162750059529,-8.381129463163772,-7.392661657792548
7651651651.651651,0.3671164602698022,-8.703922855053273,-7.566678688903831,0.7744098094257389,-2.2205830893938967,-6.064260079062566,0.7744098094257389,-2.2205830893938967,-6.064260079062566,0.37304752365908267,-8.564716771429767,-7.400859987419914
7657657657.657658,0.35818449390139445,-8.91786438084097,-7.577403905869893,0.7759752566887042,-2.2030425350136413,-6.086013473448208,0.7759752566887042,-2.2030425350136413,-6.086013473448208,0.3646725612683478,-8.761938253770802,-7.408403028933153
7663663663.663664,0.3487897622476652,-9.14872542115399,-7.587618372462041,0.7775381483571625,-2.185565879731203,-6.108204039350098,0.7775381483571625,-2.185565879731203,-6.108204039350098,0.35588623356991556,-8.973776221954763,-7.415166718725357
7669669669.66967,0.33892239183293493,-9.397994747287047,-7.597199586796351,0.7790861068227599,-2.168290804151743,-6.130848720804927,0.7790861068227599,-2.168290804151743,-6.130848720804927,0.3466855279082567,-9.201285744360847,-7.421002978179071
7675675675.675676,0.3285741619935338,-9.667331821355937,-7.605997714437219,0.7806054366387863,-2.1513685667576397,-6.153964455367874,0.7806054366387863,-2.1513685667576397,-6.153964455367874,0.33707024204411395,-9.44559174201585,-7.4257345708145195
7681681681.681682,0.31773911868639737,-9.958586267902106,-7.613828644476999,0.7820810399437563,-2.1349648524387197,-6.177568068895757,0.7820810399437563,-2.1349648524387197,-6.177568068895757,0.3270438288702832,-9.707880826856114,-7.429148742279713
7687687687.687688,0.30641436804632977,-10.273817482033078,-7.620464960519941,0.7834963356396527,-2.1192606071420266,-6.201676153336069,0.7834963356396527,-2.1192606071420266,-6.201676153336069,0.31661446774853946,-9.989384877294059,-7.43098935095581
7693693693.693693,0.2946011115743265,-10.615312376637242,-7.6256241020793505,0.7848331849442379,-2.1044528410670043,-6.226304926095939,0.7848331849442379,-2.1044528410670043,-6.226304926095939,0.30579642961804143,-10.291351791569788,-7.430947146569123
7699699699.699699,0.2823060112368511,-10.985597483522898,-7.62895271574349,0.7860718264546297,-2.0907553792702203,-6.251470069677072,0.7860718264546297,-2.0907553792702203,-6.251470069677072,0.2946118249019117,-10.61499651534055,-7.428647820115397
7705705705.705706,0.26954301233924705,-11.387438447683865,-7.630005815946277,0.7871908244114857,-2.078399534691924,-6.2771865504524715,0.7871908244114857,-2.078399534691924,-6.2771865504524715,0.2830928518359841,-10.96142193077502,-7.423637464056124
7711711711.711712,0.25633581193222527,-11.823814311112297,-7.628218868202594,0.7881670344226716,-2.0676346745574192,-6.3034684157454075,0.7881670344226716,-2.0676346745574192,-6.3034684157454075,0.27128469890947077,-11.331494015411812,-7.415365215789936
7717717717.717718,0.24272125157840288,-12.297843942732866,-7.622870271185619,0.7889755914674144,-2.058728646964579,-6.330328568767727,0.7889755914674144,-2.058728646964579,-6.330328568767727,0.2592492974325903,-11.725648237568219,-7.403163244586601
7723723723.723724,0.22875405141242758,-12.812624109997056,-7.613031026610599,0.7895899255226835,-2.0519680304213557,-6.357778521500199,0.7895899255226835,-2.0519680304213557,-6.357778521500199,0.24707016238458232,-12.14359398666968,-7.386225136151548
7729729729.72973,0.2145135085192414,-13.370907077450799,-7.597497961466524,0.7899818105887559,-2.0476581653778996,-6.385828126267099,0.7899818105887559,-2.0476581653778996,-6.385828126267099,0.23485858293873363,-12.583871276800656,-7.363585583089179
7735735735.735736,0.20011307712687917,-13.974490597243733,-7.574707642356828,0.7901214531857097,-2.04612292370493,-6.414485287581574,0.7901214531857097,-2.04612292370493,-6.414485287581574,0.2227613835147983,-13.043201869607087,-7.334107851152382
7741741741.741741,0.18571412561412803,-14.623101242064017,-7.542632572595208,0.7899776264818866,-2.0477041699646605,-6.443755656822002,0.7899776264818866,-2.0477041699646605,-6.443755656822002,0.2109702761724441,-13.515574572114375,-7.296491816642691
7747747747.747747,0.17154551137916488,-15.312412822195608,-7.498675380542714,0.7895178560256687,-2.0527608676235913,-6.473642313437658,0.7895178560256687,-2.0527608676235913,-6.473642313437658,0.1997322844346798,-13.991034614593094,-7.249325441304832
7753753753.753754,0.15793047010221584,-16.0306814377533,-7.4396134373646845,0.7887086625048977,-2.0616677845339733,-6.5041454376568755,0.7887086625048977,-2.0616677845339733,-6.5041454376568755,0.1893595495038126,-14.454255765736743,-7.191215687855802
7759759759.75976,0.14532032228763153,-16.753472952824946,-7.361727934856151,0.7875158659766012,-2.0748137555500596,-6.535261981049823,0.7875158659766012,-2.0748137555500596,-6.535261981049823,0.18023472408832172,-14.8832306792203,-7.12104459225898
7765765765.765766,0.1343275157875971,-17.43670033773299,-7.2613937484123205,0.785904954525103,-2.0925994665195256,-6.566985342728169,0.785904954525103,-2.0925994665195256,-6.566985342728169,0.17280520377371145,-15.248863670455036,-7.038383252261198
7771771771.771772,0.12573396964767675,-18.010947455434916,-7.136530035792463,0.7838415182705551,-2.115434733507966,-6.599305060373723,0.7838415182705551,-2.115434733507966,-6.599305060373723,0.16755711224886202,-15.516742661273826,-6.9440268610154545
7777777777.777778,0.12042674260372761,-18.38554121246364,-6.989032422928319,0.7812917470459471,-2.14373526425862,-6.632206526583035,0.7812917470459471,-2.14373526425862,-6.632206526583035,0.16496214011606644,-15.652314355157673,-6.8404672613090245
7783783783.783784,0.11921388193083954,-18.473463399477414,-6.827009243155721,0.7782229869176834,-2.1779189056476937,-6.665670742083755,0.7782229869176834,-2.1779189056476937,-6.665670742083755,0.16540173514673795,-15.629198775874894,-6.731968817719303
7789789789.789789,0.12255956677173478,-18.233055657391553,-6.664056428178975,0.7746043471297456,-2.2184014010869473,-6.699674118093418,0.7746043471297456,-2.2184014010869473,-6.699674118093418,0.1690918221085043,-15.437547918894749,-6.623967336517093
7795795795.795795,0.13041289197262107,-17.69358948560641,-6.514366403366809,0.7704073451584573,-2.2655917049347183,-6.734188340321722,0.7704073451584573,-2.2655917049347183,-6.734188340321722,0.17604191069543154,-15.087678528155573,-6.5219043888013815
7801801801.801802,0.14227656098508065,-16.937332816766613,-6.387313780510016,0.7656065735991717,-2.3198869261083135,-6.769180306736306,0.7656065735991717,-2.3198869261083135,-6.769180306736306,0.18606857402644372,-14.606539413191902,-6.430056295856519
7807807807.807808,0.15743928642505167,-16.057737745933128,-6.285867145023074,0.7601803688588477,-2.3816669989561206,-6.804612150116457,0.7601803688588477,-2.3816669989561206,-6.804612150116457,0.19885242291867233,-14.029382259635065,-6.350921683894031
7813813813.813814,0.17518665223529756,-15.129979730640343,-6.208482265731561,0.7541114584410513,-2.4512892043943952,-6.840441354541647,0.7541114584410513,-2.4512892043943952,-6.840441354541647,0.21400789715951893,-13.391404006892724,-6.285288267592227
7819819819.81982,0.19490531700459066,-14.20352626390134,-6.151650059551735,0.7473875613464304,-2.529082686419088,-6.876620972291482,0.7473875613464304,-2.529082686419088,-6.876620972291482,0.23113986676496825,-12.722502827950652,-6.232702370698514
7825825825.825826,0.21610380271210258,-13.306751818063827,-6.111554960750483,0.7400019151209816,-2.6153431263156595,-6.913099944226245,0.7400019151209816,-2.6153431263156595,-6.913099944226245,0.24987768412925637,-12.045450555124246,-6.192005531670472
7831831831.831832,0.23839617553355144,-12.454014320749916,-6.084802561666001,0.7319537036540381,-2.710327747231998,-6.9498235227054845,0.7319537036540381,-2.710327747231998,-6.9498235227054845,0.26988987021874633,-11.376268310400604,-6.161751817426509
7837837837.837837,0.261477316170626,-11.651319626506456,-6.068613087272618,0.7232483621371908,-2.8142508235777597,-6.986733791694495,0.7232483621371908,-2.8142508235777597,-6.986733791694495,0.2908866940782239,-10.725522881388702,-6.140467160731703
7843843843.843843,0.28510109601609407,-10.900022262521654,-6.060789033384212,0.713897739674637,-2.9272798618334797,-7.0237702741783385,0.713897739674637,-2.9272798618334797,-7.0237702741783385,0.3126168920471682,-10.099751177349539,-6.126782883025536
7849849849.84985,0.30906405575428747,-10.199030011660488,-6.059614371322103,0.7039201057395132,-3.0495326014039197,-7.060870612667763,0.7039201057395132,-3.0495326014039197,-7.060870612667763,0.33486242790428394,-9.502671565131315,-6.11948914441574
7855855855.855856,0.3331940722472936,-9.546054671907067,-6.0637494290564256,0.6933399936738497,-3.181074956621461,-7.097971304773379,0.6933399936738497,-3.181074956621461,-7.097971304773379,0.3574332625096634,-8.936100695688335,-6.117544518532361
7861861861.861862,0.35734279279472764,-8.938299454188664,-6.072142002361561,0.6821878822467935,-3.321919985294537,-7.135008472853743,0.6821878822467935,-3.321919985294537,-7.135008472853743,0.3801629170916276,-8.400604971290951,-6.120064730826696
7867867867.867868,0.38138070431941407,-8.372825670980635,-6.083957992594024,0.6704997243180302,-3.4720279275282677,-7.171918644863198,0.6704997243180302,-3.4720279275282677,-7.171918644863198,0.4029050050136902,-7.895946752687815,-6.126303463089831
7873873873.873875,0.4051939701787854,-7.846740522778345,-6.098529149442355,0.6583163392548321,-3.631307313769842,-7.2086395229008655,0.6583163392548321,-3.631307313769842,-7.2086395229008655,0.4255306398861006,-7.4213832707239655,-6.135631747037984
7879879879.87988,0.42868241578443195,-7.357286610842348,-6.115314269376514,0.6456826923044765,-3.7996170963342593,-7.245110716648911,0.6456826923044765,-3.7996170963342593,-7.245110716648911,0.44792653782394787,-6.975864132258999,-6.147518873652214
7885885885.885886,0.4517582346681341,-6.901878447135341,-6.133870496227043,0.6326470891140953,-3.9767697172233643,-7.281274420825057,0.6326470891140953,-3.9767697172233643,-7.281274420825057,0.4699936233603391,-6.5581606863156185,-6.161515872459405
7891891891.8918915,0.4743451231864039,-6.47811120214544,-6.153832046341911,0.6192603166650786,-4.162534989686479,-7.317076018791155,0.6192603166650786,-4.162534989686479,-7.317076018791155,0.4916459732039299,-6.166950270989969,-6.177241713131114
7897897897.897898,0.49637764804670675,-6.0837556614570065,-6.17489434208675,0.6055747628941364,-4.356644643878187,-7.352464598300845,0.6055747628941364,-4.356644643878187,-7.352464598300845,0.5128099666091372,-5.800870855381931,-6.194371993013668
7903903903.903904,0.5178007183173434,-5.716747028542746,-6.1968020757857305,0.5916435462591659,-4.5587973694979125,-7.3873933697211625,0.5916435462591659,-4.5587973694979125,-7.3873933697211625,0.5334235455039503,-5.458556366220442,-6.212629741993794
7909909909.90991,0.5385690813204352,-5.3751716518861405,-6.219340133926215,0.5775196837095743,-4.76866418089751,-7.42181998159471,0.5775196837095743,-4.76866418089751,-7.42181998159471,0.5534355177311637,-5.138659453244493,-6.231777963930956
7915915915.915916,0.5586467957055138,-5.057253758469599,-6.242326610371285,0.563255321313798,-4.985893932382593,-7.455706732803578,0.563255321313798,-4.985893932382593,-7.455706732803578,0.5728048615928568,-4.839866093543437,-6.25161357201593
7921921921.921923,0.5780066589413521,-4.76134316498644,-6.2656073532932135,0.548901046641353,-5.210118822147597,-7.489020684583141,0.548901046641353,-5.210118822147597,-7.489020684583141,0.5915000093131894,-4.560904883961364,-6.271962429734002
7927927927.927928,0.5966295830294857,-4.485904331314867,-6.289051645692309,0.5345052963769525,-5.440959740782704,-7.521733679008782,0.5345052963769525,-5.440959740782704,-7.521733679008782,0.6094981015019332,-4.300552856154592,-6.29267526392087
7933933933.933934,0.6145039232257129,-4.229506801365371,-6.31254873068821,0.5201138670152106,-5.6780313425805335,-7.5538222732118205,0.5201138670152106,-5.6780313425805335,-7.5538222732118205,0.62678421484694,-4.057638989799443,-6.313624265236185
7939939939.9399395,0.6316247712748975,-3.99081692042373,-6.336004972705117,0.5057695312296974,-5.92094674290785,-7.585267600420277,0.5057695312296974,-5.92094674290785,-7.585267600420277,0.643350571785827,-3.8310461744089714,-6.334700232249108
7945945945.945946,0.6479932281495412,-3.7685906539663376,-6.359341503139499,0.4915117579171784,-6.169321770778468,-7.61605516998023,0.4915117579171784,-6.169321770778468,-7.61605516998023,0.659195744504673,-3.6197120985520552,-6.355810148279068
7951951951.951952,0.6636156723741612,-3.561667318979957,-6.382492240448878,0.4773765301688931,-6.422778730829007,-7.646174618862426,0.4773765301688931,-6.422778730829007,-7.646174618862426,0.674323866950422,-3.422629373531352,-6.376875106046269
7957957957.957958,0.6785030394146303,-3.3689640507836116,-6.405402204355726,0.46339625259631145,-6.680949651892981,-7.67561942690296,0.46339625259631145,-6.680949651892981,-7.67561942690296,0.6887438682336847,-3.2388450914167195,-6.397828515199171
7963963963.963964,0.6926701258928274,-3.1894708521332547,-6.428026065253615,0.44959973753342947,-6.943479019412315,-7.70438660729197,0.44959973753342947,-6.943479019412315,-7.70438660729197,0.7024687393736415,-3.0674599514357093,-6.4186145430280295
7969969969.969971,0.706134930021058,-3.022246098947614,-6.450326885257295,0.43601225857953824,-7.210026005517804,-7.732476382742248,0.43601225857953824,-7.210026005517804,-7.732476382742248,0.7155148432448363,-2.907627048777002,-6.439186750151393
7975975975.975976,0.7189180370042182,-2.86641240390965,-6.4722750183354645,0.4226556596188014,-7.480266223592303,-7.759891856467113,0.4226556596188014,-7.480266223592303,-7.759891856467113,0.7279012751849386,-2.7585503958786934,-6.4595068915284175
7981981981.981982,0.7310420555021969,-2.7211527632458825,-6.493847144824021,0.40954850771644835,-7.753893043592739,-7.786638685684462,0.40954850771644835,-7.753893043592739,-7.786638685684462,0.7396492792824236,-2.619483231829332,-6.479543859498727
7987987987.9879875,0.742531108769311,-2.5857069322329314,-6.515025421227377,0.39670627899944827,-8.030618510646487,-7.812724763934918,0.39670627899944827,-8.030618510646487,-7.812724763934918,0.7507817230731894,-2.489726166540591,-6.4992727502384176
7993993993.993994,0.7534103819093493,-2.459367991259312,-6.535796730222168,0.3841415676431759,-8.310173912864485,-7.838159917127651,0.3841415676431759,-8.310173912864485,-7.838159917127651,0.7613226313554095,-2.368625200359027,-6.518674038478427
8000000000.0,0.76370572486501,-2.34147907683202,-6.556152018650531,0.3718643092814516,-8.592310045401266,-7.862955616958547,0.3718643092814516,-8.592310045401266,-7.862955616958547,0.7712967781460053,-2.2555696552941735,-6.537732847892333
8006006006.006006,0.7734433093169785,-2.2314302612208032,-6.576085713368298,0.3598820114324218,-8.876797217032447,-7.887124714215094,0.3598820114324218,-8.876797217032447,-7.887124714215094,0.7807293344708625,-2.1499900502242473,-6.556438306476007
8012012012.0120125,0.7826493365874628,-2.128655571018748,-6.5955952063390795,0.3481999848066739,-9.163425043373053,-7.910681193506635,0.3481999848066739,-9.163425043373053,-7.910681193506635,0.7896455686938874,-2.0513559488842334,-6.5747829776969375
8018018018.018019,0.7913497928927761,-2.0326301393048647,-6.6146804015107685,0.33682157057755885,-9.45200206774534,-7.933639950142403,0.33682157057755885,-9.45200206774534,-7.933639950142403,0.7980705954168728,-1.959173805969478,-6.592762359322646
8024024024.024024,0.799570247825375,-1.9428674888188247,-6.633343316896863,0.32574835980710526,-9.742355246982413,-7.956016589218025,0.32574835980710526,-9.742355246982413,-7.956016589218025,0.8060291685812293,-1.8729848332614687,-6.610374442742534
8030030030.03003,0.8073356917188858,-1.8589169450320444,-6.651587735994261,0.31498040221061846,-10.034329335418166,-7.977827246452785,0.31498040221061846,-10.034329335418166,-7.977827246452785,0.8135455142272966,-1.7923629043315827,-6.627619326343943
8036036036.036036,0.8146704075114829,-1.7803611785836204,-6.669418903257917,0.3045164022986244,-10.327786196192985,-7.99908842992963,0.3045164022986244,-10.327786196192985,-7.99908842992963,0.820643198370432,-1.716912513160436,-6.644498877138046
8042042042.042042,0.8215978728286492,-1.7068138765304535,-6.686843258858895,0.29435390165506053,-10.622604064980326,-8.01981688161123,0.29435390165506053,-10.622604064980326,-8.01981688161123,0.8273450255922169,-1.6462667989802946,-6.661016435386457
8048048048.048048,0.8281406882155006,-1.6379175414669531,-6.703868208399334,0.2844894467019813,-10.918676787424126,-8.04002945732034,0.2844894467019813,-10.918676787424126,-8.04002945732034,0.8336729641809708,-1.5800856468591986,-6.677176557475261
8054054054.054054,0.8343205277279655,-1.5733414169653765,-6.7205019236619465,0.2749187417735341,-11.215913048064847,-8.059743023765302,0.2749187417735341,-11.215913048064847,-8.059743023765302,0.8396480939560675,-1.5180538710273033,-6.692984792733677
8060060060.0600605,0.840158108413033,-1.5127795370989114,-6.736753170841123,0.265636787689148,-11.51423560535356,-8.078974371145321,0.265636787689148,-11.51423560535356,-8.078974371145321,0.8452905732481212,-1.4598794857218396,-6.708447490307095
8066066066.066067,0.845673175549396,-1.455948897117303,-6.752631163044415,0.2566380062911354,-11.813580544549037,-8.097740139872636,0.2566380062911354,-11.813580544549037,-8.097740139872636,0.8506196218612758,-1.4052920663973925,-6.723571632575081
8072072072.072072,0.850884500864161,-1.4025877417068342,-6.768145434169027,0.2479163516099814,-12.11389655784333,-8.116056759986682,0.2479163516099814,-12.11389655784333,-8.116056759986682,0.8556535171982975,-1.3540412025093695,-6.738364691956113
8078078078.078078,0.8558098912768074,-1.3524539667142663,-6.783305731550857,0.23946540845430347,-12.41514425896903,-8.133940401899833,0.23946540845430347,-12.41514425896903,-8.133940401899833,0.8604096010725483,-1.305895041712799,-6.752834508265112
8084084084.084084,0.860466206039815,-1.305323629764545,-6.798121925054094,0.23127847930430667,-12.717295537775254,-8.151406937196349,0.23127847930430667,-12.717295537775254,-8.151406937196349,0.8649042950551352,-1.2606389242060323,-6.766989184088148
8090090090.09009,0.8648693804408905,-1.260989564859689,-6.812603930518576,0.22334866042813917,-13.020332958798026,-8.168471908299589,0.22334866042813917,-13.020332958798026,-8.168471908299589,0.869153122505638,-1.2180741050637465,-6.780836995912526
8096096096.096096,0.8690344545014189,-1.2192600958088797,-6.826761645710587,0.2156689081493903,-13.324249206658859,-8.185150505921769,0.2156689081493903,-13.324249206658859,-8.185150505921769,0.8731707357080059,-1.178016561720262,-6.79438631900047
8102102102.102102,0.8729756053484476,-1.1799578431986384,-6.840604897131248,0.20823209617884755,-13.629046580175473,-8.201457553311817,0.20823209617884755,-13.629046580175473,-8.201457553311817,0.8769709467785111,-1.14029588325564,-6.807645564222134
8108108108.1081085,0.8767061821531852,-1.1429186195566126,-6.854143396226353,0.2010310648910805,-13.934736536333297,-8.217407496417275,0.2010310648910805,-13.934736536333297,-8.217407496417275,0.8805667612302928,-1.1047542377777058,-6.820623125269894
8114114114.114115,0.8802387427185104,-1.107990407382074,-6.867386703712626,0.19405866338199176,-14.241339284708808,-8.23301439917325,0.19405866338199176,-14.241339284708808,-8.23301439917325,0.8839704132700288,-1.0712454139601975,-6.833327334861686
8120120120.12012,0.8835850909631372,-1.0750324147958115,-6.880344200890121,0.1873077850910393,-14.548883432546972,-8.248291943224428,0.1873077850910393,-14.548883432546972,-8.248291943224428,0.8871934020684918,-1.0396339326671267,-6.8457664287084565
8126126126.126126,0.8867563146924432,-1.0439142036934208,-6.893025066948609,0.18077139771524064,-14.857405680432194,-8.263253431473357,0.18077139771524064,-14.857405680432194,-8.263253431473357,0.8902465283899805,-1.0097942245488052,-6.8579485161702385
8132132132.132132,0.8897628231679676,-1.0145148854548833,-6.905438261399741,0.17444256808340083,-15.16695056835557,-8.277911794930032,0.17444256808340083,-15.16695056835557,-8.277911794930032,0.8931399310881616,-0.9816098695175424,-6.869881556658919
8138138138.138138,0.8926143840911305,-0.9867223794622947,-6.917592510876877,0.16831448260050177,-15.477570271942236,-8.292279602413629,0.16831448260050177,-15.477570271942236,-8.292279602413629,0.8958831230799333,-0.9549728940859047,-6.881573340964492
8144144144.144144,0.8953201597040403,-0.9604327298971542,-6.929496299642089,0.16238046381519644,-15.789324448648678,-8.306369072727223,0.16238046381519644,-15.789324448648678,-8.306369072727223,0.8984850264965413,-0.9297831226663799,-6.893031476786671
8150150150.15015,0.8978887417833091,-0.9355494765217707,-6.941157863226464,0.1566339836086906,-16.10228013386869,-8.320192088991222,0.1566339836086906,-16.10228013386869,-8.320192088991222,0.9009540067845226,-0.9059475790763296,-6.904263377846901
8156156156.156157,0.9003281853634991,-0.9119830753895213,-6.952585184705993,0.15106867345182415,-16.416511687079975,-8.333760214881075,0.15106867345182415,-16.416511687079975,-8.333760214881075,0.9032979055899734,-0.8833799346579285,-6.915276256037747
8162162162.162163,0.9026460410767603,-0.8896503656722345,-6.963785993182487,0.14567833212914072,-16.732100788422148,-8.347084712570439,0.14567833212914072,-16.732100788422148,-8.347084712570439,0.9055240723097483,-0.8619999996030034,-6.926077116138856
8168168168.168168,0.904849386036059,-0.8684740790343765,-6.974767764097739,0.14045693128446263,-17.049136486411594,-8.360176562232855,0.14045693128446263,-17.049136486411594,-8.360176562232855,0.9076393942341939,-0.8417332542603271,-6.93667275269189
8174174174.174174,0.9069448532224731,-0.8483823882203211,-6.98553772106092,0.13539861910177756,-17.36771529788252,-8.37304648300438,0.13539861910177756,-17.36771529788252,-8.37304648300438,0.909650325239225,-0.8225104173935076,-6.9470697486825514
8180180180.18018,0.9089386593634196,-0.8293084917514821,-6.996102838914004,0.13049772239847038,-17.68794136167234,-8.385704955356335,0.13049772239847038,-17.68794136167234,-8.385704955356335,0.9115629130120703,-0.8042670485487811,-6.957274475726067
8186186186.186186,0.9108366313096511,-0.8111902318507034,-7.006469847799543,0.12574874737442798,-18.009926648078206,-8.39816224487347,0.12574874737442798,-18.009926648078206,-8.39816224487347,0.913382824816091,-0.7869431818789621,-6.967293095495039
8192192192.192192,0.9126442309350882,-0.7939697429229473,-7.0166452380291195,0.12114637923062505,-18.33379122667615,-8.410428427478246,0.12114637923062505,-18.33379122667615,-8.410428427478246,0.9151153718164278,-0.7704829889523352,-6.9771315621653365
8198198198.198198,0.9143665785960519,-0.7775931281211099,-7.026635265580664,0.11668548084385932,-18.65966359574714,-8.422513416188371,0.11668548084385932,-18.65966359574714,-8.422513416188371,0.9167655320008102,-0.7548344682503167,-6.98679562568788
8204204204.204205,0.9160084751956706,-0.7620101617153696,-7.036445958078494,0.1123610906603858,-18.987681077289523,-8.434426989542933,0.1123610906603858,-18.987681077289523,-8.434426989542933,0.9183379717392166,-0.7399491592253546,-6.996290835721985
8210210210.210211,0.9175744229059505,-0.7471740151615646,-7.046083121132337,0.10816841994989299,-19.31799028244034,-8.44617882188398,0.10816841994989299,-19.31799028244034,-8.44617882188398,0.9198370660328321,-0.7257818789494669,-7.005622546090182
8216216216.216216,0.9190686446044992,-0.7330410049306397,-7.055552344930803,0.10410284954244102,-19.65074765308981,-8.457778515736505,0.10410284954244102,-19.65074765308981,-8.457778515736505,0.92126691750741,-0.712290479533695,-7.0147959196353264
8222222222.222222,0.920495102085751,-0.7195703603159047,-7.0648590110014675,0.10015992615437036,-19.986120086578918,-8.469235636592337,0.10015992615437036,-19.986120086578918,-8.469235636592337,0.9226313742090451,-0.6994356246398303,-7.023815933378948
8228228228.228229,0.9218575131079824,-0.7067240095790241,-7.0740082990640625,0.09633535839455155,-20.324285651649383,-8.480559750474525,0.09633535839455155,-20.324285651649383,-8.480559750474525,0.9239340462619489,-0.6871805835373617,-7.0326873838954445
8234234234.234234,0.9231593673378051,-0.6944663829290278,-7.083005193915604,0.09262501252953931,-20.665434405297507,-8.49176046474089,0.09262501252953931,-20.665434405297507,-8.49176046474089,0.9251783214482564,-0.6754910412817268,-7.041414892830265
8240240240.24024,0.9244039412532994,-0.6827642309526636,-7.0918544922968465,0.08902490807501677,-21.0097693219107,-8.502847472681406,0.08902490807501677,-21.0097693219107,-8.502847472681406,0.9263673797695121,-0.6643349237042036,-7.050002912501774
8246246246.246246,0.925594312065873,-0.6715864572280129,-7.10056080969858,0.08553121327113843,-21.357507348094448,-8.513830602578,0.08553121327113843,-21.357507348094448,-8.513830602578,0.927504207048455,-0.6536822360095891,-7.058455731536573
8252252252.252253,0.9267333707192564,-0.6609039639590251,-7.10912858707397,0.08214024049094516,-21.708880598983207,-8.5247198720317,0.08214024049094516,-21.708880598983207,-8.5247198720317,0.9285916076281335,-0.643504913876366,-7.066777480496607
8258258258.258259,0.9278238340220911,-0.6506895095651434,-7.117562097429852,0.07884844162371779,-22.064137714655452,-8.535525548526806,0.07884844162371779,-22.064137714655452,-8.535525548526806,0.929632216223533,-0.6337766860440817,-7.0749721374637655
8264264264.264265,0.9288682559682973,-0.6409175772495261,-7.125865452275455,0.07565240346889127,-22.42354539863326,-8.546258217402356,0.07565240346889127,-22.42354539863326,-8.546258217402356,0.9306285089786765,-0.6244729474567685,-7.083043533553987
8270270270.27027,0.929869038297017,-0.6315642536509758,-7.134042607911816,0.07254884317083173,-22.78739016446421,-8.556928858647183,0.07254884317083173,-22.78739016446421,-8.556928858647183,0.9315828137798546,-0.6155706421078476,-7.0909953583382395
8276276276.276277,0.9308284403413856,-0.6226071167600226,-7.142097371549269,0.06953460372030541,-23.155980321208546,-8.567548934238815,0.06953460372030541,-23.155980321208546,-8.567548934238815,0.9324973198731729,-0.6070481548029654,-7.09883116515239
8282282282.282282,0.9317485882128594,-0.614025132348122,-7.15003340724371,0.06660664954478795,-23.529648234476316,-8.578130488123866,0.06660664954478795,-23.529648234476316,-8.578130488123866,0.9333740868321325,-0.5988852111221024,-7.106554376281824
8288288288.288288,0.9326314833652359,-0.6057985582222855,-7.157854241645335,0.06376206220679247,-23.908752906722125,-8.588686261410073,0.06376206220679247,-23.908752906722125,-8.588686261410073,0.9342150529184498,-0.5910627849221025,-7.114168288010045
8294294294.294294,0.9334790105799922,-0.5979088556750198,-7.165563269555806,0.060998036227147674,-24.293682929109828,-8.599229825934191,0.060998036227147674,-24.293682929109828,-8.599229825934191,0.9350220428768384,-0.58356301277566,-7.121676075523212
8300300300.300301,0.934292945412076,-0.5903386075524928,-7.173163759291954,0.05831187504855685,-24.684859867806548,-8.609775740123073,0.05831187504855685,-24.684859867806548,-8.609775740123073,0.9357967752020988,-0.5763691147927117,-7.129080797665009
8306306306.306307,0.9350749611329054,-0.5830714424120114,-7.18065885785569,0.05570098715389635,-25.08274216055019,-8.62033973202502,0.05570098715389635,-25.08274216055019,-8.62033973202502,0.9365408689144592,-0.5694653213166718,-7.136385401538162
8312312312.312312,0.9358266352049982,-0.5760919642843816,-7.188051595911196,0.053162882353560766,-25.487829615417073,-8.630938915621059,0.053162882353560766,-25.487829615417073,-8.630938915621059,0.937255849876903,-0.5628368050296946,-7.143592726950621
8318318318.318318,0.9365494553204631,-0.5693856875969596,-7.195344892571605,0.05069516825686228,-25.900668623738984,-8.641592048119396,0.05069516825686228,-25.900668623738984,-8.641592048119396,0.9379431566860131,-0.5564696180400909,-7.1507055107057775
8324324324.324325,0.9372448250334559,-0.5629389768504274,-7.202541559998222,0.048295546944151405,-26.321858224198976,-8.652319838012515,0.048295546944151405,-26.321858224198976,-8.652319838012515,0.938604146165832,-0.5503506335600882,-7.157726390737197
8330330330.330331,0.9379140690147191,-0.5567389906759688,-7.209644307816096,0.04596181185917418,-26.75205718673713,-8.663145316403066,0.04596181185917418,-26.75205718673713,-8.663145316403066,0.9392400984922443,-0.5444674918147816,-7.164657910089352
8336336336.336336,0.9385584379544197,-0.5507736299305861,-7.216655747350345,0.043691844945530904,-27.191992324968012,-8.674094287715407,0.043691844945530904,-27.191992324968012,-8.674094287715407,0.9398522219735664,-0.5388085498524393,-7.17150252074656
8342342342.342342,0.9391791131377188,-0.5450314895165226,-7.223578395687989,0.04148361405745533,-27.642468296943544,-8.685195880733756,0.04148361405745533,-27.642468296943544,-8.685195880733756,0.9404416575112542,-0.5333628349536397,-7.178262587312884
8348348348.348349,0.9397772107158268,-0.5395018136366235,-7.230414679570424,0.039335170684093354,-28.104379219799604,-8.696483227414712,0.039335170684093354,-28.104379219799604,-8.696483227414712,0.9410094827630083,-0.5281200013614065,-7.184940390546366
8354354354.354355,0.9403537856937164,-0.5341744542211598,-7.2371669391219005,0.03724464803911817,-28.578722508821297,-8.707994305786205,0.03724464803911817,-28.578722508821297,-8.707994305786205,0.9415567160290041,-0.5230702900772607,-7.191538130751194
8360360360.36036,0.9409098356541977,-0.5290398322831892,-7.243837431419479,0.035210259585263935,-29.06661546222475,-8.719772995451905,0.035210259585263935,-29.06661546222475,-8.719772995451905,0.9420843198805315,-0.5182044914888185,-7.198057931031807
8366366366.366366,0.9414463042366783,-0.5240889019792714,-7.250428333910064,0.03323029808844099,-29.56931525833526,-8.731870411222923,0.03323029808844099,-29.56931525833526,-8.731870411222923,0.9425932045489746,-0.5135139106136045,-7.204501840413069
8372372372.372373,0.9419640843876096,-0.5193131171707811,-7.2569417476801155,0.031303135331781314,-30.088243224088743,-8.744346604375087,0.031303135331781314,-30.088243224088743,-8.744346604375087,0.94308423109179,-0.5089903347611893,-7.210871836830821
8378378378.378379,0.9424640213984794,-0.514704400297005,-7.263379700583633,0.029427222671299106,-30.62501448987781,-8.757272755287252,0.029427222671299106,-30.62501448987781,-8.757272755287252,0.9435582143509721,-0.5046260034316277,-7.21716982999719
8384384384.384384,0.942946915746013,-0.5102551133870767,-7.269744150233972,0.027601092689729764,-31.181474489328565,-8.77073403086108,0.027601092689729764,-31.181474489328565,-8.77073403086108,0.9440159257183934,-0.5004135802827435,-7.223397664145105
8390390390.39039,0.9434135257482681,-0.5059580310510448,-7.276036986864959,0.025823362315873705,-31.759744226549444,-8.784833353172516,0.025823362315873705,-31.759744226549444,-8.784833353172516,0.9444580957213695,-0.49634612701233094,-7.2295571206564455
8396396396.396397,0.9438645700492829,-0.5018063153035813,-7.282260036066643,0.024092737943506443,-32.36227686330439,-8.799696435077452,0.024092737943506443,-32.36227686330439,-8.799696435077452,0.9448854164408659,-0.49241707901338244,-7.235649920578212
8402402402.402403,0.944300729944077,-0.49779349208505524,-7.28841506140097,0.022408023339404032,-32.991929036769825,-8.815478604884206,0.022408023339404032,-32.991929036769825,-8.815478604884206,0.945298543773871,-0.4886202226717567,-7.24167772703113
8408408408.408408,0.9447226515549251,-0.49391342935573684,-7.294503766902431,0.020768131529771,-33.65205148750891,-8.832374200492975,0.020768131529771,-33.65205148750891,-8.832374200492975,0.9456980995506252,-0.48494967418608204,-7.247642147514903
8414414414.414414,0.945130947869077,-0.49016031664837034,-7.300527799468684,0.01917210249365112,-34.34660515890008,-8.85062972278671,0.01917210249365112,-34.34660515890008,-8.85062972278671,0.9460846735166515,-0.4813998597989421,-7.253544736114385
8420420420.420421,0.9455262006473527,-0.4865286459734951,-7.306488751145913,0.017619129539877897,-35.08031102786181,-8.870562601728064,0.017619129539877897,-35.08031102786181,-8.870562601728064,0.9464588251888112,-0.47796549733716615,-7.259386995610703
8426426426.426427,0.9459089622123774,-0.48301319398004244,-7.312388161313607,0.016108599008859536,-35.858844584761954,-8.89258853102752,0.016108599008859536,-35.858844584761954,-8.89258853102752,0.9468210855939514,-0.47464157896696896,-7.265170379501387
8432432432.432432,0.9462797571245959,-0.4796090052813172,-7.318227518773178,0.014640151001875082,-36.68908887683272,-8.917262206874604,0.014640151001875082,-36.68908887683272,-8.917262206874604,0.9471719588981072,-0.4714233550768987,-7.270896293933308
8438438438.438438,0.946639083753632,-0.47631137686332714,-7.324008263744777,0.01321377432757141,-37.57946229190012,-8.945339600845802,0.01321377432757141,-37.57946229190012,-8.945339600845802,0.9475119239336449,-0.4683063192083528,-7.276566099552242
8444444444.444445,0.9469874157520105,-0.47311584349891994,-7.329731789776426,0.01182995904893781,-38.54033517481437,-8.977875838898418,0.01182995904893781,-38.54033517481437,-8.977875838898418,0.9478414356312195,-0.4652861939594372,-7.282181113272605
8450450450.450451,0.9473252034377795,-0.47001816409683816,-7.3353994455694345,0.010489949702855002,-39.58453188307812,-9.016383775182012,0.010489949702855002,-39.58453188307812,-9.016383775182012,0.948160926362921,-0.46235891779371396,-7.287742609970925
8456456456.456456,0.9476528750920962,-0.46701430892032747,-7.34101253672395,0.009196181897777768,-40.727848942009324,-9.063099249304171,0.009196181897777768,-40.727848942009324,-9.063099249304171,0.9484708072025437,-0.45952063269046517,-7.293251824106363
8462462462.462462,0.947970838177415,-0.4641004476148094,-7.346572327408266,0.007953068156125507,-41.98930591437407,-9.121438990763892,0.007953068156125507,-41.98930591437407,-9.121438990763892,0.9487714691084821,-0.4567676725779693,-7.298709951271551
8468468468.468469,0.948279480481525,-0.46127293798864655,-7.352080041955394,0.00676847964662138,-43.39017745416815,-9.196810959653796,0.00676847964662138,-43.39017745416815,-9.196810959653796,0.9490632840343857,-0.4540965524955526,-7.304118149676815
8474474474.474475,0.9485791711923156,-0.45852831549519646,-7.3575368663902685,0.005656667974132369,-44.94878624040836,-9.298049469381862,0.005656667974132369,-44.94878624040836,-9.298049469381862,0.9493466059723285,-0.45150395843434526,-7.309477541570825
8480480480.48048,0.9488702619077977,-0.45586328336830934,-7.362943949890756,0.004644184742143372,-46.661810253701034,-9.439758950106546,0.004644184742143372,-46.661810253701034,-9.439758950106546,0.9496217719329269,-0.4489867378102986,-7.314789214600471
8486486486.486486,0.9491530875856107,-0.45327470336676967,-7.368302406185535,0.003781382139841505,-48.44698862763253,-9.644698687402467,0.003781382139841505,-48.44698862763253,-9.644698687402467,0.9498891028665216,-0.4465418905265254,-7.32005422311274
8492492492.492493,0.9494279674359372,-0.45075958708660735,-7.373613314891771,0.003158715757897076,-50.00978906043989,-9.938434562975305,0.003158715757897076,-50.00978906043989,-9.938434562975305,0.9501489045292703,-0.4441665605850187,-7.325273589401188
8498498498.498499,0.9496952057614828,-0.4483150878031158,-7.3788777227953695,0.0028992175153658307,-50.75438400487418,-10.314298175527846,0.0028992175153658307,-50.75438400487418,-10.314298175527846,0.9504014682977013,-0.4418580282109814,-7.330448304899551
8504504504.504504,0.9499550927479238,-0.4459384928072368,-7.384096645076452,0.0030652610635608373,-50.27065062757281,-10.692610873878275,0.0030652610635608373,-50.27065062757281,-10.692610873878275,0.9506470719350727,-0.43961370245534065,-7.335579331324857
8510510510.51051,0.9502079052079968,-0.4436272162034493,-7.3892710664826,0.003573909518693182,-48.93712893604615,-10.990858965956228,0.003573909518693182,-48.93712893604615,-10.990858965956228,0.9508859803126043,-0.4374311142438818,-7.340667601772335
8516516516.516517,0.9504539072821759,-0.44137879213879455,-7.3944019424522685,0.004286170751149604,-47.358610633196335,-11.199325234354422,0.004286170751149604,-47.358610633196335,-11.199325234354422,0.9511184460884954,-0.43530790984325696,-7.345714021764316
8522522522.522523,0.9506933510987003,-0.43919086843464517,-7.399490200190683,0.005102528579639925,-45.844291081791376,-11.343154490498588,0.005102528579639925,-45.844291081791376,-11.343154490498588,0.9513447103473829,-0.4332418447167358,-7.350719470255208
8528528528.528528,0.950926477395507,-0.43706120059505316,-7.4045367397004025,0.005968284857208059,-44.48300913644082,-11.445499405886748,0.005968284857208059,-44.48300913644082,-11.445499405886748,0.9515650032027618,-0.43123077774409024,-7.355684800594547
8534534534.534534,0.9511535161064657,-0.43498764616720703,-7.4095424347686345,0.006854769093979791,-43.28014340071156,-11.521317954366054,0.006854769093979791,-43.28014340071156,-11.521317954366054,0.9517795443646939,-0.42927266578203055,-7.360610841450002
8540540540.540541,0.9513746869141491,-0.43296815943129086,-7.414508133913287,0.00774655030195592,-42.21783309403254,-11.579663017947281,0.00774655030195592,-42.21783309403254,-11.579663017947281,0.9519885436749809,-0.4273655585432006,-7.365498397692159
8546546546.546547,0.9515901997712132,-0.43100078639866857,-7.419434661289672,0.00863496585849492,-41.27478750471348,-11.626069220052544,0.00863496585849492,-41.27478750471348,-11.626069220052544,0.9521922016118288,-0.4255075937733111,-7.370348251242821
8552552552.552552,0.9518002553923375,-0.42908366009870386,-7.424322817559621,0.009514965655922148,-40.43185549902721,-11.664027167054428,0.009514965655922148,-40.43185549902721,-11.664027167054428,0.9523907097659036,-0.4236969927073324,-7.37516116188845
8558558558.558558,0.9520050457185284,-0.4272149961359966,-7.429173380724773,0.010383526137752458,-39.67310279079528,-11.695816914337183,0.010383526137752458,-39.67310279079528,-11.695816914337183,0.9525842512895338,-0.421932055787124,-7.379937868060342
8564564564.564565,0.9522047543554917,-0.42539308850089885,-7.433987106925638,0.01123881493764995,-38.985589599489565,-11.722978551633073,0.01123881493764995,-38.985589599489565,-11.722978551633073,0.9527730013207252,-0.4202111586239004,-7.38467908758302
8570570570.570571,0.9523995569876409,-0.4236163056175716,-7.438764731207993,0.012079729075124,-38.35885611975817,-11.7465844131513,0.012079729075124,-38.35885611975817,-11.7465844131513,0.9529571273835121,-0.41853274819028596,-7.389385518392263
8576576576.576576,0.9525896217692361,-0.42188308661464347,-7.443506968258103,0.012905627947245167,-37.78441718406255,-11.767401551478793,0.012905627947245167,-37.78441718406255,-11.767401551478793,0.9531367897660971,-0.4168953392275633,-7.394057839224152
8582582582.582582,0.9527751096940145,-0.42019193780486075,-7.448214513108182,0.013716172631272406,-37.25534115014857,-11.785991870092214,0.013716172631272406,-37.25534115014857,-11.785991870092214,0.9533121418781232,-0.4152975108547444,-7.398696710276415
8588588588.588589,0.9529561749446225,-0.4185414293606964,-7.452888041813385,0.014511225690653716,-36.76591806660574,-11.802775738857129,0.014511225690653716,-36.76591806660574,-11.802775738857129,0.9534833305883246,-0.41373790336714794,-7.403302773843295
8594594594.594595,0.9531329652230464,-0.4169301921740233,-7.457528212101682,0.01529078673924498,-36.31140337517714,-11.81807355640672,0.01529078673924498,-36.31140337517714,-11.81807355640672,0.9536504965437468,-0.412215215212703,-7.407876654925136
8600600600.600601,0.9533056220631719,-0.4153569148886294,-7.462135663997758,0.016054949863893837,-35.887820926045805,-11.832133603947787,0.016054949863893837,-35.887820926045805,-11.832133603947787,0.9538137744716279,-0.4107282001352297,-7.412418961813791
8606606606.606606,0.9534742811265388,-0.41382034109504834,-7.466711020422158,0.016803874816468306,-35.49181124955969,-11.845151146676535,0.016803874816468306,-35.49181124955969,-11.845151146676535,0.9539732934649712,-0.4092756644745463,-7.416930286654939
8612612612.612614,0.9536390724822611,-0.412319266678087,-7.471254887766719,0.017537767115612387,-35.12051402452836,-11.857281808536214,0.017537767115612387,-35.12051402452836,-11.857281808536214,0.9541291772527716,-0.40785646461396347,-7.421411205988292
8618618618.618618,0.953800120872067,-0.41085253730769355,-7.475767856447376,0.01825686405358474,-34.771476366466544,-11.868651115316421,0.01825686405358474,-34.771476366466544,-11.868651115316421,0.9542815444558027,-0.4064695045662686,-7.425862281266699
8624624624.624626,0.9539575459613017,-0.40941904606482715,-7.480250501435348,0.018961424701793614,-34.4425806850206,-11.879361421211101,0.018961424701793614,-34.4425806850206,-11.879361421211101,0.9544305088288024,-0.40511373369000736,-7.430284059355063
8630630630.63063,0.9541114625767192,-0.40801773119424467,-7.484703382767592,0.01965172267683275,-34.13198746429516,-11.889497015045844,0.01965172267683275,-34.13198746429516,-11.889497015045844,0.9545761794898499,-0.4037881445283139,-7.434677073009903
8636636636.636637,0.9542619809318236,-0.4066475739767484,-7.489127046037527,0.020328040845614403,-33.838089506372235,-11.899127938369837,0.020328040845614403,-33.838089506372235,-11.899127938369837,0.9547186611376809,-0.40249177076301257,-7.439041841340488
8642642642.642643,0.9544092068404763,-0.40530759671387606,-7.4935220228668005,0.020990667414056884,-33.55947504956787,-11.908312877693152,0.020990667414056884,-33.55947504956787,-11.908312877693152,0.954858054257631,-0.4012236852772798,-7.4433788702522605
8648648648.64865,0.9545532419194316,-0.4039968608185704,-7.497888831358967,0.021639893016970883,-33.29489781239444,-11.917101381664128,0.021639893016970883,-33.29489781239444,-11.917101381664128,0.9549944553168584,-0.3999829983205233,-7.447688652873343
8654654654.654655,0.9546941837804407,-0.4027144650055881,-7.502227976535859,0.022276008541711075,-33.04325248505006,-11.925535579513838,0.022276008541711075,-33.04325248505006,-11.925535579513838,0.9551279569494587,-0.39876885576954413,-7.451971669964873
8660660660.66066,0.9548321262125089,-0.40145954357594893,-7.506539950757377,0.022899303495774376,-32.803554538828436,-11.933651526524843,0.022899303495774376,-32.803554538828436,-11.933651526524843,0.9552586481320519,-0.39758043748036276,-7.45622839031582
8666666666.666668,0.9549671593548555,-0.4002312647900868,-7.510825234125424,0.023510064781792277,-32.57492348356999,-11.941480267411164,0.023510064781792277,-32.57492348356999,-11.941480267411164,0.9553866143503651,-0.3964169557256313,-7.460459271122974
8672672672.672672,0.9550993698611075,-0.3990288293245504,-7.515084294872646,0.024108575780444532,-32.35656889818591,-11.949048684106966,0.024108575780444532,-32.35656889818591,-11.949048684106966,0.9555119377573326,-0.39527765371261153,-7.46466475835671
8678678678.678679,0.9552288410552061,-0.39785146880760447,-7.5193175897366755,0.024695115668020653,-32.147778706618446,-11.956380177176303,0.024695115668020653,-32.147778706618446,-11.956380177176303,0.9556346973231776,-0.39416180417721614,-7.468845287113175
8684684684.684685,0.9553556530794904,-0.3966984444292404,-7.523525564320389,0.025269958914051555,-31.947909283813974,-11.963495217653737,0.025269958914051555,-31.947909283813974,-11.963495217653737,0.9557549689779238,-0.393068708049818,-7.473001281953399
8690690690.690691,0.9554798830353871,-0.3955690456214556,-7.527708653438891,0.02583337491800334,-31.756377062348452,-11.9704117971243,0.02583337491800334,-31.756377062348452,-11.9704117971243,0.9558728257467604,-0.391997693188729,-7.477133157229943
8696696696.696697,0.9556016051171154,-0.39446258880483964,-7.5318672814536916,0.026385627753906273,-31.572651376855344,-11.977145797246944,0.026385627753906273,-31.572651376855344,-11.977145797246944,0.9559883378786473,-0.390948113177651,-7.481241317401569
8702702702.702702,0.9557208907387851,-0.39337841619783886,-7.536001862594646,0.026926975999120546,-31.39624833513935,-11.983711295031801,0.026926975999120546,-31.39624833513935,-11.983711295031801,0.9561015729685349,-0.38991934618349433,-7.485326157336429
8708708708.70871,0.9558378086552494,-0.39231589468520145,-7.540112801270179,0.027457672628899345,-31.226725545381065,-11.990120816520118,0.027457672628899345,-31.226725545381065,-11.990120816520118,0.9562125960735505,-0.388910793871186,-7.489388062604283
8714714714.714714,0.955952425077046,-0.39127441474240987,-7.544200492366235,0.02797796496250714,-31.063677560783454,-11.996385548752015,0.02797796496250714,-31.063677560783454,-11.996385548752015,0.9563214698234688,-0.3879218803724341,-7.493427409758131
8720720720.720722,0.9560648037797538,-0.3902533894129509,-7.5482653215344895,0.02848809464978604,-30.906731928341667,-12.002515517804069,0.02848809464978604,-30.906731928341667,-12.002515517804069,0.956428254525787,-0.386952051305384,-7.497444566605784
8726726726.726727,0.9561750062080516,-0.38925225333566393,-7.552307665470167,0.028988297689423147,-30.75554574864138,-12.008519739064461,0.028988297689423147,-30.75554574864138,-12.008519739064461,0.9565330082656832,-0.386000772842489,-7.501439892471683
8732732732.732733,0.9562830915747748,-0.3882704618193584,-7.556327892180002,0.029478804472036147,-30.60980266980515,-12.014406344666579,0.029478804472036147,-30.60980266980515,-12.014406344666579,0.9566357870011434,-0.3850675308238921,-7.505413738449464
8738738738.738739,0.9563891169552179,-0.3873074899622894,-7.560326361240639,0.029959839842592415,-30.469210251804068,-12.020182692030552,0.029959839842592415,-30.469210251804068,-12.020182692030552,0.9567366446535048,-0.38415182991393415,-7.509366447645551
8744744744.744745,0.9564931373769562,-0.3863628318139187,-7.564303424047934,0.030431623177809754,-30.333497647962893,-12.025855456701649,0.030431623177809754,-30.333497647962893,-12.025855456701649,0.9568356331936613,-0.3832531927984695,-7.513298355414214
8750750750.750751,0.9565952059054014,-0.38543599957687236,-7.568259424057482,0.030894368475046896,-30.202413559145374,-12.031430712074219,0.030894368475046896,-30.202413559145374,-12.031430712074219,0.956932802724164,-0.38237115942074784,-7.517209789584384
8756756756.756756,0.9566953737253258,-0.38452652284688016,-7.572194697016746,0.031348284449891746,-30.075724423192757,-12.036913998113809,0.031348284449891746,-30.075724423192757,-12.036913998113809,0.9570282015574232,-0.38150528625392593,-7.521101070678579
8762762762.762764,0.9567936902185574,-0.38363394788875294,-7.576109571189114,0.03179357464019279,-29.953212808024578,-12.042310380810218,0.03179357464019279,-29.953212808024578,-12.042310380810218,0.9571218762902289,-0.38065514560811997,-7.524972512124249
8768768768.768768,0.9568902030380574,-0.38275783694639737,-7.580004367570192,0.03223043751472405,-29.834675981629978,-12.047624503789361,0.03223043751472405,-29.834675981629978,-12.047624503789361,0.9572138718747628,-0.37982032497038015,-7.528824420457832
8774774774.774775,0.9569849581785442,-0.3818977675852825,-7.5838794000966745,0.03265906658502372,-29.719924636179556,-12.052860633266024,0.03265906658502372,-29.719924636179556,-12.052860633266024,0.9573042316863023,-0.37900042637566717,-7.5326570955218335
8780780780.78078,0.9570780000438648,-0.3810533320654801,-7.58773497584805,0.03307965051921949,-29.60878174682528,-12.058022697320274,0.03307965051921949,-29.60878174682528,-12.058022697320274,0.9573929975877743,-0.37819506580735024,-7.536470830655158
8786786786.786787,0.957169371511262,-0.38022413674383415,-7.591571395241433,0.03349237325689426,-29.501081548542633,-12.06311432031804,0.03349237325689426,-29.501081548542633,-12.06311432031804,0.9574802099913219,-0.3774038726256709,-7.540265912877011
8792792792.792793,0.9572591139927037,-0.3794098015037124,-7.595388952219817,0.03389741412422039,-29.396668616714937,-12.068138853163543,0.03389741412422039,-29.396668616714937,-12.068138853163543,0.9575659079170433,-0.37662648902267193,-7.544042623064574
8798798798.798798,0.9573472674934211,-0.37860995921091956,-7.5991879344339495,0.03429494794874394,-29.29539703913391,-12.073099399962265,0.03429494794874394,-29.29539703913391,-12.073099399962265,0.9576501290490379,-0.37586256950231517,-7.547801236124728
8804804804.804806,0.957433870667794,-0.37782425519448704,-7.602968623418146,0.03468514517332513,-29.197129668759885,-12.077998841582946,0.03468514517332513,-29.197129668759885,-12.077998841582946,0.9577329097888977,-0.37511178038447546,-7.551542021160031
8810810810.81081,0.9575189608727177,-0.37705234675103994,-7.6067312947601895,0.03506817196883579,-29.101737448003988,-12.08283985653275,0.03506817196883579,-29.101737448003988,-12.08283985653275,0.9578142853067798,-0.37437379933154247,-7.555265241629169
8816816816.816818,0.9576025742185786,-0.3762939026715687,-7.610476218265649,0.035444190345305354,-29.009098796498407,-12.08762493949756,0.035444190345305354,-29.009098796498407,-12.08762493949756,0.9578942895901658,-0.37364831489662087,-7.558971155502141
8822822822.822823,0.9576847456179522,-0.3755486027894984,-7.614203658116723,0.035813358261261585,-28.919099055354724,-12.092356417847618,0.035813358261261585,-28.919099055354724,-12.092356417847618,0.9579729554904436,-0.3729350260920539,-7.562660015410288
8828828828.828829,0.9577655088321427,-0.3748161375489526,-7.617913873025891,0.03617582973108161,-28.831629981788616,-12.097036466365473,0.03617582973108161,-28.831629981788616,-12.097036466365473,0.9580503147673972,-0.3722336419774713,-7.5663320687914455
8834834834.834835,0.9578448965156618,-0.3740962075922783,-7.621607116384542,0.03653175493020433,-28.746589288749817,-12.101667120416657,0.03653175493020433,-28.746589288749817,-12.101667120416657,0.9581263981317288,-0.37154388126618004,-7.56998755803036
8840840840.840841,0.9579229402587545,-0.37338852336582184,-7.625283636406749,0.03688128029809532,-28.663880224848146,-12.106250287752783,0.03688128029809532,-28.663880224848146,-12.106250287752783,0.9582012352856913,-0.3708654719491715,-7.5736267205945484
8846846846.846848,0.9579996706280668,-0.37269280474305067,-7.628943676268429,0.03722454863889102,-28.58341119042904,-12.110787759110872,0.03722454863889102,-28.58341119042904,-12.110787759110872,0.958274854961941,-0.37019815093571046,-7.5772497891657995
8852852852.852852,0.9580751172055368,-0.372008780664268,-7.632587474241986,0.037561699219666005,-28.505095386141832,-12.115281217750503,0.037561699219666005,-28.505095386141832,-12.115281217750503,0.9583472849606793,-0.3695416637098544,-7.580856991767428
8858858858.85886,0.9581493086256075,-0.37133618879197944,-7.636215263826674,0.037892867866296476,-28.428850490765992,-12.11973224805179,0.037892867866296476,-28.428850490765992,-12.11973224805179,0.9584185521851832,-0.36889576400198076,-7.584448551887505
8864864864.864864,0.9582222726108294,-0.3706747751812771,-7.639827273874779,0.03821818705690229,-28.354598365430533,-12.124142343280951,0.03821818705690229,-28.354598365430533,-12.124142343280951,0.9584886826757878,-0.36826021347470606,-7.588024688598129
8870870870.87087,0.9582940360059399,-0.37002429396442393,-7.643423728713827,0.038537786012874796,-28.282264781681153,-12.128512912616827,0.038537786012874796,-28.282264781681153,-12.128512912616827,0.9585577016424086,-0.36763478142239403,-7.591585616670988
8876876876.876877,0.9583646248104861,-0.36938450704901393,-7.64700484826492,0.03885179078749384,-28.211779171133816,-12.13284528751959,0.03885179078749384,-28.211779171133816,-12.13284528751959,0.9586256334956577,-0.36701924448373724,-7.595131546689236
8882882882.882883,0.9584340642100614,-0.36875518382903993,-7.650570848157364,0.03916032435216392,-28.143074394695866,-12.137140727513128,0.03916032435216392,-28.143074394695866,-12.137140727513128,0.9586925018766379,-0.3664133863666197,-7.598662685155906
8888888888.88889,0.9585023786062197,-0.3681361009082715,-7.65412193983972,0.03946350668029263,-28.076086529554946,-12.141400425443557,0.03946350668029263,-28.076086529554946,-12.141400425443557,0.9587583296854647,-0.3658169975848077,-7.60217923459893
8894894894.894894,0.9585695916451347,-0.36752704183531737,-7.657658330687404,0.039761454828850094,-28.010754672324122,-12.14562551226902,0.039761454828850094,-28.010754672324122,-12.14562551226902,0.9588231391085789,-0.3652298752058617,-7.605681393672924
8900900900.900902,0.958635726245056,-0.36692779684987753,-7.661180224106964,0.040054283017647366,-27.947020756899974,-12.149817061429202,0.040054283017647366,-27.947020756899974,-12.149817061429202,0.9588869516449112,-0.3646518226097107,-7.609169357257831
8906906906.906906,0.9587008046226196,-0.3663381626396501,-7.6646878196371375,0.04034210270637819,-27.884829385738243,-12.153976092837453,0.04034210270637819,-27.884829385738243,-12.153976092837453,0.9589497881309474,-0.36408264925743306,-7.6126433165545295
8912912912.912914,0.9587648483180707,-0.36575794210734924,-7.668181313046842,0.040625022669471704,-27.824127673382012,-12.158103576533447,0.040625022669471704,-27.824127673382012,-12.158103576533447,0.9590116687647482,-0.3635221704697277,-7.616103459177555
8918918918.918919,0.9588278782194422,-0.3651869441474269,-7.671660896430148,0.04090314906880302,-27.76486510119431,-12.162200436029885,0.04090314906880302,-27.76486510119431,-12.162200436029885,0.9590726131289665,-0.3629702072146845,-7.6195499692449715
8924924924.924925,0.9588899145857424,-0.3646249834319977,-7.675126758298406,0.04117658552431418,-27.706993382348976,-12.166267551383214,0.04117658552431418,-27.706993382348976,-12.166267551383214,0.9591326402129199,-0.36242658590432086,-7.62298302746556
8930930930.930931,0.9589509770691896,-0.36407188020561815,-7.67857908366958,0.04144543318259476,-27.650466336226355,-12.170305762014811,0.04144543318259476,-27.650466336226355,-12.170305762014811,0.9591917684337505,-0.36189113819956575,-7.626402811223379
8936936936.936937,0.9590110847365497,-0.36352746008839154,-7.682018054154898,0.041709790783476156,-27.595239771440944,-12.174315869306284,0.041709790783476156,-27.595239771440944,-12.174315869306284,0.9592500156567138,-0.36136370082332286,-7.629809494659781
8942942942.942944,0.9590702560896006,-0.36299155388717,-7.685443848042926,0.041969754724689834,-27.541271376801895,-12.178298638990087,0.041969754724689834,-27.541271376801895,-12.178298638990087,0.95930739921465,-0.3608441153810951,-7.633203248753016
8948948948.948948,0.9591285090847772,-0.3624639974143661,-7.688856640381143,0.04222541912464418,-27.488520619571606,-12.182254803354246,0.04222541912464418,-27.488520619571606,-12.182254803354246,0.9593639359266536,-0.36033222818904725,-7.636584241395457
8954954954.954956,0.9591858611520289,-0.36194463131406446,-7.6922566030551,0.04247687588336913,-27.436948650446666,-12.186185063278124,0.04247687588336913,-27.436948650446666,-12.186185063278124,0.959419642115998,-0.3598278901089477,-7.639952637468568
8960960960.96096,0.9592423292129161,-0.3614333008951862,-7.695643904865244,0.042724214741681955,-27.3865182147371,-12.190090090114397,0.042724214741681955,-27.3865182147371,-12.190090090114397,0.9594745336273344,-0.3593309563898383,-7.643308598915644
8966966966.966967,0.9592979296979988,-0.3609298559712205,-7.699018711601521,0.0429675233386258,-27.33719356926666,-12.193970527430853,0.0429675233386258,-27.33719356926666,-12.193970527430853,0.9595286258432043,-0.3588412865160495,-7.646652284812484
8972972972.972973,0.9593526785635268,-0.3604341507064191,-7.702381186115772,0.0432068872672273,-27.28894040456027,-12.197826992624226,0.0432068872672273,-27.28894040456027,-12.197826992624226,0.9595819336998909,-0.3583587440613297,-7.649983851435952
8978978978.97898,0.9594065913074793,-0.35994604346802506,-7.7057314883920505,0.04344239012862762,-27.241725771920823,-12.201660078417163,0.04344239012862762,-27.241725771920823,-12.201660078417163,0.9596344717026458,-0.35788319654874773,-7.653303452330595
8984984984.984985,0.9594596829849708,-0.35946539668436295,-7.70906977561491,0.043674113584630886,-27.19551801503348,-12.205470354248213,0.043674113584630886,-27.19551801503348,-12.205470354248213,0.9596862539403133,-0.35741451531617274,-7.656611238373341
8990990990.99099,0.9595119682230614,-0.35899207670844585,-7.712396202235719,0.04390213740871889,-27.15028670576569,-12.209258367563837,0.04390213740871889,-27.15028670576569,-12.209258367563837,0.9597372940993784,-0.3569525753870664,-7.659907357836329
8996996996.996998,0.9595634612349863,-0.3585259536869609,-7.715710920037109,0.04412653953557982,-27.106002583858853,-12.213024645020605,0.04412653953557982,-27.106002583858853,-12.213024645020605,0.9597876054774683,-0.35649725534633664,-7.663191956447976
9003003003.003002,0.9596141758338373,-0.3580669014343152,-7.719014078195549,0.044347396109192146,-27.062637500233908,-12.216769693604888,0.044347396109192146,-27.062637500233908,-12.216769693604888,0.9598372009963234,-0.35604843722108537,-7.666465177452293
9009009009.00901,0.959664125445722,-0.357614797311528,-7.722305823342196,0.04456478152951172,-27.0201643636546,-12.220494001676752,0.04456478152951172,-27.0201643636546,-12.220494001676752,0.9598860932142727,-0.35560600636593054,-7.6697271616665414
9015015015.015015,0.9597133231224082,-0.3571695221098652,-7.725586299621984,0.04477876849780169,-26.978557090514315,-12.224198039944097,0.04477876849780169,-26.978557090514315,-12.224198039944097,0.9599342943382214,-0.3551698513528344,-7.672978047537252
9021021021.02102,0.9597617815535,-0.3567309599388203,-7.728855648751109,0.044989428060649504,-26.93779055753008,-12.227882262372557,0.044989428060649504,-26.93779055753008,-12.227882262372557,0.9599818162351796,-0.35473986386517103,-7.676217971194722
9027027027.027027,0.9598095130781394,-0.3562989981184705,-7.732114010072859,0.04519682965270846,-26.897840557145642,-12.231547107036157,0.04519682965270846,-26.897840557145642,-12.231547107036157,0.9600286704433562,-0.35431593859579924,-7.679447066505939
9033033033.033033,0.9598565296962724,-0.35587352707586173,-7.735361520611939,0.04540104113820609,-26.85868375546,-12.23519299691331,0.04540104113820609,-26.85868375546,-12.23519299691331,0.9600748681828173,-0.35389797314915256,-7.682665465126094
9039039039.03904,0.9599028430794917,-0.3554544402453031,-7.738598315127259,0.045602128851255426,-26.820297652512934,-12.238820340632289,0.045602128851255426,-26.820297652512934,-12.238820340632289,0.9601204203657584,-0.3534858679469023,-7.68587329654864
9045045045.045044,0.9599484645814684,-0.35504163397245686,-7.741824526163299,0.0458001576350073,-26.78266054477152,-12.242429533170004,0.0458001576350073,-26.78266054477152,-12.242429533170004,0.9601653376063733,-0.35307952613732596,-7.689070688154003
9051051051.051052,0.9599934052480016,-0.35463500742196236,-7.745040284100049,0.045995190879678974,-26.74575148967373,-12.246020956507548,0.045995190879678974,-26.74575148967373,-12.246020956507548,0.9602096302303618,-0.35267885350801614,-7.69225776525695
9057057057.057056,0.9600376758266879,-0.3542344624885593,-7.748245717201597,0.04618729055949398,-26.709550272096042,-12.249594980245668,0.04618729055949398,-26.709550272096042,-12.249594980245668,0.9602533082840791,-0.3522837584018822,-7.695434651152671
9063063063.063065,0.9600812867762392,-0.3538399037114662,-7.751440951663405,0.04637651726856837,-26.674037372621456,-12.25315196218311,0.04637651726856837,-26.674037372621456,-12.25315196218311,0.960296381543344,-0.3518941516363078,-7.698601467161635
9069069069.069069,0.9601242482754566,-0.3534512381919276,-7.754626111658288,0.04656293025577312,-26.639193937494486,-12.256692248860471,0.04656293025577312,-26.639193937494486,-12.256692248860471,0.9603388595219242,-0.3515099464252738,-7.701758332673207
9075075075.075075,0.9601665702318738,-0.35306837551381315,-7.757801319381192,0.046746587458607256,-26.60500175015663,-12.260216176072017,0.046746587458607256,-26.60500175015663,-12.260216176072017,0.9603807514797036,-0.3511310583044178,-7.704905365188137
9081081081.081081,0.9602082622900866,-0.3526912276671071,-7.760966695092746,0.04692754553611146,-26.57144320426446,-12.26372406934776,0.04692754553611146,-26.57144320426446,-12.26372406934776,0.9604220664305549,-0.3507574050587997,-7.708042680359882
9087087087.087088,0.9602493338397828,-0.3523197089741673,-7.7641223571616615,0.04710585990085052,-26.53850127809937,-12.26721624440776,0.04710585990085052,-26.53850127809937,-12.26721624440776,0.9604628131499199,-0.3503889066533695,-7.711170392034856
9093093093.093094,0.9602897940234782,-0.35195373601869084,-7.767268422106024,0.04728158474999607,-26.506159510283798,-12.270693007590673,0.04728158474999607,-26.506159510283798,-12.270693007590673,0.9605030001821173,-0.3500254851659317,-7.714288612291606
9099099099.099098,0.9603296517439739,-0.35159322757724754,-7.770405004633472,0.047454773095534176,-26.474401976725794,-12.274154656258215,0.047454773095534176,-26.474401976725794,-12.274154656258215,0.9605426358473864,-0.34966706472255366,-7.717397451478959
9105105105.105106,0.9603689156715529,-0.35123810455321697,-7.773532217680348,0.0476254767936292,-26.443213268717813,-12.2776014791772,0.0476254767936292,-26.443213268717813,-12.2776014791772,0.9605817282486707,-0.3493135714353567,-7.7204970182531865
9111111111.11111,0.9604075942509119,-0.35088828991316956,-7.776650172449803,0.04779374657316386,-26.412578472122618,-12.281033756880618,0.04779374657316386,-26.412578472122618,-12.281033756880618,0.9606202852781673,-0.34896493334246875,-7.723587419614175
9117117117.117117,0.9604456957078543,-0.3505437086254425,-7.779758978448925,0.04795963206348731,-26.382483147581418,-12.28445176200915,0.04795963206348731,-26.382483147581418,-12.28445176200915,0.9606583146236335,-0.34862108035020944,-7.726668760940686
9123123123.123123,0.9604832280557416,-0.3502042876009423,-7.782858743524901,0.048123181821391074,-26.352913311685896,-12.287855759634388,0.048123181821391074,-26.352913311685896,-12.287855759634388,0.9606958237744732,-0.3482819441772977,-7.72974114602469
9129129129.12913,0.9605201991017213,-0.34986995563600876,-7.785949573900248,0.048284443357337704,-26.323855419058372,-12.291246007564924,0.048284443357337704,-26.323855419058372,-12.291246007564924,0.9607328200276096,-0.34794745830102897,-7.732804677104822
9135135135.135136,0.9605566164527326,-0.3495406433573201,-7.789031574207144,0.04844346316096621,-26.29529634528836,-12.294622756636436,0.04844346316096621,-26.29529634528836,-12.294622756636436,0.9607693104931451,-0.3476175579054102,-7.735859454898994
9141141141.14114,0.9605924875213098,-0.349216283168668,-7.792104847520871,0.04860028672589476,-26.267223370677346,-12.297986250986714,0.04860028672589476,-26.267223370677346,-12.297986250986714,0.9608053020998268,-0.3472921798310722,-7.738905578636157
9147147147.147148,0.9606278195311767,-0.34889680919964605,-7.795169495392434,0.04875495857384342,-26.239624164746516,-12.301336728316645,0.04875495857384342,-26.239624164746516,-12.301336728316645,0.9608408016003194,-0.34697126252696936,-7.74194314608728
9153153153.153152,0.9606626195226505,-0.34858215725610214,-7.798225617880309,0.04890752227809539,-26.212486771465485,-12.304674420137953,0.04890752227809539,-26.212486771465485,-12.304674420137953,0.9608758155762958,-0.34665474600373586,-7.744972253595525
9159159159.15916,0.9606968943578623,-0.34827226477227147,-7.80127331358145,0.049058020486320575,-26.18579959516179,-12.30799955200856,0.049058020486320575,-26.18579959516179,-12.30799955200856,0.9609103504433472,-0.3463425717887165,-7.747992996105698
9165165165.165165,0.9607306507257942,-0.34796707076459854,-7.80431267966146,0.049206494942776034,-26.159551387075005,-12.31131234375627,0.049206494942776034,-26.159551387075005,-12.31131234375627,0.9609444124557287,-0.3460346828825006,-7.751005467192921
9171171171.171171,0.9607638951471477,-0.34766651578711366,-7.807343811884063,0.04935298650990709,-26.13373123251975,-12.314613009691517,0.04935298650990709,-26.13373123251975,-12.314613009691517,0.9609780077109409,-0.34573102371696574,-7.754009759090633
9177177177.177177,0.9607966339790459,-0.3473705418883324,-7.810366804639794,0.04949753518936249,-26.10832853862594,-12.317901758809779,0.04949753518936249,-26.10832853862594,-12.317901758809779,0.9610111421541493,-0.3454315401148073,-7.757005962717868
9183183183.183184,0.9608288734195777,-0.34707909256961755,-7.813381750974019,0.049640180142445055,-26.08333302262494,-12.32117879498432,0.049640180142445055,-26.08333302262494,-12.32117879498432,0.9610438215824626,-0.3451361792503709,-7.759994167705873
9189189189.18919,0.9608606195121844,-0.34679211274497795,-7.81638874261424,0.04978095971001174,-26.05873470065351,-12.324444317149764,0.04978095971001174,-26.05873470065351,-12.324444317149764,0.9610760516490556,-0.344844889611905,-7.762974462424079
9195195195.195194,0.9608918781499048,-0.346509548702178,-7.819387869996739,0.049919911431842025,-26.034523877048066,-12.327698519477078,0.049919911431842025,-26.034523877048066,-12.327698519477078,0.9611078378671607,-0.3445576209650258,-7.765946934005418
9201201201.201202,0.9609226550794779,-0.3462313480651539,-7.82237922229258,0.05005707206548871,-26.010691134104317,-12.33094159154043,0.05005707206548871,-26.010691134104317,-12.33094159154043,0.9611391856139233,-0.34427432431742516,-7.768911668371048
9207207207.207207,0.9609529559053045,-0.3459574597577222,-7.825362887432952,0.05019247760462696,-25.98722732227823,-12.334173718476347,0.05019247760462696,-25.98722732227823,-12.334173718476347,0.9611701001341211,-0.34399495188483536,-7.7718687502544554
9213213213.213213,0.9609827860932814,-0.34568783396846325,-7.828338952133939,0.050326163296917546,-25.964123550805823,-12.337395081135709,0.050326163296917546,-25.964123550805823,-12.337395081135709,0.9612005865437743,-0.34371945705798873,-7.774818263224995
9219219219.21922,0.96101215097451,-0.3454224221167592,-7.831307501920657,0.05045816366139636,-25.941371178720978,-12.340605856228837,0.05045816366139636,-25.941371178720978,-12.340605856228837,0.9612306498336177,-0.3434477943708481,-7.777760289710863
9225225225.225225,0.9610410557488813,-0.3451611768199658,-7.834268621150832,0.05058851250540704,-25.918961806250902,-12.34380621646416,0.05058851250540704,-25.918961806250902,-12.34380621646416,0.9612602948724741,-0.34317991946974424,-7.78069491102151
9231231231.231232,0.9610695054885424,-0.3449040518616731,-7.837222393037804,0.05071724294108728,-25.89688726657102,-12.346996330680756,0.05071724294108728,-25.89688726657102,-12.346996330680756,0.9612895264105047,-0.34291578908363574,-7.783622207369525
9237237237.237236,0.9610975051412524,-0.34465100216098116,-7.840168899672992,0.05084438740142427,-25.875139617901176,-12.350176363975118,0.05084438740142427,-25.875139617901176,-12.350176363975118,0.9613183490823614,-0.34265536099527616,-7.78654225789201
9243243243.243244,0.9611250595336301,-0.34440198374276876,-7.843108222047833,0.05096997765589029,-25.853711135926712,-12.353346477822456,0.05096997765589029,-25.853711135926712,-12.353346477822456,0.96134676741023,-0.34239859401337625,-7.789455140671441
9249249249.249249,0.9611521733742926,-0.34415695370897137,-7.846040440075177,0.05109404482567147,-25.832594306528655,-12.356506830192782,0.05109404482567147,-25.832594306528655,-12.356506830192782,0.9613747858067779,-0.34214544794564605,-7.79236093275604
9255255255.255257,0.9611788512569013,-0.3439158702106955,-7.848965632610215,0.05121661939850117,-25.811781818808083,-12.35965757566213,0.05121661939850117,-25.811781818808083,-12.35965757566213,0.9614024085780067,-0.3418958835727087,-7.795259710179675
9261261261.261261,0.9612050976630981,-0.3436786924213532,-7.851883877470888,0.05133773124310949,-25.791266558390756,-12.362798865519071,0.05133773124310949,-25.791266558390756,-12.362798865519071,0.9614296399260097,-0.34164986262288166,-7.798151547981292
9267267267.267267,0.9612309169653603,-0.3434453805105398,-7.854795251457846,0.05145740962330061,-25.771041600998537,-12.365930847866839,0.05145740962330061,-25.771041600998537,-12.365930847866839,0.9614564839516431,-0.34140734774775466,-7.801036520223904
9273273273.273273,0.9612563134297563,-0.343215895618817,-7.857699830373923,0.05157568321166753,-25.75110020627531,-12.36905366772125,0.05157568321166753,-25.75110020627531,-12.36905366772125,0.961482944657113,-0.34116830249853614,-7.803914700013132
9279279279.27928,0.9612812912186187,-0.34299019983325746,-7.860597689043175,0.05169258010295549,-25.73143581185539,-12.372167467104642,0.05169258010295549,-25.73143581185539,-12.372167467104642,0.9615090259484754,-0.3409326913032023,-7.806786159515322
9285285285.285286,0.9613058543931305,-0.3427682561637923,-7.863488901329479,0.05180812782708369,-25.712042027663266,-12.375272385136027,0.05180812782708369,-25.712042027663266,-12.375272385136027,0.9615347316380627,-0.34070047944431164,-7.809650969975256
9291291291.29129,0.9613300069158323,-0.3425500285202736,-7.866373540154705,0.05192235336183603,-25.69291263043383,-12.378368558117646,0.05192235336183603,-25.69291263043383,-12.378368558117646,0.9615600654468288,-0.3404716330375711,-7.812509201733453
9297297297.297298,0.96135375265305,-0.34233548169026906,-7.869251677516479,0.05203528314522827,-25.674041558443506,-12.381456119618116,0.05203528314522827,-25.674041558443506,-12.381456119618116,0.9615850310066227,-0.3402461190110584,-7.815360924243076
9303303303.303303,0.9613770953772462,-0.3421245813175643,-7.8721233845055245,0.052146943087563055,-25.65542290644219,-12.384535200552296,0.052146943087563055,-25.65542290644219,-12.384535200552296,0.961609631862393,-0.34002390508507396,-7.818206206086453
9309309309.309309,0.9614000387693014,-0.3419172938812993,-7.874988731322646,0.05225735858318003,-25.637050920777384,-12.387605929258092,0.05225735858318003,-25.637050920777384,-12.387605929258092,0.9616338714743157,-0.339804959752696,-7.821045114991249
9315315315.315315,0.9614225864207199,-0.3417135866757963,-7.877847787295295,0.05236655452191049,-25.618919994701713,-12.390668431570283,0.05236655452191049,-25.618919994701713,-12.390668431570283,0.961657753219867,-0.33958925226084125,-7.823877717846239
9321321321.321321,0.9614447418357737,-0.3415134277909649,-7.880700620893787,0.052474555300244675,-25.60102466385576,-12.393722830891553,0.052474555300244675,-25.60102466385576,-12.393722830891553,0.961681280395821,-0.339376752592015,-7.826704080716764
9327327327.327328,0.9614665084335775,-0.34131678609332866,-7.883547299747158,0.05258138483221963,-25.583359601918552,-12.396769248260837,0.05258138483221963,-25.583359601918552,-12.396769248260837,0.9617044562201953,-0.3391674314465332,-7.829524268859824
9333333333.333332,0.9614878895501,-0.34112363120764294,-7.8863878906586455,0.052687066560034954,-25.565919616418423,-12.399807802419122,0.052687066560034954,-25.565919616418423,-12.399807802419122,0.96172728383413,-0.33896126022535883,-7.8323383467388386
9339339339.33934,0.961508888440114,-0.34093393349906864,-7.889222459620863,0.05279162346440594,-25.548699644696946,-12.402838609872813,0.05279162346440594,-25.548699644696946,-12.402838609872813,0.9617497663037133,-0.3387582110134255,-7.835146378038095
9345345345.345345,0.96152950827909,-0.3407476640558655,-7.892051071830601,0.05289507807465827,-25.531694750019973,-12.40586178495477,0.05289507807465827,-25.531694750019973,-12.40586178495477,0.9617719066217467,-0.33855825656351735,-7.837948425676858
9351351351.351353,0.9615497521650312,-0.34056479467262746,-7.89487379170334,0.05299745247857493,-25.51490011782876,-12.408877439883128,0.05299745247857493,-25.51490011782876,-12.408877439883128,0.9617937077094639,-0.3383613702805658,-7.840744551823198
9357357357.357357,0.961569623120251,-0.34038529783403737,-7.897690682887419,0.0530987683319991,-25.498311052125825,-12.411885684817998,0.0530987683319991,-25.498311052125825,-12.411885684817998,0.9618151724181916,-0.3381675262064866,-7.843534817907491
9363363363.363363,0.9615891240931018,-0.3402091466990687,-7.900501808277912,0.053199046868201996,-25.481922971989455,-12.414886627916161,0.053199046868201996,-25.481922971989455,-12.414886627916161,0.9618363035309615,-0.3379766990054566,-7.846319284635648
9369369369.36937,0.961608257959647,-0.3400363150857177,-7.9033072300301965,0.05329830890702046,-25.465731408211752,-12.417880375383794,0.05329830890702046,-25.465731408211752,-12.417880375383794,0.961857103764077,-0.3377888639496116,-7.849098012002047
9375375375.375376,0.9616270275252906,-0.3398667774561094,-7.906107009573233,0.05339657486377241,-25.44973200005471,-12.420867031527385,0.05339657486377241,-25.44973200005471,-12.420867031527385,0.9618775757686275,-0.3376039969052163,-7.851871059302194
9381381381.381382,0.9616454355263481,-0.33970050890215353,-7.908901207622556,0.05349386475795364,-25.433920492119974,-12.423846698802846,0.05349386475795364,-25.433920492119974,-12.423846698802846,0.9618977221319666,-0.33742207431917576,-7.854638485145102
9387387387.387386,0.9616634846315837,-0.3395374851315009,-7.911689884192983,0.05359019822172501,-25.418292731326993,-12.426819477862956,0.05359019822172501,-25.418292731326993,-12.426819477862956,0.961917545379133,-0.33724307320605484,-7.857400347465422
9393393393.393394,0.96168117744369,-0.3393776824540331,-7.914473098611079,0.05368559450819323,-25.402844663995605,-12.429785467603185,0.05368559450819323,-25.402844663995605,-12.429785467603185,0.9619370479742441,-0.3370669711353664,-7.860156703535307
9399399399.399399,0.9616985165007351,-0.33922107776864463,-7.917250909527308,0.05378007249949154,-25.38757233302865,-12.432744765205937,0.05378007249949154,-25.38757233302865,-12.432744765205937,0.9619562323218378,-0.33689374621931767,-7.862907609976023
9405405405.405407,0.9617155042775585,-0.33906764855050064,-7.920023374927979,0.053873650714667015,-25.372471875190442,-12.435697466183349,0.053873650714667015,-25.372471875190442,-12.435697466183349,0.9619751007681826,-0.33672337710085776,-7.865653122769325
9411411411.411411,0.9617321431871326,-0.3389173728386008,-7.9227905521469,0.053966347317376887,-25.357539518477612,-12.438643664418633,0.053966347317376887,-25.357539518477612,-12.438643664418633,0.9619936556025392,-0.33655584294216034,-7.868393297268582
9417417417.417418,0.9617484355818817,-0.33877022922374367,-7.92555249787682,0.05405818012340234,-25.3427715795782,-12.441583452206082,0.05405818012340234,-25.3427715795782,-12.441583452206082,0.9620118990583992,-0.33639112341332356,-7.8711281882096875
9423423423.423424,0.9617643837549663,-0.3386261968367981,-7.928309268180611,0.05414916660798184,-25.328164461415863,-12.444516920289733,0.05414916660798184,-25.328164461415863,-12.444516920289733,0.9620298333146758,-0.33622919868150214,-7.873857849721722
9429429429.42943,0.9617799899415235,-0.3384852553373837,-7.9310609185022205,0.05423932391297015,-25.31371465077573,-12.447444157900804,0.05423932391297015,-25.31371465077573,-12.447444157900804,0.9620474604968661,-0.3360700494003052,-7.876582335337414
9435435435.435436,0.9617952563198807,-0.33834738490279115,-7.933807503677405,0.05432866885382806,-25.29941871600858,-12.450365252793922,0.05432866885382806,-25.29941871600858,-12.450365252793922,0.9620647826781793,-0.33591365669949996,-7.87930169800337
9441441441.44144,0.9618101850127279,-0.3382125662172881,-7.936549077944235,0.0544172179264459,-25.285273304810563,-12.453280291282177,0.0544172179264459,-25.285273304810563,-12.453280291282177,0.9620818018806312,-0.33576000217503166,-7.882015990090102
9447447447.447449,0.9618247780882608,-0.3380807804616815,-7.939285694953396,0.054504987313806756,-25.271275142075286,-12.456189358271082,0.054504987313806756,-25.271275142075286,-12.456189358271082,0.962098520076108,-0.33560906787931566,-7.88472526340186
9453453453.453453,0.9618390375612886,-0.337952009303217,-7.942017407778253,0.054591992892492,-25.257421027815766,-12.459092537291474,0.054591992892492,-25.257421027815766,-12.459092537291474,0.9621149391874005,-0.335460836311805,-7.887429569186233
9459459459.45946,0.961852965394311,-0.33782623488574715,-7.944744268924746,0.05467825023903555,-25.243707835153202,-12.461989910531365,0.05467825023903555,-25.243707835153202,-12.461989910531365,0.9621310610892083,-0.3353152904098349,-7.890128958143599
9465465465.465466,0.9618665634985682,-0.33770343982015305,-7.947466330341049,0.05476377463612795,-25.230132508370477,-12.464881558866836,0.05476377463612795,-25.230132508370477,-12.464881558866836,0.9621468876091137,-0.33517241353973515,-7.8928234804363395
9471471471.471472,0.9618798337350549,-0.3375836071750998,-7.950183643427065,0.05484858107867661,-25.216692061027626,-12.46776756189196,0.05484858107867661,-25.216692061027626,-12.46776756189196,0.9621624205285345,-0.3350321894881459,-7.895513185697904
9477477477.477478,0.9618927779155139,-0.3374667204679678,-7.952896259043705,0.05493268427972475,-25.20338357413706,-12.470647997947848,0.05493268427972475,-25.20338357413706,-12.470647997947848,0.9621776615836398,-0.3348946024536651,-7.89819812304167
9483483483.483482,0.9619053978033945,-0.3373527636561144,-7.9556042275219925,0.05501609867623314,-25.190204194396323,-12.473522944150773,0.05501609867623314,-25.190204194396323,-12.473522944150773,0.9621926124662504,-0.33475963703863953,-7.9008783410696415
9489489489.48949,0.9619176951147894,-0.33724172112833084,-7.958307598671994,0.055098838434727786,-25.177151132476258,-12.476392476419502,0.055098838434727786,-25.177151132476258,-12.476392476419502,0.9622072748247084,-0.3346272782412369,-7.903553887880964
9495495495.495495,0.9619296715193439,-0.3371335776965525,-7.9610064217915495,0.05518091745681715,-25.164221661362582,-12.479256669501773,0.05518091745681715,-25.164221661362582,-12.479256669501773,0.962221650264722,-0.33449751144774187,-7.90622481108027
9501501501.501503,0.9619413286411376,-0.33702831858781834,-7.963700745674855,0.05526234938458302,-25.151413114748713,-12.482115597000028,0.05526234938458302,-25.151413114748713,-12.482115597000028,0.9622357403501927,-0.3343703224250194,-7.9088911577858765
9507507507.507507,0.9619526680595476,-0.3369259294364001,-7.966390618620857,0.055343147605846986,-25.138722885478302,-12.484969331396364,0.055343147605846986,-25.138722885478302,-12.484969331396364,0.9622495466040107,-0.33424569731326204,-7.911552974637792
9513513513.513514,0.9619636913100814,-0.33682639627621436,-7.969076088441496,0.05542332525931666,-25.126148424035385,-12.487817944076792,0.05542332525931666,-25.126148424035385,-12.487817944076792,0.9622630705088362,-0.3341236226188724,-7.9142103078056065
9519519519.51952,0.9619743998851923,-0.3367297055333878,-7.9717572024697745,0.05550289523961443,-25.113687237080615,-12.490661505354751,0.05550289523961443,-25.113687237080615,-12.490661505354751,0.9622763135078568,-0.334004085207555,-7.916863202996181
9525525525.525526,0.9619847952350684,-0.33663584401906577,-7.974434007567678,0.055581870202191234,-25.101336886031916,-12.493500084494006,0.055581870202191234,-25.101336886031916,-12.493500084494006,0.9622892770055222,-0.3338870722976266,-7.919511705461231
9531531531.531532,0.9619948787684033,-0.33654479892239175,-7.977106550133943,0.05566026256812945,-25.08909498568782,-12.496333749730855,0.05566026256812945,-25.08909498568782,-12.496333749730855,0.962301962368262,-0.3337725714534742,-7.922155860004732
9537537537.537537,0.9620046518531442,-0.3364565578036879,-7.979774876111666,0.05573808452883637,-25.076959202892194,-12.499162568295732,0.05573808452883637,-25.076959202892194,-12.499162568295732,0.9623143709251788,-0.33366057057923904,-7.924795710990207
9543543543.543545,0.9620141158172208,-0.33637110858781716,-7.982439030995777,0.055815348050632506,-25.064927255238697,-12.501986606434189,0.055815348050632506,-25.064927255238697,-12.501986606434189,0.9623265039687308,-0.3335510579125984,-7.927431302347848
9549549549.54955,0.9620232719492514,-0.33628843955775023,-7.985099059840354,0.055892064879234815,-25.052996909813878,-12.504805929427313,0.055892064879234815,-25.052996909813878,-12.504805929427313,0.9623383627553869,-0.33344402201879847,-7.930062677581525
9555555555.555555,0.9620321214992357,-0.336208539348253,-7.987755007265816,0.05596824654414155,-25.04116598197704,-12.507620601611581,0.05596824654414155,-25.04116598197704,-12.507620601611581,0.9623499485062723,-0.3333394517847741,-7.932689879775647
9561561561.561562,0.9620406656792242,-0.3361313969397921,-7.990406917465972,0.05604390436291652,-25.029432334176313,-12.510430686398156,0.05604390436291652,-25.029432334176313,-12.510430686398156,0.9623612624077889,-0.3332373364134992,-7.9353129516019045
9567567567.567568,0.9620489056639688,-0.3360570016526104,-7.993054834214922,0.05611904944537898,-25.01779387479902,-12.513236246291672,0.05611904944537898,-25.01779387479902,-12.513236246291672,0.9623723056122253,-0.333137665418427,-7.9379319353258655
9573573573.573574,0.962056842591564,-0.335985343140889,-7.995698800873855,0.05619369269769999,-25.00624855705551,-12.516037342908515,0.05619369269769999,-25.00624855705551,-12.516037342908515,0.9623830792383479,-0.3330404286181148,-7.940546872813476
9579579579.579578,0.9620644775640599,-0.33591641138716366,-7.998338860397695,0.056267844826406836,-24.994794377895374,-12.5188340369946,0.056267844826406836,-24.994794377895374,-12.5188340369946,0.9623935843719754,-0.33294561613098517,-7.943157805537406
9585585585.585587,0.9620718116480672,-0.3358501966968203,-8.000975055341637,0.05634151634229932,-24.983429376954703,-12.521626388442705,0.05634151634229932,-24.983429376954703,-12.521626388442705,0.9624038220665408,-0.33285321837021625,-7.94576477458331
9591591591.59159,0.9620788458753429,-0.3357866896927645,-8.003607427867554,0.05641471756427917,-24.972151635533525,-12.524414456309305,0.05641471756427917,-24.972151635533525,-12.524414456309305,0.9624137933436343,-0.3327632260387956,-7.948367820655938
9597597597.597599,0.9620855812433589,-0.3357258813102434,-8.006236019750283,0.056487458623095343,-24.96095927560225,-12.52719829883101,0.056487458623095343,-24.96095927560225,-12.52719829883101,0.9624234991935363,-0.33267563012466816,-7.9509669840851664
9603603603.603603,0.9620920187158618,-0.33566776279175514,-8.008860872383805,0.05655974946500545,-24.94985045883652,-12.529977973440543,0.05655974946500545,-24.94985045883652,-12.529977973440543,0.962432940575734,-0.33259042189603727,-7.953562304831884
9609609609.60961,0.9620981592234095,-0.3356123256821676,-8.011482026787306,0.05663159985535896,-24.93882338567888,-12.532753536782323,0.05663159985535896,-24.93882338567888,-12.532753536782323,0.9624421184194236,-0.33250759289679255,-7.956153822493804
9615615615.615616,0.9621040036639005,-0.33555956182389907,-8.014099523611112,0.0567030193820999,-24.9278762944271,-12.535525044727638,0.0567030193820999,-24.9278762944271,-12.535525044727638,0.9624510336240004,-0.33242713494205034,-7.958741576311144
9621621621.621622,0.9621095529030845,-0.3355094633522782,-8.01671340314254,0.05677401745919385,-24.917007460347797,-12.538292552389443,0.05677401745919385,-24.917007460347797,-12.538292552389443,0.9624596870595383,-0.3323490401137913,-7.961325605172209
9627627627.627628,0.9621148077750656,-0.3354620226909677,-8.01932370531163,0.056844603329980384,-24.90621519481462,-12.541056114136769,0.056844603329980384,-24.90621519481462,-12.541056114136769,0.9624680795672503,-0.3322733007566711,-7.963905947618878
9633633633.633633,0.9621197690827831,-0.33541723254759076,-8.021930469696766,0.05691478607045244,-24.895497844470338,-12.543815783608782,0.05691478607045244,-24.895497844470338,-12.543815783608782,0.9624762119599456,-0.3321999094738628,-7.966482641851992
9639639639.63964,0.9621244375984895,-0.33537508590938425,-8.024533735530213,0.056984574592464206,-24.884853790411945,-12.546571613728482,0.056984574592464206,-24.884853790411945,-12.546571613728482,0.9624840850224665,-0.3321288591230811,-7.969055725736636
9645645645.645645,0.9621288140642116,-0.33533557603901376,-8.027133541703531,0.05705397764686986,-24.874281447398097,-12.549323656716078,0.05705397764686986,-24.874281447398097,-12.549323656716078,0.9624916995121215,-0.33206014281264695,-7.971625236807333
9651651651.651651,0.9621328991921974,-0.3352986964705046,-8.029729926772923,0.05712300382659488,-24.863779263078033,-12.552071964102012,0.05712300382659488,-24.863779263078033,-12.552071964102012,0.9624990561590979,-0.331993753897734,-7.974191212273147
9657657657.657658,0.9621366936653534,-0.33526444100527236,-8.032322928964446,0.05719166156964039,-24.853345717241524,-12.55481658673967,0.05719166156964039,-24.853345717241524,-12.55481658673967,0.9625061556668757,-0.3319296859766044,-7.976753689022685
9663663663.663664,0.9621401981376744,-0.3352328037082185,-8.034912586179173,0.057259959162023706,-24.84297932108899,-12.557557574817807,0.057259959162023706,-24.84297932108899,-12.557557574817807,0.9625129987126182,-0.3318679328870597,-7.979312703629024
9669669669.66967,0.9621434132346567,-0.33520377890397546,-8.037498935998233,0.0573279047406553,-24.83267861652124,-12.560294977872626,0.0573279047406553,-24.83267861652124,-12.560294977872626,0.9625195859475641,-0.3318084887028763,-7.981868292354537
9675675675.675674,0.9621463395537002,-0.3351773611732558,-8.040082015687771,0.05739550629615469,-24.822442175448167,-12.563028844799625,0.05739550629615469,-24.822442175448167,-12.563028844799625,0.9625259179973995,-0.33175134773042647,-7.984420491155649
9681681681.681683,0.9621489776645064,-0.33515354534923947,-8.042661862203829,0.05746277167560604,-24.812268599115853,-12.56575922386511,0.05746277167560604,-24.812268599115853,-12.56575922386511,0.9625319954626264,-0.33169650450532584,-7.986969335687494
9687687687.687687,0.96215132810946,-0.33513232651410585,-8.04523851219712,0.057529708585254656,-24.802156517451564,-12.568486162717452,0.057529708585254656,-24.802156517451564,-12.568486162717452,0.9625378189189214,-0.3316439537891769,-7.989514861308502
9693693693.693695,0.9621533914040019,-0.3351136999956549,-8.047812002017746,0.057596324593147355,-24.792104588425822,-12.57120970839811,0.057596324593147355,-24.792104588425822,-12.57120970839811,0.9625433889174808,-0.3315936905664368,-7.992057103084903
9699699699.6997,0.9621551680369967,-0.33509766136396585,-8.050382367719811,0.05766262713171545,-24.78211149743148,-12.573929907352326,0.05766262713171545,-24.78211149743148,-12.573929907352326,0.962548705985364,-0.3315457100412931,-7.994596095795144
9705705705.705706,0.9621566584710838,-0.33508420642821735,-8.052949645065972,0.05772862350030451,-24.77217595667875,-12.576646805439655,0.05772862350030451,-24.77217595667875,-12.576646805439655,0.9625537706258201,-0.3315000076347012,-7.997131873934255
9711711711.711712,0.9621578631430264,-0.3350733312335168,-8.055513869531895,0.05779432086764948,-24.76229670460619,-12.579360447944183,0.05779432086764948,-24.76229670460619,-12.579360447944183,0.9625585833186119,-0.3314565789814433,-7.999664471718103
9717717717.717718,0.9621587824640448,-0.3350650320578835,-8.058075076310642,0.057859726274299,-24.752472505306756,-12.58207087958455,0.057859726274299,-24.752472505306756,-12.58207087958455,0.9625631445203301,-0.3314154199272718,-8.002193923087606
9723723723.723724,0.9621594168201492,-0.33505930540922907,-8.060633300316987,0.05792484663498768,-24.742702147968796,-12.584778144523726,0.05792484663498768,-24.742702147968796,-12.584778144523726,0.9625674546646988,-0.3313765265261415,-8.004720261712857
9729729729.729729,0.9621597665724548,-0.33505614802249833,-8.063188576191655,0.057989688740959285,-24.732984446331297,-12.58748228637857,0.057989688740959285,-24.732984446331297,-12.58748228637857,0.9625715141628733,-0.3313398950375055,-8.007243520997184
9735735735.735737,0.962159832057496,-0.33505555685683025,-8.065740938305481,0.05805425926224128,-24.723318238153077,-12.590183348229171,0.05805425926224128,-24.723318238153077,-12.590183348229171,0.9625753234037293,-0.33130552192368984,-8.009763734081139
9741741741.741741,0.9621596135875299,-0.33505752909280095,-8.068290420763516,0.05811856474987209,-24.71370238469545,-12.592881372627996,0.05811856474987209,-24.71370238469545,-12.592881372627996,0.9625788827541492,-0.33127340384729764,-8.012280933846421
9747747747.747747,0.9621591114508307,-0.335062062129762,-8.070837057409042,0.058182611638081375,-24.704135770218084,-12.595576401608795,0.058182611638081375,-24.704135770218084,-12.595576401608795,0.962582192559295,-0.33124353766873327,-8.014795152919735
9753753753.753754,0.9621583259119789,-0.33506915358321987,-8.07338088182754,0.0582464062464259,-24.694617301487437,-12.598268476695358,0.0582464062464259,-24.694617301487437,-12.598268476695358,0.9625852531428778,-0.33121592044376136,-8.01730642367658
9759759759.75976,0.9621572572121411,-0.3350788012823075,-8.075921927350574,0.05830995478188035,-24.685145907297674,-12.600957638910034,0.05830995478188035,-24.685145907297674,-12.600957638910034,0.9625880648074209,-0.33119054942111864,-8.019814778244978
9765765765.765766,0.9621559055693452,-0.3350910032672883,-8.07846022705963,0.05837326334088579,-24.675720538003407,-12.603643928782095,0.05837326334088579,-24.675720538003407,-12.603643928782095,0.9625906278345125,-0.3311674220402238,-8.022320248509148
9771771771.771772,0.9621542711787435,-0.33510575778718105,-8.080995813789873,0.05843633791135482,-24.666340165064256,-12.6063273863559,0.05843633791135482,-24.666340165064256,-12.6063273863559,0.9625929424850592,-0.33114653592888454,-8.024822866113103
9777777777.777779,0.9621523542128775,-0.3351230632973661,-8.08352872013384,0.058499184374636345,-24.657003780600526,-12.609008051198892,0.058499184374636345,-24.657003780600526,-12.609008051198892,0.9625950089995216,-0.33112788890115774,-8.0273226624642
9783783783.783783,0.9621501548219258,-0.33514291845733984,-8.086058978445104,0.058561808507439625,-24.647710396959948,-12.611685962409414,0.058561808507439625,-24.647710396959948,-12.611685962409414,0.9625968275981566,-0.3311114789551572,-8.029819668736632
9789789789.789791,0.9621476731339533,-0.3351653221284678,-8.088586620841832,0.05862421598371867,-24.63845904629508,-12.614361158624366,0.05862421598371867,-24.63845904629508,-12.614361158624366,0.9625983984812445,-0.3310973042709991,-8.032313915874857
9795795795.795795,0.9621449092551487,-0.33519027337183843,-8.09111167921032,0.05868641237651871,-24.629248780150952,-12.617033678026687,0.05868641237651871,-24.629248780150952,-12.617033678026687,0.9625997218293155,-0.33108536320875065,-8.034805434596965
9801801801.801802,0.9621418632700629,-0.3352177714461093,-8.093634185208455,0.05874840315978422,-24.62007866906294,-12.619703558352692,0.05874840315978422,-24.62007866906294,-12.619703558352692,0.9626007978033639,-0.3310756543064907,-8.037294255398018
9807807807.807808,0.962138535241831,-0.335247815805504,-8.096154170269116,0.05881019371013067,-24.61094780216422,-12.622370836899247,0.05881019371013067,-24.61094780216422,-12.622370836899247,0.9626016265450671,-0.33106817627833013,-8.0397804085533
9813813813.813814,0.9621349252123989,-0.3352804060977701,-8.098671665603549,0.05887178930858005,-24.601855286802824,-12.62503555053079,0.05887178930858005,-24.601855286802824,-12.62503555053079,0.9626022081769887,-0.3310629280125724,-8.042263924121533
9819819819.81982,0.9621310332027365,-0.33531554216225173,-8.101186702204641,0.05893319514226112,-24.592800248167936,-12.627697735686217,0.05893319514226112,-24.592800248167936,-12.627697735686217,0.9626025428027823,-0.3310599085698746,-8.04474483194805
9825825825.825825,0.9621268592130496,-0.3353532240279867,-8.103699310850184,0.0589944163060756,-24.58378182892503,-12.630357428385608,0.0589944163060756,-24.58378182892503,-12.630357428385608,0.9626026305073894,-0.33105911718145753,-8.047223161667894
9831831831.831833,0.9621224032229846,-0.335393451911857,-8.106209522106067,0.05905545780433013,-24.574799188859885,-12.633014664236832,0.05905545780433013,-24.574799188859885,-12.633014664236832,0.9626024713572293,-0.33106055324738604,-8.049698942708897
9837837837.837837,0.9621176651918267,-0.33543622621680413,-8.108717366329408,0.05911632455233557,-24.565851504530976,-12.635669478442,0.05911632455233557,-24.565851504530976,-12.635669478442,0.9626020654003878,-0.3310642163348716,-8.05217220429467
9843843843.843845,0.9621126450586966,-0.3354815475300629,-8.11122287367167,0.05917702137797464,-24.556937968930093,-12.638321905803808,0.05917702137797464,-24.556937968930093,-12.638321905803808,0.9626014126667995,-0.33107010617662136,-8.0546429754476
9849849849.84985,0.9621073427427389,-0.3355294166214632,-8.113726074081688,0.059237553023237154,-24.548057791151038,-12.64097198073172,0.059237553023237154,-24.548057791151038,-12.64097198073172,0.9626005131684241,-0.3310782226692489,-8.057111284991736
9855855855.855856,0.9621017581433049,-0.3355798344417868,-8.116226997308674,0.05929792414572504,-24.53921019606609,-12.643619737248049,0.05929792414572504,-24.53921019606609,-12.643619737248049,0.9625993668994206,-0.33108856587170077,-8.059577161555692
9861861861.861862,0.9620958911401347,-0.3356328021211325,-8.118725672905171,0.05935813932012728,-24.530394424010012,-12.64626520899392,0.05935813932012728,-24.530394424010012,-12.64626520899392,0.9625979738363142,-0.33110113600375446,-8.062040633575462
9867867867.867868,0.9620897415935291,-0.33568832096737267,-8.121222130229945,0.059418203039665204,-24.521609730471496,-12.648908429235082,0.059418203039665204,-24.521609730471496,-12.648908429235082,0.962596333938162,-0.3311159334445217,-8.064501729297204
9873873873.873875,0.9620833093445217,-0.3357463924646073,-8.12371639845086,0.05947811971750901,-24.51285538579173,-12.651549430867648,0.05947811971750901,-24.51285538579173,-12.651549430867648,0.9625944471467119,-0.33113295873101956,-8.066960476779988
9879879879.879879,0.9620765942150437,-0.33580701827168685,-8.126208506547682,0.059537893688166206,-24.50413067487,-12.654188246423676,0.059537893688166206,-24.50413067487,-12.654188246423676,0.9625923133865576,-0.3311522125567726,-8.069416903898485
9885885885.885887,0.9620695960080831,-0.3358702002207853,-8.12869848331486,0.05959752920884253,-24.495434896875995,-12.656824908076679,0.05959752920884253,-24.495434896875995,-12.656824908076679,0.9625899325652928,-0.3311736957704242,-8.071871038345646
9891891891.891891,0.9620623145078457,-0.33593594031595814,-8.13118635736424,0.05965703046077554,-24.48676736496887,-12.659459447646999,0.05965703046077554,-24.48676736496887,-12.659459447646999,0.9625873045736542,-0.3311974093744525,-8.074322907635292
9897897897.897898,0.962054749479902,-0.3360042407318304,-8.133672157127773,0.059716401550542614,-24.478127406022555,-12.662091896607087,0.059716401550542614,-24.478127406022555,-12.662091896607087,0.9625844292856706,-0.33122335452382695,-8.076772539104711
9903903903.903904,0.9620469006713405,-0.33607510381221983,-8.136155910860147,0.05977564651134201,-24.469514360357536,-12.664722286086697,0.05977564651134201,-24.469514360357536,-12.664722286086697,0.9625813065587959,-0.33125153252481454,-8.079219959917191
9909909909.90991,0.9620387678109097,-0.3361485320688729,-8.138637646641394,0.05983476930424992,-24.460927581478554,-12.667350646877924,0.05983476930424992,-24.460927581478554,-12.667350646877924,0.9625779362340527,-0.33128194483369067,-8.081665197064519
9915915915.915916,0.9620303506091571,-0.3362245281802235,-8.141117392379464,0.05989377381945173,-24.452366435818377,-12.66997700944022,0.05989377381945173,-24.452366435818377,-12.66997700944022,0.9625743181361593,-0.3313145930555967,-8.084108277369436
9921921921.92192,0.962021648758568,-0.336303094990153,-8.143595175812749,0.05995266387744988,-24.44383030248726,-12.672601403905258,0.05995266387744988,-24.44383030248726,-12.672601403905258,0.9625704520736594,-0.331349478943378,-8.08654922748808
9927927927.927929,0.9620126619336975,-0.3363842355068148,-8.146071024512574,0.060011443230247624,-24.435318573028106,-12.675223860081722,0.060011443230247624,-24.435318573028106,-12.675223860081722,0.9625663378390507,-0.33138660439643075,-8.088988073912354
9933933933.933933,0.9620033897912981,-0.33646795290149906,-8.14854496588565,0.06007011556250974,-24.426830651177077,-12.677844407460006,0.06007011556250974,-24.426830651177077,-12.677844407460006,0.9625619752089016,-0.3314259714596539,-8.091424842972298
9939939939.939941,0.9619938319704465,-0.33655425050750243,-8.15101702717649,0.06012868449270071,-24.41836595262956,-12.680463075216828,0.06012868449270071,-24.41836595262956,-12.680463075216828,0.9625573639439754,-0.3314675823223434,-8.093859560838391
9945945945.945946,0.961983988092665,-0.3366431318190535,-8.153487235469793,0.06018715357420063,-24.40992390481133,-12.683079892219741,0.06018715357420063,-24.40992390481133,-12.683079892219741,0.9625525037893422,-0.3315114393171835,-8.096292253523846
9951951951.951952,0.9619738577620385,-0.33673460049027204,-8.155955617692788,0.0602455262963993,-24.401503946654792,-12.685694887031577,0.0602455262963993,-24.401503946654792,-12.685694887031577,0.9625473944744899,-0.33155754491926004,-8.098722946886856
9957957957.957958,0.961963440565331,-0.3368286603341335,-8.158422200617542,0.060303806085769254,-24.39310552838018,-12.688308087914798,0.060303806085769254,-24.39310552838018,-12.688308087914798,0.9625420357134391,-0.3316059017450304,-8.101151666632813
9963963963.963964,0.9619527360720975,-0.3369253153214842,-8.160887010863245,0.06036199630691771,-24.384728111281568,-12.69091952283577,0.06036199630691771,-24.384728111281568,-12.69091952283577,0.9625364272048413,-0.33165651255144984,-8.103578438316493
9969969969.96997,0.9619417438347908,-0.3370245695800933,-8.163350074898446,0.06042010026361882,-24.37637116751751,-12.693529219468953,0.06042010026361882,-24.37637116751751,-12.693529219468953,0.9625305686320891,-0.331709380234988,-8.106003287344203
9975975975.975975,0.9619304633888657,-0.337126427393733,-8.16581141904327,0.06047812119982504,-24.36803417990636,-12.696137205201019,0.06047812119982504,-24.36803417990636,-12.696137205201019,0.9625244596634107,-0.3317645078307845,-8.108426238975918
9981981981.981983,0.9619188942528845,-0.3372308932012481,-8.1682710694716,0.06053606230065963,-24.35971664172601,-12.698743507134887,0.06053606230065963,-24.35971664172601,-12.698743507134887,0.9625180999519709,-0.3318218985117544,-8.110847318327355
9987987987.987988,0.9619070359286134,-0.33733797159570833,-8.170729052213217,0.060593926693389845,-24.351418056517936,-12.701348152093693,0.060593926693389845,-24.351418056517936,-12.701348152093693,0.9625114891359647,-0.3318815555877525,-8.113266550372046
9993993993.993994,0.9618948879011174,-0.33744766732357334,-8.173185393155924,0.060651717448381645,-24.34313793789552,-12.703951166624687,0.060651717448381645,-24.34313793789552,-12.703951166624687,0.9625046268387062,-0.33194348250478656,-8.115683959943366
10000000000.0,0.9618824496388577,-0.3375599852838388,-8.175640118047637,0.060709437580035684,-24.33487580935651,-12.706552577003041,0.060709437580035684,-24.33487580935651,-12.706552577003041,0.9624975126687221,-0.33200768284418414,-8.118099571736536
