frequency_hz,s11_mag,s11_db,s11_phase_deg,s21_mag,s21_db,s21_phase_deg,s12_mag,s12_db,s12_phase_deg,s22_mag,s22_db,s22_phase_deg
4000000000.0,0.9881735335641444,-0.10333564161717251,0.8526879796945521,0.009128690725839429,-40.79183012580364,-0.8487703307910204,0.009128690725839429,-40.79183012580364,-0.8487703307910204,0.9882955943623911,-0.10226281269303417,0.8404449476188027
4006006006.0060062,0.9881185320864305,-0.1038191093938032,0.8488933855033222,0.00920597968151979,-40.71859975941133,-0.8527455945757733,0.00920597968151979,-40.71859975941133,-0.8527455945757733,0.9882410720613102,-0.10274200915639083,0.8366839326928374
4012012012.012012,0.9880632948790506,-0.10430467633991586,0.8450956188966383,0.009283948838652476,-40.64534522979447,-0.8567207839402683,0.009283948838652476,-40.64534522979447,-0.8567207839402683,0.9881863109601393,-0.10322333104601533,0.8329197923119972
4018018018.0180182,0.9880078199504116,-0.10479236031479754,0.841294653290609,0.009362606595974498,-40.57206449392969,-0.8606959520259286,0.009362606595974498,-40.57206449392969,-0.8606959520259286,0.9881313090285119,-0.10370679656116107,0.8291524987326958
4024024024.024024,0.9879521052821937,-0.10528217941822286,0.8374904618157798,0.00944196148061035,-40.498755512944875,-0.8646711518634047,0.00944196148061035,-40.498755512944875,-0.8646711518634047,0.9880760642089663,-0.10419242414485577,0.825382023920899
4030030030.0300303,0.9878961488288746,-0.10577415199474655,0.8336830173132503,0.009522022150362193,-40.42541625187649,-0.8686464363858838,0.009522022150362193,-40.42541625187649,-0.8686464363858838,0.98802057441647,-0.10468023248820127,0.8216083395482361
4036036036.036036,0.9878399485172233,-0.10626829663826917,0.8298722923307592,0.009602797396046988,-40.35204467942934,-0.8726218584423489,0.009602797396046988,-40.35204467942934,-0.8726218584423489,0.9879648375379296,-0.1051702405347901,0.8178314169880033
4042042042.0420423,0.9877835022458075,-0.10676463219648766,0.8260582591186624,0.009684296143881459,-40.27863876773898,-0.8765974708107187,0.009684296143881459,-40.27863876773898,-0.8765974708107187,0.9879088514316648,-0.10566246748545577,0.8140512273111954
4048048048.048048,0.9877268078844648,-0.10726317777565601,0.8222408896258573,0.00976652745791585,-40.205196492136686,-0.880573326210997,0.00976652745791585,-40.205196492136686,-0.880573326210997,0.9878526139268907,-0.10615693280293931,0.8102677412823638
4054054054.0540543,0.9876698632737797,-0.10776395274531314,0.8184201554956625,0.009849500542517538,-40.13171583091713,-0.8845494773183487,0.009849500542517538,-40.13171583091713,-0.8845494773183487,0.9877961228232062,-0.10665365621651271,0.8064809293554519
4060060060.06006,0.9876126662245376,-0.1082669767432068,0.8145960280615772,0.009933224744906474,-40.058194765107785,-0.8885259767760868,0.009933224744906474,-40.058194765107785,-0.8885259767760868,0.9877393758900186,-0.10715265772716395,0.802690761669587
4066066066.0660663,0.9875552145171795,-0.10877226968021401,0.8107684783430055,0.01001770955774213,-39.984631278241395,-0.8925028772086733,0.01001770955774213,-39.984631278241395,-0.8925028772086733,0.9876823708660123,-0.1076539576124006,0.798897208044747
4072072072.072072,0.9874975059012171,-0.10927985174562,0.8069374770408988,0.010102964621764817,-39.91102335613003,-0.8964802312346689,0.010102964621764817,-39.91102335613003,-0.8964802312346689,0.9876251054585423,-0.1081575764317126,0.7951002379773618
4078078078.0780783,0.9874395380946783,-0.1097897434121233,0.8031029945333115,0.010188999728490966,-39.837368986642,-0.9004580914796522,0.010188999728490966,-39.837368986642,-0.9004580914796522,0.9875675773430977,-0.10866353503142748,0.7912998206359041
4084084084.084084,0.9873813087834922,-0.11030196544138696,0.7992650008708854,0.010275824822965714,-39.76366615947976,-0.9044365105891057,0.010275824822965714,-39.76366615947976,-0.9044365105891057,0.9875097841626649,-0.10917185455044945,0.7874959248562833
4090090090.0900903,0.9873228156208974,-0.11081653888937765,0.7954234657722655,0.010363450006571634,-39.68991286596103,-0.9084155412412905,0.010363450006571634,-39.68991286596103,-0.9084155412412905,0.987451723527136,-0.10968255642560189,0.7836885191372858
4096096096.096096,0.9872640562268084,-0.11133348511208821,0.791578358619409,0.010451885539897175,-39.61610709880094,-0.9123952361601205,0.010451885539897175,-39.61610709880094,-0.9123952361601205,0.987393393012685,-0.11019566239726139,0.7798775716358053
4102102102.1021023,0.987205028187193,-0.11185282577115452,0.7877296484528342,0.010541141845665078,-39.542246851896245,-0.9163756481280081,0.010541141845665078,-39.542246851896245,-0.9163756481280081,0.9873347901611303,-0.1107111945151159,0.7760630501621139
4108108108.108108,0.9871457290534115,-0.11237458283982675,0.7838773039667868,0.010631229511721756,-39.468330120111816,-0.9203568299987285,0.010631229511721756,-39.468330120111816,-0.9203568299987285,0.9872759124792657,-0.11122917514419789,0.7722449221750063
4114114114.1141143,0.9870861563415568,-0.11289877860892016,0.7800212935042974,0.010722159294090901,-39.39435489906784,-0.9243388347102772,0.010722159294090901,-39.39435489906784,-0.9243388347102772,0.9872167574381925,-0.11174962697091702,0.7684231547767614
4120120120.12012,0.9870263075317763,-0.1134254356929469,0.7761615850521724,0.010813942120090486,-39.3203191849297,-0.9283217152977181,0.010813942120090486,-39.3203191849297,-0.9283217152977181,0.9871573224726625,-0.11227257300899982,0.7645977147082097
4126126126.1261263,0.986966180067563,-0.11395457703650953,0.7722981462358897,0.010906589091516592,-39.246220974198664,-0.9323055249060919,0.010906589091516592,-39.246220974198664,-0.9323055249060919,0.9870976049803281,-0.11279803660625322,0.7607685683435009
4132132132.132132,0.9869057713550532,-0.11448622592064636,0.7684309443143911,0.01100011148789454,-39.17205826350453,-0.9362903168032775,0.01100011148789454,-39.17205826350453,-0.9362903168032775,0.9870376023210807,-0.11332604145054716,0.7569356816849375
4138138138.1381383,0.9868450787622901,-0.11502040596948386,0.7645599461747963,0.011094520769799443,-39.097829049399515,-0.9402761443929425,0.011094520769799443,-39.097829049399515,-0.9402761443929425,0.9869773118162607,-0.11385661157694538,0.753099020357627
4144144144.144144,0.9867840996184779,-0.1155571411569719,0.7606851183270197,0.011189828582247928,-39.02353132815336,-0.9442630612274904,0.011189828582247928,-39.02353132815336,-0.9442630612274904,0.9869167307479476,-0.11438977137411986,0.7492585496040816
4150150150.1501503,0.9867228312132125,-0.11609645581383252,0.756806426898273,0.01128604675816194,-38.94916309555019,-0.9482511210210052,0.01128604675816194,-38.94916309555019,-0.9482511210210052,0.9868558563581643,-0.11492554559153893,0.7454142342786895
4156156156.156156,0.9866612707956934,-0.11663837463467705,0.7529238376274868,0.011383187321907573,-38.87472234668619,-0.9522403776623299,0.011383187321907573,-38.87472234668619,-0.9522403776623299,0.98679468584811,-0.11546395934639928,0.7415660388421068
4162162162.1621623,0.9865994155739354,-0.11718292268513553,0.749037315859618,0.011481262492910019,-38.800207075768476,-0.9562308852280965,0.011481262492910019,-38.800207075768476,-0.9562308852280965,0.9867332163773122,-0.11600503813128117,0.7377139273555356
4168168168.168168,0.986537262713928,-0.1177301254094402,0.7451468265398572,0.011580284689345972,-38.72561527591564,-0.9602226979958254,0.011580284689345972,-38.72561527591564,-0.9602226979958254,0.9866714450628442,-0.11654880782122444,0.7338578634749183
4174174174.1741743,0.9864748093387907,-0.11828000863806566,0.7412523342077343,0.01168026653191716,-38.65094493895838,-0.9642158704571328,0.01168026653191716,-38.65094493895838,-0.9642158704571328,0.9866093689784473,-0.117095294681661,0.7299978104449591
4180180180.18018,0.9864120525279269,-0.11883259859537179,0.7373538029910977,0.011781220847704577,-38.576194055242176,-0.9682104573309063,0.011781220847704577,-38.576194055242176,-0.9682104573309063,0.986546985153677,-0.11764452537612782,0.7261337310931326
4186186186.1861863,0.9863489893161277,-0.11938792190770162,0.7334511966000002,0.01188316067410768,-38.501360613430016,-0.9722065135766427,0.01188316067410768,-38.501360613430016,-0.9722065135766427,0.9864842905730179,-0.11819652697427024,0.7222655878235141
4192192192.192192,0.98628561669266,-0.1199460056116248,0.7295444783204611,0.011986099262868794,-38.426442600306665,-0.9762040944077487,0.011986099262868794,-38.426442600306665,-0.9762040944077487,0.9864212821749552,-0.11875132696022991,0.7183933426105035
4198198198.1981983,0.9862219316003413,-0.12050687716229747,0.725633611008117,0.012090050084186418,-38.35143800058317,-0.9802032553050273,0.012090050084186418,-38.35143800058317,-0.9802032553050273,0.9863579568510353,-0.11930895324113391,0.7145169569924456
4204204204.204204,0.986157930934593,-0.12107056444202163,0.7217185570817486,0.01219502683091807,-38.27634479670269,-0.9842040520301131,0.01219502683091807,-38.27634479670269,-0.9842040520301131,0.9862943114449316,-0.1198694341555487,0.7106363920651498
4210210210.2102103,0.9860936115424561,-0.12163709576914135,0.7177992785166781,0.012301043422876249,-38.20116096864651,-0.9882065406391309,0.012301043422876249,-38.20116096864651,-0.9882065406391309,0.9862303427514747,-0.12043279848224628,0.7067516084752073
4216216216.216216,0.9860289702215917,-0.12220649990707834,0.713875736838066,0.012408114011218975,-38.12588449374107,-0.9922107774963154,0.012408114011218975,-38.12588449374107,-0.9922107774963154,0.9861660475155766,-0.12099907544991673,0.7028625664132995
4222222222.2222223,0.9859640037192573,-0.12277880607359029,0.7099478931140475,0.012516252982937645,-38.05051334646532,-0.9962168192878131,0.012516252982937645,-38.05051334646532,-0.9962168192878131,0.9861014224313136,-0.12156829474548705,0.6989692256072578
4228228228.228228,0.9858987087312557,-0.12335404395027069,0.7060157079487674,0.01262547496544444,-37.975045498258766,-1.0002247230355468,0.01262547496544444,-37.975045498258766,-1.0002247230355468,0.9860364641407474,-0.1221404865247546,0.6950715453151238
4234234234.2342343,0.9858330819008541,-0.12393224369232864,0.7020791414752636,0.012735794831262017,-37.89947891732987,-1.0042345461111613,0.012735794831262017,-37.89947891732987,-1.0042345461111613,0.9859711692329176,-0.12271568142151502,0.6911694843179276
4240240240.24024,0.985767119817674,-0.12451343593862038,0.6981381533482185,0.012847227702817727,-37.82381156846493,-1.00824634625012,0.012847227702817727,-37.82381156846493,-1.00824634625012,0.9859055342427451,-0.12329391055748463,0.6872630009124558
4246246246.2462463,0.9857008190165734,-0.12509765182176855,0.6941927027365722,0.012959788957345371,-37.748041412837246,-1.0122601815658876,0.012959788957345371,-37.748041412837246,-1.0122601815658876,0.9858395556498053,-0.12387520555337564,0.6833520529038161
4252252252.252252,0.9856341759764634,-0.12568492297885842,0.6902427483159922,0.013073494231897003,-37.67216640781656,-1.0162761105642504,0.013073494231897003,-37.67216640781656,-1.0162761105642504,0.9857732298772627,-0.12445959853856102,0.6794365975978418
4258258258.2582583,0.9855671871191299,-0.12627528156210216,0.6862882482611918,0.01318835942846735,-37.596184506778954,-1.020294192157709,0.01318835942846735,-37.596184506778954,-1.020294192157709,0.9857065532906107,-0.1250471221624572,0.6755165917934284
4264264264.264264,0.9854998488080018,-0.1268687602499797,0.6823291602381073,0.0133044007192344,-37.520093658916515,-1.0243144856801005,0.0133044007192344,-37.520093658916515,-1.0243144856801005,0.9856395221964517,-0.12563780960556878,0.6715919917746317
4270270270.2702703,0.9854321573469011,-0.1274653922585468,0.6783654413959086,0.013421634551918289,-37.44389180904752,-1.0283370509012246,0.013421634551918289,-37.44389180904752,-1.0283370509012246,0.9855721328412604,-0.1262316945906779,0.667662753302635
4276276276.276276,0.9853641089787535,-0.12806521135310792,0.6743970483588719,0.013540077655262274,-37.367576897426375,-1.032361948041736,0.013540077655262274,-37.367576897426375,-1.032361948041736,0.9855043814100467,-0.12682881139494237,0.6637288316076345
4282282282.2822824,0.9852956998842647,-0.12866825186018677,0.6704239372180741,0.013659747044638067,-37.291146859553905,-1.0363892377880781,0.013659747044638067,-37.291146859553905,-1.0363892377880781,0.9854362640251004,-0.12742919486126628,0.6597901813804384
4288288288.288288,0.9852269261805697,-0.1292745486797578,0.6664460635229248,0.013780660027779784,-37.214599625987226,-1.0404189813076217,0.013780660027779784,-37.214599625987226,-1.0404189813076217,0.9853677767445551,-0.12803288041128671,0.6558467567639931
4294294294.2942944,0.9851577839198283,-0.12988413729795406,0.6624633822725452,0.01390283421064926,-37.13793312214957,-1.0444512402639634,0.01390283421064926,-37.13793312214957,-1.0444512402639634,0.9852989155610303,-0.12863990405767156,0.6518985113447112
4300300300.300301,0.9850882690878177,-0.13049705379981147,0.6584758479069484,0.014026287503435238,-37.06114526814046,-1.0484860768323583,0.014026287503435238,-37.06114526814046,-1.0484860768323583,0.9852296764001928,-0.1292503024171455,0.6479453981436268
4306306306.306306,0.9850183776024501,-0.13111333488268298,0.6544834142980704,0.014151038126692456,-36.98423397854468,-1.0525235537153326,0.014151038126692456,-36.98423397854468,-1.0525235537153326,0.9851600551192797,-0.12986411272385742,0.6439873696073682
4312312312.312312,0.984948105312268,-0.13173301786987007,0.6504860347406008,0.014277104617621121,-36.90719716224196,-1.0565637341584722,0.014277104617621121,-36.90719716224196,-1.0565637341584722,0.985090047505608,-0.13048137284288752,0.6400243775989325
4318318318.318318,0.9848774479949047,-0.13235614072455282,0.64648366194264,0.01440450583649287,-36.83003272221566,-1.0606066819663769,0.01440450583649287,-36.83003272221566,-1.0606066819663769,0.9850196492749891,-0.1311021212845917,0.636056373388367
4324324324.324325,0.9848064013555067,-0.13298274206409066,0.6424762480161531,0.014533260973225635,-36.7527385553615,-1.0646524615188109,0.014533260973225635,-36.7527385553615,-1.0646524615188109,0.984948856070154,-0.1317263972188703,0.6320833076431043
4330330330.33033,0.9847349610250759,-0.13361286117502033,0.6384637444672381,0.014663389554112715,-36.67531255229525,-1.0687011377870568,0.014663389554112715,-36.67531255229525,-1.0687011377870568,0.9848776634591307,-0.1323542404898716,0.6281051304182512
4336336336.336336,0.9846631225588246,-0.13424653802796765,0.6344461021862061,0.014794911448708108,-36.59775259716061,-1.0727527763504363,0.014794911448708108,-36.59775259716061,-1.0727527763504363,0.9848060669335698,-0.1329856916311587,0.6241217911465691
4342342342.342342,0.9845908814344448,-0.13488381329332333,0.6304232714374358,0.014927846876874278,-36.52005656743599,-1.0768074434130512,0.014927846876874278,-36.52005656743599,-1.0768074434130512,0.9847340619069589,-0.1336207918818703,0.6201332386283401
4348348348.348349,0.9845182330503391,-0.13552472835726814,0.6263952018490226,0.015062216415995602,-36.44222233374082,-1.0808652058207366,0.015062216415995602,-36.44222233374082,-1.0808652058207366,0.9846616437129453,-0.13425958320194747,0.6161394210209373
4354354354.354355,0.9844451727238164,-0.13616932533812418,0.6223618424022391,0.015198041008361802,-36.364247759641295,-1.084926131078234,0.015198041008361802,-36.364247759641295,-1.084926131078234,0.9845888076034409,-0.1349021082892837,0.612140285828247
4360360360.36036,0.9843716956892211,-0.13681764710330435,0.6183231414207309,0.015335341968726681,-36.28613070145506,-1.0889902873665671,0.015335341968726681,-36.28613070145506,-1.0889902873665671,0.9845155487467944,-0.13554841059630393,0.6081357798898447
4366366366.366366,0.9842977970960167,-0.13746973728668496,0.614279046559537,0.015474140992046114,-36.20786900805531,-1.0930577435606608,0.015474140992046114,-36.20786900805531,-1.0930577435606608,0.984441862225845,-0.13619853434759643,0.6041258493699376
4372372372.372373,0.9842234720068285,-0.13812564030634553,0.6102295047938354,0.015614460161400357,-36.12946052067399,-1.0971285692472084,0.015614460161400357,-36.12946052067399,-1.0971285692472084,0.9843677430359713,-0.13685252455760852,0.6001104397460836
4378378378.378378,0.9841487153954095,-0.13878540138300463,0.6061744624074819,0.015756321956105972,-36.05090307270386,-1.1012028347427758,0.015756321956105972,-36.05090307270386,-1.1012028347427758,0.9842931860830504,-0.13751042704914715,0.5960894957976961
4384384384.384384,0.9840735221445671,-0.13944906655882164,0.6021138649813013,0.0158997492600219,-35.9721944894998,-1.105280611112127,0.0158997492600219,-35.9721944894998,-1.105280611112127,0.9842181861813836,-0.13817228847218738,0.5920629615942401
4390390390.39039,0.9839978870440191,-0.14011668271683286,0.5980476573811099,0.01604476537005556,-35.89333258817878,-1.10936197018686,0.01604476537005556,-35.89333258817878,-1.10936197018686,0.984142738051538,-0.1388381563234441,0.5880307804832774
4396396396.396397,0.9839218047882087,-0.1407882976007702,0.5939757837455136,0.016191394004873714,-35.814315177419004,-1.1134469845842774,0.016191394004873714,-35.814315177419004,-1.1134469845842774,0.9840668363181355,-0.13950807896642217,0.5839928950781755
4402402402.402403,0.9838452699740398,-0.141463959835597,0.5898981874734163,0.0163396593138247,-35.73514005725746,-1.1175357277265203,0.0163396593138247,-35.73514005725746,-1.1175357277265203,0.9839904755076347,-0.14018210565155,0.5799492472455691
4408408408.408408,0.9837682770985463,-0.1421437189486502,0.5858148112112879,0.016489585886076668,-35.655805018886554,-1.1216282738600327,0.016489585886076668,-35.655805018886554,-1.1216282738600327,0.9839136500459564,-0.1408602865377072,0.5758997780925929
4414414414.414414,0.9836908205565079,-0.14282762539127056,0.5817255968401304,0.016641198759979086,-35.576307844448955,-1.1257246980752504,0.016641198759979086,-35.576307844448955,-1.1257246980752504,0.9838363542560894,-0.14154267271394877,0.5718444279538002
4420420420.420421,0.9836128946380003,-0.14351573056103004,0.5776304854621741,0.016794523432651736,-35.49664630683171,-1.1298250763266517,0.016794523432651736,-35.49664630683171,-1.1298250763266517,0.9837585823556688,-0.14222931622148977,0.5677831363778061
4426426426.426426,0.9835344935258553,-0.14420808682477593,0.5735294173872931,0.016949585869810022,-35.41681816945807,-1.1339294854530637,0.016949585869810022,-35.41681816945807,-1.1339294854530637,0.9836803284543861,-0.1429202700771986,0.563715842113644
4432432432.432432,0.9834556112930641,-0.14490474754220103,0.5694223321191114,0.01710641251583093,-35.33682118607837,-1.1380380031983197,0.01710641251583093,-35.33682118607837,-1.1380380031983197,0.9836015865514383,-0.14361558829676319,0.5596424830968453
4438438438.438438,0.983376241900099,-0.14560576709015124,0.5653091683408056,0.017265030304067387,-35.25665310055906,-1.1421507082322335,0.017265030304067387,-35.25665310055906,-1.1421507082322335,0.9835223505327839,-0.14431532591958282,0.5555629964351739
4444444444.444445,0.9832963791921657,-0.14631120088756824,0.5611898639005956,0.017425466667418458,-35.17631164666982,-1.146267680171893,0.017425466667418458,-35.17631164666982,-1.146267680171893,0.9834426141684395,-0.14501953903333387,0.5514773183940845
4450450450.450451,0.983216016896366,-0.14702110542125468,0.5570643557969267,0.017587749549160585,-35.095794547869446,-1.1503889996033057,0.017587749549160585,-35.095794547869446,-1.1503889996033057,0.9833623711096028,-0.14572828480007743,0.5473853843818395
4456456456.456456,0.9831351486187696,-0.14773553827245325,0.5529325801633058,0.0177519074140503,-35.01509951708914,-1.1545147481034188,0.0177519074140503,-35.01509951708914,-1.1545147481034188,0.9832816148857607,-0.14644162148253587,0.5432871289342885
4462462462.462462,0.9830537678414311,-0.14845455814395042,0.5487944722527978,0.017917969259702706,-34.93422425651457,-1.1586450082624704,0.017917969259702706,-34.93422425651457,-1.1586450082624704,0.9832003389016248,-0.14715960847191215,0.5391824856993407
4468468468.468469,0.982971867919282,-0.14917822488829452,0.5446499664221983,0.018085964628255787,-34.85316645736563,-1.1627798637067146,0.018085964628255787,-34.85316645736563,-1.1627798637067146,0.9831185364341253,-0.14788230631522217,0.5350713874210619
4474474474.474475,0.9828894420769511,-0.1499065995366896,0.5404989961158237,0.01825592361832893,-34.771923799673715,-1.1669193991215885,0.01825592361832893,-34.771923799673715,-1.1669193991215885,0.9830362006291324,-0.14860977674505751,0.5309537659234188
4480480480.48048,0.9828064834054882,-0.1506397443287543,0.5363414938489565,0.018427876897281186,-34.69049395205773,-1.1710637002751862,0.018427876897281186,-34.69049395205773,-1.1710637002751862,0.9829533244981927,-0.14934208270925328,0.5268295520936815
4486486486.486486,0.9827229848589879,-0.15137772274320838,0.5321773911908864,0.018601855713781697,-34.60887457149694,-1.1752128540422073,0.018601855713781697,-34.60887457149694,-1.1752128540422073,0.9828699009151962,-0.1500792884011865,0.5226986758653976
4492492492.492493,0.982638939251112,-0.15212059952947726,0.5280066187476071,0.018777891910698553,-34.527063303101954,-1.179366948428291,0.018777891910698553,-34.527063303101954,-1.179366948428291,0.9827859226128408,-0.15082145929190294,0.5185610662010536
4498498498.498499,0.9825543392514965,-0.15286844074034747,0.5238291061440793,0.018956017938316055,-34.44505777988321,-1.183526072594807,0.018956017938316055,-34.44505777988321,-1.183526072594807,0.9827013821790439,-0.1515686621627398,0.5144166510742754
4504504504.504504,0.9824691773820793,-0.1536213137653579,0.5196447820060992,0.01913626686788975,-34.36285562251702,-1.187690316884042,0.01913626686788975,-34.36285562251702,-1.187690316884042,0.9826162720532738,-0.15232096513868948,0.5102653574516405
4510510510.51051,0.9823834460132788,-0.1543792873655431,0.5154535739417583,0.0193186724055503,-34.28045443910857,-1.1918597728448996,0.0193186724055503,-34.28045443910857,-1.1918597728448996,0.9825305845227356,-0.15307843772308688,0.5061071112740886
4516516516.516517,0.982297137360083,-0.1551424317090006,0.5112554085224634,0.01950326890656336,-34.197851824953005,-1.19603453325902,0.01950326890656336,-34.197851824953005,-1.19603453325902,0.9824443117184162,-0.1538411508335694,0.5019418374378867
4522522522.522523,0.9822102434780033,-0.1559108184076922,0.5070502112635159,0.019690091389959436,-34.11504536229302,-1.2002146921674004,0.019690091389959436,-34.11504536229302,-1.2002146921674004,0.9823574456110831,-0.15460917683849396,0.4977694597751653
4528528528.528528,0.9821227562589157,-0.15668452055528237,0.5028379066042339,0.0198791755535421,-34.03203262007383,-1.2044003448975282,0.0198791755535421,-34.03203262007383,-1.2044003448975282,0.9822699780070715,-0.15538258959525297,0.49358990103395284
4534534534.534534,0.9820346674267671,-0.15746361276619605,0.49861841788761757,0.020070557789286604,-33.94881115369519,-1.2085915880909677,0.020070557789286604,-33.94881115369519,-1.2085915880909677,0.9821819005439908,-0.1561614644893498,0.4894030828578581
4540540540.540541,0.9819459685331431,-0.15824817121596338,0.49439166733952644,0.020264275199139918,-33.86537850476042,-1.212788519731555,0.020264275199139918,-33.86537850476042,-1.212788519731555,0.9820932046863239,-0.15694587847445862,0.4852089257650795
4546546546.546547,0.9818566509527016,-0.15903827368277032,0.49015757604736954,0.02046036561123504,-33.78173220082202,-1.2169912391740298,0.02046036561123504,-33.78173220082202,-1.2169912391740298,0.9820038817208299,-0.15773591011426916,0.48100734912717386
4552552552.552552,0.981766705878476,-0.15983399959022526,0.4859160639382858,0.020658867596531003,-33.69786975512409,-1.2211998471733265,0.020658867596531003,-33.69786975512409,-1.2211998471733265,0.9819139227518302,-0.15853163962540462,0.47679827114707074
4558558558.558558,0.981676124317003,-0.16063543005171527,0.4816670497567962,0.02085982048589114,-33.61378866634159,-1.22541444591434,0.02085982048589114,-33.61378866634159,-1.22541444591434,0.9818233186963436,-0.15933314892172512,0.4725816088367316
4564564564.564565,0.9815848970833186,-0.16144264791597418,0.47741045104193397,0.021063264387614366,-33.52948641831554,-1.229635139042358,0.021063264387614366,-33.52948641831554,-1.229635139042358,0.9817320602790947,-0.16014052165979742,0.46835727799421045
4570570570.570571,0.9814930147957961,-0.1622557378141053,0.4731461841038105,0.021269240205430053,-33.44496047978541,-1.2338620316940405,0.021269240205430053,-33.44496047978541,-1.2338620316940405,0.981640138027308,-0.16095384328630669,0.46412519318015777
4576576576.576576,0.9814004678707953,-0.16307478620831875,0.4688741639996295,0.021477789656974146,-33.36020830411693,-1.2380952305290531,0.021477789656974146,-33.36020830411693,-1.2380952305290531,0.9815475422653793,-0.16177320108661783,0.4598852676937799
4582582582.582582,0.9813072465171709,-0.16389988144197493,0.4645943045090952,0.021688955292757633,-33.27522732902687,-1.2423348437623252,0.021688955292757633,-33.27522732902687,-1.2423348437623252,0.9814542631093606,-0.16259868423503088,0.4556374135482175
4588588588.588589,0.9812133407305837,-0.16473111379142852,0.4603065181092443,0.02190278051564485,-33.1900149763033,-1.2465809811969786,0.02190278051564485,-33.1900149763033,-1.2465809811969786,0.9813602904613111,-0.16343038384627837,0.4513815414452752
4594594594.594595,0.9811187402876318,-0.16556857551951987,0.4560107159486382,0.022119309600856323,-33.10456865152191,-1.2508337542579124,0.022119309600856323,-33.10456865152191,-1.2508337542579124,0.9812656140033329,-0.16426839302988178,0.4471175607496028
4600600600.6006,0.9810234347398,-0.1664123609307391,0.45170680782093997,0.022338587716510757,-33.01888574375848,-1.2550932760261284,0.022338587716510757,-33.01888574375848,-1.2550932760261284,0.9811702231916252,-0.1651128069443929,0.4428453794622109
4606606606.6066065,0.9809274134072017,-0.1672625664282955,0.44739470213781973,0.02256066094472625,-32.9329636252963,-1.2593596612737188,0.02256066094472625,-32.9329636252963,-1.2593596612737188,0.981074107250117,-0.1659637228554388,0.4385649041932919
4612612612.612613,0.9808306653721088,-0.16811929057312008,0.4430743059011991,0.022785576303292993,-32.84679965133014,-1.2636330264996571,0.022785576303292993,-32.84679965133014,-1.2636330264996571,0.9809772551640952,-0.16682124019387404,0.4342760401344344
4618618618.618619,0.9807331794723015,-0.16898263414454273,0.43874552467479366,0.023013381767940436,-32.760391159664614,-1.2679134899662998,0.023013381767940436,-32.760391159664614,-1.2679134899662998,0.9808796556734307,-0.16768546061755452,0.42997869103012276
4624624624.624624,0.9806349442941537,-0.16985270020337428,0.43440826255494924,0.023244126295212605,-32.67373547040878,-1.2722011717366872,0.023244126295212605,-32.67373547040878,-1.2722011717366872,0.9807812972657904,-0.16855648807331858,0.42567275914848635
4630630630.6306305,0.980535948165524,-0.1707295941567865,0.430062422140729,0.02347785984597498,-32.58682988566488,-1.2764961937127022,0.02347785984597498,-32.58682988566488,-1.2764961937127022,0.9806821681694079,-0.16943442886294413,0.4213581452513677
4636636636.636637,0.980436179148391,-0.1716134238255443,0.42570790450326146,0.02371463340956748,-32.499671689213315,-1.2807986796739776,0.02371463340956748,-32.499671689213315,-1.2807986796739776,0.980582256345788,-0.17031939170977242,0.4170347485635872
4642642642.642643,0.9803356250312449,-0.1725042995134622,0.4213446091543083,0.02395449902862992,-32.41225814619116,-1.2851087553177452,0.02395449902862992,-32.41225814619116,-1.2851087553177452,0.9804815494820445,-0.17121148782866602,0.4127024667414861
4648648648.648648,0.9802342733212347,-0.1734023340791281,0.4169724340139894,0.02419750982461482,-32.324586502766635,-1.2894265482995115,0.02419750982461482,-32.324586502766635,-1.2894265482995115,0.9803800349830939,-0.1721108309973236,0.40836119584058317
4654654654.6546545,0.9801321112360235,-0.17430764301028767,0.412591275377752,0.024443720024015108,-32.23665398580715,-1.293752188274697,0.024443720024015108,-32.23665398580715,-1.293752188274697,0.9802776999634785,-0.17301753763097297,0.40401083028247586
4660660660.660661,0.9800291256953995,-0.17522034450049806,0.4082010278824143,0.02469318498532418,-32.14845780254255,-1.2980858069411751,0.02469318498532418,-32.14845780254255,-1.2980858069411751,0.9801745312389636,-0.17393172685915298,0.3996512628208739
4666666666.666667,0.9799253033125729,-0.1761405595286531,0.40380158447137926,0.024945961226756384,-32.059995140221965,-1.302427538082811,0.024945961226756384,-32.059995140221965,-1.302427538082811,0.9800705153178451,-0.17485352060516668,0.3952823845067428
4672672672.672672,0.979820630385203,-0.1770684119410089,0.3993928363589141,0.025202106454747842,-31.971263165765333,-1.306777517613982,0.025202106454747842,-31.971263165765333,-1.306777517613982,0.9799656383919702,-0.17578304366817155,0.3909040846525163
4678678678.6786785,0.9797150928860743,-0.1780040285364186,0.394974672993521,0.025461679593266177,-31.88225902540852,-1.311135883625165,0.025461679593266177,-31.88225902540852,-1.311135883625165,0.9798598863274233,-0.17672042380834987,0.38651625079543606
4684684684.684685,0.9796086764534989,-0.1789475391541116,0.3905469820203197,0.02572474081395319,-31.79297984434225,-1.3155027764295457,0.02572474081395319,-31.79297984434225,-1.3155027764295457,0.9797532446548914,-0.17766579183502787,0.38211876865989086
4690690690.690691,0.9795013663813463,-0.17989907676488676,0.38610964924244573,0.025991351567127976,-31.70342272634472,-1.3198783386107622,0.025991351567127976,-31.70342272634472,-1.3198783386107622,0.9796456985597245,-0.17861928169761854,0.3777115221187637
4696696696.696697,0.979393147608745,-0.1808587775653387,0.38166255858144627,0.02626157461367791,-31.613584753407768,-1.3242627150717645,0.02626157461367791,-31.613584753407768,-1.3242627150717645,0.9795372328716289,-0.1795810305799342,0.37329439315375895
4702702702.7027025,0.9792840047094228,-0.1818267810754119,0.3772055920365814,0.026535474057867908,-31.523462985355874,-1.3286560530848612,0.026535474057867908,-31.523462985355874,-1.3286560530848612,0.9794278320539826,-0.18055117899798473,0.36886726181471574
4708708708.708709,0.9791739218806595,-0.1828032302395308,0.3727386296430744,0.026813115381095685,-31.43305445945871,-1.3330585023429522,0.026813115381095685,-31.43305445945871,-1.3330585023429522,0.9793174801928191,-0.18152987090085054,0.3644300061777313
4714714714.714715,0.9790628829318526,-0.1837882715312961,0.36826154942921313,0.027094565476626538,-31.342356190036085,-1.337470215012038,0.027094565476626538,-31.342356190036085,-1.337470215012038,0.9792061609853493,-0.18251725377577852,0.3599825023022915
4720720720.72072,0.9789508712726891,-0.18478205506181833,0.36377422737229675,0.027379892685336436,-31.251365168056317,-1.3418913457849995,0.027379892685336436,-31.251365168056317,-1.3418913457849995,0.9790938577281925,-0.183513478756024,0.3555246241871529
4726726726.726727,0.9788378699008732,-0.18578473469214923,0.35927653735339904,0.02766916683250242,-31.160078360725933,-1.3463220519367078,0.02766916683250242,-31.160078360725933,-1.3463220519367078,0.9789805533050625,-0.18451870073366125,0.35105624372504884
4732732732.732733,0.9787238613894347,-0.18679646814958845,0.35476835111088956,0.027962459265667695,-31.068492711072935,-1.3507624933805153,0.027962459265667695,-31.068492711072935,-1.3507624933805153,0.9788662301740496,-0.18553307847615247,0.3465772306562007
4738738738.738739,0.9786088278735527,-0.18781741714845862,0.35024953819267285,0.028259842893623835,-30.976605137521247,-1.3552128327261603,0.028259842893623835,-30.976605137521247,-1.3552128327261603,0.9787508703545064,-0.1865567747465917,0.3420874525205041
4744744744.744745,0.9784927510369383,-0.18884774751497133,0.3457199659071228,0.0285613922265436,-30.884412533457393,-1.3596732353391485,0.0285613922265436,-30.884412533457393,-1.3596732353391485,0.9786344554133841,-0.1875899564290029,0.33758677460842396
4750750750.750751,0.9783756120976767,-0.1898876293170691,0.34117949927265523,0.02886718341730404,-30.791911766788832,-1.3641438694016301,0.02886718341730404,-30.791911766788832,-1.3641438694016301,0.978516966451108,-0.18863279465791732,0.3330750599105634
4756756756.756757,0.9782573917935998,-0.19093723699862936,0.3366280009659004,0.029177294304040816,-30.699099679493486,-1.368624905974866,0.029177294304040816,-30.699099679493486,-1.368624905974866,0.9783983840869165,-0.1896854649528952,0.3285521690657603
4762762762.762763,0.9781380703670653,-0.19199674951914547,0.33206533126842186,0.02949180445397287,-30.60597308716102,-1.3731165190632928,0.02949180445397287,-30.60597308716102,-1.3731165190632928,0.9782786884436794,-0.19074814735788392,0.32401796030782193
4768768768.768768,0.9780176275492332,-0.19306635049806992,0.3274913480119495,0.029810795208544544,-30.51252877852443,-1.3776188856802711,0.029810795208544544,-30.51252877852443,-1.3776188856802711,0.9781578591321409,-0.19182102658588768,0.31947228941069444
4774774774.774775,0.9778960425437104,-0.19414622836499443,0.32290590652205065,0.03013434972992603,-30.418763514982885,-1.3821321859155573,0.03013434972992603,-30.418763514982885,-1.3821321859155573,0.978035875234603,-0.19290429216883542,0.3149150096321491
4780780780.780781,0.9777732940096021,-0.19523657651533996,0.318308859560216,0.030462553048921082,-30.324674030114917,-1.3866566030045648,0.030462553048921082,-30.324674030114917,-1.3866566030045648,0.9779127152879434,-0.1939981386135858,0.31034597165580946
4786786786.786787,0.9776493600439395,-0.19633759347181506,0.3137000572643059,0.030795492114329755,-30.230257029181814,-1.3911923233994845,0.030795492114329755,-30.230257029181814,-1.3911923233994845,0.9777883572660786,-0.19510276556311365,0.30576502353161694
4792792792.792793,0.9775242181634262,-0.197449483052197,0.3090793470872612,0.031133255843816102,-30.135509188621118,-1.3957395368422962,0.031133255843816102,-30.135509188621118,-1.3957395368422962,0.9776627785616961,-0.19621837796443808,0.3011720106144762
4798798798.798799,0.9773978452854996,-0.19857245454345698,0.3044465737340761,0.03147593517633272,-30.040427155529912,-1.4002984364397784,0.03147593517633272,-30.040427155529912,-1.4002984364397784,0.9775359559673309,-0.19734518624265632,0.29656677550127736
4804804804.804805,0.9772702177086783,-0.19970672288252275,0.29980157909694566,0.03182362312615746,-29.94500754713748,-1.4048692187405605,0.03182362312615746,-29.94500754713748,-1.4048692187405605,0.9774078656557149,-0.19848340648171175,0.2919491579659896
4810810810.810811,0.9771413110921551,-0.20085250884403677,0.29514420218851173,0.03217641483859687,-29.84924695026733,-1.4094520838142817,0.03217641483859687,-29.84924695026733,-1.4094520838142817,0.9772784831593775,-0.1996332606121268,0.28731899489292817
4816816816.816816,0.9770111004345929,-0.20201003923551203,0.2904742790731901,0.03253440764741594,-29.75314192078816,-1.4140472353329614,0.03253440764741594,-29.75314192078816,-1.4140472353329614,0.9771477833494657,-0.20079497660597684,0.2826761202080521
4822822822.822823,0.9768795600521283,-0.20317954709986547,0.2857916427964448,0.03289770113405419,-29.656688983053563,-1.4186548806546295,0.03289770113405419,-29.656688983053563,-1.4186548806546295,0.9770157404137111,-0.20196878867978704,0.27802036480827
4828828828.828829,0.9767466635554921,-0.2043612719261387,0.28109612331200656,0.03326639718869292,-29.5598846293298,-1.423275230909304,0.03326639718869292,-29.5598846293298,-1.423275230909304,0.9768823278336226,-0.20315493750465213,0.27335155648866866
4834834834.834835,0.9766123838262545,-0.20555545986837892,0.27638754740692456,0.03364060007323512,-29.462725319212353,-1.427908501087404,0.03364060007323512,-29.462725319212353,-1.427908501087404,0.9767475183606833,-0.20435367042558508,0.2686695198675256
4840840840.840841,0.976476692992148,-0.20676236397309286,0.2716657386243814,0.03402041648627136,-29.365207479029685,-1.4325549101306876,0.03402041648627136,-29.365207479029685,-1.4325549101306876,0.9766112839917472,-0.20556524168835935,0.2639740763092056
4846846846.846847,0.9763395624013899,-0.2079822444160132,0.26693051718420285,0.034405955630098975,-29.267327501234792,-1.4372146810257973,0.034405955630098975,-29.267327501234792,-1.4372146810257973,0.9764735959433052,-0.20678991267682068,0.259265043844665
4852852852.852853,0.9762009625960199,-0.20921536874804192,0.26218169990096923,0.03479732927986944,-29.169081743783924,-1.441888040900508,0.03479732927986944,-29.169081743783924,-1.441888040900508,0.9763344246248908,-0.20802795215827038,0.25454223708957757
4858858858.858859,0.9760608632841465,-0.2104620121513577,0.257419100099665,0.03519465185493978,-29.07046652950242,-1.4465752211227771,0.03519465185493978,-29.07046652950242,-1.4465752211227771,0.9761937396113187,-0.20927963653969367,0.24980546716004112
4864864864.864864,0.9759192333111119,-0.21172245770561915,0.2526425275287513,0.03559804049250991,-28.971478145436688,-1.4512764574027117,0.03559804049250991,-28.971478145436688,-1.4512764574027117,0.97605150961389,-0.21054525013364594,0.24505454158564705
4870870870.870871,0.975776040629485,-0.21299699666508504,0.24785178827057422,0.036007615123625214,-28.87211284219309,-1.45599198989751,0.036007615123625214,-28.87211284219309,-1.45599198989751,0.975907702450366,-0.21182508543560577,0.24028926421998698
4876876876.876877,0.9756312522678376,-0.21428592874710622,0.24304668464906268,0.036423498551634965,-28.772366833262083,-1.4607220633195805,0.036423498551634965,-28.772366833262083,-1.4607220633195805,0.9757622850137878,-0.2131194434121268,0.23550943514838493
4882882882.882883,0.9754848342982629,-0.21558956243235872,0.23822701513453076,0.036845816533192174,-28.67223629432857,-1.4654669270478387,0.036845816533192174,-28.67223629432857,-1.4654669270478387,0.9756152232400103,-0.21442863380099336,0.23071485059271746
4888888888.888889,0.9753367518025583,-0.21690821527755405,0.2333925742455554,0.03727469786189173,-28.571717362567096,-1.4702268352424064,0.03727469786189173,-28.571717362567096,-1.4702268352424064,0.9754664820739315,-0.2157529754235727,0.22590530281340288
4894894894.894895,0.9751869688370397,-0.21824221424095788,0.2285431524477924,0.03771027445464096,-28.47080613592241,-1.4750020469627463,0.03771027445464096,-28.47080613592241,-1.4750020469627463,0.9753160254342823,-0.2170927965106169,0.22108058000829073
4900900900.900901,0.9750354483958833,-0.2195918960216759,0.2236785360496117,0.03815268144086761,-28.369498672374117,-1.4797928262894584,0.03815268144086761,-28.369498672374117,-1.4797928262894584,0.9751638161770314,-0.21844843504104608,0.21624046620835305
4906906906.906907,0.9748821523729604,-0.22095760741305043,0.21879850709446233,0.03860205725466631,-28.267790989186047,-1.4845994424497686,0.03860205725466631,-28.267790989186047,-1.4845994424497686,0.9750098160572582,-0.21982023909507437,0.21138474117013648
4912912912.912913,0.9747270415220907,-0.22233970567087796,0.21390284324981468,0.0390585437299973,-28.165679062139127,-1.4894221699469572,0.0390585437299973,-28.165679062139127,-1.4894221699469572,0.9748539856893909,-0.2212085672226331,0.2065131802648498
4918918918.918919,0.9745700754156085,-0.22373855889742947,0.2089913176925851,0.03952228619904839,-28.0631588247481,-1.494261288693774,0.03952228619904839,-28.0631588247481,-1.494261288693774,0.9746962845058783,-0.2226137888265189,0.20162555436383772
4924924924.924925,0.9744112124012163,-0.2251545464415503,0.20406369899087645,0.039993433593882376,-27.960226167461066,-1.4991170841500836,0.039993433593882376,-27.960226167461066,-1.4991170841500836,0.9745366707139734,-0.2240362845631982,0.19672162972048435
4930930930.930931,0.9742504095569773,-0.22658805931621134,0.19911975098193999,0.040472138551490795,-27.856876936842067,-1.503989847464827,0.040472138551490795,-27.856876936842067,-1.503989847464827,0.9743751012508896,-0.22547644675897388,0.19180116784829263
4936936936.936937,0.974087622644439,-0.22803950063363107,0.19415923264618307,0.04095855752238527,-27.75310693473609,-1.5088798756225197,0.04095855752238527,-27.75310693473609,-1.5088798756225197,0.9742115317368518,-0.22693467984583673,0.186863925395017
4942942942.942943,0.973922806059707,-0.22950928605964976,0.18918189797708387,0.041452850882861395,-27.648911917415823,-1.513787471594428,0.041452850882861395,-27.648911917415823,-1.513787471594428,0.9740459164262998,-0.22841140081477246,0.18190965401274448
4948948948.948949,0.973755912782451,-0.2309978442875599,0.18418749584685143,0.041955183051073715,-27.544287594710365,-1.5187129444946355,0.041955183051073715,-27.544287594710365,-1.5187129444946355,0.9738782081568554,-0.22990703969002424,0.17693810022374912
4954954954.954955,0.9735868943226982,-0.2325056175327622,0.1791757698677066,0.04246572260706934,-27.439229629115115,-1.523656609741144,0.04246572260706934,-27.439229629115115,-1.523656609741144,0.9737083582962682,-0.23142204002249034,0.17194900528187895
4960960960.960961,0.9734157006653055,-0.23403306204928165,0.1741464582485572,0.04298464241693206,-27.333733634882627,-1.528618789222264,0.04298464241693206,-27.333733634882627,-1.528618789222264,0.973536316686834,-0.23295685940680994,0.1669421050295042
4966966966.966967,0.9732422802120302,-0.23558064866892842,0.1690992936469304,0.04351211976119777,-27.227795177093704,-1.533599811468455,0.04351211976119777,-27.227795177093704,-1.533599811468455,0.9733620315875929,-0.23451197001949603,0.1619171297495939
4972972972.972973,0.9730665797210472,-0.2371488633645452,0.1640340030159733,0.04404833646770334,-27.121409770709054,-1.5386000118298577,0.04404833646770334,-27.121409770709054,-1.5386000118298577,0.9731854496138759,-0.23608785918202363,0.15687380401298195
4978978978.978979,0.9728885442437825,-0.2387382078385794,0.1589503074463341,0.04459347904904549,-27.014572879600358,-1.543619732659731,0.04459347904904549,-27.014572879600358,-1.543619732659731,0.9730065156742366,-0.2376850299486395,0.15181184652047053
4984984984.984985,0.9727081170589778,-0.2403492001378401,0.1538479220026974,0.04514773884482819,-26.907279915560824,-1.5486593235040411,0.04514773884482819,-26.907279915560824,-1.5486593235040411,0.9728251729045134,-0.23930400172125665,0.14673096993961351
4990990990.990991,0.9725252396038038,-0.24198237529615255,0.1487265555547957,0.045711312168886443,-26.799526237294792,-1.553719141297441,0.045711312168886443,-26.799526237294792,-1.553719141297441,0.972641362599074,-0.2409453108910631,0.14163088073601388
4996996996.996997,0.9723398514018685,-0.24363828600639456,0.14358591060268708,0.046284400461684395,-26.691307149385747,-1.558799550565899,0.046284400461684395,-26.691307149385747,-1.558799550565899,0.9724550241388735,-0.24260951151023516,0.13651127899888685
5003003003.003003,0.9721518899880001,-0.24531750332309454,0.1384256830960214,0.04686721044808937,-26.582617901242955,-1.5639009236362398,0.04686721044808937,-26.582617901242955,-1.5639009236362398,0.9722660949163394,-0.2442971759937644,0.13137185826066874
5009009009.009009,0.9719612908296297,-0.247020617397267,0.13324556224712072,0.04745995430073997,-26.473453686025522,-1.5690236408529024,0.04745995430073997,-26.473453686025522,-1.5690236408529024,0.9720745102568124,-0.2460088958539128,0.12621230531036115
5015015015.015015,0.9717679872445678,-0.24874823824546305,0.12804523033758122,0.04806284980922625,-26.36380963954446,-1.5741680908021762,0.04806284980922625,-26.36380963954446,-1.5741680908021762,0.9718802033364328,-0.24774528246842437,0.12103230000058039
5021021021.021021,0.9715719103150312,-0.2505009965544378,0.12282436251814965,0.04867612055532052,-26.253680839141328,-1.5793346705442473,0.04867612055532052,-26.253680839141328,-1.5793346705442473,0.9716831050962469,-0.24950696788464133,0.11583151504774868
5027027027.027027,0.9713729887977193,-0.2522795445233832,0.11758262660162776,0.04929999609449455,-26.14306230254446,-1.5845237858533778,0.04929999609449455,-26.14306230254446,-1.5845237858533778,0.9714831441524031,-0.251294605660825,0.110609615825416
5033033033.033033,0.971171149029708,-0.2540845567459505,0.11231968284848298,0.04993471214398443,-26.031948986701053,-1.5897358514665227,0.04993471214398443,-26.031948986701053,-1.5897358514665227,0.9712802467021444,-0.2531088717474678,0.10536626015032773
5039039039.039039,0.9709663148299686,-0.25591673113395563,0.10703518374490657,0.05058051077766211,-25.920335786585902,-1.594971291340777,0.05058051077766211,-25.920335786585902,-1.594971291340777,0.9710743364254512,-0.2549504654100638,0.10010109806090559
5045045045.045045,0.9707584073963031,-0.25777678988479924,0.10172877377296932,0.05123764062799412,-25.808217533985815,-1.6002305389200107,0.05123764062799412,-25.808217533985815,-1.6002305389200107,0.9708653343820601,-0.2568201101959689,0.09481377158793182
5051051051.051051,0.9705473451973854,-0.2596654804955811,0.09640008917260973,0.05190635709537416,-25.695588996259744,-1.6055140374110504,0.05190635709537416,-25.695588996259744,-1.6055140374110504,0.9706531589037236,-0.25871855494676016,0.0895039145170096
5057057057.057057,0.9703330438597221,-0.26158357682577466,0.09104875769505542,0.052586922565132,-25.58244487507438,-1.6108222400698478,0.052586922565132,-25.58244487507438,-1.6108222400698478,0.9704377254811822,-0.2606465748610066,0.08417115214257533
5063063063.063063,0.9701154160492355,-0.26353188021134855,0.08567439834738207,0.05327960663253375,-25.468779805114945,-1.6161556104980426,0.05327960663253375,-25.468779805114945,-1.6161556104980426,0.9702189466460185,-0.2626049726061823,0.078815101013002
5069069069.069069,0.9698943713471657,-0.26551122063327703,0.08027662112777637,0.05398468633610474,-25.354588352770683,-1.621514622950356,0.05398468633610474,-25.354588352770683,-1.621514622950356,0.9699967318466072,-0.26459457948697035,0.07343536866652847
5075075075.075075,0.9696698161200172,-0.26752245794316376,0.07485502675118873,0.05470244639961496,-25.239865014795605,-1.6268997626532844,0.05470244639961496,-25.239865014795605,-1.6268997626532844,0.969770987318322,-0.266616256668791,0.0680315533575373
5081081081.081081,0.9694416533831921,-0.26956648314944603,0.06940920636492817,0.0554331794830905,-25.124604216943656,-1.6323115261355865,0.0554331794830905,-25.124604216943656,-1.6323115261355865,0.9695416159472623,-0.26867089646341885,0.0626032437728471
5087087087.087088,0.9692097826580252,-0.27164421976703457,0.06393874125375754,0.056177186443224995,-25.008800312578558,-1.6377504215710705,0.056177186443224995,-25.008800312578558,-1.6377504215710705,0.9693085171274927,-0.27075942367704753,0.05715001873756659
5093093093.093093,0.9689740998217827,-0.2737566252346299,0.05844320253412431,0.05693477660358376,-24.89244758125824,-1.6432169691341978,0.05693477660358376,-24.89244758125824,-1.6432169691341978,0.9690715866112884,-0.272882797025669,0.05167144691010257
5099099099.099099,0.9687344969502999,-0.2759046924029722,0.05292215083695682,0.05770626803501126,-24.775540227293806,-1.648711701369092,0.05770626803501126,-24.775540227293806,-1.648711701369092,0.9688307163519022,-0.2750420106224493,0.04616708646576845
5105105105.105105,0.968490862152853,-0.2780894510980093,0.047375135978653796,0.05849198784666953,-24.658072378283396,-1.6542351635725088,0.05849198784666953,-24.658072378283396,-1.6542351635725088,0.9685857943387006,-0.277238095538827,0.04063648476869019
5111111111.111111,0.9682430793987661,-0.28031196976387507,0.04180169661964633,0.05929227248815874,-24.54003808362043,-1.6597879141914165,0.05929227248815874,-24.54003808362043,-1.6597879141914165,0.9683367044240057,-0.2794721214457022,0.035079178031271696
5117117117.117117,0.9679910283353922,-0.2825733571893356,0.0362013599101147,0.06010746806318438,-24.42143131297731,-1.6653705252357973,0.06010746806318438,-24.42143131297731,-1.6653705252357973,0.9680833261413089,-0.28174519833812056,0.02949469096091236
5123123123.123123,0.9677345840969056,-0.284874764323216,0.030573641122202275,0.06093793065526419,-24.302245954764103,-1.6709835827073662,0.06093793065526419,-24.302245954764103,-1.6709835827073662,0.9678255345142944,-0.28405847834897974,0.023882536393250414
5129129129.129129,0.9674736171034152,-0.2872173861837164,0.02491804326819907,0.061784026665985536,-24.182475814562974,-1.676627687044922,0.061784026665985536,-24.182475814562974,-1.676627687044922,0.967563199856315,-0.28641315765545466,0.018242214911502814
5135135135.135136,0.9672079928498787,-0.28960246386682315,0.01923405670409039,0.06264613316634755,-24.062114613538817,-1.682303453587053,0.06264613316634755,-24.062114613538817,-1.682303453587053,0.9672961875594943,-0.2888104784861028,0.012573214451106493
5141141141.141141,0.9669375716841764,-0.29203128666016664,0.013521158717778387,0.0635246382617497,-23.941155986826416,-1.6880115130530093,0.0635246382617497,-23.941155986826416,-1.6880115130530093,0.9670243578731921,-0.2912517312316095,0.006875009889249343
5147147147.147147,0.9666622085737858,-0.294505194267972,0.007778813101359465,0.06441994147120972,-23.81959348189507,-1.693752512042537,0.06441994147120972,-23.81959348189507,-1.693752512042537,0.9667475656709739,-0.29373825666751197,0.0011470626184500782
5153153153.153153,0.9663817528603734,-0.2970255791539422,0.0020064697067310204,0.06533245412142216,-23.697420556891498,-1.6995271135555376,0.06533245412142216,-23.697420556891498,-1.6995271135555376,0.9664656602055388,-0.2962714482945057,-0.0046111798964811315
5159159159.159159,0.9660960480015911,-0.299593889009213,-0.00379643601621513,0.06626259975629917,-23.574630578961685,-1.7053359975324935,0.06626259975629917,-23.574630578961685,-1.7053359975324935,0.9661784848509413,-0.29885275480304746,-0.010400284578739705
5165165165.165165,0.9658049312993557,-0.3022116293526834,-0.009630483499582955,0.06721081456265855,-23.451216822553064,-1.711179861416553,0.06721081456265855,-23.451216822553064,-1.711179861416553,0.9658858768312015,-0.3014836826711967,-0.016220833217972942
5171171171.171171,0.9655082336138262,-0.30488036627165765,-0.015496267556424718,0.06817754781275871,-23.327172467698297,-1.7170594207383156,0.06817754781275871,-23.327172467698297,-1.7170594207383156,0.96558766693473,-0.3041657989017531,-0.022073422967584116
5177177177.177177,0.9652057790622137,-0.30760172931152635,-0.021394398899575836,0.06916326232441075,-23.202490598281884,-1.7229754097243577,0.06916326232441075,-23.202490598281884,-1.7229754097243577,0.965283679213576,-0.30690073390853323,-0.027958666861835728
5183183183.183184,0.9648973847015434,-0.3103774145234568,-0.02732550468117421,0.07016843493942918,-23.077164200291524,-1.7289285819305888,0.07016843493942918,-23.077164200291524,-1.7289285819305888,0.9649737306666977,-0.30969018456006003,-0.03387719435348479
5189189189.189189,0.9645828601944231,-0.31320918767971323,-0.03329022905386979,0.07119355702121914,-22.951186160055926,-1.7349197109016072,0.07119355702121914,-22.951186160055926,-1.7349197109016072,0.9646576309061334,-0.3125359173918494,-0.039829651873099094
5195195195.195195,0.9642620074567778,-0.316098887667205,-0.03928923375467286,0.07223913497233193,-22.824549262471354,-1.7409495908572699,0.07223913497233193,-22.824549262471354,-1.7409495908572699,0.9643351818053663,-0.31543977199492235,-0.04581670341078659
5201201201.201201,0.9639346202865001,-0.31904843007005074,-0.04532319871244992,0.07330569077285883,-22.697246189219232,-1.7470190374077494,0.07330569077285883,-22.697246189219232,-1.7470190374077494,0.9640061771284906,-0.3184036645943719,-0.05183903112151283
5207207207.207207,0.9636004839718344,-0.32205981095324754,-0.05139282268019204,0.07439376254057187,-22.569269516977485,-1.7531288882984402,0.07439376254057187,-22.569269516977485,-1.7531288882984402,0.9636704021391764,-0.3214295918285032,-0.05789733595508136
5213213213.213213,0.9632593748782967,-0.32513511085982993,-0.05749882389313458,0.07550390511376077,-22.44061171562858,-1.7592800041861123,0.07550390511376077,-22.44061171562858,-1.7592800041861123,0.9633276331882941,-0.3245196347403674,-0.0639923383117755
5219219219.219219,0.962911060012785,-0.32827649903535827,-0.06364194075393614,0.07663669065775242,-22.311265146468052,-1.765473269447794,0.07663669065775242,-22.311265146468052,-1.765473269447794,0.9629776372785849,-0.32767596299795887,-0.07012477872495632
5225225225.225225,0.9625552965635192,-0.3314862378938853,-0.06982293254616329,0.07779270929615276,-22.181222060416562,-1.7717095930239735,0.07779270929615276,-22.181222060416562,-1.7717095930239735,0.962620171605437,-0.330900839353448,-0.07629541857179511
5231231231.231232,0.9621918314142758,-0.3347666877412941,-0.0760425801773681,0.07897256976788418,-22.050474596240257,-1.7779899092977487,0.07897256976788418,-22.050474596240257,-1.7779899092977487,0.9622549830717848,-0.3341966243613636,-0.08250504081344202
5237237237.237237,0.9618204006314001,-0.33812031177193425,-0.08230168695311611,0.08017690011114308,-21.91901477878406,-1.7843151790116365,0.08017690011114308,-21.91901477878406,-1.7843151790116365,0.9618818077759868,-0.3375657813683003,-0.0887544507659773
5243243243.243243,0.9614407289217799,-0.3415496813573962,-0.08860107938342918,0.08140634837545535,-21.786834517222523,-1.7906863902239085,0.08140634837545535,-21.786834517222523,-1.7906863902239085,0.9615003704706215,-0.3410108817951928,-0.0950444769035942
5249249249.249249,0.9610525290601037,-0.3450574816452356,-0.09494160802309361,0.08266158336304398,-21.65392560333471,-1.7971045593063175,0.08266158336304398,-21.65392560333471,-1.7971045593063175,0.9611103839907148,-0.3445346107282645,-0.10137597169545119
5255255255.255255,0.9606555012833579,-0.3486465174890529,-0.10132414834745218,0.08394329540078746,-21.52027970980886,-1.8035707319852678,0.08394329540078746,-21.52027970980886,-1.8035707319852678,0.9607115486491183,-0.3481397728421568,-0.10774981247780398
5261261261.261261,0.9602493326505517,-0.35231971973130116,-0.10774960166529693,0.08525219714409299,-21.38588838858393,-1.8100859844285317,0.08525219714409299,-21.38588838858393,-1.8100859844285317,0.9603035515973521,-0.35182929867371027,-0.11416690236301842
5267267267.267267,0.9598336963654314,-0.3560801518625819,-0.11421889607057283,0.08658902441405665,-21.250743069236307,-1.8166514243797218,0.08658902441405665,-21.250743069236307,-1.8166514243797218,0.9598860661493619,-0.35560625127293866,-0.1206281711871582
5273273273.273273,0.9594082510598368,-0.3599310170824813,-0.1207329874347701,0.08795453706935591,-21.11483505741909,-1.8232681923429332,0.08795453706935591,-21.11483505741909,-1.8232681923429332,0.9594587510660697,-0.3594738332542374,-0.127134576498062
5279279279.27928,0.9589726400351506,-0.3638756657892567,-0.12729286044179583,0.08934951991434884,-20.978155533364674,-1.8299374628199299,0.08934951991434884,-20.978155533364674,-1.8299374628199299,0.9590212497980818,-0.36343539427589955,-0.13368710458553035
5285285285.285285,0.9585264904591632,-0.3679176035272179,-0.13389952966740412,0.09077478364493898,-20.84069555045973,-1.8366604456025566,0.09077478364493898,-20.84069555045973,-1.8366604456025566,0.958573189683833,-0.367494438977198,-0.1402867715559215
5291291291.291291,0.9580694125154364,-0.3720604994233315,-0.1405540407051882,0.09223116583379788,-20.70244603390497,-1.8434383871230602,0.09223116583379788,-20.70244603390497,-1.8434383871230602,0.9581141811003875,-0.3716546354033038,-0.14693462445290853
5297297297.2972975,0.9576009985020741,-0.3763081951466391,-0.14725747134132094,0.09371953195661027,-20.56339777947184,-1.85027257186521,0.09371953195661027,-20.56339777947184,-1.85027257186521,0.957643816563747,-0.3759198239521657,-0.15363174242673808
5303303303.303303,0.9571208218766095,-0.3806647144264729,-0.1540109327803456,0.09524077646106209,-20.423541452369594,-1.8571643238392401,0.09524077646106209,-20.423541452369594,-1.8571643238392401,0.9571616697752918,-0.380294026880092,-0.16037923795414538
5309309309.309309,0.9566284362434218,-0.38513427316878185,-0.16081557092434665,0.09679582388033975,-20.282867586238673,-1.8641150081238105,0.09679582388033975,-20.282867586238673,-1.8641150081238105,0.9566672946108925,-0.3847814584042164,-0.1671782581113621
5315315315.315315,0.9561233742799137,-0.3897212902122222,-0.1676725677079921,0.0983856299929776,-20.141366582286373,-1.8711260324782886,0.0983856299929776,-20.141366582286373,-1.8711260324782886,0.9561602240489671,-0.389386535443102,-0.1740299859025232
5321321321.3213215,0.9556051465973787,-0.39443039876920416,-0.17458314249201792,0.10001118303093641,-19.99902870858357,-1.8781988490289276,0.10001118303093641,-19.99902870858357,-1.8781988490289276,0.9556399690332557,-0.39411388904209954,-0.18093564164619705
5327327327.327328,0.9550732405321767,-0.399266458600763,-0.1815485535178974,0.101673504937855,-19.85584409954219,-1.8853349560325854,0.101673504937855,-19.85584409954219,-1.8853349560325854,0.9551060172660685,-0.398968376531087,-0.18789648442258874
5333333333.333333,0.9545271188625848,-0.40423456897738397,-0.18857009942643455,0.10337365267946041,-19.71180275559594,-1.892535899721909,0.10337365267946041,-19.71180275559594,-1.892535899721909,0.9545578319273361,-0.40395509446705435,-0.19491381358426416
5339339339.339339,0.9539662184462651,-0.4093400824828586,-0.19564912084327493,0.10511271960817803,-19.566894543107967,-1.89980327623605,0.10511271960817803,-19.566894543107967,-1.89980327623605,0.953994850314474,-0.4090793924179671,-0.20198897033323204
5345345345.3453455,0.9533899487730615,-0.4145886197215114,-0.20278700203432384,0.10689183688401104,-19.421109194532665,-1.9071387336411878,0.10689183688401104,-19.421109194532665,-1.9071387336411878,0.9534164823976721,-0.41434688764917016,-0.2091233393674711
5351351351.351352,0.9527976904272772,-0.4199860849956017,-0.20998517263427388,0.10871217495380997,-19.274436308860146,-1.914543974045395,0.10871217495380997,-19.274436308860146,-1.914543974045395,0.9528221092848563,-0.4197634807782618,-0.21631835059995166
5357357357.357357,0.952188793453365,-0.4255386830231641,-0.21724510945151407,0.11057494509107105,-19.126865352375543,-1.9220207558125437,0.11057494509107105,-19.126865352375543,-1.9220207558125437,0.952211081590284,-0.4253353724684199,-0.22357548095342455
5363363363.363363,0.9515625756183457,-0.4312529367738478,-0.22456833835279008,0.11248140099842228,-18.978385659768325,-1.9295708958802225,0.11248140099842228,-18.978385659768325,-1.9295708958802225,0.9515827177000007,-0.43106908123853255,-0.23089625623432955
5369369369.3693695,0.9509183205638917,-0.43713570650561206,-0.23195643623118,0.114432840474968,-18.828986435629954,-1.9371962721868434,0.114432840474968,-18.828986435629954,-1.9371962721868434,0.9509363019272601,-0.436971462471481,-0.23828225308935844
5375375375.375376,0.9502552758404941,-0.4431942100919446,-0.23941103306098824,0.11643060715065992,-18.678656756381685,-1.9448988262134046,0.11643060715065992,-18.678656756381685,-1.9448988262134046,0.9502710825501609,-0.4430497287117164,-0.24573510104809787
5381381381.381382,0.9495726508155021,-0.4494360447373137,-0.24693381404328682,0.11847609228983493,-18.527385572679066,-1.9526805656455934,0.11847609228983493,-18.527385572679066,-1.9526805656455934,0.9495862697234678,-0.44931147134821636,-0.25325648465560113
5387387387.387387,0.9488696144463461,-0.45586921018555465,-0.25452652184598223,0.12057073666603081,-18.37516171234334,-1.9605435671621907,0.12057073666603081,-18.37516171234334,-1.9605435671621907,0.9488810332558804,-0.45576468378791235,-0.26084814569859194
5393393393.3933935,0.948145292909526,-0.46250213353542735,-0.26219095894232036,0.12271603251012349,-18.221973883875467,-1.9684899793560062,0.12271603251012349,-18.221973883875467,-1.9684899793560062,0.9481545002433064,-0.4624177862340494,-0.26851188552917116
5399399399.3994,0.9473987670753242,-0.469343695786569,-0.26992899005181753,0.1249135255337478,-18.06781068061328,-1.9765220257938365,0.1249135255337478,-18.06781068061328,-1.9765220257938365,0.9474057525481775,-0.4692796521919447,-0.2762495674899951
5405405405.405405,0.9466290698174208,-0.47640326024985147,-0.2777425446877947,0.12716481702985366,-17.912660585598072,-1.984642008222247,0.12716481702985366,-17.912660585598072,-1.984642008222247,0.9466338241140864,-0.4763596368351886,-0.2840631194449544
5411411411.411411,0.9458351831459001,-0.4836907029665708,-0.2856336198155496,0.129471566052086,-17.756511977223933,-1.9928523099262114,0.129471566052086,-17.756511977223933,-1.9928523099262114,0.9458376981039958,-0.4836676073788718,-0.29195453641938623
5417417417.417418,0.9450160351511767,-0.49121644529433106,-0.2936042826254115,0.13183549167450048,-17.599353135749283,-2.0011553992479567,0.13183549167450048,-17.599353135749283,-2.0011553992479567,0.9450163038499656,-0.49121397561380975,-0.2999258833538556
5423423423.423424,0.9441704967456,-0.49899148882971206,-0.30165667342480246,0.13425837533288013,-17.441172250758335,-2.0095538332735976,0.13425837533288013,-17.441172250758335,-2.0095538332735976,0.9441685136007629,-0.4990097327754201,-0.3079792979757439
5429429429.42943,0.94329737818845,-0.5070274528532716,-0.3097930086534819,0.13674206324863977,-17.281957429667564,-2.018050261695514,0.13674206324863977,-17.281957429667564,-2.018050261695514,0.9432931390534444,-0.5070664869292767,-0.3161169937924478
5435435435.435435,0.9423954253790973,-0.51533661449764,-0.3180155840259939,0.1392884689359251,-17.121696707383226,-2.026647430858509,0.1392884689359251,-17.121696707383226,-2.026647430858509,0.9423889276535632,-0.5153965030751282,-0.32434126321036844
5441441441.441442,0.9414633159019523,-0.5239319518574457,-0.326326777805352,0.14189957579212603,-16.96037805722321,-2.035348187998262,0.14189957579212603,-16.96037805722321,-2.035348187998262,0.9414545586476591,-0.524012746187726,-0.33265448078335885
5447447447.447448,0.9404996548057447,-0.5328271902781658,-0.3347290542116325,0.14457743977146462,-16.79798940323073,-2.0441554856805726,0.14457743977146462,-16.79798940323073,-2.0441554856805726,0.9404886388705849,-0.5329289274313223,-0.34105910659436345
5453453453.453453,0.9395029700983741,-0.542036852082402,-0.3432249669691253,0.14732419214076356,-16.634518634015908,-2.053072386450334,0.14732419214076356,-16.634518634015908,-2.053072386450334,0.9394896982491819,-0.5421595538037236,-0.3495576897736064
5459459459.459459,0.9384717079373764,-0.551576310013834,-0.3518171629952173,0.15014204231574307,-16.46995361827704,-2.0621020676991666,0.15014204231574307,-16.46995361827704,-2.0621020676991666,0.9384561850020386,-0.5517199814928644,-0.35815287215650665
5465465465.465466,0.9374042274946073,-0.5614618447044751,-0.3605083862338134,0.15303328077537268,-16.30428222216622,-2.0712478267608527,0.15303328077537268,-16.30428222216622,-2.0712478267608527,0.9373864605142482,-0.5616264732484422,-0.36684739208374634
5471471471.471472,0.9362987954723252,-0.5717107064976614,-0.3693014816356378,0.1560002820508149,-16.13749232867977,-2.0805130862438075,0.1560002820508149,-16.13749232867977,-2.0805130862438075,0.9362787938643898,-0.5718962601004668,-0.37564408834580093
5477477477.477478,0.935153580246397,-0.5823411819881926,-0.3781993992870359,0.15904550778433954,-15.969571859271262,-2.0899013996097935,0.15904550778433954,-15.969571859271262,-2.0899013996097935,0.9351313559793442,-0.5825476077869343,-0.3845459042733361
5483483483.483483,0.9339666456106651,-0.5933726656741952,-0.38720519868815,0.1621715098522462,-15.800508797903337,-2.0994164570080476,0.1621715098522462,-15.800508797903337,-2.0994164570080476,0.9339422133912675,-0.59359988828229,-0.3935558919740192
5489489489.48949,0.9327359440949581,-0.6048257371496433,-0.39632205318037317,0.1653809335442815,-15.630291217774491,-2.109062091373854,0.1653809335442815,-15.630291217774491,-2.109062091373854,0.9327093215691068,-0.6050736568562172,-0.40267721671550244
5495495495.495496,0.9314593098274917,-0.6167222443052081,-0.4055532545217794,0.16867652079021925,-15.458907310979908,-2.11884228480029,0.16867652079021925,-15.458907310979908,-2.11884228480029,0.931430517795605,-0.6169907351281594,-0.41191316145291584
5501501501.501501,0.9301344509106119,-0.6290853930474778,-0.4149022176078688,0.17206111342220248,-15.286345421388477,-2.1287611751915323,0.17206111342220248,-15.286345421388477,-2.1287611751915323,0.9301035135587603,-0.629374300627082,-0.4212671314980267
5507507507.507507,0.9287589412771009,-0.641939844091931,-0.42437248533323874,0.17553765645903396,-15.11259408104506,-2.138823063205504,0.17553765645903396,-15.11259408104506,-2.138823063205504,0.9287258864250644,-0.6422489834103686,-0.43074265932521794
5513513513.513514,0.9273302119923472,-0.6553118174362007,-0.43396773358783053,0.1791092013958359,-14.937642050435434,-2.1490324194929107,0.1791092013958359,-14.937642050435434,-2.1490324194929107,0.9272950713599644,-0.6556409703464579,-0.4403434095076164
5519519519.51952,0.925845541965969,-0.6692292051739883,-0.44369177637899465,0.18277890947932526,-14.761478362982247,-2.159393892238752,0.18277890947932526,-14.761478362982247,-2.159393892238752,0.9258083514592331,-0.6695781177199907,-0.4500731837742673
5525525525.525526,0.9243020480345919,-0.6837216933707924,-0.4535485710678293,0.1865500549453225,-14.584092374173377,-2.1699123150111865,0.1865500549453225,-14.584092374173377,-2.1699123150111865,0.9242628480530249,-0.6840900728791088,-0.45993592617631474
5531531531.531531,0.9226966743757655,-0.6988208937878793,-0.4635422237049616,0.19042602819091636,-14.40547381576171,-2.1805927149210245,0.19042602819091636,-14.40547381576171,-2.1805927149210245,0.9226555101427727,-0.6992084057087691,-0.46993572834681213
5537537537.537538,0.9210261812113704,-0.7145604863123473,-0.4736769944470314,0.19441033884898276,-14.225612855513074,-2.191440321093289,0.19441033884898276,-14.225612855513074,-2.191440321093289,0.9209831031294873,-0.7149667507848503,-0.4800768348350417
5543543543.543544,0.9192871327574015,-0.7309763730289819,-0.4839573030306132,0.19850661872729602,-14.044500163022855,-2.2024605734499345,0.19850661872729602,-14.044500163022855,-2.2024605734499345,0.9192421967903014,-0.7314009611438582,-0.49036364849130404
5549549549.549549,0.9174758843756231,-0.7481068449558728,-0.4943877342750448,0.2027186245683076,-13.862126982166574,-2.2136591317999965,0.2027186245683076,-13.862126982166574,-2.2136591317999965,0.9174291524591747,-0.7485492746846988,-0.500800735873082
5555555555.555555,0.9155885688818158,-0.765992762556708,-0.5049730435793367,0.20705024057864227,-13.678485210798728,-2.2250418852301164,0.20705024057864227,-13.678485210798728,-2.2250418852301164,0.9155401093664925,-0.7664524943135315,-0.5113928326370346
5561561561.561562,0.9136210819645385,-0.7846777512458409,-0.5157181623712437,0.21150548066936667,-13.493567488367539,-2.236614961784286,0.21150548066936667,-13.493567488367539,-2.236614961784286,0.913570970091693,-0.7851541830437052,-0.5221448488739279
5567567567.567568,0.9115690666684332,-0.8042084132106543,-0.5266282034580759,0.21608849033908692,-13.307367292167855,-2.2483847384169144,0.21608849033908692,-13.307367292167855,-2.2483847384169144,0.911517385083328,-0.8047008753692453,-0.5330618743353894
5573573573.573574,0.9094278968965729,-0.8246345569964917,-0.5377084662191676,0.22080354812170513,-13.119879043014663,-2.260357851197664,0.22080354812170513,-13.119879043014663,-2.260357851197664,0.9093747362009912,-0.8251423063549258,-0.5441491834911857
5579579579.579579,0.9071926598877581,-0.8460094464294425,-0.5489644415685782,0.22565506650915473,-12.931098221182356,-2.272541205739764,0.22565506650915473,-12.931098221182356,-2.272541205739764,0.9071381192356053,-0.8465316600092166,-0.5554122403446191
5585585585.585586,0.9048581376272075,-0.8683900705922615,-0.5604018166034979,0.23064759224647863,-12.741021493520623,-2.284941987815777,0.23064759224647863,-12.741021493520623,-2.284941987815777,0.9048023253665655,-0.868925838650916,-0.5668567029200562
5591591591.591592,0.9024187871525648,-0.8918374367235762,-0.5720264788387321,0.23578580588206838,-12.549646852726674,-2.2975676741155757,0.23578580588206838,-12.549646852726674,-2.2975676741155757,0.9023618215180549,-0.8923857551311467,-0.5784884273217821
5597597597.597597,0.8998687197225849,-0.916416888073953,-0.5838445199101606,0.24107452043959082,-12.356973769824533,-2.310426043090702,0.24107452043959082,-12.356973769824533,-2.310426043090702,0.8998107295822004,-0.9169766499358156,-0.5903134712452215
5603603603.603603,0.8972016788228481,-0.9421984489321583,-0.5958622386098117,0.24651867905993985,-12.163003360975226,-2.3235251858169055,0.24651867905993985,-12.163003360975226,-2.3235251858169055,0.8971428044837578,-0.942768435372101,-0.6023380968015687
5609609609.60961,0.894411016992246,-0.9692571992274572,-0.6080861430919943,0.25212335144129544,-11.967738569815726,-2.336873516792313,0.25212335144129544,-11.967738569815726,-2.336873516792313,0.8943514110704295,-0.9698360692336054,-0.6145687724931526
5615615615.615616,0.8914896714662054,-0.9976736813197582,-0.6205229520632062,0.25789372888297696,-11.771184366596161,-2.3504797845723706,0.25789372888297696,-11.771184366596161,-2.3504797845723706,0.8914294998253118,-0.9982599605417853,-0.627012174150006
5621621621.621622,0.888430138647882,-1.02753434181275,-0.63317959473762,0.2638351177139296,-11.57334796545853,-2.364353082123515,0.2638351177139296,-11.57334796545853,-2.364353082123515,0.8883695814129575,-1.0281264101855727,-0.6396751846068673
5627627627.627627,0.8852244474379851,-1.0589320114613208,-0.6460632093047243,0.26995293085952526,-11.37423906126471,-2.3785028567560778,0.26995293085952526,-11.37423906126471,-2.3785028567560778,0.8851637000903304,-1.0595280895117503,-0.6525648918643211
5633633633.633634,0.8818641314777048,-1.0919664264986293,-0.6591811396151298,0.2762526772705619,-11.173870087443635,-2.3929389194720323,0.2762526772705619,-11.173870087443635,-2.3929389194720323,0.8818034060376566,-1.0925645601711844,-0.6656885854367407
5639639639.63964,0.878340200388634,-1.1267447949764204,-0.672540929744032,0.2827399489060266,-10.972256496378112,-2.4076714535350225,0.2827399489060266,-10.972256496378112,-2.4076714535350225,0.878279726693441,-1.1273428387929136,-0.6790537505428954
5645645645.645645,0.8746431101292054,-1.1633824119975862,-0.686150316038796,0.2894204049263977,-10.769417063887506,-2.422711022038313,0.2894204049263977,-10.769417063887506,-2.422711022038313,0.874583137214059,-1.1639780103351136,-0.6926680597413014
5651651651.651651,0.8707627326303713,-1.2020033280191247,-0.7000172161963679,0.2962997527170006,-10.565374219382234,-2.4380685742101753,0.2962997527170006,-10.565374219382234,-2.4380685742101753,0.8707035302209876,-1.2025938942625047,-0.7065393615514486
5657657657.657658,0.8666883249248865,-1.242741074719098,-0.7141497148469601,0.3033837253216427,-10.360154403258639,-2.4537554501558905,0.3033837253216427,-10.360154403258639,-2.4537554501558905,0.8666301850509697,-1.2433237680044869,-0.7206756655315605
5663663663.663664,0.8624084980460636,-1.285739453250424,-0.7285560450416574,0.3106780548257194,-10.153788453065463,-2.4697833836903653,0.3106780548257194,-10.153788453065463,-2.4697833836903653,0.8623517367856636,-1.2863111524742041,-0.7350851232044653
5669669669.66967,0.857911186044889,-1.3311533900439616,-0.7432445649517693,0.31818844118593226,-9.946312019894666,-2.4861645028652015,0.31818844118593226,-9.946312019894666,-2.4861645028652015,0.8578561454104175,-1.3317106647606758,-0.7497760041321501
5675675675.675675,0.8531836155597607,-1.379149865678357,-0.7582237289858904,0.3259205159615072,-9.737766016322375,-2.5029113277386625,0.3259205159615072,-9.737766016322375,-2.5029113277386625,0.8531306655373996,-1.3796889434506112,-0.7647566663366643
5681681681.681682,0.8482122764732589,-1.429908922694533,-0.7735020524151038,0.33387980036069964,-9.528197097034715,-2.520036764876408,0.33387980036069964,-9.528197097034715,-2.520036764876408,0.8481618172284452,-1.430425652386915,-0.780035520148381
5687687687.687688,0.8429828943061398,-1.4836247586042115,-0.7890880684658423,0.3420716569778982,-9.317658173009505,-2.537554098004934,0.3420716569778982,-9.317658173009505,-2.537554098004934,0.8429353585688392,-1.4841145690294355,-0.79562098443018
5693693693.693693,0.8374804051321755,-1.5405069107184464,-0.8049902766920927,0.35050123456303944,-9.106208959768344,-2.555476974168924,0.35050123456303944,-9.106208959768344,-2.555476974168924,0.8374362607768032,-1.540964763943983,-0.8115214339766063
5699699699.699699,0.8316889339497835,-1.6007815398048555,-0.8212170812715338,0.359173405138968,-8.893916559748918,-2.5738193846685617,0.359173405138968,-8.893916559748918,-2.5738193846685617,0.831648686786048,-1.6012018783075888,-0.8277451367179331
5705705705.705706,0.8255917776188806,-1.6646928199702802,-0.837776717681734,0.3680926927670914,-8.68085607825653,-2.5925956399741423,0.3680926927670914,-8.68085607825653,-2.5925956399741423,0.8255559744110547,-1.6650695066859675,-0.8443001791685377
5711711711.711712,0.819171393664601,-1.7325044425633982,-0.8546771660003915,0.37726319326159097,-8.467111271709165,-2.611820337734787,0.37726319326159097,-8.467111271709165,-2.611820337734787,0.8191406253985885,-1.7328306927036174,-0.8611943783435579
5717717717.717718,0.8124093964640162,-1.8045012423000144,-0.8719260488341725,0.38668848417221613,-8.252775225977567,-2.6315083229171106,0.38668848417221613,-8.252775225977567,-2.6315083229171106,0.8123843018833127,-1.8047695456036814,-0.8784351781257524
5723723723.723723,0.8052865625664986,-1.8809909542475713,-0.8895305116111863,0.39637152440160656,-8.037951061508203,-2.6516746390314534,0.39637152440160656,-8.037951061508203,-2.6516746390314534,0.8052678320004799,-1.8811929860818921,-0.896029527790712
5729729729.72973,0.797782847151524,-1.9623061107748958,-0.9074970826678772,0.40631454290198477,-7.822752660582209,-2.6723344693311213,0.40631454290198477,-7.822752660582209,-2.6723344693311213,0.797771226661927,-1.9624326301976323,-0.9139837400899028
5735735735.735736,0.7898774138953895,-2.048806088109782,-0.9258315102168195,0.41651891601585855,-7.607305410485473,-2.693503066808183,0.41651891601585855,-7.607305410485473,-2.693503066808183,0.7898737097701907,-2.0488468206304944,-0.9323033259412986
5741741741.741742,0.7815486807957193,-2.1408793127805743,-0.9445385728909222,0.42698503319524606,-7.391746954517555,-2.7151956717639565,0.42698503319524606,-7.391746954517555,-2.7151956717639565,0.781553764423371,-2.1408228151033057,-0.9509928023801074
5747747747.747747,0.7727743847810458,-2.238945639010053,-0.9636218601129746,0.43771215106333616,-7.176227940641181,-2.7374274157095906,0.43771215106333616,-7.176227940641181,-2.7374274157095906,0.7727891979426303,-2.2387791424800407,-0.9700554699675742
5753753753.753754,0.763531668201638,-2.3434589091517735,-0.9830835180249092,0.44869823608188963,-6.960912755155659,-2.7602132103610977,0.44869823608188963,-6.960912755155659,-2.7602132103610977,0.7635572288247373,-2.3431681379310882,-0.9894931553324694
5759759759.75976,0.7537971905427014,-2.4549097106143387,-1.0029239561124734,0.4599397964670078,-6.745980226076397,-2.783567620542767,0.4599397964670078,-6.745980226076397,-2.783567620542767,0.7538345989679855,-2.4544786697516043,-1.0093059139101865
5765765765.765766,0.7435472689032906,-2.5738283445533456,-1.0231415089553004,0.47143170446487837,-6.531624277933395,-2.8075047199149776,0.47143170446487837,-6.531624277933395,-2.8075047199149776,0.7435977147245474,-2.5732390720330063,-1.0294916872256454
5771771771.771772,0.7327580509220176,-2.7007880241010582,-1.043732046687304,0.4831670106652991,-6.3180545165099495,-2.8320379286087336,0.4831670106652991,-6.3180545165099495,-2.8320379286087336,0.7328228204726527,-2.7000202996034615,-1.0500459082058278
5777777777.777778,0.721405723877124,-2.8364083232921704,-1.0646885267234514,0.4951367526989597,-6.105496718696567,-2.8571798320932746,0.4951367526989597,-6.105496718696567,-2.8571798320932746,0.7214862084517824,-2.8354393246885867,-1.0709610469603352
5783783783.783784,0.7094667636138782,-2.9813589024300584,-1.0860004780328854,0.5073297614348053,-5.894193199234947,-2.882941980938563,0.5073297614348053,-5.894193199234947,-2.882941980938563,0.709564468534434,-2.9801627988642476,-1.0922260881708068
5789789789.78979,0.6969182267246201,-3.136363541789931,-1.1076534076263178,0.5197324686596365,-5.684403022817426,-2.909334671574117,0.5197324686596365,-5.684403022817426,-2.909334671574117,0.6970347813860309,-3.13491100942724,-1.1138259295917303
5795795795.795795,0.6837380889937255,-3.3022045237181348,-1.1296281168525668,0.5323287211681704,-5.476402026973264,-2.936366708701372,0.5323287211681704,-5.476402026973264,-2.936366708701372,0.6838752580595713,-3.300462166678032,-1.1357406890629864
5801801801.801802,0.6699056324919999,-3.4797274138776086,-1.151899912390205,0.5450996071916119,-5.270482618649033,-2.9640451506967898,0.5450996071916119,-5.270482618649033,-2.9640451506967898,0.670065328453677,-3.4776570682570433,-1.1579449046902084
5807807807.807808,0.6554018828418801,-3.6698463061688544,-1.1744376932286171,0.5580233021060097,-5.066953305665727,-2.992375040150085,0.5580233021060097,-5.066953305665727,-2.992375040150085,0.6555861802129561,-3.667404199056808,-1.1804066092190866
5813813813.813814,0.640210097068605,-3.8735496133160625,-1.1972028901156284,0.5710749413337357,-4.8661379236262094,-3.0213591226138488,0.5710749413337357,-4.8661379236262094,-3.0213591226138488,0.64042124855988,-3.8706853408257653,-1.2030862547701924
5819819819.81982,0.6243163011207566,-4.091906506744429,-1.2201482274217743,0.5842265292095288,-4.668374519734375,-3.0509975576820705,0.5842265292095288,-4.668374519734375,-3.0509975576820705,0.6245567562378153,-4.088561784679714,-1.2259354575308046
5825825825.825826,0.6077098746352446,-4.326074135493837,-1.2432162684598167,0.5974468932399141,-4.4740138577353825,-3.081287627642338,0.5974468932399141,-4.4740138577353825,-3.081287627642338,0.6079823012641427,-4.322181262413631,-1.2488955230509404
5831831831.831832,0.59038417893547,-4.577305784306213,-1.2663376930505394,0.6107016935389198,-4.283417513179529,-3.1122234501187456,0.6107016935389198,-4.283417513179529,-3.1122234501187456,0.5906914886427206,-4.572785738156087,-1.2718957005199083
5837837837.837838,0.5723372227469626,-4.84696016455392,-1.2894292392039683,0.6239534971635599,-4.096955535769292,-3.143795702285674,0.6239534971635599,-4.096955535769292,-3.143795702285674,0.5726826007268414,-4.8417202288844665,-1.2948510974906522
5843843843.843843,0.5535723589363198,-5.1365120654308525,-1.3123912172915613,0.6371619264871634,-3.9150036659099126,-3.1759913653149527,0.6371619264871634,-3.9150036659099126,-3.1759913653149527,0.5539592998056558,-5.130442846916462,-1.3176601631080977
5849849849.84985,0.5340990050759127,-5.447564620749944,-1.335104472320317,0.6502838895348634,-3.737940105841682,-3.2087934986348468,0.6502838895348634,-3.737940105841682,-3.2087934986348468,0.5345313560610138,-5.440536272533441,-1.3402016153526939
5855855855.855856,0.5139333812952781,-5.781863457095958,-1.3574266240150292,0.6632738982842333,-3.566141861786773,-3.242181054231049,0.6632738982842333,-3.566141861786773,-3.242181054231049,0.5144153947993132,-5.773720857028657,-1.362330642374436
5861861861.861862,0.49309926136517274,-6.141312960339317,-1.3791873497948486,0.6760844782657007,-3.3999806920433895,-3.2761287415052345,0.6760844782657007,-3.3999806920433895,-3.2761287415052345,0.49363565947407834,-6.131869501642232,-1.3838741443000206
5867867867.867868,0.47162873818040846,-6.527994790245049,-1.4001823843130339,0.6886666693975115,-3.2398187162781102,-3.31060695302419,0.6886666693975115,-3.2398187162781102,-3.31060695302419,0.4722247923929844,-6.51702431309096,-1.4046246922343955
5873873873.873874,0.44956301401475485,-6.944188515952195,-1.420165779269346,0.7009706139451773,-3.0860037624630845,-3.3455817607566334,0.7009706139451773,-3.0860037624630845,-3.3455817607566334,0.45022464440142373,-6.9314147253766,-1.4243327544724698
5879879879.87988,0.42695324088360026,-7.392393709719434,-1.4388397816517202,0.7129462229709111,-2.9388645487633163,-3.381014991043315,0.7129462229709111,-2.9388645487633163,-3.381014991043315,0.4276871400147817,-7.377476164121852,-1.4426965603576032
5885885885.885886,0.4038614596370857,-7.875351788571679,-1.4558414228976757,0.7245439078820832,-2.798705816745213,-3.4168643845564337,0.7245439078820832,-2.798705816745213,-3.4168643845564337,0.4046752479709688,-7.857867169809888,-1.45934871748995
5891891891.8918915,0.3803617218716111,-8.396063904955106,-1.4707245312680315,0.7357153590192982,-2.665803547963335,-3.453083844903315,0.7357153590192982,-2.665803547963335,-3.453083844903315,0.3812641427614191,-8.37548074913541,-1.4738383378280946
5897897897.897898,0.35654153231694946,-8.957797467407444,-1.4829353392771654,0.7464143490160523,-2.540400406705057,-3.4896237763987563,0.7464143490160523,-2.540400406705057,-3.4896237763987563,0.35754269608261624,-8.933441786858278,-1.4856069246494297
5903903903.903904,0.33250383026214586,-9.56406694994637,-1.4917791042182171,0.7565975353046943,-2.4227015560099385,-3.5264315080134407,0.7565975353046943,-2.4227015560099385,-3.5264315080134407,0.33361551706253834,-9.535075154815933,-1.493955586675335
5909909909.90991,0.30836985112766907,-10.218561777722117,-1.4963741539811974,0.7662252340057847,-2.3128709909635186,-3.5634517967970925,0.7662252340057847,-2.3128709909635186,-3.5634517967970925,0.30960587972126735,-10.183816004598512,-1.4980002660954361
5915915915.915916,0.2842833947981946,-10.924970140565183,-1.4955885629895698,0.7752621368194941,-2.211028522129386,-3.600627400411688,0.7752621368194941,-2.211028522129386,-3.600627400411688,0.28566005421473045,-10.883009714362782,-1.4966106931107792
5921921921.921922,0.2604173043345558,-11.686603218719078,-1.4879536151724069,0.7836779436244362,-2.11724752290353,-3.6378997050498274,0.7836779436244362,-2.11724752290353,-3.6378997050498274,0.2619538179913929,-11.635505346075984,-1.4883281559091295
5927927927.927928,0.2369833538706077,-12.505643170602509,-1.4715486024358857,0.7914478863202611,-2.0315535283170743,-3.675209392210851,0.7914478863202611,-2.0315535283170743,-3.675209392210851,0.23870227904488273,-12.442868689668718,-1.4712583054278443
5933933933.933934,0.21424723991427144,-13.381695285198916,-1.4438571089359682,0.7985531238992009,-1.9539237408206,-3.712497125785269,0.7985531238992009,-1.9539237408206,-3.712497125785269,0.2161745547855644,-13.303908535736216,-1.442941968325726
5939939939.9399395,0.19255075453157286,-14.30909550413256,-1.4016157096418733,0.8049809945115403,-1.8842874628587991,-3.749704239823738,0.8049809945115403,-1.8842874628587991,-3.749704239823738,0.1947150660371367,-14.21200887471999,-1.4002289885590813
5945945945.945946,0.17234264842955535,-15.272144748697405,-1.340735241266418,0.8107251169783958,-1.822527438972458,-3.786773407330603,0.8107251169783958,-1.822527438972458,-3.786773407330603,0.17477234599387104,-15.150545682587959,-1.3392386384860469
5951951951.951952,0.15421563568714078,-16.237431832005317,-1.2565149666868696,0.8157853412901694,-1.7684820542688362,-3.823649271426289,0.8157853412901694,-1.7684820542688362,-3.823649271426289,0.15693189732143328,-16.085775491198635,-1.2556198529358968
5957957957.957958,0.13893371509470595,-17.143847021486668,-1.1446187157406025,0.8201675545670393,-1.7219483037799523,-3.860279022184422,0.8201675545670393,-1.7219483037799523,-3.860279022184422,0.14193673979962682,-16.958103489440493,-1.145534713272856
5963963963.963964,0.1274048993543922,-17.89627741777391,-1.0034461849421012,0.8238833552344359,-1.6826854205220267,-3.896612905204622,0.8238833552344359,-1.6826854205220267,-3.896612905204622,0.13065341262062125,-17.67758484342523,-1.0078763075705492
5969969969.96997,0.12052413154394404,-18.3785197842514,-0.8377597773162916,0.8269496133527147,-1.650419030461203,-3.932604651311595,0.8269496133527147,-1.650419030461203,-3.932604651311595,0.12391854946124713,-18.1372735777761,-0.8474598238549155
5975975975.975976,0.11885840362619082,-18.49940213997654,-0.6608064114394309,0.8293879388336021,-1.6248456908964595,-3.968211820422158,0.8293879388336021,-1.6248456908964595,-3.968211820422158,0.12225041853527112,-18.254992907113824,-0.676691199529784
5981981981.981982,0.12234148240578946,-18.24852522962458,-0.49066997050106775,0.8312240815222508,-1.6056376651116397,-4.003396056335062,0.8312240815222508,-1.6056376651116397,-4.003396056335062,0.12557931447628926,-18.021637840743303,-0.5122027878329816
5987987987.9879875,0.13026572658815158,-17.70339667601506,-0.3421463963034697,0.8324872878188355,-1.592447790001243,-4.038123252735974,0.8324872878188355,-1.592447790001243,-4.038123252735974,0.13324291986295508,-17.507117176405725,-0.3677297060972493
5993993993.993994,0.14159205708844494,-16.97922217295496,-0.22174724166651352,0.8332096377858405,-1.584914303698499,-4.072363633872025,0.8332096377858405,-1.584914303698499,-4.072363633872025,0.1442625319539969,-16.816928995393813,-0.249631835201644
6000000000.0,0.15529261581741605,-16.17698389070801,-0.12891017985918818,0.8334253847669499,-1.582665515628199,-4.10609175599134,0.8334253847669499,-1.582665515628199,-4.10609175599134,0.1576554600069261,-16.04581967880774,-0.15776551312024084
6006006006.006006,0.1705271149565853,-15.364131108825479,-0.059649912102173894,0.833170316724804,-1.585324220291354,-4.139286437676457,0.833170316724804,-1.585324220291354,-4.139286437676457,0.17260484448704225,-15.258940382791115,-0.08865339375589643
6012012012.0120125,0.18667088415468372,-14.578468310224746,-0.009261660832861875,0.8324811551067877,-1.5925117768716925,-4.171930628595363,0.8324811551067877,-1.5925117768716925,-4.171930628595363,0.18849412874815677,-14.49404345473285,-0.03797336551336008
6018018018.018018,0.20327879392735998,-13.838158493219678,0.026461585819911825,0.831395003379767,-1.6038517979700553,-4.204011226971172,0.831395003379767,-1.6038517979700553,-4.204011226971172,0.20487838423419819,-13.770077191469888,-0.0017562034833903655
6024024024.024024,0.22003820767716284,-13.150038025135142,0.050905139884398716,0.8299488537092734,-1.6189734111833856,-4.235518856289149,0.8299488537092734,-1.6189734111833856,-4.235518856289149,0.22144195370836664,-13.09480191142663,0.023249807454757278
6030030030.03003,0.2367298738921054,-12.514938665006417,0.06667608263521176,0.8281791568157671,-1.6375140758953624,-4.266447611503809,0.8281791568157671,-1.6375140758953624,-4.266447611503809,0.23796168619960115,-12.46985924639652,0.03958163695196728
6036036036.036036,0.25319962466543383,-11.930738848753348,0.07575011808449669,0.826121456978893,-1.6591219538829098,-4.29679478437909,0.826121456978893,-1.6591219538829098,-4.29679478437909,0.25427963334951176,-11.893768469166883,0.04918072884488115
6042042042.042042,0.2693389022735491,-11.3940182847182,0.07962075268032909,0.8238100915781019,-1.6834578457993723,-4.326560576693355,0.8238100915781019,-1.6834578457993723,-4.326560576693355,0.27028392434075277,-11.363595680751434,0.05352575167207801
6048048048.048048,0.2850715374474347,-10.90092284052346,0.07942178790719907,0.8212779524980443,-1.7101967161545977,-4.355747808967356,0.8212779524980443,-1.7101967161545977,-4.355747808967356,0.2858956111117407,-10.87585023209052,0.05374586445460973
6054054054.054054,0.3003447306856994,-10.44759966016228,0.07602038435351222,0.8185563051884875,-1.739028837157335,-4.384361631213462,0.8185563051884875,-1.739028837157335,-4.384361631213462,0.30105960840237783,-10.426950152093472,0.05070873598993071
6060060060.0600605,0.3151228157184925,-10.030403032557844,0.07008559168433302,0.815674660116644,-1.7696605869437398,-4.412409241030325,0.815674660116644,-1.7696605869437398,-4.412409241030325,0.3157383834250867,-10.013452378853414,0.04508635860019322
6066066066.066066,0.32938286813086753,-9.645979862263811,0.06213827882388104,0.8126606907279512,-1.801814940610236,-4.439899613235957,0.8126606907279512,-1.801814940610236,-4.439899613235957,0.3299074887940368,-9.632156519950202,0.037403536506528876
6072072072.072072,0.34311155137502947,-9.291293210197702,0.052587499748052234,0.8095401917708516,-1.835231693468725,-4.466843244183527,0.8095401917708516,-1.835231693468725,-4.466843244183527,0.34355234176357186,-9.280141736434327,0.02807350256830298
6078078078.078078,0.3563028060897142,-8.963615146329127,0.041757113353019515,0.8063370718693823,-1.8696674554281842,-4.493251912964411,0.8063370718693823,-1.8696674554281842,-4.493251912964411,0.3566658582465566,-8.954769228135266,0.0174241642204879
6084084084.084084,0.3689561251109153,-8.66050550907522,0.029905422819177335,0.8030733744739078,-1.9048954537457161,-4.519138460887052,0.8030733744739078,-1.9048954537457161,-4.519138460887052,0.3692466833728963,-8.653667937886599,0.005717570849540603
6090090090.09009,0.38107524356633854,-8.37978528232416,0.01723979965552298,0.7997693217211694,-1.9407051789122294,-4.544516589931321,0.7997693217211694,-1.9407051789122294,-4.544516589931321,0.3812978463525658,-8.37471295405127,-0.0068355267814397755
6096096096.096096,0.39266712925572755,-8.119509052786285,0.003927680856892169,0.7964433762345592,-1.9769019054309258,-4.569400680313915,0.7964433762345592,-1.9769019054309258,-4.569400680313915,0.3928257230919823,-8.11600162792917,-0.02006468834700333
6102102102.102102,0.403741194687923,-7.877938724307668,-0.009895078719715112,0.7931123164484062,-2.013306115949718,-4.593805626853149,0.7931123164484062,-2.013306115949718,-4.593805626853149,0.4038392263723872,-7.875829974827699,-0.03383141315067012
6108108108.1081085,0.4143086758884724,-7.653519444049193,-0.024117800541383762,0.7897913216102461,-2.0497528538099274,-4.617746693479132,0.7897913216102461,-2.0497528538099274,-4.617746693479132,0.41434916741531047,-7.652670589635965,-0.04802270378886465
6114114114.114115,0.4243821389065477,-7.444858053263129,-0.038650023146385624,0.7864940631753308,-2.086091025719801,-4.641239384985391,0.7864940631753308,-2.086091025719801,-4.641239384985391,0.4243677487398431,-7.445152583846757,-0.062546072450885
6120120120.12012,0.43397508565208764,-7.250704049123215,-0.053417628357303674,0.7832327998390195,-2.1221826730559514,-4.664299334946731,0.7832327998390195,-2.1221826730559514,-4.664299334946731,0.43390815914363756,-7.252043667720293,-0.07732563296854303
6126126126.126126,0.44310163805915564,-7.069932889291599,-0.06835978980943433,0.7800184739425587,-2.157902227310862,-4.686942208622178,0.7800184739425587,-2.157902227310862,-4.686942208622178,0.442984249186273,-7.072234306829644,-0.09229901749196989
6132132132.132133,0.4517762847303513,-6.901531408156677,-0.08342655022891185,0.7768608074289698,-2.193135762482487,-4.709183619608605,0.7768608074289698,-2.193135762482487,-4.709183619608605,0.45161027085468997,-6.9047237917707545,-0.10741492506419478
6138138138.138138,0.4600136778975723,-6.744585099102158,-0.09857688374824192,0.7737683959151623,-2.2277802547651357,-4.731039058999659,0.7737683959151623,-2.2277802547651357,-4.731039058999659,0.4598006688797287,-6.748608025816573,-0.12263115858699655
6144144144.144144,0.4678284712091371,-6.598267026648425,-0.11377713557643528,0.7707487997839839,-2.2617428577533443,-4.752523835825016,0.7707487997839839,-2.2617428577533443,-4.752523835825016,0.4675699139319341,-6.603068831029907,-0.1379130423775176
6150150150.15015,0.4752351908339558,-6.4618281526613295,-0.12899975761333188,0.7678086314877529,-2.2949401995056133,-4.773653027589273,0.7678086314877529,-2.2949401995056133,-4.773653027589273,0.47493236996888455,-6.467364583942868,-0.15323213863777557
6156156156.156157,0.4822481338670195,-6.3345888849961876,-0.14422227792531983,0.7649536384963359,-2.3272977062178013,-4.7944414397905994,0.7649536384963359,-2.3272977062178013,-4.7944414397905994,0.4819021895487696,-6.340822009074887,-0.16856520043074752
6162162162.162163,0.48888128916660517,-6.215931681280687,-0.15942645634374034,0.7621887815223914,-2.358748955905119,-4.814903573370913,0.7621887815223914,-2.358748955905119,-4.814903573370913,0.48849323210864,-6.222828977828741,-0.18389331309531776
6168168168.168168,0.4951482766471735,-6.1052945632778375,-0.17459758918360976,0.7595183078185809,-2.389235064364719,-4.835053599127232,0.7595183078185809,-2.389235064364719,-4.835053599127232,0.49471900112729045,-6.112828179364548,-0.19920118678763002
6174174174.174174,0.5010623017593179,-6.002165417662242,-0.1897239341840084,0.7569458194711042,-2.418704104762875,-4.854905338194686,0.7569458194711042,-2.418704104762875,-4.854905338194686,0.500592596822895,-6.010311547721686,-0.2144765709697225
6180180180.18018,0.5066361224549676,-5.90607697691047,-0.20479623293658566,0.754474336715465,-2.4471105614368396,-4.874472247792216,0.754474336715465,-2.4471105614368396,-4.874472247792216,0.5061266816186195,-5.914815345336048,-0.22970976786562228
6186186186.186186,0.5118820263956843,-5.816602389429355,-0.21980731279645,0.7521063563780507,-2.4744148178997536,-4.893767411500974,0.7521063563780507,-2.4744148178997536,-4.893767411500974,0.5113334560828724,-5.825915817018971,-0.24489322666464922
6192192192.192192,0.5168118165379044,-5.733351301244799,-0.2347517539211789,0.7498439056049748,-2.500582678563804,-4.912803533420629,0.7498439056049748,-2.500582678563804,-4.912803533420629,0.5162246434368577,-5.7432253405473315,-0.2600212039343389
6198198198.198198,0.5214368035391935,-5.6559663828051,-0.24962560992516936,0.7476885910809707,-2.5255849233344687,-4.9315929356200705,0.7476885910809707,-2.5255849233344687,-4.9315929356200705,0.5208114810402333,-5.666389010400178,-0.27508947857327193
6204204204.204205,0.5257678036867157,-5.5841202439889095,-0.26442617286188713,0.7456416439691456,-2.5493968939572516,-4.950147558364953,0.7456416439691456,-2.5493968939572516,-4.950147558364953,0.5251047175296958,-5.595081600059207,-0.2900951118833722
6210210210.210211,0.5298151412638961,-5.517512688484484,-0.27915177500143284,0.7437039608195956,-2.5719981108039454,-4.968478962665631,0.7437039608195956,-2.5719981108039454,-4.968478962665631,0.5291146145045833,-5.529004855881591,-0.30503624511623795
6216216216.216216,0.5335886544506993,-5.455868265557252,-0.2938016212628662,0.7418761407035517,-2.5933719186534043,-4.986598334744713,0.7418761407035517,-2.5933719186534043,-4.986598334744713,0.5328509518371566,-5.467885082020549,-0.3199119282574494
6222222222.222222,0.5370977040036699,-5.39893408303061,-0.3083756472716315,0.7401585188317711,-2.613505159940255,-5.004516492073836,0.7401585188317711,-2.613505159940255,-5.004516492073836,0.5363230358395629,-5.411470981374298,-0.33472197493833517
6228228228.228228,0.5403511840886872,-5.346477850236284,-0.32287439890377434,0.7385511969128185,-2.63238787390448,-5.02224389067478,0.7385511969128185,-2.63238787390448,-5.02224389067478,0.5395397096480657,-5.359531722257769,-0.34946683926879385
6234234234.234234,0.5433575347460233,-5.2982861238879675,-0.3372989298980021,0.7370540705000361,-2.6500130200662935,-5.0397906334208376,0.7370540705000361,-2.6500130200662935,-5.0397906334208376,0.5425093652945709,-5.311855204495694,-0.36414751111393767
6240240240.24024,0.5461247555572263,-5.254162733408418,-0.35165071469934794,0.73566685356645,-2.6663762244668736,-5.057166479110336,0.73566685356645,-2.6663762244668736,-5.057166479110336,0.545239957026638,-5.268246502076734,-0.37876542692974213
6246246246.246246,0.5486604201590347,-5.213927365297333,-0.3659315741734379,0.73438910053538,-2.6814755471511704,-5.074380852116623,0.73438910053538,-2.6814755471511704,-5.074380852116623,0.5477390155144324,-5.228526462448842,-0.39332239375487155
6252252252.252253,0.5509716913134417,-5.177414288742696,-0.38014361221875387,0.7332202259818899,-2.695311269418177,-5.091442852447014,0.7332202259818899,-2.695311269418177,-5.091442852447014,0.5500136626477818,-5.1925304450663194,-0.40782052435102467
6258258258.258259,0.5530653362965866,-5.14447120692738,-0.3942891616236085,0.7321595222068693,-2.7078856994237315,-5.1083612660681865,0.7321595222068693,-2.7078856994237315,-5.1083612660681865,0.5520706266815718,-5.160107183966533,-0.42226218180845937
6264264264.264264,0.5549477424144343,-5.114958220414227,-0.4083707377779467,0.7312061748719704,-2.719202994787018,-5.1251445753773766,0.7312061748719704,-2.719202994787018,-5.1251445753773766,0.5539162575329144,-5.131117761041095,-0.43664993220169507
6270270270.27027,0.5566249324911061,-5.088746890661236,-0.4223909990680566,0.7303592768700901,-2.72926900092249,-5.141800969717804,0.7303592768700901,-2.72926900092249,-5.141800969717804,0.5555565420727652,-5.10543467827652,-0.45098650410173524
6276276276.276276,0.5581025802074568,-5.06571939316185,-0.43635271296349226,0.7296178405928673,-2.738091103891391,-5.158338355853255,0.7296178405928673,-2.738091103891391,-5.158338355853255,0.5569971192866507,-5.082941018649182,-0.4652747539359093
6282282282.282282,0.5593860251942101,-5.045767750954148,-0.4502587269564561,0.7289808087438939,-2.7456780966401344,-5.1747643683312985,0.7289808087438939,-2.7456780966401344,-5.1747643683312985,0.5582432952060277,-5.06352968658184,-0.4795176363403166
6288288288.288288,0.5604802878061119,-5.028793140330176,-0.46411194364007885,0.7284470638341518,-2.752040057565117,-5.191086379676894,0.7284470638341518,-2.752040057565117,-5.191086379676894,0.5593000575347928,-5.0471027199237986,-0.4937181787780659
6294294294.294294,0.5613900835220377,-5.01470526152342,-0.47791529931801086,0.7280154364846744,-2.7571882404139925,-5.207311510368934,0.7280154364846744,-2.7571882404139925,-5.207311510368934,0.5601720899139048,-5.033570666348249,-0.5078794598047619
6300300300.300301,0.5621198369314535,-5.003421767976662,-0.49167174562647553,0.7276847126506026,-2.761134974601739,-5.22344663856149,0.7276847126506026,-2.761134974601739,-5.22344663856149,0.5608637857828372,-5.022852017867265,-0.5220045904534192
6306306306.306307,0.5626736952801378,-4.994867748518266,-0.5053842337251325,0.7274536398707167,-2.7638935750851132,-5.239498409519297,0.7274536398707167,-2.7638935750851132,-5.239498409519297,0.561379261809377,-5.0148726978757905,-0.5360966982873704
6312312312.312313,0.5630555415587398,-4.988975257405292,-0.5190557006762275,0.7273209326371638,-2.765478261001122,-5.255473244743856,0.7273209326371638,-2.765478261001122,-5.255473244743856,0.5617223708700714,-5.009565595756071,-0.5501589137344408
6318318318.318318,0.5632690071261038,-4.98568288775213,-0.5326890576852048,0.7272852769714541,-2.7659040823338548,-5.271377350772095,0.7272852769714541,-2.7659040823338548,-5.271377350772095,0.5618967145721503,-5.006870144624774,-0.5641943583704842
6324324324.324325,0.5633174838664406,-4.984935384351006,-0.5462871799212906,0.7273453342848472,-2.76518685392913,-5.2872167276344575,0.7273453342848472,-2.76518685392913,-5.2872167276344575,0.5619056553149543,-5.006731938286434,-0.5782061348670816
6330330330.33033,0.5632041358849263,-4.986683292325768,-0.5598528976751526,0.7274997445939653,-2.7633430962280707,-5.30299717696325,0.7274997445939653,-2.7633430962280707,-5.30299717696325,0.5617523278946143,-5.0091023838841675,-0.592197318357263
6336336336.336336,0.5629319107509285,-4.990882638441602,-0.5733889886436626,0.7277471291558281,-2.760389982138689,-5.318724309745593,0.7277471291558281,-2.760389982138689,-5.318724309745593,0.5614396506603911,-5.0139383871156875,-0.6061709490072489
6342342342.342342,0.5625035503015798,-4.997494642233533,-0.5868981711594641,0.7280860925804414,-2.7563452895093743,-5.334403553717997,0.7280860925804414,-2.7563452895093743,-5.334403553717997,0.560970336234467,-5.021202067222403,-0.6201300256108625
6348348348.348349,0.5619216010212279,-5.0064854544178115,-0.6003830982070657,0.7285152244735882,-2.75122735870944,-5.350040160402067,0.7285152244735882,-2.75122735870944,-5.350040160402067,0.5603469018104498,-5.030860499248282,-0.6340775000474766
6354354354.354355,0.5611884240144912,-5.017825920317611,-0.6138463520874183,0.7290331006574985,-2.745055054860082,-5.365639211782703,0.7290331006574985,-2.745055054860082,-5.365639211782703,0.559571679047177,-5.042885481344785,-0.6480162724659064
6360360360.360361,0.5603062045921671,-5.031491366275224,-0.6272904396100654,0.72963828401259,-2.7378477342943013,-5.381205626631671,0.72963828401259,-2.7378477342943013,-5.381205626631671,0.5586468235768774,-5.057253325123191,-0.6619491870741078
6366366366.366366,0.5592769614905041,-5.047461407235238,-0.6407177877069337,0.7303293249794435,-2.7296252148565414,-5.396744166480844,0.7303293249794435,-2.7296252148565414,-5.396744166480844,0.5575743241474712,-5.073944667275978,-0.6758790284303745
6372372372.372373,0.5581025557450335,-5.065719773876653,-0.6541307393742559,0.7311047617565453,-2.7204077496825505,-5.412259441250248,0.7311047617565453,-2.7204077496825505,-5.412259441250248,0.5563560114195988,-5.092944300880519,-0.6898085181446052
6378378378.378378,0.5567846992407356,-5.086254157842892,-0.6675315498596313,0.7319631202261072,-2.7102160041268872,-5.427755914536931,0.7319631202261072,-2.7102160041268872,-5.427755914536931,0.5549935664398051,-5.114241024965795,-0.7037403119097657
6384384384.384384,0.5553249629604627,-5.109056073775435,-0.6809223830206859,0.7329029136373728,-2.6990710355303476,-5.443237908571319,0.7329029136373728,-2.6990710355303476,-5.443237908571319,0.5534885288111644,-5.137827511085009,-0.717676996793142
6390390390.39039,0.5537247849536575,-5.134120736996145,-0.6943053077888466,0.7339226420742682,-2.686994275541992,-5.458709608848077,0.7339226420742682,-2.686994275541992,-5.458709608848077,0.5518423045828212,-5.163700185776352,-0.7316210887256612
6396396396.396397,0.551985478047185,-5.16144695581221,-0.7076822946787054,0.7350207917319739,-2.674007514731041,-5.474175068438965,0.7350207917319739,-2.674007514731041,-5.474175068438965,0.5500561738798807,-5.191859127922058,-0.7455750301342059
6402402402.402403,0.550108237319881,-5.191037037533105,-0.7210552122883138,0.7361958340250073,-2.660132889242358,-5.489638211995325,0.7361958340250073,-2.660132889242358,-5.489638211995325,0.5481312982946487,-5.222307980136706,-0.7595411876682129
6408408408.408409,0.5480941473620085,-5.222896707395805,-0.7344258237403778,0.7374462245476354,-2.6453928692662987,-5.505102839448036,0.7374462245476354,-2.6453928692662987,-5.505102839448036,0.5460687280597748,-5.255053873425801,-0.77352184997707
6414414414.414414,0.5459441893403356,-5.257035039692552,-0.74779578301775,0.7387704019059337,-2.6298102491086235,-5.520572629412942,0.7387704019059337,-2.6298102491086235,-5.520572629412942,0.5438694090236312,-5.290107364452598,-0.787519225498857
6420420420.420421,0.5436592478890093,-5.293464400485913,-0.7611666311493575,0.7401667864394598,-2.6134081386602706,-5.536051142309682,0.7401667864394598,-2.6134081386602706,-5.536051142309682,0.541534189447342,-5.32748238485111,-0.8015354402250138
6426426426.426426,0.5412401178457958,-5.332200401380163,-0.7745397922047561,0.7416337788493933,-2.5962099560789436,-5.551541823202009,0.7416337788493933,-2.5962099560789436,-5.551541823202009,0.539063826642468,-5.367196202108586,-0.8155725354083498
6432432432.432432,0.5386875108526047,-5.3732618638970395,-0.7879165690569467,0.7431697587490144,-2.578239421505821,-5.567048004367636,0.7431697587490144,-2.578239421505821,-5.567048004367636,0.5364589934675297,-5.409269391627203,-0.8296324651843813
6438438438.438438,0.536002061838453,-5.416670794079657,-0.8012981388739319,0.7447730831515978,-2.559520551650549,-5.582572907605627,0.7447730831515978,-2.559520551650549,-5.582572907605627,0.5337202847008959,-5.45372581965411,-0.8437170940780223
6444444444.444445,0.5331843354024184,-5.462452367017448,-0.8146855482996175,0.7464420849101088,-2.5400776550869644,-5.598119646289421,0.7464420849101088,-2.5400776550869644,-5.598119646289421,0.5308482233066967,-5.500592636848667,-0.8578281943692175
6450450450.450451,0.5302348321132332,-5.510634921055642,-0.8280797082844034,0.7481750711225552,-2.519935328109899,-5.613691227173448,0.7481750711225552,-2.519935328109899,-5.613691227173448,0.5278432666095981,-5.549900282332114,-0.8719674432920989
6456456456.456457,0.5271539947414552,-5.561249961517999,-0.841481388525111,0.7499703215164103,-2.4991184510108604,-5.629290551961475,0.7499703215164103,-2.4991184510108604,-5.629290551961475,0.5247058123934967,-5.601682498139534,-0.8861364200432128
6462462462.462462,0.5239422144393621,-5.614332173836284,-0.8548912114720671,0.7518260868251889,-2.47765218463687,-5.644920418644681,0.7518260868251889,-2.47765218463687,-5.644920418644681,0.5214362049381528,-5.655976354072042,-0.9003366025746007
6468468468.468469,0.5205998368827734,-5.669919446046322,-0.8683096458596192,0.7537405871700134,-2.4555619671027804,-5.660583522617618,0.7537405871700134,-2.4555619671027804,-5.660583522617618,0.518034741006902,-5.712822283023375,-0.9145693641475124
6474474474.474474,0.5171271683882805,-5.728052900673013,-0.881736999713409,0.7557120104588446,-2.4328735105326253,-5.676282457580263,0.7557120104588446,-2.4328735105326253,-5.676282457580263,0.5145016757977454,-5.7722641269317085,-0.9288359696221635
6480480480.48048,0.513524482018381,-5.7887769360940435,-0.8951734127846106,0.7577385108159542,-2.4096127977105426,-5.692019716234459,0.7577385108159542,-2.4096127977105426,-5.692019716234459,0.5108372288688774,-5.8343491935933915,-0.9431375714581396
6486486486.486486,0.5097920236861947,-5.852139277537898,-0.9086188483574466,0.7598182070541618,-2.385806078526325,-5.707797690783155,0.7598182070541618,-2.385806078526325,-5.707797690783155,0.5070415900488224,-5.899128324658534,-0.9574752053991745
6492492492.492493,0.5059300182704717,-5.918191037942108,-0.922073084371435,0.7619491812023791,-2.3614798661047383,-5.723618673241092,0.7619491812023791,-2.3614798661047383,-5.723618673241092,0.5031149253402106,-5.966655975220434,-0.9718497858140116
6498498498.498499,0.5019386757507184,-5.98698678896937,-0.9355357037943706,0.7641294771010374,-2.3366609325116636,-5.739484855565707,0.7641294771010374,-2.3366609325116636,-5.739484855565707,0.499057382825263,-6.036990305505274,-0.9862621006632666
6504504504.504505,0.4978181973713343,-6.058584642555365,-0.94900608417539,0.7663570990780343,-2.3113763039339514,-5.755398329617264,0.7663570990780343,-2.3113763039339514,-5.755398329617264,0.49486909857956257,-6.110193285279273,-1.0007128060598396
6510510510.51051,0.49356878184262354,-6.1330463434444935,-0.9624833863000253,0.768630010717934,-2.285653255233276,-5.7713610869575955,0.768630010717934,-2.285653255233276,-5.7713610869575955,0.49055020259989085,-6.1863308116976246,-1.0152024203869
6516516516.516517,0.4891906315857207,-6.210437373254065,-0.9759665418601187,0.7709461337372288,-2.2595193037780144,-5.787375018496992,0.7709461337372288,-2.2595193037780144,-5.787375018496992,0.48610082475038285,-6.2654728414494425,-1.0297313179341805
6522522522.522522,0.4846839590274302,-6.290827066702271,-0.9894542400413825,0.7733033469785586,-2.233002202460657,-5.803441913999193,0.7733033469785586,-2.233002202460657,-5.803441913999193,0.4815211007301273,-6.347693538187926,-1.0442997220085963
6528528528.528528,0.48004899295007164,-6.374288740735502,-1.0029449129194377,0.7756994855368661,-2.2061299318117764,-5.819563461454838,0.7756994855368661,-2.2061299318117764,-5.819563461454838,0.47681117806398665,-6.43307143638813,-1.0589076974699052
6534534534.534534,0.4752859849004721,-6.4608998374007935,-1.0164367195414445,0.77813234003049,-2.1789306911255384,-5.835741246334049,0.77813234003049,-2.1789306911255384,-5.835741246334049,0.47197122211713133,-6.521689622943271,-1.0735551426359469
6540540540.540541,0.47039521566143944,-6.5507420814276,-1.0299275285545915,0.7805996560302239,-2.151432888515557,-5.851976750729286,0.7805996560302239,-2.151432888515557,-5.851976750729286,0.46700142213227247,-6.6136359380028935,-1.088241780494825
6546546546.546547,0.4653770017881178,-6.643901653616018,-1.0434148992242367,0.7830991336593299,-2.12366512982404,-5.868271352400092,0.7830991336593299,-2.12366512982404,-5.868271352400092,0.4619019972873332,-6.70900319676674,-1.1029671491523305
6552552552.552553,0.4602317022108996,-6.740469381272235,-1.0568960606632898,0.7856284273773981,-2.0956562063118103,-5.884626323731768,0.7856284273773981,-2.0956562063118103,-5.884626323731768,0.4566732027698455,-6.807889434189345,-1.1177305914330389
6558558558.558558,0.4549597249059066,-6.840540947090825,-1.0703678890694976,0.7881851459607917,-2.0674350810614333,-5.9010428306205185,0.7881851459607917,-2.0674350810614333,-5.9010428306205185,0.451315335862891,-6.910398174823403,-1.1325312435413197
6564564564.564565,0.4495615336334317,-6.944217118060387,-1.0838268827387667,0.7907668526921722,-2.039030874031094,-5.917521931298122,0.7907668526921722,-2.039030874031094,-5.917521931298122,0.4458287420360474,-7.016638730337723,-1.1473680226744336
6570570570.57057,0.4440376547443838,-7.051603996162577,-1.097269134589041,0.7933710657712889,-2.0104728457023273,-5.93406457510967,0.7933710657712889,-2.0104728457023273,-5.93406457510967,0.44021382103338413,-7.126726527597727,-1.1622396134634734
6576576576.576576,0.43838868405448805,-7.16281329285149,-1.1106903018903267,0.7959952589587861,-1.9817903792709788,-5.950671601258411,0.7959952589587861,-1.9817903792709788,-5.950671601258411,0.4344710329491259,-7.240783470599359,-1.177144453097822
6582582582.582582,0.4326152937860659,-7.277962629538614,-1.1240855728509194,0.7986368624642615,-1.953012961337329,-5.967343737532231,0.7986368624642615,-1.953012961337329,-5.967343737532231,0.42860090428039743,-7.358938340005482,-1.1920807149658217
6588588588.588589,0.4267182395774789,-7.397175866574973,-1.1374496296567547,0.801293264089179,-1.9241701610583877,-5.984081599026827,0.801293264089179,-1.9241701610583877,-5.984081599026827,0.4226040339451129,-7.48132723456472,-1.207046290617395
6594594594.594595,0.42069836756102047,-7.52058346351633,-1.1507766074980794,0.8039618106344499,-1.895291607733355,-6.000885686880963,0.8039618106344499,-1.895291607733355,-6.000885686880963,0.4164810992519408,-7.608094059301952,-1.2220387698204356
6600600600.600601,0.41455662151113054,-7.648322873784652,-1.1640600490445951,0.8066398095816485,-1.866406966801049,-6.017756387039812,0.8066398095816485,-1.866406966801049,-6.017756387039812,0.41023286180823954,-7.739391066074193,-1.2370554184458817
6606606606.6066065,0.40829405006645725,-7.780538977201741,-1.177292853743641,0.8093245310557595,-1.8375459142374204,-6.034693969062516,0.8093245310557595,-1.8375459142374204,-6.034693969062516,0.40386017335108415,-7.875379452900072,-1.2520931538682478
6612612612.612613,0.40191181403156373,-7.9173845542728625,-1.19046722121417,0.8120132100762268,-1.808738109350276,-6.051698584990712,0.8120132100762268,-1.808738109350276,-6.051698584990712,0.3973639814856,-8.01623002942502,-1.2671485175150026
6618618618.618618,0.39541119376721473,-8.059020806540941,-1.203574587888318,0.8147030491017416,-1.7800131659785476,-6.0687702682947755,0.8147030491017416,-1.7800131659785476,-6.0687702682947755,0.3907453353146552,-8.162123956985347,-1.2822176441303026
6624624624.624624,0.3887935966821247,-8.205617927822642,-1.2166055559097306,0.817391220872785,-1.7514006221136706,-6.085908932914979,0.817391220872785,-1.7514006221136706,-6.085908932914979,0.38400539094362024,-8.313253573033117,-1.2972962272406763
6630630630.6306305,0.38206056484430695,-8.3573557316729,-1.229549813126902,0.8200748715543226,-1.7229299079718903,-6.103114372414667,0.8200748715543226,-1.7229299079718903,-6.103114372414667,0.37714541684427194,-8.469823311199189,-1.312379480212488
6636636636.636637,0.37521378273673195,-8.514424341010358,-1.2423960428171914,0.8227511241793471,-1.6946303125574382,-6.120386259262763,0.8227511241793471,-1.6946303125574382,-6.120386259262763,0.37016679906244027,-8.632050730062586,-1.3274620921762668
6642642642.642643,0.3682550851901852,-8.677024946473036,-1.2551318215338658,0.8254170823920963,-1.6665309487684474,-6.137724144262819,0.8254170823920963,-1.6665309487684474,-6.137724144262819,0.3630710462552377,-8.80016766580458,-1.3425381779509806
6648648648.648649,0.3611864655367649,-8.845370640749096,-1.2677435031768685,0.8280698344877538,-1.6386607171098957,-6.155127456145511,0.8280698344877538,-1.6386607171098957,-6.155127456145511,0.3558597945456522,-8.974421526425525,-1.3576012209283668
6654654654.6546545,0.3540100840400065,-9.019687336854021,-1.280216087037279,0.8307064577434037,-1.6110482680896352,-6.1725955013414895,0.8307064577434037,-1.6110482680896352,-6.1725955013414895,0.34853481218448046,-9.155076748188508,-1.3726440076674693
6660660660.660661,0.3467282766738237,-9.200214779064524,-1.2925330671414534,0.8333240230327321,-1.5837219633868174,-6.190127463950828,0.8333240230327321,-1.5837219633868174,-6.190127463950828,0.3410980040134971,-9.34241643849881,-1.3876585526885263
6666666666.666666,0.33934356434197566,-9.387207655972793,-1.304676259707368,0.8359195997147171,-1.5567098358942628,-6.207722405924897,0.8359195997147171,-1.5567098358942628,-6.207722405924897,0.33355141572802216,-9.53674423369742,-1.4026360116339918
6672672672.672672,0.3318586626542053,-9.580936825840778,-1.3166256049020417,0.8384902607841769,-1.5300395487489469,-6.225379267475875,0.8384902607841769,-1.5300395487489469,-6.225379267475875,0.3258972379431464,-9.73838640537238,-1.417566580565423
6678678678.6786785,0.32427649240539247,-9.78169066506398,-1.328358938327601,0.8410330882696131,-1.5037383534774587,-6.243096867728209,0.8410330882696131,-1.5037383534774587,-6.243096867728209,0.3181378100755249,-9.94769425498966,-1.4324393786657093
6684684684.684685,0.3166001909413488,-9.989776551017847,-1.339851726732738,0.8435451788613694,-1.4778330473951637,-6.260873905625452,0.8435451788613694,-1.4778330473951637,-6.260873905625452,0.3102756240623654,-10.16504684416831,-1.4472423109888894
6690690690.690691,0.30883312464144025,-10.205522490724055,-1.3510767613023782,0.8460236497506725,-1.4523499304096732,-6.278708961104819,0.8460236497506725,-1.4523499304096732,-6.278708961104819,0.30231332795159954,-10.390854117095941,-1.4619619071100292
6696696696.696697,0.3009789028059892,-10.429278906465672,-1.3620038004697967,0.8484656446577021,-1.4273147613904684,-6.296600496550581,0.8484656446577021,-1.4273147613904684,-6.296600496550581,0.29425372941302647,-10.625560482809727,-1.4765831305187151
6702702702.702703,0.29304139330883,-10.661420588419649,-1.3725991524524745,0.8508683400244781,-1.4027527142769696,-6.314546858536008,0.8508683400244781,-1.4027527142769696,-6.314546858536008,0.2860997992402565,-10.869648938888062,-1.4910891523158356
6708708708.708709,0.28502474046611065,-10.902348822175457,-1.3828251855513167,0.8532289513460868,-1.3786883341069038,-6.332546279862139,0.8532289513460868,-1.3786883341069038,-6.332546279862139,0.2778546749388704,-11.123645835187695,-1.5054610811143747
6714714714.714715,0.27693338568701786,-11.152493695082368,-1.3926397515612967,0.855544739611591,-1.355145493155693,-6.350596881899965,0.855544739611591,-1.355145493155693,-6.350596881899965,0.2695216645292,-11.388126397498187,-1.519677638895891
6720720720.72072,0.26877209161701393,-11.412316578880727,-1.4019955042808392,0.8578130178239701,-1.3321473473849776,-6.368696677240896,0.8578130178239701,-1.3321473473849776,-6.368696677240896,0.26110425073493987,-11.663721157512656,-1.5337147697668518
6726726726.726727,0.2605459706689488,-11.682312775776097,-1.4108390908983983,0.8600311575666048,-1.3097162934047026,-6.386843572658548,0.8600311575666048,-1.3097162934047026,-6.386843572658548,0.2526060957843894,-11.951123468837801,-1.5475451648575023
6732732732.732733,0.252260519073629,-11.963014299213974,-1.4191101887510147,0.8621965955821909,-1.2878739261582162,-6.405035372382834,0.8621965955821909,-1.2878739261582162,-6.405035372382834,0.2440310471248751,-12.251098330828437,-1.5611376816915818
6738738738.738739,0.2439216578855852,-12.254992736438757,-1.426740353305456,0.8643068403286046,-1.2666409975430513,-6.423269781685409,0.8643068403286046,-1.2666409975430513,-6.423269781685409,0.2353831444487653,-12.564492795440733,-1.5744566297664182
6744744744.744745,0.23553578277316495,-12.558862103573983,-1.4336516348466573,0.8663594784751202,-1.2460373761820078,-6.441544410773404,0.8663594784751202,-1.2460373761820078,-6.441544410773404,0.22666662856145736,-12.892248300464127,-1.5874608851657077
6750750750.7507515,0.22710982493371268,-12.875281549669563,-1.4397549108289316,0.8683521813015727,-1.2260820085591948,-6.459856778986096,0.8683521813015727,-1.2260820085591948,-6.459856778986096,0.21788595280147194,-13.235415359963138,-1.6001027848385638
6756756756.756757,0.2186513261433707,-13.204957685385315,-1.4449478676168352,0.8702827109625647,-1.2067928817340352,-6.478204319287193,0.8702827109625647,-1.2067928817340352,-6.478204319287193,0.2090457979708388,-13.59517115556659,-1.6123267343341303
6762762762.762763,0.2101685318294296,-13.548646192027123,-1.4491125487954633,0.872148926578664,-1.188186987842702,-6.496584383043074,0.872148926578664,-1.188186987842702,-6.496584383043074,0.2001510920806695,-13.972840718390646,-1.6240674392354715
6768768768.768768,0.20167050721158405,-13.907152188624867,-1.4521123667000881,0.8739487901167239,-1.1702802905912353,-6.514994245075176,0.8739487901167239,-1.1702802905912353,-6.514994245075176,0.19120703670803313,-14.369922581445646,-1.635247637219133
6774774774.774775,0.19316728309096654,-14.281328570446359,-1.4537884487017336,0.8756803720220327,-1.1530876939372667,-6.533431108972688,0.8756803720220327,-1.1530876939372667,-6.533431108972688,0.18221914246721543,-14.788120030115122,-1.6457751598980912
6780780780.780781,0.1846700398973456,-14.672071139670486,-1.4539551597874965,0.8773418565659139,-1.1366230131484136,-6.551892112649473,0.8773418565659139,-1.1366230131484136,-6.551892112649473,0.17319327713039379,-15.229379401320225,-1.6555390841533153
6786786786.786787,0.17619134129696795,-15.080308765170278,-1.4523946086052517,0.8789315468737168,-1.1208989484143597,-6.570374334127393,0.8789315468737168,-1.1208989484143597,-6.570374334127393,0.16413573146644106,-15.695937301608115,-1.6644046301559778
6792792792.792793,0.16774543221979943,-15.50698594046641,-1.4488499077313108,0.8804478695997796,-1.1059270611773717,-6.588874797526055,0.8804478695997796,-1.1059270611773717,-6.588874797526055,0.1550533101846856,-16.190379154209,-1.6722063095540238
6798798798.7987995,0.1593486208245935,-15.953033820568155,-1.4430169265725068,0.8818893792179843,-1.0917177533315876,-6.607390479237553,0.8818893792179843,-1.0917177533315876,-6.607390479237553,0.14595345894341524,-16.715712164634372,-1.678738592765806
6804804804.804805,0.15101976993064647,-16.419323913769727,-1.4345342606219833,0.8832547618988743,-1.0782802494257755,-6.6259183142629565,0.8832547618988743,-1.0782802494257755,-6.6259183142629565,0.1368444440040482,-17.275456612116436,-1.6837429999256301
6810810810.810811,0.14278093097439218,-16.90659581276446,-1.4229711717002989,0.8845428389469701,-1.0656225819872878,-6.644455202686041,0.8845428389469701,-1.0656225819872878,-6.644455202686041,0.1277356101555689,-17.873760263321476,-1.6868899428057345
6816816816.816816,0.13465816248070242,-17.415346322526496,-1.4078133850530863,0.8857525697748925,-1.053751580066483,-6.6629980162584355,0.8857525697748925,-1.053751580066483,-6.6629980162584355,0.11863775743843002,-18.515541423902327,-1.6877527119589337
6822822822.822823,0.12668258450725042,-17.945661699531477,-1.388446963854703,0.8868830543941227,-1.0426728610816018,-6.681543605069412,0.8868830543941227,-1.0426728610816018,-6.681543605069412,0.10956370241247942,-19.206666006977578,-1.6857694631968296
6828828828.828829,0.11889172794605445,-18.496967219208415,-1.3641412065893073,0.8879335354056606,-1.0323908260239698,-6.7000888042726965,0.8879335354056606,-1.0323908260239698,-6.7000888042726965,0.10052913358553713,-19.954161208274993,-1.6801864621607434
6834834834.834835,0.11133123674864995,-19.067659328892322,-1.334032949634775,0.8889033994774834,-1.0229086580624442,-6.718630440842148,0.8889033994774834,-1.0229086580624442,-6.718630440842148,0.09155394926815472,-20.76645834491377,-1.6699713882728044
6840840840.840841,0.10405695877412866,-19.654577423674716,-1.2971173173592503,0.8897921782994556,-1.0142283245649666,-6.737165340327812,0.8897921782994556,-1.0142283245649666,-6.737165340327812,0.08266441155464238,-21.653628428530304,-1.6536777358802828
6846846846.846848,0.0971373910016042,-20.252271307114086,-1.2522545417440276,0.8905995490102226,-1.0063505825334043,-6.7556903335837415,0.8905995490102226,-1.0063505825334043,-6.7556903335837415,0.07389672740632595,-22.627495887271248,-1.6292278077641302
6852852852.852853,0.09065628161828387,-20.852041960957713,-1.1982095971521276,0.8913253340944961,-0.9992749874268608,-6.774202263439127,0.8913253340944961,-0.9992749874268608,-6.774202263439127,0.06530321051701965,-23.701309337576397,-1.5935588643974474
6858858858.858859,0.08471486797056818,-21.440807233547922,-1.1337506387318523,0.891969500753084,-0.992999905327103,-6.792697991284755,0.891969500753084,-0.992999905327103,-6.792697991284755,0.05696325340242165,-24.888104286873034,-1.5420426466427726
6864864864.864864,0.07943268205412715,-22.000015463945445,-1.05783965994528,0.8925321597518566,-0.9875225283794397,-6.811174403547261,0.8925321597518566,-0.9875225283794397,-6.811174403547261,0.04900341671204319,-26.19547276373375,-1.4675605597640429
6870870870.870871,0.07494512176967968,-22.50513260853772,-0.9699427740861334,0.893013563759612,-0.9828388934224147,-6.82962841802472,0.893013563759612,-0.9828388934224147,-6.82962841802472,0.04163438851514863,-27.610956188960497,-1.3592224636326837
6876876876.876877,0.07139542235576911,-22.92659265785516,-0.8704466003978354,0.8934141051884532,-0.9789439037005692,-6.848056990057923,0.8934141051884532,-0.9789439037005692,-6.848056990057923,0.03521463877993685,-29.065535241945714,-1.2015411930055881
6882882882.882883,0.0689191748305853,-23.233198620031196,-0.7610731816353704,0.893734313553729,-0.9758313535367826,-6.8664571185132175,0.893734313553729,-0.9758313535367826,-6.8664571185132175,0.03033042126291275,-30.362431153570505,-0.9781513966937816
6888888888.888889,0.06762229604605956,-23.39820174587856,-0.645067872799612,0.893974852373841,-0.9734939558240095,-6.8848258515540035,0.893974852373841,-0.9734939558240095,-6.8848258515540035,0.027772897833293522,-31.12757606912899,-0.6894646359370238
6894894894.894896,0.06755823757459725,-23.406433772195513,-0.526912795999231,0.8941365156331946,-0.97192337218115,-6.9031602921797255,0.8941365156331946,-0.97192337218115,-6.9031602921797255,0.028147212198576837,-31.01129225549257,-0.3775909560846744
6900900900.900901,0.06871393620775401,-23.259103452600975,-0.41152497867383253,0.894220223834306,-0.9711102456039531,-6.9214576035129145,0.894220223834306,-0.9711102456039531,-6.9214576035129145,0.03131154801955841,-30.085909213146902,-0.10552804280055267
6906906906.906907,0.07101179210947298,-22.973390540312224,-0.303249408579687,0.8942270196674451,-0.9710442354302006,-6.939715013816733,0.8942270196674451,-0.9710442354302006,-6.939715013816733,0.036512446027338955,-28.751181439831726,0.09772019115924739
6912912912.912912,0.07432676751020302,-22.577095087250076,-0.20511943786761377,0.8941580633282991,-0.9717140544279759,-6.957929821227374,0.8941580633282991,-0.9717140544279759,-6.957929821227374,0.042983682335900546,-27.33392764024234,0.23949051970028715
6918918918.918919,0.07851023724750178,-22.10147420516547,-0.11864773649452823,0.8940146275158639,-0.973107507807517,-6.9760993981878565,0.8940146275158639,-0.973107507807517,-6.9760993981878565,0.05020505975443581,-25.98505023371418,0.33689601377432327
6924924924.924925,0.08341135536008194,-21.57549643699963,-0.04406315364836154,0.8937980921441596,-0.975211533950608,-6.994221195571736,0.8937980921441596,-0.975211533950608,-6.994221195571736,0.05786685529064223,-24.75140236483555,0.40413476626456873
6930930930.930931,0.08889110438210106,-21.022833961938243,0.01926285472652309,0.8935099388023962,-0.9780122466467367,-7.0122927464874385,0.8935099388023962,-0.9780122466467367,-7.0122927464874385,0.06578745231541937,-23.637138635266147,0.45086367594422966
6936936936.936937,0.09482891114374066,-20.46118472243952,0.07241113581812687,0.893151744998901,-0.9814949786223408,-7.030311669756134,0.893151744998901,-0.9814949786223408,-7.030311669756134,0.07385719539212691,-22.63214376008834,0.4833593512078535
6942942942.942944,0.10112402090884949,-19.902913404689578,0.11662224339874935,0.892725178224447,-0.985644326148426,-7.048275673058041,0.892725178224447,-0.985644326148426,-7.048275673058041,0.08200695418627403,-21.72298635801679,0.5057175581358558
6948948948.948949,0.10769401857824783,-19.356168342693817,0.15312097783218143,0.8922319898706202,-0.9904441945124407,-7.066182555744292,0.8922319898706202,-0.9904441945124407,-7.066182555744292,0.09019112283114004,-20.89672412614034,0.5206668516117228
6954954954.954955,0.1144722022163916,-18.82599924285065,0.18302825469889344,0.891674009038544,-0.9958778441426209,-7.084030211313454,0.891674009038544,-0.9958778441426209,-7.084030211313454,0.09837828354335508,-20.142015181407377,0.530071837835249
6960960960.96096,0.1214047724071772,-18.315284817214483,0.2073275044710704,0.8910531362726509,-1.0019279371768228,-7.101816629553762,0.8910531362726509,-1.0019279371768228,-7.101816629553762,0.10654591500917113,-19.449263931287394,0.535239822950479
6966966966.966967,0.1284482814092042,-17.82543404118623,0.22686097163179447,0.8903713372532889,-1.008576584273212,-7.119539898354002,0.8903713372532889,-1.008576584273212,-7.119539898354002,0.11467728498869414,-18.810451952527497,0.5371097491234584
6972972972.972973,0.13556749154566183,-17.35688879565395,0.24234034267174373,0.8896306364807816,-1.0158053914668121,-7.137198205187765,0.8896306364807816,-1.0158053914668121,-7.137198205187765,0.12275956098650845,-18.218893467280314,0.5363710167859862
6978978978.978979,0.14273364972421906,-16.9094725816055,0.2543628777252589,0.8888331109821903,-1.0235955068835914,-7.1547898382774004,0.8888331109821903,-1.0235955068835914,-7.1547898382774004,0.13078262362400198,-17.66899909049773,0.5335399803929853
6984984984.984985,0.14992312770455016,-16.482627321727577,0.2634284816111714,0.887980884070408,-1.0319276671328734,-7.1723131874455905,0.887980884070408,-1.0319276671328734,-7.1723131874455905,0.13873829887760453,-17.156072697032265,0.5290103672281269
6990990990.990992,0.1571163625318104,-16.075571679565275,0.26995559684965975,0.8870761191834778,-1.0407822432083915,-7.1897667446637605,0.8870761191834778,-1.0407822432083915,-7.1897667446637605,0.14661984770456857,-16.676144718710212,0.5230872650012791
6996996996.996997,0.16429703459221054,-15.687405502067095,0.27429511044922833,0.8861210138301109,-1.0501392857389804,-7.207149104307867,0.8861210138301109,-1.0501392857389804,-7.207149104307867,0.15442161828988896,-16.225838011768683,0.5160105201088652
7003003003.003003,0.17145143017366385,-15.31717775674454,0.276742119788071,0.8851177936653529,-1.0599785694411044,-7.224458963133211,0.8851177936653529,-1.0599785694411044,-7.224458963133211,0.16213880366489744,-15.802260714650451,0.5079711621095006
7009009009.009008,0.17856794588895822,-14.963929942871205,0.2775456996692216,0.8840687067182641,-1.070279636636897,-7.24169511998081,0.8840687067182641,-1.070279636636897,-7.24169511998081,0.16976726917765683,-15.402920744236976,0.4991231409819297
7015015015.015015,0.18563670173603683,-14.626723128542602,0.27691692473353313,0.8829760177913055,-1.0810218397134603,-7.2588564752287885,0.8829760177913055,-1.0810218397134603,-7.2588564752287885,0.17730342723342996,-15.02565739016086,0.4895918536660358
7021021021.021021,0.19264923732034667,-14.304654119546525,0.2750354233010914,0.8818420030489276,-1.0921843824114317,-7.275942030002779,0.8818420030489276,-1.0921843824114317,-7.275942030002779,0.1847441446252364,-14.668586349298486,0.47948043226977244
7027027027.027027,0.19959827186315937,-13.996864463732761,0.2720547202381581,0.8806689448106805,-1.103746359842888,-7.292950885160035,0.8806689448106805,-1.103746359842888,-7.292950885160035,0.1920866727165298,-14.33005532290714,0.46887444625278135
7033033033.033033,0.20647751330471256,-13.702544776465528,0.26810659292287864,0.8794591265619686,-1.1156867971510755,-7.309882240062176,0.8794591265619686,-1.1156867971510755,-7.309882240062176,0.19932859389548116,-14.008607936649437,0.45784546378122065
7039039039.03904,0.21328150536363114,-13.420936052451744,0.26330462800857113,0.8782148281934486,-1.1279846867363619,-7.326735391151832,0.8782148281934486,-1.1279846867363619,-7.326735391151832,0.20646777977925757,-13.702954246336347,0.44645378099734595
7045045045.045045,0.22000550409053948,-13.151329077533374,0.25774713285339457,0.876938321477976,-1.1406190239847729,-7.343509730348637,0.876938321477976,-1.1406190239847729,-7.343509730348637,0.21350235801326495,-13.411946481491647,0.4347505365330715
7051051051.051051,0.22664537746602387,-12.893062682908468,0.2515195261807192,0.875631865792003,-1.153568841446897,-7.360204743279983,0.875631865792003,-1.153568841446897,-7.360204743279983,0.2204306854334116,-13.134558978002852,0.4227793663803705
7057057057.057056,0.23319752310653744,-12.645521334424775,0.24469630810381504,0.8742977040864142,-1.1668132414260328,-7.376820007361831,0.8742977040864142,-1.1668132414260328,-7.376820007361831,0.2272513259926842,-12.869871480524678,0.41057771126346104
7063063063.063063,0.23965880028250564,-12.408132381308661,0.2373426897281848,0.872938059109957,-1.1803314269451237,-7.393355189744863,0.872938059109957,-1.1803314269451237,-7.393355189744863,0.23396303229341078,-12.617055171395554,0.39817785857268534
7069069069.069069,0.24602647331555777,-12.180363175308692,0.22951594651272028,0.8715551298867253,-1.1941027310720356,-7.409810045140761,0.8715551298867253,-1.1941027310720356,-7.409810045140761,0.24056472987759678,-12.37536091834148,0.3856077795809412
7075075075.075075,0.2522981640769628,-11.961718194891889,0.22126654676461405,0.8701510884475511,-1.2081066445923065,-7.426184413543215,0.8701510884475511,-1.2081066445923065,-7.426184413543215,0.24705550364872383,-12.144109338009187,0.3728918073487499
7081081081.081081,0.2584718118089679,-11.751736257848211,0.21263909645454565,0.8687280768136936,-1.2223228420273828,-7.442478217857842,0.8687280768136936,-1.2223228420273828,-7.442478217857842,0.253434585958974,-11.92268235367889,0.3600511896038828
7087087087.087088,0.26454563887377774,-11.549987871348739,0.20367313344606933,0.8672882042298665,-1.236731206004636,-7.458691461454579,0.8672882042298665,-1.236731206004636,-7.458691461454579,0.25970134601169115,-11.710515989013086,0.3471045427262447
7093093093.093094,0.27051812132986375,-11.356072745716581,0.19440379780399225,0.8658335446424329,-1.2513118499930165,-7.474824225655727,0.8658335446424329,-1.2513118499930165,-7.474824225655727,0.2658552803150379,-11.507094189492943,0.3340682269231256
7099099099.099099,0.27638796346370353,-11.169617483201232,0.18486239973548968,0.8643661344174979,-1.2660451394252437,-7.49087666717219,0.8643661344174979,-1.2660451394252437,-7.49087666717219,0.2718960039863582,-11.311943502492511,0.3209566581613042
7105105105.105105,0.2821540755826724,-10.990273443389578,0.17507690264353107,0.862887970292669,-1.280911711233709,-7.506849015499807,0.862887970292669,-1.280911711233709,-7.506849015499807,0.2778232427540837,-11.124628478117128,0.30778256901074597
7111111111.111111,0.2878155545135524,-10.817714780826119,0.16507233551973838,0.8614010075554219,-1.2958924918328032,-7.52274157028708,0.8614010075554219,-1.2958924918328032,-7.52274157028708,0.2836368255398536,-10.944747677784692,0.2945572279608337
7117117117.117117,0.29337166636034334,-10.651636646770008,0.1548711462970118,0.8599071584402642,-1.310968713585651,-7.538554698684971,0.8599071584402642,-1.310968713585651,-7.538554698684971,0.28933667753060305,-10.771930197451386,0.2812906247801899
7123123123.123123,0.2988218311608357,-10.49175354500817,0.1444935056886759,0.8584082907363142,-1.3261219297972735,-7.554288832688641,0.8584082907363142,-1.3261219297972735,-7.554288832688641,0.2949228136707045,-10.605832628443217,0.2679916279549131
7129129129.129129,0.30416560914973384,-10.33779783069863,0.13395756935245573,0.8569062265963939,-1.3413340282802277,-7.5699444664804805,0.8569062265963939,-1.3413340282802277,-7.5699444664804805,0.30039533252021516,-10.446136391843595,0.25466811904376274
7135135135.135136,0.30940268839020224,-10.189518340983987,0.12327970485180335,0.8554027415383426,-1.3565872435419255,-7.585522153783004,0.8554027415383426,-1.3565872435419255,-7.585522153783004,0.30575441043685464,-10.292545392975068,0.24132710785392045
7141141141.141142,0.3145328735790475,-10.046679146321454,0.11247468877868265,0.8538995636289738,-1.3718641676453702,-7.6010225052295075,0.8538995636289738,-1.3718641676453702,-7.6010225052295075,0.3110002960489822,-10.144783951143111,0.22797483160210052
7147147147.147147,0.3195560758654395,-9.909058411956611,0.10155587849859846,0.852398372840882,-1.387147759797271,-7.616446185759766,0.852398372840882,-1.387147759797271,-7.616446185759766,0.3161333049932871,-10.002594966924365,0.21461684064231146
7153153153.153153,0.32447230355102846,-9.77644735960231,0.09053536224066398,0.8509008005721723,-1.4024213547192348,-7.631793912047403,0.8509008005721723,-1.4024213547192348,-7.631793912047403,0.321153814897078,-9.865738295111282,0.2012580728739984
7159159159.159159,0.32928165356174643,-9.64864932009892,0.0794240906497939,0.8494084293191715,-1.4176686698585683,-7.647066449964775,0.8494084293191715,-1.4176686698585683,-7.647066449964775,0.3260622605883087,-9.733989296295814,0.1879029185717946
7165165165.165165,0.33398430360005466,-9.525478868563136,0.06823199241980688,0.8479227924921494,-1.4328738114965234,-7.66226461209088,0.8479227924921494,-1.4328738114965234,-7.66226461209088,0.3308591295204581,-9.607137544079809,0.17455527707613258
7171171171.171171,0.3385805049009669,-9.406761034268712,0.056968076214585696,0.846445374364214,-1.4480212798116454,-7.677389255266888,0.846445374364214,-1.4480212798116454,-7.677389255266888,0.33554495740108076,-9.484985668280888,0.1612186065407605
7177177177.177177,0.3430705755274831,-9.292330578196905,0.045640520743483355,0.8449776101436368,-1.4630959729563648,-7.692441278203574,0.8449776101436368,-1.4630959729563648,-7.692441278203574,0.34012032401521075,-9.36734831730367,0.14789596773437383
7183183183.183184,0.3474548941508306,-9.182031331857557,0.03425675457354273,0.843520886160083,-1.4780831902043554,-7.707421619144218,0.843520886160083,-1.4780831902043554,-7.707421619144218,0.34458584923589586,-9.254051225220689,0.13459006273174967
7189189189.18919,0.3517338942690774,-9.0757155915931,0.022823527024884868,0.8420765401554191,-1.4929686342258783,-7.722331253586141,0.8420765401554191,-1.4929686342258783,-7.722331253586141,0.34894218921499104,-9.144930371108359,0.12130326919666395
7195195195.195195,0.355908058824271,-8.973243563143814,0.011346971297760883,0.8406458616700591,-1.5077384125472515,-7.737171192063448,0.8406458616700591,-1.5077384125472515,-7.737171192063448,0.35319003274860683,-9.039831219859874,0.1080376708492861
7201201201.201201,0.3599779151838036,-8.874482851766352,-0.00016733918611629237,0.8392300925160805,-1.522379038249746,-7.7519424779931985,0.8392300925160805,-1.522379038249746,-7.7519424779931985,0.3573300978115801,-8.938608035146574,0.09479508461978949
7207207207.207207,0.3639440304562587,-8.779307993665347,-0.011714340384855929,0.837830427328673,-1.5368774299618253,-7.766646185586678,0.837830427328673,-1.5368774299618253,-7.766646185586678,0.3613631282561043,-8.841123256411462,0.08157708491491059
7213213213.213213,0.3678070071157043,-8.687600024922578,-0.023289432455060873,0.8364480141878082,-1.5512209111973105,-7.781283417827153,0.8364480141878082,-1.5512209111973105,-7.781283417827153,0.3652898906696571,-8.74724693282902,0.06838502536115573
7219219219.219219,0.3715674789115424,-8.599246084489744,-0.034888439162295004,0.8350839553023791,-1.565397209090456,-7.795855304514994,0.8350839553023791,-1.565397209090456,-7.795855304514994,0.36911117138781063,-8.6568562080532,0.05522005833586405
7225225225.225225,0.37522610704377585,-8.514139048151286,-0.046507571342356904,0.8337393077494102,-1.5793944525772987,-7.810363000380882,0.8337393077494102,-1.5793944525772987,-7.810363000380882,0.372827773657449,-8.569834850347913,0.04208315255327224
7231231231.231232,0.3787835765855213,-8.432177190677741,-0.05814339394441968,0.8324150842613196,-1.5932011700708126,-7.824807683267263,0.8324150842613196,-1.5932011700708126,-7.824807683267263,0.3764405149459098,-8.48607282335771,0.02897510893556717
7237237237.237238,0.38224059313669284,-8.353263873661215,-0.06979279624826855,0.8311122540545784,-1.6068062866756203,-7.839190552378145,0.8311122540545784,-1.6068062866756203,-7.839190552378145,0.37995022439180826,-8.405465893342802,0.015896574967413597
7243243243.243243,0.38559787969417547,-8.277307256776837,-0.08145296490057485,0.82983174369349,-1.6201991209860986,-7.853512826596898,0.82983174369349,-1.6201991209860986,-7.853512826596898,0.38335774039339177,-8.32791526919574,0.0028480577062813765
7249249249.249249,0.38885617372523806,-8.204220030434342,-0.09312135946012344,0.8285744379831823,-1.6333693815097892,-7.867775742871603,0.8285744379831823,-1.6333693815097892,-7.867775742871603,0.3866639083296895,-8.25332727199977,-0.010170064402450095
7255255255.255255,0.3920162244320581,-8.133919167983603,-0.10479569018043862,0.8273411808862793,-1.6463071627560175,-7.881980554667158,0.8273411808862793,-1.6463071627560175,-7.881980554667158,0.38986957841064956,-8.181613031240886,-0.023157530774903744
7261261261.261261,0.3950787901962068,-8.066325695816762,-0.11647389779177358,0.8261327764580623,-1.6590029410278226,-7.896128530483299,0.8261327764580623,-1.6590029410278226,-7.896128530483299,0.3929756036517456,-8.112688205127565,-0.03611418888947074
7267267267.267267,0.3980446361928037,-8.001364479869506,-0.12815413507299628,0.8249499897953144,-1.671447569953037,-7.9102209524373315,0.8249499897953144,-1.671447569953037,-7.9102209524373315,0.3959828379686065,-8.046472722754705,-0.04903998533894698
7273273273.273273,0.40091453216479234,-7.9389640271674375,-0.13983475002896728,0.8237935479943491,-1.6836322757887805,-7.92425911491042,0.8237935479943491,-1.6836322757887805,-7.92425911491042,0.39889213438786286,-7.9828905460833335,-0.061934957646698485
7279279279.27928,0.4036892503484916,-7.879056301191273,-0.1515142705104344,0.8226641411140818,-1.695548652531444,-7.938244323255986,0.8226641411140818,-1.695548652531444,-7.938244323255986,0.4017043433694215,-7.921869449948353,-0.07479922676989136
7285285285.285286,0.4063695635420631,-7.821576549952071,-0.16319139013237208,0.821562423140322,-1.7071886568623742,-7.952177892568721,0.821562423140322,-1.7071886568623742,-7.952177892568721,0.4044203112364889,-7.863340818474653,-0.08763299022174119
7291291291.291291,0.4089562433091738,-7.766463145768768,-0.1748649553628491,0.8204890129477548,-1.718544602957805,-7.966061146512625,0.8204890129477548,-1.718544602957805,-7.966061146512625,0.40704087870874817,-7.80723945647207,-0.10043651575249062
7297297297.2972975,0.4114500583105022,-7.713657435835644,-0.18653395366898476,0.8194444952563948,-1.7296091571895609,-7.979895416206384,0.8194444952563948,-1.7296091571895609,-7.979895416206384,0.4095668795348878,-7.753503414512574,-0.11321013553595526
7303303303.303303,0.41385177275623863,-7.663103602749411,-0.19819750261877875,0.8184294215795749,-1.7403753327413591,-7.993682039164277,0.8184294215795749,-1.7403753327413591,-7.993682039164277,0.4119991392202925,-7.7020738265347655,-0.12595424081397016
7309309309.309309,0.41616214497306697,-7.61474853424211,-0.20985483984876563,0.8174443111607811,-1.7508364841639956,-8.007422358290869,0.8174443111607811,-1.7508364841639956,-8.007422358290869,0.41433847384594596,-7.652894758933822,-0.1386692769563152
7315315315.315315,0.41838192607950936,-7.56854170143316,-0.2215053138167667,0.8164896518969281,-1.760986301890809,-8.02111772092755,0.8164896518969281,-1.760986301890809,-8.02111772092755,0.41658568897464865,-7.605913070199211,-0.15135573889855214
7321321321.3213215,0.42051185876383357,-7.52443504497538,-0.2331483752676902,0.8155659012458922,-1.770818806733372,-8.034769477949085,0.8155659012458922,-1.770818806733372,-8.034769477949085,0.4187415786408511,-7.561078280252293,-0.16401416692360965
7327327327.327328,0.42255267615902403,-7.482382868525237,-0.24478356934757645,0.8146734871163446,-1.7803283443758813,-8.048378982908188,0.8146734871163446,-1.7803283443758813,-8.048378982908188,0.42080692442019596,-7.51834244872422,-0.17664514275675164
7333333333.333334,0.4245051008096437,-7.442341739016715,-0.25641052830777117,0.8138128087381491,-1.7895095798851597,-8.061947591226248,0.8138128087381491,-1.7895095798851597,-8.061947591226248,0.42278249457534756,-7.477660061479537,-0.1892492859465543
7339339339.339339,0.4263698437256466,-7.404270393264165,-0.26802896474674864,0.8129842375117922,-1.7983574922517644,-8.075476659428197,0.8129842375117922,-1.7983574922517644,-8.075476659428197,0.42466904327453814,-7.438987924761589,-0.2018272505073101
7345345345.3453455,0.42814760351849135,-7.368129650459673,-0.2796386653424517,0.812188117835479,-1.8068673689765675,-8.08896754441961,0.812188117835479,-1.8068673689765675,-8.08896754441961,0.42646730987941156,-7.402285066393364,-0.21437972180008757
7351351351.351351,0.42983906561515217,-7.333882330167505,-0.2912394850323328,0.8114247679087359,-1.815034800715587,-8.102421602804084,0.8114247679087359,-1.815034800715587,-8.102421602804084,0.4281780182990184,-7.367512643516511,-0.22690741363276123
7357357357.357357,0.43144490154581816,-7.301493175452504,-0.3028313416025585,0.8106944805114918,-1.8228556759949677,-8.11584019023896,0.8106944805114918,-1.8228556759949677,-8.11584019023896,0.42980187640656514,-7.3346338564057865,-0.23941106556033778
7363363363.363363,0.4329657683013666,-7.2709287808084335,-0.3144142106512081,0.8099975237577856,-1.8303261760065956,-8.129224660827482,0.8099975237577856,-1.8303261760065956,-8.129224660827482,0.43133957551624724,-7.303613867926083,-0.2518914403687739
7369369369.3693695,0.4344023077568635,-7.24215752458082,-0.3259881208937465,0.809334141823373,-1.837442769493902,-8.142576366545507,0.809334141823373,-1.837442769493902,-8.142576366545507,0.4327917899168923,-7.274419728251975,-0.2643493217273083
7375375375.375376,0.43575514615755007,-7.215149505604142,-0.3375531497816296,0.8087045556466395,-1.8442022077363764,-8.155896656700891,0.8087045556466395,-1.8442022077363764,-8.155896656700891,0.43415917645988233,-7.247020304491447,-0.276785511995284
7381381381.381382,0.437024893663974,-7.189876483796094,-0.34910941940785545,0.8081089636023513,-1.8506015196402028,-8.169186877423728,0.8081089636023513,-1.8506015196402028,-8.169186877423728,0.43544237419864995,-7.221386214892515,-0.2892008301704815
7387387387.387387,0.43821214395318125,-7.1663118244713155,-0.3606570926750161,0.8075475421478813,-1.8566380069416641,-8.1824483711856,0.8075475421478813,-1.8566380069416641,-8.1824483711856,0.43664200407706055,-7.197489767341611,-0.30159610996766634
7393393393.3933935,0.43931747387293996,-7.144430446158616,-0.37219636970411046,0.8070204464416441,-1.8623092395290537,-8.195682476346152,0.8070204464416441,-1.8623092395290537,-8.195682476346152,0.43775866866453483,-7.175304901879604,-0.3139721980163084
7399399399.399399,0.4403414431462701,-7.1242087717208165,-0.383727484463544,0.8065278109335816,-1.8676130508879263,-8.208890526725117,0.8065278109335816,-1.8676130508879263,-8.208890526725117,0.43879295193538814,-7.154807136994473,-0.3263299521676632
7405405405.405405,0.44128459412362553,-7.105624682594227,-0.3952507016000237,0.8060697499276099,-1.8725475336738893,-8.222073851198282,0.8060697499276099,-1.8725475336738893,-8.222073851198282,0.4397454190904398,-7.135973519461477,-0.33867023990205053
7411411411.411411,0.4421474515803237,-7.088657475977876,-0.4067663134539983,0.8056463581160295,-1.8771110354162737,-8.235233773315537,0.8056463581160295,-1.8771110354162737,-8.235233773315537,0.4406166164185985,-7.118782577530136,-0.350993936827851
7417417417.417418,0.4429305225569104,-7.073287824817437,-0.4182746372440427,0.8052577110859584,-1.8813021543555009,-8.248371610939566,0.8052577110859584,-1.8813021543555009,-8.248371610939566,0.4414070711967864,-7.103214277264049,-0.36330192526443245
7423423423.423424,0.44363429624031037,-7.059497740440981,-0.4297760124054869,0.8049038657979335,-1.8851197354161022,-8.261488675903472,0.8049038657979335,-1.8851197354161022,-8.261488675903472,0.44211729162615315,-7.089249981866025,-0.3755950929017317
7429429429.42943,0.44425924388380184,-7.047270537714452,-0.4412707980699182,0.8045848610368572,-1.8885628663170047,-8.27458627368588,0.8045848610368572,-1.8885628663170047,-8.27458627368588,0.4427477668031106,-7.076872413826393,-0.3878743315294601
7435435435.435435,0.44480581876394143,-7.036590802596318,-0.4527593706729335,0.8043007178355486,-1.8916308738198913,-8.287665703101991,0.8043007178355486,-1.8916308738198913,-8.287665703101991,0.443298966723385,-7.066065619754577,-0.40014053583005743
7441441441.441442,0.4452744561727303,-7.0274443619801925,-0.464242121678545,0.8040514398711869,-1.8943233201160703,-8.300728256009151,0.8040514398711869,-1.8943233201160703,-8.300728256009151,0.4437713423177956,-7.056814937758402,-0.41239460222902186
7447447447.447447,0.445665573443436,-7.019818255723445,-0.4757194554094258,0.8038370138349888,-1.896639999351737,-8.31377521702549,0.8038370138349888,-1.896639999351737,-8.31377521702549,0.44416532551837146,-7.049106967251072,-0.4246374277972027
7453453453.453453,0.445979570008586,-7.013700710768717,-0.4871917869727466,0.8036574097755043,-1.898580934290994,-8.326807863260324,0.8036574097755043,-1.898580934290994,-8.326807863260324,0.44448132935337514,-7.042929541079052,-0.4368699092001762
7459459459.459459,0.44621682748885044,-7.009081117271725,-0.4986595402722519,0.8035125814159481,-1.9001463731155948,-8.339827464054919,0.8035125814159481,-1.9001463731155948,-8.339827464054919,0.4447197480704134,-7.038271699863946,-0.44909294168903213
7465465465.465466,0.44637770981149755,-7.005950006658866,-0.510123146097442,0.8034024664460132,-1.901336786360057,-8.352835280732377,0.8034024664460132,-1.901336786360057,-8.352835280732377,0.44488095728617993,-7.035123668474846,-0.4613074181287843
7471471471.471472,0.44646256335738504,-7.0042990315419384,-0.5215830402816763,0.8033269867886667,-1.9021528639800864,-8.36583256635539,0.8033269867886667,-1.9021528639800864,-8.36583256635539,0.4449653141621713,-7.0334768345423395,-0.47351422805929194
7477477477.477478,0.4464717171354289,-7.004120947426231,-0.5330396619209946,0.8032860488424217,-1.9025955125523106,-8.378820565490635,0.8032860488424217,-1.9025955125523106,-8.378820565490635,0.44497315760532896,-7.033323728942765,-0.4857142567849661
7483483483.483484,0.44640548298365107,-7.005409596153271,-0.544493451646351,0.8032795436996436,-1.902665852602556,-8.391800513978673,0.8032795436996436,-1.902665852602556,-8.391800513978673,0.4449048084929154,-7.0346580081834444,-0.49790838448907454
7489489489.48949,0.446264155795996,-7.0081598910255485,-0.5559448499418006,0.8033073473414436,-1.9023652160598554,-8.404773638708148,0.8033073473414436,-1.9023652160598554,-8.404773638708148,0.44476056992078294,-7.037474438631273,-0.5100974853687649
7495495495.495496,0.4460480137741782,-7.01236780356647,-0.5673942955020377,0.8033693208097562,-1.901695143832893,-8.41774115739333,0.8033693208097562,-1.901695143832893,-8.41774115739333,0.44454072747457596,-7.041768882527863,-0.5222824267874095
7501501501.501501,0.44575731870395746,-7.018030351873232,-0.5788422236224312,0.8034653103572077,-1.9006573835053628,-8.430704278353769,0.8034653103572077,-1.9006573835053628,-8.430704278353769,0.44424554952324236,-7.047538285745471,-0.534464068440283
7507507507.507507,0.44539231625525166,-7.025145590526761,-0.5902890646154306,0.8035951475754136,-1.8992538871463591,-8.443664200295204,0.8035951475754136,-1.8992538871463591,-8.443664200295204,0.4438752875342198,-7.054780667245726,-0.5466432615308567
7513513513.513514,0.44495323630564054,-7.033712602026547,-0.6017352422469893,0.8037586495023533,-1.8974868092317276,-8.456622112090633,0.8037586495023533,-1.8974868092317276,-8.456622112090633,0.44343017641026256,-7.063495110198628,-0.5588208479536774
7519519519.51952,0.4444402932868769,-7.04373148972325,-0.6131811721871608,0.8039556187094986,-1.8953585046719579,-8.469579192560655,0.8039556187094986,-1.8953585046719579,-8.469579192560655,0.44291043484708725,-7.0736817547417115,-0.5709976594810365
7525525525.525526,0.44385368655404783,-7.055203372227451,-0.6246272604689846,0.8041858433693934,-1.8928715269419225,-8.482536610252149,0.8041858433693934,-1.8928715269419225,-8.482536610252149,0.44231626571201726,-7.085341792346375,-0.5831745169502754
7531531531.531532,0.4431936007771679,-7.068130379276118,-0.6360739019498205,0.8044490973043901,-1.8900286263076458,-8.495495523214416,0.8044490973043901,-1.8900286263076458,-8.495495523214416,0.4416478564430698,-7.098477461779389,-0.5953522294483835
7537537537.537538,0.44246020635498895,-7.082515649044002,-0.6475214787696337,0.8047451400172878,-1.8868327481448302,-8.508457078771949,0.8047451400172878,-1.8868327481448302,-8.508457078771949,0.44090537946849023,-7.113092046643046,-0.6075315934911286
7543543543.543544,0.44165365985091687,-7.098363326890781,-0.6589703588004863,0.8050737167046136,-1.883287031343877,-8.521422413293017,0.8050737167046136,-1.883287031343877,-8.521422413293017,0.4400889926465504,-7.12918987448735,-0.6197133921934284
7549549549.549549,0.44077410445095616,-7.11567856553967,-0.6704208940815842,0.8054345582533335,-1.8793948067956507,-8.534392651953283,0.8054345582533335,-1.8793948067956507,-8.534392651953283,0.43919883972556706,-7.146776317491227,-0.6318983944282348
7555555555.555555,0.4398216704436529,-7.1344675266877555,-0.6818734192344137,0.8058273812217814,-1.8751595959522196,-8.547368908493738,0.8058273812217814,-1.8751595959522196,-8.547368908493738,0.438235050824186,-7.16585779471406,-0.6440873539706155
7561561561.561562,0.4387964757220937,-7.154737384051996,-0.6933282498521103,0.806251887805624,-1.8705851094564794,-8.560352284972218,0.806251887805624,-1.8705851094564794,-8.560352284972218,0.43719774293175,-7.186441775929611,-0.6562810086242452
7567567567.567568,0.43769862630802453,-7.176496327860221,-0.7047856808573849,0.8067077657897079,-1.865675245834302,-8.573343871507852,0.8067077657897079,-1.865675245834302,-8.573343871507852,0.4360870204291209,-7.208536787049601,-0.6684800793269691
7573573573.573574,0.4365282168982037,-7.199753570800845,-0.7162459848231529,0.8071946884866471,-1.860434090242769,-8.58634474601779,0.8071946884866471,-1.860434090242769,-8.58634474601779,0.43490297562972985,-7.232152417162315,-0.6806852692327418
7579579579.57958,0.43528533143316894,-7.224519355449299,-0.7277094102498116,0.8077123146630351,-1.8548659132677678,-8.599355973945638,0.8077123146630351,-1.8548659132677678,-8.599355973945638,0.4336456893411714,-7.257299327207215,-0.6928972627662371
7585585585.585586,0.43397004368859815,-7.250804963194736,-0.739176179792943,0.8082602884542089,-1.8489751697638983,-8.612378607980993,0.8082602884542089,-1.8489751697638983,-8.612378607980993,0.43231523144747813,-7.283989260316545,-0.7051167246474146
7591591591.591592,0.43258241788951085,-7.278622724694931,-0.7506464884351246,0.8088382392684911,-1.8427664977296752,-8.625413687769584,0.8088382392684911,-1.8427664977296752,-8.625413687769584,0.4309116615121483,-7.312235053862869,-0.7173442988820876
7597597597.597597,0.4311225093475628,-7.307986031893055,-0.7621205015950574,0.8094457816818792,-1.836244717210635,-8.638462239613483,0.8094457816818792,-1.836244717210635,-8.638462239613483,0.4294350294022096,-7.3420506532541365,-0.7295806077156811
7603603603.603603,0.4295903651217049,-7.338909351635598,-0.7735983531671267,0.8100825153241881,-1.8294148292227241,-8.651525276160992,0.8100825153241881,-1.8294148292227241,-8.651525276160992,0.4278853759334758,-7.37345112752754,-0.7418262505458803
7609609609.60961,0.42798602470254044,-7.3714082409357395,-0.7850801434840077,0.8107480247576542,-1.822282014688351,-8.664603796085704,0.8107480247576542,-1.822282014688351,-8.664603796085704,0.4262627335372531,-7.406452686798806,-0.7540818027908978
7615615615.615616,0.4263095207206836,-7.405499363933484,-0.7965659371947058,0.8114418793490754,-1.8148516333769837,-8.677698783754444,0.8114418793490754,-1.8148516333769837,-8.677698783754444,0.42456712694863413,-7.441072701633814,-0.7663478147092682
7621621621.621622,0.424560879679482,-7.441200510609544,-0.8080557610497228,0.8121636331365556,-1.8071292228423428,-8.690811208883671,0.8121636331365556,-1.8071292228423428,-8.690811208883671,0.4227985739167317,-7.477329724413261,-0.7786248101666607
7627627627.627628,0.42274012271244465,-7.478530617317352,-0.8195496015848527,0.8129128246919892,-1.7991204973476833,-8.703942026184126,0.8129128246919892,-1.7991204973476833,-8.703942026184126,0.4209570859369251,-7.515243512775472,-0.7909132853458155
7633633633.633634,0.42084726636573216,-7.517509789204867,-0.831047402694258,0.813688976980428,-1.7908313467707844,-8.717092174993361,0.813688976980428,-1.7908313467707844,-8.717092174993361,0.41904266900547443,-7.554835055225931,-0.8032137073943835
7639639639.63964,0.41888232340612985,-7.558159324604383,-0.8425490630829435,0.8144915972175213,-1.7822678354799004,-8.730262578896061,0.8144915972175213,-1.7822678354799004,-8.730262578896061,0.41705532439655946,-7.596126599018087,-0.8155265130061059
7645645645.645645,0.41684530365479344,-7.600501741479646,-0.8540544335881494,0.8153201767262539,-1.7734362011717986,-8.74345414533187,0.8153201767262539,-1.7734362011717986,-8.74345414533187,0.41499504946215154,-7.6391416804132675,-0.8278521069295465
7651651651.651651,0.4147362148472362,-7.6445608060248915,-0.8655633143581427,0.8161741907942318,-1.764342853662917,-8.756667765190718,0.8161741907942318,-1.764342853662917,-8.756667765190718,0.4128618384545522,-7.683905157450842,-0.8401908603989149
7657657657.657658,0.4125550635198604,-7.6903615635233935,-0.877075451876228,0.8170530985328139,-1.7549943736244198,-8.76990431239545,0.8170530985328139,-1.7549943736244198,-8.76990431239545,0.41065568337213065,-7.730443245357483,-0.8525431094806228
7663663663.663664,0.41030185592343527,-7.737930371581375,-0.8885905358165243,0.8179563427394166,-1.7453975112518236,-8.783164643471876,0.8179563427394166,-1.7453975112518236,-8.783164643471876,0.40837657482806483,-7.778783554752787,-0.8649091533289098
7669669669.66967,0.40797659896389454,-7.78729493586479,-0.9001081957172834,0.8188833497643547,-1.7355591848597482,-8.796449597106136,0.8188833497643547,-1.7355591848597482,-8.796449597106136,0.4060245029423488,-7.828955132813392,-0.8772892523431924
7675675675.675676,0.4055793011707656,-7.838484348479721,-0.9116279974559555,0.819833529383615,-1.7254864793922355,-8.80975999368956,0.819833529383615,-1.7254864793922355,-8.80975999368956,0.40359945825701676,-7.880988507579952,-0.8896836262192193
7681681681.681682,0.40310997369363444,-7.891529129148144,-0.9231494395088871,0.8208062746790038,-1.7151866448388644,-8.823096634851122,0.8208062746790038,-1.7151866448388644,-8.823096634851122,0.4011014326746069,-7.934915735606908,-0.9020924518857076
7687687687.687688,0.40056863132692366,-7.946461269347514,-0.9346719489772064,0.8218009619271311,-1.7046670945469422,-8.8364603029777,0.8218009619271311,-1.7046670945469422,-8.8364603029777,0.39853042041987174,-7.990770453174142,-0.9145158613164991
7693693693.693693,0.3979552935633378,-8.003314279596276,-0.9461948773582697,0.8228169504987314,-1.6939354034199132,-8.849851760722368,0.8228169504987314,-1.6939354034199132,-8.849851760722368,0.395886419024595,-8.048587931303201,-0.9269539392082986
7699699699.699699,0.3952699856762878,-8.062123240084878,-0.9577174960404815,0.823853582769863,-1.682999305991967,-8.863271750501085,0.823853582769863,-1.682999305991967,-8.863271750501085,0.3931694303353086,-8.108405134844935,-0.9394067205127289
7705705705.705706,0.39251273983158924,-8.122924854870439,-0.9692389914968977,0.8249101840465413,-1.6718666943689757,-8.876720993978138,0.8249101840465413,-1.6718666943689757,-8.876720993978138,0.3903794615437666,-8.17026078592891,-0.9518741878098748
7711711711.711712,0.3896835962287176,-8.185757509873287,-0.9807584601505924,0.8259860625043997,-1.6605456160257395,-8.890200191540771,0.8259860625043997,-1.6605456160257395,-8.890200191540771,0.3875165262399343,-8.23419543209456,-0.9643562685098392
7717717717.717718,0.3867826042719206,-8.250661334934952,-0.9922749028820743,0.8270805091449968,-1.6490442714495521,-8.903710021763542,0.8270805091449968,-1.6490442714495521,-8.903710021763542,0.38458064548701265,-8.300251519459724,-0.9768528318671383
7723723723.723724,0.3838098237714635,-8.31767827022161,-1.0037872191458264,0.8281927977704102,-1.6373710116201408,-8.91725114086299,0.8281927977704102,-1.6373710116201408,-8.91725114086299,0.3815718489181943,-8.3684734713121,-0.9893636857909315
7729729729.72973,0.3807653261753075,-8.386852137282586,-1.0152942006597154,0.8293221849777755,-1.6255343353161043,-8.930824182143255,0.8293221849777755,-1.6255343353161043,-8.930824182143255,0.3784901758546048,-8.43890777255193,-1.0018885734324807
7735735735.735736,0.3776491958315056,-8.458228715102804,-1.026794524626957,0.8304679101754436,-1.6135428862380816,-8.944429755433356,0.8304679101754436,-1.6135428862380816,-8.944429755433356,0.3753356764439469,-8.511603060454355,-1.0144271695291596
7741741741.741741,0.3744615312816317,-8.531855821519002,-1.038286746445992,0.8316291956224497,-1.6014054499389199,-8.958068446517,0.8316291956224497,-1.6014054499389199,-8.958068446517,0.37210841281896984,-8.586610222275374,-1.0269790764818671
7747747747.747747,0.37120244658561313,-8.607783400403505,-1.0497692918586057,0.8328052464929853,-1.5891309505513722,-8.97174081655571,0.8328052464929853,-1.5891309505513722,-8.97174081655571,0.36880846027542563,-8.663982500264602,-1.0395438201398082
7753753753.753754,0.3678720726783216,-8.686063615058199,-1.0612404484811038,0.8339952509675683,-1.5767284473040184,-8.985447401506303,0.8339952509675683,-1.5767284473040184,-8.985447401506303,0.3654359084682724,-8.743775604726626,-1.052120845264134
7759759759.75976,0.364470558758422,-8.76675094830093,-1.0726983566568016,0.8351983803526141,-1.564207130816251,-8.999188711533687,0.8351983803526141,-1.564207130816251,-8.999188711533687,0.36199086262556135,-8.826047835821848,-1.0647095106378461
7765765765.765766,0.3609980737099611,-8.849902309774178,-1.0841409995611173,0.8364137892300766,-1.5515763191636571,-9.012965230420138,0.8364137892300766,-1.5515763191636571,-9.012965230420138,0.35847344477890475,-8.910860214882803,-1.0773090837859183
7771771771.771772,0.3574548075573659,-8.935577151053915,-1.095566192482255,0.8376406156388486,-1.538845453705121,-9.026777414972221,0.8376406156388486,-1.538845453705121,-9.026777414972221,0.3548837950094966,-8.998276626101617,-1.0899187352643849
7777777777.777778,0.35384097295462785,-9.023837589192008,-1.1069715711911245,0.8388779812895498,-1.526024094663684,-9.040625694426613,0.8388779812895498,-1.526024094663684,-9.040625694426613,0.3512220727086584,-9.088363969535973,-1.1025375324730786
7783783783.783784,0.3501568067095799,-9.114748539386866,-1.1183545793038763,0.840124991814328,-1.513121916453364,-9.054510469856204,0.840124991814328,-1.513121916453364,-9.054510469856204,0.3474884578515749,-9.181192326491447,-1.1151644329394839
7789789789.789789,0.346402571344448,-9.208377857541848,-1.1297124545280306,0.8413807370532476,-1.5001487027447022,-9.068432113577884,0.8413807370532476,-1.5001487027447022,-9.068432113577884,0.343683152283216,-9.276835138446618,-1.1277982770157309
7795795795.795795,0.34257855669405063,-9.304796493545636,-1.1410422136698222,0.8426442913788059,-1.4871143412622077,-9.082390968563537,0.8426442913788059,-1.4871143412622077,-9.082390968563537,0.3398063810150029,-9.375369400829468,-1.140437779921707
7801801801.801802,0.33868508154338767,-9.404078656187835,-1.1523406362643869,0.8439147140600343,-1.4740288183076966,-9.096387347855782,0.8439147140600343,-1.4740288183076966,-9.096387347855782,0.3358583935310133,-9.476875873096898,-1.1530815230591138
7807807807.807808,0.3347224953066999,-9.50630199071273,-1.1636042466727743,0.8451910496676169,-1.4609022130037284,-9.1104215339902,0.8451910496676169,-1.4609022130037284,-9.1104215339902,0.33183946510242696,-9.581439306740275,-1.1657279445108983
7813813813.813814,0.33069117975053974,-9.611547770111438,-1.1748292944688188,0.8464723285213493,-1.4477446912523955,-9.124493778425688,0.8464723285213493,-1.4477446912523955,-9.124493778425688,0.32774989810878724,-9.689148693035111,-1.1783753286281557
7819819819.81982,0.3265915507639993,-9.719901101358548,-1.1860117329155357,0.847757567181192,-1.4345664994052392,-9.138604300984802,0.847757567181192,-1.4345664994052392,-9.138604300984802,0.3235900233650741,-9.800097532560452,-1.1910217945926627
7825825825.825826,0.32242406017979547,-9.831451147919909,-1.197147195303354,0.8490457689830838,-1.4213779576408145,-9.152753289305942,0.8490457689830838,-1.4213779576408145,-9.152753289305942,0.3193602014531265,-9.914384128774197,-1.2036652838279382
7831831831.831832,0.3181891976508139,-9.946291369984689,-1.2082309688908088,0.8503359246205572,-1.4081894530474455,-9.166940898309322,0.8503359246205572,-1.4081894530474455,-9.166940898309322,0.3150608240564552,-10.032111908201982,-1.2163035461118834
7837837837.837837,0.3138874925875903,-10.06451978401845,-1.2192579661523697,0.8516270127730929,-1.395011432409449,-9.181167249678694,0.8516270127730929,-1.395011432409449,-9.181167249678694,0.3106923152974828,-10.1533897701224,-1.2289341242228444
7843843843.843843,0.3095195161632868,-10.186239243390592,-1.2302226929955036,0.8529180007820322,-1.3818543946960085,-9.195432431360915,0.8529180007820322,-1.3818543946960085,-9.195432431360915,0.3062551330765396,-10.278332468996608,-1.2415543369252369
7849849849.84985,0.3050858833941769,-10.311557741996044,-1.241119213560559,0.8542078453747015,-1.3687288832530884,-9.209736497085444,0.8542078453747015,-1.3687288832530884,-9.209736497085444,0.3017497704119464,-10.407061033318989,-1.2541612600707495
7855855855.855856,0.30058725530507624,-10.440588742980639,-1.251941111159764,0.855495493437281,-1.3556454776996096,-9.2240794659059,0.855495493437281,-1.3556454776996096,-9.2240794659059,0.29717675678122313,-10.539703225039823,-1.266751705555714
7861861861.861862,0.2960243411911738,-10.573451534876837,-1.2626814448455381,0.8567798828367751,-1.3426147855302921,-9.238461321765895,0.8567798828367751,-1.3426147855302921,-9.238461321765895,0.2925366594636608,-10.676394044274701,-1.27932219783403
7867867867.867868,0.2913979009898017,-10.710271617678142,-1.2733327010206832,0.8580599432922705,-1.3296474334287662,-9.252882013091359,0.8580599432922705,-1.3296474334287662,-9.252882013091359,0.28783008488498757,-10.81727628466086,-1.2918689476351326
7873873873.873875,0.2867087477784983,-10.85118112160936,-1.283886739411958,0.8593345972954938,-1.3167540582956516,-9.267341452411571,0.8593345972954938,-1.3167540582956516,-9.267341452411571,0.28305767996578163,-10.962501145457955,-1.304387822478592
7879879879.87988,0.28195775041871385,-10.996319261603508,-1.294334732622079,0.8606027610804803,-1.303945297997616,-9.28183951601119,0.8606027610804803,-1.303945297997616,-9.28183951601119,0.2782201334758058,-11.112228907363953,-1.3168743135065972
7885885885.885886,0.27714583636839457,-11.145832830754859,-1.3046670983493627,0.8618633456419689,-1.2912317818446652,-9.296376043615519,0.8618633456419689,-1.2912317818446652,-9.296376043615519,0.2733181773976188,-11.266629680017013,-1.3293234980737088
7891891891.8918915,0.2722739946910747,-11.29987673629297,-1.31487342321592,0.8631152578019305,-1.2786241208041735,-9.310950838111294,0.8631152578019305,-1.2786241208041735,-9.310950838111294,0.2683525883040799,-11.425884230325696,-1.3417299974315688
7897897897.897898,0.26734327929450585,-11.458614581899145,-1.3249423769701063,0.864357401323404,-1.2661328974616568,-9.32556366530525,0.864357401323404,-1.2661328974616568,-9.32556366530525,0.2633241887557568,-11.590184902144344,-1.3540879287286103
7903903903.903904,0.26235481243831676,-11.622219300459289,-1.3348616156202102,0.8655886780706094,-1.253768655739402,-9.340214253722657,0.8655886780706094,-1.253768655739402,-9.340214253722657,0.25823384872617977,-11.759736639415618,-1.3663908503982662
7909909909.90991,0.25730978855782083,-11.790873841608377,-1.344617671809517,0.8668079892140499,-1.2415418903857198,-9.35490229444807,0.8668079892140499,-1.2415418903857198,-9.35490229444807,0.25308248706515435,-11.934758126792513,-1.3786316998344645
7915915915.915916,0.2522094784604262,-11.964771918644342,-1.354195830446741,0.8680142364790986,-1.2294630362487082,-9.369627441010437,0.8680142364790986,-1.2294630362487082,-9.369627441010437,0.2478710730130844,-12.115483063983561,-1.390802722039611
7921921921.921923,0.24705523396236356,-12.144118819551618,-1.3635799872532832,0.8692063234363013,-1.217542457350028,-9.384389309314624,0.8692063234363013,-1.217542457350028,-9.384389309314624,0.24260062778274843,-12.302161592700482,-1.4028953876687538
7927927927.927928,0.24184849304685618,-12.329132286947262,-1.3727524874647055,0.8703831568313929,-1.205790435775449,-9.399187477621446,0.8703831568313929,-1.205790435775449,-9.399187477621446,0.2372722262291118,-12.495061898220941,-1.414900298573319
7933933933.933934,0.23659078564153777,-12.520043471673198,-1.3816939414149287,0.8715436479527763,-1.1942171604002898,-9.414021486578115,0.8715436479527763,-1.1942171604002898,-9.414021486578115,0.23188699863297169,-12.694472011306278,-1.4268070785522968
7939939939.9399395,0.23128374013282713,-12.71709796445856,-1.3903830131170265,0.8726867140339513,-1.1828327154693605,-9.42889083930097,0.8726867140339513,-1.1828327154693605,-9.42889083930097,0.2264461326308195,-12.90070184066149,-1.4386042465278601
7945945945.945946,0.22592909075964168,-12.920556909439211,-1.398796177212266,0.8738112796881516,-1.1716470690521477,-9.44379500151227,0.8738112796881516,-1.1716470690521477,-9.44379500151227,0.2209508753311779,-13.114085471465991,-1.450279068753356
7951951951.951952,0.22052868605890122,-13.130698202219369,-1.4069074387590796,0.8749162783721798,-1.1606700613955148,-9.458733401732657,0.8749162783721798,-1.1606700613955148,-9.458733401732657,0.21540253566794557,-13.3349837719107,-1.4618173858941415
7957957957.957958,0.21508449857243184,-13.347817773380214,-1.4146880092392986,0.8760006538762168,-1.1499113931971334,-9.47370543153079,0.8760006538762168,-1.1499113931971334,-9.47370543153079,0.20980248705401752,-13.563787357412231,-1.4732034098605953
7963963963.963964,0.20959863607079332,-13.572230955603573,-1.4221059308272912,0.8770633618361195,-1.139380613824383,-9.48871044583159,0.8770633618361195,-1.139380613824383,-9.48871044583159,0.20415217041447048,-13.800919971540974,-1.484419484051375
7969969969.969971,0.20407335460655646,-13.80427392848792,-1.4291256393403802,0.8781033712645144,-1.1290871095043076,-9.503747763284196,0.8781033712645144,-1.1290871095043076,-9.503747763284196,0.19845309769935965,-14.046842354059129,-1.4954457991084185
7975975975.975976,0.19851107378066685,-14.044305229131282,-1.4357074543002994,0.8791196660967767,-1.1190400915113543,-9.518816666690803,0.8791196660967767,-1.1190400915113543,-9.518816666690803,0.1927068560026582,-14.302056680305004,-1.5062600542907982
7981981981.981982,0.1929143946944819,-14.29270730786457,-1.4418069820984691,0.8801112467477624,-1.1092485843807145,-9.533916403497152,0.8801112467477624,-1.1092485843807145,-9.533916403497152,0.18691511244797182,-14.567111673072988,-1.51683705199723
7987987987.9879875,0.18728612117201152,-14.549888096033843,-1.4473744152714658,0.8810771316749952,-1.0997214141757334,-9.549046186345407,0.8810771316749952,-1.0997214141757334,-9.549046186345407,0.18107962004646683,-14.842608508838993,-1.527148209613827
7993993993.993994,0.1816292849779653,-14.81628253491534,-1.4523537072311152,0.8820163589438229,-1.0904671968387438,-9.564205193689954,0.8820163589438229,-1.0904671968387438,-9.564205193689954,0.17520222479098577,-15.129207665606046,-1.5371609684716678
8000000000.0,0.17594717593620543,-15.092353989495974,-1.456681597308411,0.8829279877898891,-1.0814943266554495,-9.579392570476278,0.8829279877898891,-1.0814943266554495,-9.579392570476278,0.16928487432811526,-15.427636890898329,-1.5468380738966472
8006006006.006006,0.17024337808062892,-15.378595434878893,-1.4602864554898123,0.8838111001741595,-1.0728109648632262,-9.59460742888313,0.8838111001741595,-1.0728109648632262,-9.59460742888313,0.16332962865376777,-15.738700506901267,-1.5561366926078886
8012012012.0120125,0.16452181326091866,-15.67553025205477,-1.4630869095567909,0.8846648023255891,-1.0644250284344594,-9.609848849127744,0.8846648023255891,-1.0644250284344594,-9.609848849127744,0.15733867341816793,-16.063290317047965,-1.5650073233401374
8018018018.018019,0.15878679399719894,-15.983712397452353,-1.464990209290166,0.8854882262664499,-1.0563441790660655,-9.625115880333757,0.8854882262664499,-1.0563441790660655,-9.625115880333757,0.1513143366170412,-16.402398436403708,-1.5733924424955024
8024024024.024024,0.15304308785449428,-16.303725608094165,-1.465890272796796,0.8862805313152519,-1.0485758124066398,-9.6404075414612,0.8862805313152519,-1.0485758124066398,-9.6404075414612,0.14525910970947284,-16.75713243899407,-1.5812248073614195
8030030030.03003,0.14729599622041728,-16.6361811586004,-1.4656653487780207,0.8870409055621529,-1.0411270475525911,-9.655722822297736,0.8870409055621529,-1.0411270475525911,-9.655722822297736,0.13917567456930405,-17.128733300759414,-1.5884253127918095
8036036036.036036,0.14155145115677037,-16.981713479542066,-1.4641752158130121,0.8877685673117341,-1.0340047168444813,-9.671060684510037,0.8877685673117341,-1.0340047168444813,-9.671060684510037,0.1330669381947419,-17.51859671818511,-1.5949002600002553
8042042042.042042,0.13581613500503112,-17.340972653040158,-1.4612578260318836,0.8884627664880226,-1.0272153559945254,-9.686420062753987,0.8884627664880226,-1.0272153559945254,-9.686420062753987,0.12693607783924088,-17.92829849905958,-1.6005378434636102
8048048048.048048,0.1300976287141817,-17.714612384791526,-1.4567252872920395,0.8891227859966804,-1.0207651945757281,-9.701799865842103,0.8891227859966804,-1.0207651945757281,-9.701799865842103,0.12078660029653646,-18.359624847419557,-1.605203586611842
8054054054.054054,0.12440459648892739,-18.103271461569822,-1.4503590680665335,0.8897479430393581,-1.0146601469024226,-9.71719897796645,0.8897479430393581,-1.0146601469024226,-9.71719897796645,0.11462242064312592,-18.814608483461118,-1.6087343479192118
8060060060.0600605,0.1187470163853379,-18.507545871310313,-1.441904308394298,0.8903375903752813,-1.0089058033314091,-9.732616259974888,0.8903375903752813,-1.0089058033314091,-9.732616259974888,0.10844796808390465,-19.295571613099913,-1.6109303590808333
8066066066.066067,0.11313646893953855,-18.92794759976874,-1.4310631389817514,0.8908911175252909,-1.0035074220117102,-9.748050550698476,0.8908911175252909,-1.0035074220117102,-9.748050550698476,0.10226833009682931,-19.805176708672093,-1.6115445194304816
8072072072.072072,0.10758649875582729,-19.36484451460817,-1.4174869678201982,0.8914079519136915,-0.9984699211100824,-9.763500668327488,0.8914079519136915,-0.9984699211100824,-9.763500668327488,0.09608945154688035,-20.346485708944574,-1.6102678134910922
8078078078.078078,0.10211306697778536,-19.81837359053715,-1.4007678224977296,0.8918875599434518,-0.9937978715380746,-9.77896541183335,0.8918875599434518,-0.9937978715380746,-9.77896541183335,0.08991841403538971,-20.923027234288753,-1.6067091747858375
8084084084.084084,0.09673511512088015,-20.288316943377612,-1.3804290925405405,0.8923294480005206,-0.9894954902050136,-9.794443562433528,0.8923294480005206,-0.9894954902050136,-9.794443562433528,0.08376383450172398,-21.538868998880783,-1.6003672829582258
8090090090.09009,0.09147526153363383,-20.773926803276588,-1.35591649041202,0.8927331633832396,-0.9855666338199081,-9.809933885096296,0.8927331633832396,-0.9855666338199081,-9.809933885096296,0.07763644451681115,-22.19868724055416,-1.590590487338775
8096096096.096096,0.08636064811049918,-21.27368214154139,-1.3265908817951428,0.8930982951531165,-0.9820147932634709,-9.825435130082067,0.8930982951531165,-0.9820147932634709,-9.825435130082067,0.07154994895312196,-22.907813434977278,-1.5765190489671765
8102102102.102102,0.08142394181675804,-21.784957536104045,-1.2917260203068976,0.8934244749035023,-0.9788430885497222,-9.840946034517785,0.8934244749035023,-0.9788430885497222,-9.840946034517785,0.06552232561937818,-23.672213926497804,-1.5570008454749777
8108108108.1081085,0.07670446445470781,-22.30358715866879,-1.2505163813623983,0.8937113774430318,-0.9760542643947262,-9.856465324000796,0.8937113774430318,-0.9760542643947262,-9.856465324000796,0.05957783494042971,-24.49830566206668,-1.5304672606823457
8114114114.114115,0.07224936135756341,-22.823319749313956,-1.2021033490813908,0.8939587213910091,-0.9736506864080663,-9.87199171422835,0.8939587213910091,-0.9736506864080663,-9.87199171422835,0.05375019260158349,-25.39239950428247,-1.494750392319671
8120120120.12012,0.06811460756529093,-23.335194823506583,-1.1456316480264808,0.8941662696822861,-0.9716343379204646,-9.88752391264893,0.8941662696822861,-0.9716343379204646,-9.88752391264893,0.048087665049746264,-26.359326201351728,-1.446818726564794
8126126126.126126,0.0643654736472566,-23.826940611000573,-1.0803506308190702,0.8943338299795371,-0.970006817458847,-9.903060620131326,0.8943338299795371,-0.970006817458847,-9.903060620131326,0.04266131764176904,-27.399314700323394,-1.3824182489854628
8132132132.132132,0.06107584281000435,-24.28261062619532,-1.0057730604919957,0.8944612549912259,-0.9687693368778361,-9.918600532647378,0.8944612549912259,-0.9687693368778361,-9.918600532647378,0.037578172284319956,-28.501286936086935,-1.2956721101669622
8138138138.138138,0.05832556621541207,-24.682820729026098,-0.9218907147500082,0.8945484426939407,-0.9679227201544529,-9.934142342964304,0.8945484426939407,-0.9679227201544529,-9.934142342964304,0.03300078763245733,-29.629513893140484,-1.1789380907580824
8144144144.144144,0.05619506757353363,-25.00603604434999,-0.829414619595223,0.8945953364581969,-0.967467402850297,-9.949684742342289,0.8945953364581969,-0.967467402850297,-9.949684742342289,0.029170447571949285,-30.701138146028413,-1.0239000158576723
8150150150.15015,0.054756970031578464,-25.23121182981598,-0.7299607375548453,0.8946019250771924,-0.9674034322432624,-9.965226422233183,0.8946019250771924,-0.9674034322432624,-9.965226422233183,0.026414557504451045,-31.563133203977568,-0.8259439055011797
8156156156.156157,0.05406580122132031,-25.341547133072943,-0.6260664321876758,0.8945682426984332,-0.9677304681283381,-9.98076607597604,0.8945682426984332,-0.9677304681283381,-9.98076607597604,0.025087985097567683,-32.01068433938859,-0.5928206469254212
8162162162.162163,0.05414843912489877,-25.32828115536732,-0.5209481912909371,0.8944943686585489,-0.9684477842846805,-9.996302400485323,0.8944943686585489,-0.9684477842846805,-9.996302400485323,0.025411732708761004,-31.899314428077133,-0.3499447970160806
8168168168.168168,0.054998732846372626,-25.192946327994257,-0.41802236386891833,0.8943804272220267,-0.9695542706038482,-10.011834097927405,0.8943804272220267,-0.9695542706038482,-10.011834097927405,0.02732173020519864,-31.269836030427044,-0.1288878947345823
8174174174.174174,0.056578572143164994,-24.946960338064514,-0.3203494248963419,0.8942265872250084,-0.9710484358715941,-10.027359877381505,0.8942265872250084,-0.9710484358715941,-10.027359877381505,0.030514993191862357,-30.309734452038594,0.05180051692892673
8180180180.18018,0.05882495423167084,-24.608768041029656,-0.23021234426260717,0.8940330616256762,-0.9729284111935023,-10.042878456480699,0.8940330616256762,-0.9729284111935023,-10.042878456480699,0.03463107437259324,-29.210680699272974,0.1905113014916085
8186186186.186186,0.06166019062774698,-24.199902738978846,-0.1489534087923993,0.8938001069631563,-0.9751919540523353,-10.058388563029265,0.8938001069631563,-0.9751919540523353,-10.058388563029265,0.03937391967808696,-28.095826979872633,0.29418501148148957
8192192192.192192,0.06500187288116469,-23.741482599377626,-0.07705171341328082,0.8935280227272235,-0.9778364529829641,-10.073888936592343,0.8935280227272235,-0.9778364529829641,-10.073888936592343,0.0445357821813403,-27.025818315463574,0.3711511035675174
8198198198.198198,0.06877039427584052,-23.25196971489547,-0.014335575802018566,0.893217150641464,-0.9808589328485379,-10.08937833005424,0.893217150641464,-0.9808589328485379,-10.08937833005424,0.04997891487052349,-26.02426354796879,0.42836773130370803
8204204204.204205,0.07289343404885683,-22.746231788859852,0.03977843562281301,0.8928678738628769,-0.9842560606996719,-10.10485551114176,0.8928678738628769,-0.9842560606996719,-10.10485551114176,0.055612648274166024,-25.096528466571392,0.47101390273599286
8210210210.210211,0.07730788576322457,-22.235524075377814,0.08608483311723648,0.8924806161012249,-0.9880241521964915,-10.12031926390918,0.8924806161012249,-0.9880241521964915,-10.12031926390918,0.06137637022566372,-24.23997598298371,0.5028021107407942
8216216216.216216,0.08196007757091976,-21.727952784673448,0.12544790806186962,0.8920558406617279,-0.9921591785716943,-10.135768390181545,0.8920558406617279,-0.9921591785716943,-10.135768390181545,0.06722853281793685,-23.448927331956504,0.5263777073246719
8222222222.222222,0.08680505425130333,-21.229099743118386,0.15871497889016634,0.8915940494149802,-0.9966567741110565,-10.151201710953258,0.8915940494149802,-0.9966567741110565,-10.151201710953258,0.07313983466329536,-22.716920514878723,0.54364018483467
8228228228.228229,0.09180546017114923,-20.742629763408434,0.18667015370467452,0.8910957816981976,-1.001512244126481,-10.166618067739057,0.8910957816981976,-1.001512244126481,-10.166618067739057,0.0790890049974698,-22.037677763884275,0.5559719293550099
8234234234.234234,0.09693034170720699,-20.270805124952034,0.21001452361717285,0.8905616131521441,-1.0067205733951468,-10.182016323874803,0.8905616131521441,-1.0067205733951468,-10.182016323874803,0.08506016306502574,-21.40547578109427,0.5643947248658471
8240240240.24024,0.10215403014640537,-19.814889901077247,0.22936195381409608,0.8899921544982563,-1.0122764350373155,-10.19739536576552,0.8899921544982563,-1.0122764350373155,-10.19739536576552,0.09104113206953568,-20.815247011841308,0.5696758716136254
8246246246.246246,0.10745517028230613,-19.375453665609072,0.24524319297930605,0.8893880502606625,-1.0181741998041645,-10.212754104078567,0.8893880502606625,-1.0181741998041645,-10.212754104078567,0.09702233938168903,-20.262565159379488,0.5724004678835497
8252252252.252253,0.11281590834910127,-18.952593109697155,0.2581138235498469,0.8887499774379243,-1.0244079457461643,-10.228091474879914,0.8887499774379243,-1.0244079457461643,-10.228091474879914,0.10299608359174169,-19.74358577906797,0.5730211740857629
8258258258.258259,0.11822122852669578,-18.546090637588573,0.26836348903461643,0.8880786441294296,-1.0309714682318256,-10.243406440711794,0.8880786441294296,-1.0309714682318256,-10.243406440711794,0.10895603585752675,-19.254974121202853,0.5718929361246239
8264264264.264265,0.12365841789323874,-18.15552628477645,0.2763250361657076,0.8873747881214455,-1.0378582902860263,-10.258697991610223,0.8873747881214455,-1.0378582902860263,-10.258697991610223,0.1148968940051334,-18.79383422774235,0.5692975642056312
8270270270.27027,0.12911663794310194,-17.780355820619853,0.2822829203046843,0.8866391754378907,-1.045061673216683,-10.273965146061096,0.8866391754378907,-1.045061673216683,-10.273965146061096,0.12081413822089024,-18.357644792438748,0.5654613833852727
8276276276.276277,0.1345865824456321,-17.41996469529903,0.2864806216347479,0.8858725988609008,-1.0525746274983234,-10.289206951893878,0.8858725988609008,-1.0525746274983234,-10.289206951893878,0.1267038555928828,-17.94420338706104,0.5605680876087591
8282282282.282282,0.14006020431105765,-17.073704889319277,0.28912703138640444,0.8850758764262558,-1.0603899238809593,-10.304422487112026,0.8850758764262558,-1.0603899238809593,-10.304422487112026,0.13256261214185713,-17.55157893492204,0.5547682267594829
8288288288.288288,0.14553049720142072,-16.740919737903106,0.2904018708896188,0.8842498498986995,-1.068500104692762,-10.319610860659713,0.8842498498986995,-1.068500104692762,-10.319610860659713,0.13838735814779782,-17.178071627847785,0.5481862978094344
8294294294.294294,0.15099132042310984,-16.42096033899611,0.29046024971445455,0.8833953832321367,-1.0768974953050223,-10.334771213124384,0.8833953832321367,-1.0768974953050223,-10.334771213124384,0.14417535717685614,-16.822179280082857,0.54092610855091
8300300300.300301,0.15643725801110867,-16.11319609692961,0.28943648072730976,0.8825133610195826,-1.0855742157285293,-10.349902717375159,0.8825133610195826,-1.0855742157285293,-10.349902717375159,0.14992413221505718,-16.48256912498163,0.5330748801878072
8306306306.306307,0.16186350485075846,-15.817021200176061,0.28744726559201383,0.8816046869376607,-1.0945221923105881,-10.365004579137146,0.8816046869376607,-1.0945221923105881,-10.365004579137146,0.15563142430919483,-16.158054158985617,0.5247064182143839
8312312312.312312,0.16726577422666714,-15.531858297922394,0.2845943529331383,0.8806702821902987,-1.1037331695027304,-10.380076037502032,0.8806702821902987,-1.1037331695027304,-10.380076037502032,0.1612951604605351,-15.84757326186931,0.5158835872067852
8318318318.318318,0.17264022240339488,-15.257160263637456,0.28096675777709545,0.8797110839561356,-1.1131987216696821,-10.395116365375486,0.8797110839561356,-1.1131987216696821,-10.395116365375486,0.16691342843815488,-15.550174445325492,0.5066602600519744
8324324324.324325,0.17798338679182457,-14.992410668581318,0.27664261736762735,0.8787280438439762,-1.1229102649111053,-10.410124869862074,0.8787280438439762,-1.1229102649111053,-10.410124869862074,0.17248445681857713,-15.265000692632864,0.49708286640655297
8330330330.330331,0.1832921349941532,-14.737123401456405,0.271690746110963,0.8777221263604696,-1.1328590688682962,-10.425100892588606,0.8777221263604696,-1.1328590688682962,-10.425100892588606,0.17800659900879295,-14.991277947082569,0.487191632681288
8336336336.336336,0.1885636225951538,-14.490841738867177,0.26617194164002994,0.8766943073939605,-1.1430362684893247,-10.440043809967078,0.8766943073939605,-1.1430362684893247,-10.440043809967078,0.18347832033048653,-14.728304886229498,0.47702158249913384
8342342342.342342,0.1937952580143995,-14.253137078561144,0.2601400848489978,0.8756455727182902,-1.1534328757267978,-10.454953033398336,0.8756455727182902,-1.1534328757267978,-10.454953033398336,0.18889818747467063,-14.475444184445847,0.46660334961906386
8348348348.348349,0.1989846730825667,-14.023607482058708,0.253643069118622,0.8745769165200793,-1.1640397911438678,-10.46982800941796,0.8745769165200793,-1.1640397911438678,-10.46982800941796,0.1942648598043709,-14.232115019734188,0.4559638428867535
8354354354.354355,0.20412969827741073,-13.801876127165789,0.24672358765102084,0.8734893399528134,-1.1748478154050834,-10.484668219785819,0.8734893399528134,-1.1748478154050834,-10.484668219785819,0.19957708210714392,-13.99778662428476,0.44512679356684676
8360360360.36036,0.20922834176826438,-13.587589738363967,0.23941980265855276,0.872383849720809,-1.1858476606301052,-10.499473181521065,0.872383849720809,-1.1858476606301052,-10.499473181521065,0.20483367849157968,-13.771972713635039,0.4341132085355549
8366366366.366366,0.2142787715859583,-13.380417040175184,0.23176591592210455,0.8712614566959073,-1.1970299615894457,-10.514242446884246,0.8712614566959073,-1.1970299615894457,-10.514242446884246,0.21003354719086634,-13.554226658056507,0.4229417476307038
8372372372.372373,0.21927930036760857,-13.180047262520713,0.2237926567821083,0.8701231745694998,-1.2083852867227993,-10.528975603308433,0.8701231745694998,-1.2083852867227993,-10.528975603308433,0.21517565608916303,-13.34413728317783,0.41162903952124236
8378378378.378379,0.2242283722307515,-12.98618871585038,0.21552770081024045,0.8689700185422431,-1.219904148961862,-10.543672273281373,0.8689700185422431,-1.219904148961862,-10.543672273281373,0.2202590388262855,-13.141325205938589,0.4001899474455915
8384384384.384384,0.22912455141508398,-12.798567445997213,0.20699603011285558,0.8678030040535792,-1.231577016340916,-10.558332114180619,0.8678030040535792,-1.231577016340916,-10.558332114180619,0.22528279136685977,-12.945439627560614,0.38863779384581826
8390390390.39039,0.23396651239686672,-12.616925973336187,0.19822024434100016,0.866623145552937,-1.2433943223798227,-10.572954818063867,0.866623145552937,-1.2433943223798227,-10.572954818063867,0.23024606894416408,-12.75615551799092,0.3769845511205953
8396396396.396397,0.2387530312346009,-12.441022117179308,0.1892208299472412,0.8654314553142557,-1.2553464762253663,-10.587540111416498,0.8654314553142557,-1.2553464762253663,-10.587540111416498,0.23514808330692455,-12.573171136794661,0.3652410043110074
8402402402.402403,0.24348297794794205,-12.27062790390961,0.18001639397133848,0.8642289422952212,-1.267423872538467,-10.602087754858669,0.8642289422952212,-1.267423872538467,-10.602087754858669,0.23998810021224726,-12.396205844124747,0.3534168904244807
8408408408.408408,0.24815530976663022,-12.105528555802888,0.17062386760380946,0.8630166110424006,-1.2796169011158385,-10.616597542814077,0.8630166110424006,-1.2796169011158385,-10.616597542814077,0.24476543711905413,-12.224998162573975,0.3415210182246772
8414414414.414414,0.25276906511465025,-11.945521556533354,0.16105868392499745,0.8617954606432104,-1.2919159562363147,-10.631069303142688,0.8617954606432104,-1.2919159562363147,-10.631069303142688,0.2494794610456616,-12.059304056659581,0.3295613716176667
8420420420.420421,0.2573233582178798,-11.790415788836363,0.15133493351525004,0.8605664837254651,-1.3043114457230887,-10.645502896739654,0.8605664837254651,-1.3043114457230887,-10.645502896739654,0.2541295865621533,-11.898895401654881,0.31754519920553004
8426426426.426427,0.26181737424244633,-11.640030739566633,0.14146550104995226,0.8593306655050152,-1.3167937997146653,-10.659898217102738,0.8593306655050152,-1.3167937997146653,-10.659898217102738,0.25871527389409293,-11.743558617620485,0.305479092130306
8432432432.432432,0.2662503648863921,-11.494195767361731,0.13146218551086422,0.8580889828818178,-1.3293534791382973,-10.674255189870385,0.8580889828818178,-1.3293534791382973,-10.674255189870385,0.26323602711883687,-11.593093447957976,0.29336905196671315
8438438438.438438,0.2706216443601053,-11.352749428216528,0.12133580624326762,0.8568424035845602,-1.341980983881125,-10.68857377233277,0.8568424035845602,-1.341980983881125,-10.68857377233277,0.26769139243923307,-11.447311864736795,0.2812205501286371
8444444444.444445,0.2749305857015115,-11.215538854458824,0.11109629675353126,0.8555918853638028,-1.354666860655235,-10.702853952917952,0.8555918853638028,-1.354666860655235,-10.702853952917952,0.2720809565227262,-11.306037085501718,0.2690385800127147
8450450450.450451,0.27917661738050137,-11.082419182859747,0.10075278786102583,0.8543383752334267,-1.367401710553995,-10.717095750655313,0.8543383752334267,-1.367401710553995,-10.717095750655313,0.2764043448961696,-11.169102688359107,0.2568277029055247
8456456456.456456,0.28335922015472925,-10.953253027862893,0.09031368158302835,0.8530828087600082,-1.3801761962981896,-10.731299214618456,0.8530828087600082,-1.3801761962981896,-10.731299214618456,0.2806612203888402,-11.036351813903076,0.2445920885187228
8462462462.462462,0.2874779241444446,-10.827909996207554,0.0797867169334286,0.851826109399606,-1.3929810491713444,-10.745464423349578,0.851826109399606,-1.3929810491713444,-10.745464423349578,0.2848512816173744,-10.907636444061666,0.23233555088227187
8468468468.468469,0.29153230609943537,-10.706266239485142,0.06917902864876334,0.8505691878812982,-1.4058070756447067,-10.759591484267368,0.8505691878812982,-1.4058070756447067,-10.759591484267368,0.28897426150823446,-10.782816749210834,0.2200615802147042
8474474474.474475,0.29552198683516434,-10.588204041443776,0.058497199714076895,0.8493129416366911,-1.4186451636931352,-10.773680533060437,0.8493129416366911,-1.4186451636931352,-10.773680533060437,0.29302992585372817,-10.66176049602543,0.2077733712970194
8480480480.48048,0.2994466288186349,-10.47361143711595,0.047747308441286294,0.8480582542744902,-1.431486288804176,-10.78773173306815,0.8480582542744902,-1.431486288804176,-10.78773173306815,0.2970180718989722,-10.544342509465402,0.19547384879905183
8486486486.486486,0.3033059338877446,-10.362381861080184,0.03693497075083313,0.8468059950991373,-1.4443215196831845,-10.801745274650703,0.8468059950991373,-1.4443215196831845,-10.801745274650703,0.30093852695768636,-10.430444183115215,0.1831656899429605
8492492492.492493,0.3070996410900018,-10.254413822406796,0.02606537822086637,0.8455570186724123,-1.4571420236582275,-10.815721374550275,0.8455570186724123,-1.4571420236582275,-10.815721374550275,0.30479114705512694,-10.319953032799932,0.1708513448332112
8498498498.498499,0.31082752462884966,-10.149610604041541,0.015143332393862483,0.8443121644168113,-1.4699390717891847,-10.829660275244898,0.8443121644168113,-1.4699390717891847,-10.829660275244898,0.30857581559726743,-10.212762288998082,0.1585330547371269
8504504504.504504,0.3144893919074757,-10.047879984580685,0.004173275767318578,0.8430722562594489,-1.4827040436860175,-10.843562244296743,0.8430722562594489,-1.4827040436860175,-10.843562244296743,0.31229244206529766,-10.108770524109097,0.1462128685607478
8510510510.51051,0.3180850816614519,-9.949133980571448,-0.006840680159266546,0.8418381023151659,-1.4954284320417355,-10.857427573696341,0.8418381023151659,-1.4954284320417355,-10.857427573696341,0.3159409607351432,-10.007881311080135,0.13389265773174983
8516516516.516517,0.32161446217284656,-9.853288607635605,-0.017894729455846872,0.8406104946074581,-1.508103846886248,-10.871256579204234,0.8406104946074581,-1.508103846886248,-10.871256579204234,0.3195213294215884,-9.91000291030503,0.12157412967311389
8522522522.522523,0.32507742955951324,-9.760263658864817,-0.02898534866671615,0.8393902088258117,-1.520722019567575,-10.885049599691467,0.8393902088258117,-1.520722019567575,-10.885049599691467,0.32303352824711146,-9.815047982045508,0.10925884002738621
8528528528.528528,0.32847390613405386,-9.669982499076523,-0.040109275798699384,0.8381780041179804,-1.5332748064674413,-10.898806996480285,0.8381780041179804,-1.5332748064674413,-10.898806996480285,0.3264775584353591,-9.722933321937543,0.09694820377036431
8534534534.534534,0.3318038388278476,-9.582371873640826,-0.051263491172608984,0.836974622915718,-1.5457541924585554,-10.912529152686236,0.836974622915718,-1.5457541924585554,-10.912529152686236,0.32985344112935616,-9.633579617409811,0.08464350533616186
8540540540.540541,0.33506719767604876,-9.497361730706213,-0.06244519994423479,0.8357807907924607,-1.5581522941111958,-10.926216472562878,0.8357807907924607,-1.5581522941111958,-10.926216472562878,0.3331612162348578,-9.546911223068673,0.07234590785948104
8546546546.546547,0.33826397436008815,-9.414885055753178,-0.07365181612382139,0.8345972163514223,-1.57046136265713,-10.939869380850247,0.8345972163514223,-1.57046136265713,-10.939869380850247,0.33640094128880244,-9.462855953323125,0.060056461628990324
8552552552.552552,0.341394180804542,-9.334877717502174,-0.08488094794259679,0.8334245911425837,-1.5826737867188894,-10.953488322127992,0.8334245911425837,-1.5826737867188894,-10.953488322127992,0.3395726903533014,-9.38134489069245,0.04777611183342975
8558558558.558558,0.3444578478257835,-9.257278324283588,-0.0961303844326172,0.8322635896070313,-1.594782094812859,-10.967073760174289,0.8322635896070313,-1.594782094812859,-10.967073760174289,0.3426765529353867,-9.302312208405601,0.03550570567263731
8564564564.564565,0.3474550238300031,-9.182028090059012,-0.10739808310074146,0.8311148690471264,-1.606778957634528,-10.98062617733126,0.8311148690471264,-1.606778957634528,-10.98062617733126,0.3457126329326828,-9.225695006044447,0.02324599889786204
8570570570.570571,0.3503857735585058,-9.109070709352315,-0.11868215859123482,0.8299790696209712,-1.618657190134675,-10.994146073877806,0.8299790696209712,-1.618657190134675,-10.994146073877806,0.34868104760526963,-9.151433157105656,0.01099766183699658
8576576576.576576,0.3532501768784597,-9.03835224041215,-0.12998087224283564,0.8288568143596804,-1.6304097533949906,-11.007633967410547,0.8288568143596804,-1.6304097533949906,-11.007633967410547,0.35158192657405174,-9.079469167466039,-0.0012387150447100805
8582582582.582582,0.35604832761741456,-8.96982099598696,-0.1412926224563038,0.8277487092059583,-1.6420297563120003,-11.021090392233596,0.8277487092059583,-1.6420297563120003,-11.021090392233596,0.35441541084547634,-9.009748043846514,-0.013462616004347366
8588588588.588589,0.3587803324400405,-8.903427441147107,-0.15261593579757113,0.8266553430725316,-1.6535104570978763,-11.034515898757668,0.8266553430725316,-1.6535104570978763,-11.034515898757668,0.3571816518631582,-8.942217171439571,-0.025673595261900092
8594594594.594595,0.3614463097658099,-8.839124097633468,-0.16394945876934425,0.8255772879189871,-1.6648452646069845,-11.047911052909154,0.8255772879189871,-1.6648452646069845,-11.047911052909154,0.359880810586073,-8.876826199965542,-0.03787127258648367
8600600600.600601,0.3640463887262223,-8.776865454261314,-0.17529195019111177,0.8245150988456122,-1.676027739496785,-11.061276435549635,0.8245150988456122,-1.676027739496785,-11.061276435549635,0.3625130565937061,-8.813526937474505,-0.0500553291968181
8606606606.606606,0.3665807081605683,-8.716607882940755,-0.18664227413362075,0.8234693142028643,-1.68705159523168,-11.074612641906215,0.8234693142028643,-1.68705159523168,-11.074612641906215,0.36507856721796655,-8.752273251287102,-0.06222550394798325
8612612612.612614,0.3690494156489837,-8.658309559919013,-0.1979993933592529,0.8224404557151216,-1.6979106989383816,-11.087920281013062,0.8224404557151216,-1.6979106989383816,-11.087920281013062,0.36757752670181776,-8.69302097551959,-0.07438158977903117
8618618618.618618,0.37145266658188436,-8.601930391876252,-0.20936236322473156,0.8214290286174212,-1.7085990721211333,-11.10119997516443,0.8214290286174212,-1.7085990721211333,-11.10119997516443,0.3700101253847481,-8.635727824684157,-0.08652343039912873
8624624624.624626,0.37379062326477275,-8.547431946540444,-0.2207303260068721,0.8204355218039006,-1.7191108912452386,-11.11445235937954,0.8204355218039006,-1.7191108912452386,-11.11445235937954,0.3723765589147384,-8.580353312911534,-0.09865091719168816
8630630630.63063,0.37606345405747693,-8.494777387513556,-0.23210250561562012,0.8194604079867398,-1.7294404881968117,-11.127678080879296,0.8194604079867398,-1.7294404881968117,-11.127678080879296,0.3746770274866575,-8.5268586783764,-0.11076398631827859
8636636636.636637,0.3782713325469992,-8.443931413024593,-0.24347820266256473,0.8185041438643953,-1.7395823506269887,-11.140877798575287,0.8185041438643953,-1.7395823506269887,-11.140877798575287,0.3769117351069897,-8.475206812543057,-0.12286261600573208
8642642642.642643,0.38041443675304926,-8.394860198351008,-0.2548567898555643,0.8175671702979957,-1.749531122188273,-11.15405218257094,0.8175671702979957,-1.749531122188273,-11.15405218257094,0.37908088888450525,-8.425362193888331,-0.13494682400164623
8648648648.64865,0.38249294836550646,-8.347531341667597,-0.2662377076932682,0.8166499124947982,-1.7592816026706701,-11.167201913675006,0.8166499124947982,-1.7592816026706701,-11.167201913675006,0.3811846983467392,-8.377290825782035,-0.147016665184392
8654654654.654655,0.3845070520129996,-8.301913813102926,-0.27762046043549526,0.8157527801976369,-1.7688287480451514,-11.180327682927462,0.8157527801976369,-1.7688287480451514,-11.180327682927462,0.38322337478194546,-8.330960178236733,-0.159072229315743
8660660660.66066,0.3864569345618141,-8.25797790680083,-0.2890046123277292,0.8148761678793565,-1.7781676704216252,-11.193430191137683,0.8148761678793565,-1.7781676704216252,-11.193430191137683,0.38519713060632693,-8.286339133259514,-0.17111363892475018
8666666666.666668,0.38834278444439885,-8.215695195799528,-0.3003897840598406,0.8140204549412562,-1.787293637928479,-11.206510148434973,0.8140204549412562,-1.787293637928479,-11.206510148434973,0.3871061787559572,-8.243397933569144,-0.18314104731255165
8672672672.672672,0.39016479101670376,-8.175038489556885,-0.3117756494409322,0.8131860059146119,-1.7962020745205418,-11.219568273831264,0.8131860059146119,-1.7962020745205418,-11.219568273831264,0.38895073210334113,-8.20210813444975,-0.19515463666907623
8678678678.678679,0.3919231439437024,-8.135981793961397,-0.3231619322738251,0.8123731706643845,-1.8048885597221356,-11.23260529479605,0.8123731706643845,-1.8048885597221356,-11.23260529479605,0.39073100289810236,-8.162442558540766,-0.2071546162930589
8684684684.684685,0.3936180326123017,-8.09850027368461,-0.33454840341395026,0.811582284594282,-1.81334882831147,-11.245621946843151,0.811582284594282,-1.81334882831147,-11.245621946843151,0.3924472022313245,-8.124375253378343,-0.21914122090734797
8690690690.690691,0.3952496455710412,-8.06257021673784,-0.3459348779988511,0.8108136688523515,-1.821578769952748,-11.258618973129424,0.8108136688523515,-1.821578769952748,-11.258618973129424,0.39409953952338456,-8.087881451511587,-0.2311147090627014
8696696696.696697,0.3968181699958368,-8.028169001110152,-0.357321212835599,0.8100676305363519,-1.8295744287817715,-11.271597124065028,0.8100676305363519,-1.8295744287817715,-11.271597124065028,0.3956882220346011,-8.052937533042224,-0.2430753616233811
8702702702.702702,0.3983237911811939,-7.9952750633707135,-0.3687073039343114,0.8093444628981777,-1.8373320029508222,-11.284557156935108,0.8093444628981777,-1.8373320029508222,-11.284557156935108,0.39721345439853245,-8.019520990437508,-0.25502348032810784
8708708708.70871,0.3997666920561667,-7.963867869131091,-0.38009308417712945,0.8086444455466406,-1.8448478441383875,-11.297499835532712,0.8086444455466406,-1.8448478441383875,-11.297499835532712,0.39867543817734175,-7.987610395487024,-0.2669593864214219
8714714714.714714,0.401147052724481,-7.933927885268445,-0.3914785211126576,0.8079678446479766,-1.852118457028817,-11.310425929802491,0.8079678446479766,-1.852118457028817,-11.310425929802491,0.400074371438819,-7.957185368280815,-0.2788834193496706
8720720720.720722,0.40246505002824595,-7.9054365538183315,-0.40286361486672495,0.8073149131234478,-1.85914049876717,-11.323336215495225,0.8073149131234478,-1.85914049876717,-11.323336215495225,0.40141044835471495,-7.928226548094655,-0.29079593551717164
8726726726.726727,0.40372085713457634,-7.878376267455401,-0.41424839616096487,0.8066858908434835,-1.8659107783938536,-11.336231473832484,0.8066858908434835,-1.8659107783938536,-11.336231473832484,0.40268385881994484,-7.90071556607945,-0.3026973070977134
8732732732.732733,0.4049146431446384,-7.852730346482909,-0.4256329244314169,0.8060810048178038,-1.8724262562637886,-11.349112491181506,0.8060810048178038,-1.8724262562637886,-11.349112491181506,0.4038947880921284,-7.874635019662033,-0.31458792089767407
8738738738.738739,0.4060465727244877,-7.828483017261477,-0.43701728603975576,0.8055004693810276,-1.878684043454399,-11.361980058739636,0.8055004693810276,-1.878684043454399,-11.361980058739636,0.4050434164512332,-7.849968448565889,-0.3264681772663181
8744744744.744745,0.4071168057572219,-7.805619392010156,-0.4484015925704701,0.804944486373289,-1.8846814011665796,-11.37483497222824,0.804944486373289,-1.8846814011665796,-11.37483497222824,0.40612991887872363,-7.826700312375343,-0.33833848904997027
8750750750.750751,0.40812549701587314,-7.784125449920493,-0.4597859792075947,0.8044132453154204,-1.8904157401225423,-11.387678031595534,0.8044132453154204,-1.8904157401225423,-11.387678031595534,0.4071544647560207,-7.804815969564776,-0.3501992805865127
8756756756.756756,0.4090727958565895,-7.763988019526865,-0.4711706031851263,0.8039069235782841,-1.8958846199643362,-11.400510040728168,0.8039069235782841,-1.8958846199643362,-11.400510040728168,0.4081172175816647,-7.7843016579295,-0.3620509867368552
8762762762.762764,0.40995884593157117,-7.745194762283042,-0.4825556423056571,0.8034256865458785,-1.901085748656425,-11.413331807170998,0.8034256865458785,-1.901085748656425,-11.413331807170998,0.4090183347069154,-7.765144476353391,-0.3738940519503272
8768768768.768768,0.41078378492132844,-7.727734157297402,-0.49394129352191746,0.802969687771859,-1.9060169818956816,-11.426144141854785,0.802969687771859,-1.9060169818956816,-11.426144141854785,0.40985796708951705,-7.747332367853953,-0.3857289293612961
8774774774.774775,0.4115477442858363,-7.711595487183419,-0.5053277715765025,0.802539069129142,-1.9106763225319083,-11.438947858831444,0.802539069129142,-1.9106763225319083,-11.438947858831444,0.41063625906502776,-7.730854103857622,-0.3975560799138042
8780780780.78078,0.41225084903411435,-7.696768824987194,-0.5167153076951656,0.8021339609523047,-1.915061920001645,-11.4517437750163,0.8021339609523047,-1.915061920001645,-11.4517437750163,0.41135334813558433,-7.715699269652815,-0.4093759715120063
8786786786.786787,0.41289321751188374,-7.683245022155054,-0.528104148329315,0.801754482172487,-1.9191720697781058,-11.464532709937131,0.801754482172487,-1.9191720697781058,-11.464532709937131,0.4120093647757118,-7.701858250978363,-0.42118907819354967
8792792792.792793,0.41347496120690386,-7.671015697509133,-0.5394945539436846,0.8014007404445571,-1.9230052128396082,-11.47731548548947,0.8014007404445571,-1.9230052128396082,-11.47731548548947,0.41260443225481336,-7.689322221708678,-0.4329958793236713
8798798798.798798,0.41399618457161813,-7.660073227201728,-0.5508867978452714,0.8010728322663082,-1.9265599351588334,-11.490092925697777,0.8010728322663082,-1.9265599351588334,-11.490092925697777,0.413138666476189,-7.678083132596541,-0.44479685880750985
8804804804.804806,0.4144569848628233,-7.6504107356209765,-0.5622811650498715,0.8007708430894778,-1.9298349672150454,-11.502865856482067,0.8007708430894778,-1.9298349672150454,-11.502865856482067,0.41361217583212373,-7.668133701044796,-0.45659250431847415
8810810810.81081,0.4148574519980021,-7.6420220872251505,-0.5736779511826074,0.8004948474224148,-1.9328291835310973,-11.515635105429547,0.8004948474224148,-1.9328291835310973,-11.515635105429547,0.4140250610749275,-7.6594674018746645,-0.4683833065403556
8816816816.816818,0.41519766842806827,-7.6349018792838415,-0.5850774614093063,0.8002449089242172,-1.9355416022371155,-11.528401501570933,0.8002449089242172,-1.9355416022371155,-11.528401501570933,0.41437741520373195,-7.652078459063616,-0.48016975842110027
8822822822.822823,0.4154777090262663,-7.629045435507383,-0.5964800093951638,0.8000210804902167,-1.9379713846621969,-11.541165875160804,0.8000210804902167,-1.9379713846621969,-11.541165875160804,0.4146693233666233,-7.645961838433816,-0.4919523544360922
8828828828.828829,0.41569764099295375,-7.624448800549262,-0.6078859162878505,0.7998234043286685,-1.9401178349557278,-11.553929057461824,0.7998234043286685,-1.9401178349557278,-11.553929057461824,0.4149008627781712,-7.641113241265357,-0.5037315898589535
8834834834.834835,0.41585752377610163,-7.621108735366821,-0.6192955097219495,0.799651912028558,-1.9419803997393317,-11.56669188053219,0.799651912028558,-1.9419803997393317,-11.56669188053219,0.41507210265198186,-7.6375290988206945,-0.5155079600376878
8840840840.840841,0.41595740900728706,-7.6190227134296675,-0.6307091228417381,0.7995066246184338,-1.9435586677905499,-11.579455177015959,0.7995066246184338,-1.9435586677905499,-11.579455177015959,0.4151831041482556,-7.635206567762433,-0.5272819596742976
8846846846.846848,0.4159973404530242,-7.618188917766496,-0.6421270933396372,0.7993875526161965,-1.9448523697591404,-11.592219779935828,0.7993875526161965,-1.9448523697591404,-11.592219779935828,0.41523392033616946,-7.634143526452864,-0.5390540821056797
8852852852.852852,0.4159773539813097,-7.618606238843113,-0.6535497625073287,0.7992946960698051,-1.9458613779165752,-11.60498652248786,0.7992946960698051,-1.9458613779165752,-11.60498652248786,0.41522459617090923,-7.634338572126577,-0.5508248185840591
8858858858.85886,0.41589747754324535,-7.620274273267401,-0.6649774742970543,0.7992280445888583,-1.946585705939352,-11.617756237837831,0.7992280445888583,-1.946585705939352,-11.617756237837831,0.4151551684854555,-7.635791018924416,-0.5625946575546706
8864864864.864864,0.4157577311696497,-7.623193323318622,-0.6764105743901422,0.7991875773670463,-1.947025508726394,-11.630529758918584,0.7991875773670463,-1.947025508726394,-11.630529758918584,0.41502566599685464,-7.638500896787753,-0.5743640839288744
8870870870.87087,0.4155581269826146,-7.627364397300186,-0.6878494092703966,0.7991732631954689,-1.9471810822507565,-11.643307918228194,0.7991732631954689,-1.9471810822507565,-11.643307918228194,0.4148361093270422,-7.642468951207762,-0.5861335783504944
8876876876.876877,0.415298669221923,-7.632789210718471,-0.6992943252993805,0.7991850604668496,-1.947052863445589,-11.65609154762823,0.7991850604668496,-1.947052863445589,-11.65609154762823,0.41458651103821365,-7.647696643828693,-0.5979036164535363
8882882882.882883,0.41497935428635035,-7.639470188290762,-0.7107456677913044,0.7992229171706681,-1.9466414301243216,-11.66888147814193,0.7992229171706681,-1.9466414301243216,-11.66888147814193,0.41427687568269006,-7.654186153907951,-0.6096746681089653
8888888888.88889,0.41460017078983946,-7.64741046678867,-0.722203780084543,0.7992867708792819,-1.9459475009345992,-11.681678539751669,0.7992867708792819,-1.9459475009345992,-11.681678539751669,0.41390719986732355,-7.661940380636495,-0.621447196658485
8894894894.894894,0.4141610996325431,-7.656613898726076,-0.7336690026074069,0.7993765487250936,-1.944971935345622,-11.694483561195398,0.7993765487250936,-1.944971935345622,-11.694483561195398,0.41347747233254645,-7.670962946324629,-0.6332216581331251
8900900900.900902,0.4136621140868548,-7.667085056900708,-0.7451416719352796,0.7994921673688592,-1.9437157336681574,-11.707297369761577,0.7994921673688592,-1.9437157336681574,-11.707297369761577,0.41298767404607833,-7.681258200463036,-0.6449985004543672
8906906906.906906,0.41310317989844186,-7.6788292398034965,-0.7566221198365081,0.7996335329592416,-1.9421800371064326,-11.720120791082145,0.7996335329592416,-1.9421800371064326,-11.720120791082145,0.4124377783113466,-7.692831224670829,-0.6567781626153997
8912912912.912914,0.4124842554023968,-7.6918524779105555,-0.7681106723042364,0.7998005410837283,-1.9403661278409414,-11.732954648923215,0.7998005410837283,-1.9403661278409414,-11.732954648923215,0.4118277508908697,-7.705687838541327,-0.6685610738402887
8918918918.918919,0.4118052916546468,-7.706161540875155,-0.7796076485713218,0.7999930767110545,-1.938275429141031,-11.745799764972862,0.7999930767110545,-1.938275429141031,-11.745799764972862,0.4111575501446288,-7.719834606403914,-0.6803476527181815
8924924924.924925,0.411066232578744,-7.721763945640311,-0.7911133601054414,0.8002110141252946,-1.935909505505865,-11.758656958625856,0.8002110141252946,-1.935909505505865,-11.758656958625856,0.4104271271835945,-7.735278845020451,-0.6921383063103715
8930930930.930931,0.4102670151281725,-7.738667965495579,-0.802628109581407,0.8004542168517865,-1.933270062832457,-11.771527046764676,0.8004542168517865,-1.933270062832457,-11.771527046764676,0.4096364260386626,-7.752028632236079,-0.7039334292270704
8936936936.936937,0.4094075694644298,-7.756882640102272,-0.8141521898274964,0.8007225375750999,-1.9303589486088981,-11.784410843536545,0.8007225375750999,-1.9303589486088981,-11.784410843536545,0.40878538384507945,-7.770092816611141,-0.71573340267136
8942942942.942944,0.4084878191510044,-7.776417786517545,-0.82568588274261,0.8010158180492473,-1.9271781521311635,-11.797309160125998,0.8010158180492473,-1.9271781521311635,-11.797309160125998,0.4078739310427287,-7.789481028058213,-0.7275385934469802
8948948948.948948,0.40750768136354293,-7.797284011247745,-0.8372294581809258,0.8013338890003854,-1.9237298047413367,-11.810222804522649,0.8013338890003854,-1.9237298047413367,-11.810222804522649,0.40690199159237034,-7.810203689517735,-0.7393493529271652
8954954954.954956,0.40646706711639163,-7.819492723367359,-0.8487831728004351,0.8016765700222538,-1.9200161800851832,-11.823152581283711,0.8016765700222538,-1.9200161800851832,-11.823152581283711,0.4058694832081989,-7.832272029703578,-0.7511660159806574
8960960960.96096,0.40536588150582364,-7.843056148741133,-0.8603472688716854,0.8020436694646299,-1.916039694386673,-11.836099291290857,0.8020436694646299,-1.916039694386673,-11.836099291290857,0.40477631760690946,-7.855698096957518,-0.7629888998519474
8966966966.966967,0.4042040239702012,-7.867987345392286,-0.8719219730429242,0.8024349843151024,-1.9118029067368971,-11.849063731501165,0.8024349843151024,-1.9118029067368971,-11.849063731501165,0.40362240077366435,-7.880494774251389,-0.7748183029914157
8972972972.972973,0.40298138856738613,-7.894300220062776,-0.8835074950573437,0.8028503000744754,-1.9073085193947472,-11.86204669469157,0.8028503000744754,-1.9073085193947472,-11.86204669469157,0.40240763324518236,-7.906675795383546,-0.7866545038318001
8978978978.97898,0.40169786426970105,-7.922009546016281,-0.895104026418259,0.8032893906261557,-1.902559378096381,-11.875048969196662,0.8032893906261557,-1.902559378096381,-11.875048969196662,0.40113191041031904,-7.934255762417752,-0.7984977595062321
8984984984.984985,0.40035333527678174,-7.951130982138678,-0.9067117389974806,0.8037520180998895,-1.8975584723704022,-11.888071338639326,0.8037520180998895,-1.8975584723704022,-11.888071338639326,0.3997951228285022,-7.963250164417489,-0.8103483045039153
8990990990.99099,0.39894768134666475,-7.981681093395845,-0.9183307835819398,0.8042379327302386,-1.8923089358555432,-11.901114581653935,0.8042379327302386,-1.8923089358555432,-11.901114581653935,0.3983971565663104,-7.993675397535444,-0.8222063492578813
8996996996.996998,0.3974807781454607,-8.013677372713998,-0.9299612883534558,0.8047468727102233,-1.8868140466172736,-11.9141794716018,0.8047468727102233,-1.8868140466172736,-11.9141794716018,0.39693789355267817,-8.02554878651919,-0.8340720786600938
9003003003.003002,0.3959524976159794,-8.047138264353334,-0.9416033572958035,0.8052785640405634,-1.8810772274598653,-11.927266776278405,0.8052785640405634,-1.8810772274598653,-11.927266776278405,0.39541721195297286,-8.058888607705038,-0.8459456504978792
9009009009.00901,0.39436270836572923,-8.082083188850847,-0.9532570685232706,0.805832720375013,-1.8751020462298138,-11.940377257612331,0.805832720375013,-1.8751020462298138,-11.940377257612331,0.3938349865624985,-8.093714113571572,-0.8578271938060411
9015015015.015015,0.3927112760746241,-8.118532569616878,-0.9649224725240617,0.8064090428622652,-1.8688922161068455,-11.953511671355345,0.8064090428622652,-1.8688922161068455,-11.953511671355345,0.3921910892196869,-8.130045558937475,-0.8697168071276311
9021021021.02102,0.3909980639228575,-8.156507861274543,-0.9765995903117138,0.8070072199849816,-1.8624515958780368,-11.966670766763587,0.8070072199849816,-1.8624515958780368,-11.966670766763587,0.39048538923950743,-8.167904228889519,-0.8816145566767708
9027027027.027027,0.3892229330393391,-8.196031579840435,-0.9882884114768358,0.8076269273964886,-1.8557841901907801,-11.979855286269345,0.8076269273964886,-1.8557841901907801,-11.979855286269345,0.38871775386748375,-8.207312468537541,-0.8935204743955336
9033033033.033033,0.3873857429711009,-8.237127334853175,-0.9999888921312133,0.8082678277557438,-1.8488941497798677,-11.993065965143428,0.8082678277557438,-1.8488941497798677,-11.993065965143428,0.3868880487547365,-8.248293714700763,-0.9054345558968405
9039039039.03904,0.3854863521741372,-8.27981986356447,-1.0117009527353353,0.8089295705611925,-1.8417857716638832,-12.006303531147667,0.8089295705611925,-1.8417857716638832,-12.006303531147667,0.3849961384545506,-8.290872529637298,-0.9173567582843678
9045045045.045044,0.38352461852607683,-8.324135067318544,-1.023424475799902,0.8096117919841695,-1.8344634993058706,-12.019568704177523,0.8096117919841695,-1.8344634993058706,-12.019568704177523,0.38304188694087565,-8.335074636940277,-0.9292869978394014
9051051051.051052,0.3815003998611727,-8.370100050254894,-1.0351593034507691,0.8103141147025333,-1.826931922733075,-12.032862195894461,0.8103141147025333,-1.826931922733075,-12.032862195894461,0.3810251581492455,-8.380926959733053,-0.9412251475645643
9057057057.057056,0.3794135545280157,-8.41774316048268,-1.0469052348461683,0.8110361477352589,-1.8191957786102817,-12.046184709348006,0.8110361477352589,-1.8191957786102817,-12.046184709348006,0.37894581654062326,-8.428457661306917,-0.953171034572256
9063063063.063065,0.37726394197046564,-8.467094033886022,-1.0586620234338011,0.8117774862787437,-1.811259950261156,-12.059536938587357,0.8117774862787437,-1.811259950261156,-12.059536938587357,0.3768037276885444,-8.477696188360426,-0.9651244373055728
9069069069.069069,0.3750514233322205,-8.518183640735028,-1.070429374034249,0.8125377115456136,-1.8031294676318088,-12.072919568262282,0.8125377115456136,-1.8031294676318088,-12.072919568262282,0.3745987588901395,-8.528673317008302,-0.977085082577491
9075075075.075075,0.3727758620855039,-8.5710443352913,-1.0822069397360914,0.8133163906068636,-1.794809507190498,-12.08633327321347,0.8133163906068636,-1.794809507190498,-12.08633327321347,0.37233077980150625,-8.581421201745421,-0.9890526424136526
9081081081.081081,0.37043712468433915,-8.625709908613647,-1.0939943185864607,0.814113076238187,-1.786305391757343,-12.099778718052002,0.814113076238187,-1.786305391757343,-12.099778718052002,0.36999966309785143,-8.635973427568786,-1.001026730681476
9087087087.087088,0.36803508124286893,-8.682215644788227,-1.105791050059252,0.8149273067713911,-1.7776225902576905,-12.113256556728091,0.8149273067713911,-1.7776225902576905,-12.113256556728091,0.3676052851590137,-8.692365065473947,-1.0130068994879329
9093093093.093094,0.36556960623919293,-8.740598380827063,-1.1175966112815305,0.8157586059518318,-1.7687667173925605,-12.126767432089,0.8157586059518318,-1.7687667173925605,-12.126767432089,0.36514752678077544,-8.750632731566565,-1.024992635325525
9099099099.099098,0.36304057924520855,-8.800896570500708,-1.1294104129965987,0.8166064828028373,-1.7597435332194347,-12.140311975426238,0.8166064828028373,-1.7597435332194347,-12.140311975426238,0.3626262739125465,-8.810814650047288,-1.036983354944348
9105105105.105106,0.3604478856829451,-8.863150352394891,-1.1412317952399487,0.8174704314981147,-1.750558942636614,-12.153890806012077,0.8174704314981147,-1.750558942636614,-12.153890806012077,0.3600414184219155,-8.872950720353804,-1.0489784009260321
9111111111.11111,0.3577914176078745,-8.927401622507894,-1.1530600227019991,0.8183499312431862,-1.7412189947639973,-12.16750453062544,0.8183499312431862,-1.7412189947639973,-12.16750453062544,0.35739285888660377,-8.937082588769027,-1.06097703693217
9117117117.117117,0.35507107451971853,-8.993694111733998,-1.1648942797484283,0.8192444461669124,-1.7317298822132652,-12.181153743067451,0.8192444461669124,-1.7317298822132652,-12.181153743067451,0.35468050141439655,-9.003253724832145,-1.0729784425977553
9123123123.123123,0.35228676420127036,-9.062073468610985,-1.1767336650661593,0.8201534252242165,-1.72209794024005,-12.194839023666713,0.8201534252242165,-1.72209794024005,-12.194839023666713,0.35190426049161777,-9.07150950292112,-1.0849817080362312
9129129129.12913,0.3494384035857787,-9.132587347744845,-1.18857718589914,0.8210763021111345,-1.7123296457707964,-12.208560938774582,0.8210763021111345,-1.7123296457707964,-12.208560938774582,0.34906405986079336,-9.141897289408254,-1.0969858279193925
9135135135.135136,0.3465259196534618,-9.205285504364367,-1.2004237518342842,0.822012495193363,-1.7024316162967161,-12.222320040250809,0.822012495193363,-1.7024316162967161,-12.222320040250809,0.3461598334280377,-9.21446653583198,-1.1089896950914386
9141141141.14114,0.34354925035776934,-9.280219895501151,-1.2122721680934339,0.8229614074494866,-1.6924106086273774,-12.236116864939724,0.8229614074494866,-1.6924106086273774,-12.236116864939724,0.3431915262009621,-9.289268878564302,-1.1209920936713917
9147147147.147148,0.34050834558201853,-9.357444788339485,-1.2241211282820073,0.8239224264301208,-1.6822735174960923,-12.249951934137535,0.8239224264301208,-1.6822735174960923,-12.249951934137535,0.34015909525775784,-9.366358245504587,-1.1329916915933185
9153153153.153152,0.3374031681271355,-9.437016876332464,-1.2359692065391903,0.824894924234186,-1.6720273740096854,-12.263825753050948,0.824894924234186,-1.6720273740096854,-12.263825753050948,0.3370625107482813,-9.44579097037877,-1.1449870325275209
9159159159.15916,0.3342336947312343,-9.5189954037414,-1.2478148490282996,0.8258782575036159,-1.6616793439345356,-12.277738810247893,0.8258782575036159,-1.6616793439345356,-12.277738810247893,0.33390175692799234,-9.527625915281275,-1.1569765271193377
9165165165.165165,0.3309999171219432,-9.60344229931869,-1.2596563646978254,0.8268717674377418,-1.6512367258115974,-12.291691577100554,0.8268717674377418,-1.6512367258115974,-12.291691577100554,0.33067683322572056,-9.611924602159084,-1.1689584434741964
9171171171.171171,0.32770184310235023,-9.6904223199308,-1.2714919152360444,0.8278747798286877,-1.6407069488923198,-12.305684507221681,0.8278747798286877,-1.6407069488923198,-12.305684507221681,0.3273877553463223,-9.698751354008074,-1.180930896809505
9177177177.177177,0.3243394976717477,-9.780003204994319,-1.2833195041316077,0.8288866051190619,-1.6300975708880852,-12.319718035894473,0.8288866051190619,-1.6300975708880852,-12.319718035894473,0.32403455640953105,-9.788173446626686,-1.1928918381831461
9183183183.183184,0.3209129241823071,-9.872255842693665,-1.295136964742043,0.8299065384832855,-1.6194162755253623,-12.333792579497095,0.8299065384832855,-1.6194162755253623,-12.333792579497095,0.32061728812619833,-9.880261271865665,-1.204839042197922
9189189189.18919,0.31742218553317636,-9.967254449045079,-1.3069419472589905,0.8309338599338602,-1.6086708698993322,-12.347908534922361,0.8309338599338602,-1.6086708698993322,-12.347908534922361,0.31713602201378793,-9.975088513396573,-1.2167700935674577
9195195195.195194,0.31386736540359633,-10.065076760987186,-1.318731904444917,0.831967834453914,-1.5978692816184548,-12.362066278993566,0.831967834453914,-1.5978692816184548,-12.362066278993566,0.31359085065273107,-10.072732336142103,-1.228682372414756
9201201201.201202,0.3102485695269501,-10.165804244802816,-1.3305040759989486,0.8330077121573415,-1.5870195557328568,-12.376266167877397,0.8330077121573415,-1.5870195557328568,-12.376266167877397,0.30998188898589246,-10.173273590621612,-1.2405730381575406
9207207207.207207,0.3065659270079902,-10.269522321317183,-1.3422554713905208,0.8340527284778245,-1.5761298514397437,-12.390508536494734,0.8340527284778245,-1.5761298514397437,-12.390508536494734,0.3063092756636073,-10.27679703360237,-1.2524390118141806
9213213213.213213,0.30281959168582767,-10.376320609476373,-1.353982850977271,0.8351021043880512,-1.5652084385588483,-12.404793697930668,0.8351021043880512,-1.5652084385588483,-12.404793697930668,0.3025731744372026,-10.383391566595282,-1.2642769565423124
9219219219.21922,0.2990097435457865,-10.486293190085087,-1.3656827051978926,0.8361550466503732,-1.5542636937717302,-12.419121942844567,0.8361550466503732,-1.5542636937717302,-12.419121942844567,0.2987737756043803,-10.493150493901506,-1.2760832561950184
9225225225.225225,0.29513659018374166,-10.59953889168192,-1.3773512316011542,0.8372107481001503,-1.543304096618689,-12.433493538881565,0.8372107481001503,-1.543304096618689,-12.433493538881565,0.29491129751053824,-10.606171802100267,-1.2878539916500087
9231231231.231232,0.2912003683272472,-10.716161600752134,-1.3889843094373913,0.8382683879629764,-1.532338225247584,-12.447908730086603,0.8382683879629764,-1.532338225247584,-12.447908730086603,0.2909859881106733,-10.722558463080901,-1.299584914631131
9237237237.237236,0.2872013454184979,-10.836270598729783,-1.4005774714990236,0.8393271322069425,-1.5213747519092338,-12.462367736322415,0.8393271322069425,-1.5213747519092338,-12.462367736322415,0.2869981265974795,-10.842418762953079,-1.3112714187013963
9243243243.243244,0.28313982126519605,-10.959980928519888,-1.4121258728493653,0.8403861339310414,-1.5104224381944797,-12.476870752692832,0.8403861339310414,-1.5104224381944797,-12.476870752692832,0.2829480251022297,-10.965866659432377,-1.3229085070581232
9249249249.249249,0.27901612976645573,-11.087413793590224,-1.4236242560242092,0.8414445337907503,-1.499490130008621,-12.491417948972728,0.8414445337907503,-1.499490130008621,-12.491417948972728,0.2788360304762458,-11.093022170592208,-1.334490756705133
9255255255.255257,0.27483064072221675,-11.218696993039254,-1.4350669122263893,0.8425014604617811,-1.4885867522792333,-12.506009469046305,0.8425014604617811,-1.4885867522792333,-12.506009469046305,0.2746625261621203,-11.224011798205584,-1.3460122785119482
9261261261.261261,0.27058376173631854,-11.353965396446863,-1.446447637957356,0.8435560311428814,-1.477721303394298,-12.520645430355113,0.8435560311428814,-1.477721303394298,-12.520645430355113,0.2704279341657948,-11.358968989263133,-1.3574666725919449
9267267267.267267,0.2662759402252173,-11.493361462770464,-1.4577596864411564,0.8446073520985183,-1.4669028493678569,-12.535325923357556,0.8446073520985183,-1.4669028493678569,-12.535325923357556,0.2661327171422765,-11.498034639680121,-1.368846978341387
9273273273.273273,0.2619076655467225,-11.637035808057131,-1.46899571308955,0.8456545192421524,-1.4561405177314246,-12.550051011001464,0.8456545192421524,-1.4561405177314246,-12.550051011001464,0.261777380610743,-11.641357644653654,-1.3801456183739296
9279279279.27928,0.25747947126584075,-11.785147827319618,-1.480147714132417,0.8466966187607285,-1.4454434911498715,-12.564820728211519,0.8466966187607285,-1.4454434911498715,-12.564820728211519,0.2573624753172256,-11.789095500666784,-1.3913543354579452
9285285285.285286,0.2529919375781794,-11.937866376570579,-1.4912069573881641,0.8477327277808895,-1.434821000761407,-12.579635081393326,0.8477327277808895,-1.434821000761407,-12.579635081393326,0.2528885997669469,-11.941414964705634,-1.4024641214130964
9291291291.29129,0.2484456939153459,-12.09537052173868,-1.5021639039704549,0.8487619150773024,-1.424282319242038,-12.59449404795593,0.8487619150773024,-1.424282319242038,-12.59449404795593,0.24835640295251232,-12.098492776906642,-1.4134651367431654
9297297297.297298,0.2438414217616955,-12.257850362005179,-1.5130081195149345,0.8497832418233464,-1.413836753595887,-12.609397575854643,0.8497832418233464,-1.413836753595887,-12.609397575854643,0.24376658730935008,-12.260516453567288,-1.4243466195656698
9303303303.303303,0.23917985771757858,-12.42550793601674,-1.5237281732531542,0.8507957623842924,-1.4034936376734655,-12.624345583156085,0.8507957623842924,-1.4034936376734655,-12.624345583156085,0.23911991193599388,-12.427685158247959,-1.435096782142562
9309309309.309309,0.23446179685144766,-12.598558220447886,-1.5343115229522277,0.8517985251529416,-1.393262324421112,-12.639337957627435,0.8517985251529416,-1.393262324421112,-12.639337957627435,0.23441719612430684,-12.60021065956627,-1.445702693003995
9315315315.315315,0.22968809639185592,-12.777230231518612,-1.5447443833655248,0.8527905734275328,-1.3831521778658253,-12.654374556351693,0.8527905734275328,-1.3831521778658253,-12.654374556351693,0.22965932325413982,-12.77831838522703,-1.4561501422830687
9321321321.321321,0.2248596798210612,-12.961768241317165,-1.555011575386269,0.8537709463315873,-1.3731725648405446,-12.66945520537113,0.8537709463315873,-1.3731725648405446,-12.66945520537113,0.22484724511784732,-12.962248582863339,-1.466423487424705
9327327327.327328,0.21997754144496548,-13.152433122137982,-1.5650963525435948,0.8547386797751606,-1.3633328464562529,-12.684579699360725,0.8547386797751606,-1.3633328464562529,-12.684579699360725,0.21998198675412556,-13.152257599335096,-1.4765054758794303
9333333333.333332,0.21504275153035088,-13.349503833499787,-1.5749802008053528,0.855692807456806,-1.3536423693282669,-12.699747801333663,0.855692807456806,-1.3536423693282669,-12.699747801333663,0.2150646518874367,-13.348619291251342,-1.486377040717781
9339339339.33934,0.21005646212010504,-13.55327906805333,-1.5846426068223032,0.856632361905377,-1.3441104565651258,-12.7149592423809,0.856632361905377,-1.3441104565651258,-12.7149592423809,0.21009642909023976,-13.551626580589515,-1.4960170642755939
9345345345.345345,0.20501991366220934,-13.764079074144668,-1.5940607887258613,0.857556375560582,-1.3347463985298593,-12.730213721446606,0.857556375560582,-1.3347463985298593,-12.730213721446606,0.20507859881121254,-13.761593170316145,-1.5054021039242833
9351351351.351353,0.1999344426188232,-13.982247674336154,-1.6032093823266225,0.8584638818910458,-1.3255594433842268,-12.745510905141678,0.8584638818910458,-1.3255594433842268,-12.745510905141678,0.2000125414449934,-13.978855435761401,-1.5145060728062347
9357357357.357357,0.19480149026100183,-14.208154500518287,-1.6120600739870414,0.8593539165483844,-1.316558787428181,-12.760850427596937,0.8593539165483844,-1.316558787428181,-12.760850427596937,0.19489974665957108,-14.203774507993579,-1.5232998668214395
9363363363.363363,0.18962261290318586,-14.442197467228794,-1.6205811694793069,0.8602255185556421,-1.3077535652475158,-12.776231890358124,0.8602255185556421,-1.3077535652475158,-12.776231890358124,0.1897418242481901,-14.436738565344527,-1.5317509272196752
9369369369.36937,0.18439949389383542,-14.68480550506386,-1.628737085678152,0.8610777315282057,-1.299152839684174,-12.791654862324343,0.8610777315282057,-1.299152839684174,-12.791654862324343,0.18454051683739403,-14.678165348137464,-1.5398227257372477
9375375375.375376,0.17913395775753194,-14.936441575169514,-1.6364877488414575,0.8619096049251149,-1.2907655916447243,-12.807118879731778,0.8619096049251149,-1.2907655916447243,-12.807118879731778,0.17929771486436297,-14.928504909048781,-1.5474741561938266
9381381381.381382,0.17382798698516672,-15.19760598298272,-1.6437878793156322,0.8627201953284793,-1.2826007097637417,-12.822623446184327,0.8627201953284793,-1.2826007097637417,-12.822623446184327,0.17401547434176012,-15.188242606483453,-1.5546588126556717
9387387387.387386,0.16848374209942707,-15.46884000352744,-1.650586137534685,0.863508567748514,-1.2746669799398895,-12.83816803273278,0.863508567748514,-1.2746669799398895,-12.83816803273278,0.16869603806236821,-15.45790233966459,-1.5613241294665603
9393393393.393394,0.1631035857920949,-15.750729819954554,-1.656824099849533,0.8642737969514842,-1.2669730747638437,-12.853752078004035,0.8642737969514842,-1.2669730747638437,-12.853752078004035,0.1633418610699253,-15.73805000987203,-1.56741035235785
9399399399.399399,0.15769011215070322,-16.043910759042525,-1.662435024628145,0.8650149688076832,-1.2595275428579482,-12.869374988381661,0.8650149688076832,-1.2595275428579482,-12.869374988381661,0.15795564144828586,-16.0292971696486,-1.5728493021144088
9405405405.405407,0.15224618228206602,-16.34907177812114,-1.667342358681638,0.8657311816563441,-1.2523387981488918,-12.885036138239283,0.8657311816563441,-1.2523387981488918,-12.885036138239283,0.1525403577764482,-16.33230478656443,-1.5775628824271932
9411411411.411411,0.1467749680237383,-16.666960111305826,-1.6714579207139362,0.8664215476842179,-1.2454151090954737,-12.900734870227675,0.8664215476842179,-1.2454151090954737,-12.900734870227675,0.14709931498513648,-16.647786993969852,-1.581461271013881
9417417417.417418,0.14128000594402085,-16.99838590989194,-1.6746796812940328,0.8670851943143749,-1.2387645878945175,-12.91647049561692,0.8670851943143749,-1.2387645878945175,-12.91647049561692,0.14163620086441522,-16.976514618474614,-1.5844407170963326
9423423423.423424,0.13576526451346105,-17.34422659813038,-1.6768890366969293,0.8677212656016097,-1.23239517968894,-12.932242294694165,0.8677212656016097,-1.23239517968894,-12.932242294694165,0.1361551561544786,-17.31931814824504,-1.5863808479890995
9429429429.42943,0.1302352282487218,-17.705430489762943,-1.6779474454990384,0.8683289236306841,-1.2263146518026948,-12.948049517217942,0.8683289236306841,-1.2263146518026948,-12.948049517217942,0.1306608620644193,-17.677089615624986,-1.5871413618265953
9435435435.435436,0.12469500387244375,-18.083018939105372,-1.6776922604476725,0.8689073499134983,-1.2205305830281115,-12.963891382929525,0.8689073499134983,-1.2205305830281115,-12.963891382929525,0.1251586502887663,-18.050782578669903,-1.5865579512306285
9441441441.44144,0.11915045522262599,-18.478085881239828,-1.675931542171635,0.8694557467811538,-1.2150503529917194,-12.979767082121707,0.8694557467811538,-1.2150503529917194,-12.979767082121707,0.11965464224138071,-18.441408947997004,-1.5844372630408368
9447447447.447449,0.11360837595092119,-18.8917929684212,-1.672437584368916,0.8699733387667612,-1.2098811316252638,-12.995675776265285,0.8699733387667612,-1.2098811316252638,-12.995675776265285,0.1141559264519231,-18.85003074023257,-1.5805506518283836
9453453453.453453,0.10807671220100279,-19.32535750893601,-1.6669388120556095,0.8704593739747472,-1.2050298687690582,-13.011616598693081,0.8704593739747472,-1.2050298687690582,-13.011616598693081,0.10867078607048869,-19.277743829149884,-1.5746264313348444
9459459459.45946,0.10256485175860958,-19.780028866849612,-1.6591096384470276,0.8709131254323593,-1.2005032839350007,-13.027588655341674,0.8709131254323593,-1.2005032839350007,-13.027588655341674,0.10320899245079238,-19.725649232157107,-1.5663402738605066
9465465465.465466,0.09708400199587996,-20.257046589755507,-1.6485577928964121,0.8713338924189828,-1.1963078562571092,-13.043591025550091,0.8713338924189828,-1.1963078562571092,-13.043591025550091,0.09778218612310953,-20.194805148236462,-1.5553033673262604
9471471471.471472,0.09164768672271138,-20.75756985162188,-1.6348085894023014,0.871721001768881,-1.192449814657191,-13.059622762915218,0.871721001768881,-1.192449814657191,-13.059622762915218,0.09240437340065313,-20.68614947195649,-1.5410479451872818
9477477477.477478,0.08627240216732518,-21.28256218610927,-1.6172856540379823,0.872073809142936,-1.1889351282535217,-13.075682896202956,0.872073809142936,-1.1889351282535217,-13.075682896202956,0.08709257549733222,-21.200377326476804,-1.5230099220134319
9483483483.483482,0.08097848469342206,-21.832607084185497,-1.5952878998794606,0.8723917002649929,-1.1857694970400874,-13.091770430314277,0.8723917002649929,-1.1857694970400874,-13.091770430314277,0.08186767692920677,-21.737750658836553,-1.5005087291108552
9489489489.48949,0.07579125625614287,-22.407617887027335,-1.5679632899313347,0.8726740921184358,-1.1829583428637693,-13.107884347304946,0.8726740921184358,-1.1829583428637693,-13.107884347304946,0.07675552928160917,-22.297806584117417,-1.4727253005691998
9495495495.495495,0.07074252365145468,-23.006389026599663,-1.5342816602527514,0.8729204340986896,-1.1805068007263775,-13.124023607457454,0.8729204340986896,-1.1805068007263775,-13.124023607457454,0.07178837008385741,-22.878918139528967,-1.4386809634555018
9501501501.501503,0.06587250296323723,-23.625916686393587,-1.493012479322128,0.8731302091174187,-1.17841971043796,-13.140187150403786,0.8731302091174187,-1.17841971043796,-13.140187150403786,0.06700660272281045,-23.47764801022324,-1.3972234946336264
9507507507.507507,0.061232195405106854,-24.26040338380508,-1.4427203239249693,0.8733029346543018,-1.1767016086471367,-13.156373896296966,0.8733029346543018,-1.1767016086471367,-13.156373896296966,0.06246092729732498,-24.087831450108112,-1.3470329201563747
9513513513.513514,0.056886102695667316,-24.899876380276304,-1.3818028343028725,0.873438163752404,-1.1753567212732845,-13.172582747029606,0.873438163752404,-1.1753567212732845,-13.172582747029606,0.05821466794148777,-24.69935150856459,-1.28666985083914
9519519519.51952,0.052914848970683166,-25.52844878193906,-1.3086136116581795,0.8735354859532991,-1.1743889563647236,-13.188812587497107,0.8735354859532991,-1.1743889563647236,-13.188812587497107,0.054345837633839746,-25.296674261316085,-1.2147028400833335
9525525525.525526,0.04941665912389908,-26.12253237944772,-1.221730524761004,0.8735945281682999,-1.1738018974057067,-13.20506228690327,0.8735945281682999,-1.1738018974057067,-13.20506228690327,0.050947943831064456,-25.857466773226434,-1.1299622922277355
9531531531.531532,0.046505712205038484,-26.64987400595711,-1.1204262989358644,0.8736149554823391,-1.1735987970940203,-13.221330700105723,0.8736149554823391,-1.1735987970940203,-13.221330700105723,0.048127803872987505,-26.35207910453863,-1.0319576719955494
9537537537.537537,0.04430455198624916,-27.071033014613235,-1.0053254489859789,0.8735964718872715,-1.1737825716096435,-13.237616668998388,0.8735964718872715,-1.1737825716096435,-13.237616668998388,0.04599811139677351,-26.745199986715363,-0.9214267119158167
9543543543.543545,0.04292827538639974,-27.34513117297581,-0.8790436167610464,0.8735388209416112,-1.1743557953934833,-13.253919023928212,0.8735388209416112,-1.1743557953934833,-13.253919023928212,0.04466320255566806,-27.00100278499238,-0.8008353364043023
9549549549.54955,0.04246189367253022,-27.44001283025316,-0.7463728148794669,0.8734417863539853,-1.1753206964536789,-13.270236585143028,0.8734417863539853,-1.1753206964536789,-13.270236585143028,0.044199600137608826,-27.091633191667718,-0.6744841561081895
9555555555.555555,0.04293862780984439,-27.34303676862174,-0.6135938299507556,0.873305192487858,-1.176679152215398,-13.2865681642675,0.873305192487858,-1.176679152215398,-13.2865681642675,0.04463780308898826,-27.00594375892213,-0.5479179691128447
9561561561.561562,0.04433042541527242,-27.06596201979773,-0.4870179836717453,0.8731289047853832,-1.178432685928277,-13.302912565803753,0.8731289047853832,-1.178432685928277,-13.302912565803753,0.04595422447973241,-26.753491172432078,-0.42673425966922707
9567567567.567568,0.04655650462001223,-26.640392663909367,-0.37151178939742013,0.8729128301085565,-1.1805824636438618,-13.319268588653348,0.8729128301085565,-1.1805824636438618,-13.319268588653348,0.048077883254222464,-26.36109322911112,-0.3153642156235797
9573573573.573574,0.04950460880203912,-26.107087340876497,-0.2697738553807776,0.8726569169961546,-1.1831292917736105,-13.33563502765714,0.8726569169961546,-1.1831292917736105,-13.33563502765714,0.05090795023734779,-25.864287781716556,-0.21642363592941036
9579579579.579578,0.05305374434062168,-25.50567919506987,-0.18249321696883256,0.8723611558352939,-1.1860736152359939,-13.352010675149376,0.8723611558352939,-1.1860736152359939,-13.352010675149376,0.05433335050871687,-25.298670260606198,-0.13077207598988902
9585585585.585587,0.05709036607720837,-24.868743443666723,-0.1089806488446496,0.8720255789467727,-1.189415516199374,-13.368394322522517,0.8720255789467727,-1.189415516199374,-13.368394322522517,0.058247568414242216,-24.694443997049618,-0.05799553957361079
9591591591.59159,0.06151634550675757,-24.22018945028059,-0.047830171163795926,0.8716502605837225,-1.1931547134251799,-13.384784761798926,0.8716502605837225,-1.1931547134251799,-13.384784761798926,0.06255667050937393,-24.074527480896993,0.003039139019111903
9597597597.597599,0.0662508855766638,-23.576166242619195,0.0026022692168998192,0.8712353168434348,-1.1972905622140162,-13.401180787206009,0.8712353168434348,-1.1972905622140162,-13.401180787206009,0.06718190965919929,-23.454953108230296,0.053753980368803925
9603603603.603603,0.07122919757491925,-22.946838962539374,0.04392374528485123,0.8707809054925905,-1.201822054955167,-13.417581196750731,0.8707809054925905,-1.201822054955167,-13.417581196750731,0.07205915733142382,-22.846216417528105,0.09559388017180002
9609609609.60961,0.07639995684905208,-22.338137734303967,0.07757716404194773,0.8702872257064687,-1.2067478222779713,-13.4339847937902,0.8702872257064687,-1.2067478222779713,-13.4339847937902,0.07713694938811512,-22.254750812149226,0.1298909940374343
9615615615.615616,0.08172262105022153,-21.753154257973982,0.10480101015792628,0.8697545177230595,-1.2120661348014934,-13.450390388594261,0.8697545177230595,-1.2120661348014934,-13.450390388594261,0.08237419725791197,-21.684176092124478,0.15781164199414174
9621621621.621622,0.08716506588288263,-21.193150744961695,0.12663281446233976,0.8691830624133543,-1.2177749054768319,-13.466796799896727,0.8691830624133543,-1.2177749054768319,-13.466796799896727,0.08773806074031633,-21.13623937926591,0.1803481231688797
9627627627.627628,0.09270166238023345,-20.65824955527859,0.1439310163658524,0.8685731807694115,-1.223871692514539,-13.483202856431557,0.8685731807694115,-1.223871692514539,-13.483202856431557,0.09320215770007101,-20.61148066571279,0.19833165609413547
9633633633.633633,0.09831177557466546,-20.14788920372144,0.15740209194527321,0.8679252333121268,-1.2303537028875926,-13.499607398450479,0.8679252333121268,-1.2303537028875926,-13.499607398450479,0.09874513093864795,-20.109686199318418,0.21245320941384035
9639639639.63964,0.1039786159423894,-19.661119355010403,0.16762688242554918,0.8672396194209511,-1.237217796398497,-13.51600927921865,0.8672396194209511,-1.237217796398497,-13.51600927921865,0.10434953071257826,-19.630189994624303,0.2232855772557842
9645645645.645645,0.1096883687247112,-19.19678844513099,0.17508375638159332,0.8665167765880888,-1.244460490297304,-13.53240736648499,0.8665167765880888,-1.244460490297304,-13.53240736648499,0.11000095471213898,-19.172070910578324,0.23130374131462159
9651651651.651651,0.11542953552517009,-18.75366103774911,0.1801680219163773,0.8657571795999931,-1.2520779644356292,-13.548800543924155,0.8657571795999931,-1.2520779644356292,-13.548800543924155,0.1156873897007989,-18.73427955939716,0.23690246827295466
9657657657.657658,0.12119243564879574,-18.3304897252607,0.1832077828979005,0.8649613396492396,-1.2600660669400365,-13.565187712546809,0.8649613396492396,-1.2600660669400365,-13.565187712546809,0.12139870782436847,-18.31571871788953,0.24041100261471335
9663663663.663664,0.1269688269079505,-17.92605785862436,0.18447671587312742,0.8641298033801019,-1.2684203203866495,-13.581567792075601,0.8641298033801019,-1.2684203203866495,-13.581567792075601,0.12712628034470727,-17.915293201526957,0.24210510455689166
9669669669.66967,0.1327516156901804,-17.53920369026926,0.18420429851872983,0.8632631518713691,-1.2771359284574522,-13.59793972228381,0.8632631518713691,-1.2771359284574522,-13.59793972228381,0.1328626801846584,-17.531939819213,0.24221681388594438
9675675675.675674,0.1385346338723585,-17.168832774687914,0.18258397961761297,0.8623619995601539,-1.286207783057325,-13.614302464294248,0.8623619995601539,-1.286207783057325,-13.614302464294248,0.138601451653793,-17.16464442162271,0.24094233181921917
9681681681.681683,0.144312466007811,-16.813923040699173,0.17977970790021042,0.8614269931106058,-1.295630471869765,-13.630655001835969,0.8614269931106058,-1.295630471869765,-13.630655001835969,0.1443369311264636,-16.81245065708627,0.23844837485563777
9687687687.687687,0.15008031452841097,-16.473525375967306,0.17593116092080854,0.8604588102316175,-1.3053982863279407,-13.646996342456413,0.8604588102316175,-1.3053982863279407,-13.646996342456413,0.15006410652483937,-16.474463463904566,0.23487730088352454
9693693693.693695,0.15583389386900648,-16.146761546956814,0.17115794669882556,0.8594581584477027,-1.3155052299771692,-13.663325518687225,0.8594581584477027,-1.3155052299771692,-13.663325518687225,0.15577850650704764,-16.149849283630992,0.2303512538998471
9699699699.6997,0.16156934673883147,-15.83282061936468,0.16556299349686043,0.8584257738273778,-1.3259450272035394,-13.679641589161587,0.8584257738273778,-1.3259450272035394,-13.679641589161587,0.1614761125227344,-15.837834292275279,0.22497552571572757
9705705705.705706,0.16728317746382856,-15.530954617927573,0.1592352967618611,0.8573624196734076,-1.3367111323032765,-13.695943639681758,0.8573624196734076,-1.3367111323032765,-13.695943639681758,0.16715328857668388,-15.537701493404597,0.21884129272241387
9711711711.711712,0.17297219857337354,-15.240473888457,0.1522521555608713,0.8562688851793779,-1.3477967388663301,-13.712230784235036,0.8562688851793779,-1.3477967388663301,-13.712230784235036,0.172806724787496,-15.248787218476508,0.2120278530028787
9717717717.717718,0.17863348772856497,-14.96074244619112,0.14468100211302873,0.8551459840570446,-1.3591947894477285,-13.728502165957257,0.8551459840570446,-1.3591947894477285,-13.728502165957257,0.1784333917569736,-14.970477382742502,0.204604462872112
9723723723.723724,0.18426435277557907,-14.691173479042979,0.13658090565783576,0.8539945531389422,-1.3708979854996386,-13.744756958042545,0.8539945531389422,-1.3708979854996386,-13.744756958042545,0.1840305034607725,-14.702203715164497,0.19663185120504975
9729729729.729729,0.18986230322044098,-14.431225100046909,0.128003814534218,0.8528154509607148,-1.3828987975369442,-13.760994364598643,0.8528154509607148,-1.3828987975369442,-13.760994364598643,0.18959548689357467,-14.443440095290757,0.18816347360750482
9735735735.735737,0.19542502680744026,-14.180396395929353,0.11899558686131136,0.8516095563275728,-1.3951894755092935,-13.777213621447228,0.8516095563275728,-1.3951894755092935,-13.777213621447228,0.19512595709714867,-14.193699074004652,0.17924655569268644
9741741741.741741,0.20095037017538292,-13.938223788943473,0.10959684972774597,0.8503777668692476,-1.407762059352404,-13.793413996868647,0.8503777668692476,-1.407762059352404,-13.793413996868647,0.20061969650005623,-13.952528618599061,0.16992296468669182
9747747747.747747,0.20643632278837837,-13.704277710791903,0.0998437186236626,0.8491209975877019,-1.4206083896918609,-13.809594792291112,0.8491209975877019,-1.4206083896918609,-13.809594792291112,0.20607463772783793,-13.719509099168558,0.1602299407028352
9753753753.753754,0.21188100350831682,-13.478159576623032,0.08976840246003305,0.8478401794017808,-1.4337201186727764,-13.8257553429241,0.8478401794017808,-1.4337201186727764,-13.8257553429241,0.21148884921906702,-13.494250518525114,0.15020071281901026
9759759759.75976,0.21728264930766192,-13.259499041080584,0.07939971450555557,0.8465362576928487,-1.4470887208892427,-13.841895018336292,0.8465362576928487,-1.4470887208892427,-13.841895018336292,0.21686052311978932,-13.276389978768979,0.13986502019474634
9765765765.765766,0.22263960572340044,-13.047951515469414,0.06876350562084839,0.8452101908553328,-1.4607055043879715,-13.858013222978322,0.8452101908553328,-1.4607055043879715,-13.858013222978322,0.22218796503508123,-13.065589372386011,0.12924955458669843
9771771771.771772,0.22795031873250785,-12.84319592414956,0.0578830330453949,0.8438629488559318,-1.4745616217212576,-13.874109396650933,0.8438629488559318,-1.4745616217212576,-13.874109396650933,0.22746958530010938,-12.861533282938941,0.11837833753981658
9777777777.777779,0.2332133277919224,-12.644932678509903,0.04677927551046141,0.8424955118051045,-1.4886480810249085,-13.890183014919124,0.8424955118051045,-1.4886480810249085,-13.890183014919124,0.23270389149848375,-12.663927079242935,0.10727304307519804
9783783783.783783,0.2384272598354082,-12.452881847822795,0.03547120347124295,0.8411088685442442,-1.502955757097924,-13.906233589473263,0.8411088685442442,-1.502955757097924,-13.906233589473263,0.23788948200764945,-12.472495186746835,0.0959532747273562
9789789789.789791,0.24359082405892568,-12.266781507616702,0.02397601166566518,0.8397040152517907,-1.517475402461259,-13.92226066843806,0.8397040152517907,-1.517475402461259,-13.92226066843806,0.24302504039251155,-12.286979520295612,0.08443680420379814
9795795795.795795,0.24870280735731387,-12.086386247724816,0.012309319931004389,0.8382819540713108,-1.532197658374215,-13.938263836630563,0.8382819540713108,-1.532197658374215,-13.938263836630563,0.2481093305012003,-12.107138063287001,0.07273977766375586
9801801801.801802,0.2537620703003455,-11.911465823729298,0.00048534717911988284,0.8368436917643846,-1.5471130657878918,-13.954242715768508,0.8368436917643846,-1.5471130657878918,-13.954242715768508,0.25314119214375114,-11.932743579243223,0.060876894580160316
9807807807.807808,0.2587675435562387,-11.741803937066651,-0.011482937405095258,0.835390238390934,-1.562212076216152,-13.970196964630233,0.835390238390934,-1.562212076216152,-13.970196964630233,0.2581195372555023,-11.763582442936407,0.048861563309046126
9813813813.813814,0.2637182246872571,-11.577197130515966,-0.02358368255820616,0.8339226060193885,-1.5774850625059103,-13.986126279167816,0.8339226060193885,-1.5774850625059103,-13.986126279167816,0.2630433464646972,-11.599453579310378,0.036706036805183355
9819819819.81982,0.2686131752552095,-11.417453787158085,-0.035806039698330475,0.8324418074689016,-1.5929223294893724,-14.002030392574927,0.8324418074689016,-1.5929223294893724,-14.002030392574927,0.2679116659976065,-11.440167499535939,0.024421531361241356
9825825825.825825,0.2734515181855658,-11.262393222142057,-0.04814006188018268,0.8309488550855879,-1.6085141245022714,-14.017909075311032,0.8309488550855879,-1.6085141245022714,-14.017909075311032,0.27272360486625086,-11.285545424555599,0.012018330786061371
9831831831.831833,0.27823243534780784,-11.111844857730414,-0.060576614950868975,0.8294447595545351,-1.6242506477533474,-14.033762135083762,0.8294447595545351,-1.6242506477533474,-14.033762135083762,0.2774783322930513,-11.13541848743611,-0.0004941219430701113
9837837837.837837,0.28295516531689985,-10.965647473120407,-0.07310729922278635,0.8279305287491553,-1.6401220625312276,-14.049589416791148,0.8279305287491553,-1.6401220625312276,-14.049589416791148,0.28217507533472264,-10.989627006718628,-0.013107143834654987
9843843843.843845,0.28761900128694645,-10.823648521452196,-0.0857243802385725,0.8264071666191616,-1.656118505236765,-14.065390802425753,0.8264071666191616,-1.656118505236765,-14.065390802425753,0.2868131166740065,-10.848019823761009,-0.025812740386624382
9849849849.84985,0.2922232891128259,-10.685703507244531,-0.09842072741709032,0.8248756721183371,-1.672230095229156,-14.081166210942321,0.8248756721183371,-1.672230095229156,-14.081166210942321,0.2913917925532746,-10.7104536977874,-0.03860354219941233
9855855855.855856,0.29676742546007384,-10.551675418219268,-0.11118975954939607,0.8233370381729604,-1.6884469444763797,-14.096915598091185,0.8233370381729604,-1.6884469444763797,-14.096915598091185,0.29591049082837106,-10.576792753015255,-0.051472748643212066
9861861861.861862,0.3012508560464474,-10.421434206136018,-0.12402539626356328,0.8217922506916188,-1.7047591670009918,-14.11263895621915,0.8217922506916188,-1.7047591670009918,-14.11263895621915,0.3003686491247497,-10.44690797281521,-0.06441407767459631
9867867867.867868,0.3056730739616169,-10.294856311831868,-0.13692201470349066,0.82024228761691,-1.7211568881138797,-14.128336314039938,0.82024228761691,-1.7211568881138797,-14.128336314039938,0.3047657530812165,-10.320676736378502,-0.07742172102933363
9873873873.873875,0.31003361805383384,-10.171824230174462,-0.1498744107734579,0.8186881180193563,-1.7376302534296384,-14.144007736376162,0.8186881180193563,-1.7376302534296384,-14.144007736376162,0.309101334668779,-10.197982393846521,-0.09049030412432482
9879879879.879879,0.3143320713743436,-10.052226111094768,-0.16287776439006005,0.8171307012336695,-1.754169437658404,-14.159653323874739,0.8171307012336695,-1.754169437658404,-14.159653323874739,0.31337497057469765,-10.078713876262706,-0.1036148500960389
9885885885.885887,0.3185680596720837,-9.935955393267415,-0.17592760825940876,0.8155709860373268,-1.7707646531702006,-14.175273212697846,0.8155709860373268,-1.7707646531702006,-14.175273212697846,0.3175862806432472,-9.96276533709188,-0.11679074747875876
9891891891.891891,0.3227412499325013,-9.82291046736836,-0.18901979976239172,0.8140099098712748,-1.7874061583286696,-14.190867574191113,0.8140099098712748,-1.7874061583286696,-14.190867574191113,0.3217349263664927,-9.850035822377029,-0.1300137210938764
9897897897.897898,0.32685134895564155,-9.712994366154469,-0.20215049558618134,0.8124483981023735,-1.8040842655926712,-14.206436614531327,0.8124483981023735,-1.8040842655926712,-14.206436614531327,0.32582060941941776,-9.74042896690724,-0.1432798057773058
9903903903.903904,0.33089810196946556,-9.606114478897329,-0.21531612878715825,0.8108873633271086,-1.8207893493845733,-14.22198057435517,0.8108873633271086,-1.8207893493845733,-14.22198057435517,0.3298430702349941,-9.63385271403025,-0.1565853226210744
9909909909.90991,0.3348812912753135,-9.502182287951653,-0.2285133880110776,0.8093277047159095,-1.8375118537255912,-14.237499728371088,0.8093277047159095,-1.8375118537255912,-14.237499728371088,0.33380208661550775,-9.530219056983944,-0.1699268574461449
9915915915.915916,0.33880073492303153,-9.401113125464688,-0.24173919863120238,0.8077703073973032,-1.8542422996392458,-14.252994384956015,0.8077703073973032,-1.8542422996392458,-14.252994384956015,0.33769747237733966,-9.429443799828453,-0.18330124125969852
9921921921.92192,0.3426562854139071,-9.302825948430913,-0.254990705594583,0.8062160418810079,-1.8709712923249984,-14.26846488573872,0.8062160418810079,-1.8709712923249984,-14.26846488573872,0.34152907602681576,-9.33144633625431,-0.19670553248081016
9927927927.927929,0.3464478284299066,-9.207243130477186,-0.26826525779302357,0.8046657635189769,-1.8876895281047879,-14.283911605171449,0.8046657635189769,-1.8876895281047879,-14.283911605171449,0.3452967794655013,-9.236149444704173,-0.21013700074438965
9933933933.933933,0.35017528158828004,-9.114290268917227,-0.28156039379713566,0.8031203120032697,-1.9043878011463198,-14.299334950091533,0.8031203120032697,-1.9043878011463198,-14.299334950091533,0.3490004967235527,-9.143479098401247,-0.22359311211723312
9939939939.939941,0.35383859322071126,-9.023896005761188,-0.2948738288116056,0.8015805108995587,-1.921057009967534,-14.314735359274623,0.8015805108995587,-1.921057009967534,-14.314735359274623,0.35264017272010034,-9.053364289012048,-0.23707151557908687
9945945945.945946,0.35743774117656485,-8.935991861489631,-0.3082034427261476,0.8000471672150015,-1.9376881637272847,-14.330113302980866,0.8000471672150015,-1.9376881637272847,-14.330113302980866,0.3562157820500027,-8.965736862789957,-0.2505700306392141
9951951951.951952,0.360972731649999,-8.850512080514182,-0.32154726915180554,0.7985210709990977,-1.954272388308365,-14.34546928249576,0.7985210709990977,-1.954272388308365,-14.34546928249576,0.35972732779651245,-8.88053136815521,-0.26408663597426923
9957957957.957958,0.3644435980307504,-8.767393487351772,-0.33490348534435005,0.797002994976134,-1.9708009321990945,-14.360803829666802,0.797002994976134,-1.9708009321990945,-14.360803829666802,0.3631748403694842,-8.79768491376655,-0.2776194589858483
9963963963.963964,0.3678503997786758,-8.686575352626543,-0.3482704029281036,0.7954936942077162,-1.9872651721807282,-14.376117506437417,0.7954936942077162,-1.9872651721807282,-14.376117506437417,0.36655837636904576,-8.717137036223505,-0.291166766188076
9969969969.96997,0.37119322132208804,-8.607999268098668,-0.36164645934312306,0.7939939057838672,-2.00365661882823,-14.391410904379292,0.7939939057838672,-2.00365661882823,-14.391410904379292,0.3698780174746307,-8.638829576620212,-0.3047269543454272
9975975975.975975,0.3744721709801009,-8.531609029990157,-0.375030209947106,0.7925043485411069,-2.019966921832591,-14.406684644224375,0.7925043485411069,-2.019966921832591,-14.406684644224375,0.3731338693594309,-8.562706565240465,-0.3182985422895511
9981981981.981983,0.3776873799091646,-8.457350529945582,-0.38842032071097166,0.7910257228059081,-2.036187875153229,-14.421939375397537,0.7910257228059081,-2.036187875153229,-14.421939375397537,0.3763260606303929,-8.48871411374731,-0.33188016335219356
9987987987.987988,0.3808390010740332,-8.385171653024484,-0.40181556145359615,0.789558710161887,-2.0523114220094554,-14.437175775550877,0.789558710161887,-2.0523114220094554,-14.437175775550877,0.37945474179378613,-8.416800314281144,-0.3454705583572769
9993993993.993994,0.3839272082434448,-8.315022182175104,-0.4152147995670661,0.7881039732390498,-2.0683296597205216,-14.45239455010077,0.7881039732390498,-2.0683296597205216,-14.45239455010077,0.3825200842466504,-8.346915144926108,-0.3590685691221971
10000000000.0,0.3869521950106859,-8.246853708690125,-0.42861699418876265,0.7866621555234349,-2.0842348444037464,-14.467596431768241,0.7866621555234349,-2.0842348444037464,-14.467596431768241,0.3855222792941457,-8.279010381058319,-0.37267313242255273
