frequency_hz,s11_mag,s11_db,s11_phase_deg,s21_mag,s21_db,s21_phase_deg,s12_mag,s12_db,s12_phase_deg,s22_mag,s22_db,s22_phase_deg
4000000000.0,0.9876730815877989,-0.10773564989241978,0.8417451143840406,0.010664556377628276,-39.441144110911225,-0.8450101886262936,0.010664556377628276,-39.441144110911225,-0.8450101886262936,0.9874866748304031,-0.10937512084870582,0.8408970344701082
4006006006.0060062,0.9876141511427198,-0.10825391714383453,0.8378553744359962,0.010755530681823016,-39.36736312998133,-0.8491218057631157,0.010755530681823016,-39.36736312998133,-0.8491218057631157,0.987427084525345,-0.10989929038364199,0.8369598579025317
4012012012.012012,0.987554947104789,-0.10877462166498673,0.8339618408251739,0.010847331578954091,-39.293541684355205,-0.8532343823705815,0.010847331578954091,-39.293541684355205,-0.8532343823705815,0.9873672245335343,-0.11042586399222212,0.8330188245285478
4018018018.0180182,0.9874954670501203,-0.10929778521258232,0.830064481991874,0.010939969432027475,-39.21967782974159,-0.8573479685096523,0.010939969432027475,-39.21967782974159,-0.8573479685096523,0.9873070925434257,-0.11095486244573403,0.8290739042625792
4024024024.024024,0.9874357085205921,-0.10982342985174058,0.8261632660292054,0.011033454764773338,-39.1457696236267,-0.8614626143498112,0.011033454764773338,-39.1457696236267,-0.8614626143498112,0.9872466862110789,-0.11148630680750725,0.8251250666910265
4030030030.0300303,0.9873756690231995,-0.11035157796185188,0.822258160678206,0.011127798264551507,-39.071815125069016,-0.8655783701799944,0.011127798264551507,-39.071815125069016,-0.8655783701799944,0.9871860031595221,-0.11202021843865789,0.8211722810676886
4036036036.036036,0.9873153460293886,-0.11088225224258527,0.8183491333228816,0.011223010785317154,-38.99781239449577,-0.8696952864195233,0.011223010785317154,-38.99781239449577,-0.8696952864195233,0.9871250409781448,-0.11255661900358356,0.817215516309141
4042042042.0420423,0.9872547369743822,-0.11141547571998979,0.8144361509851661,0.011319103350648589,-38.92375949350049,-0.8738134136290756,0.011319103350648589,-38.92375949350049,-0.8738134136290756,0.9870637972220438,-0.11309553047587112,0.8132547409899984
4048048048.048048,0.9871938392564792,-0.11195127175281698,0.8105191803197688,0.011416087156837496,-38.84965448464273,-0.8779328025216894,0.011416087156837496,-38.84965448464273,-0.8779328025216894,0.9870022694113676,-0.11363697514422526,0.8092899233380987
4054054054.0540543,0.987132650236356,-0.11248966403884474,0.8065981876089543,0.01151397357604336,-38.775495431249325,-0.882053503973812,0.01151397357604336,-38.775495431249325,-0.882053503973812,0.9869404550306404,-0.11418097561857415,0.805321031229627
4060060060.06006,0.9870711672363278,-0.11303067662154573,0.8026731387572199,0.011612774159514193,-38.70128039721696,-0.8861755690363646,0.011612774159514193,-38.70128039721696,-0.8861755690363646,0.9868783515280838,-0.1147275548362104,0.801348032184131
4066066066.0660663,0.9870093875396119,-0.11357433389675142,0.7987439992858761,0.011712500640874835,-38.62700744681603,-0.8902990489459004,0.011712500640874835,-38.62700744681603,-0.8902990489459004,0.9868159563148954,-0.11527673606830391,0.7973708933594492
4072072072.072072,0.9869473083895558,-0.114120660619624,0.7948107343275326,0.011813164939483749,-38.552674644496314,-0.8944239951357519,0.011813164939483749,-38.552674644496314,-0.8944239951357519,0.9867532667645353,-0.11582854292635851,0.7933895815465677
4078078078.0780783,0.9868849269888785,-0.11466968191152442,0.7908733086204834,0.011914779163861095,-38.478280054693485,-0.8985504592472858,0.011914779163861095,-38.478280054693485,-0.8985504592472858,0.9866902802119958,-0.11638299936881893,0.7894040631643622
4084084084.084084,0.9868222404988449,-0.11522142326746801,0.786931686502997,0.01201735561518904,-38.40382174163701,-0.9026784931412007,0.01201735561518904,-38.40382174163701,-0.9026784931412007,0.9866269939530214,-0.11694012970811338,0.785414304254263
4090090090.0900903,0.9867592460384733,-0.11577591056329598,0.7829858319074907,0.012120906790885667,-38.329297769159545,-0.9068081489088504,0.012120906790885667,-38.329297769159545,-0.9068081489088504,0.9865634052433521,-0.1174999586175094,0.7814202704748138
4096096096.096096,0.9866959406836732,-0.11633317006346688,0.779035708354613,0.01222544538825553,-38.25470620050697,-0.9109394788836975,0.01222544538825553,-38.25470620050697,-0.9109394788836975,0.9864995112979281,-0.11806251113829752,0.7774219270961515
4102102102.1021023,0.9866323214664158,-0.1168932284285634,0.7750812789472081,0.012330984308217463,-38.18004509814973,-0.9150725356527902,0.012330984308217463,-38.18004509814973,-0.9150725356527902,0.9864353092900715,-0.1186278126872006,0.7734192389943507
4108108108.108108,0.9865683853738345,-0.11745611272342418,0.7711225063641793,0.012437536659111566,-38.10531252359547,-0.9192073720683213,0.012437536659111566,-38.10531252359547,-0.9192073720683213,0.9863707963506507,-0.11919588906392471,0.7694121706457064
4114114114.1141143,0.9865041293473337,-0.11802185042520662,0.7671593528542254,0.012545115760589028,-38.03050653720171,-0.9233440412592971,0.012545115760589028,-38.03050653720171,-0.9233440412592971,0.9863059695672335,-0.11976676645882683,0.7654006861208846
4120120120.12012,0.9864395502816667,-0.11859046943172388,0.7631917802294739,0.012653735147583323,-37.95562519799076,-0.9274825966432374,0.012653735147583323,-37.95562519799076,-0.9274825966432374,0.9862408259832168,-0.1203404714607855,0.7613847490789787
4126126126.1261263,0.9863746450239957,-0.11916199806995587,0.7592197498589894,0.01276340857436885,-37.880666563464224,-0.9316230919380218,0.01276340857436885,-37.880666563464224,-0.9316230919380218,0.9861753625969154,-0.1209170310654461,0.7573643227614509
4132132132.132132,0.9863094103729175,-0.1197364651048563,0.7552432226621808,0.012874150018705692,-37.80562868941913,-0.935765581173766,0.012874150018705692,-37.80562868941913,-0.935765581173766,0.9861095763606662,-0.12149647268332728,0.7533393699859755
4138138138.1381383,0.9862438430774784,-0.12031389974827039,0.75126215910204,0.012985973686075035,-37.730509629764235,-0.9399101187048527,0.012985973686075035,-37.730509629764235,-0.9399101187048527,0.9860434641798709,-0.1220788241484831,0.7493098531401435
4144144144.144144,0.9861779398361572,-0.12089433166813475,0.7472765191783186,0.013098894014005434,-37.6553074363376,-0.9440567592220309,0.013098894014005434,-37.6553074363376,-0.9440567592220309,0.9859770229120413,-0.12266411372714321,0.7452757341750784
4150150150.1501503,0.9861116972958284,-0.12147779099786517,0.7432862624205042,0.013212925676494233,-37.58002015872413,-0.9482055577646031,0.013212925676494233,-37.58002015872413,-0.9482055577646031,0.9859102493658093,-0.12325237012667342,0.7412369745989189
4156156156.156156,0.9860451120506843,-0.12206430834610373,0.7392913478807344,0.01332808358852447,-37.50464584407425,-0.9523565697327626,0.01332808358852447,-37.50464584407425,-0.9523565697327626,0.9858431402999155,-0.12384362250473178,0.7371935354701767
4162162162.1621623,0.9859781806411592,-0.12265391480646712,0.7352917341265275,0.013444382910681485,-37.42918253692258,-0.9565098509000397,0.013444382910681485,-37.42918253692258,-0.9565098509000397,0.9857756924221779,-0.12443790047860387,0.733145377390979
4168168168.168168,0.9859108995527979,-0.12324664196777824,0.7312873792333906,0.013561839053869401,-37.35362827900788,-0.9606654574257932,0.013561839053869401,-37.35362827900788,-0.9606654574257932,0.9857079023884096,-0.12503523413499787,0.7290924605001852
4174174174.1741743,0.9858432652151077,-0.12384252192446665,0.7272782407772992,0.013680467684133493,-37.27798110909206,-0.9648234458679726,0.013680467684133493,-37.27798110909206,-0.9648234458679726,0.9856397668013579,-0.12563565403965563,0.7250347444663597
4180180180.18018,0.9857752740003838,-0.12444158728720038,0.7232642758270033,0.013800284727585928,-37.202239062781395,-0.9689838731958214,0.013800284727585928,-37.202239062781395,-0.9689838731958214,0.985571282209562,-0.12623919124769295,0.720972188480627
4186186186.1861863,0.9857069222225058,-0.12504387119378518,0.7192454409362293,0.013921306375443544,-37.12640017234613,-0.9731467968028655,0.013921306375443544,-37.12640017234613,-0.9731467968028655,0.9855024451062135,-0.12684587731391772,0.7169047512493862
4192192192.192192,0.9856382061356899,-0.12564940732046184,0.7152216921356819,0.014043549089174842,-37.05046246654186,-0.9773122745199503,0.014043549089174842,-37.05046246654186,-0.9773122745199503,0.9854332519279925,-0.12745574430337503,0.712832390986885
4198198198.1981983,0.9855691219332234,-0.12625822989336763,0.7111929849249338,0.014167029605763123,-36.97442397043011,-0.9814803646284821,0.014167029605763123,-36.97442397043011,-0.9814803646284821,0.9853636990538439,-0.12806882480242338,0.7087550654076471
4204204204.204204,0.9854996657461742,-0.12687037370023133,0.7071592742641251,0.014291764943085882,-36.898282705199705,-0.9856511258737247,0.014291764943085882,-36.898282705199705,-0.9856511258737247,0.9852937828037553,-0.12868515192981334,0.7046727317187625
4210210210.2102103,0.9854298336420317,-0.1274858741026733,0.7031205145655343,0.01441777240541498,-36.822036687987975,-0.9898246174783528,0.01441777240541498,-36.822036687987975,-0.9898246174783528,0.9852234994374789,-0.1293047593482609,0.7005853466120331
4216216216.216216,0.9853596216233569,-0.1281047670484461,0.699076659684949,0.014545069589040617,-36.745683931701734,-0.9940008991560878,0.014545069589040617,-36.745683931701734,-0.9940008991560878,0.985152845153237,-0.12992768127617538,0.6964928662559458
4222222222.2222223,0.9852890256263608,-0.1287270890843051,0.6950276629128949,0.014673674388020386,-36.669222444839114,-0.9981800311255087,0.014673674388020386,-36.669222444839114,-0.9981800311255087,0.9850818160863816,-0.1305539524998071,0.6923952462875083
4228228228.228228,0.9852180415194857,-0.12935287736887455,0.69097347696567,0.014803605000060015,-36.5926502313101,-1.0023620741240378,0.014803605000060015,-36.5926502313101,-1.0023620741240378,0.9850104083080321,-0.13118360838559198,0.6882924418039307
4234234234.2342343,0.9851466651018946,-0.12998216968632614,0.6869140539762328,0.01493487993252506,-36.51596529025823,-1.0065470894221125,0.01493487993252506,-36.51596529025823,-1.0065470894221125,0.984938617823656,-0.13181668489301274,0.6841844073541067
4240240240.24024,0.9850748921019729,-0.13061500445996851,0.6828493454848626,0.015067518008590425,-36.43916561588126,-1.0107351388374906,0.015067518008590425,-36.43916561588126,-1.0107351388374906,0.9848664405716365,-0.1324532185875817,0.6800710969299859
4246246246.2462463,0.9850027181757672,-0.13125142076639001,0.6787793024296842,0.015201538373529484,-36.362249197251806,-1.0149262847497704,0.015201538373529484,-36.362249197251806,-1.0149262847497704,0.9847938724217951,-0.1330932466542373,0.6759524639577187
4252252252.252252,0.9849301389053741,-0.13189145835007265,0.6747038751369674,0.01533696050114603,-36.28521401813812,-1.01912059011508,0.01533696050114603,-36.28521401813812,-1.01912059011508,0.9847209091738583,-0.13373680691123574,0.6718284612886668
4258258258.2582583,0.984857149797316,-0.13253515763811205,0.6706230133112434,0.015473804200354303,-36.20805805682401,-1.023318118480983,0.015473804200354303,-36.20805805682401,-1.023318118480983,0.9846475465559021,-0.13438393782426317,0.6676990411902108
4264264264.264264,0.9847837462808359,-0.1331825597556826,0.6665366660252245,0.015612089621909537,-36.1307792859287,-1.0275189340015458,0.015612089621909537,-36.1307792859287,-1.0275189340015458,0.984573780222758,-0.13503467852088427,0.6635641553363838
4270270270.2702703,0.9847099237061792,-0.13383370654161822,0.6624447817095156,0.015751837265293715,-36.053375672226124,-1.0317231014526298,0.015751837265293715,-36.053375672226124,-1.0317231014526298,0.984499605754354,-0.13568906880558565,0.6594237547983189
4276276276.276276,0.984635677342805,-0.1344886405646335,0.6583473081421223,0.015893067985759807,-35.975845176463956,-1.0359306862473983,0.015893067985759807,-35.975845176463956,-1.0359306862473983,0.9844250186540324,-0.13634714917503735,0.6552777900344943
4282282282.2822824,0.984561002377577,-0.13514740513973864,0.6542441924377319,0.016035803001539714,-35.898185753181835,-1.0401417544520208,0.016035803001539714,-35.898185753181835,-1.0401417544520208,0.9843500143468166,-0.13700896083381137,0.6511262108807987
4288288288.288288,0.984485893912863,-0.13581004434547422,0.6501353810367917,0.016180063901219392,-35.82039535052911,-1.0443563728016236,0.016180063901219392,-35.82039535052911,-1.0443563728016236,0.984274588177617,-0.13767454571065343,0.6469689665403809
4294294294.2942944,0.9844103469646396,-0.13647660304111264,0.6460208196943513,0.016325872651285475,-35.742471910082095,-1.0485746087164172,0.016325872651285475,-35.742471910082095,-1.0485746087164172,0.9841987354094134,-0.138343946474982,0.6428060055732878
4300300300.300301,0.9843343564604831,-0.13714712688488365,0.641900453468676,0.016473251603848552,-35.664413366660426,-1.052796530318129,0.016473251603848552,-35.664413366660426,-1.052796530318129,0.9841224512213677,-0.13901720655400449,0.6386372758859075
4306306306.306306,0.9842579172375613,-0.13782166235220464,0.6377742267096311,0.016622223504547496,-35.58621764814266,-1.0570222064466233,0.016622223504547496,-35.58621764814266,-1.0570222064466233,0.9840457307068878,-0.1396943701502902,0.6344627247201926
4312312312.312312,0.9841810240405291,-0.13850025675477795,0.6336420830468122,0.016772811500639254,-35.50788267528123,-1.0612517066767926,0.016772811500639254,-35.50788267528123,-1.0612517066767926,0.983968568871648,-0.14037548225974086,0.6302822986426423
4318318318.318318,0.9841036715193909,-0.13918295825999583,0.6295039653774421,0.01692503914927962,-35.4294063615164,-1.0654851013356712,0.01692503914927962,-35.4294063615164,-1.0654851013356712,0.9838909606315405,-0.1410605886901758,0.6260959435330821
4324324324.324325,0.9840258542272847,-0.1398698159110576,0.6253598158540007,0.017078930425999287,-35.35078661278951,-1.0697224615198702,0.017078930425999287,-35.35078661278951,-1.0697224615198702,0.9838129008105777,-0.14174973608038158,0.6219036045731949
4330330330.33033,0.9839475666182314,-0.1405608796474084,0.6212095758716044,0.017234509733382194,-35.27202132735472,-1.0739638591132015,0.017234509733382194,-35.27202132735472,-1.0739638591132015,0.9837343841387556,-0.14244297191951388,0.6177052262348112
4336336336.336336,0.9838688030447902,-0.14125620032602648,0.6170531860551062,0.017391801909948663,-35.193108395590464,-1.0782093668046562,0.017391801909948663,-35.193108395590464,-1.0782093668046562,0.9836554052497996,-0.1431403445675551,0.6135007522679692
4342342342.342342,0.983789557755665,-0.14195582974316773,0.6128905862459478,0.017550832239251923,-35.114045699809125,-1.0824590581066098,0.017550832239251923,-35.114045699809125,-1.0824590581066098,0.9835759586789186,-0.1438419032757205,0.6092901256887081
4348348348.348349,0.9837098248932493,-0.1426598206566657,0.6087217154886915,0.01771162645919168,-35.034831114065966,-1.0867130073733255,0.01771162645919168,-35.034831114065966,-1.0867130073733255,0.9834960388604452,-0.14454769820788754,0.6050732887666075
4354354354.354355,0.9836295984910854,-0.1433682268090133,0.6045465120173026,0.017874210771551397,-34.955462503966714,-1.0909712898197945,0.017874210771551397,-34.955462503966714,-1.0909712898197945,0.9834156401254255,-0.1452577804624914,0.600850183012072
4360360360.36036,0.9835488724712644,-0.14408110295098947,0.6003649132411136,0.01803861185176552,-34.87593772647381,-1.095233981540828,0.01803861185176552,-34.87593772647381,-1.095233981540828,0.9833347566991523,-0.14597220209493456,0.5966207491633296
4366366366.366366,0.9834676406417411,-0.1447985048660577,0.5961768557304961,0.018204856858922695,-34.79625462971133,-1.0995011595305073,0.018204856858922695,-34.79625462971133,-1.0995011595305073,0.9832533826985983,-0.14669101614090907,0.5923849271731662
4372372372.372373,0.9833858966935871,-0.14552048939533363,0.5919822752022182,0.018372973446010937,-34.71641105276867,-1.1037729017019273,0.018372973446010937,-34.71641105276867,-1.1037729017019273,0.9831715121298035,-0.14741427664014153,0.5881426561953667
4378378378.378378,0.9833036341981518,-0.1462471144633947,0.5877811065044787,0.018542989770412428,-34.6364048255026,-1.108049286907293,0.018542989770412428,-34.6364048255026,-1.108049286907293,0.9830891388851821,-0.14814203866086814,0.5838938745708692
4384384384.384384,0.9832208466041406,-0.14697843910483943,0.5835732836016361,0.018714934504654425,-34.55623376833764,-1.1123303949583496,0.018714934504654425,-34.55623376833764,-1.1123303949583496,0.9830062567407337,-0.14887435832518664,0.5796385198136167
4390390390.39039,0.9831375272346349,-0.14771452349138972,0.5793587395585631,0.018888836847422586,-34.47589569206514,-1.1166163066471428,0.018888836847422586,-34.47589569206514,-1.1166163066471428,0.9829228593531927,-0.14961129283497018,0.575376528596096
4396396396.396397,0.9830536692839759,-0.14845542896022698,0.575137406524705,0.019064726534844763,-34.39538839764066,-1.1209071037671867,0.019064726534844763,-34.39538839764066,-1.1209071037671867,0.9828389402570878,-0.15035290049860478,0.5711078367345759
4402402402.402403,0.9829692658146015,-0.14920121804276262,0.5709092157177431,0.01924263385205352,-34.31470967597919,-1.125202869134942,0.01924263385205352,-34.31470967597919,-1.125202869134942,0.9827544928617172,-0.1510992407585014,0.5668323791740073
4408408408.408408,0.9828843097537856,-0.14995195449430937,0.5666740974069274,0.019422589645032545,-34.233857307749304,-1.1295036866117174,0.019422589645032545,-34.233857307749304,-1.1295036866117174,0.9826695104480254,-0.15185037421949554,0.562550089972602
4414414414.414414,0.982798793890242,-0.1507077033249675,0.5624319808960051,0.01960462533275874,-34.15282906316456,-1.1338096411259504,0.01960462533275874,-34.15282906316456,-1.1338096411259504,0.9825839861654069,-0.15260636267792943,0.558260902286053
4420420420.420421,0.9827127108706913,-0.15146853083088216,0.5581827945058152,0.019788772919644294,-34.07162270177375,-1.138120818695854,0.019788772919644294,-34.07162270177375,-1.138120818695854,0.9824979130283946,-0.15336726915177698,0.5539647483514397
4426426426.426426,0.9826260531962624,-0.15223450462698376,0.5539264655564297,0.019975065008289942,-33.990235972248726,-1.14243730645254,0.019975065008289942,-33.990235972248726,-1.14243730645254,0.982411283913263,-0.15413315791155763,0.549661559470727
4432432432.432432,0.9825388132188326,-0.1530056936803097,0.549662920348952,0.02016353481255776,-33.908666612169974,-1.1467591926635148,0.02016353481255776,-33.908666612169974,-1.1467591926635148,0.9823240915545247,-0.15490409451221876,0.545351265993942
4438438438.438438,0.9824509831372422,-0.15378216834447264,0.5453920841468569,0.02035421617097116,-33.82691234781047,-1.1510865667565913,0.02035421617097116,-33.82691234781047,-1.1510865667565913,0.9822363285413243,-0.15568014582596063,0.5410337973019341
4444444444.444445,0.9823625549933838,-0.15456400039526647,0.5411138811569369,0.020547143560452796,-33.744970893917035,-1.15541951934433,0.020547143560452796,-33.744970893917035,-1.15541951934433,0.9821479873137158,-0.15646138007612492,0.5367090817887765
4450450450.450451,0.9822735206681904,-0.15535126306720748,0.5368282345097956,0.020742352110410006,-33.66283995348927,-1.1597581422488308,0.020742352110410006,-33.66283995348927,-1.1597581422488308,0.9820590601588421,-0.15724786687198597,0.5323770468437444
4456456456.456456,0.9821838718775029,-0.15614403109118508,0.5325350662398974,0.020939877617176757,-33.58051721755626,-1.1641025285270807,0.020939877617176757,-33.58051721755626,-1.1641025285270807,0.9819695392069824,-0.15803967724474535,0.5280376188329124
4462462462.462462,0.9820936001677922,-0.15694238073342964,0.5282342972651665,0.021139756558823122,-33.49800036495079,-1.168452772496756,0.021139756558823122,-33.49800036495079,-1.168452772496756,0.9818794164274871,-0.15883688368455345,0.5236907230802854
4468468468.468469,0.982002696911776,-0.1577463898354636,0.5239258473660953,0.021342026110342725,-33.41528706208089,-1.1728089697624795,0.021342026110342725,-33.41528706208089,-1.1728089697624795,0.9817886836245955,-0.15963956017861974,0.5193362838485565
4474474474.474475,0.9819111533038759,-0.15855613785549924,0.5196096351643869,0.021546724159229296,-33.332374962698744,-1.177171217242671,0.021546724159229296,-33.332374962698744,-1.177171217242671,0.9816973324331065,-0.160447782250651,0.5149742243193656
4480480480.48048,0.9818189603555632,-0.15937170591087574,0.5152855781010846,0.021753889321452533,-33.24926170766705,-1.1815396131968345,0.021753889321452533,-33.24926170766705,-1.1815396131968345,0.9816053543139257,-0.16126162700143637,0.5106044665731332
4486486486.486486,0.981726108890525,-0.1601931768221236,0.5109535924141994,0.021963560957847083,-33.165944924722226,-1.1859142572534633,0.021963560957847083,-33.165944924722226,-1.1859142572534633,0.98151274054948,-0.16208117315063916,0.5062269315684262
4492492492.492493,0.9816325895397292,-0.1610206351579843,0.5066135931158021,0.022175779190924033,-33.08242222823504,-1.190295250438442,0.022175779190924033,-33.08242222823504,-1.190295250438442,0.9814194822389786,-0.16290650108000262,0.5018415391208186
4498498498.498499,0.9815383927362679,-0.16185416728242824,0.5022654939685831,0.02239058492211959,-32.99869121896804,-1.1946826952040401,0.02239058492211959,-32.99869121896804,-1.1946826952040401,0.9813255702935321,-0.16373769287785153,0.49744820788128064
4504504504.504504,0.9814435087101109,-0.1626938614025314,0.49790920746183887,0.022608019849492622,-32.914749483829894,-1.1990766954584995,0.022608019849492622,-32.914749483829894,-1.1990766954584995,0.9812309954311151,-0.16457483238503431,0.49304685531404635
4510510510.51051,0.9813479274826441,-0.1635398076183085,0.49354464478690885,0.022828126485884313,-32.83059459562664,-1.2034773565961971,0.022828126485884313,-32.83059459562664,-1.2034773565961971,0.9811357481713694,-0.16541800524232655,0.4886373976739653
4516516516.516517,0.9812516388610537,-0.16439209797396642,0.48917171581201113,0.02305094817755423,-32.74622411280961,-1.207884785528476,0.02305094817755423,-32.74622411280961,-1.207884785528476,0.9810398188302456,-0.16626729893931275,0.48421974998330103
4522522522.522523,0.9811546324325385,-0.16525082651074036,0.48479032905646563,0.02327652912330622,-32.66163557922002,-1.2122990907150502,0.02327652912330622,-32.66163557922002,-1.2122990907150502,0.9809431975144712,-0.16712280286486947,0.4797938260080079
4528528528.528528,0.981056897558313,-0.16611608932164507,0.48040039166431375,0.02350491439411994,-32.57682652382985,-1.2167203821961163,0.02350491439411994,-32.57682652382985,-1.2167203821961163,0.9808458741158457,-0.16798460835923287,0.47535953823339777
4534534534.534534,0.9809584233674579,-0.1669879846076416,0.4760018093772772,0.023736149953301602,-32.4917944604794,-1.2211487716251308,0.023736149953301602,-32.4917944604794,-1.2211487716251308,0.9807478383053367,-0.1688528087678861,0.47091679783925017
4540540540.540541,0.980859198750529,-0.16786661273600778,0.47159448650707897,0.023970282677169916,-32.406536887611296,-1.225584372302233,0.023970282677169916,-32.406536887611296,-1.225584372302233,0.9806490795270216,-0.16972749949688765,0.46646551467431485
4546546546.546547,0.9807592123529951,-0.16875207630030026,0.467178325907067,0.024207360376295485,-32.32105128800009,-1.2300272992084749,0.024207360376295485,-32.32105128800009,-1.2300272992084749,0.9805495869917781,-0.17060877807047764,0.46200559723019535
4552552552.552552,0.9806584525684354,-0.16964448018251538,0.4627532289431523,0.024447431817306645,-32.23533512847868,-1.2344776690406851,0.024447431817306645,-32.23533512847868,-1.2344776690406851,0.9804493496708303,-0.17149674419003877,0.45753695261459276
4558558558.558558,0.9805569075315489,-0.17054393161699002,0.4583190954640246,0.024690546745281983,-32.14938585966031,-1.2389356002471543,0.024690546745281983,-32.14938585966031,-1.2389356002471543,0.980348356289037,-0.17239149979541368,0.4530594865238773
4564564564.564565,0.9804545651108916,-0.17145054025679685,0.453875823770637,0.024936755906746894,-32.06320091565634,-1.243401213064102,0.024936755906746894,-32.06320091565634,-1.243401213064102,0.9802465953179803,-0.17329314912806182,0.44857310321503574
4570570570.570571,0.9803514129014108,-0.17236441824201926,0.44942331058491725,0.025186111073290524,-31.976777713790238,-1.2478746295528766,0.025186111073290524,-31.976777713790238,-1.2478746295528766,0.9801440549688168,-0.17420179879639647,0.44407770547686704
4576576576.576576,0.9802474382167231,-0.17328568027038532,0.4449614510177005,0.02543866506582483,-31.890113654306976,-1.2523559736380734,0.02543866506582483,-31.890113654306976,-1.2523559736380734,0.9800407231849142,-0.175117557843112,0.43957319460049643
4582582582.582582,0.9801426280811214,-0.17421444367038935,0.44049013853587754,0.02569447177950495,-31.8032061200776,-1.2568453711464285,0.02569447177950495,-31.8032061200776,-1.2568453711464285,0.9799365876342063,-0.17604053781507994,0.4350594703491476
4588588588.588589,0.9800369692213424,-0.17515082847663443,0.4360092649286669,0.02595358620932946,-31.716052476299808,-1.26134294984663,0.02595358620932946,-31.716052476299808,-1.26134294984663,0.9798316357013258,-0.17697085283531405,0.4305364309271589
4594594594.594595,0.9799304480580308,-0.17609495750796164,0.4315187202730845,0.02621606447644341,-31.62865007019354,-1.2658488394900174,0.02621606447644341,-31.62865007019354,-1.2658488394900174,0.9797258544794545,-0.1779086196775226,0.4260039729482099
4600600600.6006,0.979823050696945,-0.17704695644796814,0.42701839289849064,0.026481963855166175,-31.540996230691547,-1.270363171852199,0.026481963855166175,-31.540996230691547,-1.270363171852199,0.9796192307619027,-0.17885395784316277,0.42146199140276275
4606606606.6066065,0.9797147629198295,-0.17800695392859622,0.4225081693502668,0.02675134280076523,-31.45308826812528,-1.2748860807756535,0.02675134280076523,-31.45308826812528,-1.2748860807756535,0.9795117510334099,-0.17980698964106595,0.416910379624659
4612612612.612613,0.9796055701750247,-0.17897508161615588,0.4179879343525141,0.027024260978000873,-31.36492347390538,-1.2794177022132878,0.027024260978000873,-31.36492347390538,-1.2794177022132878,0.9794034014611362,-0.18076784026990714,0.41234902925687544
4618618618.618619,0.9794954575677138,-0.1799514743006831,0.4134575707698431,0.027300779290464074,-31.276499120197364,-1.283958174273034,0.027300779290464074,-31.276499120197364,-1.283958174273034,0.9792941678853624,-0.1817366379033704,0.40777783021640496
4624624624.624624,0.9793844098498596,-0.18093626998817502,0.4089169595681237,0.0275809599107357,-31.1878124595913,-1.2885076372634772,0.0275809599107357,-31.1878124595913,-1.2885076372634772,0.9791840358098516,-0.1827135137784262,0.40319667065822035
4630630630.6306305,0.9792724114097896,-0.18192960999606717,0.40436597977423405,0.02786486631138933,-31.098860724766556,-1.2930662337405838,0.02786486631138933,-31.098860724766556,-1.2930662337405838,0.9790729903919001,-0.18369860228649,0.3986054369383187
4636636636.636637,0.9791594462614298,-0.1829316390519627,0.3998045084347667,0.028152563296867925,-31.009641128150417,-1.2976341085555183,0.028152563296867925,-31.009641128150417,-1.2976341085555183,0.9789610164320254,-0.18469204106792034,0.3940040135758028
4642642642.642643,0.9790454980331403,-0.18394250539603585,0.39523242057361985,0.02844411703625888,-30.920150861571383,-1.302211408903625,0.02844411703625888,-30.920150861571383,-1.302211408903625,0.9788480983633004,-0.1856939711097858,0.3893922832139724
4648648648.648648,0.9789305499561912,-0.18496236088677095,0.3906495891485054,0.028739595097000314,-30.830387095905863,-1.3067982843745856,0.028739595097000314,-30.830387095905863,-1.3067982843745856,0.9787342202403293,-0.1867045368469536,0.38477012658039417
4654654654.6546545,0.9788145848528225,-0.18599136111054537,0.38605588500625104,0.029039066479544243,-30.740346980719305,-1.3113948870038148,0.029039066479544243,-30.740346980719305,-1.3113948870038148,0.9786193657278062,-0.18772388626701375,0.38013742244591725
4660660660.660661,0.9786975851238856,-0.18702966549508604,0.3814511768369791,0.0293426016530102,-30.650027643900884,-1.31600137132509,0.0293426016530102,-30.650027643900884,-1.31600137132509,0.9785035180887,-0.18875217101867936,0.3754940475826227
4666666666.666667,0.9785795327360401,-0.18807743742704447,0.3768353311269889,0.02965027259186123,-30.559426191291536,-1.3206178944245077,0.02965027259186123,-30.559426191291536,-1.3206178944245077,0.978386660172005,-0.1897895465241918,0.37083987672062835
4672672672.672672,0.9784604092085128,-0.1891348443736282,0.37220821211042443,0.0299621528136335,-30.468539706305883,-1.325244615995747,0.0299621528136335,-30.468539706305883,-1.325244615995747,0.9782687744000593,-0.19083617209573137,0.366174782503763
4678678678.6786785,0.9783401955993759,-0.1902020580086864,0.3675696817195967,0.03027831741775734,-30.377365249546735,-1.329881698396764,0.03027831741775734,-30.377365249546735,-1.329881698396764,0.9781498427554073,-0.19189221105603907,0.36149863544403377
4684684684.684685,0.9782188724913254,-0.19127925434342558,0.3629195995339936,0.030598843125501176,-30.28589985841333,-1.3345293067078718,0.030598843125501176,-30.28589985841333,-1.3345293067078718,0.9780298467671924,-0.192957830863396,0.3568113038748846
4690690690.690691,0.978096419976971,-0.1923666138616686,0.35825782272786083,0.03092380832107916,-30.194140546702034,-1.339187608791333,0.03092380832107916,-30.194140546702034,-1.339187608791333,0.9779087674970565,-0.19403320324117093,0.3521126539031685
4696696696.696697,0.9779728176435663,-0.1934643216602906,0.3535842060163717,0.03125329309395777,-30.102084304200062,-1.3438567753524335,0.03125329309395777,-30.102084304200062,-1.3438567753524335,0.9777865855245406,-0.19511850431198985,0.347402549359843
4702702702.7027025,0.9778480445572086,-0.1945725675945872,0.3488986016003089,0.031587379282404536,-30.00972809627129,-1.3485369800021756,0.031587379282404536,-30.00972809627129,-1.3485369800021756,0.9776632809319238,-0.19621391473710725,0.3426808517492743
4708708708.708709,0.9777220792464495,-0.19569154642912123,0.34420085910920506,0.03192615051831522,-29.917068863435116,-1.3532283993215686,0.03192615051831522,-29.917068863435116,-1.3532283993215686,0.9775388332885446,-0.19731961986058938,0.33794742019719526
4714714714.714715,0.9775948996853088,-0.1968214579940964,0.3394908255429204,0.03226969227336749,-29.82410352093687,-1.3579312129275867,0.03226969227336749,-29.82410352093687,-1.3579312129275867,0.9774132216345086,-0.19843580985917844,0.33320211139720624
4720720720.72072,0.9774664832756615,-0.19796250734757212,0.3347683452115676,0.032618091906541455,-29.73082895831059,-1.3626456035409014,0.032618091906541455,-29.73082895831059,-1.3626456035409014,0.9772864244638406,-0.19956267989732895,0.3284447795557765
4726726726.726727,0.9773368068289741,-0.19911490494372708,0.33003325967376235,0.032971438713054954,-29.637242038933454,-1.3673717570553776,0.032971438713054954,-29.637242038933454,-1.3673717570553776,0.9771584197069499,-0.20070043028860307,0.3236752763357502
4732732732.732733,0.9772058465473654,-0.20027886680739865,0.3252854076731384,0.03332982397476056,-29.543339599571897,-1.3721098626094088,0.03332982397476056,-29.543339599571897,-1.3721098626094088,0.9770291847125032,-0.20184926666259093,0.3188934507982453
4738738738.738739,0.9770735780039521,-0.20145461471529427,0.32052462507305224,0.03369334101205415,-29.449118449919066,-1.376860112659203,0.03369334101205415,-29.449118449919066,-1.376860112659203,0.9768986962285746,-0.20300940013853208,0.3140991493429203
4744744744.744745,0.9769399761224763,-0.202642376383881,0.31575074478941945,0.03406208523734634,-29.354575372123463,-1.3816227030540196,0.03406208523734634,-29.354575372123463,-1.3816227030540196,0.9767669303831117,-0.2041810475053107,0.30929221564657333
4750750750.750751,0.9768050151561316,-0.20384238566473806,0.3109635967216653,0.03443615421014923,-29.25970712030876,-1.38639783311346,0.03443615421014923,-29.25970712030876,-1.38639783311346,0.9766338626636439,-0.20536443140848906,0.3044724905999724
4756756756.756757,0.9766686686656187,-0.20505488274710304,0.30616300768164934,0.03481564769383522,-29.164510420084213,-1.3911857057068815,0.03481564769383522,-29.164510420084213,-1.3911857057068815,0.9764994678962395,-0.20655978054434737,0.29963981224290065
4762762762.762763,0.9765309094963507,-0.20628011436834268,0.30134880132055797,0.035200667714124396,-29.068981968045694,-1.395986527334988,0.035200667714124396,-29.068981968045694,-1.395986527334988,0.9763637202236386,-0.2077673298615837,0.2947940156973304
4768768768.768768,0.9763917097547964,-0.2075183340324674,0.29652079805368264,0.03559131861935932,-28.973118431267295,-1.400800508213688,0.03559131861935932,-28.973118431267295,-1.400800508213688,0.9762265930825647,-0.20898732077067822,0.28993493309869284
4774774774.774775,0.9762510407838998,-0.20876980223727304,0.29167881498297643,0.03598770714263129,-28.876916446782776,-1.4056278623602922,0.03598770714263129,-28.876916446782776,-1.4056278623602922,0.9760880591801427,-0.21022000136157798,0.2850623935251278
4780780780.780781,0.9761088731375729,-0.21003478671014236,0.28682266581737426,0.036389942465819954,-28.780372621057193,-1.4104688076821408,0.036389942465819954,-28.780372621057193,-1.4104688076821408,0.9759480904694324,-0.21146562662964885,0.28017622292469874
4786786786.786787,0.9759651765541664,-0.21131356265338855,0.2819521607907366,0.03679813628561475,-28.68348352944805,-1.4153235660677412,0.03679813628561475,-28.68348352944805,-1.4153235660677412,0.9758066581239754,-0.21272445871080886,0.27527624404047557
4792792792.792793,0.9758199199289448,-0.21260641299892624,0.27706710657738787,0.037212402881586414,-28.586245715656084,-1.4201923634804747,0.037212402881586414,-28.586245715656084,-1.4201923634804747,0.9756637325113628,-0.21399676712581978,0.27036227633342674
4798798798.798799,0.9756730712854562,-0.21391362867327524,0.272167306205133,0.037632859186380735,-28.488655691165285,-1.4250754300550272,0.037632859186380735,-28.488655691165285,-1.4250754300550272,0.9755192831657824,-0.2152828290341223,0.2654341359030123
4804804804.804805,0.975524597745786,-0.21523550887301676,0.2672525589656693,0.03805962485811038,-28.390709934671783,-1.4299730001965798,0.03805962485811038,-28.390709934671783,-1.4299730001965798,0.9753732787594454,-0.21658292949811814,0.260491635405445
4810810810.810811,0.9753744654996226,-0.21657236135137659,0.26232266032231627,0.038492822355021515,-28.292404891501604,-1.4348853126828744,0.038492822355021515,-28.292404891501604,-1.4348853126828744,0.9752256870728947,-0.2178973617579285,0.2555345839695216
4816816816.816816,0.9752226397721295,-0.21792450271601077,0.2573774018149698,0.03893257701251479,-28.193736973017252,-1.4398126107692861,0.03893257701251479,-28.193736973017252,-1.4398126107692861,0.97507647496415,-0.21922642751704638,0.25056278710991137
4822822822.822823,0.9750690847904708,-0.21929225873940025,0.2524165709621408,0.039379017122608974,-28.094702556012017,-1.4447551422969611,0.039379017122608974,-28.094702556012017,-1.4447551422969611,0.9749256083365829,-0.22057043723985728,0.24557604663785296
4828828828.828829,0.9749137637490574,-0.2206759646812759,0.24743995116005335,0.039832274015929175,-27.995297982092854,-1.44971315980418,0.039832274015929175,-27.995297982092854,-1.44971315980418,0.97477305210551,-0.22192971046118906,0.24057416056914954
4834834834.834835,0.9747566387733606,-0.22207596562448623,0.24244732157861987,0.040292482146313466,-27.89551955705104,-1.454686920641014,0.040292482146313466,-27.89551955705104,-1.454686920641014,0.9746187701634533,-0.22330457610835172,0.23555692302936607
4840840840.840841,0.9745976708822551,-0.22349261682469093,0.23743845705422598,0.040759779178132984,-27.79536355022003,-1.4596766870874431,0.040759779178132984,-27.79536355022003,-1.4596766870874431,0.9744627253439558,-0.22469537283672558,0.23052412415614357
4846846846.846847,0.9744368199488334,-0.2249262840744249,0.23241312797919195,0.041234306076420285,-27.69482619382122,-1.464682726475019,0.041234306076420285,-27.69482619382122,-1.464682726475019,0.9743048793839416,-0.22610244937901827,0.22547554999849936
4852852852.852853,0.9742740446596363,-0.22637734408207985,0.2273711001878166,0.04171620719991247,-27.593903682296194,-1.4697053113122462,0.04171620719991247,-27.593903682296194,-1.4697053113122462,0.9741451928845237,-0.22752616490909938,0.22041098241303245
4858858858.858859,0.974109302472165,-0.22784618486705754,0.2223121348388429,0.04220563039710947,-27.492592171626566,-1.4747447194137602,0.04220563039710947,-27.492592171626566,-1.4747447194137602,0.9739836252701816,-0.22896688942115526,0.21533019895692848
4864864864.864864,0.9739425495706854,-0.22933320617103128,0.21723598829424018,0.04270272710546533,-27.390887778639566,-1.4798012340335147,0.04270272710546533,-27.390887778639566,-1.4798012340335147,0.97382013474627,-0.23042500412454586,0.21023297277760566
4870870870.870871,0.9737737408201431,-0.2308388198870072,0.21214241199415704,0.04320765245381971,-27.2887865803007,-1.4848751440020695,0.04320765245381971,-27.2887865803007,-1.4848751440020695,0.9736546782547364,-0.23190090185552187,0.20511907249893313
4876876876.876877,0.9736028297182028,-0.23236345050611243,0.20703115232792588,0.04372056536819415,-27.18628461299226,-1.4899667438681496,0.04372056536819415,-27.18628461299226,-1.4899667438681496,0.9734872114279838,-0.23339498750639737,0.19998826210386172
4882882882.882883,0.9734297683452378,-0.23390753558372226,0.2019019505009318,0.04424162868107638,-27.08337787177758,-1.4950763340446631,0.04424162868107638,-27.08337787177758,-1.4950763340446631,0.9733176885408016,-0.23490767847295077,0.19484030081335002
4888888888.888889,0.9732545073122445,-0.23547152622522632,0.19675454239724274,0.044771009244320537,-26.98006230965118,-1.5002042209592927,0.044771009244320537,-26.98006230965118,-1.5002042209592927,0.9731460624602555,-0.23643940512106706,0.18967494296143955
4894894894.894895,0.9730769957064999,-0.23705588759312002,0.1915886584377979,0.045308878045799535,-26.876333836774258,-1.5053507172098821,0.045308878045799535,-26.876333836774258,-1.5053507172098821,0.9729722845934456,-0.23799061127350432,0.18449193786636334
4900900900.900901,0.972897181034967,-0.2386610994354474,0.1864040234340149,0.04585541032995073,-26.77218831969508,-1.5105161417247819,0.04585541032995073,-26.77218831969508,-1.5105161417247819,0.9727963048330242,-0.23956175471782576,0.17929102969749908
4906906906.906907,0.9727150091652067,-0.2402876566378459,0.18120035643665028,0.04641078572235651,-26.66762158055488,-1.5157008199283326,0.04641078572235651,-26.66762158055488,-1.5157008199283326,0.972618071500395,-0.2411533077362529,0.17407195733805383
4912912912.912913,0.9725304242638096,-0.24193606979913404,0.17597737057970228,0.04697518835851891,-26.562629396277796,-1.5209050839117086,0.04697518835851891,-26.562629396277796,-1.5209050839117086,0.9724375312864315,-0.242765757658997,0.16883445424329077
4918918918.918919,0.9723433687321182,-0.24360686583260638,0.17073477291919195,0.04754880701697818,-26.457207497746012,-1.5261292726092985,0.04754880701697818,-26.457207497746012,-1.5261292726092985,0.9722546291896258,-0.2443996074419061,0.16357824829415665
4924924924.924925,0.972153783139176,-0.24530058859367765,0.1654722642666338,0.04813183525694837,-26.351351568958613,-1.5313737319808678,0.04813183525694837,-26.351351568958613,-1.5313737319808678,0.9720693084515756,-0.24605537626937454,0.15830306164609947
4930930930.930931,0.9719616061517378,-0.24701779953547262,0.16018953901697752,0.0487244715606348,-26.245057246174937,-1.5366388151997088,0.0487244715606348,-26.245057246174937,-1.5366388151997088,0.9718815104895842,-0.24773360018460094,0.15300861057294893
4936936936.936937,0.9717667744612071,-0.24875907839366496,0.15488628497079895,0.04932691948041648,-26.13832011704172,-1.5419248828470091,0.04932691948041648,-26.13832011704172,-1.5419248828470091,0.9716911748263289,-0.24943483274770323,0.14769460530562015
4942942942.942943,0.9715692227073429,-0.25052502390209075,0.149562183150553,0.04993938779107842,-26.03113571970388,-1.5472323031127024,0.04993938779107842,-26.03113571970388,-1.5472323031127024,0.9714982390164035,-0.2511596457235373,0.14236074986546463
4948948948.948949,0.971368883398582,-0.25231625454064,0.14421690761062947,0.05056209064728705,-25.923499541899126,-1.5525614520030477,0.05056209064728705,-25.923499541899126,-1.5525614520030477,0.971302638569586,-0.25290862980065476,0.13700674189206832
4954954954.954955,0.971165686828811,-0.25413340931703576,0.13885012524096735,0.05119524774651266,-25.815407020035728,-1.5579127135551836,0.05119524774651266,-25.815407020035728,-1.5579127135551836,0.9711043068706642,-0.25468239534303544,0.13163227246529316
4960960960.960961,0.9709595609903844,-0.2559771485844802,0.1334614955640265,0.051839084497607366,-25.70685353825395,-1.5632864800589747,0.051839084497607366,-25.70685353825395,-1.5632864800589747,0.9709031750956781,-0.2564815731759802,0.12623702592129396
4966966966.966967,0.9707504314832481,-0.2578481548965588,0.12805067052475966,0.05249383219526144,-25.597834427470172,-1.5686831522864044,0.05249383219526144,-25.597834427470172,-1.5686831522864044,0.9706991721243418,-0.25830681540843087,0.12082067966232797
4972972972.972973,0.9705382214199155,-0.2597471339018492,0.1226172942734133,0.05315972820056298,-25.488344964404565,-1.5741031397288483,0.05315972820056298,-25.488344964404565,-1.5741031397288483,0.9704922244484988,-0.2601587962931693,0.11538290396009829
4978978978.978979,0.9703228513261374,-0.26167481527981423,0.11716100294081214,0.05383701612790127,-25.37838037059171,-1.5795468608425165,0.05383701612790127,-25.37838037059171,-1.5795468608425165,0.9702822560763932,-0.26203821312702613,0.10992336175236123
4984984984.984985,0.9701042390369957,-0.2636319537205971,0.11168142440583602,0.05452594603846401,-25.26793581137394,-1.5850147433024195,0.05452594603846401,-25.26793581137394,-1.5850147433024195,0.970069188432543,-0.2639457871931586,0.10444170843255376
4990990990.990991,0.9698822995882548,-0.26561932995040627,0.1061781780547866,0.055226774640583814,-25.15700639487802,-1.590507224265191,0.055226774640583814,-25.15700639487802,-1.590507224265191,0.9698529402529799,-0.2658822647477195,0.09893759163217405
4996996996.996997,0.9696569451026008,-0.26763775180600907,0.10065087453232109,0.055939765497207285,-25.045587170974613,-1.5960247506411378,0.055939765497207285,-25.045587170974613,-1.5960247506411378,0.9696334274756282,-0.2678484180531392,0.0934106509955775
5003003003.003003,0.9694280846707024,-0.26968805535917717,0.09509911548361123,0.05666518924076666,-24.933673130220853,-1.6015677793758865,0.05666518924076666,-24.933673130220853,-1.6015677793758865,0.9694105631255626,-0.26984504646057667,0.08786051794696771
5009009009.009009,0.9691956242265919,-0.2717711060958107,0.08952249328734066,0.05740332379574762,-24.821259202786155,-1.6071367777420353,0.05740332379574762,-24.821259202786155,-1.6071367777420353,0.969184257194901,-0.27187297754394846,0.08228681544919175
5015015015.015015,0.9689594664172649,-0.2738878001509299,0.08392059077924799,0.0581544546092605,-24.708340257361144,-1.6127322236412078,0.0581544546092605,-24.708340257361144,-1.6127322236412078,0.9689544165169924,-0.2739330682888348,0.07668915775406514
5021021021.021021,0.9687195104660646,-0.2760390656037134,0.07829298096571725,0.058918874889932894,-24.594911100050133,-1.6183546059169653,0.058918874889932894,-24.594911100050133,-1.6183546059169653,0.9687209446346764,-0.2760262063385408,0.07106715014384965
5027027027.027027,0.9684756520296065,-0.27822586383507575,0.07263922672712908,0.059696885855455774,-24.480966473247413,-1.6240044246790024,0.059696885855455774,-24.480966473247413,-1.6240044246790024,0.9684837416622404,-0.27815331130093424,0.06542038866356956
5033033033.033033,0.9682277830478324,-0.2804491909518147,0.06695888051043843,0.060488796989132176,-24.366501054497363,-1.629682191639123,0.060488796989132176,-24.366501054497363,-1.629682191639123,0.9682427041407548,-0.2803153361192596,0.059748459843755236
5039039039.039039,0.9679757915868816,-0.28271007928048564,0.0612514840106256,0.06129492630578859,-24.251509455339008,-1.635388430459483,0.06129492630578859,-24.251509455339008,-1.635388430459483,0.9679977248864521,-0.28251326851024045,0.05405094041322424
5045045045.045045,0.9677195616743575,-0.2850095989351723,0.05551656784049246,0.062115600627426173,-24.135986220135372,-1.6411236771136222,0.062115600627426173,-24.135986220135372,-1.6411236771136222,0.9677486928317554,-0.2847481324733823,0.048327397001541324
5051051051.051051,0.9674589731265999,-0.28734885946306943,0.04975365118836579,0.06295115586900628,-24.019925824888023,-1.6468884802608164,0.06295115586900628,-24.019925824888023,-1.6468884802608164,0.9674954928585415,-0.28702098987557206,0.04257738583068468
5057057057.057057,0.967193901367522,-0.289729011572297,0.043962241463167635,0.06380193733477996,-23.903322676037465,-1.6526834016343406,0.06380193733477996,-23.903322676037465,-1.6526834016343406,0.9672380056232793,-0.28933294211463473,0.03680045239548206
5063063063.063063,0.9669242172385392,-0.29215124894666367,0.03814183392633868,0.06466830002558721,-23.78617110925024,-1.6585090164442144,0.06466830002558721,-23.78617110925024,-1.6585090164442144,0.9669761073735218,-0.29168513186696154,0.03099613113238615
5069069069.069069,0.966649786799135,-0.2946168101519941,0.03229191131006393,0.065550608957576,-23.668465388192956,-1.6643659137950817,0.065550608957576,-23.668465388192956,-1.6643659137950817,0.9667096697553195,-0.29407874492359387,0.02516394507607259
5075075075.075075,0.9663704711175116,-0.29712698063956255,0.026411943421199853,0.06644923949280114,-23.550199703294794,-1.670254697119839,0.06644923949280114,-23.550199703294794,-1.670254697119839,0.9664385596110708,-0.2965150121196316,0.01930340550336053
5081081081.081081,0.9660861260507982,-0.29968309485195305,0.02050138673033981,0.06736457768219005,-23.431368170499113,-1.6761759846297355,0.06736457768219005,-23.431368170499113,-1.6761759846297355,0.9661626387672365,-0.2989952113626847,0.013414011563954739
5087087087.087088,0.9657966020142436,-0.30228653843719294,0.014559683945312348,0.06829702062138159,-23.31196483000511,-1.6821304097816345,0.06829702062138159,-23.31196483000511,-1.6821304097816345,0.9658817638113714,-0.30152066976588904,0.007495249897414848
5093093093.093093,0.9655017437387282,-0.30493875057782627,0.008586263568529543,0.06924697681996218,-23.19198364500115,-1.6881186217632045,0.06924697681996218,-23.19198364500115,-1.6881186217632045,0.9655957858578956,-0.30409276589135187,0.0015465942358125595
5099099099.099099,0.9652013900160364,-0.3076412264407568,0.002580539437420465,0.07021486658464852,-23.071418500391083,-1.694141285996811,0.07021486658464852,-23.071418500391083,-1.694141285996811,0.9653045503019435,-0.30671293211069606,-0.004432495008543551
5105105105.105105,0.9648953734310652,-0.31039551975608554,-0.0034580897527354145,0.07120112241698985,-22.950263201514865,-1.700199084662944,0.07120112241698985,-22.950263201514865,-1.700199084662944,0.9650078965606076,-0.3093826570896097,-0.010442571170937196
5111111111.111111,0.9645835200803691,-0.31320324553127105,-0.00953024094434369,0.07220618942618463,-22.828511472865568,-1.7062927172440387,0.07220618942618463,-22.828511472865568,-1.7062927172440387,0.9647056578009154,-0.31210348840321533,-0.016484201778291217
5117117117.117117,0.9642656492761479,-0.3160660829096276,-0.015636547232227075,0.07323052575763221,-22.706156956804474,-1.7124229010896068,0.07323052575763221,-22.706156956804474,-1.7124229010896068,0.9643976606537247,-0.31487703529049366,-0.022557969010122095
5123123123.123123,0.9639415732349117,-0.3189857781811324,-0.02177765839833153,0.07427460303786503,-22.583193212276726,-1.7185903720036009,0.07427460303786503,-22.583193212276726,-1.7185903720036009,0.9640837249127381,-0.31770497155593996,-0.028664470177094767
5129129129.129129,0.9636110967498951,-0.32196414795504696,-0.02795424146734996,0.0753389068365389,-22.45961371352927,-1.724795884855049,0.0753389068365389,-22.45961371352927,-1.724795884855049,0.9637636632178147,-0.3205890386269481,-0.034804318217971024
5135135135.135136,0.9632740168463406,-0.325003082503548,-0.03416698128410616,0.07642393714617347,-22.335411848834767,-1.7310402142129508,0.07642393714617347,-22.335411848834767,-1.7310402142129508,0.9634372807216203,-0.3235310487767037,-0.04097814221568403
5141141141.141141,0.9629301224185814,-0.3281045492873733,-0.04041658111372193,0.07753020888038252,-22.210580919223215,-1.7373241550065828,0.07753020888038252,-22.210580919223215,-1.7373241550065828,0.9631043747386884,-0.32653288852222195,-0.04718658793341371
5147147147.147147,0.9625791938479122,-0.3312705966740831,-0.04670376326552328,0.07865825239134382,-22.08511413722547,-1.7436485232123162,0.07865825239134382,-22.08511413722547,-1.7436485232123162,0.9627647343758226,-0.3295965222085482,-0.053430318371464454
5153153153.153153,0.9622210026001053,-0.3345033578608567,-0.05302926974175537,0.0798086140073021,-21.959004625631774,-1.7500141565681744,0.0798086140073021,-21.959004625631774,-1.7500141565681744,0.962418140142776,-0.33272399579020384,-0.059710014345864995
5159159159.159159,0.9618553108013564,-0.33780505501455216,-0.05939386291220501,0.08098185659092555,-21.83224541626904,-1.7564219153173806,0.08098185659092555,-21.83224541626904,-1.7564219153173806,0.9620643635420234,-0.33591744082220354,-0.0660263750896236
5165165165.165165,0.9614818707914082,-0.34117800364223155,-0.06579832621587574,0.08217856011936726,-21.704829448801448,-1.7628726829822312,0.08217856011936726,-21.704829448801448,-1.7628726829822312,0.9617031666363812,-0.3391790786736264,-0.07238011887761761
5171171171.171171,0.9611004246524614,-0.34462461720679355,-0.07224346489091674,0.08339932228691439,-21.576749569559194,-1.7693673671696695,0.08339932228691439,-21.576749569559194,-1.7693673671696695,0.9613343015931696,-0.34251122497748354,-0.0787719836761083
5177177177.177177,0.960710703712456,-0.3481474120027743,-0.0787301067340781,0.08464475913114998,-21.447998530400017,-1.7759069004100172,0.08464475913114998,-21.447998530400017,-1.7759069004100172,0.9609575102034988,-0.3459162943317644,-0.0852027278179573
5183183183.183184,0.9603124280211462,-0.35174901230904915,-0.08525910289099228,0.08591550568357631,-21.318568987609552,-1.782492241030399,0.08591550568357631,-21.318568987609552,-1.782492241030399,0.9605725233751842,-0.34939680526748607,-0.09167313070465971
5189189189.189189,0.959905305797342,-0.3554321558358218,-0.09183132867867556,0.08721221664568816,-21.18845350084684,-1.7891243740644502,0.08721221664568816,-21.18845350084684,-1.7891243740644502,0.9601790605976661,-0.35295538550089994,-0.09818399353634095
5195195195.195195,0.9594890328455887,-0.3591996994844981,-0.0984476844416954,0.08853556709152509,-21.057644532141154,-1.7958043122000018,0.08853556709152509,-21.057644532141154,-1.7958043122000018,0.9597768293773064,-0.35659477748733603,-0.10473614007091593
5201201201.201201,0.9590632919403665,-0.36305462544100686,-0.10510909644349299,0.0898862531977551,-20.926134444948403,-1.8025330967664754,0.0898862531977551,-20.926134444948403,-1.8025330967664754,0.959365524641156,-0.3603178442968751,-0.11133041741365422
5207207207.207207,0.9586277521758637,-0.36700004762370225,-0.11181651779444957,0.09126499300239369,-20.793915503274526,-1.8093117987638718,0.09126499300239369,-20.793915503274526,-1.8093117987638718,0.9589448281073208,-0.3641275758320823,-0.11796769683849996
5213213213.213213,0.9581820682791975,-0.3710392185089474,-0.11857092941839545,0.09267252719328717,-20.660979870875018,-1.816141519935258,0.09267252719328717,-20.660979870875018,-1.816141519935258,0.9585144076198568,-0.3680270954100835,-0.12464887464245968
5219219219.219219,0.9577258798847862,-0.37517553635939704,-0.12537334105916748,0.09410961992752861,-20.527319610540463,-1.8230233938848077,0.09410961992752861,-20.527319610540463,-1.8230233938848077,0.9580739164459847,-0.3720196667329072,-0.13137487303449571
5225225225.225225,0.9572588107675142,-0.37941255288096254,-0.13222479232916554,0.09557705968301523,-20.392926683478272,-1.8299585872434918,0.09557705968301523,-20.392926683478272,-1.8299585872434918,0.9576229925332737,-0.3761087012716692,-0.13814664106041713
5231231231.231232,0.9567804680320849,-0.38375398133713595,-0.1391263538016821,0.09707566014338394,-20.257792948802532,-1.8369483008846994,0.09707566014338394,-20.257792948802532,-1.8369483008846994,0.9571612577243233,-0.3802977660916815,-0.14496515556525205
5237237237.237237,0.9562904412558075,-0.38820370515120406,-0.1460791281490109,0.09860626111759939,-20.121910163144587,-1.84399377119206,0.09860626111759939,-20.121910163144587,-1.84399377119206,0.9566883169262457,-0.38459059214809493,-0.1518314221947447
5243243243.243243,0.955788301581905,-0.3927657870288625,-0.15308425132840478,0.1001697294955096,-19.985269980397568,-1.8510962713819927,0.1001697294955096,-19.985269980397568,-1.8510962713819927,0.9562037572321223,-0.3889910830833564,-0.15874647643759263
5249249249.249249,0.955273600760224,-0.3974444786362442,-0.16014289381798874,0.10176696024069487,-19.84786395161099,-1.8582571128834806,0.10176696024069487,-19.84786395161099,-1.8582571128834806,0.9557071469913733,-0.39350332456046416,-0.16571138471015603
5255255255.255255,0.9547458701319946,-0.40224423087115524,-0.16725626190488949,0.10339887742199123,-19.709683525050657,-1.8654776467777967,0.10339887742199123,-19.709683525050657,-1.8654776467777967,0.9551980348258184,-0.39813159416809596,-0.17272724548539184
5261261261.261261,0.9542046195550627,-0.40716970476809144,-0.17442559902789193,0.10506643528507652,-19.57072004644235,-1.872759265300997,0.10506643528507652,-19.57072004644235,-1.872759265300997,0.954675948587957,-0.402880371936635,-0.17979519046788284
5267267267.267267,0.9536493362658223,-0.41222578308024904,-0.18165218717704582,0.10677061936552931,-19.430964759419226,-1.8801034034120767,0.10677061936552931,-19.430964759419226,-1.8801034034120767,0.9541403942577622,-0.4077543515070169,-0.18691638581680678
5273273273.273273,0.9530794836737617,-0.41741758258546446,-0.18893734835275644,0.10851244764481253,-19.290408806192815,-1.8875115404299518,0.10851244764481253,-19.290408806192815,-1.8875115404299518,0.9535908547740413,-0.4127584519973837,-0.19409203341885778
5279279279.27928,0.9524945000842865,-0.4227504671663663,-0.19628244608695694,0.11029297175060548,-19.149043228472692,-1.8949852017423878,0.11029297175060548,-19.149043228472692,-1.8949852017423878,0.9530267887961579,-0.4178978306157926,-0.2013233722130813
5285285285.285285,0.951893797345183,-0.428230061718827,-0.20368888702910834,0.11211327820296314,-19.006858968658133,-1.9025259605903353,0.11211327820296314,-19.006858968658133,-1.9025259605903353,0.9524476293915841,-0.42317789607127126,-0.20861167956973653
5291291291.291291,0.9512767594117736,-0.43386226694694563,-0.21115812259982425,0.11397448970773442,-18.863846871330917,-1.9101354399311072,0.11397448970773442,-18.863846871330917,-1.9101354399311072,0.9518527826444949,-0.4286043228389934,-0.21595827272528736
5297297297.2972975,0.9506427408254764,-0.439653275107244,-0.21869165071504776,0.11587776649869624,-18.719997685078262,-1.9178153143841064,0.11587776649869624,-18.719997685078262,-1.9178153143841064,0.9512416261802497,-0.4341830663399935,-0.22336451027569812
5303303303.303303,0.9499910651000935,-0.4456095867698587,-0.22629101758381862,0.11782430772982032,-18.57530206467903,-1.9255673122629244,0.11782430772982032,-18.57530206467903,-1.9255673122629244,0.9506135076002624,-0.43992037910041015,-0.23083179373025475
5309309309.309309,0.9493210230098292,-0.451738028669182,-0.23395781958274517,0.11981535291906735,-18.429750573688544,-1.9333932176977882,0.11981535291906735,-18.429750573688544,-1.9333932176977882,0.9499677428214128,-0.4458228279600295,-0.23836156912817583
5315315315.315315,0.9486318707725548,-0.45804577272275504,-0.2416937052103806,0.1218521834450465,-18.283333687461322,-1.941294872852494,0.1218521834450465,-18.283333687461322,-1.941294872852494,0.9493036143137101,-0.45189731240569825,-0.24595532872029657
5321321321.3213215,0.9479228281214596,-0.4645403563027788,-0.24950037712485368,0.1239361240978295,-18.136041796653338,-1.949274180240166,0.1239361240978295,-18.136041796653338,-1.949274180240166,0.9486203692295267,-0.45815108411077654,-0.2536146127181219
5327327327.327328,0.9471930762576891,-0.47122970385194557,-0.2573795942681094,0.12606854468511444,-17.987865211250313,-1.9573331051422866,0.12606854468511444,-17.987865211250313,-1.9573331051422866,0.9479172174172547,-0.46459176776824546,-0.2613410111125905
5333333333.333333,0.9464417556761568,-0.4781221499417393,-0.26533317408027735,0.12825086169483385,-17.838794165172164,-1.965473678135671,0.12825086169483385,-17.838794165172164,-1.965473678135671,0.9471933293117264,-0.4712273833122354,-0.2691361655648457
5339339339.339339,0.9456679638561033,-0.48522646387991275,-0.27336299480769616,0.13048454001517867,-17.68881882150794,-1.9736979977321947,0.13048454001517867,-17.68881882150794,-1.9736979977321947,0.9464478336932881,-0.4780663696296523,-0.2770017713713224
5345345345.3453455,0.9448707528074839,-0.49255187598171535,-0.28147099790820873,0.1327710947128391,-17.53792927844123,-1.982008233136217,0.1327710947128391,-17.53792927844123,-1.982008233136217,0.9456798153067845,-0.4851176098724129,-0.2849395795053763
5351351351.351352,0.9440491264635541,-0.500108105629671,-0.28965919055738343,0.1351120928700874,-17.386115575930265,-1.9904066271248742,0.1351120928700874,-17.386115575930265,-1.9904066271248742,0.9448883123311828,-0.49239045848912244,-0.29295139873768056
5357357357.357357,0.9432020379095367,-0.5079053912553109,-0.2979296482593716,0.13750915548108125,-17.233367703213833,-1.9988954990565009,0.13750915548108125,-17.233367703213833,-1.9988954990565009,0.9440723136899307,-0.49989477010469135,-0.30103909783746474
5363363363.363363,0.9423283864364176,-0.5159545223886141,-0.3062845175660536,0.13996395940750933,-17.079675607219215,-2.007477248012611,0.13996395940750933,-17.079675607219215,-2.007477248012611,0.943230756191489,-0.5076409303867004,-0.3092046078565876
5369369369.3693695,0.9414270144083048,-0.5242668739317509,-0.31472601890818974,0.14247823939335674,-16.92502920195664,-2.0161543560789914,0.14247823939335674,-16.92502920195664,-2.0161543560789914,0.9423625214887504,-0.515639889048857,-0.31744992449823484
5375375375.375376,0.940496703930981,-0.5328544428269704,-0.323256449542184,0.1450537901382136,-16.76941837899031,-2.0249293917715705,0.1450537901382136,-16.76941837899031,-2.0249293917715705,0.9414664328453582,-0.5239031951537502,-0.3257771105719045
5381381381.381382,0.9395361733084661,-0.5417298873025251,-0.33187818661601276,0.1476924684280778,-16.61283301908595,-2.0338050136128563,0.1476924684280778,-16.61283301908595,-2.0338050136128563,0.9405412516961574,-0.5324430348903466,-0.33418829853598264
5387387387.387387,0.938544073273588,-0.5509065688954496,-0.34059369035777304,0.15039619532210463,-16.455263005142257,-2.0427839738647307,0.15039619532210463,-16.455263005142257,-2.0427839738647307,0.9395856739881492,-0.5412722720164757,-0.3426856931290115
5393393393.3933935,0.9375189829776621,-0.5603985974665567,-0.34940550739003323,0.15316695839313896,-16.296698236523902,-2.0518691224235055,0.15316695839313896,-16.296698236523902,-2.0518691224235055,0.9385983262875338,-0.5504044911714507,-0.35127157409027404
5399399399.3994,0.9364594057234072,-0.5702208794413227,-0.3583162741730722,0.15600681401917002,-16.137128644924015,-2.061063410883094,0.15600681401917002,-16.137128644924015,-2.061063410883094,0.9375777616374216,-0.5598540442818984,-0.359948298969932
5405405405.405405,0.935363764424307,-0.5803891695293094,-0.36732872057969107,0.15891788972205628,-15.976544211894431,-2.0703698967721507,0.15891788972205628,-15.976544211894431,-2.0703698967721507,0.9365224551499782,-0.5696361003010803,-0.36871830602837763
5411411411.411411,0.9342303967725819,-0.5909201261962195,-0.3764456736039216,0.1619023865489143,-15.814934988195633,-2.0797917479708987,0.1619023865489143,-15.814934988195633,-2.0797917479708987,0.9354307993156702,-0.5797666985431148,-0.3775841172237899
5417417417.417418,0.9330575500968642,-0.6018313711859316,-0.3856700612055409,0.16496258149051832,-15.652291115130314,-2.089332247313223,0.16496258149051832,-15.652291115130314,-2.089332247313223,0.9343010990113476,-0.5902628058944084,-0.38654834128613874
5423423423.423424,0.9318433758896164,-0.6131415534146121,-0.3950049162915918,0.1681008299298209,-15.48860284803963,-2.0989947973793686,0.1681008299298209,-15.48860284803963,-2.0989947973793686,0.9331315661878249,-0.6011423782084754,-0.3956136768749395
5429429429.42943,0.9305859239831953,-0.6248704175864878,-0.4044533808355861,0.1713195681123255,-15.32386058215544,-2.108782925484309,0.1713195681123255,-15.32386058215544,-2.108782925484309,0.9319203142165526,-0.6124244262158877,-0.40478291581705117
5435435435.435435,0.9292831363523536,-0.6370388779102937,-0.41401871013400987,0.1746213156284032,-15.158054881020844,-2.118700288866306,0.1746213156284032,-15.158054881020844,-2.118700288866306,0.9306653518738918,-0.6241290863088235,-0.41405894641943086
5441441441.441442,0.9279328405197662,-0.6496690973282205,-0.42370427719894327,0.17800867789587743,-14.991176507706466,-2.128750680079824,0.17800867789587743,-14.991176507706466,-2.128750680079824,0.9293645769404257,-0.6362776965896516,-0.42344475685045296
5447447447.447448,0.9265327425401314,-0.6627845727032368,-0.4335135772841645,0.18148434862906068,-14.823216459072801,-2.1389380325960436,0.18148434862906068,-14.823216459072801,-2.1389380325960436,0.9280157693916398,-0.6488928786058534,-0.4329434385815297
5453453453.453453,0.9250804195371383,-0.6764102264500329,-0.4434502325409229,0.185051112278133,-14.65416600334672,-2.149266426613603,0.185051112278133,-14.65416600334672,-2.149266426613603,0.9266165841552657,-0.661998625228697,-0.442558189878942
5459459459.459459,0.9235733117666298,-0.6905725051350607,-0.4535179967976601,0.18871184642002292,-14.484016721305622,-2.159740095081007,0.18871184642002292,-14.484016721305622,-2.159740095081007,0.9251645434095151,-0.675620395171982,-0.4522923193333635
5465465465.465466,0.9220087141781722,-0.705299485616998,-0.4637207604561041,0.19246952407894388,-14.312760551385658,-2.1703634299309074,0.19246952407894388,-14.312760551385658,-2.1703634299309074,0.9236570283955559,-0.6897852146879404,-0.4621492494119578
5471471471.471472,0.9203837674463624,-0.7206209893472958,-0.4740625554937903,0.19632721595130637,-14.140389839056835,-2.181140988525027,0.19632721595130637,-14.140389839056835,-2.181140988525027,0.9220912707166571,-0.704521787023068,-0.47213252001488565
5477477477.477478,0.9186954484423484,-0.7365687055039762,-0.4845475605603878,0.20028809250583782,-13.966897390836241,-2.1920775003065907,0.20028809250583782,-13.966897390836241,-2.1920775003065907,0.9204643430957223,-0.7198606102651817,-0.4822457920144198
5483483483.483483,0.91694056011545,-0.7531763236889034,-0.49518010615199864,0.20435542592537959,-13.79227653334012,-2.2031778736550782,0.20435542592537959,-13.79227653334012,-2.2031778736550782,0.9187731495624337,-0.7358341042651304,-0.4924928507508899
5489489489.48949,0.9151157207543211,-0.7704796769814649,-0.5059646798440034,0.2085325918519054,-13.616521177807394,-2.214447202935549,0.2085325918519054,-13.616521177807394,-2.214447202935549,0.9170144150408279,-0.7524767473742207,-0.5028776094548777
5495495495.495496,0.9132173525969043,-0.7885168962098005,-0.5169059315587814,0.21282307089075783,-13.439625890561553,-2.2258907757318247,0.21282307089075783,-13.439625890561553,-2.2258907757318247,0.915184674308178,-0.769825223798969,-0.513404112559745
5501501501.501501,0.9112416697588038,-0.8073285763725606,-0.528008678839674,0.2172304498239062,-13.261585969912666,-2.237514080249416,0.2172304498239062,-13.261585969912666,-2.237514080249416,0.9132802602963487,-0.787918582441288,-0.5240765388623689
5507507507.507507,0.9091846654502238,-0.8269579562249296,-0.5392779120970184,0.22175842247505664,-13.082397530039518,-2.249322812869969,0.22175842247505664,-13.082397530039518,-2.249322812869969,0.9112972917076215,-0.8067984081629922,-0.5348992044828249
5513513513.513514,0.907042098452862,-0.8474511121281582,-0.5507187997854832,0.22641079016166257,-12.902057592431229,-2.2613228858344003,0.22641079016166257,-12.902057592431229,-2.2613228858344003,0.9092316599183157,-0.8265090064901062,-0.5458765655655929
5519519519.51952,0.9048094788301901,-0.8688571673530938,-0.5623366934644933,0.23119146166020768,-12.720564185508557,-2.273520435026401,0.23119146166020768,-12.720564185508557,-2.273520435026401,0.9070790151456263,-0.8470976028538395,-0.5570132206556261
5525525525.525526,0.9024820528470308,-0.8912285181303181,-0.5741371326849961,0.23610445260148544,-12.537916453086934,-2.2859218278218685,0.23610445260148544,-12.537916453086934,-2.2859218278218685,0.9048347518559217,-0.8686145575532052,-0.5683139126718524
5531531531.531531,0.9000547870782533,-0.914621077845093,-0.5861258496359074,0.24115388420183995,-12.354114772387856,-2.298533670962472,0.24115388420183995,-12.354114772387856,-2.298533670962472,0.9024939933966762,-0.8911135977172125,-0.5797835303886071
5537537537.537538,0.8975223516911904,-0.939094540892117,-0.5983087734723892,0.24634398122449405,-12.16916088234787,-2.3113628184034725,0.24634398122449405,-12.16916088234787,-2.3113628184034725,0.9000515758392674,-0.9146520676443705,-0.5914271093215199
5543543543.543544,0.8948791028926587,-0.964712667829576,-0.610692034235283,0.2516790690519553,-11.983058023019273,-2.32441637907639,0.2516790690519553,-11.983058023019273,-2.32441637907639,0.8975020310263826,-0.9392911990028365,-0.6032498318986034
5549549549.549549,0.892119064539523,-0.9915435936044942,-0.6232819662562724,0.2571635697360948,-11.795811086899091,-2.3377017244964087,0.2571635697360948,-11.795811086899091,-2.3377017244964087,0.8948395688260115,-0.9650964024861163,-0.6152570267792384
5555555555.555555,0.889235908921608,-1.0196601607649571,-0.6360851109268468,0.26280199687669953,-11.60742678306425,-2.3512264961321887,0.26280199687669953,-11.60742678306425,-2.3512264961321887,0.8920580586042044,-0.9921375826370603,-0.6274541671632337
5561561561.561562,0.8862229367380702,-1.049140279726838,-0.6491082186899805,0.2685989491620571,-11.417913815029815,-2.364998612441846,0.2685989491620571,-11.417913815029815,-2.364998612441846,0.8891510099413428,-1.0204894776764868,-0.6398468679088315
5567567567.567568,0.8830730563033564,-1.0800673183249803,-0.6623582500921343,0.2745591023864685,-11.22728307327993,-2.37902627546324,0.2745591023864685,-11.22728307327993,-2.37902627546324,0.8861115526320184,-1.0502320263014004,-0.6524408812520315
5573573573.573574,0.8797787620369883,-1.112530523051962,-0.6758423757086747,0.2806871997394116,-11.035547843449072,-2.393317976829058,0.2806871997394116,-11.035547843449072,-2.393317976829058,0.8829324160271392,-1.0814507635516362,-0.6652420908896612
5579579579.579579,0.8763321123132728,-1.1466254745705362,-0.6895679747283302,0.2869880401394703,-10.842724031150093,-2.4078825030573263,0.2869880401394703,-10.842724031150093,-2.4078825030573263,0.8796059077991744,-1.1142372479810756,-0.6782565041545022
5585585585.585586,0.8727247067730806,-1.1824545802798654,-0.7035426319512728,0.293466464363202,-10.648830404452774,-2.4227289399458516,0.293466464363202,-10.648830404452774,-2.4227289399458516,0.8761238922379525,-1.1486895225106561,-0.6914902419724487
5591591591.591592,0.8689476632307171,-1.2201276069205285,-0.7177741329202958,0.30012733869495317,-10.45388885500948,-2.4378666758744174,0.30012733869495317,-10.45388885500948,-2.4378666758744174,0.8724777682159616,-1.1849126114820572,-0.7049495262480836
5597597597.597597,0.864991594345334,-1.2597622564187532,-0.7322704568654078,0.30697553579851494,-10.257924678798982,-2.4533054037911963,0.30697553579851494,-10.257924678798982,-2.4533054037911963,0.8686584469991431,-1.2230190565734713,-0.718640664276182
5603603603.603603,0.8608465842690074,-1.3014847883966438,-0.7470397670979521,0.31401591248575206,-10.060966877411147,-2.4690551216296646,0.31401591248575206,-10.060966877411147,-2.4690551216296646,0.8646563301226473,-1.263129494378715,-0.732570029721196
5609609609.60961,0.8565021655332276,-1.3454306930133797,-0.7620903984411432,0.3212532840314223,-9.863048480718962,-2.4851261308691663,0.3212532840314223,-9.863048480718962,-2.4851261308691663,0.8604612876016928,-1.3053732785857521,-0.7467440396447642
5615615615.615616,0.8519472964931062,-1.3917454180506392,-0.7774308412289717,0.32869239465805516,-9.664206891671531,-2.501529032916383,0.32869239465805516,-9.664206891671531,-2.501529032916383,0.8560626368061908,-1.3498891498196952,-0.7611691269914143
5621621621.621622,0.8471703397147208,-1.4405851544165136,-0.793069721344181,0.33633788379056917,-9.464484253791872,-2.51827472294574,0.33633788379056917,-9.464484253791872,-2.51827472294574,0.8514491223954146,-1.3968259563310754,-0.7758517078641497
5627627627.627627,0.8421590417665424,-1.4921176845161765,-0.8090157756983725,0.3441942476587172,-9.26392784175852,-2.5353743807952807,0.3441942476587172,-9.26392784175852,-2.5353743807952807,0.8466088977861338,-1.4463434288132282,-0.7907981428340286
5633633633.633634,0.8369005149616776,-1.5465232982251118,-0.8252778224821453,0.35226579580744244,-9.062590475190959,-2.5528394584700393,0.35226579580744244,-9.062590475190959,-2.5528394584700393,0.8415295087153929,-1.498613012715741,-0.8060146914295212
5639639639.63964,0.831381221694133,-1.6039957815063142,-0.8418647254306291,0.3605566020627035,-8.860530955429581,-2.570681663758616,0.3605566020627035,-8.860530955429581,-2.570681663758616,0.836197879558094,-1.5538187614807155,-0.8215074588418168
5645645645.645645,0.8255869621199903,-1.6647434830401306,-0.8587853512588943,0.369070449495318,-8.657814524690723,-2.588912939420834,0.369070449495318,-8.657814524690723,-2.588912939420834,0.8306003031702083,-1.6121582941610382,-0.8372823337599935
5651651651.651651,0.8195028660535131,-1.728990464589618,-0.8760485193221649,0.3778107689301908,-8.454513346478338,-2.6075454373558706,0.3778107689301908,-8.454513346478338,-2.6075454373558706,0.824722435151347,-1.6738438208774953,-0.8533449161135154
5657657657.657658,0.8131133900783599,-1.7969777412171335,-0.8936629424470119,0.38678057056607706,-8.250707005528094,-2.626591487112571,0.38678057056607706,-8.250707005528094,-2.626591487112571,0.8185492935550635,-1.7391032395344954,-0.86970043334773
5663663663.663664,0.8064023210145559,-1.8689646179123827,-0.9116371577612813,0.3959823683050538,-8.046483024838064,-2.6460635580582177,0.3959823683050538,-8.046483024838064,-2.6460635580582177,0.8120652652215968,-1.8081813071331303,-0.8863536436889217
5669669669.66967,0.7993527870312461,-1.9452301297075711,-0.9299794462214603,0.4054180964451149,-7.841937396488738,-2.6659742144809018,0.4054180964451149,-7.841937396488738,-2.6659742144809018,0.8052541200640543,-1.881340888898575,-0.9033087246670152
5675675675.675675,0.7919472778511204,-2.02607459296953,-0.9486977393961277,0.41508901846821317,-7.637175121961973,-2.6863360628664115,0.41508901846821317,-7.637175121961973,-2.6863360628664115,0.7980990348037585,-1.9588642882700888,-0.9205691449536809
5681681681.681682,0.7841676756510577,-2.1118212763120185,-0.9677995119116674,0.42499562776457916,-7.432310756522437,-2.707161690566545,0.42499562776457916,-7.432310756522437,-2.707161690566545,0.7905826278200714,-2.041054660593916,-0.9381375173383483
5687687687.687688,0.7759952984204301,-2.2028182005127523,-0.9872916578000603,0.4351375402774346,-7.227468950921219,-2.7284635950653975,0.4351375402774346,-7.227468950921219,-2.7284635950653975,0.7826870069504805,-2.128237513114181,-0.9560154304001933
5693693693.693693,0.7674109576870128,-2.29944007802044,-1.0071803488061855,0.44551337923587925,-7.0227849822137145,-2.750254103058398,0.44551337923587925,-7.0227849822137145,-2.750254103058398,0.7743938322421552,-2.2207622935868705,-0.9742032561354782
5699699699.699699,0.7583950326519578,-2.4020904041938254,-1.0274708725096457,0.45612065237317323,-6.818405263857011,-2.7725452785905986,0.45612065237317323,-6.818405263857011,-2.7725452785905986,0.7656843958087988,-2.319004069566615,-0.9926999304593975
5705705705.705706,0.7489275628799676,-2.511203714444395,-1.0481674478891594,0.4669556223078651,-6.614487823478639,-2.795348819561761,0.4669556223078651,-6.614487823478639,-2.795348819561761,0.7565397210775415,-2.423365300154345,-1.011502703110187
5711711711.711712,0.7389883617552038,-2.627248024127697,-1.0692730156972965,0.47801317110071145,-6.411202734805615,-2.818675942003112,0.47801317110071145,-6.411202734805615,-2.818675942003112,0.7469406838076585,-2.534277701787095,-1.0306068530280272
5717717717.717718,0.7285571529233296,-2.7507274715481724,-1.0907890007086818,0.48928666039355545,-6.208732488252762,-2.8425372516704326,0.48928666039355545,-6.208732488252762,-2.8425372516704326,0.7368681573134811,-2.6522042095317477,-1.0500053647435625
5723723723.723723,0.7176137318778335,-2.8821851890867007,-1.112715042537772,0.5007677889882121,-6.007272282636937,-2.8669426026882743,0.5007677889882121,-6.007272282636937,-2.8669426026882743,0.7263031843122488,-2.7776410353675303,-1.069688560666903
5729729729.72973,0.7061381546955937,-3.022206433577738,-1.1350486912688207,0.5124464502313273,-5.807030218483171,-2.8919009432272,0.5124464502313273,-5.807030218483171,-2.8919009432272,0.7152271777275567,-2.9111198251585026,-1.0896436833838987
5735735735.735736,0.6941109556628555,-3.1714220150971966,-1.1577850635627471,0.5243105921284719,-5.608227371513024,-2.9174201485061637,0.5243105921284719,-5.608227371513024,-2.9174201485061637,0.7036221525938219,-3.053209916474388,-1.1098544210961452
5741741741.741742,0.6815133951378848,-3.3305120738481775,-1.180916454153562,0.5363460837058819,-5.4110977232658595,-2.9435068417910704,0.5363460837058819,-5.4110977232658595,-2.9435068417910704,0.6914709909104159,-3.204520700154819,-1.1303003681231687
5747747747.747747,0.6683277384528971,-3.500210268562123,-1.2044318966455492,0.5485365917528696,-5.215887924545849,-2.9701662045103148,0.5485365917528696,-5.215887924545849,-2.9701662045103148,0.6787577408727682,-3.365704089523196,-1.1509564108339663
5753753753.753754,0.6545375659505628,-3.6813084576853603,-1.2283166661693612,0.5608634726869426,-5.0228568666687305,-2.997401777129231,0.5608634726869426,-5.0228568666687305,-2.997401777129231,0.6654679513537167,-3.5374571023701504,-1.171792027377732
5759759759.75976,0.640128113372349,-3.8746619777412845,-1.2525517146040241,0.5733056848533703,-4.832275035491723,-3.0252152530127443,0.5733056848533703,-4.832275035491723,-3.0252152530127443,0.6515890418223854,-3.7205245620430527,-1.1927704869859341
5765765765.765766,0.6250866407696519,-4.081195653107592,-1.2771130265194937,0.5858397270600405,-4.644423624138088,-3.0536062681502525,0.5858397270600405,-4.644423624138088,-3.0536062681502525,0.6371107070831602,-3.9157019247895564,-1.2138479312160368
5771771771.771772,0.6094028269117889,-4.301910709869688,-1.3019708804536307,0.5984396095071944,-4.459593382380464,-3.0825721903021517,0.5984396095071944,-4.459593382380464,-3.0825721903021517,0.6220253553253735,-4.123838240155921,-1.2349723150269538
5777777777.777778,0.5930691848542186,-4.53789281575698,-1.3270889952058145,0.6110768634443167,-4.278083184012273,-3.112107911830479,0.6110768634443167,-4.278083184012273,-3.112107911830479,0.6063285770499417,-4.3458392484418775,-1.256082179654826
5783783783.783784,0.5760814929671699,-4.7903215314471925,-1.3524235339370565,0.6237205958134631,-4.10019829837594,-3.1422056511657512,0.6237205958134631,-4.10019829837594,-3.1422056511657512,0.5900196415675517,-4.582670611820919,-1.2771052214138674
5789789789.78979,0.5584392344008634,-5.060481539602807,-1.3779219292017486,0.6363375947600275,-3.9262483586445427,-3.172854768498962,0.6363375947600275,-3.9262483586445427,-3.172854768498962,0.573102017067227,-4.835361260277056,-1.2979566101458557
5795795795.795795,0.540146036805738,-5.349776121895292,-1.403521478431811,0.648892491154454,-3.756545027506201,-3.204041601825942,0.648892491154454,-3.756545027506201,-3.204041601825942,0.5555839099023101,-5.105006804470492,-1.3185369972479273
5801801801.801802,0.5212101033040459,-5.659743487482669,-1.4291476401518177,0.6613479801298349,-3.5913993705161635,-3.235749329859385,0.6613479801298349,-3.5913993705161635,-3.235749329859385,0.5374788189564261,-5.392772916306554,-1.3387301349316587
5807807807.807808,0.5016446254421578,-5.9920767273895255,-1.4547119338172365,0.6736651050780356,-3.431118958380435,-3.2679578685066986,0.6736651050780356,-3.431118958380435,-3.2679578685066986,0.5188061020229555,-5.699898490644527,-1.3584000041921618
5813813813.813814,0.48146816941975756,-6.34864838895311,-1.4801093068871385,0.6858036045666062,-3.2760047314826553,-3.3006438075382225,0.6858036045666062,-3.2760047314826553,-3.3006438075382225,0.49959155342282874,-6.027698256753327,-1.3773873170932163
5819819819.81982,0.46070502865399454,-6.731540946838644,-1.505214775854538,0.6977223202784277,-3.126347672602753,-3.3337803936909376,0.6977223202784277,-3.126347672602753,-3.3337803936909376,0.4798679960590351,-6.3775642719679055,-1.395505217160843
5825825825.825826,0.4393855391663999,-7.14308480919235,-1.52987906462072,0.709379661415082,-2.9824253463715324,-3.3673375657347857,0.709379661415082,-2.9824253463715324,-3.3673375657347857,0.45967589734133146,-6.750965349230689,-1.4125339472738132
5831831831.831832,0.41754636003463025,-7.5859059586040445,-1.5539228398705414,0.7207341181619277,-2.8444983758295974,-3.4012820459528403,0.7207341181619277,-2.8444983758295974,-3.4012820459528403,0.43906402764699615,-7.149442860479763,-1.4282141846043521
5837837837.837838,0.3952307301906929,-8.062985905504409,-1.5771289565929973,0.7317448139458632,-2.7128069366856127,-3.43557749105933,0.7317448139458632,-2.7128069366856127,-3.43557749105933,0.41809019314855445,-7.574600385486238,-1.4422386545551327
5843843843.843843,0.37248872667548827,-8.577737331694435,-1.5992318409503292,0.7423720835139133,-2.587567357653941,-3.4701847038328757,0.7423720835139133,-2.587567357653941,-3.4701847038328757,0.39682209312836647,-8.02808312871236,-1.4542415301342413
5849849849.84985,0.34937757056450514,-9.13409958824882,-1.6199026911939653,0.7525780615278647,-2.468968919798526,-3.5050619047381617,0.7525780615278647,-2.468968919798526,-3.5050619047381617,0.3753383767947307,-8.511540570086423,-1.463785005839206
5855855855.855856,0.3259620594752307,-9.736658938485153,-1.6387284662981787,0.7623272646124762,-2.3571709484534127,-3.5401650606370008,0.7623272646124762,-2.3571709484534127,-3.5401650606370008,0.3537300078327857,-9.026561925932965,-1.4703423266616849
5861861861.861862,0.3023152576110364,-10.390798675427092,-1.655181476361334,0.7715871487964235,-2.2523002875738922,-3.5754482654641624,0.7715871487964235,-2.2523002875738922,-3.5754482654641624,0.3321020880785766,-9.574567875677417,-1.4732765069284406
5867867867.867868,0.27851966006912715,-11.102882870977002,-1.6685744715332325,0.7803286241865288,-2.1544492381278117,-3.610864165593588,0.7803286241865288,-2.1544492381278117,-3.610864165593588,0.3105763452128495,-10.156632500464905,-1.4718141140089975
5873873873.873874,0.2546691950188425,-11.88047168906158,-1.6779928824165735,0.7885265095956248,-2.0636740295153406,-3.646364420685062,0.7885265095956248,-2.0636740295153406,-3.646364420685062,0.2892945495336381,-10.773194972374833,-1.4650140854164975
5879879879.87988,0.23087268879764203,-12.732548782627305,-1.6821902874344576,0.7961599117038002,-1.9799938765139014,-3.6819001892099306,0.7961599117038002,-1.9799938765139014,-3.6819001892099306,0.26842317681955064,-11.423599760353447,-1.451733141725457
5885885885.885886,0.2072599016738795,-13.669694244301132,-1.6794235190073028,0.8032125160909671,-1.9033906547059427,-3.7174226267203037,0.8032125160909671,-1.9033906547059427,-3.7174226267203037,0.24815963619912118,-12.105377124074106,-1.4305930095305952
5891891891.8918915,0.18399216190510634,-14.704013552186039,-1.6671872907697347,0.8096727809753267,-1.8338092058537814,-3.752883384332337,0.8096727809753267,-1.8338092058537814,-3.752883384332337,0.22874023259079845,-12.813148832442046,-1.3999622456944787
5897897897.897898,0.1612814157644233,-15.848313457670288,-1.6417817991046488,0.8155340285011153,-1.771158262506229,-3.788235094883804,0.8155340285011153,-1.771158262506229,-3.788235094883804,0.21044951489962077,-13.53704141985975,-1.3579797148902866
5903903903.903904,0.13942497704936682,-17.113188366505206,-1.597614369723041,0.8207944326696065,-1.715311959583503,-3.8234318348012604,0.8207944326696065,-1.715311959583503,-3.8234318348012604,0.19362936902877567,-14.260575395120183,-1.3026700804237321
5909909909.90991,0.11886946541366024,-18.49859380845347,-1.526147033782059,0.825456907211621,-1.6661118810631073,-3.8584295508289763,0.825456907211621,-1.6661118810631073,-3.8584295508289763,0.178683578784652,-14.958307155920089,-1.2322302303996353
5915915915.915916,0.10032502961336776,-19.97181406803093,-1.4147144383302648,0.8295289005812947,-1.6233695732786222,-3.893186442349422,0.8295289005812947,-1.6233695732786222,-3.893186442349422,0.16606933954954742,-15.594210830028919,-1.1455743840079338
5921921921.921922,0.08493986017070446,-21.417769165739244,-1.2470236878400531,0.8330221085709458,-1.5868694435821635,-3.927663291951246,0.8330221085709458,-1.5868694435821635,-3.927663291951246,0.15626303667884084,-16.122874804925434,-1.0431485230656934
5927927927.927928,0.0744205666564767,-22.56614054954042,-1.0116852647700394,0.8359521176258033,-1.556371954723044,-3.9618237390451783,0.8359521176258033,-1.556371954723044,-3.9618237390451783,0.1496896664529966,-16.49616358663822,-0.927778352436044
5933933933.933934,0.07061329720748359,-23.02227018291182,-0.7254574306570174,0.8383379936669808,-1.5316170214276135,-3.995634493553729,0.8383379936669808,-1.5316170214276135,-3.995634493553729,0.14662295746616483,-16.67596049563261,-0.8049662767911767
5939939939.9399395,0.07416559515116436,-22.59595027748297,-0.4439922934381551,0.8402018320785375,-1.5123275161668739,-4.029065488876443,0.8402018320785375,-1.5123275161668739,-4.029065488876443,0.14709478004274246,-16.648054776429245,-0.6820320854905628
5945945945.945946,0.08376843973745003,-21.53839147215388,-0.2182934603551372,0.8415682845174095,-1.498212795522946,-4.062089975344083,0.8415682845174095,-1.498212795522946,-4.062089975344083,0.15086798356455977,-16.428058284211883,-0.5662277074412552
5951951951.951952,0.09729801758342355,-20.237920165105876,-0.05880479999241525,0.8424640774594618,-1.4889721662538582,-4.094684557131254,0.8424640774594618,-1.4889721662538582,-4.094684557131254,0.15749438002423405,-16.054698776282542,-0.4628953525852844
5957957957.957958,0.11303544587057383,-18.93570696535591,0.04784753777751253,0.8429175360393006,-1.484298220313772,-4.126829177036232,0.8429175360393006,-1.484298220313772,-4.126829177036232,0.16642289070907137,-15.575738774257532,-0.37469503323973924
5963963963.963964,0.12989396949124715,-17.728220223723316,0.11759583925137378,0.8429581249378214,-1.4838799798689863,-4.158507054624236,0.8429581249378214,-1.4838799798689863,-4.158507054624236,0.1771011568655186,-15.035572037782911,-0.3019617034407206
5969969969.96997,0.1472316785561292,-16.639974731772014,0.16235759058078184,0.842616015988299,-1.4874058059343007,-4.189704583960774,0.842616015988299,-1.4874058059343007,-4.189704583960774,0.18903827063592704,-14.469005287597273,-0.24356559078359505
5975975975.975976,0.16466718330629634,-15.66785886409177,0.19007782397801215,0.8419216899687327,-1.4945660368973568,-4.220411197551607,0.8419216899687327,-1.4945660368973568,-4.220411197551607,0.20182860077442066,-13.900345812688087,-0.1977114238143776
5981981981.981982,0.18196703566933844,-14.800145594535792,0.20594425065862002,0.8409055778647156,-1.5050553352783604,-4.250619203189505,0.8409055778647156,-1.5050553352783604,-4.250619203189505,0.2151511153548654,-13.345127963396319,-0.1624633387911642
5987987987.9879875,0.1989836926738904,-14.023650278030928,0.21338280106303056,0.8395977448356495,-1.518574732110717,-4.28032360023269,0.8395977448356495,-1.518574732110717,-4.28032360023269,0.22875787021528007,-12.812479109621947,-0.1360160633898206
5993993993.993994,0.21562153782341592,-13.326157217508758,0.21470620781716057,0.8380276182797104,-1.5348333679952058,-4.309521881457941,0.8380276182797104,-1.5348333679952058,-4.309521881457941,0.24245990539601503,-12.307201372568999,-0.11680126173741298
6000000000.0,0.23181776453057673,-12.697065729658268,0.2115143013650371,0.8362237598216995,-1.5535499379876367,-4.3382138260970855,0.8362237598216995,-1.5535499379876367,-4.3382138260970855,0.25611427559719424,-11.831324272857263,-0.10350618627071972
6006006006.006006,0.24753120225054398,-12.127400976133668,0.20494022762519232,0.8342136797677923,-1.5744538539621327,-4.366401289031576,0.8342136797677923,-1.5744538539621327,-4.366401289031576,0.26961338984362004,-11.385170863595153,-0.09505314277190564
6012012012.0120125,0.26273550838802123,-11.609624577406832,0.19580415036245785,0.8320236915845913,-1.59728614298445,-4.3940879904309975,0.8320236915845913,-1.59728614298445,-4.3940879904309975,0.28287669429394297,-10.968056636330228,-0.09056558999193506
6018018018.018018,0.27741484407505396,-11.137406083177899,0.1847112714304834,0.8296788032517881,-1.6218001036421303,-4.421279309418451,0.8296788032517881,-1.6218001036421303,-4.421279309418451,0.2958443363734047,-10.578734808308711,-0.08933298605603254
6024024024.024024,0.29156101502544346,-10.705410930209249,0.17211580666151038,0.8272026418809819,-1.6477617443716073,-4.4479820846591105,0.8272026418809819,-1.6477617443716073,-4.4479820846591105,0.3084723802570698,-10.215674307748266,-0.09077926291858962
6030030030.03003,0.30517150817177446,-10.309120320069967,0.1583637115104701,0.8246174077533067,-1.6749500287866883,-4.47420442412196,0.8246174077533067,-1.6749500287866883,-4.47420442412196,0.32072919433464503,-9.877230133431672,-0.0944363456795498
6036036036.036036,0.3182480956967028,-9.944683727147613,0.14372184601029273,0.8219438538677496,-1.7031569530486015,-4.499955525675238,0.8219438538677496,-1.7031569530486015,-4.499955525675238,0.3325927104364165,-9.561745472259801,-0.09992263204571326
6042042042.042042,0.33079581110023554,-9.60879997196487,0.12839829444554784,0.819201287172713,-1.7321874796215457,-4.525245509652495,0.819201287172713,-1.7321874796215457,-4.525245509652495,0.34404832875548025,-9.267610948709612,-0.10692579539693031
6048048048.048048,0.34282217757364075,-9.298621816289058,0.11255679309796089,0.8164075878398541,-1.7618593505141402,-4.550085264073965,0.8164075878398541,-1.7618593505141402,-4.550085264073965,0.3550873021723913,-8.993297153520587,-0.11518915100465754
6054054054.054054,0.3543366131465648,-9.011679405158032,0.09632715488379379,0.8135792431998147,-1.7920028014794787,-4.574486302826898,0.8135792431998147,-1.7920028014794787,-4.574486302826898,0.3657054788074671,-8.737370664826386,-0.12450087535674331
6060060060.0600605,0.365349963577996,-8.745818632277905,0.07981292339544205,0.8107313932668874,-1.8224601967752971,-4.5984606367956316,0.8107313932668874,-1.8224601967752971,-4.5984606367956316,0.37590231462299556,-8.498500002089816,-0.13468547632180586
6066066066.066066,0.37587413024993704,-8.499151276429917,0.063097076049304,0.8078778851114373,-1.853085602088135,-4.622020657683229,0.8078778851114373,-1.853085602088135,-4.622020657683229,0.3856800916737112,-8.275455565919875,-0.14559702663238605
6072072072.072072,0.3859217705695297,-8.270014427456386,0.04624633133705841,0.8050313336772904,-1.883744311193852,-4.645179034074686,0.8050313336772904,-1.883744311193852,-4.645179034074686,0.39504329464388577,-8.067106107999196,-0.15711377561964746
6078078078.078078,0.3955060549816058,-8.05693726608361,0.02931444230530855,0.8022031869728956,-1.9143123399322866,-4.667948619149887,0.8022031869728956,-1.9143123399322866,-4.667948619149887,0.4039981105264383,-7.872413321048319,-0.16913383893680378
6084084084.084084,0.4046404690382285,-7.858613691755155,0.012344743522216128,0.799403793880096,-1.944675899169495,-4.690342369356268,0.799403793880096,-1.944675899169495,-4.690342369356268,0.41255202509552774,-7.690425534415878,-0.1815717335543295
6090090090.09009,0.41333865190103053,-7.67387962616104,-0.004627858783735477,0.7966424731164554,-1.9747308566413813,-4.7123732732887715,0.7966424731164554,-1.9747308566413813,-4.7123732732887715,0.4207134961991232,-7.5202711178349615,-0.1943555780073146
6096096096.096096,0.4216142646750654,-7.50169407712151,-0.021575316921456054,0.7939275821523711,-2.0043821959405514,-4.7340542899918745,0.7939275821523711,-2.0043821959405514,-4.7340542899918745,0.4284916885582675,-7.361151953148852,-0.2074248185405485
6102102102.102102,0.4294808834054786,-7.341123245096255,-0.03847519278365146,0.7912665851208174,-2.0335434794357634,-4.755398295889866,0.7912665851208174,-2.0335434794357634,-4.755398295889866,0.4358962581993587,-7.212337180341237,-0.22072837301451087
6108108108.1081085,0.4369519126082921,-7.191327106723949,-0.05530965634310065,0.7886661189653161,-2.0621363206029515,-4.77641803956104,0.7886661189653161,-2.0621363206029515,-4.77641803956104,0.44293717721189385,-7.073157327681619,-0.2342231083629095
6114114114.114115,0.44404051598126887,-7.051548027243103,-0.07206467682982973,0.7861320572514421,-2.090089870095993,-4.797126103595154,0.7861320572514421,-2.090089870095993,-4.797126103595154,0.44962459145962386,-6.942998875686013,-0.2478725857461833
6120120120.12012,0.45075956153218844,-6.921101044673563,-0.08872936528311781,0.7836695712204395,-2.1173403188871047,-4.817534872807491,0.7836695712204395,-2.1173403188871047,-4.817534872807491,0.4559687053501212,-6.821299267770327,-0.2616460216566383
6126126126.126126,0.45712157882353105,-6.7993655395257635,-0.10529543701153773,0.7812831877925215,-2.143830420950285,-4.8376565081236915,0.7812831877925215,-2.143830420950285,-4.8376565081236915,0.4619796889073793,-6.707542358546441,-0.275517424116537
6132132132.132133,0.46313872640096976,-6.685778059281704,-0.12175676976305193,0.7789768443344591,-2.1695090372350876,-4.857502925494747,0.7789768443344591,-2.1695090372350876,-4.857502925494747,0.46766760328158463,-6.6012542782615515,-0.28946487154175643
6138138138.138138,0.46882276777207277,-6.579826110546945,-0.1381090388309551,0.7767539400936042,-2.1943307020694647,-4.877085779249387,0.7767539400936042,-2.1943307020694647,-4.877085779249387,0.47304234153169716,-6.501999685431068,-0.30346990840359017
6144144144.144144,0.4741850545483799,-6.481042766306974,-0.15434941440805192,0.7746173842709948,-2.2182552126262585,-4.896416449339329,0.7746173842709948,-2.2182552126262585,-4.896416449339329,0.4781135820754716,-6.4093783770088555,-0.31751703694894895
6150150150.15015,0.47923651556982416,-6.389001963197486,-0.17047630960800797,0.772569640761932,-2.2412472416759797,-4.915506031980742,0.772569640761932,-2.2412472416759797,-4.915506031980742,0.482890752650997,-6.323022225026737,-0.3315932882676155
6156156156.156157,0.4839876510043271,-6.303314385669488,-0.18648916995540968,0.7706127696356105,-2.2632759735163552,-4.9343653332417725,0.7706127696356105,-2.2632759735163552,-4.9343653332417725,0.48738300299841913,-6.242592409579391,-0.34568785917553085
6162162162.162163,0.488448530562817,-6.223623851604797,-0.20238829698798744,0.7687484654579273,-2.284314762706331,-4.953004865170282,0.7687484654579273,-2.284314762706331,-4.953004865170282,0.4915991847684368,-6.167776919733759,-0.3597918039062371
6168168168.168168,0.4926287950960959,-6.149604128223066,-0.21817470004938652,0.7669780925853139,-2.304340815027918,-4.9714348440977725,0.7669780925853139,-2.304340815027918,-4.9714348440977725,0.4955478374092161,-6.098288296024466,-0.37389777161449184
6174174174.174174,0.4965376609481153,-6.080956118733187,-0.2338499714776177,0.7653027175738394,-2.323334889944934,-4.989665190794581,0.7653027175738394,-2.323334889944934,-4.989665190794581,0.49923717898623976,-6.033861590418129,-0.3879997823080616
6180180180.18018,0.5001839265331548,-6.017405369667951,-0.24941618128417445,0.7637231388582787,-2.3412810237150614,-5.00770553218742,0.7637231388582787,-2.3412810237150614,-5.00770553218742,0.5026751010582311,-5.9742525218487685,-0.4020930351210945
6186186186.186186,0.5035759806845954,-5.958699856625539,-0.2648757881272949,0.762239913861509,-2.3581662722334946,-5.025565204383666,0.762239913861509,-2.3581662722334946,-5.025565204383666,0.5058691668732062,-5.919235807555227,-0.4161737438919241
6192192192.192192,0.5067218123919588,-5.90460801256534,-0.2802315639496464,0.7608533836964605,-2.3739804726368194,-5.043253256776827,0.7608533836964605,-2.3739804726368194,-5.043253256776827,0.5088266122667198,-5.868603652446599,-0.43023899586044934
6198198198.198198,0.5096290216023939,-5.854916968128608,-0.2954865301073326,0.7595636956217449,-2.3887160226692465,-5.060778457035326,0.7595636956217449,-2.3887160226692465,-5.060778457035326,0.5115543487437236,-5.82216438055686,-0.4442866299957877
6204204204.204205,0.5123048308141263,-5.809430977884987,-0.3106439031864655,0.7583708234087477,-2.4023676768050484,-5.078149296801152,0.7583708234087477,-2.4023676768050484,-5.078149296801152,0.5140589683088823,-5.779741194326226,-0.45831513203423346
6210210210.210211,0.5147560972334104,-5.767970010113439,-0.3257070490046435,0.757274585772898,-2.4149323581280013,-5.095373997947389,0.757274585772898,-2.4149323581280013,-5.095373997947389,0.5163467496810308,-5.741171048954481,-0.4723235437764315
6216216216.216216,0.5169893253046276,-5.730368480835159,-0.34067944354042645,0.7562746630156076,-2.426408984986276,-5.112460519263429,0.7562746630156076,-2.426408984986276,-5.112460519263429,0.5184236655868119,-5.706303630435498,-0.4863113845792775
6222222222.222222,0.519010679455665,-5.696474115441347,-0.35556463973610825,0.7553706120162763,-2.4367983114681997,-5.129416563454283,0.7553706120162763,-2.4367983114681997,-5.129416563454283,0.5202953908792817,-5.6750004270940915,-0.5002785832986181
6228228228.228228,0.5208259969286004,-5.666146923480247,-0.3703662392857579,0.7545618797061895,-2.4461027807771085,-5.1462495843562,0.7545618797061895,-2.4461027807771085,-5.1462495843562,0.5219673112697657,-5.647133885536676,-0.5142254192054257
6234234234.234234,0.522440800589779,-5.639258274052046,-0.3850878686587635,0.7538478151482618,-2.4543263906214046,-5.162966794284754,0.7538478151482618,-2.4543263906214046,-5.162966794284754,0.5234445324976141,-5.622586642892457,-0.528152470620462
6240240240.24024,0.5238603116335889,-5.615690060872706,-0.39973315872378695,0.7532276803386693,-2.461474569776303,-5.1795751714436085,0.7532276803386693,-2.461474569776303,-5.1795751714436085,0.5247318897929985,-5.601250828086714,-0.5420605701985468
6246246246.246246,0.5250894621117185,-5.595333947443171,-0.4143057274339085,0.7527006598385394,-2.467554065016387,-5.196081467333165,0.7527006598385394,-2.467554065016387,-5.196081467333165,0.5258339575139123,-5.583027425653826,-0.5559507659498617
6252252252.252253,0.526132907234394,-5.578090683943893,-0.4288091651141002,0.7522658693362128,-2.4725728376611573,-5.21249221410763,0.7522658693362128,-2.4725728376611573,-5.21249221410763,0.5267550588604853,-5.567825696280737,-0.5698242872172212
6258258258.258259,0.5269950374026321,-5.563869488492916,-0.4432470219591889,0.7519223632331741,-2.476539969019134,-5.228813731837307,0.7519223632331741,-2.476539969019134,-5.228813731837307,0.5274992755881996,-5.555562648880789,-0.5836825149393363
6264264264.264264,0.5276799899410413,-5.552587486287245,-0.45762279740741674,0.7516691413396869,-2.4794655740586364,-5.245052135640142,0.7516691413396869,-2.4794655740586364,-5.245052135640142,0.5280704576573516,-5.54616255953783,-0.5975269556241355
6270270270.27027,0.5281916605095938,-5.544169200910445,-0.4719399311024317,0.7515051547594452,-2.481360722675067,-5.2612133426528676,0.7515051547594452,-2.481360722675067,-5.2612133426528676,0.5284722327692398,-5.539556533144349,-0.6113592185359348
6276276276.276276,0.5285337141803023,-5.538546092751986,-0.48620179519692197,0.7514293110362447,-2.4822373679646814,-5.277303078817353,0.7514293110362447,-2.4822373679646814,-5.277303078817353,0.5287080157507283,-5.535682103987037,-0.6251809956681512
6282282282.282282,0.5287095961707786,-5.53565614006515,-0.5004116877854549,0.7514404786297397,-2.4821082809535646,-5.293326885462705,0.7514404786297397,-2.4821082809535646,-5.293326885462705,0.5287810177581341,-5.534482871918243,-0.6389940441310537
6288288288.288288,0.5287225422319594,-5.53544345869377,-0.5145728272831681,0.7515374907818627,-2.4809869912670743,-5.309290125667496,0.7515374907818627,-2.4809869912670743,-5.309290125667496,0.5286942552792333,-5.535908171095185,-0.6528001706334318
6294294294.294294,0.5285755886913809,-5.53785795694412,-0.528688347591624,0.7517191488303365,-2.478887733260142,-5.325197990390102,0.7517191488303365,-2.478887733260142,-5.325197990390102,0.5284505589187033,-5.539912768576681,-0.666601217779403
6300300300.300301,0.5282715821569548,-5.542855022466825,-0.5427612939142534,0.7519842250210005,-2.4758253971615822,-5.341055504358112,0.7519842250210005,-2.4758253971615822,-5.341055504358112,0.5280525819577735,-5.546456590342821,-0.6803990519377611
6306306306.306307,0.5278131888889233,-5.550395238358872,-0.5567946191016174,0.752331464866316,-2.471815484816464,-5.356867531710238,0.752331464866316,-2.471815484816464,-5.356867531710238,0.5275028086833151,-5.55550447255164,-0.6941955524724133
6312312312.312313,0.5272029038499411,-5.560444125999728,-0.5707911804221291,0.7527595890934204,-2.4668740696395917,-5.372638781386437,0.7527595890934204,-2.4668740696395917,-5.372638781386437,0.5268035624853882,-5.567025936068607,-0.7079926021492472
6318318318.318318,0.5264430594450198,-5.57297191240484,-0.5847537366666924,0.753267295221454,-2.4610177604200763,-5.388373812263701,0.753267295221454,-2.4610177604200763,-5.388373812263701,0.5259570137252152,-5.580994982507308,-0.7217920785577462
6324324324.324325,0.5255358339644248,-5.587953320119782,-0.5986849455068721,0.7538532588045456,-2.4542636686421937,-5.4040770380366006,0.7538532588045456,-2.4542636686421937,-5.4040770380366006,0.5249651873780744,-5.597389910200531,-0.7355958464056357
6330330330.33033,0.5244832597436005,-5.60536737789283,-0.6125873610355796,0.754516134373832,-2.4466293790109015,-5.419752731842911,0.754516134373832,-2.4466293790109015,-5.419752731842911,0.5238299704575693,-5.616193148685916,-0.749405750561939
6336336336.336336,0.5232872310549993,-5.625197250553983,-0.6264634314271919,0.7552545561091273,-2.438132922892126,-5.435405030635854,0.7552545561091273,-2.438132922892126,-5.435405030635854,0.5225531192292814,-5.637391110440336,-0.7632236097386248
6342342342.342342,0.5219495117471492,-5.647430086700721,-0.6403154966606839,0.7560671382683977,-2.4287927543976835,-5.451037939305268,0.7560671382683977,-2.4287927543976835,-5.451037939305268,0.5211362662230451,-5.66097405873344,-0.7770512107138328
6348348348.348349,0.5204717426466084,-5.672056882945173,-0.6541457862550522,0.7569524754009471,-2.4186277288633167,-5.466655334550909,0.7569524754009471,-2.4186277288633167,-5.466655334550909,0.5195809270539993,-5.686935990595763,-0.7908903030106941
6354354354.354355,0.5188554487385083,-5.6990723636182326,-0.6679564169709714,0.7579091423682335,-2.4076570834849873,-5.482260968511679,0.7579091423682335,-2.4076570834849873,-5.482260968511679,0.5178885070632189,-5.715274534011996,-0.8047425939553758
6360360360.360361,0.5171020461414981,-5.728474874951035,-0.6817493904362479,0.7589356941944241,-2.3959004198943323,-5.497858472155034,0.7589356941944241,-2.3959004198943323,-5.497858472155034,0.5160603077892142,-5.745990858555502,-0.8186097440459741
6366366366.366366,0.515212848892591,-5.760266292872965,-0.6955265906561213,0.7600306657672057,-2.3833776884683857,-5.5134513584314195,0.7600306657672057,-2.3833776884683857,-5.5134513584314195,0.5140975332818102,-5.779089598779468,-0.8324933625713474
6372372372.372373,0.5131890755573105,-5.794451943669216,-0.709289781371476,0.7611925714079498,-2.3701091741816387,-5.529043025198779,0.7611925714079498,-2.3701091741816387,-5.529043025198779,0.512001296270075,-5.814578789771355,-0.8463950034245601
6378378378.378378,0.5110318556801478,-5.831040536840182,-0.7230406032299687,0.76241990432905,-2.356115483820794,-5.544636757922541,0.76241990432905,-2.356115483820794,-5.544636757922541,0.5097726241959012,-5.852469814364757,-0.8603161610612307
6384384384.384384,0.5087422360898769,-5.870044109596996,-0.7367805707365047,0.7637111359951771,-2.341417534393078,-5.5602357321568245,0.7637111359951771,-2.341417534393078,-5.5602357321568245,0.5074124651247527,-5.892777361584099,-0.8742582665571873
6390390390.39039,0.5063211870739641,-5.91147798251046,-0.7505110689498009,0.7650647154041785,-2.3260365425695433,-5.575843015812628,0.7650647154041785,-2.3260365425695433,-5.575843015812628,0.5049216935448,-5.935519395977159,-0.8882226837236468
6396396396.396397,0.5037696084356351,-5.955360725913548,-0.7642333498924035,0.7664790683025443,-2.309994015013433,-5.591461571219173,0.7664790683025443,-2.309994015013433,-5.591461571219173,0.5023011160654319,-5.980717137564735,-0.9022107052411429
6402402402.402403,0.501088335446716,-6.001714136732472,-0.777948528640964,0.7679525963495852,-2.2933117394525375,-5.607094256984525,0.7679525963495852,-2.2933117394525375,-5.607094256984525,0.4995514770256135,-6.028395052212798,-0.9162235487759289
6408408408.408409,0.49827814470872617,-6.05056322549545,-0.7916575790628887,0.7694836762438596,-2.276011776361843,-5.622743829661931,0.7694836762438596,-2.276011776361843,-5.622743829661931,0.4966734640222267,-6.0785808523030465,-0.9302623530445683
6414414414.414414,0.495339759934077,-6.101936213339481,-0.805361329164323,0.7710706588248278,-2.2581164511299443,-5.638412945228359,0.7710706588248278,-2.2581164511299443,-5.638412945228359,0.4936677133679173,-6.131305507651911,-0.9443281737936909
6420420420.420421,0.49227385765861154,-6.155864538904766,-0.8190604560125239,0.7727118681622437,-2.2396483465892656,-5.654104160381889,0.7727118681622437,-2.2396483465892656,-5.654104160381889,0.49053481548743855,-6.186603266700312,-0.9584219796631824
6426426426.426426,0.48908107289600006,-6.212382875076152,-0.8327554801935111,0.7744056006454072,-2.2206302957959436,-5.669819933664747,0.7744056006454072,-2.2206302957959436,-5.669819933664747,0.4872753202608419,-6.244511688071156,-0.9725446479011808
6432432432.432432,0.4857620047438485,-6.271529155599636,-0.8464467597630202,0.7761501240840617,-2.2010853749509125,-5.685562626418916,0.7761501240840617,-2.2010853749509125,-5.685562626418916,0.4838897423212326,-6.305071682667501,-0.9866969598997107
6438438438.438438,0.48231722195067417,-6.333344611671759,-0.8601344836453485,0.7779436768324364,-2.1810368963588687,-5.701334503581433,0.7779436768324364,-2.1810368963588687,-5.701334503581433,0.4803785663140428,-6.368327566565001,-1.000879596518988
6444444444.444445,0.47874726845212767,-6.397873818672256,-0.8738186644305468,0.7797844669477072,-2.1605084013265423,-5.717137734326609,0.7797844669477072,-2.1605084013265423,-5.717137734326609,0.47674225212407695,-6.434327125035132,-1.0150931331679318
6450450450.450451,0.475052668884174,-6.4651647532831555,-0.8874991305156563,0.7816706713939287,-2.139523652906488,-5.732974392562602,0.7816706713939287,-2.139523652906488,-5.732974392562602,0.4729812400757932,-6.503121688124792,-1.0293380346066607
6456456456.456457,0.4712339340801828,-6.535268861315045,-0.9011755175300312,0.783600435302342,-2.118106628396648,-5.748846457289997,0.783600435302342,-2.118106628396648,-5.748846457289997,0.46909595611147425,-6.574766218312943,-1.0436146494351493
6462462462.462462,0.4672915665581167,-6.608241136642924,-0.914847258978031,0.7855718712987754,-2.0962815115105236,-5.764755812830186,0.7855718712987754,-2.0962815115105236,-5.764755812830186,0.46508681695105897,-6.6493194108684515,-1.057923204229574
6468468468.468469,0.4632260660033196,-6.684140211739329,-0.9285135760251498,0.787583058908735,-2.0740726841365684,-5.780704248931622,0.787583058908735,-2.0740726841365684,-5.780704248931622,0.46095423523661666,-6.726843807643517,-1.0722637972847435
6474474474.474474,0.459037934751644,-6.76302846038531,-0.9421734663443656,0.7896320440506331,-2.051504717609574,-5.796693460762214,0.7896320440506331,-2.051504717609574,-5.796693460762214,0.4566986246634731,-6.807405925160788,-1.0866363919173125
6480480480.48048,0.45472768327698193,-6.844972113238359,-0.9558256919296854,0.791716838627456,-2.0286023634207635,-5.8127250487964375,0.791716838627456,-2.0286023634207635,-5.8127250487964375,0.45232040509913407,-6.8910763979860645,-1.1010408092796857
6486486486.486486,0.45029583568653225,-6.9300413870448105,-0.9694687657719177,0.7938354202270144,-2.0053905432974055,-5.828800518605895,0.7938354202270144,-2.0053905432974055,-5.828800518605895,0.447820007690192,-6.9779301385281345,-1.1154767206291167
6492492492.492493,0.44574293522658315,-7.018310628399336,-0.9831009372782306,0.7959857319407463,-1.9818943385867591,-5.844921280562453,0.7959857319407463,-1.9818943385867591,-5.844921280562453,0.44319787995649135,-7.068046514572648,-1.1299436389898654
6498498498.498499,0.4410695498008906,-7.109858473083933,-0.9967201763011672,0.7981656823108492,-1.9581389788832797,-5.861088649463281,0.7981656823108492,-1.9581389788832797,-5.861088649463281,0.4384544908708207,-7.161509546043585,-1.1444409101385027
6504504504.504505,0.43627627750326975,-7.204768022157802,-1.0103241556250737,0.8003731454152553,-1.9341498298425794,-5.877303844087412,0.8003731454152553,-1.9341498298425794,-5.877303844087412,0.43359033592155904,-7.258408122691927,-1.158967702833253
6510510510.51051,0.4313637521655391,-7.3031270361245015,-1.0239102317363455,0.802605961099724,-1.9099523801297666,-5.893567986693823,0.802605961099724,-1.9099523801297666,-5.893567986693823,0.4286059421546197,-7.35883624464848,-1.1735229981975646
6516516516.516517,0.4263326489215984,-7.405028148673731,-1.0374754236800547,0.8048619353659773,-1.885572227454717,-5.909882102471199,0.8048619353659773,-1.885572227454717,-5.909882102471199,0.42350187319025107,-7.462893288040199,-1.1881055781552505
6522522522.522522,0.42118368978823667,-7.510569101683427,-1.051016389776869,0.8071388409244274,-1.8610350636517343,-5.92624711894993,0.8071388409244274,-1.8610350636517343,-5.92624711894993,0.41827873420925776,-7.57068429817193,-1.2027140127996685
6528528528.528528,0.4159176492630713,-7.619853003380364,-1.0645294019416571,0.8094344179196366,-1.8363666587659626,-5.94266386538716,0.8094344179196366,-1.8363666587659626,-5.94266386538716,0.41293717690242476,-7.682320313116154,-1.2173466465617615
6534534534.534534,0.4105353599403367,-7.732988611786954,-1.0780103173064828,0.8117463748361159,-1.811592844114645,-5.959133072135957,0.8117463748361159,-1.811592844114645,-5.959133072135957,0.4074779043760592,-7.797918720944894,-1.2320015830210358
6540540540.540541,0.4050377181453518,-7.85009064584687,-1.0914545468063035,0.8140723895915238,-1.7867394942968253,-5.975655370009947,0.8140723895915238,-1.7867394942968253,-5.975655370009947,0.40190167600589594,-7.917603654283486,-1.246676668179081
6546546546.546547,0.3994256895893,-7.9712801269085265,-1.1048570203331751,0.816410110823675,-1.7618325081311301,-5.992231289655001,0.816410110823675,-1.7618325081311301,-5.992231289655001,0.3962093122309229,-8.041506426379671,-1.2613694719862252
6552552552.552553,0.39370031504672726,-8.096684753573086,-1.1182121480034748,0.8187571593770484,-1.736897788507592,-6.008861260939802,0.8187571593770484,-1.736897788507592,-6.008861260939802,0.3904016992781662,-8.16976601347143,-1.2760772678776655
6558558558.558558,0.3878627160597004,-8.226439313271474,-1.1315137770104982,0.82111112999369,-1.7119612211460118,-6.025545612377223,0.82111112999369,-1.7119612211460118,-6.025545612377223,0.38447979380911446,-8.302529588917725,-1.2907970100345787
6564564564.564565,0.38191410067419657,-8.36068613434334,-1.1447551434498657,0.8234695932125036,-1.6870486522604211,-6.042284570588716,0.8234695932125036,-1.6870486522604211,-6.042284570588716,0.37844462747815777,-8.43995311534697,-1.3055253080373979
6570570570.57057,0.3758557692168106,-8.499575582839766,-1.157928818404808,0.8258300974799926,-1.6621858651360721,-6.059078259823912,0.8258300974799926,-1.6621858651360721,-6.059078259823912,0.37229731139346356,-8.58220200199256,-1.3202583985203225
6576576576.576576,0.36968912012291355,-8.643266608776473,-1.1710266474595978,0.8281901714744225,-1.6373985556332458,-6.075926701547765,0.8281901714744225,-1.6373985556332458,-6.075926701547765,0.36603904047085317,-8.72945183545354,-1.334992113367091
6582582582.582582,0.3634156558313073,-8.791927347126025,-1.1840396826680641,0.8305473266442854,-1.612712306639485,-6.092829814107552,0.8305473266442854,-1.612712306639485,-6.092829814107552,0.35967109767179983,-8.881889193363865,-1.3497218439045435
6588588588.588589,0.3570369887653307,-8.945735779462762,-1.1969581058364012,0.8328990599607077,-1.5881525615000798,-6.109787412492021,0.8328990599607077,-1.5881525615000798,-6.109787412492021,0.3531948581174374,-9.039712551916468,-1.3644425004504965
6594594594.594595,0.3505548474265234,-9.104880462866959,-1.2097711417782713,0.8352428568821694,-1.56374459646463,-6.126799208194802,0.8352428568821694,-1.56374459646463,-6.126799208194802,0.34661179307177165,-9.203133299905122,-1.3791484664509472
6600600600.600601,0.3439710826345,-9.269561333461887,-1.2224669599600617,0.837576194528556,-1.5395134921957123,-6.143864809194155,0.837576194528556,-1.5395134921957123,-6.143864809194155,0.3399234737889779,-9.372376873974765,-1.393833546294528
6606606606.6066065,0.33728767395610276,-9.439990592798308,-1.2350325626645862,0.8398965450601243,-1.51548410439425,-6.160983720060666,0.8398965450601243,-1.51548410439425,-6.160983720060666,0.3331315752220576,-9.547684032168256,-1.4084909057126338
6612612612.612613,0.33050673637845396,-9.616393686218807,-1.2474536574533401,0.8422013792555173,-1.4916810336043216,-6.178155342204441,0.8422013792555173,-1.4916810336043216,-6.178155342204441,0.3262378795930867,-9.729312285709,-1.4231130034540218
6618618618.618618,0.32363052729468234,-9.799010383326435,-1.2597145112849764,0.8444881702814144,-1.4681285942688769,-6.19537897427268,0.8444881702814144,-1.4681285942688769,-6.19537897427268,0.31924427982927894,-9.917537512353475,-1.4376915126528014
6624624624.624624,0.31666145388873296,-9.988095971731589,-1.271797783136012,0.8467543976448825,-1.4448507831157986,-6.2126538127082425,0.8467543976448825,-1.4448507831157986,-6.2126538127082425,0.3121527828740087,-10.112655778713522,-1.4522172299750689
6630630630.6306305,0.3096020810271779,-10.183922576347332,-1.2836843313451716,0.8489975513178897,-1.4218712469622197,-6.2299789524790805,0.8489975513178897,-1.4218712469622197,-6.2299789524790805,0.3049655128882865,-10.314985403828414,-1.4666799702157396
6636636636.636637,0.302455139792679,-10.386780617602298,-1.2953529911396422,0.8512151360218719,-1.3992132500328716,-6.24735338798785,0.8512151360218719,-1.3992132500328716,-6.24735338798785,0.2976847143660513,-10.52486930215524,-1.4810684435005044
6642642642.642643,0.29522353682674024,-10.59698042299004,-1.3067803168647627,0.8534046756586753,-1.3768996408957652,-6.264776014170275,0.8534046756586753,-1.3768996408957652,-6.264776014170275,0.2903127551966614,-10.7426776512734,-1.495370111600322
6648648648.648649,0.2879103646905911,-10.814854007272947,-1.3179402822836372,0.8555637178726119,-1.3549528191261364,-6.282245627789849,0.8555637178726119,-1.3549528191261364,-6.282245627789849,0.28285212972054496,-10.968810938266484,-1.5095710190482958
6654654654.6546545,0.2805189135040521,-11.040757037280912,-1.3288039308859403,0.8576898387268908,-1.3333947018160133,-6.299760928935815,0.8576898387268908,-1.3333947018160133,-6.299760928935815,0.27530546183986465,-11.203703449330318,-1.523655593711851
6660660660.660661,0.27305268418658096,-11.275070997350607,-1.3393389663710995,0.8597806474761984,-1.3122466900533358,-6.317320522730107,0.8597806474761984,-1.3122466900533358,-6.317320522730107,0.2676755082662594,-11.44782728013995,-1.537606410147986
6666666666.666666,0.2655154037053267,-11.518205570733489,-1.3495092712616785,0.8618337914158256,-1.2915296355001886,-6.334922921247961,0.8618337914158256,-1.2915296355001886,-6.334922921247961,0.2599651620135864,-11.701696960506592,-1.5514039073661272
6672672672.672672,0.25791104283711486,-11.770601250257801,-1.3592743388365294,0.8638469607864616,-1.271263807204517,-6.35256654565584,0.8638469607864616,-1.271263807204517,-6.35256654565584,0.2521774562766706,-11.96587480666657,-1.565026050417361
6678678678.6786785,0.25024383708114384,-12.032732187431186,-1.3685886001000012,0.8658178937125832,-1.251468858784047,-6.370249728568917,0.8658178937125832,-1.251468858784047,-6.370249728568917,0.24431556888029657,-12.240977139175406,-1.5784479223511205
6684684684.684685,0.24251831152513836,-12.305109281928619,-1.3774006231247842,0.8677443811513216,-1.2321637961244098,-6.387970716629237,0.8677443811513216,-1.2321637961244098,-6.387970716629237,0.23638282753876177,-12.527681535176598,-1.5916412292979185
6690690690.690691,0.2347393106810843,-12.58828350140037,-1.385652156569378,0.869624271827796,-1.2133669457358107,-6.405727673304291,0.869624271827796,-1.2133669457358107,-6.405727673304291,0.22838271624074286,-12.826735322472732,-1.6045736964212889
6696696696.696697,0.22691203458283893,-12.882849402326146,-1.39327698214738,0.8714554771321626,-1.1950959239140277,-6.423518681904379,0.8714554771321626,-1.1950959239140277,-6.423518681904379,0.22031888317313547,-13.138965571606306,-1.6172083257753678
6702702702.702703,0.21904208279708076,-13.189448792622215,-1.4001995318972043,0.8732359759530559,-1.1773676068520231,-6.441341748815697,0.8732359759530559,-1.1773676068520231,-6.441341748815697,0.21219515073102208,-13.465290903964288,-1.6295024780516258
6708708708.708709,0.21113550846940704,-13.508774430436208,-1.4063332147303722,0.8749638194217559,-1.1601981018475223,-6.4591948069447565,0.8749638194217559,-1.1601981018475223,-6.4591948069447565,0.20401552834255782,-13.806735512577177,-1.6414067278570523
6714714714.714715,0.20319888514652654,-13.8415735828844,-1.411578382254853,0.8766371355412262,-1.143602719750357,-6.477075719368227,0.8766371355412262,-1.143602719750357,-6.477075719368227,0.195784229088249,-14.164445892721112,-1.6528634251656154
6720720720.72072,0.19523938993562867,-14.188651161060585,-1.4158198454475306,0.878254133674238,-1.1275959487902028,-6.494982283180902,0.878254133674238,-1.1275959487902028,-6.494982283180902,0.1875056914438105,-14.539710908044999,-1.6638048719037117
6726726726.726727,0.18726490765339082,-14.550871984837189,-1.4189238304128928,0.8798131088650537,-1.1121914299213733,-6.512912233533159,0.8798131088650537,-1.1121914299213733,-6.512912233533159,0.17918460797061,-14.933985982822652,-1.6741509892495348
6732732732.732733,0.1792841620771123,-14.929161484419557,-1.4207342321338907,0.8813124459696382,-1.097401933816112,-6.5308632478477575,0.8813124459696382,-1.097401933816112,-6.5308632478477575,0.1708259634876273,-15.348922422065419,-1.6838063035760638
6738738738.738739,0.17130688236979502,-15.324503772192237,-1.4210679887811783,0.8827506235700893,-1.083239339631416,-6.548832950204669,0.8827506235700893,-1.083239339631416,-6.548832950204669,0.16243508629235984,-15.786403130302224,-1.692656010026706
6744744744.744745,0.16334401538709872,-15.737935452356309,-1.4197093552320252,0.8841262176499306,-1.069714615666947,-6.566818915881278,0.8841262176499306,-1.069714615666947,-6.566818915881278,0.1540177175273789,-16.248586338883907,-1.7005607715318545
6750750750.7507515,0.15540799811983355,-16.17053267724979,-1.4164028036886647,0.8854379050080539,-1.0568378020233136,-6.5848186760340655,0.8854379050080539,-1.0568378020233136,-6.5848186760340655,0.1455801060907244,-16.737959369322525,-1.7073497602989212
6756756756.756757,0.14751310927819644,-16.62338765687598,-1.4108442254661644,0.886684466390508,-1.0446179953602073,-6.602829722506906,0.886684466390508,-1.0446179953602073,-6.602829722506906,0.13712914001564275,-17.257404951873227,-1.7128112204771613
6762762762.762763,0.13967592533609485,-17.097568856198095,-1.4026700615101035,0.8878647893208808,-1.033063335843841,-6.620849512749997,0.8878647893208808,-1.033063335843841,-6.620849512749997,0.12867253075957555,-17.8102831431615,-1.7166794789858688
6768768768.768768,0.1319159145846884,-17.594056143753516,-1.391443973853586,0.8889778706118139,-1.0221809963616584,-6.638875474832553,0.8889778706118139,-1.0221809963616584,-6.638875474832553,0.12021907564713344,-18.400532312058175,-1.7186167800195775
6774774774.774775,0.12425621310840497,-18.113637725738332,-1.376640736513622,0.8900228185421234,-1.0119771740704735,-6.656905012531712,0.8900228185421234,-1.0119771740704735,-6.656905012531712,0.1117790380948003,-19.032792639780304,-1.7181874381186486
6780780780.780781,0.11672463878674587,-18.656749227046287,-1.3576272737337065,0.8909988546860887,-1.0024570843316714,-6.674935510479272,0.8909988546860887,-1.0024570843316714,-6.674935510479272,0.1033647093212019,-19.712554246728246,-1.714820372653203
6786786786.786787,0.10935501174462381,-19.223226168730292,-1.3336414015562659,0.8919053153837228,-0.9936249570738375,-6.6929643393476175,0.8919053153837228,-0.9936249570738375,-6.6929643393476175,0.09499125660506526,-20.44632734325955,-1.707753717855158
6792792792.792793,0.10218885718637431,-19.811929153752313,-1.3037701954449328,0.8927416528431487,-0.9854840356099671,-6.710988861055502,0.8927416528431487,-0.9854840356099671,-6.710988861055502,0.08667803614404451,-21.241818740183895,-1.6959512305474764
6798798798.7987995,0.09527755737380499,-20.42018770738967,-1.2669326334898072,0.8935074358686612,-0.9780365779224156,-6.729006433974429,0.8935074358686612,-0.9780365779224156,-6.729006433974429,0.07845068092378998,-22.108065650805084,-1.6779735188598546
6804804804.804805,0.08868496811274476,-21.042999715861278,-1.2218762114585255,0.894202350210507,-0.9712838604151377,-6.747014418116089,0.894202350210507,-0.9712838604151377,-6.747014418116089,0.07034452009131696,-23.05539457774691,-1.6517759591316055
6810810810.810811,0.08249037214379985,-21.67193474265538,-1.1672057510779057,0.8948261985349562,-0.965226184118704,-6.765010180281466,0.8948261985349562,-0.965226184118704,-6.765010180281466,0.0624103521569093,-24.09486733720754,-1.614387657994682
6816816816.816816,0.07679132502505075,-22.293756772949585,-1.1014750551318504,0.8953789000157454,-0.9598628833199874,-6.782991099152398,0.8953789000157454,-0.9598628833199874,-6.782991099152398,0.05472447535161334,-25.236367867193845,-1.561403626541297
6822822822.822823,0.07170535650067911,-22.888968013060726,-1.0233851781914074,0.8958604895504724,-0.9551923365749333,-6.800954570306789,0.8958604895504724,-0.9551923365749333,-6.800954570306789,0.04740645964845713,-26.483249538442863,-1.486219236646379
6828828828.828829,0.06736859429370293,-23.430850289953163,-0.9321338261048143,0.8962711166079742,-0.9512119800497497,-6.818898011139103,0.8962711166079742,-0.9512119800497497,-6.818898011139103,0.04065040154540421,-27.818703201599014,-1.379074239219649
6834834834.834835,0.06392848967839986,-23.886111114540274,-0.8279194297721753,0.896611043715095,-0.9479183231233119,-6.836818865668455,0.896611043715095,-0.9479183231233119,-6.836818865668455,0.0347754022258625,-29.17455676175077,-1.2267216516991222
6840840840.840841,0.061527991755912,-24.21854519687722,-0.7124861747756086,0.8968806445935146,-0.9453069661717508,-6.854714609217375,0.8968806445935146,-0.9453069661717508,-6.854714609217375,0.030282529037830228,-30.376157153248528,-1.0160166444756364
6846846846.846848,0.06028141087566953,-24.396331833071343,-0.5894235282057249,0.8970804019594723,-0.9433726204448982,-6.8725827529451395,0.8970804019594723,-0.9433726204448982,-6.8725827529451395,0.027826879276700023,-31.110709922117966,-0.74787994240441
6852852852.852853,0.06024823721114587,-24.401113109724722,-0.46386704691833464,0.8972109050012212,-0.9421091299340041,-6.890420848220601,0.8972109050012212,-0.9421091299340041,-6.890420848220601,0.02792400117876877,-31.08044704665142,-0.4560299135765737
6858858858.858859,0.06141644155218279,-24.23430700078335,-0.3415067682627704,0.8972728465508891,-0.9415094951207335,-6.908226490820564,0.8972728465508891,-0.9415094951207335,-6.908226490820564,0.030521018136589226,-30.308019660917616,-0.19341518114509168
6864864864.864864,0.06370456771557734,-23.91658853930553,-0.22731142963638526,0.897267019969099,-0.9415658984889069,-6.925997324940785,0.897267019969099,-0.9415658984889069,-6.925997324940785,0.03503848859877899,-29.109092711818256,0.010294016348961725
6870870870.870871,0.0669815510146529,-23.48089600444911,-0.12461888212367607,0.8971943157621665,-0.9422697316731722,-6.943731047008107,0.8971943157621665,-0.9422697316731722,-6.943731047008107,0.04081686078747072,-27.783207995879998,0.1568845743030801
6876876876.876877,0.07109375722178422,-22.963370664212963,-0.03493442589809817,0.8970557179529711,-0.9436116241123771,-6.961425409283299,0.8970557179529711,-0.9436116241123771,-6.961425409283299,0.04737135460258292,-26.489683925446958,0.25997240235838154
6882882882.882883,0.07588816427913696,-22.39651905101742,0.04171394253003661,0.8968523002276558,-0.9455814730702736,-6.97907822324576,0.8968523002276558,-0.9455814730702736,-6.97907822324576,0.05439778925742573,-25.28837499604019,0.33246151831596465
6888888888.888889,0.0812265761562254,-21.806037053199773,0.10622300982227462,0.8965852218811593,-0.9481684748820868,-6.996687362752395,0.8965852218811593,-0.9481684748820868,-6.996687362752395,0.061712004966720864,-24.19260687050072,0.3837053806346523
6894894894.894896,0.086991461877974,-21.21046741687978,0.15992829780206708,0.896255723585216,-0.951361157282558,-7.014250766964462,0.896255723585216,-0.951361157282558,-7.014250766964462,0.06920073780486935,-23.197785503097407,0.42000806873915353
6900900900.900901,0.09308635168000627,-20.62227981207588,0.20427719655521143,0.8958651230028787,-0.9551474126692162,-7.031766443037597,0.8958651230028787,-0.9551474126692162,-7.031766443037597,0.07679187306752408,-22.293694783923446,0.44557566969881035
6906906906.906907,0.09943356574424546,-20.04933972517572,0.24064820433037948,0.8954148102738155,-0.9595145321539973,-7.049232468571541,0.8954148102738155,-0.9595145321539973,-7.049232468571541,0.084437631179058,-21.469279178603145,0.46325042927995397
6912912912.912912,0.10597107360781452,-19.496253314878697,0.27027023168035447,0.8949062433946418,-0.9644492402565953,-7.0666469938174385,0.8949062433946418,-0.9644492402565953,-7.0666469938174385,0.0921050791179519,-20.71432840104061,0.4749931187689227
6918918918.918919,0.11264940410453374,-18.9654220255047,0.2941997121408478,0.8943409435183471,-0.9699377300943293,-7.084008243642005,0.8943409435183471,-0.9699377300943293,-7.084008243642005,0.09977065679350526,-20.01994337594908,0.4821873890718879
6924924924.924925,0.11942897397454903,-18.457805974892008,0.3133267514841571,0.893720490196495,-0.9759656989256703,-7.101314519248996,0.893720490196495,-0.9759656989256703,-7.101314519248996,0.1074169243250052,-19.378545739229274,0.4858315147925542
6930930930.930931,0.126277919588608,-17.97345163325719,0.32839350400052514,0.8930465165873218,-0.9825183839077224,-7.118564199659731,0.8930465165873218,-0.9825183839077224,-7.118564199659731,0.11503056802468864,-18.783734712861467,0.48666081407108747
6936936936.936937,0.133170394052484,-17.511846303429945,0.3400159522947644,0.8923207046521391,-0.9895805979321464,-7.135755742955588,0.8923207046521391,-0.9895805979321464,-7.135755742955588,0.12260114078079525,-18.230109775389682,0.4852273029065616
6942942942.942944,0.14008525211542514,-17.07215167858535,0.3487049272218154,0.8915447803615937,-0.9971367654087053,-7.152887687286418,0.8915447803615937,-0.9971367654087053,-7.152887687286418,0.13012024379278897,-17.713102633938973,0.48195260320368977
6948948948.948949,0.14700504210500984,-16.653355383835198,0.354884695869256,0.8907205089323492,-1.0051709578711763,-7.169958651649875,0.8907205089323492,-1.0051709578711763,-7.169958651649875,0.13758098116669343,-17.22883195358511,0.4771638141297883
6954954954.954955,0.15391523454907388,-16.254367830381973,0.35890868110232366,0.8898496901136513,-1.0136669292864786,-7.18696733644766,0.8898496901136513,-1.0136669292864786,-7.18696733644766,0.144977587713646,-16.77398261524695,0.47111831511867974
6960960960.96096,0.16080363082497043,-15.87408298868577,0.3610724356322719,0.8889341535420496,-1.0226081509544498,-7.203912523825391,0.8889341535420496,-1.0226081509544498,-7.203912523825391,0.15230516939152805,-16.345707120394636,0.4640212348756877
6966966966.966967,0.16765990795410424,-15.51141553212956,0.3616242089957517,0.8879757541812856,-1.0319778458926618,-7.220793077803724,0.8879757541812856,-1.0319778458926618,-7.220793077803724,0.15955951864423754,-15.941545650611573,0.45603796766381816
6972972972.972973,0.17447526624551127,-15.165322605549733,0.3607734964107519,0.8869763678630028,-1.0417590226082534,-7.237607944208925,0.8869763678630028,-1.0417590226082534,-7.237607944208925,0.16673698055468397,-15.559361348408876,0.4473032843731891
6978978978.978979,0.18124215477906325,-14.834815663128502,0.35869793665249394,0.885937886942597,-1.0519345081660416,-7.254356150411733,0.885937886942597,-1.0519345081660416,-7.254356150411733,0.1738343541091863,-15.197287834422955,0.4379280626374941
6984984984.984985,0.1879540560182905,-14.518965956879894,0.35554887757251297,0.8848622160830774,-1.062486980470394,-7.2710368048838445,0.8848622160830774,-1.062486980470394,-7.2710368048838445,0.1808488181306898,-14.85368650122079,0.42800432586550125
6990990990.990992,0.19460531555780974,-14.21690602689325,0.3514558740711719,0.8837512681784305,-1.073398999685907,-7.287649096581733,0.8837512681784305,-1.073398999685907,-7.287649096581733,0.18777787480888972,-14.527111608222016,0.41760906353271576
6996996996.996997,0.2011910065142282,-13.927828733608486,0.3465303333835451,0.8826069604265467,-1.08465303873004,-7.304192294167864,0.8826069604265467,-1.08465303873004,-7.304192294167864,0.19461930595769353,-14.216281610745256,0.4068071611683884
7003003003.003003,0.20770682066629925,-13.650984837800646,0.3408684796621967,0.8814312105603592,-1.096231512778825,-7.3206657450796575,0.8814312105603592,-1.096231512778825,-7.3206657450796575,0.2013711385956007,-13.920055486657638,0.3956536717259988
7009009009.009008,0.21414898037645516,-13.385679781214062,0.3345537745130732,0.880225933244489,-1.108116807734428,-7.337068874456576,0.880225933244489,-1.108116807734428,-7.337068874456576,0.20803161743549478,-13.637413085913174,0.38419559399516684
7015015015.015015,0.22051416675824123,-13.131270087887144,0.3276589016972024,0.8789930366433341,-1.1202913076111176,-7.353401183936002,0.8789930366433341,-1.1202913076111176,-7.353401183936002,0.21459918255109192,-13.367438733536133,0.372473278001945
7021021021.021021,0.22679946062347184,-12.88715965241934,0.320247401611569,0.8777344191652552,-1.1327374208035994,-7.369662250328362,0.8777344191652552,-1.1327374208035994,-7.369662250328362,0.22107245096142797,-13.10930747686324,0.3605215452755639
7027027027.027027,0.2330022935449715,-12.652796079992692,0.3123750233373744,0.8764519663862661,-1.145437605208912,-7.3858517241821335,0.8764519663862661,-1.145437605208912,-7.3858517241821335,0.22745020120970189,-12.862273492862135,0.3483705890771656
7033033033.033033,0.23912040697545317,-12.42766717625046,0.30409084803517755,0.87514754815546,-1.158374392179986,-7.40196932824907,0.87514754815546,-1.158374392179986,-7.40196932824907,0.23373136025190286,-12.62566026900383,0.33604670331010417
7039039039.03904,0.24515181782146375,-12.21129764151096,0.2954382264693804,0.8738230158832971,-1.1715304092955106,-7.418014855859905,0.8738230158832971,-1.1715304092955106,-7.418014855859905,0.23991499214365444,-12.398852247661111,0.32357287692938497
7045045045.045045,0.25109478922080214,-12.003245995533122,0.2864555648071963,0.8724802000128219,-1.1848884019371448,-7.4339881692206164,0.8724802000128219,-1.1848884019371448,-7.4339881692206164,0.24600028813996494,-12.18128768415002,0.3109692819269192
7051051051.051051,0.2569478055396651,-11.803101741018773,0.2771769860422819,0.8711209076729309,-1.19843125367082,-7.449889197638979,0.8711209076729309,-1.19843125367082,-7.449889197638979,0.25198655791564717,-11.972452516017109,0.29825367648718426
7057057057.057056,0.26270955081230635,-11.610482762802876,0.26763288903361443,0.8697469205119063,-1.212142005434519,-7.465717935690863,0.8697469205119063,-1.212142005434519,-7.465717935690863,0.2578732216834328,-11.771875078833247,0.28544174005647033
7063063063.063063,0.2683788900061336,-11.425032952952385,0.25785042291175525,0.8683599927086276,-1.2260038735399175,-7.481474441335516,0.8683599927086276,-1.2260038735399175,-7.481474441335516,0.26365980303873665,-11.579121533759638,0.2725473534056907
7069069069.069069,0.27395485261974967,-11.246420048238289,0.24785389123979368,0.8669618491581336,-1.2400002665000573,-7.497158833988462,0.8669618491581336,-1.2400002665000573,-7.497158833988462,0.2693459223991354,-11.393791896175964,0.25958283397857335
7075075075.075075,0.2794366182192769,-11.074333664613615,0.23766509763659144,0.8655541838275584,-1.2541148006993852,-7.512771292560515,0.8655541838275584,-1.2541148006993852,-7.512771292560515,0.27493129093654206,-11.215516573977471,0.24655913467810345
7081081081.081081,0.2848235035951088,-10.908483512747932,0.22730364242738937,0.8641386582778714,-1.2683313149265731,-7.528312053470876,0.8641386582778714,-1.2683313149265731,-7.528312053470876,0.2804157049226979,-11.043953339766128,0.23348601259095725
7087087087.087088,0.29011495128195486,-10.748597778863635,0.21678717816751322,0.8627169003463593,-1.282633883793819,-7.5437814086418316,0.8627169003463593,-1.282633883793819,-7.5437814086418316,0.28579904042618687,-10.878784673833906,0.22037217286332958
7093093093.093094,0.29531051923350266,-10.59442165577483,0.20613163049930383,0.8612905029843487,-1.2970068300695539,-7.55917970348221,0.8612905029843487,-1.2970068300695539,-7.55917970348221,0.2910812483125372,-10.719715425177714,0.20722539193405645
7099099099.099099,0.3004098714812747,-10.44571600996142,0.19535138968220944,0.8598610232443015,-1.3114347359541618,-7.574507334866311,0.8598610232443015,-1.3114347359541618,-7.574507334866311,0.2962623495095833,-10.56647074624734,0.19405262353638483
7105105105.105105,0.30541276963832165,-10.302256171556603,0.18445947722627773,0.8584299814101168,-1.3259024533306876,-7.589764749114519,0.8584299814101168,-1.3259024533306876,-7.589764749114519,0.30134243050814585,-10.41879426409933,0.18086009025008742
7111111111.111111,0.31031906513294444,-10.163830835227227,0.1734676913178432,0.856998860264246,-1.3403951130244365,-7.604952439981409,0.856998860264246,-1.3403951130244365,-7.604952439981409,0.30632163907452564,-10.276446456378084,0.16765336288317587
7117117117.117117,0.3151286920778439,-10.030241061001506,0.1623867341201525,0.8555691044850263,-1.3548981331072094,-7.620070946656785,0.8555691044850263,-1.3548981331072094,-7.620070946656785,0.31120018015613765,-10.13920320531832,0.15443742955983172
7123123123.123123,0.3198416606960536,-9.90129936514074,0.15122632353343515,0.854142120167548,-1.3693972262829956,-7.635120851784489,0.854142120167548,-1.3693972262829956,-7.635120851784489,0.3159783119653897,-10.00685450693549,0.141216756066491
7129129129.129129,0.32445805123827764,-9.77682889211885,0.13999529158923527,0.8527192744612617,-1.383878406393285,-7.650102779503568,0.8527192744612617,-1.383878406393285,-7.650102779503568,0.32065634222990436,-9.87920331588848,0.12799533874518704
7135135135.135136,0.328978008336851,-9.656662659673845,0.12870167131433558,0.8513018953175273,-1.3983279940807494,-7.6650173935158765,0.8513018953175273,-1.3983279940807494,-7.6650173935158765,0.32523462459942404,-9.756064509283696,0.11477675100932438
7141141141.141142,0.33340173575034066,-9.5406428697144,0.11735277361867343,0.8498912713403148,-1.412732621650579,-7.679865395183808,0.8498912713403148,-1.412732621650579,-7.679865395183808,0.3297135552015311,-9.637263955031262,0.10156418438221025
7147147147.147147,0.33772949145983994,-9.42862027861296,0.10595525552706368,0.8484886517333139,-1.4270792371691083,-7.694647521661467,0.8484886517333139,-1.4270792371691083,-7.694647521661467,0.3340935693396368,-9.522637672342945,0.0883604848151579
7153153153.153153,0.34196158308398156,-9.32045362108673,0.09451518087959206,0.8470952463367989,-1.4413551078393725,-7.7093645440622645,0.8470952463367989,-1.4413551078393725,-7.7093645440622645,0.3383751383278079,-9.412031073635015,0.07516818492356239
7159159159.159159,0.3460983635843846,-9.216009082476416,0.0830380744613153,0.8457122257477162,-1.4555478226930423,-7.724017265665408,0.8457122257477162,-1.4555478226930423,-7.724017265665408,0.34255876645761346,-9.305298278527548,0.06198953268169848
7165165165.165165,0.3501402272373161,-9.115159814772557,0.07152897038452322,0.8443407215165896,-1.4696452946380048,-7.738606520163673,0.8443407215165896,-1.4696452946380048,-7.738606520163673,0.3466449880929536,-9.202301491840425,0.04882651703530819
7171171171.171171,0.35408760585065097,-9.017785492224096,0.05999245543086155,0.8429818264150194,-1.4836357619001919,-7.753133169954242,0.8429818264150194,-1.4836357619001919,-7.753133169954242,0.35063436488914246,-9.102910438527058,0.035680890823610596
7177177177.177177,0.3579409652077648,-8.923771902801548,0.048432707962734974,0.841636594767724,-1.4975077888977775,-7.767598104474289,0.841636594767724,-1.4975077888977775,-7.767598104474289,0.3545274831328364,-9.007001849376206,0.02255419134532349
7183183183.183184,0.36170080172248653,-8.833010572167879,0.036853532930067004,0.8403060428432768,-1.5112502665850158,-7.782002238582624,0.8403060428432768,-1.5112502665850158,-7.782002238582624,0.35832495119966706,-8.914458992075684,0.009447758855927859
7189189189.18919,0.3653676392909426,-8.745398417159628,0.025258393428301166,0.8389911492978993,-1.5248524123022242,-7.796346510988425,0.8389911492978993,-1.5248524123022242,-7.796346510988425,0.3620273971265415,-8.825171242892068,-0.003637246756869646
7195195195.195195,0.36894202632777895,-8.660837426086069,0.013650439203188409,0.8376928556669125,-1.5383037691672408,-7.810631882727867,0.8376928556669125,-1.5383037691672408,-7.810631882727867,0.36563546629571836,-8.739033694788711,-0.01669983090626225
7201201201.201201,0.3724245329755212,-8.579234363429418,0.0020325324465402324,0.8364120668986461,-1.551594205043016,-7.824859335689232,0.8364120668986461,-1.551594205043016,-7.824859335689232,0.3691498192277709,-8.655946798299148,-0.029739150663713004
7207207207.207207,0.37581574847702787,-8.50050049677127,-0.009592728816671378,0.8351496519258825,-1.5647139111144495,-7.839029871186787,0.8351496519258825,-1.5647139111144495,-7.839029871186787,0.37257112948061427,-8.575816031900343,-0.042754502380414915
7213213213.213213,0.3791162787017896,-8.424551343991741,-0.02122298948745955,0.8339064442701222,-1.577653400106776,-7.853144508583636,0.8339064442701222,-1.577653400106776,-7.853144508583636,0.3759000816518097,-8.498551599002466,-0.05574531043367632
7219219219.219219,0.38232674381775683,-8.35130643897897,-0.03285611806813517,0.8326832426742127,-1.590403504176413,-7.8672042839634315,0.8326832426742127,-1.590403504176413,-7.8672042839634315,0.37913736948129656,-8.424068148998444,-0.06871111697665294
7225225225.225225,0.38544777610100367,-8.28068911426151,-0.04449018905186246,0.8314808117591227,-1.6029553725040273,-7.881210248850818,0.8314808117591227,-1.6029553725040273,-7.881210248850818,0.3822836940517518,-8.352284520099342,-0.08165157258526626
7231231231.231232,0.388480017876092,-8.21262629913177,-0.05612346684857331,0.8302998827008883,-1.6153004686182202,-7.895163468980147,0.8302998827008883,-1.6153004686182202,-7.895163468980147,0.38533976208376114,-8.283123501930733,-0.09456642770903906
7237237237.237238,0.39142411958055234,-8.14704833196618,-0.06775439109058294,0.8291411539239839,-1.6274305674771155,-7.909065023112035,0.8291411539239839,-1.6274305674771155,-7.909065023112035,0.38830628432294,-8.216511616084443,-0.10745552484401517
7243243243.243243,0.3942807379473107,-8.08388878557231,-0.07938156317921513,0.828005291807617,-1.6393377523337165,-7.922916001897052,0.828005291807617,-1.6393377523337165,-7.922916001897052,0.3911839740161665,-8.152378913011432,-0.12031879135546991
7249249249.249249,0.39705053429930565,-8.023084304503588,-0.09100373394982818,0.8268929314016679,-1.65101441140967,-7.936717506785873,0.8268929314016679,-1.65101441140967,-7.936717506785873,0.393973545474124,-8.090658783810042,-0.13315623288677014
7255255255.255255,0.3997341729508033,-7.964574453383425,-0.10261979234627654,0.8258046771492185,-1.6624532344008471,-7.9504706489849575,0.8258046771492185,-1.6624532344008471,-7.9504706489849575,0.3966757127172416,-8.03128778561566,-0.145967927297796
7261261261.261261,0.4023323197103591,-7.908301575366843,-0.11422875500806638,0.8247411036128279,-1.673647208836875,-7.964176548456922,0.8247411036128279,-1.673647208836875,-7.964176548456922,0.39929118820226656,-7.9742054794269634,-0.1587540190829309
7267267267.267267,0.40484564048047367,-7.854210659951568,-0.12582975668385654,0.8237027562019312,-1.6845896163154617,-7.977836332964468,0.8237027562019312,-1.6845896163154617,-7.977836332964468,0.4018206816266169,-7.919354279323145,-0.1715147142239495
7273273273.273273,0.40727479994942273,-7.80224921941871,-0.1374220413944282,0.8226901518989276,-1.6952740286312324,-7.991451137156888,0.8226901518989276,-1.6952740286312324,-7.991451137156888,0.4042648988077378,-7.866679312129214,-0.1842502754381078
7279279279.27928,0.40962046037079686,-7.752367173251475,-0.14900495427624438,0.8217037799817197,-1.705694303817613,-8.005022101697957,0.8217037799817197,-1.705694303817613,-8.005022101697957,0.40662454063469294,-7.816128286679179,-0.1969610177859174
7285285285.285286,0.4118832804266472,-7.704516739935606,-0.1605779340439402,0.8207441027406629,-1.7158445821190116,-8.018550372434012,0.8207441027406629,-1.7158445821190116,-8.018550372434012,0.4089003020892567,-7.767651371909183,-0.20964730460680348
7291291291.291291,0.41406391417021576,-7.658652335600128,-0.1721405060163657,0.8198115561880404,-1.725719281909619,-8.032037099601007,0.8198115561880404,-1.725719281909619,-8.032037099601007,0.4110928713338427,-7.7212010830852105,-0.22230954375410783
7297297297.2972975,0.41616301004444034,-7.614730479003883,-0.18369227565655438,0.8189065507583622,-1.735313095573948,-8.045483437069299,0.8189065507583622,-1.735313095573948,-8.045483437069299,0.41320292886360677,-7.676732175536501,-0.23494818410381516
7303303303.303303,0.4181812099727056,-7.572709702413841,-0.19523292258060485,0.8180294719979488,-1.7446209853631203,-8.058890541624816,0.8180294719979488,-1.7446209853631203,-8.058890541624816,0.4152311467201467,-7.634201545323561,-0.2475637123138032
7309309309.309309,0.4201191485182467,-7.5325504679647715,-0.2067621949952251,0.8171806812423943,-1.7536381792401086,-8.072259572285356,0.8171806812423943,-1.7536381792401086,-8.072259572285356,0.41717818776427656,-7.593568136322184,-0.2601566498128477
7315315315.315315,0.4219774521090068,-7.494215089119881,-0.21827990452735027,0.8163605162806666,-1.7623601667259163,-8.085591689650656,0.8163605162806666,-1.7623601667259163,-8.085591689650656,0.4190447050053972,-7.554792853252294,-0.2727275500003692
7321321321.3213215,0.4237567383247729,-7.4576676568864215,-0.2297859214125977,0.815569292004726,-1.770782694757931,-8.09888805528492,0.815569292004726,-1.770782694757931,-8.09888805528492,0.4208313409850702,-7.5178384802222755,-0.28527699563990955
7327327327.327328,0.425457615243535,-7.422873970469627,-0.2412801700128895,0.8148073010436732,-1.77890176357067,-8.112149831130466,0.8148073010436732,-1.77890176357067,-8.112149831130466,0.4225387272124624,-7.482669604397664,-0.2978055964307256
7333333333.333334,0.42708068084426953,-7.389801472071943,-0.25276262463558985,0.8140748143815548,-1.7867136226083769,-8.12537817895115,0.8140748143815548,-1.7867136226083769,-8.12537817895115,0.4241674836493868,-7.4492525444375755,-0.31031398674338034
7339339339.339339,0.42862652246335076,-7.358419185571118,-0.26423330562971625,0.8133720819580778,-1.7942147664779537,-8.138574259804242,0.8133720819580778,-1.7942147664779537,-8.138574259804242,0.42571821824277867,-7.417555283372423,-0.32280282350637135
7345345345.3453455,0.4300957163020162,-7.328697658830326,-0.27569227573639365,0.8126993332515626,-1.8014019309501774,-8.151739233539466,0.8126993332515626,-1.8014019309501774,-8.151739233539466,0.4271915265024735,-7.387547405625343,-0.33527278423211726
7351351351.351351,0.4314888269823726,-7.30060890941461,-0.28713963667302456,0.8120567778435985,-1.8082720890160873,-8.164874258323815,0.8120567778435985,-1.8082720890160873,-8.164874258323815,0.42858799112225426,-7.359200037904557,-0.3477245651714133
7357357357.357357,0.4328064071496422,-7.274126373503959,-0.29857552593227743,0.8114446059649203,-1.814822447005012,-8.177980490190953,0.8114446059649203,-1.814822447005012,-8.177980490190953,0.4299081816422328,-7.332485793716467,-0.36015887958654585
7363363363.363363,0.43404899711829525,-7.249224857813292,-0.3100001137786549,0.8108629890221358,-1.821050440769826,-8.19105908261383,0.8108629890221358,-1.821050440769826,-8.19105908261383,0.43115265415067294,-7.307378721270723,-0.372576456133961
7369369369.3693695,0.4352171245600885,-7.225880494339299,-0.3214136004266903,0.810312080104994,-1.8269537319445281,-8.204111186099322,0.810312080104994,-1.8269537319445281,-8.204111186099322,0.4323219510234522,-7.28385425456729,-0.38497803734817254
7375375375.375376,0.4363113042318215,-7.204070697774291,-0.33281621338638134,0.8097920144739723,-1.8325302042784735,-8.217137947803625,0.8097920144739723,-1.8325302042784735,-8.217137947803625,0.4334166006994754,-7.261889167471897,-0.39736437821918125
7381381381.381382,0.43733203774105345,-7.183774125433258,-0.3442082049622444,0.8093029100280094,-1.8377779600512303,-8.230140511167203,0.8093029100280094,-1.8377779600512303,-8.230140511167203,0.4344371174903767,-7.241461530603102,-0.40973624485637516
7387387387.387387,0.43827981334786353,-7.164970639557166,-0.35558984989376885,0.8088448677522976,-1.842695316571188,-8.24312001556806,0.8088448677522976,-1.842695316571188,-8.24312001556806,0.43538400142294575,-7.222550670868097,-0.42209441323228325
7393393393.3933935,0.43915510580101713,-7.14764127186259,-0.3669614431258221,0.8084179721460764,-1.8472808027608836,-8.256077595992263,0.8084179721460764,-1.8472808027608836,-8.256077595992263,0.4362577381128413,-7.205137133496412,-0.434439668000211
7399399399.399399,0.4399583762068673,-7.13176819022009,-0.37832329769838213,0.8080222916304461,-1.8515331558312187,-8.269014382720446,0.8080222916304461,-1.8515331558312187,-8.269014382720446,0.4370587986681339,-7.189202646434655,-0.4467728013800023
7405405405.405405,0.4406900719295374,-7.117334667350319,-0.3896757427458863,0.8076578789362577,-1.8554513180464471,-8.281931501029318,0.8076578789362577,-1.8554513180464471,-8.281931501029318,0.4377876396213878,-7.174730086974569,-0.45909461210688746
7411411411.411411,0.4413506265209377,-7.104325051436881,-0.4010191215969596,0.8073247714721766,-1.8590344335813704,-8.294830070906967,0.8073247714721766,-1.8590344335813704,-8.294830070906967,0.4384447028890284,-7.161703450497451,-0.4714059044383684
7417417417.417418,0.4419404596792648,-7.092724738562342,-0.4123537899662574,0.8070229916730748,-1.862281845471634,-8.307711206780999,0.8070229916730748,-1.862281845471634,-8.307711206780999,0.43903041575678325,-7.1501078212280085,-0.4837074872147696
7423423423.423424,0.44245997723476116,-7.08252014688019,-0.4236801142303176,0.8067525473289179,-1.8651930926578806,-8.320576017258407,0.8067525473289179,-1.8651930926578806,-8.320576017258407,0.43954519089013355,-7.139929344897594,-0.4960001729691816
7429429429.42943,0.44290957116157703,-7.073698692442313,-0.4349984697801677,0.8065134318943774,-1.8677679071238564,-8.333425604876222,0.8065134318943774,-1.8677679071238564,-8.333425604876222,0.4399894263687076,-7.131155203226289,-0.5082847770828213
7435435435.435435,0.44328961961461993,-7.066248766608534,-0.4463092394437442,0.8063056247794067,-1.8700062111284623,-8.346261065861922,0.8063056247794067,-1.8700062111284623,-8.346261065861922,0.4403635057436612,-7.123773590139631,-0.5205621169822248
7441441441.441442,0.44360048699041044,-7.0601597149691875,-0.45761281197163883,0.806129091621063,-1.871908114531264,-8.359083489902723,0.806129091621063,-1.871908114531264,-8.359083489902723,0.4406677981171276,-7.11777368964314,-0.5328330113747006
7447447447.447447,0.4438425240110077,-7.055421817717649,-0.468909580580038,0.8059837845368745,-1.873473912210787,-8.371893959922723,0.8059837845368745,-1.873473912210787,-8.371893959922723,0.4409026582429073,-7.113145655283662,-0.5450982795189341
7453453453.453453,0.44401606783014574,-7.052026271414555,-0.4801999415451807,0.8058696423600905,-1.8747040815744618,-8.384693551867144,0.8058696423600905,-1.8747040815744618,-8.384693551867144,0.4410684266476246,-7.109880591132528,-0.557358740527589
7459459459.459459,0.44412144216075133,-7.049965172090804,-0.491484292843795,0.8057865908571551,-1.8755992801590518,-8.397483334492684,0.8057865908571551,-1.8755992801590518,-8.397483334492684,0.4411654297716123,-7.10797053423147,-0.569615212699108
7465465465.465466,0.44415895742320927,-7.049231499638279,-0.5027630328344,0.8057345429277905,-1.8761603433198513,-8.410264369163219,0.8057345429277905,-1.8761603433198513,-8.410264369163219,0.4411939801288937,-7.107408438446515,-0.5818685128760057
7471471471.471472,0.4441289109135877,-7.049819103445523,-0.5140365589745688,0.8057133987880736,-1.8763882820069522,-8.423037709650032,0.8057133987880736,-1.8763882820069522,-8.423037709650032,0.4411543764856149,-7.108188159681189,-0.594119455827112
7477477477.477478,0.4440315869913392,-7.051722689234739,-0.5253052665694511,0.8057230461369252,-1.8762842806264568,-8.435804401935762,0.8057230461369252,-1.8762842806264568,-8.435804401935762,0.4410469040564316,-7.110304442403121,-0.6063688536513064
7483483483.483484,0.4438672572858567,-7.054937807063925,-0.5365695475470724,0.8057633603064359,-1.875849694984415,-8.448565484021373,0.8057633603064359,-1.875849694984415,-8.448565484021373,0.4408718347182896,-7.11375290744469,-0.6186175152005987
7489489489.48949,0.4436361809214162,-7.059460840459499,-0.5478297892560704,0.8058342043964808,-1.87508605031094,-8.46132198573532,0.8058342043964808,-1.87508605031094,-8.46132198573532,0.4406294272411993,-7.118530041040261,-0.6308662455202002
7495495495.495496,0.4433386047601087,-7.065288996647786,-0.5590863732818048,0.8059354293940827,-1.8739950393618483,-8.47407492854435,0.8059354293940827,-1.8739950393618483,-8.47407492854435,0.4403199275355547,-7.124633185068394,-0.6431158453037165
7501501501.501501,0.44297476366229,-7.072420297859216,-0.5703396742766846,0.8060668742780017,-1.8725785205949228,-8.486825325365102,0.8060668742780017,-1.8725785205949228,-8.486825325365102,0.4399435689156742,-7.13206052846952,-0.6553671103614078
7507507507.507507,0.442544880764327,-7.080853573678273,-0.5815900588009605,0.8062283661090445,-1.870838516417722,-8.499574180375994,0.8062283661090445,-1.870838516417722,-8.499574180375994,0.43950057237920687,-7.140811099814687,-0.667620831099663
7513513513.513514,0.4420491677732325,-7.090588454419624,-0.5928378841699884,0.8064197201065992,-1.8687772115036854,-8.512322488828698,0.8064197201065992,-1.8687772115036854,-8.512322488828698,0.43899114690215435,-7.150884761003188,-0.6798777920099299
7519519519.51952,0.44148782527802166,-7.101625365509799,-0.6040834973044502,0.8066407397119197,-1.8663969511730931,-8.525071236858604,0.8066407397119197,-1.8663969511730931,-8.525071236858604,0.4384154897492512,-7.162282202071101,-0.692138771165396
7525525525.525526,0.44086104307754215,-7.113965522858975,-0.6153272335796546,0.8068912166386891,-1.863700239835318,-8.537821401293765,0.8068912166386891,-1.863700239835318,-8.537821401293765,0.4377737867994849,-7.175004937096109,-0.7044045397237781
7531531531.531532,0.44016900052461017,-7.1276109292092436,-0.6265694156703978,0.807170930911418,-1.8606897394885697,-8.550573949461661,0.807170930911418,-1.8606897394885697,-8.550573949461661,0.4370662128866073,-7.189055301186407,-0.7166758614346078
7537537537.537538,0.4394118668863565,-7.142564371447636,-0.6378103523877465,0.8074796508922353,-1.8573682682732617,-8.563329838993392,0.8074796508922353,-1.8573682682732617,-8.563329838993392,0.43629293215445997,-7.204436448545957,-0.7289534921496057
7543543543.543544,0.4385898017206042,-7.158829418877135,-0.6490503375041523,0.8078171332966504,-1.853738799074928,-8.57609001762469,0.8078171332966504,-1.853738799074928,-8.57609001762469,0.4354540984270157,-7.221152351610521,-0.7412381793345619
7549549549.549549,0.43770295526827263,-7.176410422438631,-0.6602896485632892,0.8081831231988778,-1.8498044581724837,-8.588855422993344,0.8081831231988778,-1.8498044581724837,-8.588855422993344,0.4345498555930391,-7.239207801252593,-0.7535306615813504
7555555555.555555,0.4367514688617439,-7.19531251488106,-0.6715285456709291,0.8085773540273307,-1.845568523927473,-8.601626982432563,0.8085773540273307,-1.845568523927473,-8.601626982432563,0.4335803380052821,-7.25860840805675,-0.7658316681187582
7561561561.561562,0.43573547534918655,-7.215541611878953,-0.6827672702632978,0.8089995475509028,-1.8410344255098376,-8.61440561275986,0.8089995475509028,-1.8410344255098376,-8.61440561275986,0.4325456708941829,-7.279360604669653,-0.7781419183206572
7567567567.567568,0.43465509953479614,-7.237104414100343,-0.694006043849042,0.8094494138566711,-1.8362057416556072,-8.627192220061067,0.8094494138566711,-1.8362057416556072,-8.627192220061067,0.43144597079601665,-7.3014716492328695,-0.7904621212103468
7573573573.573574,0.43351045863505977,-7.260008410228137,-0.7052450667210332,0.8099266513196792,-1.8310861994516876,-8.639987699469092,0.8099266513196792,-1.8310861994516876,-8.639987699469092,0.43028134599549656,-7.32494962990954,-0.8027929749596805
7579579579.57958,0.4323016627510282,-7.284261880943546,-0.7164845166341853,0.8104309465654537,-1.8256796731430014,-8.65279293493709,0.8104309465654537,-1.8256796731430014,-8.65279293493709,0.4290518969828056,-7.349803470519882,-0.8151351663817372
7585585585.585586,0.4310288153566907,-7.309873903881067,-0.7277245474450739,0.8109619744259519,-1.8199901829568434,-8.665608799005735,0.8109619744259519,-1.8199901829568434,-8.665608799005735,0.4277577169250641,-7.376042937303955,-0.8274893704158429
7591591591.591592,0.42969201380354155,-7.336854359567658,-0.7389652877093241,0.8115193978896289,-1.8140218939394426,-8.678436152564279,0.8115193978896289,-1.8140218939394426,-8.678436152564279,0.4263988921522626,-7.403678646833443,-0.8398562496035672
7597597597.597597,0.42829134984140327,-7.365213938362468,-0.7502068392323751,0.8121028680463424,-1.8077791147994828,-8.691275844605135,0.8121028680463424,-1.8077791147994828,-8.691275844605135,0.42497550265764655,-7.432722075099143,-0.8522364535546386
7603603603.603603,0.42682691015562557,-7.394964148415525,-0.7614492755691233,0.8127120240278338,-1.8012662967531832,-8.704128711971771,0.8127120240278338,-1.8012662967531832,-8.704128711971771,0.42348762261259193,-7.463185567803881,-0.864630618401358
7609609609.60961,0.425298776920801,-7.42611732466667,-0.7726926404675872,0.8133464929445301,-1.794488032365575,-8.716995579099674,0.8133464929445301,-1.794488032365575,-8.716995579099674,0.4219353208959903,-7.495082351895346,-0.8770393662404067
7615615615.615616,0.4237070283710565,-7.458686638911041,-0.7839369462518467,0.8140058898194393,-1.7874490543823671,-8.729877257750237,0.8140058898194393,-1.7874490543823671,-8.729877257750237,0.42031866163813575,-7.528426548378305,-0.889463304560734
7621621621.621622,0.4220517393871053,-7.49268611095836,-0.7951821721387672,0.8146898175199265,-1.7801542345467731,-8.742774546737376,0.8146898175199265,-1.7801542345467731,-8.742774546737376,0.41863770477913775,-7.563233186449791,-0.9019030256562367
7627627627.627628,0.42033298210014175,-7.528130620918962,-0.8064282624831273,0.8153978666881754,-1.772608582395553,-8.755688231646815,0.8153978666881754,-1.772608582395553,-8.755688231646815,0.41689250664185884,-7.599518219006246,-0.9143591060219911
7633633633.633634,0.4185508265127132,-7.5650359226522434,-0.8176751249451214,0.8161296156711562,-1.7648172440284866,-8.768619084547861,0.8161296156711562,-1.7648172440284866,-8.768619084547861,0.4150831205193503,-7.63729853957745,-0.9268321057326142
7639639639.63964,0.4167053411367425,-7.603418658416315,-0.8289226285741491,0.8168846304509515,-1.7567855008452706,-8.781567863697724,0.8168846304509515,-1.7567855008452706,-8.781567863697724,0.4132095972767583,-7.676592000747604,-0.9393225678015196
7645645645.645645,0.41479659364872284,-7.643296374764919,-0.8401706018019669,0.8176624645762903,-1.748518768243983,-8.794535313238224,0.8176624645762903,-1.748518768243983,-8.794535313238224,0.4112719859676647,-7.717417434130058,-0.9518310175194684
7651651651.651651,0.4128246515622935,-7.684687539738225,-0.8514188303383442,0.818462659096181,-1.7400225942749301,-8.807522162885034,0.818462659096181,-1.7400225942749301,-8.807522162885034,0.40927033446477024,-7.7597946719696695,-0.9643579617711271
7657657657.657658,0.4107895829182726,-7.727611561401401,-0.8626670549612332,0.8192847424965287,-1.7313026582439166,-8.820529127609362,0.8192847424965287,-1.7313026582439166,-8.820529127609362,0.4072046901048563,-7.8037445704530475,-0.9769038883279281
7663663663.663664,0.40869145699221127,-7.772088807790092,-0.8739149691934993,0.8201282306406662,-1.7223647692586272,-8.833556907312257,0.8201282306406662,-1.7223647692586272,-8.833556907312257,0.405075100347858,-7.849289034816369,-0.9894692651157049
7669669669.66967,0.40653034501964447,-7.818140628324773,-0.8851622168571291,0.820992626714723,-1.7132148647120022,-8.846606186491584,0.820992626714723,-1.7132148647120022,-8.846606186491584,0.40288161344996226,-7.896451046346717,-1.00205453945535
7675675675.675676,0.4043063209390159,-7.86578937676574,-0.896408389495497,0.821877421178781,-1.7038590086963952,-8.859677633901837,0.821877421178781,-1.7038590086963952,-8.859677633901837,0.40062427915047205,-7.945254691385088,-1.0146601372746407
7681681681.681682,0.4020194621524299,-7.915058435782698,-0.9076530236531687,0.8227820917247956,-1.694303390342124,-8.872771902206983,0.8227820917247956,-1.694303390342124,-8.872771902206983,0.39830314937228206,-7.995725192446322,-1.027286462289348
7687687687.687688,0.39966985030425206,-7.965972243222169,-0.918895598002205,0.8237061032422427,-1.6845543220743353,-8.88588962762656,0.8237061032422427,-1.6845543220743353,-8.88588962762656,0.39591827893564835,-8.047888941584777,-1.0399338951514914
7693693693.693693,0.3972575720776013,-8.01855632016231,-0.9301355303025501,0.8246489077925079,-1.6746182377817422,-8.899031429575265,0.8246489077925079,-1.6746182377817422,-8.899031429575265,0.393469726284994,-8.101773536144368,-1.0526027925624817
7699699699.699699,0.39478272000876863,-8.072837300852392,-0.9413721741835767,0.8256099445930101,-1.6645016908911008,-8.912197910296385,0.8256099445930101,-1.6645016908911008,-8.912197910296385,0.39095755422836753,-8.157407817046352,-1.0652934863487715
7705705705.705706,0.392245393319596,-8.128842964642185,-0.9526048157320012,0.8265886400120868,-1.6542113523411526,-8.925389654489363,0.8265886400120868,-1.6542113523411526,-8.925389654489363,0.3883818306891793,-8.214821909781238,-1.078006282497356
7711711711.711712,0.38964569876782157,-8.186602270015833,-0.9638326698707573,0.8275844075756646,-1.6437540084498978,-8.938607228931929,0.8275844075756646,-1.6437540084498978,-8.938607228931929,0.3857426294697494,-8.27404726828773,-1.0907414601482126
7717717717.717718,0.3869837515153661,-8.246145390854785,-0.9750548765114346,0.8285966479867568,-1.6331365586690407,-8.951851182097188,0.8285966479867568,-1.6331365586690407,-8.951851182097188,0.3830400310261734,-8.335116721918146,-1.1034992705406232
7723723723.723724,0.38425967601460026,-8.307503755063285,-0.9862704964616595,0.8296247491588223,-1.62236601321964,-8.965122043766193,0.8296247491588223,-1.62236601321964,-8.965122043766193,0.3802741232539481,-8.39806452570867,-1.1162799359098778
7729729729.72973,0.3814736069125417,-8.370710085702806,-0.997478507066618,0.8306680862640382,-1.6114494906029804,-8.978420324636444,0.8306680862640382,-1.6114494906029804,-8.978420324636444,0.3774450022837149,-8.462926414194055,-1.1290836483306268
7735735735.735736,0.3786256899730046,-8.435798444792425,-1.0086777975623198,0.8317260217975264,-1.6003942149808856,-8.991746515926943,0.8317260217975264,-1.6003942149808856,-8.991746515926943,0.3745527732864817,-8.52973965902766,-1.1419105685026947
7741741741.741741,0.37571608301667003,-8.50280427994636,-1.01986716411568,0.8327979056585834,-1.5892075134197654,-9.005101088980359,0.8327979056585834,-1.5892075134197654,-9.005101088980359,0.37159755128753397,-8.598543130694704,-1.1547608244747551
7747747747.747747,0.37274495687909504,-8.57176447403306,-1.0310453045241355,0.8338830752499404,-1.5778968129929778,-9.018484494863014,0.8338830752499404,-1.5778968129929778,-9.018484494863014,0.36857946198824815,-8.669377364632782,-1.1676345103008505
7753753753.753754,0.36971249638667547,-8.64271739805602,-1.0422108125447134,0.8349808555961039,-1.5664696377359997,-9.031897163963304,0.8349808555961039,-1.5664696377359997,-9.031897163963304,0.36549864259492215,-8.742284632104887,-1.180531684623963
7759759759.75976,0.3666189013506199,-8.715702967472415,-1.0533621718193895,0.8360905594817746,-1.554933605449468,-9.045339505589396,0.8360905594817746,-1.554933605449468,-9.045339505589396,0.3623552426536661,-8.817309016204163,-1.193452369180539
7765765765.765766,0.3634643875789994,-8.79076270218414,-1.0644977493600591,0.837211487611359,-1.5432964243451037,-9.05881190756689,0.837211487611359,-1.5432964243451037,-9.05881190756689,0.3591494248903617,-8.894496493406203,-1.2063965472187552
7771771771.771772,0.36024918790701155,-8.867939790454408,-1.075615788552636,0.8383429287905604,-1.5315658895298405,-9.072314735837379,0.8383429287905604,-1.5315658895298405,-9.072314735837379,0.35588136605454623,-8.973895021128348,-1.2193641618229218
7777777777.777778,0.35697355324564695,-8.947279157024118,-1.0867144016353307,0.839484160130995,-1.5197498793239506,-9.085848334058689,0.839484160130995,-1.5197498793239506,-9.085848334058689,0.35255125776612095,-9.055554631798824,-1.2323551141351015
7783783783.783784,0.3536377536490146,-9.028827535724822,-1.0977915616014278,0.8406344472787857,-1.5078563514089156,-9.099413023207799,0.8406344472787857,-1.5078563514089156,-9.099413023207799,0.34915930736359596,-9.139527533992977,-1.2453692614642469
7789789789.789789,0.35024207940070795,-9.112633546908643,-1.1088450934711997,0.8417930446680119,-1.4958933388015392,-9.113009101187354,0.8417930446680119,-1.4958933388015392,-9.113009101187354,0.3457057387526022,-9.225868221248959,-1.2584064152717525
7795795795.795795,0.3467868421196509,-9.19874778004321,-1.119872664871682,0.8429591957998961,-1.483868945650779,-9.126636842436826,0.8429591957998961,-1.483868945650779,-9.126636842436826,0.3421907932532605,-9.314633589241115,-1.2714663390212366
7801801801.801802,0.3432723758860964,-9.28722288184558,-1.1308717758556872,0.8441321335485321,-1.4717913428544827,-9.140296497549329,0.8441321335485321,-1.4717913428544827,-9.140296497549329,0.3386147304449845,-9.405883062059585,-1.2845487458783833
7807807807.807808,0.3396990383885088,-9.378113650362494,-1.1418397478841142,0.8453110804939403,-1.4596687634933592,-9.153988292895217,0.8453110804939403,-1.4596687634933592,-9.153988292895217,0.33497782900717243,-9.49967872842622,-1.2976532962453056
7813813813.813814,0.33606721209237783,-9.471477135434261,-1.152773711886238,0.8464952492831576,-1.44750949808023,-9.167712430253562,0.8464952492831576,-1.44750949808023,-9.167712430253562,0.33128038755424727,-9.596085488765308,-1.31077959511164
7819819819.81982,0.3323773054321765,-9.567372746016842,-1.1636705953028736,0.8476838430200314,-1.435321889622855,-9.181469086452696,0.8476838430200314,-1.435321889622855,-9.181469086452696,0.3275227254633437,-9.695171214151303,-1.323927189202252
7825825825.825826,0.32862975402800776,-9.665862364873476,-1.1745271080060962,0.8488760556843121,-1.4231143284992795,-9.19525841302102,0.8488760556843121,-1.4231143284992795,-9.19525841302102,0.3237051836929849,-9.797006918267117,-1.3370955638988042
7831831831.831832,0.3248250219287909,-9.767010471188636,-1.1853397269760448,0.8500710725805702,-1.4108952471451328,-9.209080535849308,0.8500710725805702,-1.4108952471451328,-9.209080535849308,0.31982812559095936,-9.901666943637101,-1.350284139909436
7837837837.837837,0.3209636028843077,-9.870884271698527,-1.1961046796008352,0.8512680708173954,-1.3986731145528486,-9.222935554865735,0.8512680708173954,-1.3986731145528486,-9.222935554865735,0.3158919376896139,-10.009229163542727,-1.363492269657002
7843843843.843843,0.3170460216488005,-9.977553840981061,-1.2068179254489908,0.8524662198172445,-1.3864564305834326,-9.236823543724972,0.8524662198172445,-1.3864564305834326,-9.236823543724972,0.3118970304866895,-10.119775201194663,-1.3767192333525606
7849849849.84985,0.31307283531945707,-10.087092271594539,-1.2174751363448628,0.853664681857226,-1.3742537200919673,-9.250744549512618,0.853664681857226,-1.3742537200919673,-9.250744549512618,0.30784383920982755,-10.233390667920599,-1.3899642347159018
7855855855.855856,0.30904463471374316,-10.199575834806097,-1.228071674555816,0.8548626126410159,-1.3620735268686865,-9.264698592466296,0.8548626126410159,-1.3620735268686865,-9.264698592466296,0.30373282456284034,-10.350165422340416,-1.4032263962993972
7861861861.861862,0.30496204579024694,-10.31508415270607,-1.2386025688751197,0.8560591619019994,-1.3499244073981362,-9.27868566571477,0.8560591619019994,-1.3499244073981362,-9.27868566571477,0.29956447345180404,-10.4701938527424,-1.4165047543652682
7867867867.867868,0.30082573111863203,-10.433700382558715,-1.2490624883564772,0.8572534740376301,-1.3378149244396462,-9.292705735036455,0.8572534740376301,-1.3378149244396462,-9.292705735036455,0.29533929968904576,-10.593575185149529,-1.4297982532588507
7873873873.873875,0.296636391405335,-10.555511414296276,-1.2594457134233235,0.8584446887748973,-1.3257536404329595,-9.306758738638635,0.8584446887748973,-1.3257536404329595,-9.306758738638635,0.29105784467310625,-10.720413819880235,-1.4431057392119777
7879879879.87988,0.2923947670828192,-10.680608082121578,-1.269746104038974,0.8596319418666633,-1.3137491107337587,-9.320844586958772,0.8596319418666633,-1.3137491107337587,-9.320844586958772,0.2867206780427654,-10.850819699770417,-1.4564259535004074
7885885885.885886,0.288101639971543,-10.809085391242526,-1.2799570645804472,0.8608143658185388,-1.3018098766843214,-9.334963162489306,0.8608143658185388,-1.3018098766843214,-9.334963162489306,0.2823283983032689,-10.98490871363909,-1.4697575248675387
7891891891.8918915,0.28375783502556645,-10.941042760812262,-1.2900715050097542,0.8619910906458167,-1.289944458525584,-9.349114319627203,0.8619910906458167,-1.289944458525584,-9.349114319627203,0.2778816334229483,-11.122803139059439,-1.4830989611129393
7897897897.897898,0.27936422217451434,-11.076584284201498,-1.3000817978787815,0.8631612446598809,-1.2781613481574015,-9.363297884549713,0.8631612446598809,-1.2781613481574015,-9.363297884549713,0.2733810413984974,-11.264632129051247,-1.4964486397275747
7903903903.903904,0.27492171827686585,-11.215819007770161,-1.309979730638131,0.864323955283359,-1.266469001754778,-9.377513655117532,0.864323955283359,-1.266469001754778,-9.377513655117532,0.26882731078727184,-11.41053224795213,-1.509804797438881
7909909909.90991,0.27043128920223347,-11.358861229332343,-1.3197564526433763,0.8654783498931771,-1.254875832248414,-9.39176140080674,0.8654783498931771,-1.254875832248414,-9.39176140080674,0.2642211612051394,-11.560648062469504,-1.523165518505554
7915915915.915916,0.26589395206322586,-11.505830817523561,-1.3294024161633426,0.866623556690513,-1.2433902016789353,-9.406040862670771,0.866623556690513,-1.2433902016789353,-9.406040862670771,0.25956334378849727,-11.715132794785694,-1.5365287215750683
7921921921.921923,0.2613107776212361,-11.656853553260307,-1.3389073105911622,0.8677587055965386,-1.2320204134347055,-9.420351753333588,0.8677587055965386,-1.2320204134347055,-9.420351753333588,0.25485464161935106,-11.874149045600877,-1.5498921448844531
7927927927.927928,0.2566828928945844,-11.812061494436728,-1.3482599889385927,0.8688829291726715,-1.2207747043841435,-9.434693757015282,0.8688829291726715,-1.2207747043841435,-9.434693757015282,0.2500958701125388,-12.03786959618916,-1.563253329546288
7933933933.933934,0.2520114840025781,-11.971593364899999,-1.3574483855525918,0.8699953635639572,-1.2096612369139401,-9.44906652959125,0.8699953635639572,-1.2096612369139401,-9.44906652959125,0.24528787736448385,-12.206478299941356,-1.5766096006150163
7939939939.9399395,0.2472977992848233,-12.13559496858563,-1.3664594238287722,0.8710951494640178,-1.198688090885692,-9.463469698685925,0.8710951494640178,-1.198688090885692,-9.463469698685925,0.24043154446322848,-12.380171075516827,-1.5899580455728153
7945945945.945946,0.24254315274218305,-12.304219629437918,-1.375278912502758,0.8721814330999194,-1.1878632555237556,-9.4779028638022,0.8721814330999194,-1.1878632555237556,-9.4779028638022,0.23552778575988192,-12.55915701568121,-1.6032954898061504
7951951951.951952,0.23774892785403962,-12.47762865736927,-1.3838914288741584,0.8732533672351248,-1.1771946212482929,-9.492365596487371,0.8732533672351248,-1.1771946212482929,-9.492365596487371,0.23057754910215747,-12.743659628225835,-1.6166184685614082
7957957957.957958,0.23291658183635885,-12.655991839981978,-1.392280187050875,0.8743101121886047,-1.1666899714677916,-9.506857440536502,0.8743101121886047,-1.1666899714677916,-9.506857440536502,0.22558181603126745,-12.933918228132457,-1.6299231947670476
7963963963.963964,0.2280476504168309,-12.839487959034132,-1.4004268889880171,0.8753508368680315,-1.1563569743461795,-9.521377912234037,0.8753508368680315,-1.1563569743461795,-9.521377912234037,0.22054160194412165,-13.130189503462342,-1.6432055219858042
7969969969.969971,0.2231437532173878,-13.028305329611891,-1.408311555725931,0.87637471981486,-1.1462031745602554,-9.535926500634261,0.87637471981486,-1.1462031745602554,-9.535926500634261,0.21545795622377598,-13.332749281427878,-1.6564609016078278
7975975975.975976,0.21820659985132765,-13.22264235857719,-1.4159123357946028,0.8773809502589816,-1.1362359850636752,-9.550502667881279,0.8773809502589816,-1.1362359850636752,-9.550502667881279,0.210331962341996,-13.541894525920679,-1.6696843332061442
7981981981.981982,0.21323799686240585,-13.422708116984781,-1.4232052872371883,0.8783687291805253,-1.1264626788742866,-9.565105849568965,0.8783687291805253,-1.1264626788742866,-9.565105849568965,0.20516473793926,-13.757945603598005,-1.6828703067405775
7987987987.9879875,0.2082398556578851,-13.628722918626215,-1.4301641290947178,0.8793372703762748,-1.1168903809020854,-9.579735455141286,0.8793372703762748,-1.1168903809020854,-9.579735455141286,0.1999574348890217,-13.981248862742694,-1.6960127350007463
7993993993.993994,0.20321420161685114,-13.840918893479557,-1.4367599574749421,0.8802858015280668,-1.1075260598354997,-9.594390868333305,0.8802858015280668,-1.1075260598354997,-9.594390868333305,0.19471123935512077,-14.212179577814316,-1.7091048743074306
8000000000.0,0.19816318459111334,-14.059540540310113,-1.4429609204762914,0.8812135652704586,-1.0983765201040112,-9.609071447652953,0.8812135652704586,-1.0983765201040112,-9.609071447652953,0.1894273718537072,-14.451145323325676,-1.722139231020582
8006006006.006006,0.19308909105940328,-14.284845236637336,-1.4487318452341302,0.8821198202548561,-1.0894483939355772,-9.623776526903692,0.8821198202548561,-1.0894483939355772,-9.623776526903692,0.18410708733418485,-14.69858985394117,-1.7351074508015978
8012012012.0120125,0.18799435824862185,-14.517103676243071,-1.454033809173273,0.8830038422072508,-1.0807481335272928,-9.638505415747947,0.8830038422072508,-1.0807481335272928,-9.638505415747947,0.17875167529764394,-14.954997584203333,-1.7480001868066743
8018018018.018019,0.1828815906006782,-14.756600193690064,-1.458823646162781,0.883864924976625,-1.0722820033482214,-9.6532574003111,0.883864924976625,-1.0722820033482214,-9.6532574003111,0.1733624599763987,-15.220898781965545,-1.760806941991065
8024024024.024024,0.1777535790426289,-15.003632921070452,-1.4630533766469744,0.884702381571069,-1.0640560725931398,-9.668031743825697,0.884702381571069,-1.0640560725931398,-9.668031743825697,0.167940800604825,-15.496875615664482,-1.7735158794051595
8030030030.03003,0.17261332361488818,-15.258513703227194,-1.4666695489485422,0.8855155451786005,-1.0560762078061308,-9.682827687315443,0.8855155451786005,-1.0560762078061308,-9.682827687315443,0.16248809182024437,-15.783569228626321,-1.7861135926579252
8036036036.036036,0.16746406013143741,-15.52156767240718,-1.4696124767840797,0.8863037701696711,-1.048348065692824,-9.6976444503183,0.8863037701696711,-1.048348065692824,-9.6976444503183,0.15700576424402468,-16.08168805583855,-1.7985848264636217
8042042042.042042,0.16230929169213223,-15.79313234961049,-1.471815355603129,0.8870664330783297,-1.0408770861399623,-9.712481231648052,0.8870664330783297,-1.0408770861399623,-9.712481231648052,0.15149528530804288,-16.392017653010647,-1.8109121341692862
8048048048.048048,0.15715282604668038,-16.073556094971504,-1.473203237687301,0.8878029335590228,-1.0336684854608227,-9.72733721019334,0.8878029335590228,-1.0336684854608227,-9.72733721019334,0.14595816041202145,-16.715432378324092,-1.8230754550854749
8054054054.054054,0.15199882002970308,-16.363195669601637,-1.4736918431128352,0.8885126953160459,-1.0267272498845597,-9.742211545753298,0.8885126953160459,-1.0267272498845597,-9.742211545753298,0.14039593452476787,-17.052909359654613,-1.8350515888893975
8060060060.0600605,0.1468518325548912,-16.66241259147037,-1.4731861808740985,0.889195167002679,-1.0200581293073572,-9.7571033799085,0.889195167002679,-1.0200581293073572,-9.7571033799085,0.13481019438040115,-17.40554530204495,-1.8468135367124823
8066066066.066067,0.1417168879825152,-16.971567861586767,-1.4715789520252156,0.8898498230871109,-1.0136656313226524,-9.772011836926065,0.8898498230871109,-1.0136656313226524,-9.772011836926065,0.12920257147352532,-17.774576852879232,-1.8583296678468981
8072072072.072072,0.13659955206761976,-17.291014495502605,-1.4687487052248736,0.8904761646823114,-1.0075540155472615,-9.786936024697454,0.8904761646823114,-1.0075540155472615,-9.786936024697454,0.12357474613208784,-18.16140546133265,-1.8695626559200975
8078078078.078078,0.13150602316320859,-17.621087108254066,-1.4645577155825449,0.8910737203371054,-1.001727288259492,-9.801875035707468,0.8910737203371054,-1.001727288259492,-9.801875035707468,0.11792845305387972,-18.567627967061362,-1.8804681067847846
8084084084.084084,0.1264432418963695,-17.962087555027068,-1.4588495618732227,0.8916420467857848,-0.9961891973648083,-9.816827948032756,0.8916420467857848,-0.9961891973648083,-9.816827948032756,0.11226548884843861,-18.995074564202127,-1.8909927689735713
8090090090.09009,0.12141902314706382,-18.314265309601765,-1.451446387712096,0.8921807296537274,-0.9909432277035912,-9.831793826368113,0.8921807296537274,-0.9909432277035912,-9.831793826368113,0.1065877223567243,-19.44585636018738,-1.9010721711921421
8096096096.096096,0.11644221481031636,-18.677790851550316,-1.4421458534189948,0.892689384116592,-0.9859925967149603,-9.846771723078664,0.892689384116592,-0.9859925967149603,-9.846771723078664,0.10089710886821432,-19.92242555941838,-1.9106274616195729
8102102102.102102,0.1115228884445199,-19.052719817333227,-1.430717823671565,0.8931676555108271,-0.9813402504694257,-9.861760679275982,0.8931676555108271,-0.9813402504694257,-9.861760679275982,0.09519570988833584,-20.427652463782135,-1.9195611169874132
8108108108.1081085,0.10667256736627187,-19.438945046045305,-1.416900901664519,0.8936152198933588,-0.9769888600823601,-9.87675972591605,0.8936152198933588,-0.9769888600823601,-9.87675972591605,0.08948572094595357,-20.964925172814365,-1.9277510223202114
8114114114.114115,0.10190449779411062,-19.836132939291666,-1.4003990281212029,0.8940317845484969,-0.9729408185191792,-9.891767884916895,0.8940317845484969,-0.9729408185191792,-9.891767884916895,0.08376951127531997,-21.538280365868708,-1.9350421546937506
8120120120.12012,0.0972339678314782,-20.243639832189512,-1.380878533968398,0.8944170884402831,-0.969198237801892,-9.906784170293667,0.8944170884402831,-0.969198237801892,-9.906784170293667,0.07804968142474913,-22.15257730513976,-1.9412346649548577
8126126126.126126,0.09267867668017021,-20.660403518919374,-1.3579662963169727,0.8947709026086742,-0.9657629466257125,-9.921807589308845,0.8947709026086742,-0.9657629466257125,-9.921807589308845,0.07232914861189833,-22.81373293926622,-1.9460664088532063
8132132132.132132,0.08825915132485639,-21.084805058443614,-1.3312500309003616,0.8950930305081586,-0.9626364883931028,-9.936837143635133,0.8950930305081586,-0.9626364883931028,-9.936837143635133,0.06661127625890004,-23.529044905338168,-1.9491866840665217
8138138138.138138,0.08399919828165198,-21.51449717959955,-1.3002822891908152,0.8953833082876098,-0.9598201196713784,-9.951871830528729,0.8953833082876098,-0.9598201196713784,-9.951871830528729,0.06090007618858709,-24.307643280918107,-1.9501155894697877
8144144144.144144,0.07992636146364743,-21.946199144637912,-1.264590418857193,0.8956416050103829,-0.9573148090787925,-9.966910644010346,0.8956416050103829,-0.9573148090787925,-9.966910644010346,0.05520053485817009,-25.161134284246994,-1.948179021710317
8150150150.15015,0.07607233095603042,-22.375465523767243,-1.2236955249587091,0.8958678228138819,-0.9551212366026633,-9.98195257605156,0.8958678228138819,-0.9551212366026633,-9.98195257605156,0.049519160669342914,-26.104534500987384,-1.9424006638417415
8156156156.156157,0.07247320918977844,-22.79645014480769,-1.1771441166007546,0.8960618970080457,-0.953239793351795,-9.99699661776392,0.8960618970080457,-0.953239793351795,-9.99699661776392,0.043864945689422064,-27.15764808037665,-1.9313143876181202
8162162162.162163,0.06916949118275136,-23.201708380408203,-1.1245561516771085,0.8962237961124225,-0.9516705817441355,-10.01204176058831,0.8962237961124225,-0.9516705817441355,-10.01204176058831,0.03825115176971795,-28.3471096678794,-1.912621164963233
8168168168.168168,0.06620556201607118,-23.58211046757511,-1.0656917460142135,0.89635352183173,-0.950413416129229,-10.027086997481875,0.89635352183173,-0.950413416129229,-10.027086997481875,0.03269885659494743,-29.709348667397858,-1.8825227485115608
8174174174.174174,0.06362847897086048,-23.92696916766826,-1.0005347509079614,0.8964511089700204,-0.9494678238437568,-10.042131324100163,0.8964511089700204,-0.9494678238437568,-10.042131324100163,0.027244585566564818,-31.29439588037487,-1.8343358136352017
8180180180.18018,0.06148582742007473,-24.22449956500497,-0.9293838543905925,0.8965166252838024,-0.948833046697036,-10.057173739971777,0.8965166252838024,-0.948833046697036,-10.057173739971777,0.02195840162222833,-33.167985517508335,-1.7553949315151232
8186186186.186186,0.059822570200007676,-24.462698639968362,-0.8529315305966101,0.8965501712746845,-0.9485080428821253,-10.072213249663164,0.8965501712746845,-0.9485080428821253,-10.072213249663164,0.01699163612306962,-35.3952960188405,-1.6197923036713169
8192192192.192192,0.05867708322802516,-24.63062965167298,-0.7723019935444767,0.8965518799223312,-0.9484914893068509,-10.08724886393101,0.8965518799223312,-0.9484914893068509,-10.08724886393101,0.012712751335636523,-37.91520895654459,-1.373321220182817
8198198198.198198,0.058076946568273606,-24.719924500225716,-0.6890187087493657,0.8965219163587327,-0.9487817843378127,-10.102279600859845,0.8965219163587327,-0.9487817843378127,-10.102279600859845,0.010025272265763413,-39.978076480064786,-0.9360355916560132
8204204204.204205,0.058035386841765256,-24.726142327439298,-0.6048869585923325,0.8964604774850012,-0.9493770509491967,-10.117304486982537,0.8964604774850012,-0.9493770509491967,-10.117304486982537,0.01024491724059271,-39.789830910407666,-0.3795082453936874
8210210210.210211,0.058549320337051874,-24.649562840382714,-0.5218063135416064,0.8963677915320968,-0.9502751402671273,-10.13232255838137,0.8963677915320968,-0.9502751402671273,-10.13232255838137,0.013208531020618893,-37.582909590349345,0.027417986274305965
8216216216.216216,0.05959959058636155,-24.495134471871346,-0.4415579098284612,0.8962441175670938,-0.9514736354989952,-10.147332861767516,0.8962441175670938,-0.9514736354989952,-10.147332861767516,0.017562765317345002,-35.1081420379481,0.25302406900445873
8222222222.222222,0.06115334003367195,-24.27159635928178,-0.3656232408678607,0.8960897449467669,-0.9529698562362785,-10.162334455536762,0.8960897449467669,-0.9529698562362785,-10.162334455536762,0.02250042274620766,-32.95618644255454,0.37802947046615726
8228228228.228229,0.0631678299197914,-23.99008085376954,-0.2950764788442062,0.8959049927204461,-0.9547608631183452,-10.177326410799456,0.8959049927204461,-0.9547608631183452,-10.177326410799456,0.02769849717278754,-31.150875873058418,0.45142558527603216
8234234234.234234,0.06559473228638624,-23.66262072188098,-0.23056136602833252,0.8956902089842714,-0.9568434628435809,-10.192307812382852,0.8956902089842714,-0.9568434628435809,-10.192307812382852,0.033022481324286326,-29.623805935239357,0.4964861246494667
8240240240.24024,0.06838403184730574,-23.300905945191243,-0.17233555864334288,0.8954457701890876,-0.9592142135136552,-10.207277759803874,0.8954457701890876,-0.9592142135136552,-10.207277759803874,0.03840908207582669,-28.31132143501818,0.524703963256107
8246246246.246246,0.07148703015861746,-22.915454895861984,-0.12035234039027337,0.8951720804043998,-0.9618694302954921,-10.222235368210725,0.8951720804043998,-0.9618694302954921,-10.222235368210725,0.043824880552411384,-27.165585178613437,0.5422122925062473
8252252252.252253,0.07485831700467462,-22.515198821963118,-0.07435165008073903,0.8948695705408883,-0.9648051913851997,-10.237179769291698,0.8948695705408883,-0.9648051913851997,-10.237179769291698,0.049250430855473225,-26.15179931659194,0.5525310172038091
8258258258.258259,0.07845682720631615,-22.107385174359177,-0.033942000646667844,0.894538697534118,-0.968017344257241,-10.252110112149738,0.894538697534118,-0.968017344257241,-10.252110112149738,0.05467345315789749,-25.244469906818892,0.5578080664960219
8264264264.264265,0.08224621121407608,-21.69768198591094,0.0013349975410000513,0.8941799434921581,-0.971501512181681,-10.267025564141457,0.8941799434921581,-0.971501512181681,-10.267025564141457,0.0600856313262895,-24.424587425762066,0.5594224061082873
8270270270.27027,0.08619475538743729,-21.2903831697213,0.031958662357277505,0.8937938148099097,-0.9752531009918274,-10.28192531167931,0.8937938148099097,-0.9752531009918274,-10.28192531167931,0.06548098297359001,-23.677696195219717,0.5582974055439945
8276276276.276277,0.09027504491231163,-20.88864573674567,0.058399268445000284,0.893380841252993,-0.979267306084199,-10.296808560995942,0.893380841252993,-0.979267306084199,-10.296808560995942,0.07085497401503589,-22.992593137982155,0.555073552430328
8282282282.282282,0.09446350641903903,-20.494718755077006,0.08110031325504764,0.8929415750141166,-0.9835391196322667,-10.311674538869724,0.8929415750141166,-0.9835391196322667,-10.311674538869724,0.07620401085302499,-22.360443395912686,0.5502085746133872
8288288288.288288,0.09873991769043516,-20.110144782881648,0.10046939172377987,0.8924765897448523,-0.9880633379954349,-10.326522493310701,0.8924765897448523,-0.9880633379954349,-10.326522493310701,0.0815251355442114,-21.774169409212476,0.544038049626533
8294294294.294294,0.1030869346742115,-19.735927481614908,0.1168747321320902,0.891986479565794,-0.9928345693042235,-10.34135169420624,0.891986479565794,-0.9928345693042235,-10.34135169420624,0.08681583558035663,-21.22802100847396,0.5368134907485335
8300300300.300301,0.10748966104044425,-19.372666132459766,0.13064522158054576,0.8914718580580592,-0.9978472412027717,-10.356161433925871,0.8914718580580592,-0.9978472412027717,-10.356161433925871,0.09207392117280813,-20.717267221156067,0.528727067996084
8306306306.306307,0.11193527009257541,-19.020660969506647,0.1420724233990758,0.8909333572390877,-1.0030956087297092,-10.370951027884901,0.8909333572390877,-1.0030956087297092,-10.370951027884901,0.09729744376833178,-20.23797139029402,0.5199281152206643
8312312312.312312,0.11641268003538181,-18.679994247765045,0.15141360527946668,0.8903716265256899,-1.0085737623183295,-10.38571981506654,0.8903716265256899,-1.0085737623183295,-10.38571981506654,0.10248464055928436,-19.786824354638803,0.5105344309229274
8318318318.318318,0.12091227905162422,-18.35059185646924,0.15889516448785396,0.8897873316872239,-1.0142756358974767,-10.400467158502403,0.8897873316872239,-1.0142756358974767,-10.400467158502403,0.10763389584244883,-19.361018800312046,0.5006401878066797
8324324324.324325,0.12542569464821893,-18.032269700594142,0.1647160852249397,0.8891811537917849,-1.0201950150743126,-10.415192445711309,0.8891811537917849,-1.0201950150743126,-10.415192445711309,0.11274371356793102,-18.958153288578224,0.4903215790166532
8330330330.330331,0.1299456011916152,-17.72476834565912,0.1690512250730249,0.8885537881481785,-1.0263255453808686,-10.429895089096533,0.8885537881481785,-1.0263255453808686,-10.429895089096533,0.11781269748163087,-18.576158002687876,0.4796409206428789
8336336336.336336,0.1344655597707284,-17.42777871722172,0.1720543292665134,0.8879059432464249,-1.0326607405662438,-10.444574526301734,0.8879059432464249,-1.0326607405662438,-10.444574526301734,0.12283953651958797,-18.213236616862854,0.4686496804930852
8342342342.342342,0.13897988509697443,-17.14096103427549,0.1738607333188653,0.8872383396994382,-1.0391939909168841,-10.459230220525841,0.8872383396994382,-1.0391939909168841,-10.459230220525841,0.127822993896241,-17.867820290687522,0.4573907467116452
8348348348.348349,0.14348353484573306,-16.863958652594125,0.1745897504637196,0.8865517091884397,-1.045918571587851,-10.473861660797365,0.8865517091884397,-1.045918571587851,-10.473861660797365,0.13276189882977385,-17.53853089426603,0.4459001495284483
8354354354.354355,0.14797201754032532,-16.596408094374418,0.17434675998736798,0.8858467934145796,-1.052827650928331,-10.488468362208671,0.8858467934145796,-1.052827650928331,-10.488468362208671,0.1376551401747518,-17.224151339920656,0.4342083837715542
8360360360.36036,0.15244131572057676,-16.337946229784304,0.17322502213098342,0.8851243430591208,-1.059914298785374,-10.503049866110869,0.8851243430591208,-1.059914298785374,-10.503049866110869,0.142501661450203,-16.9236014423096,0.4223414359856151
8366366366.366366,0.1568878216994025,-16.088215337823954,0.1713072488701578,0.8843851167544408,-1.0671714947703075,-10.51760574027001,0.8843851167544408,-1.0671714947703075,-10.51760574027001,0.14730045689871757,-16.635918121085727,0.4103215902783775
8372372372.372373,0.16130828368937106,-15.846866592926407,0.16866696009102203,0.8836298800679925,-1.0745921364728896,-10.532135578985432,0.8836298800679925,-1.0745921364728896,-10.532135578985432,0.15205056831381317,-16.36023904540628,0.39816806652424375
8378378378.378379,0.1656997604807573,-15.613562387070187,0.16536965305475868,0.8828594045012275,-1.0821690476090944,-10.546639003171144,0.8828594045012275,-1.0821690476090944,-10.546639003171144,0.15675108244385144,-16.095789029368394,0.3858975302148199
8384384384.384384,0.17005958318311104,-15.387977794322234,0.16147381053570597,0.8820744665053867,-1.089894986088842,-10.561115660401182,0.8820744665053867,-1.089894986088842,-10.561115660401182,0.16140112883105134,-15.841868643408803,0.3735245030761808
8390390390.39039,0.17438532281322103,-15.16980140750303,0.15703177019399758,0.8812758465159078,-1.0977626519909875,-10.575565224920048,0.8812758465159078,-1.0977626519909875,-10.575565224920048,0.1659998779803505,-15.597844623835035,0.36106169626806506
8396396396.396397,0.17867476273338412,-14.95873571873492,0.15209047492314007,0.8804643280070933,-1.105764695433363,-10.589987397619186,0.8804643280070933,-1.105764695433363,-10.589987397619186,0.17054653977899756,-15.363141751473766,0.3485202826727055
8402402402.402403,0.1829258751240547,-14.75449717217934,0.1466921212637349,0.879640696568532,-1.113893724326604,-10.604381905980807,0.879640696568532,-1.113893724326604,-10.604381905980807,0.1750403621071368,-15.137235938358229,0.33591012088155425
8408408408.408408,0.18713680082121775,-14.556815984687484,0.14087472057545328,0.8788057390046468,-1.1221423120011567,-10.618748503990094,0.8788057390046468,-1.1221423120011567,-10.618748503990094,0.1794806295938453,-14.919648313796285,0.3232399405947039
8414414414.414414,0.19130583196791034,-14.365435805635414,0.13467258553817382,0.877960242458606,-1.1305030046976092,-10.633086972017121,0.877960242458606,-1.1305030046976092,-10.633086972017121,0.18386666248382977,-14.709940141914867,0.3105174969794383
8420420420.420421,0.19543139702620438,-14.180113268858713,0.1281167527046027,0.8771049935616998,-1.1389683289113786,-10.6473971166697,0.8771049935616998,-1.1389683289113786,-10.6473971166697,0.18819781558808368,-14.507708434705215,0.2977496998958685
8426426426.426427,0.19951204777484932,-14.00061747581992,0.12123535023442741,0.8762407776091576,-1.1475307985834198,-10.661678770618472,0.8762407776091576,-1.1475307985834198,-10.661678770618472,0.19247347729796005,-14.312582149783509,0.28494272264760334
8432432432.432432,0.20354644798216315,-13.82672943878974,0.11405391857674514,0.8753683777632588,-1.1561829221294342,-10.675931792395538,0.8753683777632588,-1.1561829221294342,-10.675931792395538,0.196693068646788,-14.124218882090256,0.27210209395582274
8438438438.438438,0.20753336349650908,-13.658241505044446,0.10659569070704909,0.8744885742844444,-1.1649172093009255,-10.690156066167965,0.8744885742844444,-1.1649172093009255,-10.690156066167965,0.20085604240692204,-13.942301974736688,0.2592327761114815
8444444444.444445,0.21147165353982858,-13.494956777247733,0.09888183753995394,0.8736021437910433,-1.1737261778719685,-10.704351501487526,0.8736021437910433,-1.1737261778719685,-10.704351501487526,0.2049618822128627,-13.766537987067142,0.2463392316811279
8450450450.450451,0.21536026302512545,-13.33668854081153,0.09093168330402669,0.8727098585480831,-1.182602360146512,-10.718518033017947,0.8727098585480831,-1.182602360146512,-10.718518033017947,0.20901010170329917,-13.596654468402674,0.2334254806869669
8456456456.456456,0.2191982157481626,-13.183259705749817,0.08276289495877859,0.8718124857855488,-1.1915383092816705,-10.732655620241138,0.8718124857855488,-1.1915383092816705,-10.732655620241138,0.21300024367676657,-13.432397994378809,0.22049514982236937
8462462462.462462,0.22298460832758019,-13.034502268103667,0.07439164913658626,0.8709107870463457,-1.2005266054231258,-10.746764247143613,0.8709107870463457,-1.2005266054231258,-10.746764247143613,0.2169318792568639,-13.273532429702543,0.20755151497894267
8468468468.468469,0.2267186047878079,-12.8902567941924,0.06583277958625486,0.8700055175641153,-1.2095598616494616,-10.760843921884494,0.8700055175641153,-1.2095598616494616,-10.760843921884494,0.22080460706409366,-13.119837386824162,0.1945975381327898
8474474474.474475,0.23039943169558222,-12.750371929609939,0.05709990766730826,0.8690974256709385,-1.2186307297230197,-10.774894676446433,0.8690974256709385,-1.2186307297230197,-10.774894676446433,0.2246180523923361,-12.971106854695273,0.18163589945438216
8480480480.48048,0.23402637377477975,-12.614703933897832,0.04820555808092676,0.868187252234889,-1.2277319056452787,-10.788916566270727,0.868187252234889,-1.2277319056452787,-10.788916566270727,0.22837186638848914,-12.827147975669293,0.16866902535877007
8486486486.486486,0.23759876993574316,-12.483116241115024,0.039161261716142454,0.8672757301272773,-1.236856135015645,-10.802909669877888,0.8672757301272773,-1.236856135015645,-10.802909669877888,0.23206572523446015,-12.687779951823293,0.1556991130920208
8492492492.492493,0.24111600966496313,-12.355479046012501,0.02997764722794403,0.8663635837193752,-1.2459962181928126,-10.816874088474957,0.8663635837193752,-1.2459962181928126,-10.816874088474957,0.2356993293310952,-12.552833064678474,0.14272815235245948
8498498498.498499,0.2445775297290088,-12.231668915166358,0.020664522742116963,0.8654515284082914,-1.255145015258754,-10.830809945550797,0.8654515284082914,-1.255145015258754,-10.830809945550797,0.23927240248392892,-12.422147794560681,0.1297579443645849
8504504504.504504,0.24798281115341292,-12.111568422180095,0.011230948891486186,0.8645402701716279,-1.2642954507856332,-10.844717386460527,0.8645402701716279,-1.2642954507856332,-10.844717386460527,0.24278469109093886,-12.295574027746095,0.11679011875769842
8510510510.51051,0.2513313764429787,-11.99506580590954,0.0016853042269749942,0.863630505150457,-1.2734405184065851,-10.858596578000274,0.863630505150457,-1.2734405184065851,-10.858596578000274,0.24623596333264847,-12.172970341149082,0.10382614854657042
8516516516.516517,0.25462278701468893,-11.882054650575746,-0.007964656091762137,0.8627229192601015,-1.282573285191756,-10.872447707973395,0.8627229192601015,-1.282573285191756,-10.872447707973395,0.2496260083651237,-12.054203355672735,0.09086736346650104
8522522522.522523,0.25785664081867143,-11.772433586579034,-0.017711747539779527,0.8618181878281422,-1.2916868958314056,-10.886270984749231,0.8618181878281422,-1.2916868958314056,-10.886270984749231,0.2529546355164677,-11.939147150506471,0.07791496187716039
8528528528.528528,0.2610325701259717,-11.66610601082207,-0.027549308719612694,0.8609169752590204,-1.3007745766283385,-10.90006663681549,0.8609169752590204,-1.3007745766283385,-10.90006663681549,0.25622167348754493,-11.827682731644792,0.06497002141830609
8534534534.534534,0.2641502394648807,-11.56297982536108,-0.037471158506154456,0.8600199347245581,-1.3098296393022535,-10.913834912325216,0.8600199347245581,-1.3098296393022535,-10.913834912325216,0.25942696955769645,-11.719697548751284,0.05203350857410936
8540540540.540541,0.2672093436901309,-11.462967193232554,-0.04747155732167362,0.859127707879679,-1.318845484608957,-10.92757607863936,0.859127707879679,-1.318845484608957,-10.92757607863936,0.26257038879622396,-11.615085055221211,0.0391062872805665
8546546546.546547,0.2702096061713502,-11.36598431034702,-0.057545172083839385,0.8582409246025632,-1.3278156057778145,-10.941290421865894,0.8582409246025632,-1.3278156057778145,-10.941290421865894,0.26565181328049325,-11.513744306921904,0.02618912669175483
8552552552.552552,0.2731507770889711,-11.27195119239145,-0.0676870444260462,0.8573602027584535,-1.336733591770921,-10.95497824639629,0.8573602027584535,-1.336733591770921,-10.95497824639629,0.2686711413214508,-11.415579595633991,0.013282708204924264
8558558558.558558,0.2760326318274246,-11.18079147573371,-0.07789256183762336,0.8564861479862824,-1.3455931303679654,-10.968639874440314,0.8564861479862824,-1.3455931303679654,-10.968639874440314,0.27162828669736666,-11.32050011368467,0.00038763183087223445
8564564564.564565,0.2788549694567029,-11.092432231381459,-0.08815743141401906,0.8556193535072879,-1.3543880110807645,-10.982275645559826,0.8556193535072879,-1.3543880110807645,-10.982275645559826,0.27452317789660347,-11.228419646671284,-0.012495578015415896
8570570570.570571,0.2816176112946153,-11.006803791101923,-0.09847765594341555,0.8547603999547457,-1.3631121279018616,-10.995885916202404,0.8547603999547457,-1.3631121279018616,-10.995885916202404,0.2773557573701551,-11.139256291528636,-0.025366467238436607
8576576576.576576,0.28432039954292865,-10.923839584868942,-0.1088495120884397,0.8539098552239412,-1.3717594818916776,-11.009471059235507,0.8539098552239412,-1.3717594818916776,-11.009471059235507,0.2801259807947149,-11.052932197500922,-0.038224647243466914
8582582582.582582,0.2869631959915508,-10.84347598885497,-0.11926953044916902,0.853068274341489,-1.380324183608885,-11.023031463481857,0.853068274341489,-1.380324183608885,-11.023031463481857,0.2828338163469634,-10.969373327850285,-0.05106979052565411
8588588588.588589,0.28954588078558496,-10.765652183240388,-0.12973447731822857,0.8522361993531097,-1.3888004553887345,-11.036567533256573,0.8522361993531097,-1.3888004553887345,-11.036567533256573,0.28547924398971036,-10.8885092403711,-0.06390162662331757
8594594594.594595,0.29206835125064984,-10.690310019164933,-0.14024133795983226,0.8514141592289481,-1.3971826334743842,-11.050079687906768,0.8514141592289481,-1.3971826334743842,-11.050079687906768,0.2880622547705429,-10.810272884984894,-0.0767199383974329
8600600600.600601,0.29453052077259106,-10.61739389418818,-0.1507873012633794,0.8506026697855381,-1.405465170006159,-11.063568361354065,0.8506026697855381,-1.405465170006159,-11.063568361354065,0.29058285013354684,-10.734600416874919,-0.08952455860345909
8606606606.606606,0.2969323177279372,-10.546850635678629,-0.1613697456385748,0.8498022336235044,-1.413642634873892,-11.077034001640586,0.8498022336235044,-1.413642634873892,-11.077034001640586,0.29304104124461616,-10.661431023780706,-0.10231536672604792
8612612612.612614,0.2992736844620518,-10.478629391587395,-0.17198622603342784,0.8490133400801099,-1.4217097174374507,-11.090477070478792,0.8490133400801099,-1.4217097174374507,-11.090477070478792,0.29543684833086536,-10.590706766213767,-0.11509228605036616
8618618618.618618,0.3015545763121924,-10.412681528105177,-0.1826344619691009,0.8482364651957525,-1.4296612281206644,-11.103898042805673,0.8482364651957525,-1.4296612281206644,-11.103898042805673,0.2977703000345582,-10.522372429483447,-0.1278552809468688
8624624624.624626,0.3037749606730067,-10.348960533737623,-0.1933123264968887,0.8474720716935262,-1.43749209988391,-11.11729740634166,0.8474720716935262,-1.43749209988391,-11.11729740634166,0.3000414327820055,-10.456375386530873,-0.1406043543490676
8630630630.63063,0.3059348161022613,-10.28742192936887,-0.2040178359922938,0.846720608970989,-1.4451973895804322,-11.130675661154484,0.846720608970989,-1.4451973895804322,-11.130675661154484,0.30225029016771165,-10.392665470672146,-0.1533395454058319
8636636636.636637,0.30803413146484143,-10.228023183914583,-0.21474914071008627,0.8459825131032593,-1.4527722792018056,-11.144033319228491,0.8459825131032593,-1.4527722792018056,-11.144033319228491,0.30439692235418986,-10.331194857434653,-0.16606092729218094
8642642642.642643,0.3100729051132444,-10.170723635196172,-0.22550451603188318,0.8452582068566216,-1.4602120770175075,-11.157370904039485,0.8452582068566216,-1.4602120770175075,-11.157370904039485,0.306481385487646,-10.271917954754382,-0.17876860516386364
8648648648.64865,0.3120511441029614,-10.115484415695487,-0.23628235434453487,0.8445480997118017,-1.4675122186138576,-11.170688950135423,0.8445480997118017,-1.4675122186138576,-11.170688950135423,0.308503741129797,-10.21479130086922,-0.1914627142428238
8654654654.654655,0.31396886344129726,-10.062268382874784,-0.2470811574939748,0.843852587896108,-1.4746682678374021,-11.183988002723176,0.843852587896108,-1.4746682678374021,-11.183988002723176,0.31046405570605884,-10.159773469305843,-0.20414341802193842
8660660660.66066,0.31582608536833623,-10.011040053769767,-0.25789952976424907,0.8431720544236553,-1.4816759176476988,-11.19726861726147,0.8431720544236553,-1.4816759176476988,-11.19726861726147,0.31236239997022947,-10.106824980416171,-0.21681090657849958
8666666666.666668,0.31762283866882574,-9.961765543586852,-0.26873617133663685,0.8425068691429003,-1.488530990884511,-11.210531359060184,0.8425068691429003,-1.488530990884511,-11.210531359060184,0.3141988484858508,-10.055908218967202,-0.22946539498710963
8672672672.672672,0.3193591580138807,-9.914412508055328,-0.27958987218769704,0.8418573887907485,-1.4952294409542024,-11.22377680288605,0.8418573887907485,-1.4952294409542024,-11.22377680288605,0.3159734791243047,-10.006987357336092,-0.2421071218234256
8678678678.678679,0.3210350833315359,-9.86895008930283,-0.29045950638931517,0.8412239570525003,-1.5017673524402104,-11.237005532574983,0.8412239570525003,-1.5017673524402104,-11.237005532574983,0.3176863725798034,-9.960028283899456,-0.25473634775130427
8684684684.684685,0.32265065920518116,-9.825348865041963,-0.30134402677683647,0.8406069046269514,-1.5081409416421048,-11.250218140650837,0.8406069046269514,-1.5081409416421048,-11.250218140650837,0.31933761190123405,-9.91499853624731,-0.2673533541860146
8690690690.690691,0.3242059342990086,-9.783580800871219,-0.31224245995484784,0.8400065492959579,-1.5143465570479233,-11.263415227950887,0.8400065492959579,-1.5143465570479233,-11.263415227950887,0.3209272820409782,-9.871867238880231,-0.27995844202763465
8696696696.696697,0.32570096080975736,-9.743619205505713,-0.3231539016124708,0.8394231959978236,-1.5203806797441255,-11.276597403257824,0.8394231959978236,-1.5203806797441255,-11.276597403257824,0.32245546942063935,-9.830605045082779,-0.2925519304586431
8702702702.702702,0.32713579394387754,-9.705438688772928,-0.33407751212299686,0.838857136903873,-1.5262399237675852,-11.289765282938351,0.838857136903873,-1.5262399237675852,-11.289765282938351,0.32392226151371817,-9.791184082689874,-0.3051341558005413
8708708708.70871,0.32851049141957067,-9.66901512221373,-0.34501251240453257,0.8383086514976186,-1.5319210364036764,-11.302919490588325,0.8383086514976186,-1.5319210364036764,-11.302919490588325,0.3253277464451805,-9.753577903489518,-0.31770547042474945
8714714714.714714,0.3298251129929445,-9.634325602147795,-0.3559581800202594,0.8377780066559345,-1.537420898434618,-11.316060656684257,0.8377780066559345,-1.537420898434618,-11.316060656684257,0.32667201260787754,-9.717761436026752,-0.3302662417132904
8720720720.720722,0.33107972000774727,-9.601348415068587,-0.3669138454991722,0.8372654567316871,-1.5427365243419664,-11.329189418241342,0.8372654567316871,-1.5427365243419664,-11.329189418241342,0.32795514829575023,-9.683710941594413,-0.34281685106545395
8726726726.726727,0.33227437496807494,-9.570063005246126,-0.3778788888591125,0.8367712436372967,-1.5478650624669985,-11.342306418477525,0.8367712436372967,-1.5478650624669985,-11.342306418477525,0.32917724135375753,-9.651403973214133,-0.35535769294637
8732732732.732733,0.33340914113354275,-9.540449944423429,-0.38885273631594036,0.8362955969287206,-1.5528037951327056,-11.355412306483931,0.8362955969287206,-1.5528037951327056,-11.355412306483931,0.33033837884442974,-9.620819337428818,-0.3678891739744332
8738738738.738739,0.3344840821363934,-9.51249090350276,-0.3998348571635194,0.8358387338893891,-1.5575501387307658,-11.368507736901073,0.8358387338893891,-1.5575501387307658,-11.368507736901073,0.331438646730953,-9.591937058742651,-0.3804117120441088
8744744744.744745,0.3354992616201085,-9.486168626124241,-0.4108247608107154,0.8354008596136294,-1.5621016437769732,-11.381593369601031,0.8354008596136294,-1.5621016437769732,-11.381593369601031,0.33247812957669787,-9.56473834655866,-0.39292573548126464
8750750750.750751,0.3364547428990106,-9.461466904049718,-0.42182199396243336,0.8349821670891536,-1.5664559949382415,-11.394669869375196,0.8349821670891536,-1.5664559949382415,-11.394669869375196,0.33345691026105806,-9.539205564477719,-0.40543168222827014
8756756756.756756,0.3373505886385435,-9.438370554267507,-0.43282613793272395,0.8345828372782098,-1.5706110110341909,-11.407737905627542,0.8345828372782098,-1.5706110110341909,-11.407737905627542,0.33437506971150854,-9.515322201833646,-0.41792999905627026
8762762762.762764,0.33818686055569885,-9.416865397746491,-0.4438368060789257,0.8342030391970017,-1.5745646450163384,-11.420798152073104,0.8342030391970017,-1.5745646450163384,-11.420798152073104,0.3352326866517654,-9.493072847350554,-0.43042114080209554
8768768768.768768,0.33896361913935963,-9.396938239767124,-0.45485364134641143,0.833842929993037,-1.5783149839274428,-11.433851286441543,0.833842929993037,-1.5783149839274428,-11.433851286441543,0.33602983736589787,-9.472443164819614,-0.4429055696276591
8774774774.774775,0.33968092339010275,-9.378576851769182,-0.4658763139144183,0.8335026550200544,-1.5818602488437528,-11.446897990185551,0.8335026550200544,-1.5818602488437528,-11.446897990185551,0.33676659547832044,-9.453419870699578,-0.45538375429957156
8780780780.78078,0.34033883057920195,-9.361769954657092,-0.47690451893378133,0.8331823479102254,-1.5851987948024946,-11.459938948193793,0.8331823479102254,-1.5851987948024946,-11.459938948193793,0.33744303174951384,-9.43599071355636,-0.4678561694868708
8786786786.786787,0.34093739602648376,-9.346507203511575,-0.4879379743481957,0.8328821306433453,-1.5883291107168582,-11.472974848508242,0.8328821306433453,-1.5883291107168582,-11.472974848508242,0.3380592138873547,-9.420144455264083,-0.48032329507499255
8792792792.792793,0.34147667289680184,-9.332779173658976,-0.49897641879104415,0.8326021136127402,-1.591249819280653,-11.486006382045627,0.8326021136127402,-1.591249819280653,-11.486006382045627,0.33861520637396947,-9.405870853896852,-0.49278561549400973
8798798798.798798,0.3419567120148026,-9.320577348057077,-0.5100196095501788,0.8323423956876497,-1.593959676864566,-11.499034242322669,0.8323423956876497,-1.593959676864566,-11.499034242322669,0.3391110703079692,-9.393160648249063,-0.5052436190593294
8804804804.804806,0.34237756169780936,-9.309894105957255,-0.521067320593546,0.8321030642718692,-1.5964575734057582,-11.512059125184924,0.8321030642718692,-1.5964575734057582,-11.512059125184924,0.3395468632619637,-9.38200554392779,-0.5176977973230948
8810810810.81081,0.34273926760653395,-9.300722712810469,-0.532119340648875,0.8318841953584384,-1.5987425322925817,-11.525081728538884,0.8318841953584384,-1.5987425322925817,-11.525081728538884,0.3399226391552753,-9.372398200966538,-0.5301486444345179
8816816816.816818,0.3430418726134799,-9.293057311385157,-0.5431754713309391,0.8316858535802076,-1.600813710245794,-11.538102752087182,0.8316858535802076,-1.600813710245794,-11.538102752087182,0.3402384481417251,-9.364332222917017,-0.5425966565076472
8822822822.822823,0.3432854166887976,-9.286892914072165,-0.5542355253100978,0.8315080922561245,-1.6026703971976033,-11.5511228970664,0.8315080922561245,-1.6026703971976033,-11.5511228970664,0.3404943365124231,-9.357802147379777,-0.555042330994617
8828828828.828829,0.34346993680344856,-9.282225396353436,-0.5652993245162389,0.8313509534330911,-1.604312016169849,-11.564142865987444,0.8313509534330911,-1.604312016169849,-11.564142865987444,0.34069034661346265,-9.352803437940945,-0.5674861660631106
8834834834.834835,0.3435954668495464,-9.279051491415123,-0.5763666983722003,0.8312144679232885,-1.6057381231521974,-11.577163362378,0.8312144679232885,-1.6057381231521974,-11.577163362378,0.34082651677846226,-9.349332477486536,-0.5799286599761626
8840840840.840841,0.3436620375777314,-9.277368785889976,-0.5874374820510615,0.8310986553368702,-1.6069484069812543,-11.59018509052686,0.8310986553368702,-1.6069484069812543,-11.59018509052686,0.34090288127586493,-9.347386562871813,-0.5923703104728549
8846846846.846848,0.34366967655146635,-9.277175716716973,-0.5985115147518598,0.8310035241099331,-1.6079426892214557,-11.603208755229836,0.8310035241099331,-1.6079426892214557,-11.603208755229836,0.34091947027096203,-9.346963900926744,-0.6048116141482802
8852852852.852852,0.34361840811818606,-9.278471569108854,-0.6095886379881558,0.8309290715277312,-1.6087209240480718,-11.616235061536884,0.8309290715277312,-1.6087209240480718,-11.616235061536884,0.3408763098025552,-9.348063605784905,-0.6172530658311379
8858858858.85886,0.34350825339721597,-9.281256475622435,-0.6206686938842926,0.8308752837430775,-1.6092831981329356,-11.629264714500255,0.8308752837430775,-1.6092831981329356,-11.629264714500255,0.3407734217742495,-9.350685697525954,-0.6296951579574539
8864864864.864864,0.3433392302844151,-9.285531416329318,-0.6317515234737741,0.8308421357899254,-1.6096297305330425,-11.642298418923197,0.8308421357899254,-1.6096297305330425,-11.642298418923197,0.3406108239603213,-9.354831102127893,-0.6421383799386002
8870870870.87087,0.3431113534734989,-9.291298220088342,-0.6428369649948186,0.8308295915921303,-1.6097608725821642,-11.65533687910916,0.8308295915921303,-1.6097608725821642,-11.65533687910916,0.34038853002614633,-9.360501652728946,-0.6545832175222442
8876876876.876877,0.34282463449406586,-9.298559566923096,-0.6539248521773257,0.8308376039674084,-1.6096771077854704,-11.668380798610901,0.8308376039674084,-1.6096771077854704,-11.668380798610901,0.3401065495631611,-9.36770009220405,-0.6670301521442007
8882882882.882883,0.34247908176627667,-9.307318991513585,-0.6650150125162819,0.8308661146265406,-1.6093790517168893,-11.681430879979448,0.8308661146265406,-1.6093790517168893,-11.681430879979448,0.3397648881383702,-9.376430077064631,-0.6794796602697664
8888888888.88889,0.3420747006722594,-9.317580887811626,-0.6761072655258669,0.8309150541678767,-1.6088674519189277,-11.694487824512468,0.8309150541678767,-1.6088674519189277,-11.694487824512468,0.33936354735838414,-9.386696182695976,-0.6919322127224181
8894894894.894894,0.341611493644284,-9.329350514794374,-0.6872014209689006,0.8309843420672219,-1.6081431878044115,-11.70755233200182,0.8309843420672219,-1.6081431878044115,-11.70755233200182,0.3389025249480041,-9.398503909950556,-0.7043882739983467
8900900900.900902,0.34108946026971493,-9.342634003374968,-0.6982972770557525,0.8310738866632004,-1.607207270559562,-11.720625100479952,0.8310738866632004,-1.607207270559562,-11.720625100479952,0.3383818148433706,-9.411859693120713,-0.7168483015646624
8906906906.906906,0.34050859741288697,-9.357438364490113,-0.709394618607002,0.8311835851382213,-1.6060608430475272,-11.733706825964854,0.8311835851382213,-1.6060608430475272,-11.733706825964854,0.33780140729972447,-9.426770909318462,-0.7293127451393036
8912912912.912914,0.33986889935398523,-9.37377149838996,-0.7204932151737222,0.8313133234951797,-1.604705179711493,-11.74679820220337,0.8313133234951797,-1.604705179711493,-11.74679820220337,0.3371612890137694,-9.443245889297057,-0.7417820459507132
8918918918.918919,0.3391703579450194,-9.391642205159865,-0.731592819108936,0.8314629765300507,-1.603141686476256,-11.75989992041239,0.8314629765300507,-1.603141686476256,-11.75989992041239,0.3364614432607287,-9.461293929751825,-0.7542566359747512
8924924924.924925,0.3384129627830871,-9.411060196505298,-0.7426931635839213,0.8316324078005571,-1.601371900646997,-11.7730126690179,0.8316324078005571,-1.601371900646997,-11.7730126690179,0.3357018500461169,-9.480925307145446,-0.7667369371469155
8930930930.930931,0.33759670140101655,-9.432036108838503,-0.7537939605421853,0.8318214695911011,-1.5993974908039226,-11.786137133391392,0.8318214695911011,-1.5993974908039226,-11.786137133391392,0.3348824862722901,-9.502151293107787,-0.7792233605470936
8936936936.936937,0.33672155947564275,-9.454581517706147,-0.7648948985839757,0.8320300028741872,-1.597220256691134,-11.799273995583501,0.8320300028741872,-1.597220256691134,-11.799273995583501,0.33400332591983595,-9.524984171466892,-0.7917163055543809
8942942942.942944,0.3357875210538527,-9.478708953605274,-0.7759956407735696,0.8322578372685635,-1.594842129098132,-11.812423934054555,0.8322578372685635,-1.594842129098132,-11.812423934054555,0.33306434024387277,-9.549437256974223,-0.8042161589691948
8948948948.948948,0.3347945687966435,-9.504431919237444,-0.7870958223612757,0.8325047909943425,-1.5922651697321024,-11.825587623401827,0.8325047909943425,-1.5922651697321024,-11.825587623401827,0.33206549798533364,-9.575524915794237,-0.8167232940997439
8954954954.954956,0.3337426842414598,-9.531764908255969,-0.7981950484113226,0.8327706708253856,-1.5894915710789073,-11.8387657340832,0.8327706708253856,-1.5894915710789073,-11.8387657340832,0.3310067655972896,-9.60326258783661,-0.8292380698096686
8960960960.96096,0.3326318480830181,-9.56072342556861,-0.8092928913265335,0.8330552720392358,-1.5865236562508276,-11.851958932137025,0.8330552720392358,-1.5865236562508276,-11.851958932137025,0.32988810748643693,-9.632666811015651,-0.841760829523449
8966966966.966967,0.33146204047293976,-9.59132400926141,-0.8203888882598719,0.8333583783649368,-1.583363878818575,-11.865167878898022,0.8333583783649368,-1.583363878818575,-11.865167878898022,0.3287094862697543,-9.663755247533308,-0.8542919001861146
8972972972.972973,0.3302332413384931,-9.623584254216631,-0.8314825384020593,0.8336797619290608,-1.5800148226253423,-11.878393230708848,0.8336797619290608,-1.5800148226253423,-11.878393230708848,0.32747086304650874,-9.696546712286965,-0.8668315911731366
8978978978.97898,0.3289454307207704,-9.657522837504214,-0.8425733001341458,0.8340191832003189,-1.5764792015802165,-11.891635638627317,0.8340191832003189,-1.5764792015802165,-11.891635638627317,0.32617219768560185,-9.731061203518296,-0.8793801931464574
8984984984.984985,0.3275985891326513,-9.693159545633096,-0.853660588032518,0.8343763909331342,-1.57275985942826,-11.90489574812894,0.8343763909331342,-1.57275985942826,-11.90489574812894,0.32481344912839233,-9.767319935826444,-0.891937976852048
8990990990.99099,0.3261926979369568,-9.730515303755524,-0.8647437697130297,0.8347511221105782,-1.5688597694944821,-11.918174198804678,0.8347511221105782,-1.5688597694944821,-11.918174198804678,0.32339457570706454,-9.805345375682421,-0.9045051918540377
8996996996.996998,0.32472773974518115,-9.769612206926698,-0.8758221625001246,0.8351431018871026,-1.5647820343986318,-11.931471624053762,0.8351431018871026,-1.5647820343986318,-11.931471624053762,0.32191553547860235,-9.845161279594633,-0.9170820652001572
9003003003.003002,0.3232036988372479,-9.810473553529832,-0.8868950299049451,0.8355520435315102,-1.5605298857377434,-11.944788650771315,0.8355520435315102,-1.5605298857377434,-11.944788650771315,0.32037628657447137,-9.88679273508827,-0.9296688000125345
9009009009.00901,0.32162056160278396,-9.853123880985672,-0.8979615778958766,0.8359776483706345,-1.5561066837331874,-11.958125899030836,0.8359776483706345,-1.5561066837331874,-11.958125899030836,0.31877678756604494,-9.930266204678205,-0.9422655739976092
9015015015.015015,0.3199783170044155,-9.897589003876021,-0.9090209509427288,0.8364196057342232,-1.551515916838776,-11.971483981761212,0.8364196057342232,-1.551515916838776,-11.971483981761212,0.3171169978458794,-9.975609573029827,-0.9548725378681434
9021021021.02102,0.31827695706360015,-9.943896054622364,-0.9200722278146435,0.8368775929015316,-1.5467612013065084,-11.984863504418378,0.8368775929015316,-1.5467612013065084,-11.984863504418378,0.31539687802483923,-10.022852197523132,-0.9674898136698687
9027027027.027027,0.31651647736965216,-9.992073526869525,-0.9311144171095476,0.8373512750501683,-1.5418462807062046,-11.998265064651326,0.8373512750501683,-1.5418462807062046,-11.998265064651326,0.31361639034517796,-10.072024962452495,-0.9801174930042404
9033033033.033033,0.3146968776125547,-10.042151321739727,-0.9421464524911828,0.8378403052077403,-1.5367750253953762,-12.0116892519626,0.8378403052077403,-1.5367750253953762,-12.0116892519626,0.3117754991095688,-10.123160337119366,-0.9927556351383929
9039039039.03904,0.3128181621402669,-10.094160797134224,-0.953167187607328,0.8383443242068834,-1.5315514319353674,-12.025136647363077,0.8383443242068834,-1.5315514319353674,-12.025136647363077,0.30987417112614185,-10.17629243809756,-1.0054042649920782
9045045045.045044,0.3108803405412703,-10.148134820274844,-0.964175390660158,0.8388629606442699,-1.526179622449812,-12.038607823021152,0.8388629606442699,-1.526179622449812,-12.038607823021152,0.3079123761695221,-10.231457095978895,-1.0180633709905573
9051051051.051052,0.30888342825319653,-10.204107823692617,-0.9751697385969206,0.8393958308442118,-1.5206638439213493,-12.052103341906212,0.8393958308442118,-1.5206638439213493,-12.052103341906212,0.30589008745790874,-10.288691926934966,-1.0307329027712895
9057057057.057056,0.306827447198408,-10.262115864888896,-0.9861488108859289,0.8399425388275034,-1.5150084674223225,-12.06562375742648,0.8399425388275034,-1.5150084674223225,-12.06562375742648,0.30380728214614644,-10.348036409465678,-1.043412768730741
9063063063.063065,0.3047124264475064,-10.322196689912246,-0.9971110828391788,0.8405026762861558,-1.5092179872752367,-12.079169613061339,0.8405026762861558,-1.5092179872752367,-12.079169613061339,0.3016639418347912,-10.40953196673949,-1.056102833396511
9069069069.069069,0.30253840291186396,-10.384389801113599,-1.008054918438778,0.8410758225647041,-1.5032970201385643,-12.09274144198805,0.8410758225647041,-1.5032970201385643,-12.09274144198805,0.2994600530951548,-10.473222054970572,-1.0688029146079294
9075075075.075075,0.30030542206632926,-10.448736529365084,-1.0189785626202124,0.8416615446487791,-1.497250304013468,-12.10633976670318,0.8416615446487791,-1.497250304013468,-12.10633976670318,0.2971956080102371,-10.539152258324302,-1.0815127804869118
9081081081.081081,0.2980135387034464,-10.51528011104952,-1.0298801329599132,0.84225939716166,-1.4910826971668794,-12.119965098638684,0.84225939716166,-1.4910826971668794,-12.119965098638684,0.2948706047315244,-10.607370390889777,-1.094232146178221
9087087087.087088,0.29566281772059766,-10.584065770154607,-1.0407576107093346,0.8428689223695341,-1.4847991769663824,-12.133617937772923,0.8428689223695341,-1.4847991769663824,-12.133617937772923,0.2924850480515486,-10.677926606314967,-1.106960670336389
9093093093.093094,0.2932533349416909,-10.655140805831724,-1.0516088311110294,0.8434896501962059,-1.4784048386222628,-12.147298772236748,0.8434896501962059,-1.4784048386222628,-12.147298772236748,0.2900389499921564,-10.750873515759885,-1.1196979513334842
9099099099.099098,0.2907851779751945,-10.728554685808742,-1.0624314729251545,0.8441210982480161,-1.4719048938320274,-12.16100807791489,0.8441210982480161,-1.4719048938320274,-12.16100807791489,0.28753233040835185,-10.826266314893747,-1.1324435231591425
9105105105.105106,0.2882584471104792,-10.8043591460795,-1.0732230470865967,0.8447627718497416,-1.4653046693226761,-12.174746318042953,0.8447627718497416,-1.4653046693226761,-12.174746318042953,0.2849652176076081,-10.9041629207379,-1.1451968509805925
9111111111.11111,0.2856732562547763,-10.882608297323886,-1.0839808844036896,0.8454141640922529,-1.4586096052860584,-12.188513942800185,0.8454141640922529,-1.4586096052860584,-12.188513942800185,0.282337648984584,-10.984624119240777,-1.1579573263265008
9117117117.117117,0.2830297339131881,-10.963358738553623,-1.0947021221992124,0.8460747558927204,-1.451825253702562,-12.202311388898476,0.8460747558927204,-1.451825253702562,-12.202311388898476,0.27964967167103744,-11.06771372457201,-1.170724261853964
9123123123.123123,0.2803280242146708,-11.046669678513917,-1.1053836897822016,0.8467440160681734,-1.4449572765483698,-12.216139079167872,0.8467440160681734,-1.4449572765483698,-12.216139079167872,0.27690134320089416,-11.153498751226355,-1.1834968856527315
9129129129.12913,0.2775682879871741,-11.13260306541656,-1.1160222926261623,0.847421401423198,-1.4380114438817648,-12.229997422138968,0.847421401423198,-1.4380114438817648,-12.229997422138968,0.27409273219031416,-11.242049600154116,-1.19627433503479
9135135135.135136,0.2747507038855304,-11.221223725626457,-1.1266143951135874,0.848106356852603,-1.430993631803593,-12.243886811622716,0.848106356852603,-1.430993631803593,-12.243886811622716,0.27122391903265747,-11.333440260271209,-1.2090556497506837
9141141141.14114,0.2718754695763272,-11.312599511967331,-1.1371562016895775,0.8487983154598342,-1.4239098202875786,-12.257807626287967,0.8487983154598342,-1.4239098202875786,-12.257807626287967,0.26829499660826667,-11.427748526858046,-1.2218397645659023
9147147147.147148,0.2689428029843444,-11.406801462370845,-1.147643636247554,0.849496698691962,-1.416766090875754,-12.271760229237415,0.849496698691962,-1.416766090875754,-12.271760229237415,0.2653060710090167,-11.525056238532947,-1.234625501121833
9153153153.153152,0.2659529436060457,-11.503903969640133,-1.1580723195472309,0.8502009164920235,-1.409568624234801,-12.285744967582277,0.8502009164920235,-1.409568624234801,-12.285744967582277,0.26225726227760565,-11.625449534686501,-1.2474115589949635
9159159159.15916,0.2629061538961061,-11.603984963164358,-1.1684375444395927,0.850910367469529,-1.402323697568806,-12.299762172016568,0.850910367469529,-1.402323697568806,-12.299762172016568,0.25914870516160354,-11.72901913549154,-1.2601965058562712
9165165165.165165,0.259802720734168,-11.70712610347007,-1.1787342486433028,0.8516244390898894,-1.3950376818845278,-12.31381215639125,0.8516244390898894,-1.3950376818845278,-12.31381215639125,0.2559805498824263,-11.835860646860104,-1.2729787666179824
9171171171.171171,0.25664295697969813,-11.813412990567624,-1.1889569847838048,0.852342507883557,-1.3877170391049012,-12.327895217289274,0.852342507883557,-1.3877170391049012,-12.327895217289274,0.2527529629193508,-11.94607489301957,-1.2857566114392889
9177177177.177177,0.25342720312433187,-11.922935387102612,-1.199099887366329,0.8530639396756008,-1.3803683190272467,-12.342011633601885,0.8530639396756008,-1.3803683190272467,-12.342011633601885,0.24946612780898814,-12.05976827971267,-1.2985281424423916
9183183183.183184,0.25015582905230005,-12.035787457390052,-1.2091566363097774,0.8537880898364657,-1.3729981561223288,-12.356161666107175,0.8537880898364657,-1.3729981561223288,-12.356161666107175,0.24612024596057014,-12.177053191421361,-1.3112912789686517
9189189189.18919,0.24682923592122924,-12.152068023466395,-1.219120416615717,0.8545143035546009,-1.365613266171052,-12.370345557051518,0.8545143035546009,-1.365613266171052,-12.370345557051518,0.24271553748779454,-12.298048426453615,-1.3240437411776063
9195195195.195194,0.24344785817756048,-12.271880839347443,-1.2289838736870755,0.8552419161316328,-1.3582204427356104,-12.384563529734738,0.8552419161316328,-1.3582204427356104,-12.384563529734738,0.23925224205804924,-12.422879674251092,-1.3367830317608662
9201201201.201202,0.24001216572296627,-12.395334884730769,-1.2387390637411844,0.8559702533007316,-1.3508265534621269,-12.398815788099935,0.8559702533007316,-1.3508265534621269,-12.398815788099935,0.2357306197601646,-12.55168003986727,-1.3495064155061138
9207207207.207207,0.23652266625095553,-12.522544679409023,-1.2483773986808828,0.8566986315687504,-1.3434385362124412,-12.41310251632867,0.8566986315687504,-1.3434385362124412,-12.41310251632867,0.2321509519922564,-12.684590621249612,-1.3622108964029156
9213213213.213213,0.23297990777569444,-12.653630619685421,-1.2578895846935734,0.8574263585827185,-1.3360633950225664,-12.42742387844272,0.8574263585827185,-1.3360633950225664,-12.42742387844272,0.228513542371476,-12.821761145762114,-1.3748931919306908
9219219219.21922,0.22938448137902553,-12.788719338061256,-1.2672655537383999,0.8581527335211826,-1.328708195886129,-12.441780017913079,0.8581527335211826,-1.328708195886129,-12.441780017913079,0.22481871766821507,-12.9633506733038,-1.387549704107426
9225225225.225225,0.22573702420565483,-12.927944087429212,-1.2764943869539036,0.8588770475108658,-1.3213800623611613,-12.456171057277388,0.8588770475108658,-1.3213800623611613,-12.456171057277388,0.22106682876774586,-13.109528374467628,-1.4001764868043065
9231231231.231232,0.22203822274186064,-13.071445150897567,-1.2855642288689078,0.8595985840690473,-1.3140861709991813,-12.470597097766746,0.8595985840690473,-1.3140861709991813,-12.470597097766746,0.2172582516631923,-13.260474393444614,-1.4127692087433295
9237237237.237236,0.2182888164188527,-13.21937027821268,-1.294462191124605,0.8603166195720031,-1.306833746595904,-12.485058218942985,0.8603166195720031,-1.306833746595904,-12.485058218942985,0.21339338848458528,-13.416380806866616,-1.425323111488319
9243243243.243244,0.2144896015892864,-13.371875149478695,-1.3031742442099497,0.8610304237497899,-1.2996300572633201,-12.499554478347516,0.8610304237497899,-1.2996300572633201,-12.499554478347516,0.2094726685699399,-13.577452691528853,-1.4378329616116645
9249249249.249249,0.2106414359338909,-13.52912386649024,-1.3116850954709487,0.8617392602075793,-1.2924824093234164,-12.514085911162754,0.8617392602075793,-1.2924824093234164,-12.514085911162754,0.20549654958575503,-13.743909315996403,-1.4502929960625865
9255255255.255257,0.2067452433653558,-13.691289471439843,-1.3199780513704826,0.8624423869736764,-1.2853981420242868,-12.528652529887434,0.8624423869736764,-1.2853981420242868,-12.528652529887434,0.20146551870600962,-13.91598547354845,-1.462696859572931
9261261261.261261,0.20280201950892626,-13.858554491979564,-1.3280348616392703,0.8631390570742756,-1.278384622079927,-12.543254324026817,0.8631390570742756,-1.278384622079927,-12.543254324026817,0.19738009386093802,-14.093932976820476,-1.4750375327031329
9267267267.267267,0.19881283785374737,-14.03111151054183,-1.335835542563142,0.8638285191349243,-1.2714492380355549,-12.557891259799057,0.8638285191349243,-1.2714492380355549,-12.557891259799057,0.19324082506951987,-14.278022337975031,-1.487307248844678
9273273273.273273,0.1947788566867203,-14.20916375434788,-1.343358176183465,0.8645100180085813,-1.264599394460793,-12.572563279858887,0.8645100180085813,-1.264599394460793,-12.572563279858887,0.18904829587298316,-14.468544662383902,-1.499497398141065
9279279279.27928,0.19070132694191902,-14.392925700532611,-1.3505786816335557,0.8651827954300527,-1.257842505973804,-12.587270303039794,0.8651827954300527,-1.257842505973804,-12.587270303039794,0.18480312489067222,-14.66581378880077,-1.5115984158492073
9285285285.285286,0.1865816011244072,-14.582623688114566,-1.3574705541783523,0.8658460906965004,-1.251185991099949,-12.602012224115978,0.8658460906965004,-1.251185991099949,-12.602012224115978,0.18050596752492482,-14.870168715021887,-1.5235996521138626
9291291291.29129,0.18242114349861943,-14.778496524909785,-1.3640045667479572,0.866499141373624,-1.244637265969128,-12.616788913585225,0.866499141373624,-1.244637265969128,-12.616788913585225,0.17615751784808525,-15.081976355329584,-1.535489219437789
9297297297.297298,0.17822154176955513,-14.9807960726244,-1.3701484278363114,0.8671411840269951,-1.238203737856796,-12.631600217473942,0.8671411840269951,-1.238203737856796,-12.631600217473942,0.17175851071309275,-15.301634684883973,-1.547253813258844
9303303303.303303,0.173984520531436,-15.189787786857147,-1.375866388550168,0.8677714549779305,-1.2318927985741381,-12.646445957165522,0.8677714549779305,-1.2318927985741381,-12.646445957165522,0.1673097241396347,-15.529576337063343,-1.5588784999387846
9309309309.309309,0.1697119568153451,-15.405751180046451,-1.381118790310387,0.8683891910831862,-1.2257118177135289,-12.661325929253357,0.8683891910831862,-1.2257118177135289,-12.661325929253357,0.16281198204135863,-15.766272733044879,-1.5703464650527093
9315315315.315315,0.1654058981369575,-15.628980163787533,-1.3858615432010035,0.8689936305376165,-1.2196681357563284,-12.67623990541945,0.8689936305376165,-1.2196681357563284,-12.67623990541945,0.1582661573771966,-16.012238839285025,-1.5816387130465834
9321321321.321321,0.1610685835309129,-15.859783211443286,-1.3900455231973021,0.8695840136988678,-1.213769057050341,-12.691187632340064,0.8695840136988678,-1.213769057050341,-12.691187632340064,0.15367317583237636,-16.268038668828616,-1.5927337069686647
9327327327.327328,0.15670246816366395,-16.09848326125768,-1.3936158744575697,0.8701595839330202,-1.2080218426654117,-12.706168831619305,0.8701595839330202,-1.2080218426654117,-12.706168831619305,0.14903402016460499,-16.534291667552324,-1.6036069338960162
9333333333.333332,0.15231025224606745,-16.345417252512423,-1.3965112005131957,0.8707195884800084,-1.2024337031359018,-12.721183199751879,0.8707195884800084,-1.2024337031359018,-12.721183199751879,0.14434973538995965,-16.811680157907777,-1.6142303776178515
9339339339.33934,0.14789491512674494,-16.60093515026614,-1.3986626255404284,0.8712632793375182,-1.1970117910997473,-12.736230408116093,0.8712632793375182,-1.1970117910997473,-12.736230408116093,0.13962143503533356,-17.10095805217283,-1.6245718747486246
9345345345.345345,0.14345975564398758,-16.865398264736044,-1.3999927039777402,0.8717899141619389,-1.1917631938443956,-12.751310102997975,0.8717899141619389,-1.1917631938443956,-12.751310102997975,0.1348503087544278,-17.402961096911344,-1.6345943232282074
9351351351.351353,0.1390084400560111,-17.13917660520965,-1.400414153669481,0.8722987571848548,-1.186694925770459,-12.76642190564776,0.8722987571848548,-1.186694925770459,-12.76642190564776,0.1300376316993606,-17.718618973192967,-1.6442547024152154
9357357357.357357,0.13454505916663792,-17.42264491988693,-1.399828384676251,0.8727890801434213,-1.1818139207848166,-12.781565412369371,0.8727890801434213,-1.1818139207848166,-12.781565412369371,0.12518477617055043,-18.04896965687757,-1.653502850667726
9363363363.363363,0.13007419662581532,-17.71617695492762,-1.3981237932930164,0.8732601632228743,-1.1771270246353334,-12.796740194644013,0.8732601632228743,-1.1771270246353334,-12.796740194644013,0.12029322624820041,-18.395176544783112,-1.6622799279453482
9369369369.36937,0.1256010108235074,-18.020137308583948,-1.3951737893523697,0.8737112960093233,-1.1726409871999712,-12.811945799288502,0.8737112960093233,-1.1726409871999712,-12.811945799288502,0.11536459636240445,-18.758548981920335,-1.6705164653557731
9375375375.375376,0.12113133331948991,-18.334870047525303,-1.3908345257416734,0.8741417784508464,-1.168362454743856,-12.827181748649181,0.8741417784508464,-1.168362454743856,-12.827181748649181,0.11040065511898478,-19.140566989796557,-1.6781298674197727
9381381381.381382,0.11667178736510261,-18.660682977284225,-1.384942304179748,0.8745509218248317,-1.164297962158201,-12.842447540832008,0.8745509218248317,-1.164297962158201,-12.842447540832008,0.10540335621682287,-19.542911205004543,-1.6850211811574263
9387387387.387386,0.11222993076748188,-18.997826099801763,-1.377310643831425,0.8749380497094107,-1.1604539251955628,-12.857742649969442,0.8749380497094107,-1.1604539251955628,-12.857742649969442,0.10037487905003781,-19.96749930060305,-1.691070871240786
9393393393.393394,0.10781442809041962,-19.34646233015376,-1.367727024278954,0.8753024989567271,-1.156836632716503,-12.873066526524608,0.8753024989567271,-1.156836632716503,-12.873066526524608,0.09531768271275619,-20.416530488344634,-1.6961332304565402
9399399399.399399,0.10343525790240747,-19.70662796712122,-1.3559493594816043,0.875643620665716,-1.153452238963083,-12.888418597633086,0.875643620665716,-1.153452238963083,-12.888418597633086,0.09023457882124777,-20.892540088744003,-1.7000288906147851
9405405405.405407,0.09910396131609515,-20.078179716886247,-1.3417023364090996,0.8759607811519987,-1.1503067558749447,-12.903798267482742,0.8759607811519987,-1.1503067558749447,-12.903798267482742,0.085128831176566,-21.398466589066114,-1.7025346502832688
9411411411.411411,0.09483393812435603,-20.46072428647099,-1.3246738783456249,0.876253362912411,-1.1474060454643147,-12.919204917731665,0.876253362912411,-1.1474060454643147,-12.919204917731665,0.08000429437951614,-21.937734016343175,-1.703369452306304
9417417417.417418,0.09064079591426953,-20.853525792006664,-1.3045121927385515,0.8765207655816554,-1.1447558122662747,-12.934637907964495,0.8765207655816554,-1.1447558122662747,-12.934637907964495,0.07486561005519843,-22.51435264282169,-1.7021747427897806
9423423423.423424,0.08654275477319943,-21.25538569470384,-1.2808241686337782,0.8767624068784937,-1.1423615958811586,-12.950096576186924,0.8767624068784937,-1.1423615958811586,-12.950096576186924,0.06971849006324105,-23.133040544925187,-1.6984864836910094
9429429429.42943,0.08256110422019837,-21.664490143423514,-1.2531763353057979,0.8769777235388742,-1.1402287636259565,-12.965580239358435,0.8769777235388742,-1.1402287636259565,-12.965580239358435,0.06457013405157466,-23.799366239422707,-1.691694533748118
9435435435.435436,0.07872069775363523,-22.07822130240561,-1.2211002107074431,0.8771661722333617,-1.138362503311739,-12.98108819396294,0.8771661722333617,-1.138362503311739,-12.98108819396294,0.05942985965451368,-24.519905906813676,-1.6809825466914676
9441441441.44144,0.07505045111672645,-22.492933858709705,-1.1841046490440112,0.8773272304662124,-1.1367678161643033,-12.996619716617037,0.8773272304662124,-1.1367678161643033,-12.996619716617037,0.0543100782903632,-25.302391423047016,-1.6652372659330064
9447447447.447449,0.07158377985353215,-22.903707463935493,-1.1416986391027053,0.8774603974534438,-1.1354495099050812,-13.012174064715435,0.8774603974534438,-1.1354495099050812,-13.012174064715435,0.0492278485423927,-26.15578288502606,-1.6429089968091555
9453453453.453453,0.06835886762065167,-23.30410280146477,-1.0934286097189818,0.8775651949772508,-1.1344121920093904,-13.027750477112804,0.8775651949772508,-1.1344121920093904,-13.027750477112804,0.0442074225287951,-27.09009610955189,-1.6117935494659505
9459459459.45946,0.06541860058685293,-23.685975007922394,-1.0389340350880114,0.877641168214145,-1.1336602631589032,-13.043348174841686,0.877641168214145,-1.1336602631589032,-13.043348174841686,0.03928454453141384,-28.11556555479326,-1.5686890603313586
9465465465.465466,0.06280994607861935,-24.039431588619102,-0.9780229532249235,0.8776878865342204,-1.1331979109050636,-13.058966361865242,0.8776878865342204,-1.1331979109050636,-13.058966361865242,0.034513897124944966,-29.24011999452305,-1.508864117689045
9471471471.471472,0.06058252304919166,-24.353052875750222,-0.9107636419005811,0.8777049442690052,-1.133029103559811,-13.07460422586427,0.8777049442690052,-1.133029103559811,-13.07460422586427,0.029982170078043432,-30.462738731414653,-1.4252934911747395
9477477477.477478,0.058786155886630005,-24.614498760772882,-0.837579471497534,0.8776919614454076,-1.1331575843297093,-13.09026093905715,0.8776919614454076,-1.1331575843297093,-13.09026093905715,0.025830491961899855,-31.75734644540414,-1.307837967330708
9483483483.483482,0.05746737769378561,-24.811572395972995,-0.7593224897639892,0.87764858448334,-1.133586865709102,-13.10593565905177,0.87764858448334,-1.133586865709102,-13.10593565905177,0.022288441529144946,-33.03840595112663,-1.143514057593943
9489489489.48949,0.056665177642881356,-24.93367490799595,-0.6772931839386218,0.8775744868546965,-1.1343202241473906,-13.121627529728041,0.8775744868546965,-1.1343202241473906,-13.121627529728041,0.019704405397216806,-34.10873331858503,-0.9216576919050283
9495495495.495495,0.05640669657108909,-24.973386675216158,-0.5931778458071538,0.8774693697014402,-1.1353606950050654,-13.137335682149523,0.8774693697014402,-1.1353606950050654,-13.137335682149523,0.018500536916253033,-34.6563133493643,-0.6491502063295549
9501501501.501503,0.05670386806581283,-24.927746292215875,-0.5088969153039293,0.8773329624106788,-1.1367110678124015,-13.153059235502955,0.8773329624106788,-1.1367110678124015,-13.153059235502955,0.018955665757459335,-34.44521915515099,-0.3641450223150265
9507507507.507507,0.05755194243290614,-24.798800278683267,-0.42639194555636223,0.8771650231447236,-1.1383738818440499,-13.168797298063735,0.8771650231447236,-1.1383738818440499,-13.168797298063735,0.020972923885369133,-33.566820385673964,-0.1148564930785053
9513513513.513514,0.058930337355115825,-24.593221454341414,-0.34740677238939915,0.8769653393242555,-1.1403514220220143,-13.18454896818597,0.8769653393242555,-1.1403514220220143,-13.18454896818597,0.02417228294468202,-32.333646616624115,0.07676507716287088
9519519519.51952,0.060805537372908385,-24.321137381323634,-0.2733212605620209,0.876733728062869,-1.1426457151586698,-13.200313335315027,0.876733728062869,-1.1426457151586698,-13.200313335315027,0.028159312552716406,-31.007559034778982,0.21530528185166092
9525525525.525526,0.06313519127575878,-23.99456998892451,-0.20507163500306663,0.8764700365514133,-1.1452585265505886,-13.216089481020976,0.8764700365514133,-1.1452585265505886,-13.216089481020976,0.03265057214697649,-29.722184080673944,0.3138085824861745
9531531531.531532,0.06587239427726321,-23.62593101764125,-0.14315664515542934,0.8761741423907137,-1.1481913569330275,-13.231876480050804,0.8761741423907137,-1.1481913569330275,-13.231876480050804,0.03746761251133717,-28.526879597524456,0.38400694033672067
9537537537.537537,0.06896936894823875,-23.226874953485343,-0.08770368505729717,0.8758459538714222,-1.1514454398039595,-13.247673401397433,0.8758459538714222,-1.1514454398039595,-13.247673401397433,0.042501139097294485,-27.431988600386774,0.43436392838055876
9543543543.543545,0.07238015718030003,-22.80760956231189,-0.03856187168738669,0.8754854101999344,-1.1550217391254158,-13.26347930938347,0.8754854101999344,-1.1550217391254158,-13.26347930938347,0.04768309241614017,-26.432711736617005,0.4706227501175726
9549549549.54955,0.07606228865906199,-22.376612222441455,0.004604368253371904,0.8750924816694746,-1.1589209474090205,-13.27929326475751,0.8750924816694746,-1.1589209474090205,-13.27929326475751,0.0529696654145003,-25.519455405964344,0.49665169224704736
9555555555.555555,0.07997759947185222,-21.940632707169208,0.04223625812257626,0.8746671697756608,-1.163143484191288,-13.295114325800895,0.8746671697756608,-1.163143484191288,-13.295114325800895,0.05833157211808062,-24.681926371277445,0.5150893890498767
9561561561.561562,0.08409244421200705,-21.5048604846238,0.07482136577536012,0.8742095072760407,-1.1676894949032899,-13.310941549442578,0.8742095072760407,-1.1676894949032899,-13.310941549442578,0.06374847381471434,-23.91060416196861,0.5277716889070982
9567567567.567568,0.08837752848870306,-21.073162956295192,0.10285314232487822,0.8737195581932921,-1.1725588501380668,-13.326773992379916,0.8737195581932921,-1.1725588501380668,-13.326773992379916,0.06920571907754523,-23.19716028971195,0.536003779554511
9573573573.573574,0.0928075367025568,-20.648335084367186,0.12680573573422574,0.8731974177619767,-1.177751145318039,-13.342610712203152,0.8731974177619767,-1.177751145318039,-13.342610712203152,0.074692382849452,-22.53447370803604,0.5407334296900118
9579579579.579578,0.09736067393487044,-20.23232857124134,0.14711998045575736,0.8726432123189436,-1.1832657007634257,-13.35845076852115,0.8726432123189436,-1.1832657007634257,-13.35845076852115,0.08020005173220196,-21.916507031572937,0.5426626706898291
9585585585.585587,0.10201819479325838,-19.826447311109945,0.16419696716035292,0.8720570991376655,-1.1891015621616032,-13.374293224086326,0.8720570991376655,-1.1891015621616032,-13.374293224086326,0.08572204987340838,-21.33814904423612,0.5423210966488212
9591591591.59159,0.10676395925344105,-19.43150658265899,0.17839642537329348,0.8714392662070067,-1.195257501435995,-13.390137145916189,0.8714392662070067,-1.195257501435995,-13.390137145916189,0.09125293244776593,-20.795063408570563,0.5401149273323113
9597597597.597599,0.11158403428747089,-19.047958817087313,0.19003795599688225,0.8707899319550929,-1.2017320180121576,-13.405981606409588,0.8707899319550929,-1.2017320180121576,-13.405981606409588,0.09678814613869088,-20.283556569078108,0.5363604992960801
9603603603.603603,0.11646634735697252,-18.67599089507177,0.19940380055689905,0.870109344919171,-1.208523340477279,-13.421825684455037,0.870109344919171,-1.208523340477279,-13.421825684455037,0.10232379653059383,-19.800467091131665,0.5313075626783855
9609609609.60961,0.12140039085157962,-18.315598300732354,0.20674231068930257,0.8693977833625144,-1.2156294286284024,-13.437668466529287,0.8693977833625144,-1.2156294286284024,-13.437668466529287,0.10785648557431687,-19.343074699786648,0.525155777051574
9615615615.615616,0.12637697311493545,-17.966641014766367,0.2122716101537164,0.8686555548396202,-1.2230479759034312,-13.45350904778367,0.8686555548396202,-1.2230479759034312,-13.45350904778367,0.11338319598455607,-18.909026110264058,0.5180665866184017
9621621621.621622,0.13138801035087705,-17.62888527939504,0.21618315855504588,0.8678829957111134,-1.2307764121879834,-13.46934653311629,0.8678829957111134,-1.2307764121879834,-13.46934653311629,0.11890120769839557,-18.496274683221575,0.5101719012272533
9627627627.627628,0.13642635349965007,-17.30203457687934,0.21864506390588953,0.867080470609944,-1.238811906990034,-13.48518003822796,0.867080470609944,-1.238811906990034,-13.48518003822796,0.12440803663537957,-18.103031274951892,0.5015805330848395
9633633633.633633,0.14148564454898774,-16.98575244794322,0.21980507589440548,0.8662483718606111,-1.2471513729734005,-13.501008690659896,0.8662483718606111,-1.2471513729734005,-13.501008690659896,0.1299013892285226,-17.727724086922002,0.49238303241676046
9639639639.63964,0.14656019736756148,-16.67967917652871,0.21979324175101053,0.8653871188533121,-1.2557914698399832,-13.51683163081126,0.8653871188533121,-1.2557914698399832,-13.51683163081126,0.13537912827716264,-17.36896573410552,0.48265536466607645
9645645645.645645,0.15164489883868937,-16.383443885565523,0.21872423461868465,0.8644971573750302,-1.2647286085500031,-13.532648012934704,0.8644971573750302,-1.2647286085500031,-13.532648012934704,0.14083924703998915,-17.02552610873856,0.4724617383463939
9651651651.651651,0.15673512673764048,-16.09667321182559,0.21669937872962589,0.8635789588997187,-1.2739589558684228,-13.548457006108274,0.8635789588997187,-1.2739589558684228,-13.548457006108274,0.14627984940077698,-16.69630990904317,0.46185680249279365
9657657657.657658,0.16182668139419282,-15.81899743853479,0.2138084019061304,0.8626330198398428,-1.2834784392250822,-13.564257795181863,0.8626330198398428,-1.2834784392250822,-13.564257795181863,0.1516991345604308,-16.38033793689577,0.4508873708362242
9663663663.663664,0.16691572869999502,-15.550054744454222,0.21013094737362928,0.8616598607616458,-1.2932827518752936,-13.580049581696864,0.8616598607616458,-1.2932827518752936,-13.580049581696864,0.15709538513757107,-16.076731453716807,0.43959378685704803
9669669669.66967,0.17199875245695753,-15.28949406220067,0.20573787573328792,0.8606600255665973,-1.3033673583469887,-13.595831584777407,0.8606600255665973,-1.3033673583469887,-13.595831584777407,0.16246695785957455,-15.784699029504523,0.42801101361483285
9675675675.675674,0.17707251442616556,-15.036976913909479,0.20069238548953366,0.8596340806415553,-1.3137275001599091,-13.611603041991984,0.8596340806415553,-1.3137275001599091,-13.611603041991984,0.1678122762386023,-15.503525434190852,0.41616951068130037
9681681681.681683,0.1821340207355605,-14.792178498958418,0.19505097753305511,0.8585826139802358,-1.3243582018018647,-13.627363210184182,0.8585826139802358,-1.3243582018018647,-13.627363210184182,0.17312982477963074,-15.232562210200896,0.4040959449495809
9687687687.687687,0.18718049354888552,-14.554788238612485,0.18886428588369755,0.8575062342786438,-1.3352542769464852,-13.64311136627137,0.8575062342786438,-1.3352542769464852,-13.64311136627137,0.1784181443782221,-14.971219635672783,0.39181377075508683
9693693693.693695,0.19220934709770526,-14.324509930201714,0.18217779403799772,0.8564055700071361,-1.3464103348967595,-13.658846808010509,0.8564055700071361,-1.3464103348967595,-13.658846808010509,0.1836758286471191,-14.718959843494016,0.3793437063943785
9699699699.6997,0.19721816733996297,-14.101061624399062,0.1750324535601374,0.8552812684618447,-1.3578207872379706,-13.674568854729985,0.8552812684618447,-1.3578207872379706,-13.674568854729985,0.1889015209708948,-14.47529090544819,0.3667041279210732
9705705705.705706,0.20220469464038734,-13.884175309940293,0.1674652191482253,0.8541339947981512,-1.3694798546839093,-13.690276848027018,0.8541339947981512,-1.3694798546839093,-13.690276848027018,0.19409391213316263,-14.23976172586878,0.35391139644073855
9711711711.711712,0.20716680897477513,-13.673596468281167,0.15950951230567506,0.8529644310489636,-1.3813815740994582,-13.70597015242965,0.8529644310489636,-1.3813815740994582,-13.70597015242965,0.19925173839475657,-14.01195761726117,0.34098013160315077
9717717717.717718,0.2121025172475616,-13.469083544309186,0.15119562393237554,0.851773275130469,-1.3935198056831708,-13.721648156023157,0.851773275130469,-1.3935198056831708,-13.721648156023157,0.20437377992745115,-13.79149645286515,0.32792344130194373
9723723723.723724,0.2170099423828001,-13.270407366985905,0.14255106459777458,0.8505612398380623,-1.4058882402929442,-13.737310271040242,0.8505612398380623,-1.4058882402929442,-13.737310271040242,0.20945885952764448,-13.57802530929278,0.31475311552559715
9729729729.729729,0.22188731390690467,-13.077350544609418,0.13360086993583917,0.8493290518350819,-1.4184804068982233,-13.752955934414826,0.8493290518350819,-1.4184804068982233,-13.752955934414826,0.2145058415499048,-13.371217527082091,0.30147979070409453
9735735735.735737,0.22673295978884953,-12.889706852524608,0.1243678674806452,0.8480774506369451,-1.4312896801421928,-13.768584608299351,0.8480774506369451,-1.4312896801421928,-13.768584608299351,0.21951363101246904,-13.170770128966332,0.2881130896480431
9741741741.741741,0.2315452993424775,-12.707280625973157,0.11487291031309813,0.8468071875932314,-1.4443092879974597,-13.784195780545332,0.8468071875932314,-1.4443092879974597,-13.784195780545332,0.2244811728360509,-12.97640154544345,0.274661741199024
9747747747.747747,0.23632283702780188,-12.529886166935364,0.10513508208769905,0.845519024870162,-1.4575323194992604,-13.799788965147492,0.845519024870162,-1.4575323194992604,-13.799788965147492,0.22940745118509287,-12.787849605241151,0.26113368293632194
9753753753.753754,0.24106415701446593,-12.357347170968769,0.09517187733116601,0.8442137344358831,-1.4709517325401613,-13.815363702651418,0.8442137344358831,-1.4709517325401613,-13.815363702651418,0.23429148888634968,-12.604869754892219,0.2475361496725164
9759759759.75976,0.24576791839251305,-12.189496177928167,0.084999360333523,0.8428920970508538,-1.4845603617107994,-13.830919560525121,0.8428920970508538,-1.4845603617107994,-13.830919560525121,0.23913234690464455,-12.427233477096935,0.233875749979296
9765765765.765766,0.25043285093383866,-12.026174048888425,0.07463230546848044,0.8415549012655472,-1.4983509261715624,-13.846456133494863,0.8415549012655472,-1.4983509261715624,-13.846456133494863,0.2439291238594491,-12.254726882093722,0.22015853259173765
9771771771.771772,0.2550577513227287,-11.86722947045158,0.06408432137203944,0.8402029424275843,-1.5123160375405016,-13.861973043845682,0.8402029424275843,-1.5123160375405016,-13.861973043845682,0.24868095556908365,-12.087149450045565,0.2063900442213585
9777777777.777779,0.25964147978657315,-11.712518486788719,0.053367961061641704,0.8388370217003127,-1.5264482077832195,-13.877469941687131,0.8388370217003127,-1.5264482077832195,-13.877469941687131,0.25338701461187246,-11.924312905619086,0.19257538005062705
9783783783.783783,0.26418295706840866,-11.561904059175294,0.042494819785304304,0.8374579450947213,-1.5407398570911643,-13.892946505184991,0.8374579450947213,-1.5407398570911643,-13.892946505184991,0.25804650989580197,-11.766040208590113,0.17871922797139875
9789789789.789791,0.26868116169177425,-11.415255652365175,0.03147562214080561,0.8360665225164791,-1.5551833217351603,-13.908402440759494,0.8360665225164791,-1.5551833217351603,-13.908402440759494,0.2626586862297652,-11.612164646558568,0.164825907458164
9795795795.795795,0.273135127475858,-11.272448846866077,0.020320299793352606,0.8346635668297715,-1.5697708618815955,-13.923837483250963,0.8346635668297715,-1.5697708618815955,-13.923837483250963,0.26722282389110574,-11.462529017744272,0.15089940382527053
9801801801.801802,0.27754394126522913,-11.133364975995551,0.009038060939397286,0.8332498929394606,-1.5844946693595552,-13.939251396053734,0.8332498929394606,-1.5844946693595552,-13.939251396053734,0.2717382381852244,-11.316984893447962,0.13694339850090542
9807807807.807808,0.281906740843641,-10.997890786491642,-0.0023625474893725117,0.8318263168930125,-1.5993468753674267,-13.954643971219111,0.8318263168930125,-1.5993468753674267,-13.954643971219111,0.27620427899402583,-11.175391951129026,0.12296129585388753
9813813813.813814,0.2862227130061127,-10.865918121389903,-0.013873584020016462,0.8303936550034745,-1.6143195581085512,-13.970015029528525,0.8303936550034745,-1.6143195581085512,-13.970015029528525,0.280620330310898,-11.037617370216065,0.10895624702864282
9819819819.81982,0.2904910917671458,-10.737343623868323,-0.025487662480906517,0.8289527229946745,-1.6294047503460218,-13.985364420537804,0.8289527229946745,-1.6294047503460218,-13.985364420537804,0.28498580976044563,-10.90353528377105,0.09493117117696
9825825825.825825,0.29471115668623066,-10.612068460771926,-0.037197906840466234,0.8275043351696953,-1.644594446867348,-14.000692022593597,0.8275043351696953,-1.644594446867348,-14.000692022593597,0.28930016810191433,-10.773026279981055,0.08088877441859403
9831831831.831833,0.2988822312946935,-10.489998064557044,-0.04899791047295052,0.8260493036035429,-1.6598806118505438,-14.015997742823135,0.8260493036035429,-1.6598806118505438,-14.015997742823135,0.2935628887156533,-10.645976948192185,0.06683156681551279
9837837837.837837,0.30300368161011976,-10.371041892445923,-0.06088169935372425,0.8245884373607995,-1.675255186123913,-14.031281517098353,0.8245884373607995,-1.675255186123913,-14.031281517098353,0.2977734870723601,-10.522279464837624,0.05276187760482151
9843843843.843845,0.30707491472681986,-10.255113201629953,-0.07284369874867797,0.8231225417389412,-1.6907100943124536,-14.046543309975723,0.8231225417389412,-1.6907100943124536,-14.046543309975723,0.30193151018527836,-10.401831215160186,0.038681868901391143
9849849849.84985,0.31109537747234517,-10.142128839424629,-0.08487870301540427,0.8216524175378825,-1.7062372518644573,-14.06178311461268,0.8216524175378825,-1.7062372518644573,-14.06178311461268,0.30603653604562886,-10.284534447112987,0.024593548053024068
9855855855.855856,0.31506455512175463,-10.03200904733494,-0.0969818481808395,0.8201788603561697,-1.7218285719528623,-14.077000952662177,0.8201788603561697,-1.7218285719528623,-14.077000952662177,0.31008817304195735,-10.170295954232305,0.010498778806004437
9861861861.861862,0.31898197016241986,-9.924677278057732,-0.10914858699962528,0.818702659914164,-1.7374759722462652,-14.092196874146325,0.818702659914164,-1.7374759722462652,-14.092196874146325,0.3140860593641785,-10.059026784641798,-0.0036007085813165103
9867867867.867868,0.32284718110343147,-9.820060024504283,-0.12137466623284383,0.8172245994044155,-1.7531713815455199,-14.10737095731045,0.8172245994044155,-1.7531713815455199,-14.10737095731045,0.3180298623932487,-9.950641973663561,-0.017703308157431964
9873873873.873875,0.32665978132447276,-9.718086659990396,-0.13365610591713112,0.815745454869338,-1.7689067462823531,-14.122523308458803,0.815745454869338,-1.7689067462823531,-14.122523308458803,0.32191927807755966,-9.845060297787441,-0.03180752992475712
9879879879.879879,0.33041939795990494,-9.618689288797317,-0.14598918042061818,0.8142659946061943,-1.7846740368771055,-14.137654061773027,0.8142659946061943,-1.7846740368771055,-14.137654061773027,0.3257540302972096,-9.74220404799377,-0.0459119922236557
9885885885.885887,0.3341256908145464,-9.521802606361078,-0.15837040110564674,0.8127869785992822,-1.8004652539535528,-14.152763379114779,0.8127869785992822,-1.8004652539535528,-14.152763379114779,0.3295338702173993,-9.641998820637882,-0.060015414773567186
9891891891.891891,0.33777835130809125,-9.427363768403858,-0.17079650043808103,0.8113091579791515,-1.8162724344090886,-14.167851449813439,0.8113091579791515,-1.8162724344090886,-14.167851449813439,0.33325857563221994,-9.544373324293598,-0.07411661230098256
9897897897.897898,0.34137710144579114,-9.335312268365945,-0.18326441740153293,0.8098332745085496,-1.8320876573396028,-14.182918490440422,0.8098332745085496,-1.8320876573396028,-14.182918490440422,0.3369279503002164,-9.449259201116787,-0.08821448869298623
9903903903.903904,0.3449216928133094,-9.245589822547453,-0.19577128408967215,0.8083600600947566,-1.8479030498185027,-14.197964744570932,0.8083600600947566,-1.8479030498185027,-14.197964744570932,0.34054182327298316,-9.35659086144074,-0.10230803162159076
9909909909.90991,0.34841190559416574,-9.158140262408745,-0.20831441336423587,0.8068902363278484,-1.863710792530366,-14.21299048253451,0.8068902363278484,-1.863710792530366,-14.21299048253451,0.3441000482182319,-9.266305330440417,-0.11639630759135211
9915915915.915916,0.35184754760837433,-9.072909433522522,-0.22089128747804895,0.8054245140443782,-1.8795031252599894,-14.227996001155429,0.8054245140443782,-1.8795031252599894,-14.227996001155429,0.34760250273861704,-9.178342105821963,-0.130478457367763
9921921921.92192,0.35522845337128417,-8.989845100704827,-0.23349954757331542,0.8039635929158832,-1.8952723522382944,-14.242981623484038,0.8039635929158832,-1.8952723522382944,-14.242981623484038,0.351049087687689,-9.092643025593803,-0.14455369174892915
9927927927.927929,0.35855448317173844,-8.908896858890218,-0.24613698397468706,0.8025081610615702,-1.9110108473469267,-14.25794769852006,0.8025081610615702,-1.9110108473469267,-14.25794769852006,0.354439726484252,-9.009152145068768,-0.15862128764737932
9933933933.933933,0.3618255221689418,-8.83001604934686,-0.2588015272051385,0.8010588946844629,-1.9267110591840262,-14.272894600928922,0.8010588946844629,-1.9267110591840262,-14.272894600928922,0.3577743644264261,-8.927815622326738,-0.172680584452368
9939939939.939941,0.3650414795075601,-8.753155680858077,-0.27149123966003624,0.7996164577302322,-1.942365515994148,-14.287822730752158,0.7996164577302322,-1.942365515994148,-14.287822730752158,0.3610529680066627,-8.848581611440459,-0.18673098064663843
9945945945.945946,0.3682022874506821,-8.678270355525305,-0.2842043078812451,0.798181501567916,-1.9579668304654032,-14.302732513112625,0.798181501567916,-1.9579668304654032,-14.302732513112625,0.3642755242288738,-8.771400162833293,-0.20077193065393992
9951951951.951952,0.3713079005304416,-8.60531619887185,-0.29693903537927147,0.7967546646916283,-1.973507704397964,-14.317624397915756,0.7967546646916283,-1.973507704397964,-14.317624397915756,0.3674420399288829,-8.696223130193792,-0.21480294189683982
9957957957.957958,0.37435829471612814,-8.534250793951959,-0.30969383595614514,0.7953365724423817,-1.9889809332477406,-14.332498859547423,0.7953365724423817,-1.9889809332477406,-14.332498859547423,0.37055254109926405,-8.623004083426448,-0.22882357204588027
9963963963.963964,0.37735346659971053,-8.465033119191167,-0.3224672274868999,0.7939278367490584,-2.004379410550016,-14.34735639656942,0.7939278367490584,-2.004379410550016,-14.34735639656942,0.3736070722196227,-8.551698227164025,-0.24283342644359424
9969969969.96997,0.38029343259876747,-8.397623489703834,-0.33525782612115795,0.7925290558875632,-2.0196961322277955,-14.362197531413267,0.7925290558875632,-2.0196961322277955,-14.362197531413267,0.3766056955933498,-8.482262324408406,-0.2568321556884055
9975975975.975975,0.3831782281768465,-8.33198350185287,-0.34806434087049193,0.7911408142571468,-2.0349242007901465,-14.377022810073123,0.7911408142571468,-2.0349242007901465,-14.377022810073123,0.37954849069175306,-8.414654624906658,-0.27081945336505736
9981981981.981983,0.3860079070812668,-8.268075980834826,-0.36088556854999115,0.7897636821728633,-2.0500568294261168,-14.391832801798449,0.7897636821728633,-2.0500568294261168,-14.391832801798449,0.38243555350646935,-8.348834797902015,-0.2847950539095409
9987987987.987988,0.3887825405984815,-8.205864931087678,-0.37372038904585586,0.7883982156731268,-2.065087345999829,-14.406628098787042,0.7883982156731268,-2.065087345999829,-14.406628098787042,0.38526699591099317,-8.28476386893081,-0.29875873059763897
9993993993.993994,0.391502216827081,-8.145315489334402,-0.38656776088335293,0.7870449563412656,-2.080009196953151,-14.4214093158792,0.7870449563412656,-2.080009196953151,-14.4214093158792,0.3880429450320736,-8.222404160364954,-0.31271029364759456
10000000000.0,0.3941670399684703,-8.086393880090391,-0.3994267170716101,0.7857044311400181,-2.094815951121917,-14.436177090253292,0.7857044311400181,-2.094815951121917,-14.436177090253292,0.39076354263170343,-8.161719235424332,-0.32664958842778585
