frequency_hz,s11_mag,s11_db,s11_phase_deg,s21_mag,s21_db,s21_phase_deg,s12_mag,s12_db,s12_phase_deg,s22_mag,s22_db,s22_phase_deg
4000000000.0,0.7837084088299282,-2.11690986855006,-2.126119615387376,0.48327071809224253,-6.316190368946726,-0.48665446093199616,0.48327071809224253,-6.316190368946726,-0.48665446093199616,0.7908747602032611,-2.037845684255801,-1.9481782243963268
4006006006.0060062,0.7820077980523931,-2.135778324116639,-2.1516844213693447,0.4851280283661073,-6.2828726640198855,-0.5100777967341473,0.4851280283661073,-6.2828726640198855,-0.5100777967341473,0.7891458589437165,-2.056854362176846,-1.9708040266410403
4012012012.012012,0.7803649186869772,-2.154045251032639,-2.1773672603313856,0.4868934773405339,-6.251320868662638,-0.5336082917842467,0.4868934773405339,-6.251320868662638,-0.5336082917842467,0.787468287973145,-2.075338531988361,-1.9935603100527572
4018018018.0180182,0.7787825191992404,-2.171676107100537,-2.203165575448228,0.488564450674165,-6.221562734059662,-0.5572446640019019,0.488564450674165,-6.221562734059662,-0.5572446640019019,0.7858446434800647,-2.0932660549914823,-2.016447368784344
4024024024.024024,0.7772633215879053,-2.188636516154385,-2.2290767236004543,0.49013836003968064,-6.193626133317178,-0.5809855985622779,0.49013836003968064,-6.193626133317178,-0.5809855985622779,0.7842775038708427,-2.110604841322499,-2.0394654845527382
4030030030.0300303,0.7758100142595528,-2.204892375369044,-2.2550979768288366,0.4916126463099438,-6.167539075842546,-0.6048297485192331,0.4916126463099438,-6.167539075842546,-0.6048297485192331,0.7827694234884882,-2.1273229415678534,-2.0626149231231663
4036036036.036036,0.7744252447634925,-2.220409966194114,-2.2812265239700156,0.492984782735821,-6.143329723009562,-0.6287757353032383,0.492984782735821,-6.143329723009562,-0.6287757353032383,0.7813229261924273,-2.143388641857064,-2.0858959304246096
4042042042.0420423,0.7731116124074563,-2.2351560685013627,-2.3074594724729973,0.4942522781158477,-6.121026405046078,-0.6528221490802074,0.4942522781158477,-6.121026405046078,-0.6528221490802074,0.7799404988149578,-2.158770562139211,-2.1093087282958805
4048048048.048048,0.7718716607758123,-2.249098077490485,-2.33379385039413,0.4954126799588656,-6.100657639069342,-0.6769675489576042,0.4954126799588656,-6.100657639069342,-0.6769675489576042,0.7786245845109286,-2.1734377573127803,-2.1328535098643826
4054054054.0540543,0.770707870173075,-2.2622041228544614,-2.360226608566827,0.49646357764178395,-6.082252148182103,-0.7012104630248817,0.49646357764178395,-6.082252148182103,-0.7012104630248817,0.7773775760179136,-2.1873598208441987,-2.1565304345628156
4060060060.06006,0.7696226500164439,-2.2744431896645656,-2.3867546229406034,0.497402605565566,-6.065838881531398,-0.7255493882161633,0.497402605565566,-6.065838881531398,-0.7255493882161633,0.7762018088449898,-2.200506990475029,-2.180339622792432
4066066066.0660663,0.7686183312020639,-2.2857852403954766,-2.4133746970821455,0.4982274463134946,-6.051447035220465,-0.7499827899838764,0.4982274463134946,-6.051447035220465,-0.7499827899838764,0.7750995544089153,-2.212850255584933,-2.2042811502446966
4072072072.072072,0.7676971584705637,-2.2962013374745616,-2.4400835648292833,0.498935833816619,-6.039106073954024,-0.774509101773147,0.498935833816619,-6.039106073954024,-0.774509101773147,0.7740730131373064,-2.224361465744398,-2.228355041896658
4078078078.0780783,0.7668612827982574,-2.3056637657061483,-2.4668778930868918,0.4995255565321193,-6.028845753286576,-0.7991267242880539,0.4995255565321193,-6.028845753286576,-0.7991267242880539,0.7731243075591024,-2.2350134399610275,-2.252561265698925
4084084084.084084,0.766112753841203,-2.3141461538917114,-2.4937542847517973,0.499994460640987,-6.020696142334777,-0.8238340245421345,0.499994460640987,-6.020696142334777,-0.8238340245421345,0.7722554754034063,-2.2447800760937033,-2.2768997259785553
4090090090.0900903,0.7654535124599632,-2.321623594942641,-2.5207092817517855,0.5003404532720269,-6.0146876468062525,-0.848629334687037,0.5003404532720269,-6.0146876468062525,-0.848629334687037,0.7714684627284949,-2.2536364598828325,-2.301370256582636
4096096096.096096,0.7648853833536889,-2.3280727637607033,-2.547739368182168,0.5005615057596216,-6.0108510321900885,-0.8735109506149569,0.5005615057596216,-6.0108510321900885,-0.8735109506149569,0.7707651171035709,-2.2615589730208434,-2.3259726137918673
4102102102.1021023,0.7644100678326584,-2.3334720321475517,-2.5748409735214492,0.5006556569429771,-6.0092174469484565,-0.8984771303322241,0.5006556569429771,-6.0092174469484565,-0.8984771303322241,0.7701471808666075,-2.2685253996661676,-2.3507064690366803
4108108108.108108,0.7640291367590398,-2.337801579994437,-2.602010475906081,0.5006210165146922,-6.009818445543937,-0.9235260921032479,0.5006210165146922,-6.009818445543937,-0.9235260921032479,0.7696162844823978,-2.2745150307867887,-2.3755714014515905
4114114114.1141143,0.7637440236861341,-2.341043502000262,-2.629244205443052,0.5004557684264025,-6.012686011134136,-0.9486560123663045,0.5004557684264025,-6.012686011134136,-0.9486560123663045,0.7691739400257436,-2.279508765705489,-2.4005668903066906
4120120120.12012,0.7635560182268095,-2.343181909169098,-2.656538447537601,0.5001581743589515,-6.017852577763901,-0.9738650234244435,0.5001581743589515,-6.017852577763901,-0.9738650234244435,0.7688215348154926,-2.283489210209727,-2.425692307357672
4126126126.1261263,0.7634662596822114,-2.344203024348136,-2.6838894462127656,0.4997265772640462,-6.025351051885437,-0.999151210917379,0.4997265772640462,-6.025351051885437,-0.999151210917379,0.7685603252259635,-2.286440770583706,-2.450946909158658
4132132132.132132,0.7634757309621749,-2.344095271083114,-2.7112934073965884,0.4991594049835815,-6.0352148330393725,-1.024512611082221,0.4991594049835815,-6.0352148330393725,-1.024512611082221,0.7683914307030909,-2.2883497429198787,-2.4763298293841016
4138138138.1381383,0.7635852528290019,-2.342849355091621,-2.7387465021529347,0.4984551739518393,-6.0474778335339865,-1.0499472078136218,0.4984551739518393,-6.0474778335339865,-1.0499472078136218,0.7683158280134037,-2.2892043970718245,-2.501840071208244
4144144144.144144,0.7637954784964217,-2.3404583376846606,-2.7662448698316178,0.49761249298452354,-6.0621744969664215,-1.075452929535952,0.49761249298452354,-6.0621744969664215,-1.075452929535952,0.768334345754723,-2.2889950546200426,-2.5274764997919554
4150150150.1501503,0.7641068886156114,-2.3369177005037325,-2.793784621114523,0.49663006715709807,-6.07933981543879,-1.1010276459029316,0.49663006715709807,-6.07933981543879,-1.1010276459029316,0.7684476591581638,-2.287714160237577,-2.5532378349283382
4156156156.156156,0.764519786680114,-2.3322254009838814,-2.8213618409350736,0.4955067017731469,-6.0990093453333944,-1.1266691643423068,0.4955067017731469,-6.0990093453333944,-1.1266691643423068,0.7686562852116801,-2.2853563458630424,-2.5791226438990646
4162162162.1621623,0.7650342948813136,-2.326381918002892,-2.8489725912501003,0.49424130642148995,-6.121219221525271,-1.1523752264658191,0.49424130642148995,-6.121219221525271,-1.1523752264658191,0.7689605781359601,-2.28191848711494,-2.6051293345941606
4168168168.168168,0.7656503504457892,-2.319390287232688,-2.87661291364488,0.49283289911856193,-6.146006169926803,-1.178143504366906,0.49283289911856193,-6.146006169926803,-1.178143504366906,0.7693607252438962,-2.277399751413527,-2.6312561489477875
4174174174.1741743,0.7663677024854157,-2.311256125769926,-2.9042788317545885,0.4912806105301065,-6.173407518278573,-1.2039715968310565,0.4912806105301065,-6.173407518278573,-1.2039715968310565,0.7698567432151957,-2.271801637313829,-2.6575011567424083
4180180180.18018,0.7671859093903769,-2.301987645689531,-2.9319663534879963,0.4895836882635978,-6.203461205122488,-1.2298570254857806,0.4895836882635978,-6.203461205122488,-1.2298570254857806,0.7704484748178029,-2.2651280045970488,-2.6838622498327696
4186186186.1861863,0.7681043367944023,-2.2915956562356206,-2.959671473042597,0.4877415012199575,-6.2362057869182905,-1.2557972309194274,0.4877415012199575,-6.2362057869182905,-1.2557972309194274,0.7711355861077419,-2.2573850947162644,-2.7103371368401543
4192192192.192192,0.76912215614042,-2.2800935544392593,-2.9873901727036785,0.4857535439901605,-6.271680443292121,-1.2817895687998404,0.4857535439901605,-6.271680443292121,-1.2817895687998404,0.7719175641386726,-2.2485815412464123,-2.73692333836559
4198198198.1981983,0.7702383438734237,-2.267497304031034,-3.0151184244236937,0.4836194412792284,-6.309924980436209,-1.3078313060256013,0.4836194412792284,-6.309924980436209,-1.3078313060256013,0.772793715211872,-2.238728370047498,-2.763618182768743
4204204204.204204,0.7714516812857751,-2.25382540259643,-3.042852191182426,0.4813389523369167,-6.3509798327122695,-1.3339196169441834,0.4813389523369167,-6.3509798327122695,-1.3339196169441834,0.7737631636964768,-2.2278389889134416,-2.7904188025569123
4210210210.2102103,0.7727607550381212,-2.2390988370057383,-3.0705874281325714,0.4789119753712122,-6.394886062546834,-1.3600515796724708,0.4789119753712122,-6.394886062546834,-1.3600515796724708,0.7748248514485836,-2.215929166546858,-2.8173221314257098
4216216216.216216,0.7741639583769131,-2.223341027233015,-3.098320083539692,0.47633855191754565,-6.441685358745497,-1.386224172556027,0.47633855191754565,-6.441685358745497,-1.386224172556027,0.7759775378561972,-2.203017000771672,-2.8443249019898507
4222222222.2222223,0.7756594930668311,-2.2065777587634297,-3.1260460995299755,0.47361887113349865,-6.491420033394119,-1.4124342708042101,0.47361887113349865,-6.491420033394119,-1.4124342708042101,0.7772198005350996,-2.1891228759691956,-2.871423644239212
4228228228.228228,0.7772453720535182,-2.1888371038711165,-3.153761412663364,0.4707532739857812,-6.544133017558328,-1.4386786433383385,0.4707532739857812,-6.544133017558328,-1.4386786433383385,0.7785500366982087,-2.1742694098014868,-2.8986146847513585
4234234234.2342343,0.7789194228686017,-2.170149332132789,-3.1814619543539173,0.4677422572934207,-6.599867856038408,-1.4649539498900637,0.4677422572934207,-6.599867856038408,-1.4649539498900637,0.7799664652182567,-2.158481389363432,-2.925894146687893
4240240240.24024,0.7806792917853614,-2.1505468106216137,-3.2091436511630245,0.46458647758853444,-6.65866870148395,-1.49125673838644,0.46458647758853444,-6.65866870148395,-1.49125673838644,0.7814671294002807,-2.1417856969855595,-2.9532579505974983
4246246246.2462463,0.7825224487292423,-2.130063894303985,-3.2368024249948695,0.4612867547537525,-6.720580308222326,-1.5175834426573114,0.4612867547537525,-6.720580308222326,-1.5175834426573114,0.7830499004767235,-2.1242112259891814,-2.9807018160442875
4252252252.252252,0.7844461929430349,-2.108736807234875,-3.2644341932264713,0.45784407539347605,-6.7856480262052585,-1.5439303804989362,0.45784407539347605,-6.7856480262052585,-1.5439303804989362,0.7847124818337787,-2.10578878677496,-3.008221264075035
4258258258.2582583,0.7864476594017374,-2.0866035152170954,-3.2920348688076175,0.45425959589462056,-6.853917795530526,-1.5702937521261067,0.45425959589462056,-6.853917795530526,-1.5702937521261067,0.7864524139730101,-2.0865510037040624,-3.035811620534337
4264264264.264264,0.7885238259670119,-2.0637035906541774,-3.3196003603677893,0.45053464513154257,-6.925436142047783,-1.5966696390421857,0.45053464513154257,-6.925436142047783,-1.5966696390421857,0.7882670802073065,-2.0665322033063918,-3.0634680202313307
4270270270.2702703,0.7906715212658029,-2.0400780703848964,-3.3471265723690578,0.44667072676931696,-7.00025017461218,-1.6230540033538896,0.44667072676931696,-7.00025017461218,-1.6230540033538896,0.7901537130848753,-2.0457682944227558,-3.0911854119567983
4276276276.276276,0.7928874332720609,-2.015769307340041,-3.3746094053444393,0.4426695211196956,-7.078407584602563,-1.6494426875538544,0.4426695211196956,-7.078407584602563,-1.6494426875538544,0.7921094015293179,-2.0242966409558334,-3.118958564343969
4282282282.2822824,0.7951681185647308,-1.9908208169074662,-3.4020447562616134,0.43853288650477845,-7.159956648375857,-1.6758314147902877,0.43853288650477845,-7.159956648375857,-1.6758314147902877,0.7941310986778644,-2.0021559279682504,-3.1467820725612485
4288288288.288288,0.7975100122292567,-1.9652771189297866,-3.429428519051143,0.4342628600848497,-7.24494623338288,-1.7022157896383436,0.4342628600848497,-7.24494623338288,-1.7022157896383436,0.7962156303937667,-1.9793860219227823,-3.17465036581965
4294294294.2942944,0.7999094383639432,-1.9391835762891663,-3.456756585337107,0.4298616581088798,-7.333425808725108,-1.7285912993830714,0.4298616581088798,-7.333425808725108,-1.7285912993830714,0.7983597044225519,-1.956027825910838,-3.2025577156724827
4300300300.300301,0.8023626211465634,-1.9125862310565211,-3.484024845405934,0.42533167554899315,-7.425445460984776,-1.7549533158182267,0.42533167554899315,-7.425445460984776,-1.7549533158182267,0.8005599201555879,-1.9321231307582065,-3.230498245079518
4306306306.306306,0.8048656964108448,-1.8855316391961838,-3.511229189446574,0.4206754850836161,-7.5210559162145065,-1.7812970975595646,0.4206754850836161,-7.5210559162145065,-1.7812970975595646,0.8028127789581548,-1.9077144629326823,-3.258465938202804
4312312312.312312,0.8074147236768972,-1.8580667048225727,-3.538365509091624,0.41589583539818414,-7.620308569024651,-1.8076177928649342,0.41589583539818414,-7.620308569024651,-1.8076177928649342,0.8051146950131572,-1.8828449302045924,-3.2864546508961405
4318318318.318318,0.8100056985743488,-1.8302385150025908,-3.5654296992849894,0.410995648777063,-7.723255519759115,-1.8339104429468929,0.410995648777063,-7.723255519759115,-1.8339104429468929,0.8074620066257685,-1.8575580660291966,-3.3144581218453366
4324324324.324325,0.8126345655921586,-1.8020941760850349,-3.592417660497169,0.4059780179657094,-7.829949620803177,-1.8601699857568283,0.4059780179657094,-7.829949620803177,-1.8601699857568283,0.809850987928824,-1.831897673628344,-3.342469984311816
4330330330.33033,0.8152972310846264,-1.7736806525187667,-3.619325301304046,0.4008462022880666,-7.9404445331192886,-1.8863912602123036,0.4008462022880666,-7.9404445331192886,-1.8863912602123036,0.8122778609237649,-1.8059076707475912,-3.3704837784275377
4336336336.336336,0.817989576459402,-1.745044609092031,-3.6461485413397545,0.3956036230106013,-8.054794794161117,-1.9125690108321252,0.3956036230106013,-8.054794794161117,-1.9125690108321252,0.8147388077874503,-1.7796319360544424,-3.398492963985216
4342342342.342342,0.8207074714701549,-1.7162322574887714,-3.6728833146283177,0.39025385795124057,-8.173055898371578,-1.938697892736002,0.39025385795124057,-8.173055898371578,-1.938697892736002,0.8172299833713343,-1.7531141581231438,-3.426490933663845
4348348348.348349,0.8234467875342106,-1.687289208013102,-3.6995255732929913,0.38480063533859143,-8.295284391529783,-1.9647724769582127,0.38480063533859143,-8.295284391529783,-1.9647724769582127,0.8197475278163935,-1.7263976879219896,-3.454471026626336
4354354354.354355,0.8262034109938806,-1.658260327281556,-3.726071291636114,0.3792478269342146,-8.421537980273984,-1.9907872560168314,0.3792478269342146,-8.421537980273984,-1.9907872560168314,0.8222875792048809,-1.699525395680742,-3.4824265424228917
4360360360.36036,0.8289732562395541,-1.6291896026238937,-3.7525164705763827,0.3735994404381648,-8.55187565819645,-2.0167366496724,0.3735994404381648,-8.55187565819645,-2.0167366496724,0.8248462861685533,-1.6725395329686217,-3.510350755131329
4366366366.366366,0.8317522786127944,-1.6001200138691216,-3.7788571424246653,0.3678596112054732,-8.6863578499818,-2.0426150108021583,0.3678596112054732,-8.6863578499818,-2.0426150108021583,0.8274198203724549,-1.6454816007587139,-3.5382369276635384
4372372372.372373,0.8345364870088176,-1.5710934131235814,-3.805089375973798,0.36203259330857457,-8.82504657514554,-2.0684166313080277,0.36203259330857457,-8.82504657514554,-2.0684166313080277,0.830004388793741,-1.6183922241926252,-3.566078326165753
4378378378.378378,0.8373219560998232,-1.5421504130733914,-3.831209281872747,0.3561227499877344,-8.968005633027463,-2.0941357479688745,0.3561227499877344,-8.968005633027463,-2.0941357479688745,0.8325962457163754,-1.5913110346907533,-3.5938682344394977
4384384384.384384,0.8401048381035728,-1.5133302842662764,-3.857213018250602,0.35013454353825796,-9.115300810806731,-2.1197665481394994,0.35013454353825796,-9.115300810806731,-2.1197665481394994,0.8351917043648102,-1.5642765599799182,-3.621599968309722
4390390390.39039,0.8428813740255161,-1.4846708617468583,-3.883096796551666,0.34407252468949495,-9.267000116436252,-2.1453031751908633,0.34407252468949495,-9.267000116436252,-2.1453031751908633,0.8377871481029417,-1.5373261225321562,-3.6492668898669565
4396396396.396397,0.8456479043074486,-1.4562084613374888,-3.9088568875392,0.33794132153629575,-9.423174038547504,-2.1707397335777276,0.33794132153629575,-9.423174038547504,-2.1707397335777276,0.8403790411287542,-1.510495746826532,-3.6768624215112586
4402402402.402403,0.848400878821185,-1.4279778057735055,-3.934489627422506,0.33174562808853864,-9.583895835557438,-2.1960702934115064,0.33174562808853864,-9.583895835557438,-2.1960702934115064,0.8429639385999212,-1.483820075762522,-3.704380059727428
4408408408.408408,0.8511368661518752,-1.400011960819346,-3.959991424059398,0.3254901925086253,-9.749241856419916,-2.221288894406667,0.3254901925086253,-9.749241856419916,-2.221288894406667,0.8455384961313042,-1.4573322964683435,-3.7318133885228035
4414414414.414414,0.853852562122438,-1.372342281409704,-3.985358763184934,0.3191798051101388,-9.919291895717171,-2.246389549059754,0.3191798051101388,-9.919291895717171,-2.246389549059754,0.8480994786115843,-1.431064075662639,-3.7591560924622374
4420420420.420421,0.8565447975177938,-1.3449983677811386,-4.010588214615931,0.31281928619350563,-10.094129586079308,-2.2713662449087764,0.31281928619350563,-10.094129586079308,-2.2713662449087764,0.8506437682931071,-1.405045504644207,-3.7864019692376067
4426426426.426426,0.8592105449753493,-1.3180080314820277,-4.035676438381085,0.3064134737959914,-10.273842831272189,-2.2962129457091742,0.3064134737959914,-10.273842831272189,-2.2962129457091742,0.8531683721163492,-1.379305053902283,-3.813544941713641
4432432432.432432,0.8618469250160573,-1.2913972710766877,-4.060620190726823,0.29996721143413824,-10.458524283703825,-2.320923591348433,0.29996721143413824,-10.458524283703825,-2.320923591348433,0.8556704282380455,-1.353869537261171,-3.8405790693958486
4438438438.438438,0.8644512111985176,-1.265190257290737,-4.085416329950345,0.2934853359164755,-10.648271870586754,-2.345492096305532,0.2934853359164755,-10.648271870586754,-2.345492096305532,0.8581472117398558,-1.3287640853981495,-3.867498559271231
4444444444.444445,0.8670208343867174,-1.2394093272815578,-4.110061822013321,0.28697266530319016,-10.843189373567784,-2.369912346442676,0.28697266530319016,-10.843189373567784,-2.369912346442676,0.8605961395023767,-1.3040121285035133,-3.894297775977746
4450450450.450451,0.8695533861300125,-1.2140749876605539,-4.134553745892111,0.28043398708745015,-11.043387067313093,-2.3941781938941773,0.28043398708745015,-11.043387067313093,-2.3941781938941773,0.863014774237256,-1.2796353877863684,-3.920971251263829
4456456456.456456,0.8720466211617985,-1.1892059258424468,-4.158889298623487,0.27387404667024257,-11.248982423335761,-2.4182834497905743,0.27387404667024257,-11.248982423335761,-2.4182834497905743,0.865400827677843,-1.2556538754718414,-3.947513692705113
4462462462.462462,0.8744984590308305,-1.1648190292520453,-4.183065800008371,0.26729753619701746,-11.460100886296207,-2.4422218745234594,0.26729753619701746,-11.460100886296207,-2.4422218745234594,0.8677521629363633,-1.2320859028825133,-3.973919991651381
4468468468.468469,0.8769069848862185,-1.1409294118812194,-4.20708069693994,0.26070908382020336,-11.67687673112058,-2.4659871652169385,0.26070908382020336,-11.67687673112058,-2.4659871652169385,0.8700667960427139,-1.2089480961517247,-4.000185230382732
4474474474.474475,0.8792704494437376,-1.1175504476574734,-4.2309315673267776,0.2541132434468439,-11.899454010601577,-2.4895729400234634,0.2541132434468439,-11.899454010601577,-2.4895729400234634,0.8723428966866391,-1.1862554190781724,-4.026304688460099
4480480480.48048,0.8815872681670803,-1.0946938100615184,-4.254616123586115,0.24751448502534543,-12.127987604709238,-2.5129727188026068,0.24751448502534543,-12.127987604709238,-2.5129727188026068,0.8745787881912309,-1.1640212025996715,-4.052273848261127
4486486486.486486,0.8838560197030546,-1.0723695174139038,-4.27813221568692,0.24091718541968754,-12.362644384696154,-2.536179899668934,0.24091718541968754,-12.362644384696154,-2.536179899668934,0.8767729467512063,-1.1422571803403,-4.078088399698375
4492492492.492493,0.886075443614404,-1.0505859832400808,-4.30147783372716,0.2343256199136047,-12.60360450729059,-2.5591877308057476,0.2343256199136047,-12.60360450729059,-2.5591877308057476,0.8789239999743529,-1.1209735296677534,-4.103744244122431
4498498498.498499,0.888244437457899,-1.0293500711189671,-4.324651110034405,0.22774395438121392,-12.85106285691066,-2.5819892768314325,0.22774395438121392,-12.85106285691066,-2.5819892768314325,0.8810307247687448,-1.100178917687513,-4.129237497418097
4504504504.504504,0.8903620532585516,-1.0086671534219898,-4.347650320783469,0.2211762381546367,-13.105230656988851,-2.604577378868696,0.2211762381546367,-13.105230656988851,-2.604577378868696,0.883092044621837,-1.0798805515967116,-4.154564492306847
4510510510.51051,0.8924274934333118,-0.9885411733567894,-4.370473887129293,0.2146263976132844,-13.366337275291622,-2.6269446072976494,0.2146263976132844,-13.366337275291622,-2.6269446072976494,0.8851070263203621,-1.0600842328226485,-4.1797217798736614
4516516516.516517,0.8944401062193437,-0.9689747097424793,-4.39312037585759,0.20809823051391985,-13.63463225269275,-2.6490832059627882,0.20809823051391985,-13.63463225269275,-2.6490832059627882,0.8870748761620183,-1.0407944143789891,-4.204706130340716
4522522522.522523,0.8963993806630147,-0.9499690439605913,-4.415588499559911,0.20159540107539053,-13.910387590399505,-2.6709850263401402,0.20159540107539053,-13.910387590399505,-2.6709850263401402,0.8889949357113766,-1.022014260885231,-4.229514533114584
4528528528.528528,0.8983049412261191,-0.9315242285470497,-4.437877116343396,0.19512143582735192,-14.19390033736319,-2.692641449839282,0.19512143582735192,-14.19390033736319,-2.692641449839282,0.8908666771530999,-1.00374571071314,-4.254144196136965
4534534534.534534,0.9001565420655682,-0.9136391569155079,-4.45998522908914,0.18867972022829493,-14.485495527835363,-2.7140432959969703,0.18867972022829493,-14.485495527835363,-2.7140432959969703,0.8926896982957415,-0.9859895397446555,-4.278592544572357
4540540540.540541,0.9019540610419161,-0.8963116337303824,-4.481911984275995,0.1822734960551909,-14.785529529127224,-2.73518071378836,0.1822734960551909,-14.785529529127224,-2.73518071378836,0.8944637172788158,-0.968745426251516,-4.30285721886846
4546546546.546547,0.9036974935107314,-0.8795384454779238,-4.503656670389702,0.17590585956494853,-15.09439387209708,-2.756043052605447,0.17590585956494853,-15.09439387209708,-2.756043052605447,0.8961885670349014,-0.9520120164337533,-4.326936072227736
4552552552.552552,0.9053869459489192,-0.8633154308162416,-4.525218715939193,0.16957976042731315,-15.4125196523477,-2.7766187085833223,0.16957976042731315,-15.4125196523477,-2.7766187085833223,0.8978641895569582,-0.9357869901849746,-4.350827167529751
4558558558.558558,0.9070226294658649,-0.847637550318401,-4.546597687104358,0.16329800142957687,-15.740382609420694,-2.796894940833238,0.16329800142957687,-15.740382609420694,-2.796894940833238,0.8994906300191652,-0.9200671266835962,-4.374528773745799
4564564564.564565,0.9086048532466074,-0.8324989552574442,-4.567793285040816,0.15706323895648514,-16.078509015500938,-2.8168576506809626,0.15706323895648514,-16.078509015500938,-2.8168576506809626,0.9010680307972803,-0.904848369442298,-4.398039361887669
4570570570.570571,0.9101340179713987,-0.81789305511648,-4.588805342868698,0.15087798425402918,-16.427482535772253,-2.8364911150950243,0.15087798425402918,-16.427482535772253,-2.8364911150950243,0.902596625431938,-0.890125890481603,-4.421357600533236
4576576576.576576,0.9116106092528092,-0.8038125835423025,-4.609633822373304,0.14474460549448362,-16.787952261528307,-2.855777662959108,0.14474460549448362,-16.787952261528307,-2.855777662959108,0.9040767325755027,-0.8758941533270173,-4.444482350971424
4582582582.582582,0.9130351911283265,-0.7902496624945707,-4.630278810445998,0.1386653306728805,-17.16064216707824,-2.8746972794693275,0.1386653306728805,-17.16064216707824,-2.8746972794693275,0.9055087499600486,-0.8621469745632072,-4.467412662008902
4588588588.588589,0.9144083996429287,-0.7771958643766834,-4.650740515293976,0.13264225138363106,-17.54636230596204,-2.8932271193967836,0.13264225138363106,-17.54636230596204,-2.8932271193967836,0.9068931484209447,-0.8488775837113718,-4.490147764480134
4594594594.594595,0.9157309365527124,-0.7646422719664449,-4.671019262447528,0.12667732755217026,-17.94602214591223,-2.911340903784233,0.12667732755217026,-17.94602214591223,-2.911340903784233,0.9082304660072871,-0.8360786812284259,-4.512687065501659
4600600600.6006,0.9170035631771817,-0.7525795359958364,-4.691115490593025,0.12077239323338441,-18.360646552146495,-2.9290081661662524,0.12077239323338441,-18.360646552146495,-2.9290081661662524,0.9095213022072105,-0.8237424944573944,-4.535030142510138
4606606606.6066065,0.9182270944243862,-0.7409979302587311,-4.711029747259365,0.11492916364055131,-18.791395074439947,-2.94619330261818,0.11492916364055131,-18.791395074439947,-2.94619330261818,0.9107663123128663,-0.811860831388296,-4.557176737122427
4612612612.612613,0.9194023930097777,-0.7298874041529682,-4.730762684384774,0.10914924364225198,-19.23958538840228,-2.962854363359,0.10914924364225198,-19.23958538840228,-2.962854363359,0.9119662019467086,-0.8004251321166307,-4.579126748854209
4618618618.618619,0.920530363886382,-0.7192376325895169,-4.750315053789958,0.10343413807025992,-19.706722004602224,-2.9789414999942454,0.10343413807025992,-19.706722004602224,-2.9789414999942454,0.913121721767633,-0.789426517913093,-4.600880228732123
4624624624.624624,0.9216119489008399,-0.7090380632250122,-4.769687702582483,0.09778526433460243,-20.194531718222933,-2.9943949482950667,0.09778526433460243,-20.194531718222933,-2.9943949482950667,0.9142336623725669,-0.778855837842422,-4.622437372832283
4630630630.6306305,0.922648121686891,-0.6992779609963405,-4.788881568515978,0.09220396806737888,-20.705007767065382,-3.009142376188174,0.09220396806737888,-20.705007767065382,-3.009142376188174,0.9153028494062643,-0.7687037128920949,-4.643798515776197
4636636636.636637,0.9236398828051355,-0.6899464499558303,-4.807897675326445,0.08669154285443975,-21.240465356311343,-3.02309535160979,0.08669154285443975,-21.240465356311343,-3.02309535160979,0.9163301388893926,-0.7589605775921455,-4.6649641242129825
4642642642.642643,0.9245882551353438,-0.6810325524235373,-4.826737128066559,0.0812492556287701,-21.803612183055236,-3.0361445707386916,0.0812492556287701,-21.803612183055236,-3.0361445707386916,0.917316412772512,-0.7496167191260115,-4.685934790314734
4648648648.648648,0.9254942795251921,-0.672525225489415,-4.845401108457305,0.07587838010114184,-22.39763898546318,-3.048153309968492,0.07587838010114184,-22.39763898546318,-3.048153309968492,0.9182625747212073,-0.7406623139492796,-4.7067112253097045
4654654654.6546545,0.9263590106971618,-0.6644133949120222,-4.863890870274914,0.0705802418808339,-23.026337152637616,-3.0589482839300106,0.0705802418808339,-23.026337152637616,-3.0589482839300106,0.9191695461355297,-0.7320874619478667,-4.727294253075955
4660660660.660661,0.9271835134133567,-0.6566859864729402,-4.88220773478927,0.06535628102628371,-23.69425336932781,-3.068306635146336,0.06535628102628371,-23.69425336932781,-3.068306635146336,0.9200382624049287,-0.7238822181805388,-4.747684803815837
4666666666.666667,0.9279688588962417,-0.6493319548565626,-4.900353086268887,0.06020814127215023,-24.406895599922397,-3.075937018741133,0.06020814127215023,-24.406895599922397,-3.075937018741133,0.9208696693981515,-0.7160366222616134,-4.7678839078299555
4672672672.672672,0.9287161215017598,-0.6423403101336655,-4.918328367565522,0.05513780125763333,-25.17101112685232,-3.081451435946799,0.05513780125763333,-25.17101112685232,-3.081451435946799,0.9216647201859715,-0.7085407254498162,-4.787892689406828
4678678678.6786785,0.9294263756399103,-0.6357001419346203,-4.9361350757905065,0.050147773989624556,-25.994966802414154,-3.0843221454446232,0.050147773989624556,-25.994966802414154,-3.0843221454446232,0.9224243719932945,-0.7013846155167607,-4.807712360842956
4684684684.684685,0.9301006929366956,-0.6294006414039486,-4.953774758093066,0.04524142113437337,-26.889275227397327,-3.083813704188785,0.04524142113437337,-26.889275227397327,-3.083813704188785,0.9231495833759266,-0.6945584394757593,-4.8273442166058
4690690690.690691,0.9307401396303493,-0.623431121032388,-4.971249007549819,0.040423468448674255,-27.86732851038039,-3.078872001016366,0.040423468448674255,-27.86732851038039,-3.078872001016366,0.9238413116163031,-0.6880524242564684,-4.846789627650676
4696696696.696697,0.9313457741939322,-0.6177810324658869,-4.988559459173092,0.035700890118608074,-28.946419112612986,-3.067935778997214,0.035700890118608074,-28.946419112612986,-3.067935778997214,0.9245005103315822,-0.6818568954151695,-4.866050035900681
4702702702.7027025,0.9319186451756907,-0.6124399823932659,-5.005707786044675,0.0310845065599082,-30.14912044592932,-3.048601897278804,0.0310845065599082,-30.14912044592932,-3.048601897278804,0.9251281272867942,-0.6759622939732377,-4.885126948897398
4708708708.708709,0.9324597892480538,-0.6073977466153251,-5.022695695580202,0.026592048921253806,-31.504963978519065,-3.017000680258349,0.026592048921253806,-31.504963978519065,-3.017000680258349,0.925725102405168,-0.670359191478135,-4.904021934628408
4714714714.714715,0.9329702294557445,-0.6026442823984607,-5.039524925928479,0.02225445440298421,-33.051660970947836,-2.966568658063104,0.02225445440298421,-33.051660970947836,-2.966568658063104,0.9262923659672541,-0.6650383033826367,-4.922736616536483
4720720720.72072,0.9334509736531867,-0.5981697392154818,-5.056197242508899,0.01812981889825923,-34.832130682435675,-2.8855330299414343,0.01812981889825923,-34.832130682435675,-2.8855330299414343,0.9268308369902037,-0.6599905008373902,-4.941272668713919
4726726726.726727,0.9339030131212391,-0.5939644679749387,-5.072714434689204,0.014336601942673244,-36.871075456522256,-2.751804637668024,0.014336601942673244,-36.871075456522256,-2.751804637668024,0.9273414217782594,-0.6552068209920564,-4.959631811284366
4732732732.732733,0.9343273213531982,-0.5900190288385759,-5.0890783126049275,0.011133649697391808,-39.06724894400723,-2.5251211083767093,0.011133649697391808,-39.06724894400723,-2.5251211083767093,0.9278250126354262,-0.6506784758985393,-4.977815805973375
4738738738.738739,0.9347248530000171,-0.5863241977243303,-5.105290704121117,0.009063536186305133,-40.85404653968537,-2.1564264764230177,0.009063536186305133,-40.85404653968537,-2.1564264764230177,0.9282824867312196,-0.6463968601083413,-4.9958264518679725
4744744744.744745,0.9350965429648029,-0.582870971589259,-5.121353451936152,0.008851496113783592,-41.05966633961305,-1.688467348634027,0.008851496113783592,-41.05966633961305,-1.688467348634027,0.9287147051104175,-0.6423535570537731,-5.013665581364676
4750750750.750751,0.9354433056367617,-0.5796505725841387,-5.137268410826847,0.010528548943757298,-39.55262959270734,-1.2990671988115865,0.010528548943757298,-39.55262959270734,-1.2990671988115865,0.9291225118378427,-0.6385403443000914,-5.031335056304518
4756756756.756757,0.9357660342550028,-0.5766544511677669,-5.153037445033457,0.013341179756977415,-37.49611528351594,-1.0546568347003737,0.013341179756977415,-37.49611528351594,-1.0546568347003737,0.9295067332693331,-0.6349491977528929,-5.048836764293034
4762762762.762763,0.9360656003928562,-0.5738742882655621,-5.168662425782638,0.016677595990394905,-35.557331020428464,-0.9100536609428926,0.016677595990394905,-35.557331020428464,-0.9100536609428926,0.9298681774402601,-0.6315722949018808,-5.066172615202472
4768768768.768768,0.9363428535536272,-0.5713019965534775,-5.1841452289460275,0.020242207122430307,-33.87484271329211,-0.8221515313597324,0.020242207122430307,-33.87484271329211,-0.8221515313597324,0.9302076335632018,-0.6284020171786524,-5.083344537852983
4774774774.774775,0.936598620869075,-0.5689297209440674,-5.199487732831675,0.023901485108911512,-32.4315022701023,-0.7668273952396557,0.023901485108911512,-32.4315022701023,-0.7668273952396557,0.9305258716266191,-0.6254309515029752,-5.100354476869079
4780780780.780781,0.9368337068922078,-0.5667498383479973,-5.214691816105189,0.027591168811721543,-31.184598032656744,-0.7312637769598934,0.027591168811721543,-31.184598032656744,-0.7312637769598934,0.9308236420867028,-0.6226518910881838,-5.117204389707202
4786786786.786787,0.9370488934763748,-0.5647549567801609,-5.229759355837253,0.0312777643161565,-30.09528594335407,-0.708368430415356,0.0312777643161565,-30.09528594335407,-0.708368430415356,0.9311016756448636,-0.6200578355728364,-5.133896243849987
4792792792.792793,0.9372449397330095,-0.5629379138756562,-5.244692225673861,0.034942579882134076,-29.13290066639089,-0.6939919575986381,0.034942579882134076,-29.13290066639089,-0.6939919575986381,0.9313606831036625,-0.617641990542199,-5.150432014162441
4798798798.798799,0.9374225820607589,-0.5612917748770754,-5.2594922941254465,0.03857462439800211,-28.273965879590115,-0.6855751622814998,0.03857462439800211,-28.273965879590115,-0.6855751622814998,0.9316013552943351,-0.6153977664993294,-5.1668136804050935
4804804804.804805,0.9375825342391261,-0.5598098301506768,-5.274161422970947,0.04216719449065824,-27.500505858648722,-0.6814652844765352,0.04216719449065824,-27.500505858648722,-0.6814652844765352,0.93182436306939,-0.6133187773421918,-5.183043224898976
4810810810.810811,0.9377254875801434,-0.5584855922852943,-5.288701465772696,0.04571611513710249,-26.798613643489468,-0.6805521876990935,0.04571611513710249,-26.798613643489468,-0.6805521876990935,0.9320303573541289,-0.6113988383995335,-5.199122630337144
4816816816.816816,0.9378521111319742,-0.5573127928242554,-5.303114266497964,0.04921877589149422,-26.157383834679848,-0.6820648559800822,0.04921877589149422,-26.157383834679848,-0.6820648559800822,0.9322199692512758,-0.6096319640749244,-5.215053877737381
4822822822.822823,0.9379630519287402,-0.5562853786768832,-5.317401658242984,0.05267357473005895,-25.56814413869529,-0.6854522828817038,0.05267357473005895,-25.56814413869529,-0.6854522828817038,0.9323938101932487,-0.6080123651450282,-5.23083894453071
4828828828.828829,0.9380589352812062,-0.5553975082531348,-5.331565462055117,0.056079582427746265,-25.023904576291848,-0.6903109012117005,0.056079582427746265,-25.023904576291848,-0.6903109012117005,0.9325524721369495,-0.6065344457549335,-5.246479802780212
4834834834.834835,0.9381403651033651,-0.5546435473612208,-5.345607485848999,0.05943633201595731,-24.518959999210136,-0.6963387804286066,0.05943633201595731,-24.518959999210136,-0.6963387804286066,0.932696527796289,-0.6051928001501974,-5.261978417524756
4840840840.840841,0.9382079242702775,-0.5540180649053055,-5.359529523412381,0.06274368215668844,-24.048599960324598,-0.7033058069620939,0.06274368215668844,-24.048599960324598,-0.7033058069620939,0.9328265309079593,-0.6039822091825514,-5.277336745242245
4846846846.846847,0.9382621750028785,-0.5535158284172639,-5.373333353497552,0.0660017257954083,-23.60889416988271,-0.7110337308447574,0.0660017257954083,-23.60889416988271,-0.7110337308447574,0.9329430165263151,-0.6028976366230241,-5.292556732427059
4852852852.852853,0.9383036592757856,-0.5531317994536499,-5.3870207389941385,0.06921072744290209,-23.19653172121638,-0.7193824858433481,0.06921072744290209,-23.19653172121638,-0.7193824858433481,0.9330465013435092,-0.6019342253137138,-5.3076403142763775
4858858858.858859,0.938332899244447,-0.5528611288864798,-5.400593426179273,0.07237107907553417,-22.808699037169056,-0.7282406053560526,0.07237107907553417,-22.808699037169056,-0.7282406053560526,0.933137484031297,-0.6010872931870649,-5.322589413480254
4864864864.864864,0.9383503976882804,-0.5526991521137038,-5.414053144041188,0.07548326845282591,-22.442986059836244,-0.737518376314827,0.07548326845282591,-22.442986059836244,-0.737518376314827,0.9332164456012573,-0.6003523291785317,-5.3374059391104005
4870870870.870871,0.9383566384667026,-0.5526413842132417,-5.427401603672302,0.07854785590713387,-22.09731330488225,-0.7471428627983403,0.07854785590713387,-22.09731330488225,-0.7471428627983403,0.9332838497803586,-0.5997249890569987,-5.352091785602677
4876876876.876877,0.9383520869852622,-0.5526835150617266,-5.440640497728072,0.08156545703448699,-21.7698745198976,-0.7570542311988101,0.08156545703448699,-21.7698745198976,-0.7570542311988101,0.9333401433991472,-0.5992010911942693,-5.366648831828523
4882882882.882883,0.9383371906692916,-0.552821404437531,-5.453771499947943,0.08453672957439153,-21.459091149839217,-0.7672029973690545,0.08453672957439153,-21.459091149839217,-0.7672029973690545,0.9333857567899708,-0.5987766122938042,-5.381078940250649
4888888888.888889,0.9383123794427647,-0.5530510771253275,-5.466796264734851,0.08746236331556241,-21.163575835720604,-0.7775479373235543,0.08746236331556241,-21.163575835720604,-0.7775479373235543,0.9334211041929562,-0.5984476830962778,-5.395383956158445
4894894894.894895,0.9382780662102499,-0.5533687180378372,-5.479716426789844,0.09034307222315138,-20.8821028965075,-0.7880544824839436,0.09034307222315138,-20.8821028965075,-0.7880544824839436,0.933446584167618,-0.5982105840781877,-5.409565706978723
4900900900.900901,0.9382346473400581,-0.5537706673686775,-5.492533600798553,0.09317958822172902,-20.613584262264652,-0.798693473493274,0.09317958822172902,-20.613584262264652,-0.798693473493274,0.933462580008195,-0.5980617411579329,-5.423626001657604
4906906906.906907,0.9381825031468916,-0.5542534157885689,-5.505249381166288,0.09597265622996755,-20.357049701704426,-0.8094401826465507,0.09597265622996755,-20.357049701704426,-0.8094401826465507,0.9334694601609922,-0.5979977214222344,-5.437566630109398
4912912912.912913,0.9381219983724598,-0.5548135996958684,-5.517865341798757,0.0987230301542936,-20.111630461862372,-0.8202735398400055,0.0987230301542936,-20.111630461862372,-0.8202735398400055,0.933467578642176,-0.5980152288844034,-5.451389362728648
4918918918.918919,0.9380534826627144,-0.5554479965309221,-5.5303830359254595,0.1014314696265559,-19.876545640724203,-0.831175514341026,0.1014314696265559,-19.876545640724203,-0.831175514341026,0.9334572754546286,-0.5981111002846488,-5.465095949961516
4924924924.924925,0.9379772910404834,-0.5561535201627126,-5.542803995962961,0.10409873732586736,-19.651090765357768,-0.8421306170251212,0.10409873732586736,-19.651090765357768,-0.8421306170251212,0.9334388770026254,-0.5982823009413175,-5.478688121932944
4930930930.930931,0.9378937443724868,-0.5569272163546436,-5.5551297334153755,0.1067255967643386,-19.434628162528163,-0.8531254965943794,0.1067255967643386,-19.434628162528163,-0.8531254965943794,0.9334126965032227,-0.5985259206609821,-5.4921675881260885
4936936936.936937,0.9378031498297513,-0.5577662583161203,-5.5673617388095025,0.10931281044516117,-19.226578795839263,-0.8641486097365972,0.10931281044516117,-19.226578795839263,-0.8641486097365972,0.9333790343933919,-0.5988391697140685,-5.5055360371108
4942942942.942943,0.9377058013406743,-0.5586679423446473,-5.579501481662205,0.11186113832260469,-19.02641531025546,-0.8751899499190597,0.11186113832260469,-19.02641531025546,-0.8751899499190597,0.9333381787320366,-0.5992193748819251,-5.51879513631794
4948948948.948949,0.9376019800360058,-0.5596296835631364,-5.591550410477694,0.11437133650918117,-18.83365607653456,-0.8862408230247016,0.11437133650918117,-18.83365607653456,-0.8862408230247016,0.9332904055961374,-0.5996639755803814,-5.531946531856562
4954954954.954955,0.9374919546851876,-0.5606490117557101,-5.603509952772548,0.11684415618699066,-18.6478600683804,-0.8972936606708745,0.11684415618699066,-18.6478600683804,-0.8972936606708745,0.933235979470389,-0.6001705200638603,-5.544991848371101
4960960960.960961,0.9373759821235206,-0.5617235673051353,-5.615381515126339,0.11928034268917169,-18.46862243674133,-0.9083418640409081,0.11928034268917169,-18.46862243674133,-0.9083418640409081,0.9331751536297652,-0.600736661713595,-5.557932688935818
4966966966.966967,0.9372543076697896,-0.5628510972336953,-5.627166483255984,0.121680634724208,-18.295570670668862,-0.9193796725755388,0.121680634724208,-18.295570670668862,-0.9193796725755388,0.9331081705145333,-0.6013601554128002,-5.570770634983982
4972972972.972973,0.9371271655339705,-0.5640294513494973,-5.638866222111835,0.12404576372107289,-18.128361254030814,-0.9304020530365722,0.12404576372107289,-18.128361254030814,-0.9304020530365722,0.9330352620973366,-0.6020388540108955,-5.583507246269283
4978978978.978979,0.9369947792147917,-0.5652565784989457,-5.650482075993834,0.12637645327730265,-17.966676743281486,-0.9414046053573487,0.12637645327730265,-17.966676743281486,-0.9414046053573487,0.9329566502419984,-0.6027707048786295,-5.596144060857149
4984984984.984985,0.9368573618869191,-0.5665305229262756,-5.662015368686029,0.12867341869529683,-17.810223204299454,-0.9523834823977648,0.12867341869529683,-17.810223204299454,-0.9523834823977648,0.9328725470538005,-0.6035537465551661,-5.608682595143844
4990990990.990991,0.9367151167776555,-0.5678494207400107,-5.673467403607875,0.13093736659465335,-17.658727956673804,-0.9633353212733603,0.13093736659465335,-17.658727956673804,-0.9633353212733603,0.9327831552210232,-0.6043861054879486,-5.621124343901155
4996996996.996997,0.9365682375330214,-0.5692114964865256,-5.6848394639808575,0.13316899459040435,-17.511937582254596,-0.9742571843639342,0.13316899459040435,-17.511937582254596,-0.9742571843639342,0.9326886683475907,-0.6052659928657299,-5.633470780344795
5003003003.003003,0.9364169085732194,-0.5706150598297552,-5.696132813009025,0.1353689910286035,-17.369616161687325,-0.9851465084532475,0.1353689910286035,-17.369616161687325,-0.9851465084532475,0.9325892712767097,-0.6061917015448457,-5.645723356224609
5009009009.009009,0.9362613054374307,-0.5720585023366374,-5.707348694072136,0.13753803477205856,-17.231543708320846,-0.996001060728182,0.13753803477205856,-17.231543708320846,-0.996001060728182,0.9324851404054579,-0.6071616030682192,-5.657883501934863
5015015015.015015,0.9361015951180185,-0.5735402943668334,-5.718488330930178,0.13967679503004551,-17.097514773562605,-1.0068189005878834,0.13967679503004551,-17.097514773562605,-1.0068189005878834,0.9323764439902528,-0.6081741447769385,-5.669952626642922
5021021021.021021,0.9359379363841734,-0.5750589820656603,-5.729552927938131,0.1417859312267415,-16.967337201636845,-1.0175983463930511,0.1417859312267415,-16.967337201636845,-1.0175983463930511,0.9322633424432524,-0.6092278470131476,-5.681932118434846
5027027027.027027,0.9357704800951031,-0.5766131844586607,-5.740543670269843,0.14386609290381086,-16.84083101493655,-1.028337946431064,0.14386609290381086,-16.84083101493655,-1.028337946431064,0.9321459886196857,-0.6103213004136091,-5.693823344476311
5033033033.033033,0.9355993695028909,-0.5782015906460537,-5.751461724150062,0.14591791965321255,-16.71782741386179,-1.0390364534916359,0.14591791965321255,-16.71782741386179,-1.0390364534916359,0.9320245280961903,-0.6114531632925628,-5.705627651187615
5039039039.039039,0.9354247405451575,-0.5798229570953066,-5.762308237093647,0.14794204107677464,-16.598167877307667,-1.0496928025448309,0.14794204107677464,-16.598167877307667,-1.0496928025448309,0.9318990994402426,-0.6126221591125222,-5.717346364431388
5045045045.045045,0.9352467221276778,-0.5814761050299306,-5.773084338151089,0.14993907676952248,-16.4817033518758,-1.060306091093449,0.14993907676952248,-16.4817033518758,-1.060306091093449,0.9317698344707701,-0.6138270740416458,-5.728980789711827
5051051051.051051,0.9350654363971409,-0.5831599179123456,-5.783791138159498,0.15190963632410354,-16.368293519499474,-1.0708755618378443,0.15190963632410354,-16.368293519499474,-1.0708755618378443,0.9316368585100907,-0.6150667545958569,-5.7405322123843066
5057057057.057057,0.9348809990042324,-0.5848733390187495,-5.794429729998318,0.1538543193539565,-16.25780613454345,-1.0814005873461865,0.1538543193539565,-16.25780613454345,-1.0814005873461865,0.9315002906272852,-0.616340105364292,-5.752001897874323
5063063063.063063,0.9346935193572354,-0.5866153691038456,-5.805001188849029,0.1557737155331428,-16.150116422605812,-1.091880656468765,0.1557737155331428,-16.150116422605812,-1.091880656468765,0.9313602438731851,-0.6176460868159859,-5.763391091904751
5069069069.069069,0.93450310086637,-0.5883850641530777,-5.815506572458198,0.15766840465098228,-16.045106534245328,-1.1023153622731512,0.15766840465098228,-16.045106534245328,-1.1023153622731512,0.9312168255071049,-0.6189837131862277,-5.7747010207304905
5075075075.075075,0.9343098411790752,-0.5901815332202022,-5.825946921403241,0.15953895667983226,-15.94266504771074,-1.1127043913090169,0.15953895667983226,-15.94266504771074,-1.1127043913090169,0.9310701372155156,-0.6203520504404538,-5.7859328913796455
5081081081.081081,0.9341138324064668,-0.5920039363478049,-5.836323259360324,0.16138593185452227,-15.842686515480757,-1.1230475140383498,0.16138593185452227,-15.842686515480757,-1.1230475140383498,0.9309202753228153,-0.6217502143138998,-5.797087891900389
5087087087.087088,0.9339151613411819,-0.5938514825685794,-5.846636593373907,0.16320988076211393,-15.745071050054113,-1.133344576289539,0.16320988076211393,-15.745071050054113,-1.133344576289539,0.9307673309943895,-0.6231773684249929,-5.808167191612812
5093093093.093093,0.9337139096668607,-0.5957234279848628,-5.8568879141274035,0.16501134444077767,-15.649723944974268,-1.14359549161305,0.16501134444077767,-15.649723944974268,-1.14359549161305,0.9306113904321536,-0.6246327224604249,-5.819171941364988
5099099099.099099,0.9335101541594746,-0.5976190739243246,-5.867078196214532,0.16679085448670508,-15.556555327544588,-1.1538002344327702,0.16679085448670508,-15.556555327544588,-1.1538002344327702,0.93045253506275,-0.6261155304301049,-5.830103273792661
5105105105.105105,0.9333039668807441,-0.5995377651693963,-5.877208398410916,0.16854893316807565,-15.46547984009948,-1.1639588339010305,0.16854893316807565,-15.46547984009948,-1.1639588339010305,0.9302908417186168,-0.627625088989777,-5.84096230358188
5111111111.111111,0.933095415363887,-0.6014788882581031,-5.887279463945592,0.17028609354519167,-15.37641634705307,-1.1740713683772326,0.17028609354519167,-15.37641634705307,-1.1740713683772326,0.9301263828120999,-0.6291607358295157,-5.851750127734082
5117117117.117117,0.9328845627919041,-0.6034418698542402,-5.8972923207720385,0.17200283959597837,-15.289287665257794,-1.1841379604601778,0.17200283959597837,-15.289287665257794,-1.1841379604601778,0.9299592265028254,-0.6307218481259633,-5.862467825833046
5123123123.123123,0.93267146816865,-0.6054261751845362,-5.907247881838405,0.17369966634611775,-15.204020315477036,-1.1941587725129583,0.17369966634611775,-15.204020315477036,-1.1941587725129583,0.9297894368585117,-0.6323078410564563,-5.873116460313254
5129129129.129129,0.9324561864829192,-0.6074313065405538,-5.917147045356698,0.17537706000316325,-15.12054429301341,-1.2041340026268776,0.17537706000316325,-15.12054429301341,-1.2041340026268776,0.9296170740094084,-0.6339181663732186,-5.883697076729226
5135135135.135136,0.9322387688657471,-0.6094568018434383,-5.926990695070571,0.17703549809402105,-15.038792855744266,-1.2140638809772408,0.17703549809402105,-15.038792855744266,-1.2140638809772408,0.9294421942965905,-0.6355523110353601,-5.894210704025371
5141141141.141141,0.9320192627411784,-0.611502233269098,-5.936779700521563,0.17867544960527018,-14.958702327998372,-1.2239486665296617,0.17867544960527018,-14.958702327998372,-1.2239486665296617,0.9292648504142544,-0.6372097958972317,-5.904658354806018
5147147147.147147,0.9317977119706975,-0.613567205931971,-5.946514917313504,0.18029737512580973,-14.880211918871389,-1.2337886440602628,0.18029737512580973,-14.880211918871389,-1.2337886440602628,0.9290850915462254,-0.6388901744511075,-5.915041025605244
5153153153.153153,0.9315741569915351,-0.6156513566253505,-5.956197187374901,0.18190172699139265,-14.803263553719695,-1.243584121457501,0.18190172699139265,-14.803263553719695,-1.243584121457501,0.9289029634968703,-0.6405930316223016,-5.925359697156183
5159159159.159159,0.9313486349490793,-0.6177543526161301,-5.965827339219156,0.18348894943063657,-14.727801717699284,-1.2533354272770065,0.18348894943063657,-14.727801717699284,-1.2533354272770065,0.9287185088165795,-0.642317982615144,-5.935615334659527
5165165165.165165,0.9311211798235628,-0.6198758904923416,-5.975406188202412,0.18505947871213607,-14.653773310329033,-1.2630429085240658,0.18505947871213607,-14.653773310329033,-1.2630429085240658,0.9285317669220008,-0.6440646718080528,-5.9458088880509425
5171171171.171171,0.9308918225512585,-0.6220156950613298,-5.984934536778906,0.18661374329234495,-14.581127510156815,-1.2727069286411874,0.18661374329234495,-14.581127510156815,-1.2727069286411874,0.9283427742112186,-0.6458327716958563,-5.955941292267142
5177177177.177177,0.9306605911403483,-0.6241735182970094,-5.994413174753692,0.18815216396391837,-14.50981564869638,-1.2823278656807016,0.18815216396391837,-14.50981564869638,-1.2823278656807016,0.9281515641740146,-0.6476219818780555,-5.9660134675104075
5183183183.183184,0.9304275107816807,-0.626349138334213,-6.003842879532639,0.18967515400424106,-14.439791092881444,-1.2919061106444938,0.18967515400424106,-14.439791092881444,-1.2919061106444938,0.9279581674974147,-0.6494320280910902,-5.976026319511344
5189189189.189189,0.930192603954575,-0.6285423585086581,-6.013224416369576,0.1911831193238914,-14.371009135354422,-1.3014420659748924,0.1911831193238914,-14.371009135354422,-1.3014420659748924,0.9277626121666606,-0.6512626612832889,-5.985980739789674
5195195195.195195,0.9299558905278721,-0.6307530064406779,-6.0225585386105225,0.19267645861481353,-14.303426891970311,-1.3109361441824308,0.19267645861481353,-14.303426891970311,-1.3109361441824308,0.927564923561767,-0.6531136567309823,-5.995877605912928
5201201201.201201,0.9297173878563909,-0.6329809331612544,-6.031845987934915,0.19415556349799415,-14.237003205952723,-1.3203887665976701,0.19415556349799415,-14.237003205952723,-1.3203887665976701,0.9273651245498349,-0.6549848131941761,-6.00571778175284
5207207207.207207,0.9294771108729666,-0.6352260122787285,-6.041087494593776,0.1956208186704601,-14.171698558189883,-1.3298003622356196,0.1956208186704601,-14.171698558189883,-1.3298003622356196,0.9271632355732454,-0.6568759521106055,-6.015502117739351
5213213213.213213,0.9292350721762276,-0.6374881391847352,-6.050283777644771,0.19707260205143468,-14.107474983203703,-1.3391713667624459,0.19707260205143468,-14.107474983203703,-1.3391713667624459,0.9269592747339123,-0.6587869168265102,-6.02523145111209
5219219219.219219,0.9289912821142691,-0.6397672302979235,-6.059435545184103,0.1985112849274984,-14.044295990366582,-1.348502221555162,0.1985112849274984,-14.044295990366582,-1.348502221555162,0.9267532578736901,-0.6607175718632117,-6.034906606169185
5225225225.225225,0.9287457488643818,-0.6420632223440003,-6.068543494575219,0.19993723209662967,-13.982126489976736,-1.3577933728459985,0.19993723209662967,-13.982126489976736,-1.3577933728459985,0.9265451986511234,-0.662667802217773,-6.044528394513392
5231231231.231232,0.9284984785089764,-0.6443760716708162,-6.077608312674311,0.201350802011004,-13.920932723836753,-1.3670452709438805,0.201350802011004,-13.920932723836753,-1.3670452709438805,0.9263351086146367,-0.664637512696798,-6.054097615295367
5237237237.237237,0.9282494751078392,-0.6467057535972548,-6.0866306760525495,0.20275234691844432,-13.860682200010038,-1.3762583695262198,0.20275234691844432,-13.860682200010038,-1.3762583695262198,0.9261229972722969,-0.6666266272821622,-6.063615055454067
5243243243.243243,0.9279987407668789,-0.6490522617944601,-6.095611251215119,0.2041422130024408,-13.801343631456469,-1.385433124994905,0.2041422130024408,-13.801343631456469,-1.385433124994905,0.9259088721582873,-0.6686350885273606,-6.073081489954224
5249249249.249249,0.927746275703464,-0.6514156076985099,-6.104550694816952,0.20552074052064698,-13.74288687827413,-1.3945699958908766,0.20552074052064698,-13.74288687827413,-1.3945699958908766,0.9256927388961935,-0.6706628569835772,-6.082497682020781
5255255255.255255,0.927492078308505,-0.653795819953113,-6.11344965387525,0.2068882639417917,-13.685282893295396,-1.403669442362292,0.2068882639417917,-13.685282893295396,-1.403669442362292,0.9254746012592331,-0.6727099106542167,-6.091864383370318
5261261261.261261,0.9272361452053945,-0.6561929438813214,-6.122308765978748,0.20824511208094218,-13.628503670806467,-1.4127319256816928,0.20824511208094218,-13.628503670806467,-1.4127319256816928,0.9252544612275225,-0.6747762444770689,-6.101182334439392
5267267267.267267,0.9269784713059083,-0.6586070409853191,-6.131128659493728,0.20959160823306447,-13.572522198177762,-1.4217579078080025,0.20959160823306447,-13.572522198177762,-1.4217579078080025,0.9250323190425103,-0.6768618698329008,-6.1104522646097506
5273273273.273273,0.9267190498632125,-0.6610381884729549,-6.139909953766854,0.21092807030484378,-13.517312410208975,-1.4307478509896454,0.21092807030484378,-13.517312410208975,-1.4307478509896454,0.9248081732586517,-0.6789668140797845,-6.1196748924304645
5279279279.27928,0.9264578725220532,-0.6634864788103639,-6.148653259324767,0.212254810944718,-13.46284914600859,-1.439702217405271,0.212254810944718,-13.46284914600859,-1.439702217405271,0.9245820207924548,-0.6810911201119816,-6.128850925836869
5285285285.285285,0.9261949293662505,-0.6659520192995423,-6.15735917807055,0.21357213767110833,-13.409108108240481,-1.448621468839052,0.21357213767110833,-13.409108108240481,-1.448621468839052,0.9243538569689617,-0.6832348459427761,-6.137981062366408
5291291291.291291,0.9259302089635922,-0.6684349316800353,-6.1660283034770105,0.21488035299880984,-13.356065824584142,-1.457506066387629,0.21488035299880984,-13.356065824584142,-1.457506066387629,0.9241236755657911,-0.6853980643101282,-6.147065989371293
5297297297.2972975,0.9256636984082269,-0.6709353517538457,-6.17466122077687,0.2161797545635313,-13.303699611265758,-1.46635647019616,0.2161797545635313,-13.303699611265758,-1.46635647019616,0.92389146885479,-0.6875808623046984,-6.156106384228029
5303303303.303303,0.9253953833606409,-0.6734534290327838,-6.183258507149861,0.2174706352445712,-13.251987538528303,-1.475173139221079,0.2174706352445712,-13.251987538528303,-1.475173139221079,0.9236572276414198,-0.6897833410190948,-6.1651029145438025
5309309309.309309,0.9251252480853133,-0.6759893264074347,-6.191820731906791,0.21875328328562288,-13.200908397918454,-1.483956531017416,0.21875328328562288,-13.200908397918454,-1.483956531017416,0.9234209413019236,-0.6920056152179342,-6.174056238359738
5315315315.315315,0.9248532754861408,-0.6785432198369088,-6.2003484566705795,0.22002798241369836,-13.15044167127742,-1.492707101548671,0.22002798241369836,-13.15044167127742,-1.492707101548671,0.9231825978183797,-0.694247813027754,-6.182967004351049
5321321321.3213215,0.9245794471396851,-0.6811152980589177,-6.208842235554343,0.2212950119561818,-13.100567501330104,-1.5014253050174653,0.2212950119561818,-13.100567501330104,-1.5014253050174653,0.9229421838116884,-0.6965100756463481,-6.19183585202408
5327327327.327328,0.9243037433263641,-0.6837057623190707,-6.217302615336552,0.22255464695600655,-13.051266663775511,-1.5101115937152887,0.22255464695600655,-13.051266663775511,-1.5101115937152887,0.922699684572596,-0.6987925570705865,-6.200663411910303
5333333333.333333,0.9240261430596122,-0.6863148261192014,-6.225730135633294,0.22380715828496997,-13.002520540787373,-1.518766417889828,0.22380715828496997,-13.002520540787373,-1.518766417889828,0.9224550840907881,-0.701095423842445,-6.209450305757242
5339339339.339339,0.9237466241131271,-0.6889427149836438,-6.234125329067726,0.2250528127551928,-12.95431109584082,-1.527390225628488,0.2250528127551928,-12.95431109584082,-1.527390225628488,0.9222083650821498,-0.7034188548123432,-6.218197146716408
5345345345.3453455,0.9234651630462299,-0.6915896662432613,-6.242488721436699,0.22629187322873537,-12.906620849786618,-1.5359834627568207,0.22629187322873537,-12.906620849786618,-1.5359834627568207,0.9219595090142332,-0.705763040919441,-6.226904539528218
5351351351.351352,0.9231817352274336,-0.6942559288363479,-6.2508208318746785,0.2275245987253889,-12.859432858099701,-1.5445465727506986,0.2275245987253889,-12.859432858099701,-1.5445465727506986,0.9217084961299972,-0.7081281849883238,-6.235573080703989
5357357357.357357,0.9228963148562591,-0.6969417631260938,-6.259122173014943,0.22875124452865586,-12.812730689233994,-1.5530799966611404,0.22875124452865586,-12.812730689233994,-1.5530799966611404,0.9214553054698921,-0.7105145015414001,-6.244203358704993
5363363363.363363,0.9226088749833735,-0.6996474407339354,-6.267393251148158,0.22997206228994224,-12.766498404019792,-1.5615841730508213,0.22997206228994224,-12.766498404019792,-1.5615841730508213,0.9211999148923105,-0.7129222166268557,-6.252795954118643
5369369369.3693695,0.9223193875291006,-0.7023732443883611,-6.275634566378328,0.2311873001309789,-12.720720536044503,-1.5700595379413256,0.2311873001309789,-12.720720536044503,-1.5700595379413256,0.9209423010924903,-0.7153515676613749,-6.261351439831823
5375375375.375376,0.922027823300342,-0.7051194677888474,-6.283846612776242,0.23239720274449763,-12.675382072961185,-1.5785065247703398,0.23239720274449763,-12.675382072961185,-1.5785065247703398,0.9206824396198993,-0.7178028032873884,-6.269870381201428
5381381381.381382,0.921734152005997,-0.707886415484139,-6.292029878530387,0.23360201149318596,-12.630468438673077,-1.5869255643579854,0.23360201149318596,-12.630468438673077,-1.5869255643579854,0.9204203048941518,-0.7202761832443914,-6.278353336222124
5387387387.387387,0.9214383422708805,-0.7106744027649002,-6.300184846095453,0.2348019645069445,-12.585965476345658,-1.5953170848816087,0.2348019645069445,-12.585965476345658,-1.5953170848816087,0.9201558702195015,-0.7227719782539638,-6.286800855691413
5393393393.3933935,0.9211403616482192,-0.713483755570049,-6.3083119923384245,0.23599729677847395,-12.541859432200905,-1.6036815118583478,0.23599729677847395,-12.541859432200905,-1.6036815118583478,0.9198891077979614,-0.7252904699180212,-6.295213483371987
5399399399.3994,0.9208401766307662,-0.7163148104064005,-6.3164117886823385,0.23718824025721752,-12.498136940051257,-1.6120192681348886,0.23718824025721752,-12.498136940051257,-1.6120192681348886,0.9196199887410742,-0.7278319506301281,-6.303591756151469
5405405405.405405,0.9205377526605525,-0.7191679142815097,-6.324484701247772,0.2383750239416924,-12.454785006533285,-1.6203307738838701,0.2383750239416924,-12.454785006533285,-1.6203307738838701,0.9193484830803907,-0.7303967234993503,-6.311936204199562
5411411411.411411,0.9202330541373303,-0.7220434246492182,-6.332531190992076,0.2395578739702307,-12.411790997004058,-1.6286164466063977,0.2395578739702307,-12.411790997004058,-1.6286164466063977,0.919074559776671,-0.7329851022865458,-6.320247351122653
5417417417.417418,0.9199260444257582,-0.7249417093674837,-6.340551713846441,0.24073701371016826,-12.369142622064814,-1.6368767011402148,0.24073701371016826,-12.369142622064814,-1.6368767011402148,0.9187981867278657,-0.7355974113525766,-6.328525714115912
5423423423.423424,0.9196166858613276,-0.7278631466685312,-6.348546720850816,0.2419126638455013,-12.326827924679453,-1.6451119496730817,0.2419126638455013,-12.326827924679453,-1.6451119496730817,0.9185193307758901,-0.7382339856183753,-6.336771804112939
5429429429.42943,0.9193049397550923,-0.7308081251407799,-6.356516658286781,0.2430850424630525,-12.284835267856497,-1.6533226017609912,0.2430850424630525,-12.284835267856497,-1.6533226017609912,0.9182379577122299,-0.7408951705365046,-6.34498612593302
5435435435.435435,0.9189907663972178,-0.733777043722436,-6.364461967808349,0.24425436513716728,-12.243153322865904,-1.6615090643508066,0.24425436513716728,-12.243153322865904,-1.6615090643508066,0.9179540322824056,-0.7435813220740206,-6.353169178425995
5441441441.441442,0.9186741250593862,-0.7367703117064512,-6.372383086570846,0.24542084501297845,-12.201771057963146,-1.6696717418070335,0.24542084501297845,-12.201771057963146,-1.6696717418070335,0.9176675181893228,-0.7462928067063924,-6.361321454614851
5447447447.447448,0.9183549739960719,-0.7397883487567454,-6.380280447357816,0.2465846928882635,-12.160677727595088,-1.6778110359423493,0.2465846928882635,-12.160677727595088,-1.6778110359423493,0.917378378095541,-0.7490300014222266,-6.369443441836004
5453453453.453453,0.918033270444732,-0.7428315849353206,-6.388154478706087,0.24774611729393303,-12.119862862063277,-1.6859273460516624,0.24774611729393303,-12.119862862063277,-1.6859273460516624,0.9170865736244599,-0.7517932937388285,-6.377535621877399
5459459459.459459,0.9177089706249093,-0.7459004607403315,-6.396005605029012,0.24890532457317602,-12.079316257622034,-1.6940210689493957,0.24890532457317602,-12.079316257622034,-1.6940210689493957,0.9167920653604809,-0.7545830817281002,-6.385598471114425
5465465465.465466,0.9173820297362958,-0.7489954271546999,-6.403834246737926,0.2500625189592953,-12.039027966989828,-1.7020925990097497,0.2500625189592953,-12.039027966989828,-1.7020925990097497,0.9164948128481268,-0.7573997740529735,-6.393632460643692
5471471471.471472,0.9170524019557593,-0.7521169457053019,-6.411640820361889,0.25121790265226407,-11.998988290253703,-1.710142328209736,0.25121790265226407,-11.998988290253703,-1.710142328209736,0.9161947745901775,-0.7602437900138775,-6.401638056414754
5477477477.477478,0.9167200404333519,-0.7552654885325898,-6.419425738665765,0.25237167589403536,-11.95918776614767,-1.7181706461747532,0.25237167589403536,-11.95918776614767,-1.7181706461747532,0.9158919080447961,-0.7631155596055049,-6.409615719359775
5483483483.483483,0.9163848972873307,-0.7584415384704047,-6.427189410766666,0.253524037042634,-11.919617163687096,-1.7261779402265207,0.253524037042634,-11.919617163687096,-1.7261779402265207,0.915586169621705,-0.7660155235833838,-6.417565905521226
5489489489.48949,0.9160469235981948,-0.7616455891360098,-6.434932242248836,0.25467518264506284,-11.88026747414206,-1.7341645954331977,0.25467518264506284,-11.88026747414206,-1.7341645954331977,0.9152775146773863,-0.7689441335405146,-6.425489066177632
5495495495.495496,0.9157060694017446,-0.7648781450303076,-6.442654635276997,0.25582530750905286,-11.841129903333641,-1.7421309946615011,0.25582530750905286,-11.841129903333641,-1.7421309946615011,0.9149658975093584,-0.7719018519936427,-6.433385647967432
5501501501.501501,0.915362283681209,-0.7681397216478865,-6.450356988708232,0.2569746047736886,-11.80219586423795,-1.7500775186307034,0.2569746047736886,-11.80219586423795,-1.7500775186307034,0.9146512713495024,-0.7748891524794589,-6.4412560930109795
5507507507.507507,0.9150155143584036,-0.7714308455972876,-6.458039698202428,0.2581232659789387,-11.763456969883583,-1.7580045459683464,0.2581232659789387,-11.763456969883583,-1.7580045459683464,0.914333588356483,-0.7779065196603436,-6.449100839030753
5513513513.513514,0.9146657082839764,-0.7747520547310076,-6.465703156331353,0.25927148113412074,-11.724905026528894,-1.7659124532675574,0.25927148113412074,-11.724905026528894,-1.7659124532675574,0.9140127996072506,-0.780954449439843,-6.456920319469795
5519519519.51952,0.9143128112267158,-0.7781038982855419,-6.473347752686371,0.2604194387853282,-11.686532027106383,-1.7738016151458347,0.2604194387853282,-11.686532027106383,-1.7738016151458347,0.9136888550876442,-0.784033449087727,-6.464714963608435
5525525525.525526,0.9139567678619555,-0.781486937031185,-6.480973873984903,0.26156732608185373,-11.648330144921834,-1.7816724043052246,0.26156732608185373,-11.648330144921834,-1.7816724043052246,0.9133617036820951,-0.7871440373746981,-6.472485196679354
5531531531.531531,0.9135975217590487,-0.7849017434319194,-6.48858190417562,0.26271532884163173,-11.610291727596927,-1.7895251915937582,0.26271532884163173,-11.610291727596927,-1.7895251915937582,0.9130312931624491,-0.7902867447166206,-6.480231439981011
5537537537.537538,0.9132350153679536,-0.7883489018150576,-6.49617222454245,0.26386363161573234,-11.572409291244254,-1.7973603460680807,0.26386363161573234,-11.572409291244254,-1.7973603460680807,0.9126975701758965,-0.7934621133284363,-6.487954110989483
5543543543.543544,0.9128691900049115,-0.7918290085508581,-6.503745213807434,0.26501241775193235,-11.534675514864581,-1.8051782350571852,0.26501241775193235,-11.534675514864581,-1.8051782350571852,0.91236048023202,-0.7966706973877248,-6.495653623468772
5549549549.549549,0.9124999858372244,-0.7953426722421452,-6.511301248232465,0.2661618694573914,-11.497083234956458,-1.812979224227163,0.2661618694573914,-11.497083234956458,-1.812979224227163,0.9120199676889762,-0.7999130632078262,-6.503330387579596
5555555555.555555,0.912127341867134,-0.7988905139239524,-6.5188407017199825,0.2673121678604626,-11.459625440328905,-1.8207636776469343,0.2673121678604626,-11.459625440328905,-1.8207636776469343,0.911675975738787,-0.8031897894207991,-6.510984809986745
5561561561.561562,0.9117511959148094,-0.8024731672732154,-6.5263639459126255,0.26846349307166056,-11.422295267108433,-1.8285319578548591,0.26846349307166056,-11.422295267108433,-1.8285319578548591,0.9113284463917655,-0.8065014671700579,-6.5186172939649865
5567567567.567568,0.9113714846004275,-0.8060912788287171,-6.533871350291929,0.26961602424381564,-11.385085993932023,-1.836284425926199,0.26961602424381564,-11.385085993932023,-1.836284425926199,0.9109773204600546,-0.8098487003129516,-6.526228239503625
5573573573.573574,0.9109881433253612,-0.8097455082212356,-6.541363282276078,0.27076993963143897,-11.347991037318137,-1.8440214415413743,0.27076993963143897,-11.347991037318137,-1.8440214415413743,0.9106225375403033,-0.8132321056331281,-6.533818043409702
5579579579.579579,0.9106011062524644,-0.8134365284140574,-6.5488401073167735,0.2719254166493257,-11.311003947208178,-1.851743363054967,0.2719254166493257,-11.311003947208178,-1.851743363054967,0.9102640359954434,-0.8166523130630916,-6.541387099409916
5585585585.585586,0.9102103062854462,-0.8171650259540314,-6.5563021889952555,0.27308263193041726,-11.274118402671395,-1.8594505475654235,0.27308263193041726,-11.274118402671395,-1.8594505475654235,0.9099017529356019,-0.8201099659167094,-6.548935798251268
5591591591.591592,0.9098156750473402,-0.8209317012331708,-6.563749889117504,0.2742417613829499,-11.237328207766337,-1.8671433509854347,0.2742417613829499,-11.237328207766337,-1.8671433509854347,0.909535624198109,-0.82360572113212,-6.556464527800487
5597597597.597597,0.9094171428580458,-0.824737268761122,-6.5711835678086965,0.27540298024691384,-11.200627287552399,-1.8748221281129556,0.27540298024691384,-11.200627287552399,-1.8748221281129556,0.9091655843266191,-0.827140249524944,-6.563973673142288
5603603603.603603,0.9090146387109617,-0.828582457448394,-6.5786035836069345,0.27656646314984495,-11.164009684245343,-1.8824872327028364,0.27656646314984495,-11.164009684245343,-1.8824872327028364,0.9087915665493346,-0.830714236052006,-6.571463616676475
5609609609.60961,0.908608090248675,-0.832468010900794,-6.586010293556271,0.2777323841619698,-11.1274695535111,-1.8901390175390291,0.2777323841619698,-11.1274695535111,-1.8901390175390291,0.908413502756318,-0.8343283800857588,-6.578934738213919
5615615615.615616,0.9081974237377064,-0.836394687725156,-6.593404053299125,0.27890091685073387,-11.091001160891985,-1.8977778345073815,0.27890091685073387,-11.091001160891985,-1.8977778345073815,0.9080313234758833,-0.8379833956996162,-6.5863874150715045
5621621621.621622,0.9077825640423214,-0.8403632618463798,-6.600785217168068,0.28007223433472267,-11.054598878360496,-1.9054040346689571,0.28007223433472267,-11.054598878360496,-1.9054040346689571,0.9076449578500737,-0.8416800119641932,-6.593822022165996
5627627627.627627,0.907363434597357,-0.844374522836354,-6.608154138277061,0.2812465093370101,-11.018257180995255,-1.9130179683339001,0.2812465093370101,-11.018257180995255,-1.9130179683339001,0.9072543336091943,-0.8454189732548725,-6.601238932106928
5633633633.633634,0.9069399573800981,-0.848429276254562,-6.615511168612168,0.2824239142379451,-10.981970643774615,-1.9206199851358254,0.2824239142379451,-10.981970643774615,-1.9206199851358254,0.9068593770454024,-0.8492010395707585,-6.608638515288523
5639639639.63964,0.90651205288114,-0.8525283440010817,-6.622856659121776,0.28360462112740054,-10.94573393848327,-1.9282104341067055,0.28360462112740054,-10.94573393848327,-1.9282104341067055,0.9064600129853312,-0.8530269868653664,-6.616021139980675
5645645645.645645,0.9060796400742792,-0.8566725646816977,-6.630190959806383,0.28478880185650546,-10.909541830727532,-1.9357896637522825,0.28478880185650546,-10.909541830727532,-1.9357896637522825,0.906056164761762,-0.8568976073889949,-6.623387172419031
5651651651.651651,0.9056426363853625,-0.8608627939859269,-6.637514419807966,0.2859766280888764,-10.873389177055214,-1.9433580221279678,0.2859766280888764,-10.873389177055214,-1.9433580221279678,0.9056477541842789,-0.8608137100435513,-6.630736976894213
5657657657.657658,0.9052009576601195,-0.8650999050778321,-6.644827387498991,0.28716827135136747,-10.837270922176241,-1.950915856915242,0.28716827135136747,-10.837270922176241,-1.950915856915242,0.9052347015089521,-0.8647761207494877,-6.638070915840199
5663663663.663664,0.9047545181309442,-0.8693847890001088,-6.652130210571085,0.2883639030843588,-10.801182096280112,-1.9584635154985586,0.2883639030843588,-10.801182096280112,-1.9584635154985586,0.9048169254069872,-0.8687856828255808,-6.6453893499219
5669669669.66967,0.9043032303825964,-0.8737183550918398,-6.659423236123419,0.28956369469159887,-10.76511781244681,-1.966001345042746,0.28956369469159887,-10.76511781244681,-1.966001345042746,0.9043943429323469,-0.8728432573816193,-6.652692638121978
5675675675.675675,0.9038470053168438,-0.8781015314198914,-6.666706810750837,0.29076781758961834,-10.729073264147718,-1.9735296925709127,0.29076781758961834,-10.729073264147718,-1.9735296925709127,0.9039668694883162,-0.8769497237244174,-6.659981137826908
5681681681.681682,0.9033857521159674,-0.8825352652248285,-6.673981280631762,0.29197644325672995,-10.693043722833353,-1.9810489050428646,0.29197644325672995,-10.693043722833353,-1.9810489050428646,0.9035344187930032,-0.8811059797773642,-6.667255204912337
5687687687.687688,0.9029193782051641,-0.8870205233811895,-6.681246991615928,0.2931897432816319,-10.657024535604826,-1.9885593294340365,0.2931897432816319,-10.657024535604826,-1.9885593294340365,0.9030969028437478,-0.8853129425139274,-6.674515193827759
5693693693.693693,0.9024477892137831,-0.8915582928729022,-6.688504289311955,0.2944078894116288,-10.621011122966127,-1.9960613128149427,0.2944078894116288,-10.621011122966127,-1.9960613128149427,0.9026542318804143,-0.8895715484054876,-6.681761457680535
5699699699.699699,0.9019708889354007,-0.8961495812839609,-6.6957535191748345,0.29563105360048464,-10.58499897665445,-2.003555202431183,0.29563105360048464,-10.58499897665445,-2.003555202431183,0.9022063143475584,-0.8938827538837663,-6.688994348319296
5705705705.705706,0.9014885792866946,-0.9007954173049283,-6.702995026593326,0.29685940805592015,-10.548983657545964,-2.0110413457839647,0.29685940805592015,-10.548983657545964,-2.0110413457839647,0.9017530568554323,-0.8982475358183557,-6.6962142164167355
5711711711.711712,0.9010007602650941,-0.9054968512556804,-6.710229156977333,0.2980931252867687,-10.512960793634452,-2.0185200907112137,0.2980931252867687,-10.512960793634452,-2.0185200907112137,0.901294364139816,-0.9026668920096397,-6.703421411551842
5717717717.717718,0.9005073299051851,-0.9102549556247942,-6.7174562558452715,0.29933237814980396,-10.476926078080428,-2.0259917854692437,0.29933237814980396,-10.476926078080428,-2.0259917854692437,0.9008301390206372,-0.9071418416976568,-6.710616282291587
5723723723.723723,0.9000081842338372,-0.9150708256260977,-6.724676668911476,0.30057733989624635,-10.440875267328574,-2.0334567788150073,0.30057733989624635,-10.440875267328574,-2.0334567788150073,0.9003602823593706,-0.9116734260871795,-6.717799176272077
5729729729.72973,0.8995032172240267,-0.9199455797728624,-6.731890742173685,0.3018281842179648,-10.404804179291158,-2.0409154200889734,0.3018281842179648,-10.404804179291158,-2.0409154200889734,0.8998846930151706,-0.9162627088896514,-6.7249704402792405
5735735735.735736,0.8989923207473255,-0.9248803604701472,-6.7390988220006225,0.3030850852933782,-10.368708691595563,-2.0483680592986016,0.3030850852933782,-10.368708691595563,-2.0483680592986016,0.8994032677997252,-0.9209107768823193,-6.732130420329011
5741741741.741742,0.8984753845250265,-0.9298763346258174,-6.746301255219736,0.30434821783307164,-10.332584739893774,-2.055815047202475,0.30434821783307164,-10.332584739893774,-2.055815047202475,0.8989159014307904,-0.9256187404851584,-6.7392794617470955
5747747747.747747,0.897952296077866,-0.9349346942808728,-6.753498389205103,0.30561775712512773,-10.296428316232227,-2.0632567353950853,0.30561775712512773,-10.296428316232227,-2.0632567353950853,0.8984224864843914,-0.9303877343559547,-6.746417909248283
5753753753.753754,0.8974229406743206,-0.9400566572595569,-6.760690571965561,0.30689387908019183,-10.26023546747994,-2.070693476392298,0.30689387908019183,-10.26023546747994,-2.070693476392298,0.8979229133456306,-0.9352189180043756,-6.753546107015388
5759759759.75976,0.8968872012774386,-0.9452434678399159,-6.767878152233078,0.3081767602762641,-10.224002293813633,-2.0781256237175243,0.3081767602762641,-10.224002293813633,-2.0781256237175243,0.8974170701581059,-0.9401134764252227,-6.760664398777784
5765765765.765766,0.896344958490169,-0.9504963974454388,-6.775061479551407,0.3094665780032364,-10.187724947257914,-2.085553531988603,0.3094665780032364,-10.187724947257914,-2.085553531988603,0.8969048427718788,-0.9450726207517363,-6.767773127889583
5771771771.771772,0.8957960904991529,-0.955816745358432,-6.782240904365061,0.3107635103071708,-10.151399630279286,-2.092977557005442,0.3107635103071708,-10.151399630279286,-2.092977557005442,0.8963861146899617,-0.9500975889295028,-6.774872637407479
5777777777.777778,0.8952404730169424,-0.9612058394557628,-6.789416778108642,0.31206773603432847,-10.115022594432402,-2.100398055838421,0.31206773603432847,-10.115022594432402,-2.100398055838421,0.8958607670133059,-0.9551896464114478,-6.781963270168254
5783783783.783784,0.8946779792225954,-0.9666650369678242,-6.796589453296556,0.31337943487494796,-10.078590139057352,-2.107815386917594,0.31337943487494796,-10.078590139057352,-2.107815386917594,0.8953286783842289,-0.9603500868747965,-6.789045368866
5789789789.78979,0.8941084797006253,-0.9721957252612397,-6.803759283613147,0.31469878740677876,-10.042098610026624,-2.1152299101227015,0.31469878740677876,-10.042098610026624,-2.1152299101227015,0.8947897249282655,-0.9655802329604781,-6.796119276129023
5795795795.795795,0.8935318423782492,-0.977799322646244,-6.810926624003267,0.3160259751383637,-10.005544398540707,-2.122641986874025,0.3160259751383637,-10.005544398540707,-2.122641986874025,0.8942437801943806,-0.9708814370358934,-6.8031853345964866
5801801801.801802,0.8929479324608857,-0.9834772792095701,-6.818091830763391,0.3173611805520824,-9.968923939970948,-2.130051980224137,0.3173611805520824,-9.968923939970948,-2.130051980224137,0.8936907150935228,-0.9762550819816084,-6.810243886994808
5807807807.807808,0.8923566123658813,-0.9892310776734554,-6.8252552616331705,0.3187045871469381,-9.932233712749001,-2.1374602549505015,0.3187045871469381,-9.932233712749001,-2.1374602549505015,0.8931303978354712,-0.981702582002792,-6.817295276213777
5813813813.813814,0.8917577416543898,-0.9950622342819183,-6.8324172758876225,0.32005637948109966,-9.895470237301527,-2.1448671776490453,0.32005637948109966,-9.895470237301527,-2.1448671776490453,0.8925626938639174,-0.9872253834663334,-6.824339845382467
5819819819.81982,0.8911511769613846,-1.0009722997149268,-6.839578234429845,0.3214167432141841,-9.858630075029502,-2.1522731168286495,0.3214167432141841,-9.858630075029502,-2.1522731168286495,0.8919874657897646,-0.9928249657642286,-6.8313779379449135
5825825825.825826,0.8905367719237284,-1.006962860031657,-6.846738499884396,0.3227858651492819,-9.8217098273311,-2.1596784430066354,0.3227858651492819,-9.8217098273311,-2.1596784430066354,0.8914045733225769,-0.9985028422042947,-6.838409897735575
5831831831.831832,0.8899143771062759,-1.0130355376435627,-6.853898436691301,0.32416393327471243,-9.784706134667491,-2.167083528805253,0.32416393327471243,-9.784706134667491,-2.167083528805253,0.8908138732001355,-1.004260560929073,-6.845436069054591
5837837837.837838,0.8892838399259336,-1.0191919923184896,-6.86105841120075,0.32555113680550346,-9.747615675670817,-2.1744887490492095,0.32555113680550346,-9.747615675670817,-2.1744887490492095,0.890215219116065,-1.0100997058637358,-6.852456796742844
5843843843.843843,0.8886450045736489,-1.025433922216645,-6.868218791768519,0.3269476662245864,-9.710435166293587,-2.1818944808642584,0.3269476662245864,-9.710435166293587,-2.1818944808642584,0.8896084616454631,-1.0160218976941435,-6.859472426256828
5849849849.84985,0.8879977119342357,-1.0317630649598684,-6.8753799488521405,0.32835371332369495,-9.673161358998952,-2.1893011037769035,0.32835371332369495,-9.673161358998952,-2.1893011037769035,0.8889934481684957,-1.0220287948759053,-6.866483303743326
5855855855.855856,0.8873417995040288,-1.038181198734874,-6.882542255107847,0.32976947124395023,-9.635791041991387,-2.1967089998152036,0.32976947124395023,-9.635791041991387,-2.1967089998152036,0.8883700227918937,-1.0281220946756138,-6.873489776113901
5861861861.861862,0.8866771013062693,-1.0446901434320253,-6.8897060854883305,0.3311951345161252,-9.59832103848709,-2.204118553610756,0.3311951345161252,-9.59832103848709,-2.204118553610756,0.8877380262683087,-1.0343035342452283,-6.880492191119213
5867867867.867868,0.8860034478041755,-1.0512917618207305,-6.896871817341343,0.3326308991005637,-9.560748206023858,-2.2115301525018563,0.3326308991005637,-9.560748206023858,-2.2115301525018563,0.8870972959134663,-1.0405748917307753,-6.887490897423122
5873873873.873874,0.8853206658116404,-1.0579879607627056,-6.904039830509173,0.33407696242674007,-9.52306943580997,-2.218944186637875,0.33407696242674007,-9.52306943580997,-2.218944186637875,0.8864476655210529,-1.0469379874166318,-6.894486244676635
5879879879.87988,0.8846285784014939,-1.0647806924644272,-6.911210507429015,0.33553352343244,-9.485281652111649,-2.226361049084902,0.33553352343244,-9.485281652111649,-2.226361049084902,0.8857889652752954,-1.053394684906407,-6.901478583591632
5885885885.885886,0.8839270048112537,-1.0716719557702572,-6.918384233234276,0.33700078260253136,-9.447381811679088,-2.2337811359326385,0.33700078260253136,-9.447381811679088,-2.2337811359326385,0.885121021661152,-1.0599468923419237,-6.908468266014399
5891891891.8918915,0.8832157603463143,-1.0786637974975244,-6.92556139585684,0.338478942007313,-9.409366903210488,-2.2412048464026295,0.338478942007313,-9.409366903210488,-2.2412048464026295,0.8844436573720716,-1.0665965636614185,-6.915455644998955
5897897897.897898,0.8824946562804922,-1.0857583138151798,-6.932742386130317,0.33996820534040234,-9.371233946854167,-2.2486325829578315,0.33996820534040234,-9.371233946854167,-2.2486325829578315,0.8837566912152506,-1.0733456998984046,-6.922441074880149
5903903903.903904,0.8817634997538631,-1.0929576516675334,-6.939927597894314,0.3414687779561373,-9.33297999374857,-2.2560647514135415,0.3414687779561373,-9.33297999374857,-2.2560647514135415,0.8830599380143159,-1.0801963505226853,-6.929424911346515
5909909909.90991,0.8810220936678327,-1.1002640102445507,-6.947117428099719,0.34298086690645907,-9.29460212560004,-2.26350176104974,0.34298086690645907,-9.29460212560004,-2.26350176104974,0.8823532085093881,-1.0871506148248047,-6.9364075115128765
5915915915.915916,0.8802702365773392,-1.1076796425006572,-6.954312276915089,0.34450468097724135,-9.256097454298397,-2.2709440247248667,0.34450468097724135,-9.256097454298397,-2.2709440247248667,0.8816363092544313,-1.0942106433457086,-6.943389233992681
5921921921.921922,0.8795077225801378,-1.115206856723568,-6.961512547834097,0.3460404307240268,-9.217463121570304,-2.278391958991063,0.3460404307240268,-9.217463121570304,-2.278391958991063,0.880909042511846,-1.1013786393529648,-6.95037043897002
5927927927.927928,0.878734341203087,-1.1228480181549716,-6.968718647784108,0.3475883285071289,-9.178696298670586,-2.285845984210907,0.3475883285071289,-9.178696298670586,-2.285845984210907,0.8801712061442142,-1.1086568603654114,-6.957351488271345
5933933933.933934,0.8779498772853426,-1.1306055506651216,-6.975930987235885,0.34914858852605796,-9.139794186111502,-2.2933065246756734,0.34914858852605796,-9.139794186111502,-2.2933065246756734,0.8794225935031389,-1.1160476197277855,-6.9643327454368125
5939939939.9399395,0.8771541108584024,-1.1384819384830593,-6.98314998031444,0.3507214268532167,-9.10075401343038,-2.3007740087251385,0.3507214268532167,-9.10075401343038,-2.3007740087251385,0.8786629933151054,-1.1235532882371382,-6.971314575791232
5945945945.945946,0.8763468170229014,-1.1464797279847136,-6.990376044911091,0.3523070614668263,-9.061573038995512,-2.3082488688689926,0.3523070614668263,-9.061573038995512,-2.3082488688689926,0.877892189564269,-1.13117629582308,-6.978297346514625
5951951951.951952,0.8755277658220862,-1.1546015295408485,-6.997609602796681,0.3539057122830129,-9.022248549850978,-2.3157315419098348,0.3539057122830129,-9.022248549850978,-2.3157315419098348,0.8771099613721232,-1.1389191332834894,-6.985281426712276
5957957957.957958,0.8746967221118765,-1.1628500194271743,-7.004851079736024,0.35551760118700887,-8.98277786160045,-2.323222469067817,0.35551760118700887,-8.98277786160045,-2.323222469067817,0.8763160828739519,-1.1467843540778868,-6.992267187484285
5963963963.963964,0.8738534454274309,-1.1712279417988536,-7.012100905603587,0.3571429520633991,-8.943158318330507,-2.3307220961069604,0.3571429520633991,-8.943158318330507,-2.3307220961069604,0.8755103230919872,-1.1547745761805435,-6.9992550019945705
5969969969.96997,0.8729976898461267,-1.1797381107318357,-7.019359514500386,0.3587819908253452,-8.903387292573898,-2.3382308734631407,0.3587819908253452,-8.903387292573898,-2.3382308734631407,0.8746924458052072,-1.162892483995344,-7.006245245539229
5975975975.975976,0.8721292038468748,-1.1883834123333863,-7.026627344872163,0.360434945442719,-8.863462185313233,-2.3457492563738107,0.360434945442719,-8.863462185313233,-2.3457492563738107,0.8738622094156708,-1.1711408303348911,-7.013238295614228
5981981981.981982,0.8712477301656549,-1.1971668069246517,-7.033904839628802,0.3621020459690679,-8.82338042602563,-2.3532777050094387,0.3621020459690679,-8.82338042602563,-2.3532777050094387,0.8730193668113296,-1.1795224384659402,-7.020234531982352
5987987987.9879875,0.8703530056472059,-1.206091331297673,-7.041192446265015,0.3637835245673267,-8.783139472769045,-2.3608166846067165,0.3637835245673267,-8.783139472769045,-2.3608166846067165,0.8721636652252218,-1.188040204223734,-7.027234336739315
5993993993.993994,0.8694447610927544,-1.2151601010498798,-7.048490616982328,0.365479615534198,-8.74273681231076,-2.368366665603549,0.365479615534198,-8.74273681231076,-2.368366665603549,0.8712948460909592,-1.1966970981978016,-7.034238094379007
6000000000.0,0.868522721103711,-1.2243763129987606,-7.055799808812296,0.36719055532309763,-8.702169960298985,-2.375928123775829,0.36719055532309763,-8.702169960298985,-2.375928123775829,0.8704126448944386,-1.2054961679916851,-7.041246191857718
6006006006.006006,0.8675866039212061,-1.2337432476800463,-7.063120483741032,0.3689165825655779,-8.661436461478159,-2.3835015403760402,0.3689165825655779,-8.661436461478159,-2.3835015403760402,0.8695167910216752,-1.2144405405594925,-7.048259018657311
6012012012.0120125,0.8666361212614035,-1.2432642719322335,-7.070453108834983,0.370657938091117,-8.620533889948911,-2.3910874022736737,0.370657938091117,-8.620533889948911,-2.3910874022736737,0.8686070076026827,-1.2235334246220047,-7.055276966847211
6018018018.018018,0.8656709781464583,-1.2529428415710884,-7.077798156367979,0.3724148649451673,-8.579459849473551,-2.398686202097498,0.3724148649451673,-8.579459849473551,-2.398686202097498,0.8676830113513054,-1.2327781131653595,-7.06230043114511
6024024024.024024,0.8646908727310522,-1.2627825041572485,-7.085156103949526,0.3741876084053457,-8.53821197382803,-2.406298438379683,0.3741876084053457,-8.53821197382803,-2.406298438379683,0.8667445124009201,-1.2421779860253432,-7.069329808976274
6030030030.03003,0.8636954961243819,-1.2727869018607432,-7.092527434654335,0.3759764159956384,-8.496787927201465,-2.413924615701758,0.3759764159956384,-8.496787927201465,-2.413924615701758,0.8657912141359204,-1.2517365125604696,-7.076365500531306
6036036036.036036,0.8626845322075112,-1.282959774426054,-7.099912637153088,0.37778153749849513,-8.455185404644196,-2.4215652448424754,0.37778153749849513,-8.455185404644196,-2.4215652448424754,0.8648228130188942,-1.2614572544171905,-7.0834079088222675
6042042042.042042,0.861657657445984,-1.2933049622416064,-7.107312205844369,0.37960322496466564,-8.413402132565647,-2.4292208429275033,0.37960322496466564,-8.413402132565647,-2.4292208429275033,0.863838998413404,-1.2713438683907161,-7.09045743973698
6048048048.048048,0.8606145406975977,-1.303826409517752,-7.114726640987775,0.3814417327206321,-8.371435869283255,-2.4368919335809913,0.3814417327206321,-8.371435869283255,-2.4368919335809913,0.8628394524022891,-1.2814001093849814,-7.097514502091343
6054054054.054054,0.8595548430152322,-1.3145281675774823,-7.122156448838169,0.3832973173734886,-8.329284405623516,-2.444579047079006,0.3832973173734886,-8.329284405623516,-2.444579047079006,0.861823849601404,-1.2916298334754874,-7.104579507679537
6060060060.0600605,0.8584782174446459,-1.3254143982641593,-7.129602141781003,0.38517023781309373,-8.286945565576753,-2.452282720504807,0.38517023781309373,-8.286945565576753,-2.452282720504807,0.860791856968697,-1.3020370010790048,-7.111652871321899
6066066066.066066,0.8573843088171118,-1.336489377471105,-7.137064238468715,0.3870607552113221,-8.244417207006983,-2.4600034979059493,0.3870607552113221,-8.244417207006983,-2.4600034979059493,0.859743133608563,-1.3126256802340057,-7.118735010910274
6072072072.072072,0.8562727535368291,-1.3477574987974852,-7.144543263958108,0.3889691330182399,-8.2016972224182,-2.467741930453229,0.3889691330182399,-8.2016972224182,-2.467741930453229,0.8586773305713697,-1.3234000499962195,-7.12582634745066
6078078078.078078,0.8551431793629851,-1.3592232773357302,-7.1520397498486705,0.39089563695499335,-8.158783539778975,-2.4754985766013924,0.39089563695499335,-8.158783539778975,-2.4754985766013924,0.8575940906480906,-1.3343644039535274,-7.132927305102889
6084084084.084084,0.8539952051863856,-1.370891353595549,-7.159554234421757,0.39284053500321753,-8.115674123406718,-2.483274002251624,0.39284053500321753,-8.115674123406718,-2.483274002251624,0.8564930481599623,-1.3455231538648038,-7.1400383112171175
6090090090.09009,0.8528284408005462,-1.3827664975700644,-7.1670872627806075,0.39480409739074473,-8.072366974913436,-2.491068780915773,0.39480409739074473,-8.072366974913436,-2.491068780915773,0.8553738287430865,-1.3568808334274882,-7.147159796366883
6096096096.096096,0.851642486667166,-1.394853612949595,-7.174639386991037,0.39678659657337606,-8.02886013421491,-2.4988834938822593,0.39678659657337606,-8.02886013421491,-2.4988834938822593,0.8542360491279108,-1.3684421021787245,-7.1542921943784314
6102102102.102102,0.8504369336758879,-1.407157741489021,-7.182211166222787,0.3987883072124846,-7.98515168060495,-2.5067187303836223,0.3987883072124846,-7.98515168060495,-2.5067187303836223,0.8530793169135265,-1.38021174953515,-7.161435942356011
6108108108.1081085,0.8492113628982519,-1.4196840675349618,-7.189803166891385,0.40080950614818883,-7.941239733896854,-2.514575087765671,0.40080950614818883,-7.941239733896854,-2.514575087765671,0.8519032303366926,-1.3921946989769183,-7.1685914807028555
6114114114.114115,0.8479653453357745,-1.432437922719019,-7.197415962800421,0.4028504723678264,-7.897122455634092,-2.522453171658144,0.4028504723678264,-7.897122455634092,-2.522453171658144,0.8507073780355705,-1.4043960123810808,-7.175759253137471
6120120120.12012,0.8466984416620595,-1.445424790823938,-7.205050135284128,0.4049114869694495,-7.852798050372299,-2.530353596146834,0.4049114869694495,-7.852798050372299,-2.530353596146834,0.8494913388080724,-1.4168208945105185,-7.1829397067048975
6126126126.126126,0.8454102019588802,-1.4586503128295478,-7.212706273350114,0.4069928331200438,-7.808264767034771,-2.5382769839471004,0.4069928331200438,-7.808264767034771,-2.5382769839471004,0.8482546813648104,-1.4294746976640893,-7.19013329178255
6132132132.132133,0.8441001654461582,-1.4721202921458296,-7.220384973822105,0.409094796008149,-7.763520900343917,-2.546223966578647,0.409094796008149,-7.763520900343917,-2.546223966578647,0.8469969640765821,-1.4423629264945,-7.197340462080214
6138138138.138138,0.8427678602057843,-1.485840700040678,-7.22808684148254,0.4112176627905603,-7.718564792330897,-2.554195184541505,0.4112176627905603,-7.718564792330897,-2.554195184541505,0.8457177347163802,-1.4554912430001745,-7.204561674633775
6144144144.144144,0.8414128028992174,-1.4998176812703903,-7.23581248921486,0.4133617225327612,-7.6733948339259275,-2.562191287493102,0.4133617225327612,-7.6733948339259275,-2.562191287493102,0.8444165301958929,-1.4688654716980163,-7.211797389792187
6150150150.15015,0.840034498478832,-1.5140575599210218,-7.243562538145271,0.4155272661427158,-7.628009466632024,-2.570212934426271,0.4155272661427158,-7.628009466632024,-2.570212934426271,0.8430928762964828,-1.4824916049840664,-7.219048071197193
6156156156.156157,0.8386324398929681,-1.5285668454693848,-7.251337617783783,0.4177145862976453,-7.582407184284602,-2.5782607938480973,0.4177145862976453,-7.582407184284602,-2.5782607938480973,0.8417462873946452,-1.4963758086893635,-7.226314185755252
6162162162.162163,0.837206107784655,-1.5433522390727457,-7.259138366164333,0.4199239773633813,-7.536586534899832,-2.5863355439594424,0.4199239773633813,-7.536586534899832,-2.5863355439594424,0.8403762661819534,-1.510524427838644,-7.233596203601098
6168168168.168168,0.8357549701840097,-1.5584206400965428,-7.266965429983698,0.42215573530587114,-7.490546122614601,-2.594437872834979,0.42215573530587114,-7.490546122614601,-2.594437872834979,0.8389823033795206,-1.5249439926197348,-7.240894598052317
6174174174.174174,0.8342784821942962,-1.573779152890102,-7.274819464738991,0.4244101575943977,-7.444284609720909,-2.6025684786035814,0.4244101575943977,-7.444284609720909,-2.6025684786035814,0.8375638774470054,-1.5396412245720112,-7.248209845554298
6180180180.18018,0.8327760856716581,-1.5894350938206778,-7.282701134863395,0.42668754309603607,-7.397800718797955,-2.6107280696288475,0.42668754309603607,-7.397800718797955,-2.6107280696288475,0.8361204542862234,-1.5546230430024037,-7.255542425614832
6186186186.186186,0.8312472088985623,-1.6053959985764883,-7.290611113859896,0.4289881919608723,-7.351093234944761,-2.6189173646895783,0.4289881919608723,-7.351093234944761,-2.6189173646895783,0.8346514869394389,-1.5698965716378621,-7.262892820727648
6192192192.192192,0.8296912662509938,-1.621669629750078,-7.298550084432617,0.43131240549745375,-7.304161008116974,-2.627137093159946,0.43131240549745375,-7.304161008116974,-2.627137093159946,0.833156415282417,-1.5854691455236831,-7.270261516284054
6198198198.198198,0.8281076578594607,-1.638263984713808,-7.306518738615459,0.4336604860379573,-7.257002955570644,-2.6353879951891592,0.4336604860379573,-7.257002955570644,-2.6353879951891592,0.8316346657123609,-1.6013483181772274,-7.277649000471865
6204204204.204205,0.8264957692638972,-1.6551873037997726,-7.314517777897631,0.43603273679249216,-7.209618064416876,-2.643670821880306,0.43603273679249216,-7.209618064416876,-2.643670821880306,0.8300856508308561,-1.6175418690072298,-7.2850557641606954
6210210210.210211,0.8248549710625792,-1.6724480787969067,-7.32254791334565,0.4384294616919595,-7.1620053942906505,-2.651986335468112,0.4384294616919595,-7.1620053942906505,-2.651986335468112,0.8285087691219974,-1.634057811008998,-7.292482300772648
6216216216.216216,0.8231846185551643,-1.690055061778967,-7.330609865721401,0.4408509652188553,-7.114164080137365,-2.6603353094953013,0.4408509652188553,-7.114164080137365,-2.6603353094953013,0.8269034046258713,-1.6509043987465564,-7.2999291061373786
6222222222.222222,0.8214840513800276,-1.708017274277318,-7.338704365595765,0.44329755222536804,-7.066093335120938,-2.6687185289872204,0.44329755222536804,-7.066093335120938,-2.6687185289872204,0.8252689266076199,-1.6680901366329386,-7.307396678330424
6228228228.228228,0.8197525931460815,-1.726344016813231,-7.346832153457263,0.445769527738096,-7.017792453657279,-2.6771367906243397,0.445769527738096,-7.017792453657279,-2.6771367906243397,0.8236046892223308,-1.6856237875205036,-7.314885517493619
6234234234.234234,0.8179895510592738,-1.745044878805386,-7.354993979815268,0.4482671967486996,-6.969260814576717,-2.6855909029123004,0.4482671967486996,-6.969260814576717,-2.6855909029123004,0.8219100311760433,-1.703514381613436,-7.322396125636381
6240240240.24024,0.8161942155440445,-1.7641297488683916,-7.363190605297087,0.4507908639897345,-6.920497884419721,-2.694081686349015,0.4507908639897345,-6.920497884419721,-2.694081686349015,0.8201842753831815,-1.7217712257153286,-7.329929006416477
6246246246.246246,0.8143658598600041,-1.783608825519514,-7.371422800738357,0.45334083369492,-6.871503220869637,-2.7026099735884266,0.45334083369492,-6.871503220869637,-2.7026099735884266,0.8184267286207935,-1.7404039128249205,-7.337484664898888
6252252252.252253,0.8125037397141726,-1.8034926283112047,-7.379691347266059,0.45591740934304,-6.822276476326683,-2.7111766096004217,0.45591740934304,-6.822276476326683,-2.7111766096004217,0.8166366811799779,-1.7594223320940836,-7.345063607291244
6258258258.258259,0.8106070928691446,-1.8237920094080187,-7.387997036373419,0.4585208933846476,-6.772817401627373,-2.719782451826368,0.4585208933846476,-6.772817401627373,-2.719782451826368,0.8148134065149872,-1.7788366791620382,-7.352666340654192
6264264264.264264,0.8086751387475956,-1.8445181656274063,-7.396340669985944,0.46115158695071684,-6.723125849913538,-2.7284283703297403,0.46115158695071684,-6.723125849913538,-2.7284283703297403,0.8129561608904774,-1.7986574668811097,-7.360293372584998
6270270270.27027,0.8067070780335942,-1.8656826509647615,-7.4047230605177665,0.46380978954234847,-6.673201780655164,-2.7371152479412535,0.46380978954234847,-6.673201780655164,-2.7371152479412535,0.8110641830274911,-1.8188955364492938,-7.367945210872512
6276276276.276276,0.8047020922712453,-1.8872973896240663,-7.413145030917387,0.4664957987005906,-6.623045263831578,-2.7458439803978165,0.4664957987005906,-6.623045263831578,-2.7458439803978165,0.8091366937487818,-1.8395620689659244,-7.375622363121546
6282282282.282282,0.8026593434612289,-1.9093746895766797,-7.421607414701937,0.46920990965542225,-6.572656484275084,-2.754615476474698,0.46920990965542225,-6.572656484275084,-2.754615476474698,0.8071728956241662,-1.8606685974272312,-7.383325336344574
6288288288.288288,0.8005779736558842,-1.9319272566716985,-7.430111055978893,0.47195241495289525,-6.522035746181562,-2.76343065811013,0.47195241495289525,-6.522035746181562,-2.76343065811013,0.8051719726166667,-1.8822270191791497,-7.39105463651849
6294294294.294294,0.7984571045535417,-1.9549682093226306,-7.438656809454216,0.4747236040593976,-6.4711834777924215,-2.7722904605216043,0.4747236040593976,-6.4711834777924215,-2.7722904605216043,0.8031330897302571,-1.9042496088457521,-7.398810768104072
6300300300.300301,0.7962958370928712,-1.9785110937964019,-7.447245540425749,0.4775237629419793,-6.4201002362521535,-2.7811958323130432,0.4775237629419793,-6.4201002362521535,-2.7811958323130432,0.80105539266013,-1.9267490317520326,-7.40659423352558
6306306306.306307,0.794093251048114,-2.0025699001318085,-7.455878124760691,0.48035317362362157,-6.368786712646045,-2.790147735571958,0.48035317362362157,-6.368786712646045,-2.790147735571958,0.7989380074464733,-1.9497383578607785,-7.414405532607781
6312312312.312313,0.7918484046261224,-2.0271590787161573,-7.464555448855794,0.4832121137123297,-6.317243737222091,-2.799147145955693,0.4832121137123297,-6.317243737222091,-2.799147145955693,0.7967800401328444,-1.973231076243871,-7.422245161967502
6318318318.318318,0.7895603340662258,-2.0522935575502532,-7.47327840957899,0.486100855902857,-6.265472284801664,-2.808195052765743,0.486100855902857,-6.265472284801664,-2.808195052765743,0.7945805764303128,-1.9972411101093923,-7.430113614356622
6324324324.324325,0.7872280532440544,-2.077988760233239,-7.482047914190875,0.4890196674498684,-6.213473480382898,-2.817292459009123,0.4890196674498684,-6.213473480382898,-2.817292459009123,0.7923386813886667,-2.0217828324064637,-7.438011377953186
6330330330.33033,0.7848505532805249,-2.104260624700716,-7.490864880244567,0.49196880961129624,-6.161248604940993,-2.8264403814456633,0.49196880961129624,-6.161248604940993,-2.8264403814456633,0.7900533990760733,-2.046871082030875,-7.445938935597124
6336336336.336336,0.782426802157302,-2.13112562275134,-7.4997302354622635,0.49494853706063113,-6.108799101429209,-2.835639850620088,0.49494853706063113,-6.108799101429209,-2.835639850620088,0.7877237522687113,-2.0725211806552903,-7.453896763966834
6342342342.342342,0.7799557443401891,-2.158600780398638,-7.508644917586685,0.49795909726683246,-6.056126580984631,-2.8448919108775925,0.49795909726683246,-6.056126580984631,-2.8448919108775925,0.7853487421520143,-2.0987489502088774,-7.4618853326925585
6348348348.348349,0.7774363004119843,-2.186703699087202,-7.51760987420558,0.5010007298405521,-6.003232829341969,-2.854197620361642,0.5010007298405521,-6.003232829341969,-2.854197620361642,0.7829273480353033,-2.125570731032101,-7.469905103402322
6354354354.354355,0.7748673667164893,-2.2154525778143017,-7.526626062547277,0.5040736658453119,-5.950119813458983,-2.863558050992601,0.5040736658453119,-5.950119813458983,-2.863558050992601,0.7804585270817253,-2.153003400733482,-7.477956528695812
6360360360.360361,0.7722478150154916,-2.244866236200225,-7.535694449245135,0.5071781270722637,-5.896789688356625,-2.872974288425695,0.5071781270722637,-5.896789688356625,-2.872974288425695,0.7779412140555754,-2.181064393776117,-7.48604005104131
6366366366.366366,0.7695764921606645,-2.2749641385533272,-7.5448160100687005,0.5103143252771525,-5.843244804176596,-2.8824474319868134,0.5103143252771525,-5.843244804176596,-2.8824474319868134,0.7753743210892284,-2.209771721822945,-7.494156101590454
6372372372.372373,0.7668522197825074,-2.305766418978042,-7.553991729619133,0.5134824613780726,-5.78948771345887,-2.8919785945844922,0.5134824613780726,-5.78948771345887,-2.8919785945844922,0.7727567374720884,-2.239143994870782,-7.502305098905234
6378378378.378378,0.7640737939985904,-2.3372939075771146,-7.563222600986368,0.5166827246126081,-5.735521178641292,-2.9015689025963587,0.5166827246126081,-5.735521178641292,-2.9015689025963587,0.7700873294641488,-2.269200443204297,-7.51048744759124
6384384384.384384,0.7612399851435309,-2.3695681578023633,-7.572509625365372,0.5199152916529466,-5.681348179782737,-2.9112194957282784,0.5199152916529466,-5.681348179782737,-2.9112194957282784,0.7673649401369228,-2.299960940202577,-7.518703536830774
6390390390.39039,0.7583495375233247,-2.402611475011241,-7.581853811628575,0.523180325677545,-5.626971922511158,-2.9209315268442624,0.523180325677545,-5.626971922511158,-2.9209315268442624,0.7645883892447571,-2.3314460260316574,-7.526953738808997
6396396396.396397,0.7554011691968184,-2.4364469462902476,-7.591256175851521,0.526477975397959,-5.572395846196808,-2.930706161765205,0.526477975397959,-5.572395846196808,-2.930706161765205,0.7617564731296856,-2.3636769322584867,-7.535238407025785
6402402402.402403,0.7523935717873205,-2.471098471609704,-7.600717740788479,0.5298083740394308,-5.517623632350891,-2.94054457903433,0.5298083740394308,-5.517623632350891,-2.94054457903433,0.7588679646632835,-2.396675607422287,-7.543557874485477
6408408408.408409,0.7493254103275414,-2.5065907963785823,-7.61023953529466,0.5331716382738872,-5.462659213248669,-2.950447969647194,0.5331716382738872,-5.462659213248669,-2.950447969647194,0.7559216132291549,-2.4304647436014246,-7.55191245175612
6414414414.414414,0.7461953231412652,-2.542949545472444,-7.619822593691423,0.5365678671040232,-5.40750678077547,-2.960417536743989,0.5365678671040232,-5.40750678077547,-2.960417536743989,0.7529161447499687,-2.4650678040150242,-7.560302424889258
6420420420.420421,0.7430019217653757,-2.5802012588122136,-7.62946795507068,0.5399971406971766,-5.352170795493441,-2.97045449526174,0.5399971406971766,-5.352170795493441,-2.97045449526174,0.7498502617632294,-2.500509051699977,-7.5687280531906325
6426426426.426426,0.7397437909161061,-2.6183734285764535,-7.639176662534439,0.5434595191677863,-5.2966559959255,-2.9805600715439518,0.5434595191677863,-5.2966559959255,-2.9805600715439518,0.746722643550206,-2.536813579306014,-7.577189566831475
6432432432.432432,0.736419488503579,-2.6574945381357935,-7.648949762365245,0.5469550413072679,-5.240967408052314,-2.9907355029051255,0.5469550413072679,-5.240967408052314,-2.9907355029051255,0.7435319463227776,-2.574007340052641,-7.585687164289361
6438438438.438438,0.7330275456989978,-2.6975941028036243,-7.658788303122993,0.5504837232602496,-5.185110355016715,-3.0009820371474762,0.5504837232602496,-5.185110355016715,-3.0009820371474762,0.7402768034732139,-2.612117179893904,-7.594221009606757
6444444444.444445,0.729566467059058,-2.73870271250427,-7.668693334663302,0.5540455571461919,-5.1290904670289885,-3.011300932027085,0.5540455571461919,-5.1290904670289885,-3.011300932027085,0.7369558258922463,-2.651170870938462,-7.602791229454512
6450450450.450451,0.7260347307124452,-2.780852076466532,-7.678665907072423,0.5576405096255409,-5.072913691465002,-3.0216934546666026,0.5576405096255409,-5.072913691465002,-3.0216934546666026,0.7335676023611087,-2.691197146174347,-7.6113979099866365
6456456456.456457,0.7224307886135158,-2.8240750700587522,-7.688707069513295,0.5612685204097078,-5.016586303147625,-3.0321608809115643,0.5612685204097078,-5.016586303147625,-3.0321608809115643,0.7301107000235577,-2.732225735549791,-7.620041093471672
6462462462.462462,0.7187530668685612,-2.8684057838897052,-7.69881786897708,0.5649295007143054,-4.960114914800561,-3.042704494627244,0.5649295007143054,-4.960114914800561,-3.042704494627244,0.726583664944237,-2.774287403463469,-7.628720774684832
6468468468.468469,0.7149999661403035,-2.9138795753092883,-7.708999348934148,0.5686233316552632,-4.903506487661875,-3.0533255869328992,0.5686233316552632,-4.903506487661875,-3.0533255869328992,0.7229850227601299,-2.8174139877194166,-7.637436897043925
6474474474.474474,0.7111698621365659,-2.960533122453077,-7.7192525478781615,0.5723498625876405,-4.846768342242684,-3.064025455370187,0.5723498625876405,-4.846768342242684,-3.064025455370187,0.7193132794321948,-2.8616384400042967,-7.646189348470717
6480480480.48048,0.7072611061893194,-3.0084044809863357,-7.729578497756516,0.5761089093871911,-4.7899081692144705,-3.0748054030024603,0.5761089093871911,-4.7899081692144705,-3.0748054030024603,0.7155669221046768,-2.9069948679468034,-7.654977956958048
6486486486.486486,0.7032720259306137,-3.0575331437151796,-7.739978222279959,0.5799002526749629,-4.732934040406679,-3.0856667374415334,0.5799002526749629,-4.732934040406679,-3.0856667374415334,0.7117444200800066,-2.9535185788210376,-7.663802485821353
6492492492.492493,0.6992009260721438,-3.10796010324665,-7.750452735103809,0.583723635985532,-4.675854419893609,-3.096610769798521,0.583723635985532,-4.675854419893609,-3.096610769798521,0.7078442259175651,-3.0012461249585836,-7.672662628611675
6498498498.498499,0.6950460892954852,-3.1597279178945086,-7.761003037872761,0.5875787638797558,-4.618678175147529,-3.10763881355525,0.5875787638797558,-4.618678175147529,-3.10763881355525,0.7038647766650485,-3.050215350935941,-7.681558003665298
6504504504.504505,0.6908057772603066,-3.2128807810440954,-7.77163011812065,0.591465300003284,-4.5614145882324255,-3.1187521833527003,0.591465300003284,-4.5614145882324255,-3.1187521833527003,0.6998044952315827,-3.1004654426066587,-7.690488148263177
6510510510.51051,0.6864782317380869,-3.2674645942085783,-7.782334947016157,0.5953828650924612,-4.504073367009738,-3.129952193692984,0.5953828650924612,-4.504073367009738,-3.129952193692984,0.6956617919121473,-3.1520369780503192,-7.699452512371131
6516516516.516517,0.6820616758791299,-3.3235270440291274,-7.793118476944753,0.599331034929648,-4.44666465632508,-3.141240157551262,0.599331034929648,-4.44666465632508,-3.141240157551262,0.6914350660733466,-3.2049719805126475,-7.708450451929284
6522522522.522522,0.6775543156208724,-3.381117683494608,-7.803981638916546,0.6033093382504485,-4.389199049141709,-3.152617384894063,0.6033093382504485,-4.389199049141709,-3.152617384894063,0.6871227080109902,-3.2593139734139003,-7.717481221656624
6528528528.528528,0.672954341245675,-3.440288017681878,-7.814925339789094,0.6073172546058462,-4.331687597583158,-3.1640851811005293,0.6073172546058462,-4.331687597583158,-3.1640851811005293,0.6827231009903825,-3.3151080375054045,-7.726543967333612
6534534534.534534,0.6682599290964691,-3.501091594345932,-7.825950459293367,0.6113542121827492,-4.274141823844573,-3.175644845283089,0.6113542121827492,-4.274141823844573,-3.175644845283089,0.6782346234806901,-3.3724008702565014,-7.735637717522499
6540540540.540541,0.6634692434587575,-3.5635840997209716,-7.8370578468503025,0.6154195855870518,-4.2165737309284825,-3.187297668504208,0.6154195855870518,-4.2165737309284825,-3.187297668504208,0.6736556515952205,-3.4312408475564493,-7.744761374681497
6546546546.546547,0.6585804386175775,-3.627823459928618,-7.848248318164458,0.6195126935939242,-4.15899581315725,-3.1990449318859384,0.6195126935939242,-4.15899581315725,-3.1990449318859384,0.6689845617498474,-3.4916780878188467,-7.753913705624966
6552552552.552553,0.6535916610980789,-3.6938699484293496,-7.859522651580231,0.6236327968707182,-4.10142106641065,-3.210887904609154,0.6236327968707182,-4.10142106641065,-3.210887904609154,0.6642197335523254,-3.5537645185775797,-7.763093331277447
6558558558.558558,0.6485010520984179,-3.7617862999968916,-7.870881584184991,0.6277790956785569,-4.043862998033417,-3.2228278417994787,0.6277790956785569,-4.043862998033417,-3.2228278417994787,0.6593595529356577,-3.6175539456654833,-7.772298715664473
6564564564.564565,0.6433067501235668,-3.831637831745878,-7.88232580764223,0.6319507275594719,-3.9863356363531537,-3.234865982297203,0.6319507275594719,-3.9863356363531537,-3.234865982297203,0.6544024155491308,-3.6831021250683444,-7.781528154077793
6570570570.57057,0.6380068938286002,-3.9034925717979134,-7.893855963736388,0.6361467650166991,-3.9288535397454365,-3.2470035463086506,0.6361467650166991,-3.9288535397454365,-3.2470035463086506,0.6493467304210813,-3.7504668375476258,-7.790779760346592
6576576576.576576,0.6325996250797845,-3.9774213962348473,-7.905472639609428,0.6403662131966217,-3.8714318051783936,-3.259241732936822,0.6403662131966217,-3.8714318051783936,-3.259241732936822,0.6441909239078987,-3.819707966125501,-7.800051453139664
6582582582.582582,0.6270830922415885,-4.053498175058171,-7.917176362667414,0.6446080075817018,-3.814086076165091,-3.2715817175894157,0.6446080075817018,-3.814086076165091,-3.2715817175894157,0.6389334439442229,-3.890887576524798,-7.809340941216053
6588588588.588589,0.6214554536973805,-4.131799927953548,-7.928967595133316,0.6488710117046733,-3.7568325500476925,-3.2840246492627814,0.6488710117046733,-3.7568325500476925,-3.2840246492627814,0.6335727646097173,-3.9640700006546408,-7.818645707533358
6594594594.594595,0.615714881611156,-4.2124069907494786,-7.940846728219828,0.6531540148952102,-3.699687984533237,-3.296571647700732,0.6531540148952102,-3.699687984533237,-3.296571647700732,0.6281073910283014,-4.039321923228163,-7.827962992113597
6600600600.600601,0.6098595659371032,-4.295403193561281,-7.952814075893454,0.6574557300712831,-3.6426697033965234,-3.3092238004277155,0.6574557300712831,-3.6426697033965234,-3.3092238004277155,0.6225358646161187,-4.116712471593849,-7.837289773556126
6606606606.6066065,0.6038877186832112,-4.3808760517266085,-7.964869868197795,0.6617747915884038,-3.585795601261758,-3.3219821596563013,0.6617747915884038,-3.585795601261758,-3.3219821596563013,0.6168567686951041,-4.196313308852191,-7.84662274907535
6612612612.612613,0.5977975784343258,-4.468916970770492,-7.9770142441006255,0.6661097531610111,-3.5290841473703045,-3.334847739069677,0.6661097531610111,-3.5290841473703045,-3.334847739069677,0.6110687344894132,-4.278198730319168,-7.855958312927879
6618618618.618618,0.591587415139234,-4.559621466786205,-7.989247243825021,0.6704590858712703,-3.472554388238387,-3.3478215104804088,0.6704590858712703,-3.472554388238387,-3.3478215104804088,0.6051704475226602,-4.362445763380361,-7.865292533078881
6624624624.624624,0.5852555351653231,-4.653089403788194,-8.001568800620127,0.6748211762816343,-3.4162259491046045,-3.3609044003675708,0.6748211762816343,-3.4162259491046045,-3.3609044003675708,0.5991606544344216,-4.449134270759822,-7.874621125940821
6630630630.6306305,0.5788002866232396,-4.749425249786316,-8.013978731921425,0.6791943246685112,-3.360119034064357,-3.374097286295073,0.6791943246685112,-3.360119034064357,-3.374097286295073,0.5930381702352684,-4.538347057198571,-7.883939428998774
6636636636.636637,0.5722200649626836,-4.848738353551481,-8.026476729843958,0.6835767433954564,-3.304254424784751,-3.387400993214957,0.6835767433954564,-3.304254424784751,-3.387400993214957,0.5868018860203309,-4.630169979502632,-7.893242371115387
6642642642.642643,0.5655133188390281,-4.951143244295558,-8.039062350944201,0.6879665554452773,-3.2486534776912674,-3.4008162896604053,0.6879665554452773,-3.2486534776912674,-3.4008162896604053,0.5804507771623862,-4.724692059873814,-7.902524440284373
6648648648.648649,0.5586785562489525,-5.056759956776574,-8.05173500517721,0.6923617931313648,-3.1933381195157895,-3.4143438838340785,0.6923617931313648,-3.1933381195157895,-3.4143438838340785,0.5739839120066456,-4.822005602376937,-7.911779648574173
6654654654.6546545,0.5517143509314395,-5.165714384674281,-8.064493943965306,0.6967603970095376,-3.1383308410931248,-3.427984419598733,0.6967603970095376,-3.1383308410931248,-3.427984419598733,0.5674004610906968,-4.922206312323814,-7.921001493972655
6660660660.660661,0.5446193490287171,-5.278138665461745,-8.07733824728173,0.7011602150124095,-3.0836546892934997,-3.441738472377985,0.7011602150124095,-3.0836546892934997,-3.441738472377985,0.5606997069148456,-5.025393418258345,-7.93018291880846
6666666666.666666,0.5373922759996786,-5.394171600439773,-8.090266809638129,0.7055590018290862,-3.0293332569775364,-3.455606544976437,0.7055590018290862,-3.0293332569775364,-3.455606544976437,0.5538810542900627,-5.131669796109516,-7.939316264385048
6672672672.672672,0.5300319437761302,-5.513959114110657,-8.103278324847016,0.7099544185535803,-2.975390670861338,-3.4695890633296496,0.7099544185535803,-2.975390670861338,-3.4695890633296496,0.5469440412932669,-5.241142094930021,-7.9483932214181685
6678678678.6786785,0.5225372581500177,-5.63765475765596,-8.11637126940949,0.7143440326258231,-2.921851577180842,-3.483686372195723,0.7143440326258231,-2.921851577180842,-3.483686372195723,0.5398883508627477,-5.353920863451896,-7.957404775816178
6684684684.684685,0.5149072263773374,-5.765420261968447,-8.129543884353565,0.7187253180894674,-2.868741125047322,-3.4978987308016647,0.7187253180894674,-2.868741125047322,-3.4978987308016647,0.5327138230702634,-5.470120676458471,-7.96634114928427
6690690690.690691,0.5071409649820156,-5.897426146483635,-8.14279415531861,0.7230956561908346,-2.8160849473895864,-3.5122263084591343,0.7230956561908346,-2.8160849473895864,-3.5122263084591343,0.5254204681109251,-5.589860259682436,-7.975191734167308
6696696696.696697,0.4992377077404838,-6.033852390985933,-8.15611979064576,0.7274523363433113,-2.7639091393832445,-3.5266691801656145,0.7274523363433113,-2.7639091393832445,-3.5266691801656145,0.5180084800575884,-5.713262611579058,-7.983945021870447
6702702702.702703,0.49119681382517166,-6.17488917865024,-8.169518197191014,0.7317925574812005,-2.7122402342738887,-3.541227322208456,0.7317925574812005,-2.7122402342738887,-3.541227322208456,0.5104782514332902,-5.840455119874948,-7.992588524111118
6708708708.708709,0.4830177760825493,-6.3207377198558,-8.182986453526093,0.736113429826537,-2.661105176508283,-3.555900607790819,0.736113429826537,-2.661105176508283,-3.555900607790819,0.5028303886635203,-5.971569670235899,-8.001108686158382
6714714714.714715,0.474700229418943,-6.471611167808619,-8.19652128012941,0.7404119770915752,-2.6105312920966335,-3.570688802699885,0.7404119770915752,-2.6105312920966335,-3.570688802699885,0.4950657284802098,-6.106742743703522,-8.009490791105335
6720720720.72072,0.4662439592649639,-6.627735638780946,-8.210119006093342,0.7446851391385607,-2.5605462561396375,-3.5855915610392275,0.7446851391385607,-2.5605462561396375,-3.5855915610392275,0.4871853553613967,-6.24611549869102,-8.017718854095014
6726726726.726727,0.4576489100872761,-6.789351351874371,-8.223775531781516,0.7489297751170345,-2.511178057465551,-3.6006084210485985,0.7489297751170345,-2.511178057465551,-3.6006084210485985,0.4791906201052026,-6.389833832258903,-8.025775505278721
6732732732.732733,0.4489151939146106,-6.956713905706997,-8.237486286756509,0.7531426670971505,-2.462454960336496,-3.6157388010356692,0.7531426670971505,-2.462454960336496,-3.6157388010356692,0.4710831596543535,-6.538048414064072,-8.03364186012631
6738738738.738739,0.4400430988434524,-7.130095712401899,-8.25124618215942,0.757320524215462,-2.4144054631978022,-3.630981995445582,0.757320524215462,-2.4144054631978022,-3.630981995445582,0.4628649183085733,-6.690914684726893,-8.041297375528684
6744744744.744745,0.43103309748794205,-7.309787612817952,-8.265049556551652,0.7614599873471808,-2.367058254461122,-3.6463371710952943,0.7614599873471808,-2.367058254461122,-3.6463371710952943,0.4545381704874277,-6.848592808312502,-8.048719689932724
6750750750.7507515,0.4218858553383482,-7.496100701249824,-8.278890114017189,0.7655576343161162,-2.320442165330251,-3.661803363600616,0.7655576343161162,-2.320442165330251,-3.661803363600616,0.44610554523639945,-7.011247566075477,-8.055884445526472
6756756756.756757,0.41260223899308024,-7.689368393001336,-8.292760853060354,0.7696099856503713,-2.2745861196980073,-3.677379474024858,0.7696099856503713,-2.2745861196980073,-3.677379474024858,0.4375700527047388,-7.179048175454723,-8.062765090247883
6762762762.762763,0.4031833242310232,-7.889948774515284,-8.306653984504573,0.773613510888317,-2.2295190811639003,-3.693064265778568,0.773613510888317,-2.2295190811639003,-3.693064265778568,0.428935112866279,-7.352168014370195,-8.069332657124363
6768768768.768768,0.3936304038942335,-8.098227283394463,-8.320560836184008,0.7775646354354911,-2.1852699972446983,-3.7088563618003314,0.7775646354354911,-2.1852699972446983,-3.7088563618003314,0.42020458680473993,-7.530784225982764,-8.075555518165451
6774774774.774775,0.38394499555594436,-8.314619775022997,-8.334471741697271,0.7814597479688526,-2.1418677408734528,-3.724754242048959,0.7814597479688526,-2.1418677408734528,-3.724754242048959,0.4113828109443885,-7.715077172998899,-8.081399109733281
6780780780.780781,0.3741288489562317,-8.539576044031818,-8.348375909827983,0.7852952083802373,-2.0993410493075784,-3.7407562413372273,0.7852952083802373,-2.0993410493075784,-3.7407562413372273,0.4024746346767502,-7.905229703042519,-8.086825626014251
6786786786.786787,0.3641839531977282,-8.773583883134588,-8.362261270387252,0.7890673562460685,-2.0577184605915093,-3.7568605475372863,0.7890673562460685,-2.0577184605915093,-3.7568605475372863,0.39348546191554024,-8.101426177228948,-8.091793676927226
6792792792.792793,0.354112543707837,-9.017173779629704,-8.376114291138867,0.7927725198052017,-2.017028247746371,-3.7730652001870606,0.7927725198052017,-2.017028247746371,-3.7730652001870606,0.38442129720697776,-8.303851202418546,-8.096257906553479
6798798798.7987995,0.3439171089924189,-9.2709243721218,-8.389919759048855,0.7964070254215457,-1.977298350884705,-3.7893680895263064,0.7964070254215457,-1.977298350884705,-3.7893680895263064,0.3752887971321283,-8.512687993183379,-8.100168567999866
6804804804.804805,0.33360039723105933,-9.535468818050822,-8.403660517246454,0.7999672075025652,-1.9385563074755723,-3.8057669559896756,0.7999672075025652,-1.9385563074755723,-3.8057669559896756,0.366095327863506,-8.728116271648025,-8.10347105056649
6810810810.810811,0.3231654227972053,-9.811502258178162,-8.417317146640269,0.8034494188392355,-1.90082918101121,-3.8222593901826625,0.8034494188392355,-1.90082918101121,-3.8222593901826625,0.3568490298801795,-8.950309591326283,-8.106105355266388
6816816816.816816,0.3126154728309429,-10.09979060958689,-8.430867577886847,0.8068500413273917,-1.8641434883524577,-3.838842833364406,0.8068500413273917,-1.8641434883524577,-3.838842833364406,0.3475588910040093,-9.179431944002376,-8.108005515258544
6822822822.822823,0.3019541140516294,-10.40118097716567,-8.444286615055198,0.810165497024867,-1.8285251260547988,-3.855514578459141,0.810165497024867,-1.8285251260547988,-3.855514578459141,0.3382348290922427,-9.415633475643478,-8.109098958778642
6828828828.828829,0.2911852000778932,-10.71661404925728,-8.457545346435374,0.8133922594933594,-1.793999296000556,-3.8722717716154844,0.8133922594933594,-1.793999296000556,-3.8722717716154844,0.3288877859040301,-9.659045097265626,-8.109305813927854
6834834834.834835,0.2803128796317046,-11.047138942084906,-8.470610409871897,0.8165268653687411,-1.7605904306845412,-3.8891114143298675,0.8165268653687411,-1.7605904306845412,-3.8891114143298675,0.31952983384144673,-9.909771728651428,-8.108538157549674
6840840840.840841,0.26934160615348673,-11.393931087938789,-8.483443068840057,0.8195659260985811,-1.7283221185202822,-3.9060303661472027,0.8195659260985811,-1.7283221185202822,-3.9060303661472027,0.31017429743382446,-10.167883856117982,-8.106699214858661
6846846846.846848,0.2582761495644992,-11.75831393543979,-8.495998039850313,0.822506139781083,-1.6972170295514415,-3.9230253479482906,0.822506139781083,-1.6972170295514415,-3.9230253479482906,0.30083589156227314,-10.433407020014647,-8.103682523125972
6852852852.852853,0.24712161120822385,-12.141785462814562,-8.50822198959035,0.8253443030355642,-1.667296841967498,-3.94009294582968,0.8253443030355642,-1.667296841967498,-3.94009294582968,0.291530878468902,-10.706308774296412,-8.099371082436198
6858858858.858859,0.2358834434259781,-12.546050820361668,-8.520051588316605,0.8280773228310815,-1.6385821698341552,-3.9572296155776847,0.8280773228310815,-1.6385821698341552,-3.9572296155776847,0.28227724550106464,-10.9864825824118,-8.09363653043966
6864864864.864864,0.22456747583930495,-12.97306284985606,-8.531410959433929,0.8307022281969012,-1.6110924924571257,-3.974431687733841,0.8307022281969012,-1.6110924924571257,-3.974431687733841,0.2730949052132782,-11.273728037366359,-8.086338397574275
6870870870.870871,0.21317995132694006,-13.425072825695064,-8.54220829608729,0.8332161817363779,-1.5848460858018487,-3.991695373244808,0.8332161817363779,-1.5848460858018487,-3.991695373244808,0.2640059187546045,-11.567726731266227,-8.07732352617833
6876876876.876877,0.20172757606812816,-13.904694597408817,-8.552331311200783,0.8356164908644107,-1.5598599563921423,-4.0090167696849495,0.8356164908644107,-1.5598599563921423,-4.0090167696849495,0.2550347422183583,-11.868013071637238,-8.066425773258649
6882882882.882883,0.19021759015954937,-14.41498649287232,-8.56164102667853,0.8379006186881354,-1.536149778106664,-4.026391868035404,0.8379006186881354,-1.536149778106664,-4.026391868035404,0.24620849356403834,-12.173939381922862,-8.053466164425867
6888888888.888889,0.1786578686839814,-14.95955702547189,-8.569963154788244,0.8400661944508806,-1.5137298322837724,-4.043816559998595,0.8400661944508806,-1.5137298322837724,-4.043816559998595,0.23755723449685762,-12.48463478338654,-8.038253727151902
6894894894.894896,0.16705706856095592,-15.542702873181305,-8.57707591822535,0.8421110234607126,-1.4926129515327535,-4.0612866458226335,0.8421110234607126,-1.4926129515327535,-4.0612866458226335,0.22911425688270032,-12.798957710508015,-8.020587305008446
6900900900.900901,0.1554248455696898,-16.16959110950205,-8.58269248466335,0.8440330964271612,-1.4728104676320957,-4.078797842605553,0.8440330964271612,-1.4728104676320957,-4.078797842605553,0.22091635640388155,-13.115442565054277,-8.000258737589373
6906906906.906907,0.14377218144517886,-16.84650275383331,-8.586435053958771,0.8458305981329083,-1.4543321638741988,-4.096345793044954,0.8458305981329083,-1.4543321638741988,-4.096345793044954,0.21300406676286754,-13.432242094998745,-7.977057874025656
6912912912.912912,0.13211188839692964,-17.581161992467518,-8.58779564667072,0.8475019153713689,-1.4371862321901991,-4.113926074594524,0.8475019153713689,-1.4371862321901991,-4.113926074594524,0.20542181554804678,-13.74706873482981,-7.950779952028681
6918918918.918919,0.1204594088077731,-18.383185451924394,-8.586075044477148,0.8490456440861424,-1.421379235358894,-4.131534208985146,0.8490456440861424,-1.421379235358894,-4.131534208985146,0.1982179481197748,-14.057140476684895,-7.921235885314896
6924924924.924925,0.10883412437121717,-19.264698250384665,-8.580284582472418,0.8504605956541991,-1.4069160745705875,-4.149165672064763,0.8504605956541991,-1.4069160745705875,-4.149165672064763,0.19144454977825281,-14.359139860801989,-7.888265907794312
6930930930.930931,0.0972615825029814,-20.241173369689292,-8.568982316953042,0.8517458022613753,-1.3937999625797692,-4.166815903908146,0.8517458022613753,-1.3937999625797692,-4.166815903908146,0.18515698189956148,-14.649198138584811,-7.851756753235703
6936936936.936937,0.08577745703644775,-21.33253666051871,-8.549988294122038,0.8529005213261281,-1.3820324026411133,-4.184480319145137,0.8529005213261281,-1.3820324026411133,-4.184480319145137,0.17941303983269435,-14.922919907936684,-7.81166202873315
6942942942.942944,0.07443497656372607,-22.564458880698993,-8.519866989768257,0.8539242389355195,-1.3716131733810502,-4.202154317453696,0.8539242389355195,-1.3716131733810502,-4.202154317453696,0.17427164684775298,-15.175465294999686,-7.7680246189785285
6948948948.948949,0.06331973526302014,-23.96921819143364,-8.472942191639918,0.854816672265894,-1.3625403197132386,-4.219833294162603,0.854816672265894,-1.3625403197132386,-4.219833294162603,0.16979102868491097,-15.40170520947019,-7.720998866281996
6954954954.954955,0.052581293664141195,-25.58337466193565,-8.399350476954707,0.8555777709696151,-1.3548101498606882,-4.237512650907531,0.8555777709696151,-1.3548101498606882,-4.237512650907531,0.1660263754009387,-15.596458265563257,-7.670869088868892
6960960960.96096,0.042505101323502464,-27.431178884313738,-8.281218386505515,0.8562077175183525,-1.348417238501157,-4.255187806283739,0.8562077175183525,-1.348417238501157,-4.255187806283739,0.16302709280140187,-15.754804319724364,-7.6180601050366175
6966966966.966967,0.033679778001281094,-29.45261559590403,-8.08655479283486,0.8567069265026839,-1.3433544360058525,-4.272854206438746,0.8567069265026839,-1.3433544360058525,-4.272854206438746,0.16083386326872529,-15.872450121401707,-7.563135356258731
6972972972.972973,0.02731943562152545,-31.270565535380342,-7.7712414542745805,0.8570760428970137,-1.3396128836954708,-4.290507335548951,0.8570760428970137,-1.3396128836954708,-4.290507335548951,0.15947584678752796,-15.946101662945004,-7.506779462291984
6978978978.978979,0.025313132349240406,-31.93308220326029,-7.340550715159727,0.8573159393079134,-1.3371820349924068,-4.3081427261254435,0.8573159393079134,-1.3371820349924068,-4.3081427261254435,0.15896841621216135,-15.973783051615715,-7.449764724797882
6984984984.984985,0.028546768207694778,-30.888861026128023,-6.93196042833559,0.8574277122328016,-1.336049682304464,-4.325755969095983,0.8574277122328016,-1.336049682304464,-4.325755969095983,0.15931179767807843,-15.955041235167576,-7.392904699513945
6990990990.990992,0.03557555198879066,-28.976967053924266,-6.652045653444664,0.8574126773642925,-1.336201989433907,-4.343342723612399,0.8574126773642925,-1.336201989433907,-4.343342723612399,0.16049086325421794,-15.890993738854927,-7.33700132388082
6996996996.996997,0.044598808727842186,-27.013534830167085,-6.481539273073862,0.8572723639834314,-1.3376235292668612,-4.360898726535417,0.8572723639834314,-1.3376235292668612,-4.360898726535417,0.1624761235501176,-15.784209022601225,-7.282793895376696
7003003003.003003,0.054597144114415,-25.25660147842864,-6.377385708140329,0.8570085084923033,-1.340297326462212,-4.378419801552173,0.8570085084923033,-1.340297326462212,-4.378419801552173,0.16522575227975708,-15.638445241841996,-7.230917668118637
7009009009.009008,0.06508525319735474,-23.730348026027848,-6.311912112634856,0.85662304714304,-1.3442049048268812,-4.395901867885141,0.85662304714304,-1.3442049048268812,-4.395901867885141,0.1686883100405572,-15.458300252282411,-7.181877202680183
7015015015.015015,0.07582447350100543,-22.40381193195875,-6.26987792865522,0.8561181080260118,-1.3493263390357548,-4.413340948555257,0.8561181080260118,-1.3493263390357548,-4.413340948555257,0.17280576467301292,-15.248835477429491,-7.136035965404984
7021021021.021021,0.08668744021061657,-21.240876422414615,-6.24279910894836,0.8554960023848831,-1.3556403103300303,-4.430733178166045,0.8554960023848831,-1.3556403103300303,-4.430733178166045,0.1775164343027989,-15.015228683543846,-7.093620361023649
7027027027.027027,0.09760019424938426,-20.21098635950392,-6.2257285669403,0.8547592153302167,-1.3631241658075162,-4.448074810180141,0.8547592153302167,-1.3631241658075162,-4.448074810180141,0.18275757641177093,-14.762492197046866,-7.054734307618064
7033033033.033033,0.10851637093343484,-19.290094771842735,-6.215633466068441,0.8539103960263867,-1.3717539809025023,-4.465362223663996,0.8539103960263867,-1.3717539809025023,-4.465362223663996,0.188467468688161,-14.495272048525047,-7.019379842654007
7039039039.03904,0.11940488332421909,-18.459558228388655,-6.210567490048423,0.8529523474287096,-1.3815046246412899,-4.4825919294812655,0.8529523474287096,-1.3815046246412899,-4.4825919294812655,0.19458693844447608,-14.217726297989394,-6.987479751092705
7045045045.045045,0.13024363750533505,-17.70486966211426,-6.209230751667429,0.8518880156489145,-1.3923498272524428,-4.499760575920102,0.8518880156489145,-1.3923498272524428,-4.499760575920102,0.20106037720299857,-13.933470140284268,-6.958899286058396
7051051051.051051,0.14101612821285167,-17.014624272668573,-6.210724722608543,0.8507204790273925,-1.404262249707989,-4.516864953744147,0.8507204790273925,-1.404262249707989,-4.516864953744147,0.20783632179885334,-13.645571043338238,-6.933465229939501
7057057057.057056,0.15170949664811617,-16.379744651531862,-6.214409627578655,0.8494529369901231,-1.4172135547730313,-4.533902000661568,0.8494529369901231,-1.4172135547730313,-4.533902000661568,0.2148676991839299,-13.356577331915105,-6.910981529373413
7063063063.063063,0.16231337178505073,-15.79291400849761,-6.21981809362226,0.8480886987667836,-1.431174479146762,-4.550868805211084,0.8480886987667836,-1.431174479146762,-4.550868805211084,0.2221118287523891,-13.068566242349204,-6.891241424909124
7069069069.069069,0.17281915174450038,-15.248162617227282,-6.226600978873757,0.846631172044456,-1.4461149062864878,-4.5677626100678745,0.846631172044456,-1.4461149062864878,-4.5677626100678745,0.22953026251719683,-12.783200932139888,-6.87403639838455
7075075075.075075,0.1832195426505021,-14.740564105435164,-6.234492306465017,0.8450838516285016,-1.4620039395189912,-4.584580814776573,0.8450838516285016,-1.4620039395189912,-4.584580814776573,0.23708852645886913,-12.501789250775243,-6.859162444806287
7081081081.081081,0.19350825357730603,-14.26601013159539,-6.243285926088151,0.8434503081787753,-1.478809975058692,-4.601320977922192,0.8434503081787753,-1.478809975058692,-4.601320977922192,0.24475580982575373,-12.225339809060836,-6.8464242163042375
7087087087.087088,0.20367978908405707,-13.821041268277916,-6.252819592578566,0.8417341770853976,-1.496500774570262,-4.617980818753245,0.8417341770853976,-1.496500774570262,-4.617980818753245,0.25250463501858694,-11.954612909756253,-6.835637546330684
7093093093.093094,0.2137293044200021,-13.40271855293945,-6.262963862274331,0.8399391475438968,-1.5150435369339166,-4.6345582182746,0.8399391475438968,-1.5150435369339166,-4.6345582182746,0.26031052953980455,-11.690165287177889,-6.82663078666408
7099099099.099099,0.22365250192779895,-13.00852478306059,-6.273614194709691,0.8380689518848026,-1.5344049688938206,-4.651051219830401,0.8380689518848026,-1.5344049688938206,-4.651051219830401,0.26815171320161857,-11.432388480329465,-6.819245304951526
7105105105.105105,0.23344555508629697,-12.63628781653299,-6.284685233390928,0.8361273552077387,-1.5545513542941356,-4.667458029199839,0.8361273552077387,-1.5545513542941356,-4.667458029199839,0.2760088079192013,-11.181541172487627,-6.813335410924746
7111111111.111111,0.2431050514281694,-12.28412033900435,-6.296106597160236,0.8341181453648607,-1.5754486216323385,-4.683777014230766,0.8341181453648607,-1.5754486216323385,-4.683777014230766,0.2838645734387234,-10.937776088905284,-6.808767911370342
7117117117.117117,0.2526279485481988,-11.950372091542533,-6.307819737429971,0.8320451233331495,-1.5970624096856003,-4.700006704037957,0.8320451233331495,-1.5970624096856003,-4.700006704037957,0.29170366977509216,-10.701162144130507,-6.805421439036909
7123123123.123123,0.26201153931451443,-11.633591627783606,-6.3197755597126735,0.8299120940097543,-1.6193581309921652,-4.716145787794172,0.8299120940097543,-1.6193581309921652,-4.716145787794172,0.29951244555599915,-10.471702535677295,-6.803185658121876
7129129129.129129,0.27125342362796373,-11.33249543312823,-6.331932601329985,0.827722857459228,-1.6423010329966505,-4.732193113143464,0.827722857459228,-1.6423010329966505,-4.732193113143464,0.3072787505750038,-10.249349434449675,-6.801960416991859
7135135135.135136,0.28035148489148026,-11.04594278606855,-6.344255619356667,0.8254812006363047,-1.6658562566944584,-4.748147684266861,0.8254812006363047,-1.6658562566944584,-4.748147684266861,0.31499177041635146,-10.034015851792441,-6.801654895304632
7141141141.141142,0.2893038699018705,-10.77291513860018,-6.356714484935892,0.8231908896028053,-1.6899888926365634,-4.764008659631079,0.8231908896028053,-1.6899888926365634,-4.764008659631079,0.32264188086458273,-9.825585184828459,-6.8021867758080745
7147147147.147147,0.29810897125344715,-10.51249908335665,-6.369283309038021,0.8208556622523978,-1.7146640341813701,-4.779775349451194,0.8208556622523978,-1.7146640341813701,-4.779775349451194,0.3302205198398892,-9.623918865174772,-6.803481459170531
7153153153.153153,0.30676541160465604,-10.26387219016246,-6.38193974492695,0.8184792215523242,-1.7398468279048456,-4.795447212898145,0.8184792215523242,-1.7398468279048456,-4.795447212898145,0.33772007472963084,-9.428862465989923,-6.805471331945729
7159159159.159159,0.31527202934270104,-10.026291155353487,-6.394664426880598,0.8160652293068887,-1.765502521103382,-4.811023855081512,0.8160652293068887,-1.765502521103382,-4.811023855081512,0.34513378316774884,-9.240250560606672,-6.808095092186542
7165165165.165165,0.32362786531204935,-9.799081828324702,-6.407440514943397,0.81361730044345,-1.791596506346297,-4.826505023837807,0.81361730044345,-1.791596506346297,-4.826505023837807,0.3524556455159259,-9.05791057315051,-6.811297133535203
7171171171.171171,0.3318321503662098,-9.581630771886697,-6.4202533229037275,0.8111389978179766,-1.8180943630554967,-4.841890606353509,0.8111389978179766,-1.8180943630554967,-4.841890606353509,0.3596803475032931,-8.881665817109978,-6.815026986271688
7177177177.177177,0.3398842935699263,-9.373378083656075,-6.4330900121229835,0.8086338275338423,-1.8449618961093792,-4.857180625651386,0.8086338275338423,-1.8449618961093792,-4.857180625651386,0.3668031916750135,-8.711337880933689,-6.8192388123867165
7183183183.183184,0.34778387092804486,-9.173811260316205,-6.445939337865433,0.8061052347645213,-1.8721651714858967,-4.872375236967657,0.8061052347645213,-1.8721651714858967,-4.872375236967657,0.373820036477693,-8.546748489401011,-6.823890950967545
7189189189.18919,0.3555306145530425,-8.982459929120772,-6.458791437784424,0.8035566000681537,-1.8996705489761303,-4.887474724046287,0.8035566000681537,-1.8996705489761303,-4.887474724046287,0.3807272419691673,-8.387720944742046,-6.828945509833032
7195195195.195195,0.3631244022093259,-8.798891304377205,-6.4716376544879415,0.8009912361796322,-1.9274447120143137,-4.902479495375623,0.8009912361796322,-1.9274447120143137,-4.902479495375623,0.3875216212811794,-8.234081231352059,-6.834367999282484
7201201201.201201,0.37056524719140355,-8.622706252998386,-6.484470385830788,0.7984123852638133,-1.95545469468396,-4.9173900803912165,0.7984123852638133,-1.95545469468396,-4.9173900803912165,0.39420039708660565,-8.085658851642176,-6.840127003927458
7207207207.207207,0.3778532885067018,-8.453535874159025,-6.4972829579027165,0.79582321661183,-1.9836679059707707,-4.932207125667304,0.79582321661183,-1.9836679059707707,-4.932207125667304,0.4007611624294094,-7.94228744739981,-6.846193888786356
7213213213.213213,0.3849887813437529,-8.291038514842468,-6.510069516702795,0.7932268247610323,-2.0120521513440397,-4.946931391118114,0.7932268247610323,-2.0120521513440397,-4.946931391118114,0.4072018453672819,-7.803805250409665,-6.8525425360903
7219219219.219219,0.39197208781333753,-8.134897156541903,-6.522824935284379,0.7906262280180698,-2.0405756517562033,-4.9615637462286255,0.7906262280180698,-2.0405756517562033,-4.9615637462286255,0.413520676955364,-7.670055397531898,-6.859149109543582
7225225225.225225,0.3988036679550365,-7.98481711927852,-6.535544733777063,0.7880243673637314,-2.069207060158459,-4.976105166333193,0.7880243673637314,-2.069207060158459,-4.976105166333193,0.41971616216658614,-7.540886138542755,-6.865991843081724
7231231231.231232,0.4054840710047507,-7.8405240379649035,-6.548225010181759,0.785424105717658,-2.0979154756357694,-4.990556728958841,0.785424105717658,-2.0979154756357694,-4.990556728958841,0.42578705340110223,-7.416150959501203,-6.873050851462267
7237237237.237238,0.4120139269207546,-7.701762073385438,-6.5608623802235915,0.7828282275406597,-2.1266704552699376,-5.004919610248817,0.7828282275406597,-2.1266704552699376,-5.004919610248817,0.43173232628585645,-7.2957086399411475,-6.880307960299556
7243243243.243243,0.41839393816690496,-7.568292326015187,-6.573453924856857,0.7802394387522591,-2.155442023843001,-5.019195081480575,0.7802394387522591,-2.155442023843001,-5.019195081480575,0.43755115750648566,-7.1794232585970965,-6.887746553411062
7249249249.249249,0.42462487175206054,-7.439891425806264,-6.585997144264473,0.7776603669411231,-2.184200681496065,-5.0333845056911315,0.7776603669411231,-2.184200681496065,-5.0333845056911315,0.4432429044486796,-7.067164159479395,-6.895351435577267
7255255255.255255,0.430707551524643,-7.316350275138896,-6.598489917394164,0.7750935618462785,-2.212917409460365,-5.047489334421403,0.7750935618462785,-2.212917409460365,-5.047489334421403,0.4488070864557322,-6.9588058877864025,-6.903108709029297
7261261261.261261,0.43664285072099135,-7.197472925515704,-6.610930466235549,0.772541496087356,-2.2415636739784377,-5.0615111045901156,0.772541496087356,-2.2415636739784377,-5.0615111045901156,0.4542433675342164,-6.8542281032635035,-6.911005662169334
7267267267.267267,0.4424316847653559,-7.083075571408365,-6.623317324173742,0.7700065661226004,-2.2701114285333652,-5.075451435506549,0.7700065661226004,-2.2701114285333652,-5.075451435506549,0.45955154036096874,-6.753315477108601,-6.9190306691991825
7273273273.273273,0.4480750043187665,-6.97298564703304,-6.63564930786267,0.7674910934139775,-2.298533114503629,-5.089312026030546,0.7674910934139775,-2.298533114503629,-5.089312026030546,0.4647315114627736,-6.655957577303656,-6.927173099484039
7279279279.27928,0.45357378857301345,-6.867041013829222,-6.647925492149403,0.7649973257793717,-2.3268016603601236,-5.103094651887096,0.7649973257793717,-2.3268016603601236,-5.103094651887096,0.4697832874554944,-6.562048746270875,-6.935423235612948
7285285285.285286,0.4589290387851063,-6.7650892281015365,-6.660145187653358,0.7625274389126367,-2.3548904795201575,-5.116801163141969,0.7625274389126367,-2.3548904795201575,-5.116801163141969,0.47470696224254566,-6.471487973960332,-6.943772199236379
7291291291.291291,0.46414177204665313,-6.666986879713041,-6.672307920664327,0.7600835380530321,-2.382773466971565,-5.130433481844024,0.7600835380530321,-2.382773466971565,-5.130433481844024,0.4795027050837832,-6.384178768838352,-6.952211883866413
7297297297.2972975,0.4692130152816942,-6.572598993933921,-6.684413415073016,0.7576676597864346,-2.410424994777623,-5.14399359983912,0.7576676597864346,-2.410424994777623,-5.14399359983912,0.48417074945543775,-6.3000290287331575,-6.9607348939177855
7303303303.303303,0.4741437994656172,-6.481798489587133,-6.696461576089184,0.7552817739615759,-2.437819906570872,-5.157483576759746,0.7552817739615759,-2.437819906570872,-5.157483576759746,0.4887113826298828,-6.21895091308181,-6.969334489349541
7309309309.309309,0.47893515405700937,-6.394465687519038,-6.70845247553722,0.7529277857054153,-2.464933511141443,-5.1709055381940825,0.7529277857054153,-2.464933511141443,-5.1709055381940825,0.49312493591107465,-6.140860717790661,-6.9780045353392515
7315315315.315315,0.4835881016334903,-6.310487864185963,-6.720386338547849,0.7506075375226567,-2.49174157522236,-5.184261674037474,0.7506075375226567,-2.49174157522236,-5.184261674037474,0.4974117754674684,-6.065678753657421,-6.986739456484967
7321321321.3213215,0.48810365272188155,-6.229758845803346,-6.732263531489152,0.7483228114652674,-2.518220315571642,-5.1975542370289665,0.7483228114652674,-2.518220315571642,-5.1975542370289665,0.5015722937094441,-5.9933292290903575,-6.995534195086025
7327327327.327328,0.49248280081243195,-6.152178639070861,-6.744084551000559,0.7460753313587246,-2.544346390447885,-5.210785541475117,0.7460753313587246,-2.544346390447885,-5.210785541475117,0.505606901162741,-5.9237401376921195,-7.004384173103016
7333333333.333334,0.4967265175462136,-6.077653094978204,-6.75585001401083,0.7438667650725288,-2.5700968905733794,-5.223957962162937,0.7438667650725288,-2.5700968905733794,-5.223957962162937,0.5095160187932624,-5.85684315114285,-7.013285257440588
7339339339.339339,0.5008357480643018,-6.006093602622561,-6.767560648635697,0.7416987268233394,-2.595449329675741,-5.237073933463604,0.7416987268233394,-2.595449329675741,-5.237073933463604,0.5133000707419926,-5.7925735177126665,-7.022233728235004
7345345345.3453455,0.5048114065069063,-5.937416810340251,-6.779217285863342,0.739572779499827,-2.620381634696728,-5.25013594862833,0.739572779499827,-2.620381634696728,-5.25013594862833,0.5169594774316747,-5.730869966652997,-7.031226249862161
7351351351.351351,0.508654371650151,-5.871544371781204,-6.790820851946362,0.7374904369990734,-2.644872135754216,-5.263146559277637,0.7374904369990734,-2.644872135754216,-5.263146559277637,0.5204946490094602,-5.671674618654286,-7.040259844411479
7357357357.357357,0.5123654826679389,-5.808402714838338,-6.802372361427911,0.7354531665650094,-2.668899555941202,-5.276108375085196,0.7354531665650094,-2.668899555941202,-5.276108375085196,0.5239059790919436,-5.61493290251195,-7.049331867397449
7363363363.363363,0.5159455350059265,-5.747922831596469,-6.813872910737309,0.7334623911200071,-2.6924430010437366,-5.289024063657307,0.7334623911200071,-2.6924430010437366,-5.289024063657307,0.5271938387809652,-5.560593478108863,-7.058439985503827
7369369369.3693695,0.5193952763544453,-5.690040087685625,-6.8253236722968555,0.7315194915813092,-2.715481949257956,-5.301896350609157,0.7315194915813092,-2.715481949257956,-5.301896350609157,0.5303585709202532,-5.508608165800473,-7.067582156175993
7375375375.375376,0.5227154027069107,-5.634694049621008,-6.836725889087087,0.7296258091544835,-2.7379962409851375,-5.314728019838947,0.7296258091544835,-2.7379962409851375,-5.314728019838947,0.5334004845644706,-5.458931882274928,-7.076756608895168
7381381381.381382,0.5259065544900924,-5.581828328886207,-6.848080869622305,0.7277826475965478,-2.7599660687826093,-5.32752191400115,0.7277826475965478,-2.7599660687826093,-5.32752191400115,0.5363198496335342,-5.411522582954476,-7.085961827984216
7387387387.387387,0.5289693127524128,-5.531390441673024,-6.859389983292041,0.7259912754417924,-2.781371967547815,-5.34028093518018,0.7259912754417924,-2.781371967547815,-5.34028093518018,0.5391168917262237,-5.3663412110043005,-7.09519653680891
7393393393.3933935,0.5319041953963202,-5.483331683331371,-6.870654656027418,0.7242529281836431,-2.8021948050127676,-5.3530080457660665,0.7242529281836431,-2.8021948050127676,-5.3530080457660665,0.5417917870681179,-5.323351653020135,-7.104459683251125
7399399399.399399,0.5347116534405855,-5.437607016710548,-6.881876366253785,0.7225688104061793,-2.8224157726261696,-5.365706269533678,0.7225688104061793,-2.8224157726261696,-5.365706269533678,0.5443446575697038,-5.282520701476997,-7.113750426341354
7405405405.405405,0.5373920672983289,-5.394174973687443,-6.893056641093307,0.7209400978590844,-2.8420163769015767,-5.378378692927544,0.7209400978590844,-2.8420163769015767,-5.378378692927544,0.5467755659713424,-5.243818024034388,-7.12306812394779
7411411411.411411,0.5399457430563738,-5.352997569284396,-6.90419705278253,0.7193679394699402,-2.8609784313109747,-5.391028466554283,0.7193679394699402,-2.8609784313109747,-5.391028466554283,0.5490845110523668,-5.2072161398122185,-7.132412321427585
7417417417.417418,0.54237290874152,-5.314040227875294,-6.915299215271244,0.7178534592877912,-2.879284048805286,-5.403658806885141,0.7178534592877912,-2.879284048805286,-5.403658806885141,0.551271422882164,-5.172690402773064,-7.141782741153485
7423423423.423424,0.5446737105591481,-5.277271721070395,-6.926364780969529,0.7163977583518903,-2.896915635045479,-5.41627299817126,0.7163977583518903,-2.896915635045479,-5.41627299817126,0.5533361580915754,-5.1402189923709685,-7.151179272835373
7429429429.42943,0.5468482090895408,-5.2426641169541774,-6.9373954376101965,0.7150019164793833,-2.9138558824313843,-5.428874394574728,0.7150019164793833,-2.9138558824313843,-5.428874394574728,0.5552784951433362,-5.1097829116554605,-7.1606019645619225
7435435435.435435,0.5488963754271946,-5.210192740431316,-6.948392905193614,0.7136669939655156,-2.930087765018688,-5.441466422518667,0.7136669939655156,-2.930087765018688,-5.441466422518667,0.5570981295805933,-5.0813659930509845,-7.1700510144921985
7441441441.441442,0.5508180872483305,-5.179836144512496,-6.9593589329814085,0.7123940331896184,-2.9455945344194383,-5.454052583260048,0.7123940331896184,-2.9455945344194383,-5.454052583260048,0.5587946692328388,-5.054954912066393,-7.179526763131033
7447447447.447447,0.5526131247917516,-5.151576092445729,-6.970295296504403,0.711184060119761,-2.960359716786329,-5.466636455689132,0.711184060119761,-2.960359716786329,-5.466636455689132,0.5603676293587524,-5.030539209228321,-7.189029686125179
7453453453.453453,0.5542811667381488,-5.125397550671144,-6.981203794548822,0.7100380857084512,-2.974367110987326,-5.4792216993599,0.7100380857084512,-2.974367110987326,-5.4792216993599,0.5618164277056585,-5.0081113205738355,-7.19856038751972
7459459459.459459,0.5558217859729179,-5.101288692648583,-6.992086246082706,0.708957107171179,-2.987600788083988,-5.491812057756052,0.708957107171179,-2.987600788083988,-5.491812057756052,0.5631403794653849,-4.987666617084579,-7.208119593416035
7465465465.465466,0.5572344452175566,-5.079240913678293,-7.002944487082124,0.7079421091388807,-3.000045092234835,-5.504411361797532,0.7079421091388807,-3.000045092234835,-5.504411361797532,0.5643386921064267,-4.969203453495065,-7.2177081459736065
7471471471.471472,0.5585184925147265,-5.059248856906761,-7.013780367213678,0.7069940646745736,-3.011684643153977,-5.517023533592849,0.7069940646745736,-3.011684643153977,-5.517023533592849,0.5654104600623525,-4.952723226963959,-7.227326997698477
7477477477.477478,0.55967315655214,-5.041310450782685,-7.0245957463261215,0.7061139361434541,-3.0225043402651677,-5.529652590442696,0.7061139361434541,-3.0225043402651677,-5.529652590442696,0.5663546592564628,-4.938230446157934,-7.2369772059607005
7483483483.483484,0.5606975418105528,-5.025426958303077,-7.0353924906996586,0.7053026759246392,-3.03248936870274,-5.542302649100715,0.7053026759246392,-3.03248936870274,-5.542302649100715,0.5671701414427585,-4.925732811364919,-7.246659927682111
7489489489.48949,0.561590623521344,-5.011603038467256,-7.046172468996177,0.704561226951503,-3.041625207323051,-5.5549779302973095,0.704561226951503,-3.041625207323051,-5.5549779302973095,0.567855628343305,-4.915241306327972,-7.256376414133786
7495495495.495496,0.5623512424194455,-4.999846820437995,-7.056937547847873,0.703890523066118,-3.0498976389041212,-5.567682763532827,0.703890523066118,-3.0498976389041212,-5.567682763532827,0.5684097055622231,-4.906770302571476,-7.266128005779923
7501501501.501501,0.5629780992777729,-4.990169990994885,-7.067689587014532,0.7032914891717457,-3.0572927627260995,-5.580421592146244,0.7032914891717457,-3.0572927627260995,-5.580421592146244,0.5688308162566109,-4.900337677082211,-7.275916127101019
7507507507.507507,0.5634697492098706,-4.982587895955749,-7.078430434031688,0.7027650411655211,-3.0637970097421485,-5.593198978665798,0.7027650411655211,-3.0637970097421485,-5.593198978665798,0.5691172545449529,-4.8959649443063675,-7.2857422813246355
7513513513.513514,0.5638245957281579,-4.97711965633948,-7.0891619182623735,0.7023120856314999,-3.069397160567627,-5.606019610447724,0.7023120856314999,-3.069397160567627,-5.606019610447724,0.5692671586338486,-4.893677403533857,-7.295608044986052
7519519519.51952,0.5640408845461102,-4.973788300147509,-7.09988584425428,0.7019335192720055,-3.074080366535913,-5.618888305609264,0.7019335192720055,-3.074080366535913,-5.618888305609264,0.5692785036443238,-4.893504302863066,-7.305515062233992
7525525525.525526,0.564116697113872,-4.972620910753593,-7.110603984291441,0.7016302280527721,-3.077834174091115,-5.63181001926173,0.7016302280527721,-3.077834174091115,-5.63181001926173,0.5691490941195699,-4.895479021074704,-7.315465038787882
7531531531.531532,0.5640499438782828,-4.973648793013041,-7.1213180700148815,0.7014030860346354,-3.0806465528124605,-5.644789850048946,0.7014030860346354,-3.0806465528124605,-5.644789850048946,0.5688765561967769,-4.899639268893662,-7.325459735442739
7537537537.537538,0.5638383572601757,-4.976907658334142,-7.132029782969832,0.7012529538615184,-3.0825059273914106,-5.657833046995865,0.7012529538615184,-3.0825059273914106,-5.657833046995865,0.5684583294267362,-4.906027311286303,-7.33550096100557
7543543543.543544,0.5634794843441153,-4.982437830098041,-7.142740743917322,0.7011806768711324,-3.0834012139114475,-5.670945016671195,0.7011806768711324,-3.0834012139114475,-5.670945016671195,0.5678916582263002,-4.914690212627509,-7.345590564532499
7549549549.549549,0.5629706792785931,-4.990284470969851,-7.1534525007253755,0.7011870827911416,-3.0833218608118806,-5.684131330666835,0.7011870827911416,-3.0833218608118806,-5.684131330666835,0.5671735829505236,-4.9256801067816545,-7.35573042671881
7555555555.555555,0.5623090953882561,-5.00049783381394,-7.164166514628649,0.7012729789795237,-3.082257894950909,-5.697397733395578,0.7012729789795237,-3.082257894950909,-5.697397733395578,0.566300930573555,-4.939054494376432,-7.365922450273888
7561561561.561562,0.5614916770039903,-5.013133538113857,-7.174884144614763,0.7014391491634321,-3.0801999732200573,-5.710750150206711,0.7014391491634321,-3.0801999732200573,-5.710750150206711,0.565270304970148,-4.954876569811889,-7.376168549089342
7567567567.567568,0.5605151510219489,-5.028252874001167,-7.1856066296601036,0.7016863496260378,-3.0771394402018215,-5.724194695817107,0.7016863496260378,-3.0771394402018215,-5.724194695817107,0.564078076793182,-4.973215580842817,-7.386470635980786
7573573573.573574,0.5593760182089436,-5.0459231362215515,-7.196335068496556,0.7020153047855443,-3.0730683924052022,-5.737737683052769,0.7020153047855443,-3.0730683924052022,-5.737737683052769,0.5627203729468958,-4.99414722390613,-7.396830608751026
7579579579.57958,0.5580705442792752,-5.066217990611674,-7.2070703965425045,0.7024267021048285,-3.0679797496597256,-5.751385631892677,0.7024267021048285,-3.0679797496597256,-5.751385631892677,0.5611930656608899,-5.017754078740163,-7.407250334283905
7585585585.585586,0.5565947507773364,-5.089217875928376,-7.217813359575267,0.7029211862639106,-3.0618673342978706,-5.765145278803052,0.7029211862639106,-3.0618673342978706,-5.765145278803052,0.5594917611764584,-5.044126086267438,-7.4177316303328595
7591591591.591592,0.5549444058114099,-5.115010444165305,-7.2285644836565455,0.7034993525207063,-3.0547259588082727,-5.77902358634568,0.7034993525207063,-3.0547259588082727,-5.77902358634568,0.5576117880647703,-5.0733610741920465,-7.428276244614799
7597597597.597597,0.5531150146974368,-5.143691042812039,-7.2393240407455135,0.7041617391782313,-3.0465515226978077,-5.793027753038665,0.7041617391782313,-3.0465515226978077,-5.793027753038665,0.5555481852060492,-5.1055653353068315,-7.438885830756943
7603603603.603603,0.5511018105874913,-5.175363242859673,-7.250092009344103,0.7049088190686018,-3.03734111935976,-5.807165223441786,0.7049088190686018,-3.03734111935976,-5.807165223441786,0.5532956894705418,-5.140854264122878,-7.4495619205698
7609609609.60961,0.5488997451768054,-5.210139416735453,-7.260868029412949,0.705740989955835,-3.0270931538069252,-5.821443698431305,0.705740989955835,-3.0270931538069252,-5.821443698431305,0.5508487231560966,-5.179353058135792,-7.4603058920311245
7615615615.615616,0.5465034796060292,-5.248141370758146,-7.271651350671614,0.7066585637505692,-3.0158074721934276,-5.835871145620556,0.7066585637505692,-3.0158074721934276,-5.835871145620556,0.5482013812540538,-5.221197490842559,-7.471118932260859
7621621621.621622,0.5439073757026609,-5.289501037145856,-7.2824407732492356,0.7076617544204835,-3.0034855041156314,-5.850455809872706,0.7076617544204835,-3.0034855041156314,-5.850455809872706,0.5453474186353449,-5.266534764535281,-7.482001994642167
7627627627.627628,0.5411054877381049,-5.334361231077004,-7.293234579477246,0.7087506644704161,-2.9901304187511153,-5.865206223840595,0.7087506644704161,-2.9901304187511153,-5.865206223840595,0.5422802372729126,-5.31552445194054,-7.492955749094651
7633633633.633634,0.5380915549155698,-5.382876478800585,-7.304030455408819,0.709925269856057,-2.975747295963991,-5.880131218455118,0.709925269856057,-2.975747295963991,-5.880131218455118,0.5389928736455122,-5.368339536966157,-7.5039805243272015
7639639639.63964,0.5348589948502706,-5.435213923306606,-7.3148254004035245,0.7111854031847736,-2.9603433135735524,-5.895239933268427,0.7111854031847736,-2.9603433135735524,-5.895239933268427,0.5354779865024178,-5.425167566186392,-7.515076240683728
7645645645.645645,0.5314008983584706,-5.491554314593231,-7.325615622822182,0.7125307350467297,-2.9439279520506023,-5.910541826540372,0.7125307350467297,-2.9439279520506023,-5.910541826540372,0.5317278452097871,-5.486211924267026,-7.526242331936452
7651651651.651651,0.5277100259376224,-5.552093092086771,-7.3363964195260625,0.7139607533092814,-2.9265132179688953,-5.9260466849365985,0.7139607533092814,-2.9265132179688953,-5.9260466849365985,0.5277343189484333,-5.55169324833956,-7.537477654069231
7657657657.657658,0.5237788063982556,-5.617041567261257,-7.347162036453868,0.7154747401978927,-2.908113887596828,-5.94176463268345,0.7154747401978927,-2.908113887596828,-5.94176463268345,0.5234888670912332,-5.621850998413629,-7.548780378714058
7663663663.663664,0.5195993382018476,-5.686628214931265,-7.357905507044396,0.7170717469779623,-2.888747772062697,-5.957706139998815,0.7170717469779623,-2.888747772062697,-5.957706139998815,0.5189825311579855,-5.6969452033149555,-7.560147868442067
7669669669.66967,0.515163394170804,-5.76110008200338,-7.36861846466295,0.7187505660444224,-2.868436005562857,-5.973882030588186,0.7187505660444224,-2.868436005562857,-5.973882030588186,0.514205928828552,-5.777258404400695,-7.571576530544937
7675675675.675676,0.5104624303705678,-5.840724322595975,-7.379290924452382,0.7205097002204012,-2.8472033581008733,-5.990303487961844,0.7205097002204012,-2.8472033581008733,-5.990303487961844,0.5091492505940842,-5.863097822494094,-7.583061645248208
7681681681.681682,0.5054876001244281,-5.9257898682682075,-7.389911029135314,0.7223473290633629,-2.8250785742422786,-6.006982060291471,0.7223473290633629,-2.8250785742422786,-6.006982060291471,0.5038022597444117,-5.9547977771579745,-7.59459716344042
7687687687.687688,0.5002297743145522,-6.0166092414875605,-7.4004647522059575,0.7242612719778867,-2.8020947393372557,-6.023929663482477,0.7242612719778867,-2.8020947393372557,-6.023929663482477,0.49815429653124493,-6.052722391661654,-7.606175467938389
7693693693.693693,0.4946795693551452,-6.113520519199042,-7.410935550622361,0.7262489479397272,-2.778289674594792,-6.04115858209171,0.7262489479397272,-2.778289674594792,-6.04115858209171,0.49219428751671546,-6.157268621862427,-7.617787090982761
7699699699.699699,0.48882738450444957,-6.216889451134927,-7.421303957484665,0.7283073316473887,-2.7537063622772866,-6.058681467668851,0.7283073316473887,-2.7537063622772866,-6.058681467668851,0.48591076132131084,-6.26886965279171,-7.629420378995833
7705705705.705706,0.4826634505227853,-6.32711173389144,-7.431547103190193,0.7304329059366879,-2.728393402114267,-6.076511334043249,0.7304329059366879,-2.728393402114267,-6.076511334043249,0.4792918722326149,-6.387998713068674,-7.6410610935384105
7711711711.711712,0.4761778920982834,-6.444615436186961,-7.441638151101015,0.7326216103226331,-2.7024054997944553,-6.094661549016806,0.7326216103226331,-2.7024054997944553,-6.094661549016806,0.4723254334368021,-6.515173364397998,-7.652691934746521
7717717717.717718,0.4693608069687821,-6.569863562231809,-7.451545630730339,0.7348687855735452,-2.6758039880736777,-6.1131458218575645,0.7348687855735452,-2.6758039880736777,-6.1131458218575645,0.4649989620023761,-6.650960331325369,-7.664291970141121
7723723723.723724,0.46220236529123176,-6.703356727536215,-7.461232647708957,0.737169114277241,-2.648657380615369,-6.131978185918564,0.737169114277241,-2.648657380615369,-6.131978185918564,0.45729973819838937,-6.795980945009471,-7.675835947356028
7729729729.72973,0.45469293357979895,-6.8456359029727025,-7.470655945155629,0.7395165574311253,-2.6210419581430653,-6.151172975633014,0.7395165574311253,-2.6210419581430653,-6.151172975633014,0.4492148822918415,-6.950917283734279,-7.687293463712707
7735735735.735736,0.44682322849094697,-6.99728515592625,-7.479764785329637,0.7419042871803677,-2.5930423858104588,-6.170744797061268,0.7419042871803677,-2.5930423858104588,-6.170744797061268,0.44073145267466046,-7.1165191016408125,-7.698627958266382
7741741741.741741,0.43858450693148454,-7.158934278204403,-7.488499613327533,0.7443246159444391,-2.5647523598627404,-6.190708491088946,0.7443246159444391,-2.5647523598627404,-6.190708491088946,0.431836570065856,-7.293611644607587,-7.709795482384029
7747747747.747747,0.4299688004742288,-7.3312611336859534,-7.4967904557907445,0.7467689223157539,-2.536275280651438,-6.211079088301404,0.7467689223157539,-2.536275280651438,-6.211079088301404,0.42251757368404746,-7.483104456402462,-7.720743192304841
7753753753.753754,0.42096920397929705,-7.514993476685757,-7.504554996767432,0.7492275742887992,-2.5077249478501304,-6.231871754490408,0.7492275742887992,-2.5077249478501304,-6.231871754490408,0.41276221678160147,-7.686001275788289,-7.731407490390658
7759759759.75976,0.41158023076129724,-7.710909873404557,-7.511696259657774,0.7516898505875202,-2.4792262722788947,-6.25310172568877,0.7516898505875202,-2.4792262722788947,-6.25310172568877,0.4025589109059907,-7.903411110431104,-7.741711719388172
7765765765.765766,0.4017982497793497,-7.919839187137477,-7.5180998082498425,0.7541438611061271,-2.450915997061097,-6.274784231582238,0.7541438611061271,-2.450915997061097,-6.274784231582238,0.3918970308985117,-8.13656053647404,-7.751563283891188
7771771771.771772,0.3916220243754021,-8.142657839127981,-7.5236303610850905,0.7565764677664604,-2.4229434188911227,-6.296934406121838,0.7565764677664604,-2.4229434188911227,-6.296934406121838,0.38076729623583855,-8.386807197045362,-7.760850032368538
7777777777.777778,0.38105337733098305,-8.380283696114018,-7.528127692075444,0.7589732074248419,-2.3954710979777207,-6.31956718416098,0.7589732074248419,-2.3954710979777207,-6.31956718416098,0.369162249282317,-8.655654330962916,-7.76943567750225
7783783783.783784,0.37009801381418067,-8.633664912086198,-7.531401667662524,0.761318218832575,-2.368675542744575,-6.342697182979345,0.761318218832575,-2.368675542744575,-6.342697182979345,0.35707685797146227,-8.944765907428048,-7.777153956448278
7789789789.789789,0.3587665425892691,-8.90376129284686,-7.533226249960783,0.7635941760637867,-2.3427478526340977,-6.366338567638961,0.7635941760637867,-2.3427478526340977,-6.366338567638961,0.3445092803099107,-9.255981493524828,-7.78380112813416
7795795795.795795,0.3470757471589851,-9.19151465500858,-7.533332282922746,0.765782231265857,-2.31789429940404,-6.3905048992592075,0.765782231265857,-2.31789429940404,-6.3905048992592075,0.3314618423134208,-9.591329201989435,-7.789126261303719
7801801801.801802,0.3350501727754508,-9.497803075504141,-7.531398887883688,0.7678619700503326,-2.294336824188351,-6.415208965507727,0.7678619700503326,-2.294336824188351,-6.415208965507727,0.3179423016995739,-9.953033721509264,-7.79281857121849
7807807807.807808,0.3227241127138827,-9.823371691155952,-7.5270433511366654,0.7698113833099351,-2.2723134243988667,-6.440462592897076,0.7698113833099351,-2.2723134243988667,-6.440462592897076,0.3039655001563478,-10.343514113481309,-7.794490799171351
7813813813.813814,0.31014409733220577,-10.168729598408195,-7.51980953582656,0.771606859697352,-2.2520784013960062,-6.46627644086361,0.771606859697352,-2.2520784013960062,-6.46627644086361,0.2895555522387746,-10.765362060749709,-7.793657283834769
7819819819.81982,0.29737200991656815,-10.53399823550471,-7.509155175809366,0.7732232034041889,-2.23390243691525,-6.492659778097827,0.7732232034041889,-2.23390243691525,-6.492659778097827,0.27474878627210697,-11.221284348716607,-7.789704948605971
7825825825.825826,0.284488967908685,-10.918691405714114,-7.494439050957806,0.7746336821960443,-2.218072463707921,-6.519620242201931,0.7746336821960443,-2.218072463707921,-6.519620242201931,0.25959775251222483,-11.713981435874361,-7.781854975925555
7831831831.831832,0.27160010272410373,-11.321401402668496,-7.474910229232258,0.7758101108466102,-2.2048912939902863,-6.547163584475891,0.7758101108466102,-2.2048912939902863,-6.547163584475891,0.24417675969026648,-12.24591347601136,-7.769112645966447
7837837837.837837,0.25884031711628824,-11.739361535537034,-7.449703625843642,0.7767229751174863,-2.194676968386791,-6.575293402476039,0.7767229751174863,-2.194676968386791,-6.575293402476039,0.22858960600163675,-12.81887041833879,-7.7502032148539675
7843843843.843843,0.24638094168951372,-12.167857783982818,-7.417849482420539,0.7773416011931089,-2.187761788431192,-6.604010863940971,0.7773416011931089,-2.187761788431192,-6.604010863940971,0.21298043319950893,-13.43320587900176,-7.72349414355585
7849849849.84985,0.23443686014328322,-12.59948207677388,-7.37830927462114,0.7776343749421339,-2.184490997702548,-6.6333144267177415,0.7776343749421339,-2.184490997702548,-6.6333144267177415,0.19754889281461047,-14.08650800057731,-7.686911616815128
7855855855.855856,0.2232729960288787,-13.02327599847509,-7.330056475608604,0.777569014480776,-2.185221080672073,-6.663199560415369,0.777569014480776,-2.185221080672073,-6.663199560415369,0.18257083308642333,-14.771372054258716,-7.637878846766696
7861861861.861862,0.21320792953948153,-13.423932944954267,-7.272224719485659,0.7771128982123696,-2.190317654641096,-6.693658476615542,0.7771128982123696,-2.190317654641096,-6.693658476615542,0.1684247937628763,-15.471879515420731,-7.573347323092984
7867867867.867868,0.20461089286231415,-13.781424989792068,-7.204340907421534,0.7762334487805351,-2.2001529390104153,-6.724679875521328,0.7762334487805351,-2.2001529390104153,-6.724679875521328,0.1556210623707018,-16.158632484673422,-7.490073866642243
7873873873.873875,0.1978870639796534,-14.071651900195274,-7.126634078991389,0.7748985711969952,-2.21510279767358,-6.756248717848094,0.7748985711969952,-2.21510279767358,-6.756248717848094,0.14482096098533861,-16.78337150014662,-7.385401200524228
7879879879.87988,0.19344647940249093,-14.268783394841726,-7.040351922070555,0.7730771408214128,-2.235543364543256,-6.788346031469851,0.7730771408214128,-2.235543364543256,-6.788346031469851,0.1368176189842013,-17.27715943610403,-7.258788098548177
7885885885.885886,0.1916562178929559,-14.349541727744377,-6.947940338142641,0.7707395339558427,-2.2618472788623194,-6.820948762734554,0.7707395339558427,-2.2618472788623194,-6.820948762734554,0.13243586664590098,-17.55988764279825,-7.113840877685969
7891891891.8918915,0.19278443693840186,-14.29856057303968,-6.852912439233446,0.7678581906968113,-2.294379575528639,-6.854029682358142,0.7678581906968113,-2.294379575528639,-6.854029682358142,0.13233424163431454,-17.56655534168758,-6.959428311315826
7897897897.897898,0.196954071283999,-14.112700747170399,-6.759335954425158,0.7644081965410612,-2.3334932954103906,-6.887557355314251,0.7644081965410612,-2.3334932954103906,-6.887557355314251,0.13678550369363887,-17.279198520074058,-6.807908224968368
7903903903.903904,0.20412486575081332,-13.802081757654205,-6.671088209417454,0.7603678662903461,-2.379524900510278,-6.921496183086521,0.7603678662903461,-2.379524900510278,-6.921496183086521,0.14558967353607608,-16.73738855613869,-6.670729622005298
7909909909.90991,0.2141106307032303,-13.387235384504962,-6.591191046090174,0.7557193113037339,-2.4327895975793066,-6.955806525008736,0.7557193113037339,-2.4327895975793066,-6.955806525008736,0.1581880194641651,-16.016528226833692,-6.55475999779027
7915915915.915916,0.22662195410425096,-12.893960399206655,-6.521479982893798,0.7504489693733103,-2.4935766899487297,-6.990444903189608,0.7504489693733103,-2.4935766899487297,-6.990444903189608,0.173874138727555,-15.195300164791234,-6.461774175022224
7921921921.921923,0.24131592382627962,-12.348280383067005,-6.462643290323403,0.7445480757075058,-2.56214508945473,-7.025364292759977,0.7445480757075058,-2.56214508945473,-7.025364292759977,0.19196236709563333,-14.335678068079112,-6.390165367415502
7927927927.927928,0.2578377389500057,-11.773070318533843,-6.414490669745085,0.7380130539054485,-2.638719126981858,-7.060514496000943,0.7380130539054485,-2.638719126981858,-7.060514496000943,0.21186628334089788,-13.478763038892524,-6.33687951099644
7933933933.933934,0.2758480360698931,-11.186602074041048,-6.376280136252833,0.7308458075272796,-2.723484800203263,-7.095842595473013,0.7308458075272796,-2.723484800203263,-7.095842595473013,0.2331125203658399,-12.648688001937709,-6.29864661423936
7939939939.9399395,0.2950369454995106,-10.602471936578532,-6.346994971249372,0.7230538959335082,-2.816586589817871,-7.131293477774912,0.7230538959335082,-2.816586589817871,-7.131293477774912,0.25532600540743955,-11.858098985562165,-6.272534692541536
7945945945.945946,0.31512887979870885,-10.030235886854335,-6.325535270325115,0.7146505823806361,-2.9181249607866806,-7.166810416249402,0.7146505823806361,-2.9181249607866806,-7.166810416249402,0.27820853265526624,-11.112591086572415,-6.256109040486757
7951951951.951952,0.33588205947940786,-9.476263851548698,-6.3108314638535425,0.7056547476914465,-3.0281546431845197,-7.202335698061739,0.7056547476914465,-3.0281546431845197,-7.202335698061739,0.30151958269707185,-10.413689532426949,-6.247416283362806
7957957957.957958,0.3570856414726591,-8.944552251510537,-6.301901588577083,0.6960906688221303,-3.1466837593832926,-7.2378112788274045,0.6960906688221303,-3.1466837593832926,-7.2378112788274045,0.3250616234893321,-9.760685998610716,-6.244909996399094
7963963963.963964,0.37855613627196083,-8.437394193004927,-6.29787338617131,0.6859876678962221,-3.2736738320096133,-7.273179446539264,0.6859876678962221,-3.2736738320096133,-7.273179446539264,0.34866959872789766,-9.151718361359396,-6.247368539690688
7969969969.969971,0.4001339519148654,-7.955891931495978,-6.297986733485381,0.6753796432980431,-3.4090406725482474,-7.308383476057546,0.6753796432980431,-3.4090406725482474,-7.308383476057546,0.37220365686407497,-8.584387285680153,-6.25382306910353
7975975975.975976,0.4216803955713037,-7.50033178777083,-6.301586318759436,0.664304499757875,-3.55265611590192,-7.343368255920446,0.664304499757875,-3.55265611590192,-7.343368255920446,0.39554419326002915,-8.056099734262176,-6.2634997944756865
7981981981.981982,0.44307519813565077,-7.070451192745923,-6.308110334279069,0.6528034986224125,-3.7043505339706577,-7.378080870666407,0.6528034986224125,-3.7043505339706577,-7.378080870666407,0.4185884728838078,-7.564254709238759,-6.275775462342744
7987987987.9879875,0.46421450753587157,-6.665625823732036,-6.317078281925375,0.6409205523975283,-3.8639160334544664,-7.412471124114238,0.6409205523975283,-3.8639160334544664,-7.412471124114238,0.4412483009681547,-7.106339077139672,-6.29014362870122
7993993993.993994,0.4850092554566212,-6.284999473093499,-6.328079401920709,0.6287014890210029,-4.031110221250134,-7.446491991942847,0.6287014890210029,-4.031110221250134,-7.446491991942847,0.4634483695394946,-6.679972827932572,-6.306189256619858
8000000000.0,0.5053837996441446,-5.927573674832516,-6.340762352209478,0.6161933111599163,-4.205660406071446,-7.480099995226109,0.6161933111599163,-4.205660406071446,-7.480099995226109,0.4851250259728511,-6.282926420009328,-6.323569569314769
8006006006.006006,0.525274757869321,-5.592269375198579,-6.354826304062848,0.6034434742552729,-4.387268097703901,-7.513255490070497,0.6034434742552729,-4.387268097703901,-7.513255490070497,0.5062252939583056,-5.913123175176186,-6.341999547655934
8012012012.0120125,0.5446299686564258,-5.277969299435473,-6.370013396645143,0.5904992042904764,-4.575613665411974,-7.545922871940029,0.5904992042904764,-4.575613665411974,-7.545922871940029,0.5267060364630289,-5.568634085192862,-6.361240861624752
8018018018.018019,0.5634075326311423,-4.98354701785083,-6.38610240008974,0.5774068726500516,-4.770361023715242,-7.5780706964299,0.5774068726500516,-4.770361023715242,-7.5780706964299,0.5465331916080649,-5.247669153901258,-6.381093341801036
8024024024.024024,0.5815749044915947,-4.707886839265284,-6.4029034103552815,0.564211441304572,-4.971162225893787,-7.60967172100538,0.564211441304572,-4.971162225893787,-7.60967172100538,0.5656810410227657,-4.948567530624825,-6.40138833595887
8030030030.03003,0.5991080184163957,-4.449897356124919,-6.4202534050050275,0.5509559872467664,-5.177661861777976,-7.6407028744466565,0.5509559872467664,-5.177661861777976,-7.6407028744466565,0.5841314898034462,-4.669787617057092,-6.4219834723100595
8036036036.036036,0.6159904392115758,-4.208520569369875,-6.438012508455602,0.5376813109157806,-5.389501175133352,-7.671145162377382,0.5376813109157806,-5.389501175133352,-7.671145162377382,0.6018733502089566,-4.409897719429581,-6.442758479820723
8042042042.042042,0.6322125380297361,-3.9827379097853637,-6.456060838614793,0.5244256295258063,-5.606321835838994,-7.700983518300264,0.5244256295258063,-5.606321835838994,-7.700983518300264,0.618901629471035,-4.167567477526905,-6.463611809726016
8048048048.048048,0.6477706955700064,-3.7715740576718018,-6.474295829566153,0.5112243529363674,-5.8277693217987405,-7.730206610051782,0.5112243529363674,-5.8277693217987405,-7.730206610051782,0.635216826894327,-3.941560119347139,-6.4844578703866125
8054054054.054054,0.6626665378136187,-3.5740991821061856,-6.492629945099484,0.49810993706571793,-6.053495884093144,-7.758806611588637,0.49810993706571793,-6.053495884093144,-7.758806611588637,0.6508242477574236,-3.73072549850583,-6.505224737016232
8060060060.0600605,0.6769062100618398,-3.3894300317431765,-6.5109887148288585,0.4851118078922502,-6.283163085502384,-7.786778949615078,0.4851118078922502,-6.283163085502384,-7.786778949615078,0.6657333421552865,-3.533993831630899,-6.525852233699031
8066066066.066067,0.6904996947574064,-3.216730181394279,-6.52930903844483,0.47225634779132664,-6.516443916731676,-7.814122033849869,0.47225634779132664,-6.516443916731676,-7.814122033849869,0.6799570764266032,-3.3503700417413453,-6.546290311230685
8072072072.072072,0.703460177650467,-3.0552096523222296,-6.547537714661606,0.4595669352570998,-6.753024506200403,-7.840836978806528,0.4595669352570998,-6.753024506200403,-7.840836978806528,0.6935113436288466,-3.1789286172610236,-6.56649766334522
8078078078.078078,0.7158034656052931,-2.904124065564276,-6.565630160085955,0.4470640288734656,-6.992605448097947,-7.8669273239092234,0.4470640288734656,-6.992605448097947,-7.8669273239092234,0.7064144179918154,-3.0188089068887884,-6.586440537777638
8084084084.084084,0.7275474579527105,-2.7627734473977847,-6.583549289991762,0.43476528662584046,-7.234902779694918,-7.892398757663539,0.43476528662584046,-7.234902779694918,-7.892398757663539,0.7186864566367126,-2.8692107834928975,-6.606091708769444
8090090090.09009,0.7387116719309277,-2.6305007780709033,-6.601264538227414,0.4226857121836745,-7.479648642883147,-7.917258850507965,0.4226857121836745,-7.479648642883147,-7.917258850507965,0.7303490502579125,-2.72939062304663,-6.625429585074841
8096096096.096096,0.7493168215255473,-2.5066903550119357,-6.618750997546957,0.4108378205364258,-7.72659166691784,-7.941516799934088,0.4108378205364258,-7.72659166691784,-7.941516799934088,0.7414248230333348,-2.5986575561497998,-6.64443743301347
8102102102.102102,0.7593844479769407,-2.390766027173272,-6.635988664813197,0.3992318162478876,-7.97549710970288,-7.965183190513756,0.3992318162478876,-7.97549710970288,-7.965183190513756,0.751937080815624,-2.4763699593850426,-6.663102698182788
8108108108.1081085,0.7689365993955001,-2.2821893461767226,-6.652961777988612,0.38787577853413047,-8.226146794047274,-7.988269770629783,0.38787577853413047,-8.226146794047274,-7.988269770629783,0.7619095056840055,-2.3619321615530886,-6.681416412482644
8114114114.114115,0.7779955563141963,-2.180457671356229,-6.6696582337764765,0.3767758483131452,-8.478338873448285,-8.010789246982066,0.3767758483131452,-8.478338873448285,-8.010789246982066,0.7713658942046326,-2.254791345857358,-6.699372675401094
8120120120.12012,0.7865835995998097,-2.0851022588955628,-6.68606907632971,0.3659364132772925,-8.731887459430844,-8.03275509733568,0.3659364132772925,-8.731887459430844,-8.03275509733568,0.7803299362391491,-2.1544346335954065,-6.716968200270638
8126126126.126126,0.7947228169149183,-1.995686359569224,-6.702188048705059,0.35536028787502955,-8.986622139527165,-8.054181401485693,0.35536028787502955,-8.986622139527165,-8.054181401485693,0.7888250308297117,-2.0603863381435668,-6.7342019175751435
8132132132.132132,0.8024349438444615,-1.911803344807939,-6.718011199778691,0.34504888583778365,-9.242387411836,-8.075082690027577,0.34504888583778365,-9.242387411836,-8.075082690027577,0.7968741355435744,-1.9722053802472446,-6.751074628477046
8138138138.138138,0.8097412358434513,-1.8330748767397966,-6.7335365402089575,0.33500238354309575,-9.499042058908989,-8.095473810230436,0.33500238354309575,-9.499042058908989,-8.095473810230436,0.8044996456488823,-1.8894828570981368,-6.767588702617033
8144144144.144144,0.816662367298,-1.7591491343761314,-6.748763741771965,0.3252198730643486,-9.756458480594956,-8.115369808100239,0.3252198730643486,-9.756458480594956,-8.115369808100239,0.8117232995853457,-1.8118397585901436,-6.783747814968133
8150150150.15015,0.8232183541946336,-1.6896991051314258,-6.76369387503452,0.31569950422341464,-10.014522002523364,-8.134785825580101,0.31569950422341464,-10.014522002523364,-8.134785825580101,0.8185661073614102,-1.7389248246637452,-6.799556717141554
8156156156.156157,0.8294284971405615,-1.6244209483262906,-6.778329180887005,0.30643861534208666,-10.273130174176924,-8.153737011751527,0.30643861534208666,-10.273130174176924,-8.153737011751527,0.825048298729446,-1.6704125379057295,-6.81502103906891
8162162162.162163,0.8353113417517343,-1.5630324351714042,-6.792672871950933,0.2974338526895015,-10.532192068026154,-8.172238446863545,0.2974338526895015,-10.532192068026154,-8.172238446863545,0.8311892882426607,-1.6060012456653174,-6.830147117443953
8168168168.168168,0.8408846537112461,-1.5052714679260637,-6.806728960313109,0.28868127885542894,-10.791627588988282,-8.190305078015731,0.28868127885542894,-10.791627588988282,-8.190305078015731,0.83700765456578,-1.5454114059537063,-6.84494184770987
8174174174.174174,0.8461654060867609,-1.4508946794264646,-6.820502108428981,0.2801764704525617,-11.051366801539753,-8.20795166534819,0.2801764704525617,-11.051366801539753,-8.20795166534819,0.8425211316840165,-1.488383951359902,-6.859412556735656
8180180180.18018,0.8511697767731721,-1.3996761129558273,-6.833997500387116,0.2719146056748643,-11.311349280126716,-8.225192737637709,0.2719146056748643,-11.311349280126716,-8.225192737637709,0.8477466099216295,-1.4346787651826778,-6.873566893643093
8186186186.186186,0.8559131541902927,-1.3514059814415302,-6.847220731040703,0.26389054232136794,-11.571523487091566,-8.242042556260458,0.26389054232136794,-11.571523487091566,-8.242042556260458,0.8527001449366134,-1.3840732639609201,-6.887412736530894
8192192192.192192,0.860410149610584,-1.3058895041882104,-6.860177710793323,0.2560988869442575,-11.831846181120863,-8.258515086550844,0.2560988869442575,-11.831846181120863,-8.258515086550844,0.857396973096672,-1.3363610806022659,-6.9009581130974995
8198198198.198198,0.8646746147169548,-1.2629458187569818,-6.872874584078994,0.24853405580288426,-12.092281858219122,-8.274623975660957,0.24853405580288426,-12.092281858219122,-8.274623975660957,0.8618515318615463,-1.2913508423625037,-6.914211133392912
8204204204.204205,0.8687196631941516,-1.222406965157093,-6.885317659802773,0.24119032830788814,-12.352802226386535,-8.290382536101339,0.24119032830788814,-12.352802226386535,-8.290382536101339,0.8660774839962535,-1.2488650380209907,-6.927179933134858
8210210210.210211,0.8725576953395461,-1.184116939199714,-6.897513352210947,0.2340618936266077,-12.613385714514799,-8.305803734220055,0.2340618936266077,-12.613385714514799,-8.305803734220055,0.8700877446188806,-1.2087389687249175,-6.9398726262081825
8216216216.216216,0.8762004248404629,-1.1479308116566629,-6.909468130840837,0.22714289109681704,-12.874017015484734,-8.320900182950764,0.22714289109681704,-12.874017015484734,-8.320900182950764,0.8738945102455167,-1.170819777135513,-6.95229726513038
8222222222.222222,0.8796589070070706,-1.1137139097468807,-6.921188478361717,0.2204274450637796,-13.134686663038304,-8.335684138231203,0.2204274450637796,-13.134686663038304,-8.335684138231203,0.8775092891347267,-1.1349655496963122,-6.964461808412613
8228228228.228229,0.8829435678733857,-1.0813410574265836,-6.932680855262111,0.21390969471846802,-13.395390641685594,-8.35016749855988,0.21390969471846802,-13.395390641685594,-8.35016749855988,0.8809429323559889,-1.10104448705151,-6.976374093875999
8234234234.234234,0.886064233685839,-1.0506958709691525,-6.943951670466497,0.20758381947470514,-13.656130028679085,-8.364361807220728,0.20758381947470514,-13.656130028679085,-8.364361807220728,0.8842056651121134,-1.0689341378666704,-6.988041817098862
8240240240.24024,0.8890301603906133,-1.0216701063768412,-6.955007257077547,0.20144406038167176,-13.916910666926153,-8.378278256762364,0.20144406038167176,-13.916910666926153,-8.378278256762364,0.8873071179364024,-1.0385206915392886,-6.999472514273429
8246246246.246246,0.8918500628093751,-0.9941630552559353,-6.965853852540414,0.1954847380267974,-14.177742867610643,-8.391927695370914,0.1954847380267974,-14.177742867610643,-8.391927695370914,0.8902563574628143,-1.009698325527739,-7.0106735488415755
8252252252.252253,0.894532143259368,-0.9680809859038852,-6.976497582614061,0.18970026734364262,-14.438641141237088,-8.405320634822745,0.18970026734364262,-14.438641141237088,-8.405320634822745,0.8930619165330712,-0.9823686032709656,-7.021652101359624
8258258258.258259,0.8970841194298497,-0.9433366264911152,-6.986944448612804,0.1840851697004881,-14.69962395579424,-8.418467259746356,0.1840851697004881,-14.69962395579424,-8.418467259746356,0.8957318234599803,-0.9564399189138184,-7.032415162113227
8264264264.264265,0.8995132513736581,-0.9198486873676704,-6.997200317450025,0.17863408260853503,-14.960713520745896,-8.431377437961217,0.17863408260853503,-14.960713520745896,-8.431377437961217,0.8982736303125352,-0.9318269852916682,-7.042969526065768
8270270270.27027,0.9018263675116223,-0.8975414196798502,-7.007270914076505,0.17334176735411214,-15.22193559559254,-8.44406073169601,0.17334176735411214,-15.22193559559254,-8.44406073169601,0.9006944401267881,-0.9084503618609153,-7.053321789778721
8276276276.276277,0.9040298895796864,-0.8763442076402772,-7.0171618159590325,0.16820311482721229,-15.483319321803155,-8.456526409519654,0.16820311482721229,-15.483319321803155,-8.456526409519654,0.9030009329782175,-0.8862360194866445,-7.0634783499905645
8282282282.282282,0.906129856474914,-0.8561911919542329,-7.026878449291472,0.16321314978919052,-15.744897076983868,-8.468783458846058,0.16321314978919052,-15.744897076983868,-8.468783458846058,0.9051993908772079,-0.8651149392148596,-7.07344540358309
8288288288.288288,0.9081319469779128,-0.837020922062211,-7.036426086671403,0.15836703379539652,-16.006704350231825,-8.480840598898334,0.15836703379539652,-16.006704350231825,-8.480840598898334,0.9072957214702854,-0.8450227423624275,-7.083228948700959
8294294294.294294,0.910041501346364,-0.818776035012541,-7.045809846011037,0.153660066963972,-16.268779637708345,-8.49270629403997,0.153660066963972,-16.268779637708345,-8.49270629403997,0.9092954805465432,-0.8258993494535859,-7.092834786822539
8300300300.300301,0.9118635417879899,-0.8014029589262461,-7.0550346904824695,0.14908768875972375,-16.531164357562393,-8.504388767400252,0.14908768875972375,-16.531164357562393,-8.504388767400252,0.9112038933620623,-0.8076886657159216,-7.102268525608368
8306306306.306307,0.9136027918319468,-0.7848516391590197,-7.064105429324468,0.14464547794194088,-16.793902783432365,-8.515896014738756,0.14464547794194088,-16.793902783432365,-8.515896014738756,0.9130258748054595,-0.7903382910226808,-7.111535582378035
8312312312.312312,0.9152636946258319,-0.7690752854009435,-7.073026719361884,0.1403291518069608,-17.057041995858416,-8.527235818509519,0.1403291518069608,-17.057041995858416,-8.527235818509519,0.914766048435651,-0.7737992523306065,-7.120641188087746
8318318318.318318,0.9168504301916273,-0.7540301380834334,-7.081803067109401,0.1361345648401646,-17.320631851041618,-8.538415762099886,0.1361345648401646,-17.320631851041618,-8.538415762099886,0.9164287644288,-0.7580257568145055,-7.129590391699354
8324324324.324325,0.9183669316783595,-0.7396752525843119,-7.090438831349397,0.1320577068776739,-17.584724966494015,-8.549443244232062,0.1320577068776739,-17.584724966494015,-8.549443244232062,0.9180181164756182,-0.7429749640414203,-7.138388064847765
8330330330.330331,0.9198169006523382,-0.7259722998358491,-7.098938226089396,0.1280947008651908,-17.849376723234094,-8.560325493527499,0.1280947008651908,-17.849376723234094,-8.560325493527499,0.9195379576730571,-0.7286067756586696,-7.147038906727686
8336336336.336336,0.9212038214677529,-0.7128853820476737,-7.107305323818233,0.12424180029003994,-18.114645284294802,-8.571069583245647,0.12424180029003994,-18.114645284294802,-8.571069583245647,0.9209919154561474,-0.7148836411921001,-7.15554744913276
8342342342.342342,0.9225309747614647,-0.7003808623559074,-7.115544058991815,0.12049538635242667,-18.380591629424007,-8.581682446219205,0.12049538635242667,-18.380591629424007,-8.581682446219205,0.9223834056165724,-0.7017703786639642,-7.163918061590583
8348348348.348349,0.9238014501161276,-0.6884272073027988,-7.1236582316897,0.11685196493298815,-18.647279605977808,-8.592170890018576,0.11685196493298815,-18.647279605977808,-8.592170890018576,0.9237156454547002,-0.6892340088440807,-7.172154956546224
8354354354.354355,0.9250181579355073,-0.6769948411373199,-7.131651511392557,0.11330816340589396,-18.914775996127116,-8.602541612388467,0.11330816340589396,-18.914775996127116,-8.602541612388467,0.9249916661113429,-0.677243602044455,-7.180262194554614
8360360360.36036,0.9261838405751585,-0.6660560110070796,-7.139527440838318,0.10986072733983165,-19.18315060062604,-8.612801217010006,0.10986072733983165,-19.18315060062604,-8.612801217010006,0.9262143241246464,-0.6657701364562418,-7.188243689448942
8366366366.366366,0.9273010827705634,-0.6555846621858735,-7.147289439921418,0.10650651712316757,-19.45247633952208,-8.622956229652383,0.10650651712316757,-19.45247633952208,-8.622956229652383,0.9273863122562996,-0.6547863671098195,-7.196103213457975
8372372372.372373,0.9283723214035224,-0.6455563225496262,-7.154940809605325,0.10324250454426086,-19.722829370328046,-8.633013114789327,0.10324250454426086,-19.722829370328046,-8.633013114789327,0.9285101696297956,-0.6442667046139807,-7.203844402250145
8378378378.378379,0.9293998546460989,-0.6359479955764509,-7.1624847358235,0.10006576935325845,-19.99428922432463,-8.642978292767689,0.10006576935325845,-19.99428922432463,-8.642978292767689,0.9295882912218596,-0.6341871028993497,-7.211470759886569
8384384384.384384,0.9303858505197988,-0.6267380612048081,-7.169924293348169,0.09697349582765945,-20.266938961820543,-8.652858157628463,0.09697349582765945,-20.266938961820543,-8.652858157628463,0.9306229367463936,-0.6245249552548106,-7.21898566366874
8390390390.39039,0.931332354905958,-0.617906183937358,-7.177262449610049,0.09396296936040023,-20.540865347369227,-8.662659095695034,0.09396296936040023,-20.540865347369227,-8.662659095695034,0.9316162389685029,-0.6152589980037644,-7.226392368869812
8396396396.396397,0.9322412990415678,-0.6094332276274173,-7.1845020684551875,0.09103157308617699,-20.816159046124657,-8.672387505059362,0.09103157308617699,-20.816159046124657,-8.672387505059362,0.9325702114842548,-0.6063692212211235,-7.233694013340923
8402402402.402403,0.9331145065330363,-0.6013011764301326,-7.19164591382792,0.08817678455903398,-21.092914842724987,-8.68204981611509,0.08817678455903398,-21.092914842724987,-8.68204981611509,0.9334867560000478,-0.597836785940257,-7.240893621986406
8408408408.408408,0.9339536999185902,-0.5934930614425927,-7.198696653371174,0.0853961724920067,-21.371231884311758,-8.691652513306957,0.0853961724920067,-21.371231884311758,-8.691652513306957,0.9343676691435413,-0.5896439473449167,-7.247994111103458
8414414414.414414,0.9347605068083585,-0.585992892594987,-7.205656861937349,0.08268739356760443,-21.651213949542466,-8.701202158289652,0.08268739356760443,-21.651213949542466,-8.701202158289652,0.9352146488363572,-0.581773983481838,-7.254998292583577
8420420420.420421,0.9355364656294745,-0.5787855953903907,-7.21252902500468,0.08004818932626986,-21.932969745725153,-8.7107054147162,0.08004818932626986,-21.932969745725153,-8.7107054147162,0.93602930025698,-0.5742111290678081,-7.261908877974313
8426426426.426427,0.9362830310019157,-0.571856952123083,-7.219315541995458,0.07747638313849341,-22.216613236512927,-8.720169074907579,0.07747638313849341,-22.216613236512927,-8.720169074907579,0.936813141420582,-0.56694051399967,-7.2687284824010945
8432432432.432432,0.9370015787692612,-0.565193547234815,-7.226018729493595,0.07496987726510002,-22.502264002934606,-8.729600088691674,0.07496987726510002,-22.502264002934606,-8.729600088691674,0.9375676084008894,-0.559948106207334,-7.275459628349699
8438438438.438438,0.9376934107070287,-0.55878271649588,-7.232640824360153,0.0725266500091679,-22.790047640929878,-8.73900559474246,0.0725266500091679,-22.790047640929878,-8.73900559474246,0.9382940602176258,-0.553220658519117,-7.282104749310823
8444444444.444445,0.9383597589298494,-0.5526124997227027,-7.239183986746227,0.07014475296226493,-23.080096198988002,-8.748392954800297,0.07014475296226493,-23.080096198988002,-8.748392954800297,0.9389937834116071,-0.5467456592352333,-7.288666193288719
8450450450.450451,0.9390017900173679,-0.546671596766718,-7.2456503030033055,0.06782230834698917,-23.3725486599881,-8.757769791213065,0.06782230834698917,-23.3725486599881,-8.757769791213065,0.9396679963281153,-0.5405112861299565,-7.295146226176459
8456456456.456456,0.9396206088774912,-0.5409493265302407,-7.252041788491861,0.06555750645728901,-23.66755147190102,-8.767144028307417,0.06555750645728901,-23.66755147190102,-8.767144028307417,0.9403178531278822,-0.53450636362506,-7.3015470350007154
8462462462.462462,0.940217262364375,-0.5354355887845029,-7.258360390289347,0.0633486031976729,-23.965259132652875,-8.776523938181526,0.0633486031976729,-23.965259132652875,-8.776523938181526,0.940944447543731,-0.5287203228978252,-7.307870731039301
8468468468.468469,0.9407927426674147,-0.5301208285826238,-7.264607989799217,0.061193917722146274,-24.26583483518645,-8.78591819160854,0.061193917722146274,-24.26583483518645,-8.78591819160854,0.9415488163997253,-0.5231431647058106,-7.31411935281492
8474474474.474475,0.9413479904864156,-0.5249960030766728,-7.270786405262893,0.05909183017358111,-24.56945117959828,-8.795335914856443,0.05909183017358111,-24.56945117959828,-8.795335914856443,0.9421319429085866,-0.5177654247275622,-7.320294868968786
8480480480.48048,0.941883898007111,-0.5200525505628764,-7.276897394176853,0.057040779524235696,-24.876290960192264,-8.804786753369207,0.057040779524235696,-24.876290960192264,-8.804786753369207,0.9426947597620554,-0.5125781412345579,-7.326399181017849
8486486486.486486,0.942401311690254,-0.5152823615927222,-7.28294265561721,0.0550392615182272,-25.18654803640675,-8.814280943421469,0.0550392615182272,-25.18654803640675,-8.814280943421469,0.9432381520279132,-0.5075728249239685,-7.332434125999474
8492492492.492493,0.9429010348866064,-0.5106777520003861,-7.288923832474297,0.0530858267170252,-25.50042829785071,-8.823829393060198,0.0530858267170252,-25.50042829785071,-8.823829393060198,0.943762959866447,-0.5027414307552069,-7.338401479007428
8498498498.498499,0.9433838302893295,-0.5062314377084034,-7.294842513599911,0.05117907864939835,-25.81815073516811,-8.833443773890492,0.05117907864939835,-25.81815073516811,-8.833443773890492,0.9442699810782674,-0.49807633164555715,-7.344302955623077
8504504504.504504,0.9438504222344954,-0.501936511184176,-7.300700235869892,0.04931767206780186,-26.13994863015902,-8.843136625557857,0.04931767206780186,-26.13994863015902,-8.843136625557857,0.944759973494608,-0.4935702938911294,-7.350140214245626
8510510510.51051,0.9443014988597122,-0.49778641942968493,-7.306498486164795,0.04750031131390567,-26.46607088056864,-8.852921475139432,0.04750031131390567,-26.46607088056864,-8.852921475139432,0.9452336572204494,-0.48921645418999227,-7.35591485832523
8516516516.516517,0.9447377141301782,-0.49377494339573247,-7.312238703271427,0.04572574879689317,-26.79678347725133,-8.862812974097004,0.04572574879689317,-26.79678347725133,-8.862812974097004,0.945691716740132,-0.48500829815354535,-7.361628438502716
8522522522.522523,0.94515968974084,-0.48989617872039626,-7.3179222797080055,0.043992783589353095,-27.13237115407521,-8.872827055985573,0.043992783589353095,-27.13237115407521,-8.872827055985573,0.9461348028944457,-0.48093964020108293,-7.367282454659637
8528528528.528528,0.9455680169027695,-0.48614451769864164,-7.323550563475706,0.042300260147077114,-27.47313923401563,-8.882981118779018,0.042300260147077114,-27.47313923401563,-8.882981118779018,0.946563534737602,-0.4770046047401959,-7.372878357882213
8534534534.534534,0.9459632580212627,-0.4825146323976347,-7.329124859739299,0.0406470671609798,-27.819415698447894,-8.893294236501902,0.0406470671609798,-27.819415698447894,-8.893294236501902,0.9469785012818707,-0.47319760854349724,-7.3784175523427065
8540540540.540541,0.9463459482727242,-0.4790014588380301,-7.334646432439549,0.03903213655171753,-28.171553510770035,-8.90378740588754,0.03903213655171753,-28.171553510770035,-8.90378740588754,0.9473802631371995,-0.4695133442383024,-7.383901397101611
8546546546.546547,0.9467165970868665,-0.4756001821679592,-7.340116505840042,0.03745444262058206,-28.529933230226362,-8.914483835072987,0.03745444262058206,-28.529933230226362,-8.914483835072987,0.9477693540525847,-0.4659467648326022,-7.389331207833997
8552552552.552552,0.9470756895403376,-0.47230622276162154,-7.345536266010942,0.03591300137405177,-28.894965957228408,-8.92540928296528,0.03591300137405177,-28.894965957228408,-8.92540928296528,0.9481462823655271,-0.4624930692061442,-7.39470825848316
8558558558.558558,0.9474236876674702,-0.4691152231794749,-7.350906862252239,0.03440687004418008,-29.267096657646707,-8.936592459967475,0.03440687004418008,-29.267096657646707,-8.936592459967475,0.9485115323654711,-0.4591476885007848,-7.400033782844727
8564564564.564565,0.9477610316934555,-0.4660230359316766,-7.3562294084588755,0.03293514683319244,-29.646807920476018,-8.94806550336552,0.03293514683319244,-29.646807920476018,-8.94806550336552,0.9488655655767321,-0.45590627334905254,-7.40530897608415
8570570570.570571,0.9480881411948933,-0.46302571199064085,-7.3615049844301454,0.03149697091857646,-30.034624210939597,-8.959864544019206,0.03149697091857646,-30.034624210939597,-8.959864544019206,0.9492088219660353,-0.45276468188444063,-7.410534996190483
8576576576.576576,0.9484054161923307,-0.46011949000255786,-7.366734637125619,0.030091522765226912,-30.43111668933138,-8.972030385301107,0.030091522765226912,-30.43111668933138,-8.972030385301107,0.9495417210794544,-0.44971896848097465,-7.4157129653692015
8582582582.582582,0.9487132381790957,-0.4573007861513103,-7.371919381869849,0.028718024804600173,-30.836908674362157,-8.984609320795117,0.028718024804600173,-30.836908674362157,-8.984609320795117,0.9498646631132063,-0.44676537317347864,-7.4208439713767325
8588588588.588589,0.9490119710904444,-0.45456618463156295,-7.377060203507927,0.027375742558436916,-31.252681837806993,-8.997654124519173,0.027375742558436916,-31.252681837806993,-8.997654124519173,0.950178029922474,-0.44390031171334654,-7.425929068799206
8594594594.594595,0.9493019622167582,-0.4519124286910111,-7.3821580575140135,0.026063986307895394,-31.679183223638752,-9.011225256945853,0.026063986307895394,-31.679183223638752,-9.011225256945853,0.9504821859721314,-0.44112036621805784,-7.4309692802779175
8600600600.600601,0.9495835430643047,-0.4493364122043863,-7.387213871054784,0.02478211344004461,-32.117233187439346,-9.025392342641217,0.02478211344004461,-32.117233187439346,-9.025392342641217,0.9507774792330034,-0.438422276375453,-7.435965597683825
8606606606.606606,0.9498570301668103,-0.44683517174475706,-7.392228544009715,0.023529531645523325,-32.56773434707809,-9.040235992005169,0.023529531645523325,-32.56773434707809,-9.040235992005169,0.9510642420270425,-0.43580293116669055,-7.440918983243327
8612612612.612614,0.9501227258509023,-0.4444058791198572,-7.397202949950027,0.022305703197998232,-33.03168161729158,-9.055850061867442,0.022305703197998232,-33.03168161729158,-9.055850061867442,0.9513427918245873,-0.4332593610742585,-7.4458303706174735
8618618618.618618,0.9503809189582655,-0.4420458343435283,-7.402137937078066,0.021110150623915656,-33.51017335857256,-9.072344479644292,0.021110150623915656,-33.51017335857256,-9.072344479644292,0.9516134319966416,-0.43078873074391905,-7.4507006659366635
8624624624.624626,0.95063188552717,-0.43975245901447274,-7.407034329128804,0.019942464178686815,-34.00442358740265,-9.089848796271763,0.019942464178686815,-34.00442358740265,-9.089848796271763,0.9518764525249539,-0.4283883320713722,-7.455530748792813
8630630630.63063,0.9508758894358559,-0.4375232900763907,-7.411892926235051,0.018802311695723956,-34.515775041346316,-9.108516688200831,0.018802311695723956,-34.515775041346316,-9.108516688200831,0.9521321306724466,-0.42605557768682434,-7.460321473190831
8636636636.636637,0.9511131830100971,-0.43535597393537395,-7.41671450575801,0.017689451586412656,-35.04571262013985,-9.128531703879945,0.017689451586412656,-35.04571262013985,-9.128531703879945,0.9523807316164272,-0.42378799481211143,-7.465073668461277
8642642642.642643,0.9513440075971155,-0.4332482609121002,-7.421499823084573,0.016603750070235634,-35.59587625019035,-9.150114652854503,0.016603750070235634,-35.59587625019035,-9.150114652854503,0.9526225090468223,-0.4215832194670243,-7.469788140135837
8648648648.64865,0.9515685941078719,-0.4311980000079075,-7.426249612392824,0.015545204146271438,-36.16807140484805,-9.173533175775285,0.015545204146271438,-36.16807140484805,-9.173533175775285,0.952857705731534,-0.4194389910030649,-7.474465670787297
8654654654.654655,0.9517871635296359,-0.42920313396520904,-7.430964587387148,0.0145139724422906,-36.76427411699044,-9.199114223549055,0.0145139724422906,-36.76427411699044,-9.199114223549055,0.9530865540509034,-0.4173531469441438,-7.479107020835601
8660660660.66066,0.9519999274106086,-0.42726169460407076,-7.435645442004189,0.013510416987684924,-37.386624932726114,-9.227260427041623,0.013510416987684924,-37.386624932726114,-9.227260427041623,0.9533092765031096,-0.41532361811536767,-7.483712929321431
8666666666.666668,0.9522070883182616,-0.42537179841796113,-7.440292851090943,0.012535160286412078,-38.03740216740731,-9.258471664798263,0.012535160286412078,-38.03740216740731,-9.258471664798263,0.9535260861822383,-0.41334842404214706,-7.488284114648802
8672672672.672672,0.9524088402729468,-0.42353164241284985,-7.444907471056174,0.011589164007713993,-38.71895782073058,-9.293373526772923,0.011589164007713993,-38.71895782073058,-9.293373526772923,0.9537371872306296,-0.411425668603132,-7.492821275297969
8678678678.678679,0.9526053691582325,-0.42173950017486755,-7.44948994049632,0.01067383841938477,-39.43358751669082,-9.332754763836064,0.01067383841938477,-39.43358751669082,-9.332754763836064,0.9539427752670164,-0.40955353592157095,-7.49732509051002
8684684684.684685,0.9527968531093343,-0.4199937181526858,-7.454040880796911,0.009791195643032012,-40.18328542958528,-9.377615998160152,0.009791195643032012,-40.18328542958528,-9.377615998160152,0.9541430377918769,-0.40773028648062787,-7.50179622094431
8690690690.690691,0.9529834628809143,-0.41829271214175257,-7.458560896710642,0.008944065060475914,-40.969301006454224,-9.429231387021321,0.008944065060475914,-40.969301006454224,-9.429231387021321,0.9543381545713159,-0.40595425344930663,-7.50623530931
8696696696.696697,0.9531653621954521,-0.41663496395826755,-7.463050576913018,0.00813639522621985,-41.79135927349215,-9.48922220261618,0.00813639522621985,-41.79135927349215,-9.48922220261618,0.9545282980007318,-0.4042238392062914,-7.510642980972774
8702702702.702702,0.9533427080733031,-0.4150190182916903,-7.467510494536553,0.007373670764157343,-42.64632515261222,-9.559633269126829,0.007373670764157343,-42.64632515261222,-9.559633269126829,0.9547136334494221,-0.4025375120500691,-7.515019844537833
8708708708.70871,0.9535156511455021,-0.41344347972518436,-7.471941207684468,0.0066634663696168075,-43.525995796281904,-9.642983375576053,0.0066634663696168075,-43.525995796281904,-9.642983375576053,0.9548943195872347,-0.40089380308419825,-7.51936649241021
8714714714.714714,0.9536843359503027,-0.41190700991409956,-7.476343259924678,0.006016120693397012,-44.41366919317356,-9.742217916376589,0.006016120693397012,-44.41366919317356,-9.742217916376589,0.9550705086942766,-0.39929130326757833,-7.523683501333324
8720720720.720722,0.9538489012143677,-0.4104083249133612,-7.480717180765007,0.00544539189863834,-45.27941718210748,-9.860414872484064,0.00544539189863834,-45.27941718210748,-9.860414872484064,0.955242346954653,-0.39772866061997303,-7.52797143290682
8726726726.726727,0.9540094801194935,-0.4089461926449879,-7.485063486110307,0.00496868060156122,-46.07517839649523,-10.000003513550686,0.00496868060156122,-46.07517839649523,-10.000003513550686,0.9554099747351341,-0.39620457757384314,-7.532230834084438
8732732732.732733,0.9541662005556769,-0.407519430497702,-7.489382678702361,0.004605967979039799,-46.733581712041314,-10.161288064588655,0.004605967979039799,-46.733581712041314,-10.161288064588655,0.9555735268496008,-0.3947178084639888,-7.536462237652925
8738738738.738739,0.9543191853612892,-0.40612690305106697,-7.493675248543184,0.004376388393088752,-47.177682849167965,-10.34055911691641,0.004376388393088752,-47.177682849167965,-10.34055911691641,0.9557331328100603,-0.3932671571471585,-7.5406661626926486
8744744744.744745,0.954468552551084,-0.4047675199169609,-7.4979416733025035,0.00429236056414216,-47.346076076898065,-10.529144930622198,0.00429236056414216,-47.346076076898065,-10.529144930622198,0.9558889170649908,-0.39185147474408294,-7.5448431150208135
8750750750.750751,0.9546144155327129,-0.40344023369173765,-7.5021824187100234,0.004353918104127173,-47.222394883299316,-10.715167625124437,0.004353918104127173,-47.222394883299316,-10.715167625124437,0.9560409992257018,-0.3904696574971375,-7.548993587617928
8756756756.756756,0.9547568833123793,-0.4021440380128693,-7.506397938933133,0.004547533492445743,-46.84448187374122,-10.887662284580285,0.004547533492445743,-46.84448187374122,-10.887662284580285,0.956189494281389,-0.3891206447369404,-7.553118061038292
8762762762.762764,0.9548960606902345,-0.4008779657141279,-7.510588676940653,0.004850643871759634,-46.28401219128471,-11.039981600696006,0.004850643871759634,-46.28401219128471,-11.039981600696006,0.9563345128034879,-0.3878034169519041,-7.557217003805132
8768768768.768768,0.9550320484460785,-0.39964108707379076,-7.5147550648532,0.005238315859752138,-45.616166361012205,-11.170290474416678,0.005238315859752138,-45.616166361012205,-11.170290474416678,0.956476161139926,-0.3865169939548714,-7.56129087279105
8774774774.774775,0.9551649435158869,-0.39843250815076,-7.518897524280732,0.005688065799796047,-44.9007077662302,-11.279995259788553,0.005688065799796047,-44.9007077662302,-11.279995259788553,0.9566145415998071,-0.385260433141558,-7.5653401135844085
8780780780.78078,0.9552948391596693,-0.3972513692036549,-7.523016466647756,0.006181790425451806,-44.17771444877565,-11.371930808328708,0.006181790425451806,-44.17771444877565,-11.371930808328708,0.9567497526290613,-0.38403282783560744,-7.5693651608422
8786786786.786787,0.9554218251211206,-0.3960968431883715,-7.527112293506784,0.006705777447077212,-43.47101728271349,-11.449180689450301,0.006705777447077212,-43.47101728271349,-11.449180689450301,0.9568818889775353,-0.3828333057155787,-7.573366438630009
8792792792.792793,0.9555459877795142,-0.39496813432973754,-7.53118539684043,0.0072499442836700375,-42.79330661999428,-11.514530553549918,0.0072499442836700375,-42.79330661999428,-11.514530553549918,0.9570110418579848,-0.3816610273193832,-7.577344360749558
8798798798.798798,0.955667410294244,-0.3938644767632918,-7.5352361593526656,0.007806960618310584,-42.15036022798366,-11.570300577576328,0.007806960618310584,-42.15036022798366,-11.570300577576328,0.9571372990974061,-0.3805151846218804,-7.5812993310543755
8804804804.804806,0.9557861727424055,-0.3927851332434074,-7.539264954749659,0.008371503003768913,-41.543931251979004,-11.618351391290371,0.008371503003768913,-41.543931251979004,-11.618351391290371,0.9572607452811042,-0.37939499968178747,-7.585231743754059
8810810810.81081,0.9559023522497984,-0.39172939391404626,-7.54327214801059,0.008939689586883254,-40.97355121925884,-11.660150828644728,0.008939689586883254,-40.97355121925884,-11.660150828644728,0.9573814618898855,-0.3782997233541078,-7.589141983707589
8816816816.816818,0.9560160231156751,-0.39069657513898376,-7.54725809564892,0.009508671934176134,-40.437602725259225,-11.696851175447833,0.009508671934176134,-40.437602725259225,-11.696851175447833,0.9574995274307463,-0.37722863406449225,-7.593030426706189
8822822822.822823,0.9561272569315854,-0.38968601838814926,-7.551223145964379,0.010076346061054247,-39.933938511002474,-11.729358281118376,0.010076346061054247,-39.933938511002474,-11.729358281118376,0.9576150175613687,-0.3761810366424884,-7.5968974397460665
8828828828.828829,0.956236122694609,-0.3886970891772238,-7.555167639286167,0.010641148834366588,-39.460229648540626,-11.758387756204392,0.010641148834366588,-39.460229648540626,-11.758387756204392,0.9577280052087858,-0.3751562612102023,-7.600743381291535
8834834834.834835,0.9563426869152759,-0.38772917605763235,-7.559091908207632,0.01120191406895967,-39.01415526344694,-11.784508754582578,0.01120191406895967,-39.01415526344694,-11.784508754582578,0.9578385606824809,-0.3741536621237863,-7.60456860152884
8840840840.840841,0.9564470137204485,-0.38678168965427256,-7.562996277812787,0.011757770052898877,-38.593500751511066,-11.80817742890354,0.011757770052898877,-38.593500751511066,-11.80817742890354,0.9579467517822343,-0.3731726169647445,-7.608373442611087
8846846846.846848,0.9565491649514161,-0.38585406174856896,-7.566881065895011,0.01230806586281567,-38.19620376850966,-11.829762306913292,0.01230806586281567,-38.19620376850966,-11.829762306913292,0.9580526439009696,-0.3722125255786158,-7.612158238894628
8852852852.852852,0.9566492002574655,-0.3849457444043273,-7.570746583168191,0.012852317809051,-37.8203708771464,-11.849563524496642,0.012852317809051,-37.8203708771464,-11.849563524496642,0.9581563001228672,-0.37127280915845384,-7.615923317167221
8858858858.85886,0.9567471771851344,-0.3840562091343903,-7.5745931334706675,0.013390170078464684,-37.464278133143544,-11.867827446088917,0.013390170078464684,-37.464278133143544,-11.867827446088917,0.958257781316978,-0.3703529093708807,-7.6196689968683335
8864864864.864864,0.9568431512633856,-0.3831849461058192,-7.57842101396218,0.01392136549195418,-37.12636328799181,-11.884757835975348,0.01392136549195418,-37.12636328799181,-11.884757835975348,0.958357146226564,-0.36945228752250625,-7.623395590301824
8870870870.87087,0.9569371760848999,-0.3823314633817065,-7.582230515314177,0.014445723544836907,-36.80521401421435,-11.900524448617116,0.014445723544836907,-36.80521401421435,-11.900524448617116,0.9584544515543911,-0.36857042376457955,-7.627103402841399
8876876876.876877,0.9570293033836842,-0.38149528619773254,-7.586021921893659,0.014963123747733854,-36.4995546470955,-11.915269680709088,0.014963123747733854,-36.4995546470955,-11.915269680709088,0.9585497520441623,-0.36770681633405466,-7.630792733129029
8882882882.882883,0.9571195831091712,-0.3806759562717795,-7.589795511940872,0.015473492866324197,-36.208232819293265,-11.929113759960792,0.015473492866324197,-36.208232819293265,-11.929113759960792,0.958643100558294,-0.3668609808291224,-7.6344638732666645
8888888888.88889,0.957208063497007,-0.3798730311447409,-7.593551557741044,0.015976795058658396,-35.930206713126886,-11.942158822297863,0.015976795058658396,-35.930206713126886,-11.942158822297863,0.9587345481522128,-0.36603244951753494,-7.63811710900148
8894894894.894894,0.9572947911366622,-0.3790860835512116,-7.5972903257904125,0.016473024187319617,-35.66453327792959,-11.954492138941529,0.016473024187319617,-35.66453327792959,-11.954492138941529,0.9588241441453487,-0.36522077067601305,-7.641752719904902
8900900900.900902,0.9573798110360442,-0.37831470081837637,-7.60101207695675,0.016962197779488795,-35.41035754433859,-11.966188688775318,0.016962197779488795,-35.41035754433859,-11.966188688775318,0.9589119361889781,-0.3644255079592945,-7.645370979545664
8906906906.906906,0.95746316668325,-0.37755848429177724,-7.6047170666345965,0.0174443522469249,-35.16690304745764,-11.97731322293714,0.0174443522469249,-35.16690304745764,-11.97731322293714,0.9589979703310808,-0.36364623979724925,-7.648972155657098
8912912912.912914,0.957544900105598,-0.37681704878662314,-7.608405544895419,0.017919539077468547,-34.933463307190394,-11.987921932847328,0.017919539077468547,-34.933463307190394,-11.987921932847328,0.9590822910783523,-0.36288255881871395,-7.652556510298922
8918918918.918919,0.9576250519260759,-0.3760900220633506,-7.612077756632836,0.01838782178174144,-34.70939428331747,-11.998063806408254,0.01838782178174144,-34.70939428331747,-11.998063806408254,0.9591649414555053,-0.362134071300771,-7.656124300013662
8924924924.924925,0.9577036614173231,-0.37537704432631375,-7.615733941703162,0.01884927343137791,-34.49410771109984,-12.007781737375204,0.01884927343137791,-34.49410771109984,-12.007781737375204,0.9592459630619999,-0.3614003966421544,-7.659675775978005
8930930930.930931,0.9577807665532732,-0.3746777677443982,-7.619374335061391,0.019303974663916285,-34.287065222035736,-12.017113438092757,0.019303974663916285,-34.287065222035736,-12.017113438092757,0.9593253961263148,-0.3606811668596993,-7.663211184149171
8936936936.936937,0.9578564040585655,-0.37399185599253987,-7.6229991668928,0.019752012058341244,-34.087773158900504,-12.02609219461317,0.019752012058341244,-34.087773158900504,-12.02609219461317,0.9594032795578891,-0.35997602610662455,-7.666730765406578
8942942942.942944,0.9579306094558299,-0.3733189838131564,-7.626608662740354,0.02019347680689323,-33.89577800146145,-12.034747494718795,0.02019347680689323,-33.89577800146145,-12.034747494718795,0.9594796509968372,-0.3592846302116576,-7.670234755688908
8948948948.948948,0.9580034171109479,-0.3726588365965014,-7.63020304362805,0.020628463625111414,-33.71066232757825,-12.043105552874533,0.020628463625111414,-33.71066232757825,-12.043105552874533,0.9595545468615438,-0.35860664623800487,-7.673723386126789
8954954954.954956,0.9580748602763949,-0.3720111099789857,-7.633782526180344,0.021057069854518152,-33.53204124282912,-12.051189751136215,0.021057069854518152,-33.53204124282912,-12.051189751136215,0.9596280023942395,-0.3579417520612015,-7.677196883171243
8960960960.96096,0.95814497113273,-0.3713755094587875,-7.637347322737812,0.021479394721902925,-33.35955921982328,-12.059021011169298,0.021479394721902925,-33.35955921982328,-12.059021011169298,0.9597000517046546,-0.35728963596492364,-7.680655468718021
8966966966.966967,0.9582137808283477,-0.37075175002772087,-7.640897641469195,0.021895538726539588,-33.19288729572615,-12.066618109515652,0.021895538726539588,-33.19288729572615,-12.066618109515652,0.9597707278118367,-0.3566499962539569,-7.6840993602280445
8972972972.972973,0.9582813195175564,-0.3701395558187166,-7.644433686479917,0.022305603132392236,-33.03172058314494,-12.07399794588262,0.022305603132392236,-33.03172058314494,-12.07399794588262,0.959840062684217,-0.35602254088351637,-7.687528770844019
8978978978.97898,0.9583476163970638,-0.3695386597681678,-7.647955657917256,0.022709689546865596,-32.87577605537169,-12.08117577236612,0.022709689546865596,-32.87577605537169,-12.08117577236612,0.9599080872780129,-0.35540698710408464,-7.690943909503416
8984984984.984985,0.9584126997409463,-0.3689488032924282,-7.651463752072242,0.02310789957117078,-32.72479057212014,-12.088165390043342,0.02310789957117078,-32.72479057212014,-12.088165390043342,0.9599748315740354,-0.35480306112113785,-7.694344981047926
8990990990.99099,0.9584765969341675,-0.36836973597782674,-7.654958161478423,0.023500334510181888,-32.57851911635916,-12.094979318195502,0.023500334510181888,-32.57851911635916,-12.094979318195502,0.9600403246129798,-0.3542104977689994,-7.697732186329501
8996996996.996998,0.9585393345047198,-0.367801215283517,-7.658439075007615,0.02388709513188102,-32.43673321672298,-12.101628940479715,0.02388709513188102,-32.43673321672298,-12.101628940479715,0.9601045945292673,-0.3536290401982044,-7.701105722313154
9003003003.003002,0.9586009381544409,-0.3672430062566718,-7.661906677962706,0.024268281468265665,-32.299219533332064,-12.108124631612222,0.024268281468265665,-32.299219533332064,-12.108124631612222,0.9601676685835014,-0.35305843957575744,-7.7044657821765625
9009009009.00901,0.9586614327885772,-0.3666948812593417,-7.665361152167679,0.024643992651032582,-32.16577858774986,-12.11447586751319,0.024643992651032582,-32.16577858774986,-12.11447586751319,0.9602295731936084,-0.35249845479764486,-7.707812555406654
9015015015.015015,0.9587208425441411,-0.3661566197065394,-7.668802676054879,0.025014326776498515,-32.036223620301584,-12.12069132136641,0.025014326776498515,-32.036223620301584,-12.12069132136641,0.9602903339647106,-0.35194885221312894,-7.7111462278932255
9021021021.02102,0.9587791908171223,-0.3656280078149884,-7.672231424749689,0.025379380795170558,-31.910379560130522,-12.126778947642254,0.025379380795170558,-31.910379560130522,-12.126778947642254,0.9603499757178011,-0.3514094053602023,-7.714466982019765
9027027027.027027,0.9588365002886031,-0.365108838362052,-7.675647570152646,0.025739250422130475,-31.788082095231395,-12.132746055800133,0.025739250422130475,-31.788082095231395,-12.132746055800133,0.9604085225172632,-0.3508798947117642,-7.717774996751487
9033033033.033033,0.958892792949825,-0.3645989104544265,-7.6790512810191345,0.0260940300650393,-31.66917683129975,-12.138599375114156,0.0260940300650393,-31.66917683129975,-12.138599375114156,0.9604659976972937,-0.350360107431993,-7.721070447720765
9039039039.03904,0.958948090126255,-0.3640980293061107,-7.682442723036697,0.026443812767071757,-31.553518529628086,-12.144345111840183,0.026443812767071757,-31.553518529628086,-12.144345111840183,0.9605224238872724,-0.34984983714250517,-7.724353507309989
9045045045.045044,0.9590024125006945,-0.36360600602528165,-7.685822058900086,0.026788690162526017,-31.440970415476023,-12.149988999756122,0.026788690162526017,-31.440970415476023,-12.149988999756122,0.9605778230361288,-0.34934888369781764,-7.727624344731981
9051051051.051052,0.9590557801354743,-0.363122657409644,-7.689189448384095,0.027128752443197943,-31.331403549384895,-12.155536344951777,0.027128752443197943,-31.331403549384895,-12.155536344951777,0.9606322164357499,-0.3488570529697166,-7.7308831261080115
9057057057.057056,0.9591082124937773,-0.3626478057498832,-7.692545048414272,0.027464088333910227,-31.224696254806567,-12.160992065615346,0.027464088333910227,-31.224696254806567,-12.160992065615346,0.9606856247434646,-0.34837415664018406,-7.734130014543524
9063063063.063065,0.9591597284601191,-0.3621812786409246,-7.695889013135576,0.027794785075826983,-31.120733596202072,-12.166360727454936,0.027794785075826983,-31.120733596202072,-12.166360727454936,0.960738068003655,-0.3479000120024277,-7.73736517020166
9069069069.069069,0.9592103463600359,-0.3617229088005474,-7.699221493979036,0.028120928416387005,-31.01940690244843,-12.17164657530249,0.028120928416387005,-31.01940690244843,-12.17164657530249,0.9607895656685249,-0.3474344417697163,-7.7405887503746085
9075075075.075075,0.9592600839790002,-0.36127253389515507,-7.702542639726512,0.028442602604869964,-30.92061333098409,-12.176853561370638,0.028442602604869964,-30.92061333098409,-12.176853561370638,0.9608401366180627,-0.3469772738916846,-7.743800909552904
9081081081.081081,0.9593089585806104,-0.36082999637227714,-7.7058525965735765,0.028759890392741343,-30.82425546864702,-12.181985370568103,0.028759890392741343,-30.82425546864702,-12.181985370568103,0.9608897991792372,-0.3465283413777381,-7.747001799492725
9087087087.087088,0.9593569869240762,-0.360395143299591,-7.709151508190615,0.029072873038056175,-30.730240965609823,-12.187045443224124,0.029072873038056175,-30.730240965609823,-12.187045443224124,0.9609385711444561,-0.34608748212729157,-7.750191569281247
9093093093.093094,0.9594041852810339,-0.3599678262101548,-7.712439515782187,0.029381630313297585,-30.638482199216828,-12.192036995525735,0.029381630313297585,-30.638482199216828,-12.192036995525735,0.9609864697893157,-0.3456545387665589,-7.753370365400123
9099099099.099098,0.9594505694517149,-0.35954790095362,-7.715716758144708,0.029686240516116878,-30.548895964876287,-12.196963037931635,0.029686240516116878,-30.548895964876287,-12.196963037931635,0.9610335118896828,-0.3452293584915276,-7.7565383317871675
9105105105.105106,0.9594961547805122,-0.3591352275530273,-7.718983371722518,0.029986780482517662,-30.46140319146758,-12.201826391792371,0.029986780482517662,-30.46140319146758,-12.201826391792371,0.9610797137381193,-0.3448117929170122,-7.759695609896285
9111111111.11111,0.9595409561709393,-0.3587296700672118,-7.722239490662362,0.030283325602084868,-30.375928678995272,-12.206629704377205,0.030283325602084868,-30.375928678995272,-12.206629704377205,0.961125091159698,-0.3444016979313357,-7.762842338755706
9117117117.117117,0.9595849881000411,-0.3583310964582847,-7.725485246866369,0.03057594983492365,-30.29240085645741,-12.211375462483062,0.03057594983492365,-30.29240085645741,-12.211375462483062,0.9611696595272144,-0.34399893355659295,-7.765978655024586
9123123123.123123,0.9596282646322525,-0.3579393784642215,-7.728720770043553,0.030864725730008823,-30.21075155810912,-12.216066004779096,0.030864725730008823,-30.21075155810912,-12.216066004779096,0.961213433775838,-0.34360336381409595,-7.769104693048025
9129129129.12913,0.9596707994327475,-0.35755439147615464,-7.73194618775989,0.031149724444693928,-30.13091581648673,-12.220703533021828,0.031149724444693928,-30.13091581648673,-12.220703533021828,0.9612564284172125,-0.34321485659490547,-7.772220584910554
9135135135.135136,0.9597126057802844,-0.35717601442032776,-7.735161625487027,0.031431015765160594,-30.052831670723275,-12.225290122259697,0.031431015765160594,-30.052831670723275,-12.225290122259697,0.9612986575530347,-0.34283328353518083,-7.775326460488143
9141141141.14114,0.9597536965795787,-0.3568041296444131,-7.738367206649646,0.031708668127616434,-29.976439988833516,-12.229827730131575,0.031708668127616434,-29.976439988833516,-12.229827730131575,0.9613401348881344,-0.3424585198961347,-7.778422447498764
9147147147.147148,0.9597940843732192,-0.35643862280804295,-7.741563052671552,0.031982748640080376,-29.9016843027755,-12.23431820535199,0.031982748640080376,-29.9016843027755,-12.23431820535199,0.961380873743069,-0.34209044444846687,-7.781508671551586
9153153153.153152,0.9598337813531452,-0.3560793827774025,-7.744749283020491,0.032253323104609946,-29.82851065521329,-12.238763295464672,0.032253323104609946,-29.82851065521329,-12.238763295464672,0.9614208870662623,-0.34172893936100257,-7.78458525619479
9159159159.15916,0.9598727993717026,-0.35572630152370005,-7.747926015251792,0.0325204560398526,-29.756867457006607,-12.243164653937317,0.0325204560398526,-29.756867457006607,-12.243164653937317,0.961460187445695,-0.3413738900934648,-7.787652322962133
9165165165.165165,0.959911149952301,-0.35537927402532427,-7.751093365050792,0.03278421070381013,-29.686705354548188,-12.247523846661831,0.03278421070381013,-29.686705354548188,-12.247523846661831,0.9614987871201754,-0.34102518529312076,-7.790709991418203
9171171171.171171,0.9599488442996796,-0.355038198173614,-7.7542514462741705,0.03304464911672973,-29.6179771061492,-12.251842357917619,0.03304464911672973,-29.6179771061492,-12.251842357917619,0.9615366979902031,-0.34068271669518196,-7.793758379202488
9177177177.177177,0.9599858933098038,-0.35470297468202966,-7.7574003709901485,0.033301832084037065,-29.550637466750032,-12.256121595848931,0.033301832084037065,-29.550637466750032,-12.256121595848931,0.9615739316284349,-0.3403463790268608,-7.796797602072235
9183183183.183184,0.960022307579409,-0.354373506998576,-7.760540249517648,0.03355581921925061,-29.48464308029635,-12.26036289750205,0.03355581921925061,-29.48464308029635,-12.26036289750205,0.9616104992897846,-0.34001606991480904,-7.799827773944195
9189189189.18919,0.9600580974151945,-0.3540497012214583,-7.763671190464402,0.033806668966811546,-29.419952379183847,-12.26456753346304,0.033806668966811546,-29.419952379183847,-12.26456753346304,0.9616464119211546,-0.3396916897959485,-7.8028490069352285
9195195195.195194,0.9600932728426975,-0.35373146601768296,-7.766793300764064,0.034054438624784626,-29.356525490224893,-12.268736712132682,0.034054438624784626,-29.356525490224893,-12.268736712132682,0.961681680170827,-0.3393731418314324,-7.80586141140185
9201201201.201202,0.9601278436148475,-0.3534187125445999,-7.76990668571237,0.034299184367385195,-29.294324146640545,-12.272871583671357,0.034299184367385195,-29.294324146640545,-12.272871583671357,0.9617163143975187,-0.3390603318237004,-7.808865095978735
9207207207.207207,0.9601618192202179,-0.3531113543742401,-7.7730114490023166,0.03454096126729435,-29.23331160562457,-12.276973243643289,0.03454096126729435,-29.23331160562457,-12.276973243643289,0.9617503246791191,-0.3387531681364596,-7.811860167616202
9213213213.213213,0.9601952088909887,-0.3528093074203139,-7.776107692758475,0.034779823317735804,-29.17345257106365,-12.281042736386691,0.034779823317735804,-29.17345257106365,-12.281042736386691,0.9617837208211178,-0.33845156161751533,-7.814846731616729
9219219219.21922,0.9602280216106264,-0.3525124898678097,-7.779195517570386,0.035015823454283404,-29.114713121035592,-12.2850810581336,0.035015823454283404,-29.114713121035592,-12.2850810581336,0.9618165123647445,-0.3381554255242492,-7.81782489167051
9225225225.225225,0.9602602661213002,-0.3522208221050205,-7.782275022525114,0.03524901357638127,-29.05706063973739,-12.289089159900929,0.03524901357638127,-29.05706063973739,-12.289089159900929,0.961848708594816,-0.3378646754517923,-7.8207947498901005
9231231231.231232,0.9602919509310359,-0.35193422665799357,-7.785346305238958,0.03547944456855596,-29.00046375352515,-12.293067950172173,0.03547944456855596,-29.00046375352515,-12.293067950172173,0.9618803185473187,-0.3375792292636295,-7.823756406844163
9237237237.237236,0.9603230843206204,-0.35165262812726245,-7.788409461888369,0.035707166321308624,-28.94489227077296,-12.297018297387257,0.035707166321308624,-28.94489227077296,-12.297018297387257,0.9619113510167239,-0.337299007024665,-7.826709961590346
9243243243.243244,0.9603536743502745,-0.35137595312672043,-7.791464587240074,0.03593222775167255,-28.890317125283055,-12.300941032256546,0.03593222775167255,-28.890317125283055,-12.300941032256546,0.9619418145630558,-0.33702393093655203,-7.829655511707333
9249249249.249249,0.9603837288660898,-0.35110413022466086,-7.794511774680435,0.03615467682342757,-28.836710323000013,-12.304836949913232,0.03615467682342757,-28.836710323000013,-12.304836949913232,0.9619717175187131,-0.3367539252752985,-7.832593153326059
9255255255.255257,0.9604132555062479,-0.35083708988681894,-7.797551116244096,0.036374560566965024,-28.784044891801837,-12.30870681191739,0.036374560566965024,-28.784044891801837,-12.30870681191739,0.9620010679950587,-0.33648891633099187,-7.8355229811601514
9261261261.261261,0.9604422617070245,-0.35057476442139307,-7.800582702641871,0.036591925098796614,-28.73229483415876,-12.312551348123378,0.036591925098796614,-28.73229483415876,-12.312551348123378,0.9620298738887897,-0.33622883234954926,-7.838445088535603
9267267267.267267,0.9604707547085939,-0.3503170879259016,-7.803606623287988,0.03680681564070415,-28.681435082466905,-12.316371258421526,0.03680681564070415,-28.681435082466905,-12.316371258421526,0.9620581428880826,-0.3359736034765318,-7.841359567419685
9273273273.273273,0.9604987415606343,-0.3500639962358677,-7.806622966326616,0.037019276538527233,-28.631441456878722,-12.320167214363842,0.037019276538527233,-28.631441456878722,-12.320167214363842,0.9620858824785419,-0.33572316170276123,-7.8442665084491585
9279279279.27928,0.960526229127741,-0.34981542687527445,-7.809631818657761,0.03722935128058881,-28.58229062546572,-12.323939860682792,0.03722935128058881,-28.58229062546572,-12.323939860682792,0.9621130999489389,-0.33547744081186526,-7.8471660009577615
9285285285.285286,0.9605532240946673,-0.3495713190085989,-7.812633265962511,0.03743708251575812,-28.53396006656151,-12.327689816711239,0.03743708251575812,-28.53396006656151,-12.327689816711239,0.9621398023967641,-0.3352363763295323,-7.850058133003037
9291291291.29129,0.9605797329713786,-0.3493316133945641,-7.815627392727684,0.03764251207115183,-28.486428033144616,-12.3314176777111,0.03764251207115183,-28.486428033144616,-12.3314176777111,0.9621659967335942,-0.3349999054744687,-7.852942991392482
9297297297.297298,0.9606057620979446,-0.34909625234137925,-7.818614282269854,0.037845680969475826,-28.439673519130736,-12.335124016117486,0.037845680969475826,-28.439673519130736,-12.335124016117486,0.9621916896902806,-0.3347679671109913,-7.855820661709068
9303303303.303303,0.9606313176492678,-0.34886517966348185,-7.821594016758798,0.03804662944600942,-28.393676227453874,-12.338809382704603,0.03804662944600942,-28.393676227453874,-12.338809382704603,0.9622168878219599,-0.334540501703258,-7.858691228336116
9309309309.309309,0.9606564056396566,-0.34863834063970733,-7.8245666772404,0.03824539696523668,-28.348416539824186,-12.342474307679158,0.03824539696523668,-28.348416539824186,-12.342474307679158,0.9622415975129113,-0.33431745127089846,-7.861554774481598
9315315315.315315,0.9606810319272464,-0.348415681972854,-7.827532343658966,0.03844202223712601,-28.303875488059177,-12.34611930170647,0.03844202223712601,-28.303875488059177,-12.34611930170647,0.9622658249812426,-0.3340987593462148,-7.864411382201818
9321321321.321321,0.9607052022182734,-0.3481971517506005,-7.830491094879037,0.03863654323306511,-28.260034726891142,-12.349744856874178,0.03863654323306511,-28.260034726891142,-12.349744856874178,0.9622895762834317,-0.3338843709327143,-7.867261132424538
9327327327.327328,0.9607289220712146,-0.3479826994076502,-7.833443008706672,0.038828997201453434,-28.21687650816168,-12.353351447597905,0.038828997201453434,-28.21687650816168,-12.353351447597905,0.9623128573187131,-0.3336742324650565,-7.870104104971547
9333333333.333332,0.9607521969007873,-0.3477722756891691,-7.836388161910213,0.03901942068295795,-28.17438365631967,-12.35693953147301,0.03901942068295795,-28.17438365631967,-12.35693953147301,0.9623356738333273,-0.3334682917702585,-7.872940378580683
9339339339.33934,0.960775031981822,-0.34756583261537655,-7.839326630240586,0.03920784952543827,-28.13253954514483,-12.360509550076124,0.03920784952543827,-28.13253954514483,-12.360509550076124,0.9623580314246307,-0.3332664980301816,-7.87577003092734
9345345345.345345,0.9607974324530096,-0.3473633234473006,-7.842258488451094,0.039394318898543536,-28.09132807562515,-12.364061929719963,0.039394318898543536,-28.09132807562515,-12.364061929719963,0.962379935545072,-0.3330688017452383,-7.878593138645447
9351351351.351353,0.9608194033205254,-0.3471647026536542,-7.845183810316772,0.039578863307990285,-28.05073365492001,-12.367597082164577,0.039578863307990285,-28.05073365492001,-12.367597082164577,0.9624013915060415,-0.33287515469926066,-7.881409777347976
9357357357.357357,0.9608409494615421,-0.34696992587873243,-7.848102668653274,0.03976151660952404,-28.010741176346645,-12.371115405287991,0.03976151660952404,-28.010741176346645,-12.371115405287991,0.9624224044815998,-0.3326855099254856,-7.884220021646948
9363363363.363363,0.960862075627625,-0.3467789499113913,-7.85101513533533,0.039942312022571556,-27.971336000331032,-12.374617283718912,0.039942312022571556,-27.971336000331032,-12.374617283718912,0.9624429795120822,-0.3324998216736594,-7.887023945172976
9369369369.36937,0.9608827864480216,-0.34659173265499543,-7.853921281314771,0.04012128214358946,-27.93250393626837,-12.378103089434061,0.04012128214358946,-27.93250393626837,-12.378103089434061,0.9624631215075966,-0.3323180453781383,-7.889821620594353
9375375375.375376,0.960903086432849,-0.3464082330982964,-7.856821176638144,0.04029845895911457,-27.89423122524201,-12.381573182322407,0.04029845895911457,-27.89423122524201,-12.381573182322407,0.9624828352514,-0.3321401376270827,-7.892613119635698
9381381381.381382,0.9609229799761746,-0.3462284112872988,-7.859714890463912,0.04047387385852279,-27.856504523552722,-12.385027910718453,0.04047387385852279,-27.856504523552722,-12.385027910718453,0.9625021254031797,-0.3319660561325357,-7.895398513096161
9387387387.387386,0.9609424713590069,-0.34605222829794047,-7.8626024910792776,0.0406475576465011,-27.81931088701375,-12.388467611906584,0.0406475576465011,-27.81931088701375,-12.388467611906584,0.9625209965022231,-0.33179575970151615,-7.898177870867223
9393393393.393394,0.9609615647521872,-0.3458796462096888,-7.865484045916614,0.04081954055524034,-27.78263775596917,-12.391892612598305,0.04081954055524034,-27.78263775596917,-12.391892612598305,0.9625394529704939,-0.3316292082079695,-7.900951261950082
9399399399.399399,0.9609802642191938,-0.3457106280799339,-7.868359621569519,0.040989852256352086,-27.746472940996952,-12.39530322938405,0.040989852256352086,-27.746472940996952,-12.39530322938405,0.9625574991156072,-0.3314663625656439,-7.903718754472628
9405405405.405407,0.9609985737188553,-0.3455451379192164,-7.871229283808522,0.04115852187251844,-27.710804609259007,-12.398699769161205,0.04115852187251844,-27.710804609259007,-12.398699769161205,0.962575139133716,-0.3313071847017748,-7.906480415706057
9411411411.411411,0.9610164971079849,-0.34538314066717946,-7.874093097596416,0.04132557798887764,-27.675621271464355,-12.402082529539758,0.04132557798887764,-27.675621271464355,-12.402082529539758,0.9625923771123086,-0.33115163753158866,-7.909236312081083
9417417417.417418,0.9610340381439305,-0.34522460216928774,-7.876951127103277,0.04149104866415365,-27.640911769412398,-12.405451799227006,0.04149104866415365,-27.640911769412398,-12.405451799227006,0.9626092170329156,-0.33099968493363274,-7.911986509203807
9423423423.423424,0.9610512004870432,-0.34506948915430263,-7.8798034357211195,0.041654961441533744,-27.606665264086182,-12.408807858392539,0.041654961441533744,-27.606665264086182,-12.408807858392539,0.9626256627737364,-0.3308512917258349,-7.914731071871213
9429429429.42943,0.9610679877030763,-0.3449177692123823,-7.882650086078243,0.04181734335930018,-27.572871224266827,-12.412150979014694,0.04181734335930018,-27.572871224266827,-12.412150979014694,0.9626417181121875,-0.3307064236422893,-7.9174700640863245
9435435435.435436,0.9610844032655057,-0.3447694107739133,-7.885491140053258,0.04197822096122131,-27.539519415642367,-12.415481425209634,0.04197822096122131,-27.539519415642367,-12.415481425209634,0.9626573867273669,-0.33056504731079794,-7.9202035490730145
9441441441.44144,0.9611004505577816,-0.3446243830889598,-7.888326658788801,0.04213762030670877,-27.50659989038524,-12.418799453544025,0.04213762030670877,-27.50659989038524,-12.418799453544025,0.962672672202449,-0.3304271302310582,-7.922931589290503
9447447447.447449,0.9611161328755121,-0.3444826562073447,-7.891156702704956,0.04229556698074409,-27.474102977175253,-12.422105313332278,0.04229556698074409,-27.474102977175253,-12.422105313332278,0.962687578027006,-0.3302926407535139,-7.925654246447524
9453453453.453453,0.9611314534285801,-0.3443442009593387,-7.893981331512374,0.04245208610358067,-27.442019271645183,-12.425399246919286,0.04245208610358067,-27.442019271645183,-12.425399246919286,0.9627021075992528,-0.3301615480589093,-7.928371581516171
9459459459.45946,0.9611464153431951,-0.3442089889369416,-7.896800604225116,0.042607202340228245,-27.41033962722772,-12.428681489949465,0.042607202340228245,-27.41033962722772,-12.428681489949465,0.9627162642282371,-0.3300338221383447,-7.931083654745463
9465465465.465466,0.9611610216638872,-0.34407699247569984,-7.899614579173208,0.04276093990972139,-27.379055146384346,-12.431952271622862,0.04276093990972139,-27.379055146384346,-12.431952271622862,0.9627300511359468,-0.3299094337740853,-7.933790525674587
9471471471.471472,0.9611752753554347,-0.3439481846371225,-7.90242331401494,0.04291332259418006,-27.348157172196935,-12.435211814939127,0.04291332259418006,-27.348157172196935,-12.435211814939127,0.962743471459371,-0.3297883545207963,-7.936492253145878
9477477477.477478,0.9611891793047428,-0.3438225391915538,-7.905226865748883,0.04306437374766558,-27.31763728030454,-12.43846033692994,0.04306437374766558,-27.31763728030454,-12.43846033692994,0.9627565282524886,-0.3296705566874386,-7.939188895317495
9483483483.483482,0.9612027363226574,-0.34370003060163273,-7.908025290725666,0.04321411630483669,-27.28748727116872,-12.441698048880617,0.04321411630483669,-27.28748727116872,-12.441698048880617,0.9627692244882008,-0.3295560133196756,-7.941880509675844
9489489489.48949,0.9612159491457314,-0.34358063400619054,-7.910818644659498,0.043362572789412475,-27.257699162651225,-12.444925156541457,0.043362572789412475,-27.257699162651225,-12.444925156541457,0.9627815630602072,-0.3294446981827976,-7.9445671530477195
9495495495.495495,0.9612288204379369,-0.3434643252046407,-7.9136069826394255,0.04350976532244242,-27.22826518288992,-12.448141860329354,0.04350976532244242,-27.22826518288992,-12.448141860329354,0.9627935467848251,-0.329336585745165,-7.947248881612188
9501501501.501503,0.9612413527923265,-0.3433510806418378,-7.916390359140394,0.043655715630393443,-27.199177763457886,-12.451348355520283,0.043655715630393443,-27.199177763457886,-12.451348355520283,0.9628051784027576,-0.32923165116211456,-7.94992575091223
9507507507.507507,0.9612535487326433,-0.34324087739340037,-7.919168828034031,0.0438004450530541,-27.17042953279309,-12.454544832433085,0.0438004450530541,-27.17042953279309,-12.454544832433085,0.9628164605808048,-0.32912987026039153,-7.952597815866115
9513513513.513514,0.9612654107148909,-0.34313369315140785,-7.9219424425992395,0.04394397455126266,-27.142013309885687,-12.45773147660504,0.04394397455126266,-27.142013309885687,-12.45773147660504,0.9628273959135306,-0.3290312195229851,-7.955265130778564
9519519519.51952,0.9612769411288498,-0.34302950621057615,-7.924711255532548,0.04408632471446127,-27.11392209821129,-12.460908468959662,0.04408632471446127,-27.11392209821129,-12.460908468959662,0.9628379869248775,-0.32893567607443414,-7.9579277493516445
9525525525.525526,0.9612881422995541,-0.34292829545480574,-7.927475318958254,0.04422751576808279,-27.08614907989849,-12.464075985967115,0.04422751576808279,-27.08614907989849,-12.464075985967115,0.9628482360697362,-0.32884321766655333,-7.960585724695459
9531531531.531532,0.9612990164887235,-0.3428300403441352,-7.930234684438361,0.0443675675807722,-27.058687610120373,-12.467234199797652,0.0443675675807722,-27.058687610120373,-12.467234199797652,0.962858145735466,-0.32875382266460185,-7.963239109338606
9537537537.537537,0.961309565896155,-0.34273472090206314,-7.9329894029823,0.04450649967144732,-27.03153121169967,-12.470383278468415,0.04450649967144732,-27.03153121169967,-12.470383278468415,0.9628677182433759,-0.32866747003381386,-7.965887955238424
9543543543.543545,0.9613197926610747,-0.34264231770323306,-7.935739525056467,0.044644331216202995,-27.004673569917962,-12.47352338598396,0.044644331216202995,-27.004673569917962,-12.47352338598396,0.9628769558501605,-0.32858413932634156,-7.968532313791014
9549549549.54955,0.9613296988634481,-0.3425528118614998,-7.938485100593544,0.04478108105506159,-26.978108527519936,-12.476654682470787,0.04478108105506159,-26.978108527519936,-12.476654682470787,0.9628858607492943,-0.3285038106685778,-7.971172235841068
9555555555.555555,0.9613392865252564,-0.3424661850183072,-7.941226179001657,0.04491676769857453,-26.951830079903853,-12.479777324306246,0.04491676769857453,-26.951830079903853,-12.479777324306246,0.9628944350723879,-0.328426464748823,-7.973807771691487
9561561561.561562,0.9613485576117333,-0.34238241933142244,-7.943962809173325,0.04505140933427759,-26.925832370490266,-12.482891464242016,0.04505140933427759,-26.925832370490266,-12.482891464242016,0.9629026808905035,-0.3283520828053318,-7.97643897111281
9567567567.567568,0.9613575140325715,-0.342301497463956,-7.946695039494237,0.045185023833003886,-26.90010968626104,-12.48599725152248,0.045185023833003886,-26.90010968626104,-12.48599725152248,0.962910600215432,-0.3282806466146978,-7.979065883352438
9573573573.573574,0.9613661576430852,-0.3422234025737722,-7.949422917851859,0.04531762875505761,-26.87465645346137,-12.489094831998266,0.04531762875505761,-26.87465645346137,-12.489094831998266,0.9629181950009379,-0.32821213848054426,-7.981688557143686
9579579579.579578,0.9613744902453513,-0.3421481183031027,-7.952146491643855,0.04544924135625212,-26.84946723345776,-12.4921843482351,0.04544924135625212,-26.84946723345776,-12.4921843482351,0.9629254671439648,-0.32814654122256787,-7.984307040714641
9585585585.585587,0.9613825135893103,-0.34207562876852554,-7.954865807786357,0.04557987859381596,-26.824536718745165,-12.495265939618324,0.04557987859381596,-26.824536718745165,-12.495265939618324,0.962932418485807,-0.32808383816588954,-7.986921381796847
9591591591.59159,0.9613902293738399,-0.3420059185511938,-7.957580912722047,0.045709557132168406,-26.799859729097314,-12.49833974245316,0.045709557132168406,-26.799859729097314,-12.49833974245316,0.9629390508132526,-0.32802401313067364,-7.989531627633809
9597597597.597599,0.9613976392477956,-0.3419389726873652,-7.960291852428108,0.045838293348570605,-26.775431207853522,-12.501405890061047,0.045838293348570605,-26.775431207853522,-12.501405890061047,0.9629453658596885,-0.3279670504220846,-7.992137824989342
9603603603.603603,0.9614047448110262,-0.34187477665916277,-7.962998672423991,0.04596610333865075,-26.751246218337286,-12.504464512872111,0.04596610333865075,-26.751246218337286,-12.504464512872111,0.9629513653061765,-0.3279129348205141,-7.9947400201557315
9609609609.60961,0.9614115476153574,-0.34181331638562235,-7.965701417779048,0.04609300292181225,-26.727299940399813,-12.507515738514067,0.04609300292181225,-26.727299940399813,-12.507515738514067,0.9629570507825027,-0.32786165157205166,-7.997338258961756
9615615615.615616,0.9614180491655487,-0.3417545782139892,-7.96840013312001,0.04621900764652133,-26.70358766708475,-12.510559691897642,0.04621900764652133,-26.70358766708475,-12.510559691897642,0.9629624238681903,-0.3278131863792824,-7.999932586780533
9621621621.621622,0.961424250920225,-0.341698548911245,-7.971094862638314,0.04634413279548194,-26.68010480140802,-12.5135964952987,0.04634413279548194,-26.68010480140802,-12.5135964952987,0.9629674860934927,-0.3277675253922732,-8.002523048537219
9627627627.627628,0.9614301542927812,-0.3416452156558753,-7.97378565009729,0.046468393390697735,-26.65684685324869,-12.51662626843724,0.046468393390697735,-26.65684685324869,-12.51662626843724,0.9629722389403516,-0.32772465519987193,-8.005109688716553
9633633633.633633,0.9614357606522622,-0.34159456602987187,-7.976472538839223,0.04659180419842524,-26.633809436346088,-12.519649128553395,0.04659180419842524,-26.633809436346088,-12.519649128553395,0.9629766838433328,-0.32768456282121095,-8.007692551370269
9639639639.63964,0.9614410713242187,-0.34154658801094584,-7.979155571792257,0.04671437973401983,-26.610988265399023,-12.522665190480557,0.04671437973401983,-26.610988265399023,-12.522665190480557,0.9629808221905352,-0.32764723569745957,-8.010271680124342
9645645645.645645,0.9614460875915395,-0.34150126996496366,-7.981834791477177,0.046836134266677876,-26.58837915326294,-12.525674566715775,0.046836134266677876,-26.58837915326294,-12.525674566715775,0.962984655324474,-0.3276126616838033,-8.012847118186103
9651651651.651651,0.9614508106952602,-0.3414586006385909,-7.984510240014069,0.046957081824076784,-26.565978008241164,-12.528677367487553,0.046957081824076784,-26.565978008241164,-12.528677367487553,0.9629881845429396,-0.32758082904165375,-8.015418908351228
9657657657.657658,0.9614552418353506,-0.3414185691521379,-7.987181959128836,0.04707723619691614,-26.543780831466428,-12.531673700821123,0.04707723619691614,-26.543780831466428,-12.531673700821123,0.9629914110998334,-0.32755172643106045,-8.017987093010568
9663663663.663664,0.9614593821714819,-0.3413811649925857,-7.989849990159609,0.04719661094336089,-26.521783714369356,-12.534663672601368,0.04719661094336089,-26.521783714369356,-12.534663672601368,0.9629943362059812,-0.3275253429033376,-8.02055171415688
9669669669.66967,0.9614632328237676,-0.34134637800685125,-7.99251437406302,0.04731521939339108,-26.49998283623013,-12.537647386633449,0.04731521939339108,-26.49998283623013,-12.537647386633449,0.9629969610299232,-0.3275016678938897,-8.023112813391402
9675675675.675674,0.9614667948734926,-0.34131419839516314,-7.995175151420365,0.04743307465305761,-26.47837446181058,-12.540624944701236,0.04743307465305761,-26.47837446181058,-12.540624944701236,0.962999286698681,-0.32748069121526036,-8.02567043193031
9681681681.681683,0.9614700693638154,-0.3412846167046838,-7.997832362443665,0.04755018960864921,-26.456954939063042,-12.543596446623674,0.04755018960864921,-26.456954939063042,-12.543596446623674,0.9630013142985089,-0.32746240305031754,-8.028224610611076
9687687687.687687,0.9614730573004527,-0.34125762382328495,-8.000486046981582,0.0476665769307691,-26.435720696913755,-12.54656199030914,0.0476665769307691,-26.435720696913755,-12.54656199030914,0.9630030448756186,-0.32744679394568216,-8.030775389898665
9693693693.693695,0.9614757596523512,-0.3412332109734509,-8.003136244525257,0.04778224907832779,-26.41466824311713,-12.549521671807886,0.04778224907832779,-26.41466824311713,-12.549521671807886,0.9630044794368862,-0.3274338548053188,-8.033322809891652
9699699699.6997,0.9614781773523325,-0.34121136970641724,-8.00578299421401,0.047897218302449376,-26.393794162178974,-12.552475585362647,0.047897218302449376,-26.393794162178974,-12.552475585362647,0.963005618950545,-0.3274235768842525,-8.035866910328206
9705705705.705706,0.961480311297725,-0.3411920918964361,-8.008426334840982,0.04801149665029752,-26.373095113345492,-12.555423823457504,0.04801149665029752,-26.373095113345492,-12.555423823457504,0.9630064643468492,-0.32741595178255944,-8.03840773059197
9711711711.711712,0.9614821623509822,-0.3411753697351606,-8.011066304858602,0.048125095968819816,-26.352567828655946,-12.55836647686506,0.048125095968819816,-26.352567828655946,-12.55836647686506,0.9630070165187302,-0.32741097143941306,-8.040945309717827
9717717717.717718,0.9614837313402782,-0.34116119572623677,-8.013702942384029,0.048238027908414007,-26.33220911105655,-12.561303634691988,0.048238027908414007,-26.33220911105655,-12.561303634691988,0.9630072763224287,-0.32740862812736127,-8.043479686397562
9723723723.723724,0.96148501906009,-0.34114956268002367,-8.01633628520444,0.048350303926517874,-26.312015832573152,-12.564235384423064,0.048350303926517874,-26.312015832573152,-12.564235384423064,0.9630072445781113,-0.32740891444673687,-8.046010898985427
9729729729.729729,0.961486026271765,-0.3411404637084369,-8.01896637078225,0.048461935291123616,-26.291984932540807,-12.567161811963672,0.048461935291123616,-26.291984932540807,-12.567161811963672,0.963006922070471,-0.3274118233202221,-8.048538985503582
9735735735.735737,0.961486753704073,-0.34113389221994606,-8.02159323626023,0.04857293308421951,-26.272113415887954,-12.570083001680942,0.04857293308421951,-26.272113415887954,-12.570083001680942,0.9630063095493133,-0.32741734798753924,-8.05106398364747
9741741741.741741,0.9614872020537426,-0.34112984191470097,-8.024216918466529,0.04868330820515997,-26.2523983514733,-12.57299903644346,0.04868330820515997,-26.2523983514733,-12.57299903644346,0.9630054077301197,-0.32742548200034854,-8.053585930791062
9747747747.747747,0.9614873719859834,-0.34112830677980144,-8.02683745391961,0.048793071373965345,-26.232836870473562,-12.575909997659725,0.048793071373965345,-26.232836870473562,-12.575909997659725,0.9630042172946074,-0.3274362192171792,-8.05610486399203
9753753753.753754,0.9614872641349944,-0.34112928108468343,-8.029454878833103,0.04890223313455411,-26.21342616482007,-12.578815965315304,0.04890223313455411,-26.21342616482007,-12.578815965315304,0.9630027388912612,-0.32744955379861906,-8.058620819996813
9759759759.75976,0.9614868791044617,-0.3411327593766053,-8.032069229120559,0.04901080385790766,-26.19416348568272,-12.581717018008792,0.04901080385790766,-26.19416348568272,-12.581717018008792,0.9630009731358624,-0.32746548020252564,-8.0611338352456
9765765765.765766,0.9614862174680386,-0.34113873647629717,-8.034680540400128,0.04911879374517031,-26.175046141999346,-12.584613232986616,0.04911879374517031,-26.175046141999346,-12.584613232986616,0.9629989206119938,-0.32748399317945825,-8.063643945877219
9771771771.771772,0.9614852797698139,-0.34114720747371496,-8.037288847999157,0.049226212830685706,-26.156071499049084,-12.587504686176716,0.049226212830685706,-26.156071499049084,-12.587504686176716,0.9629965818715408,-0.3275050877681428,-8.066151187733942
9777777777.777779,0.961484066524772,-0.3411581677238698,-8.039894186958694,0.04933307098497032,-26.137236977068163,-12.590391452221152,0.04933307098497032,-26.137236977068163,-12.590391452221152,0.9629939574351699,-0.3275287592911481,-8.0686555963662
9783783783.783783,0.9614825782192357,-0.3411716128428186,-8.042496592037931,0.049439377917626814,-26.118540049906525,-12.593273604507669,0.049439377917626814,-26.118540049906525,-12.593273604507669,0.9629910477928023,-0.32755500335060095,-8.07115720703723
9789789789.789791,0.9614808153112998,-0.3411875387037314,-8.045096097718563,0.04954514318019736,-26.09997824372404,-12.596151215200305,0.04954514318019736,-26.09997824372404,-12.596151215200305,0.9629878534040688,-0.32758381582407436,-8.073656054727607
9795795795.795795,0.9614787782312524,-0.3412059414330818,-8.047692738209046,0.04965037616895913,-26.08154913572473,-12.599024355268982,0.04965037616895913,-26.08154913572473,-12.599024355268982,0.9629843746987545,-0.3276151928605675,-8.076152174139743
9801801801.801802,0.9614764673819862,-0.3412268174069162,-8.050286547448836,0.049755086127663106,-26.06325035292786,-12.601893094518248,0.049755086127663106,-26.06325035292786,-12.601893094518248,0.9629806120772361,-0.3276491308765581,-8.078645599702265
9807807807.807808,0.9614738831394009,-0.34125016324721674,-8.052877559112499,0.049859282150216275,-26.045079570974696,-12.604757501615076,0.049859282150216275,-26.045079570974696,-12.604757501615076,0.9629765659108969,-0.32768562655224737,-8.081136365574336
9813813813.813814,0.9614710258527859,-0.3412759758184308,-8.055465806613778,0.04996297318331106,-26.0270345129694,-12.607617644115841,0.04996297318331106,-26.0270345129694,-12.607617644115841,0.9629722365425455,-0.32772467682778395,-8.08362450564991
9819819819.81982,0.9614678958452059,-0.34130425222398847,-8.058051323109597,0.05006616802900049,-26.009112948353273,-12.610473588492475,0.05006616802900049,-26.009112948353273,-12.610473588492475,0.9629676242868072,-0.32776627889972876,-8.08611005356189
9825825825.825825,0.9614644934138669,-0.3413349898029869,-8.060634141503972,0.05016887534722179,-25.991312691811025,-12.613325400157816,0.05016887534722179,-25.991312691811025,-12.613325400157816,0.9629627294305179,-0.3278104302174969,-8.088593042686238
9831831831.831833,0.9614608188304771,-0.34136818612692765,-8.063214294451877,0.05027110365826941,-25.97363160220801,-12.616173143490222,0.05027110365826941,-25.97363160220801,-12.616173143490222,0.9629575522331023,-0.3278571284799475,-8.091073506145996
9837837837.837837,0.961456872341595,-0.34140383899656895,-8.065791814363035,0.050372861345217596,-25.956067581557562,-12.619016881857416,0.050372861345217596,-25.956067581557562,-12.619016881857416,0.9629520929269386,-0.3279063716320938,-8.09355147681525
9843843843.843845,0.961452654168974,-0.3414419464388131,-8.06836673340565,0.050474156656295885,-25.938618574017056,-12.62185667763966,0.050474156656295885,-25.938618574017056,-12.62185667763966,0.9629463517177197,-0.3279581578618438,-8.096026987323022
9849849849.84985,0.9614481645098885,-0.34148250670375296,-8.070939083510064,0.050574997707215394,-25.921282564912296,-12.62469259225221,0.050574997707215394,-25.921282564912296,-12.62469259225221,0.9629403287848033,-0.32801248559684415,-8.098500070057103
9855855855.855856,0.9614434035374636,-0.34152551826169975,-8.073508896372376,0.050675392483450155,-25.90405757978874,-12.62752468616716,0.050675392483450155,-25.90405757978874,-12.62752468616716,0.9629340242815475,-0.3280693535014565,-8.100970757167806
9861861861.861862,0.9614383714009845,-0.34157097980038675,-8.076076203457973,0.05077534884247183,-25.88694168348915,-12.6303530189346,0.05077534884247183,-25.88694168348915,-12.6303530189346,0.9629274383356451,-0.3281287604737453,-8.103439080571675
9867867867.867868,0.9614330682262069,-0.34161889022216624,-8.078641036005026,0.05087487451594113,-25.86993297925645,-12.633177649203194,0.05087487451594113,-25.86993297925645,-12.633177649203194,0.9629205710494416,-0.3281907056426121,-8.105905071955117
9873873873.873875,0.9614274941156522,-0.34166924864134307,-8.08120342502791,0.05097397711185476,-25.853029607861284,-12.635998634740165,0.05097397711185476,-25.853029607861284,-12.635998634740165,0.9629134225002512,-0.3282551883649528,-8.108368762777982
9879879879.879879,0.9614216491488999,-0.34172205438153996,-8.083763401320585,0.05107266411665051,-25.836229746753226,-12.638816032450698,0.05107266411665051,-25.836229746753226,-12.638816032450698,0.9629059927406591,-0.3283222082229354,-8.110830184277074
9885885885.885887,0.9614155333828703,-0.34177730697314584,-8.08632099545991,0.051170942897270824,-25.819531609235028,-12.641629898396804,0.051170942897270824,-25.819531609235028,-12.641629898396804,0.9628982817988181,-0.32839176502133144,-8.113289367469628
9891891891.891891,0.9614091468521005,-0.34183500615082635,-8.088876237808893,0.05126882070318517,-25.802933443659185,-12.64444028781563,0.05126882070318517,-25.802933443659185,-12.64444028781563,0.962890289678738,-0.3284638587849129,-8.115746343156692
9897897897.897898,0.961402489569012,-0.341895151851114,-8.091429158519919,0.05136630466837305,-25.786433532646026,-12.647247255137302,0.05136630466837305,-25.786433532646026,-12.647247255137302,0.9628820163605641,-0.32853848975595146,-8.118201141926491
9903903903.903904,0.9613955615241693,-0.34195774421007474,-8.093979787537895,0.05146340181326812,-25.770030192322672,-12.650050854002217,0.05146340181326812,-25.770030192322672,-12.650050854002217,0.9628734618008523,-0.3286156583917437,-8.12065379415771
9909909909.90991,0.9613883626865407,-0.3420227835609629,-8.096528154603362,0.051560119046663695,-25.75372177158237,-12.652851137277887,0.051560119046663695,-25.75372177158237,-12.652851137277887,0.9628646259328321,-0.3286953653622501,-8.123104330022732
9915915915.915916,0.9613808930037383,-0.3420902704320592,-8.099074289255546,0.05165646316758197,-25.737506651363198,-12.655648157075316,0.05165646316758197,-25.737506651363198,-12.655648157075316,0.9628555086666661,-0.3287776115477636,-8.125552779490834
9921921921.92192,0.9613731524022648,-0.34216020554444837,-8.101618220835366,0.05175244086710568,-25.721383243946,-12.658441964764927,0.05175244086710568,-25.721383243946,-12.658441964764927,0.9628461098897013,-0.32886239803666006,-8.127999172331315
9927927927.927929,0.9613651407877454,-0.3422325898099365,-8.1041599784884,0.05184805873017477,-25.705349992270623,-12.661232610992055,0.05184805873017477,-25.705349992270623,-12.661232610992055,0.962836429466713,-0.3289497261232046,-8.130443538116584
9933933933.933933,0.961356858045156,-0.3423074243289941,-8.106699591167787,0.05194332323734804,-25.68940536926999,-12.664020145692014,0.05194332323734804,-25.68940536926999,-12.664020145692014,0.962826467240142,-0.3290395973054286,-8.132885906225189
9939939939.939941,0.9613483040390456,-0.3423847103887647,-8.109237087637103,0.052038240766530526,-25.67354787722154,-12.666804618104777,0.052038240766530526,-25.67354787722154,-12.666804618104777,0.9628162230303257,-0.3291320132830595,-8.13532630584482
9945945945.945946,0.9613394786137553,-0.3424644494610906,-8.111772496473169,0.0521328175946674,-25.65777604711537,-12.66958607678924,0.0521328175946674,-25.65777604711537,-12.66958607678924,0.962805696635723,-0.32922697595550565,-8.13776476597523
9951951951.951952,0.9613303815936249,-0.34254664320066486,-8.114305846068838,0.05222705989940525,-25.642088438038716,-12.672364569637136,0.05222705989940525,-25.642088438038716,-12.672364569637136,0.9627948878331334,-0.3293244874198991,-8.140201315431138
9957957957.957958,0.9613210127832004,-0.3426312934431648,-8.11683716463573,0.05232097376072133,-25.626483636576168,-12.675140143886548,0.05232097376072133,-25.626483636576168,-12.675140143886548,0.9627837963779057,-0.32942454996922454,-8.14263598284508
9963963963.963964,0.9613113719674318,-0.3427184022034788,-8.119366480206907,0.052414565162521264,-25.610960256225212,-12.677912846135094,0.052414565162521264,-25.610960256225212,-12.677912846135094,0.9627724220041505,-0.329527166090424,-8.145068796670207
9969969969.96997,0.9613014589118698,-0.3428079716739465,-8.121893820639537,0.05250783999420639,-25.595516936826588,-12.68068272235276,0.05250783999420639,-25.595516936826588,-12.68068272235276,0.9627607644249343,-0.32963233846266204,-8.147499785183047
9975975975.975975,0.9612912733628515,-0.34290000422269373,-8.124419213617495,0.052600804052210674,-25.580152344009115,-12.683449817894386,0.052600804052210674,-25.580152344009115,-12.683449817894386,0.9627488233324791,-0.32974006995554517,-8.149928976486219
9981981981.981983,0.961280815047686,-0.3429945023919698,-8.126942686653932,0.05269346304150845,-25.56486516864844,-12.686214177511854,0.05269346304150845,-25.56486516864844,-12.686214177511854,0.9627365983983485,-0.32985036362746245,-8.152356398511115
9987987987.987988,0.961270083674833,-0.34309146889655395,-8.129464267093796,0.05278582257709316,-25.54965412633941,-12.688975845365936,0.05278582257709316,-25.54965412633941,-12.688975845365936,0.9627240892736346,-0.3299632227239171,-8.154782079020523
9993993993.993994,0.9612590789340749,-0.34319090662221297,-8.131983982116338,0.05287788818542851,-25.5345179568815,-12.691734865037866,0.05287788818542851,-25.5345179568815,-12.691734865037866,0.9627112955891339,-0.33007865067596626,-8.157206045611225
10000000000.0,0.9612478004966886,-0.3432928186241693,-8.13450185873754,0.05296966530587093,-25.51945542377723,-12.694491279540596,0.05296966530587093,-25.51945542377723,-12.694491279540596,0.9626982169555235,-0.33019665109864893,-8.159628325716561
