frequency_hz,s11_mag,s11_db,s11_phase_deg,s21_mag,s21_db,s21_phase_deg,s12_mag,s12_db,s12_phase_deg,s22_mag,s22_db,s22_phase_deg
4000000000.0,0.9890579200306285,-0.09556550044974366,0.8369367548077646,0.007855597609186903,-42.09641541426283,-0.8619794787602503,0.007855597609186903,-42.09641541426283,-0.8619794787602503,0.9890611575131524,-0.09553706898044886,0.8409624374022421
4006006006.0060062,0.9890092560611847,-0.09599287710624273,0.8333377895732207,0.007920968562245164,-42.02443420780668,-0.8658234621615423,0.007920968562245164,-42.02443420780668,-0.8658234621615423,0.9890119671275412,-0.09596906742928056,0.8373661815787492
4012012012.012012,0.9889603753072432,-0.09642217877752665,0.8297364757133879,0.007986917948152632,-41.95241554347173,-0.8696645382858101,0.007986917948152632,-41.95241554347173,-0.8696645382858101,0.988962551452584,-0.09640306604263593,0.8337674449857368
4018018018.0180182,0.9889112761697773,-0.09685341979270862,0.8261327888615695,0.008053452697588009,-41.88035775653809,-0.873502806339424,0.008053452697588009,-41.88035775653809,-0.873502806339424,0.9889129087878912,-0.09683908005425615,0.830166201736181
4024024024.024024,0.9888619570281225,-0.0972866146750696,0.8225267044064695,0.008120579847056575,-41.80825918023538,-0.8773383645848464,0.008120579847056575,-41.80825918023538,-0.8773383645848464,0.9888630374100106,-0.09727712490488105,0.8265624256818351
4030030030.0300303,0.9888124162396107,-0.09772177814535864,0.8189181974890546,0.008188306540744577,-41.73611814563792,-0.8811713103646787,0.008188306540744577,-41.73611814563792,-0.8811713103646787,0.9888129355720439,-0.0977172162457088,0.8229560904098062
4036036036.036036,0.9887626521391357,-0.09815892512568417,0.8153072429993132,0.008256640032411862,-41.663932981558744,-0.8850017401254413,0.008256640032411862,-41.663932981558744,-0.8850017401254413,0.9887626015031824,-0.09815936994255964,0.8193471692390569
4042042042.0420423,0.9887126630387946,-0.09859807074275381,0.8116938155730162,0.0083255876873225,-41.59170201444376,-0.8888297494410211,0.0083255876873225,-41.59170201444376,-0.8888297494410211,0.9887120334083499,-0.0986036020791076,0.815735635216919
4048048048.048048,0.9886624472274359,-0.09903923033192484,0.8080778895883685,0.008395156984216197,-41.519423568263974,-0.8926554330359168,0.008395156984216197,-41.519423568263974,-0.8926554330359168,0.9886612294676788,-0.09904992896157347,0.8121214611154569
4054054054.0540543,0.9886120029702671,-0.09948241944074465,0.804459439162649,0.008465355517319273,-41.447095964407936,-0.8964788848082,0.008465355517319273,-41.447095964407936,-0.8964788848082,0.9886101878361334,-0.09949836712212978,0.8085046194278267
4060060060.06006,0.9885613285084055,-0.09992765383298197,0.8008384381487547,0.008536190998398016,-41.37471752157262,-0.9003001978521958,0.008536190998398016,-41.37471752157262,-0.9003001978521958,0.9885589066429941,-0.09994893332353394,0.8048850823645767
4066066066.0660663,0.9885104220584487,-0.10037494949249559,0.7972148601317255,0.008607671258854052,-41.302286555653964,-0.9041194644810018,0.008607671258854052,-41.302286555653964,-0.9041194644810018,0.9885073839914503,-0.10040164456279851,0.8012628218498513
4072072072.072072,0.9884592818120076,-0.10082432262743106,0.7935886784251721,0.008679804251863382,-41.229801379636456,-0.907936776248688,0.008679804251863382,-41.229801379636456,-0.907936776248688,0.9884556179580455,-0.10085651807617657,0.7976378095175327
4078078078.0780783,0.9884079059352769,-0.10127578967408708,0.7899598660676737,0.008752598054559692,-41.15726030348216,-0.9117522239723301,0.008752598054559692,-41.15726030348216,-0.9117522239723301,0.9884036065922744,-0.10131357134279886,0.794010016707373
4084084084.084084,0.9883562925685317,-0.10172936730144289,0.7863283958190962,0.008826060870263466,-41.08466163401859,-0.9155658977538378,0.008826060870263466,-41.08466163401859,-0.9155658977538378,0.9883513479159872,-0.10177282209002243,0.7903794144609535
4090090090.0900903,0.9883044398256741,-0.10218507241523911,0.7826942401568465,0.008900201030757466,-41.01200367482613,-0.9193778870015429,0.008900201030757466,-41.01200367482613,-0.9193778870015429,0.9882988399229846,-0.10223428829709351,0.7867459735176989
4096096096.096096,0.9882523457937189,-0.102642922162599,0.7790573712720781,0.008975026998609586,-40.93928472612484,-0.9231882804515863,0.008975026998609586,-40.93928472612484,-0.9231882804515863,0.9882460805783885,-0.10269798820079348,0.7831096643107094
4102102102.1021023,0.9882000085323144,-0.10310293393635056,0.7754177610658025,0.00905054736954519,-40.8665030846598,-0.9269971661891917,0.00905054736954519,-40.8665030846598,-0.9269971661891917,0.9881930678181898,-0.10316394029952479,0.7794704569625913
4108108108.108108,0.9881474260732024,-0.10356512537987456,0.7717753811449724,0.00912677087486837,-40.79365704358664,-0.9308046316696839,0.00912677087486837,-40.79365704358664,-0.9308046316696839,0.9881397995486583,-0.10363216335861941,0.7758283212811997
4114114114.1141143,0.9880945964197243,-0.10402951439155875,0.7681302028184563,0.009203706383935003,-40.720744892355604,-0.9346107637393429,0.009203706383935003,-40.720744892355604,-0.9346107637393429,0.9880862736458055,-0.10410267641517403,0.7721832267552773
4120120120.12012,0.9880415175462504,-0.10449611912992679,0.7644821970929686,0.009281362906677738,-40.64776491659505,-0.9384156486561451,0.009281362906677738,-40.64776491659505,-0.9384156486561451,0.9880324879547838,-0.10457549878345936,0.7685351425500577
4126126126.1261263,0.9879881873976609,-0.1049649580183129,0.7608313346689212,0.009359749596184358,-40.57471539799444,-0.9422193721103073,0.009359749596184358,-40.57471539799444,-0.9422193721103073,0.9879784402893457,-0.10505065005979877,0.7648840375027469
4132132132.132132,0.9879346038887644,-0.10543604975009702,0.7571775859361971,0.009438875751331205,-40.50159461418609,-0.9460220192447151,0.009438875751331205,-40.50159461418609,-0.9460220192447151,0.9879241284312059,-0.10552815012830107,0.7612298801179906
4138138138.1381383,0.9878807649037282,-0.10590941329382866,0.7535209209698528,0.00951875081947236,-40.428400838626544,-0.9498236746751505,0.00951875081947236,-40.428400838626544,-0.9498236746751505,0.9878695501294544,-0.10600801916615762,0.7575726385631609
4144144144.144144,0.9878266682954966,-0.10638506789846836,0.749861309525752,0.009599384399186256,-40.355132340477,-0.9536244225104777,0.009599384399186256,-40.355132340477,-0.9536244225104777,0.9878147030999255,-0.10649027764932154,0.7539122806636684
4150150150.1501503,0.9877723118851744,-0.10686303309893175,0.7461987210361015,0.009680786243081177,-40.28178738448291,-0.9574243463726452,0.009680786243081177,-40.28178738448291,-0.9574243463726452,0.9877595850245487,-0.10697494635835147,0.7502487738981028
4156156156.156156,0.9877176934614331,-0.10734332872144478,0.7425331246049302,0.00976296626066069,-40.208364230852936,-0.9612235294165872,0.00976296626066069,-40.208364230852936,-0.9612235294165872,0.9877041935507015,-0.1074620463842503,0.7465820853933395
4162162162.1621623,0.9876628107798642,-0.10782597488935833,0.7388644890034752,0.009845934521250724,-40.134861135136994,-0.9650220543500028,0.009845934521250724,-40.134861135136994,-0.9650220543500028,0.9876485262905442,-0.10795159913445111,0.7429121819195187
4168168168.168168,0.9876076615623337,-0.10831099202896226,0.7351927826654795,0.009929701256989922,-40.06127634810339,-0.9688200034530712,0.009929701256989922,-40.06127634810339,-0.9688200034530712,0.9875925808203331,-0.1084436263390129,0.7392390298849886
4174174174.1741743,0.9875522434963375,-0.10879840087529549,0.7315179736824118,0.010014276865884157,-39.987608115615494,-0.9726174585980245,0.010014276865884157,-39.987608115615494,-0.9726174585980245,0.9875363546796959,-0.10893815005713867,0.7355625953310688
4180180180.18018,0.9874965542343126,-0.10928822247834427,0.7278400297986096,0.010099671914927649,-39.913854678507136,-0.9764145012686873,0.010099671914927649,-39.913854678507136,-0.9764145012686873,0.9874798453709589,-0.10943519268325427,0.7318828439268178
4186186186.1861863,0.9874405913929487,-0.10978047820924249,0.7241589184063101,0.010185897143291508,-39.84001427245749,-0.9802112125798758,0.010185897143291508,-39.84001427245749,-0.9802112125798758,0.9874230503583749,-0.10993477695395466,0.7281997409636378
4192192192.192192,0.9873843525524869,-0.110275189766592,0.7204746065406098,0.010272963465581915,-39.7660851278649,-0.9840076732967943,0.010272963465581915,-39.7660851278649,-0.9840076732967943,0.9873659670673668,-0.11043692595482163,0.7245132513497871
4198198198.1981983,0.9873278352559846,-0.11077237918308121,0.7167870608743182,0.01036088197516911,-39.69206546972005,-0.9878039638542917,0.01036088197516911,-39.69206546972005,-0.9878039638542917,0.9873085928838043,-0.11094166312695596,0.7208233396048209
4204204204.204204,0.9872710370085871,-0.11127206883204786,0.7130962477127362,0.010449663947589592,-39.61795351747805,-0.991600164376138,0.010449663947589592,-39.61795351747805,-0.991600164376138,0.9872509251531497,-0.11144901227466278,0.7171299698538908
4210210210.2102103,0.9872139552767516,-0.11177428143447134,0.7094021329883119,0.010539320844022758,-39.543747484929604,-0.9953963546941578,0.010539320844022758,-39.543747484929604,-0.9953963546941578,0.9871929611797114,-0.11195899757219205,0.713433105821989
4216216216.216216,0.9871565874874852,-0.11227904006583733,0.7057046822552138,0.010629864314843812,-39.46944558007159,-0.9991926143674216,0.010629864314843812,-39.46944558007159,-0.9991926143674216,0.987134698225779,-0.11247164357153328,0.7097327108280128
4222222222.2222223,0.9870989310275418,-0.11278636816337735,0.7020038606838063,0.010721306203255386,-39.395046004976386,-1.0029890227013427,0.010721306203255386,-39.395046004976386,-1.0029890227013427,0.987076133510786,-0.11298697520996383,0.7060287477787962
4228228228.228228,0.9870409832425986,-0.1132962895334818,0.6982996330550085,0.01081365854899922,-39.32054695566036,-1.0067856587667081,0.01081365854899922,-39.32054695566036,-1.0067856587667081,0.9870172642104427,-0.11350501781787135,0.7023211791629582
4234234234.2342343,0.9869827414364344,-0.11380882835911613,0.6945919637545512,0.01090693359215026,-39.2459466219514,-1.0105826014187858,0.01090693359215026,-39.2459466219514,-1.0105826014187858,0.9869580874558556,-0.11402579712669361,0.698609967044689
4240240240.24024,0.9869242028700604,-0.11432400920764628,0.6908808167671383,0.011001143776994918,-39.17124318735555,-1.0143799293163174,0.011001143776994918,-39.17124318735555,-1.0143799293163174,0.9868986003325979,-0.11454933927730158,0.6948950730573882
4246246246.2462463,0.9868653647608535,-0.11484185703865754,0.687166155670475,0.01109630175599618,-39.09643482892238,-1.0181777209405793,0.01109630175599618,-39.09643482892238,-1.0181777209405793,0.9868387998798025,-0.11507567082818602,0.691176458397205
4252252252.252252,0.9868062242816432,-0.11536239721217836,0.6834479436292108,0.011192420393846617,-39.02151971710985,-1.021976054614359,0.011192420393846617,-39.02151971710985,-1.021976054614359,0.986778683089185,-0.11560481876426316,0.6874540838164068
4258258258.2582583,0.9867467785598072,-0.1158856554968412,0.6797261433887373,0.01128951277161322,-38.94649601564737,-1.025775008521031,0.01128951277161322,-38.94649601564737,-1.025775008521031,0.986718246904079,-0.11613681050558515,0.6837279096167013
4264264264.264264,0.9866870246763103,-0.1164116580785414,0.6760007172688886,0.011387592190974122,-38.87136188139885,-1.0295746607235445,0.011387592190974122,-38.87136188139885,-1.0295746607235445,0.9866574882184087,-0.11667167391660253,0.6799978956423204
4270270270.2702703,0.9866269596647511,-0.11694043156903852,0.6722716271575174,0.011486672178552421,-38.79611546422329,-1.0333750891835183,0.011486672178552421,-38.79611546422329,-1.0333750891835183,0.9865964038757108,-0.11720943731500054,0.6762640012731073
4276276276.276276,0.9865665805103624,-0.11747200301496702,0.6685388345039387,0.011586766490346161,-38.720754906835786,-1.037176371780304,0.011586766490346161,-38.720754906835786,-1.037176371780304,0.9865349906680038,-0.11775012948188832,0.6725261854173203
4282282282.2822824,0.9865058841489877,-0.11800639990706534,0.6648023003122524,0.011687889116260067,-38.64527834466618,-1.0409785863300773,0.011687889116260067,-38.64527834466618,-1.0409785863300773,0.9864732453347903,-0.11829377967081939,0.6687844065044387
4288288288.288288,0.9864448674660491,-0.11854365018948654,0.661061985134538,0.011790054284739636,-38.56968390571721,-1.044781810605039,0.011790054284739636,-38.56968390571721,-1.044781810605039,0.986411164561881,-0.11884041761839362,0.6650386224776946
4294294294.2942944,0.9863835272954812,-0.11908378226941747,0.6573178490639201,0.011893276467510904,-38.49396971042129,-1.048586122352538,0.011893276467510904,-38.49396971042129,-1.048586122352538,0.9863487449803108,-0.11939007355405214,0.6612887907865798
4300300300.300301,0.9863218604186109,-0.11962682502717498,0.6535698517274788,0.011997570384428623,-38.41813387149607,-1.0523915993143778,0.011997570384428623,-38.41813387149607,-1.0523915993143778,0.9862859831651289,-0.11994277821098626,0.6575348683791077
4306306306.306306,0.9862598635630608,-0.12017280782610859,0.6498179522790497,0.012102951008435506,-38.34217449379881,-1.056198319246089,0.012102951008435506,-38.34217449379881,-1.056198319246089,0.9862228756342277,-0.12049856283672368,0.6537768116939878
4312312312.312312,0.9861975334015751,-0.12072176052318688,0.6460621093918563,0.012209433570635453,-38.26608967417945,-1.0600063599362988,0.012209433570635453,-38.26608967417945,-1.0600063599362988,0.9861594188471388,-0.12105745920399824,0.6500145766526151
4318318318.318318,0.9861348665508507,-0.12127371347954835,0.6423022812510183,0.012317033565483712,-38.189877501332404,-1.0638157992261879,0.012317033565483712,-38.189877501332404,-1.0638157992261879,0.9860956092037211,-0.12161949962258585,0.6462481186508939
4324324324.324325,0.9860718595703133,-0.12182869757154377,0.6385384255458889,0.012425766756096851,-38.113536055647174,-1.0676267150289978,0.012425766756096851,-38.113536055647174,-1.0676267150289978,0.9860314430429217,-0.12218471695050975,0.6424773925509086
4330330330.33033,0.986008508960873,-0.1223867442019675,0.634770499462264,0.012535649179686267,-38.03706340905723,-1.0714391853496545,0.012535649179686267,-38.03706340905723,-1.0714391853496545,0.9859669166414239,-0.12275314460624168,0.6387023526724503
4336336336.336336,0.9859448111636457,-0.12294788531159713,0.6309984596744046,0.012646697153117482,-37.960457624887965,-1.0752532883044632,0.012646697153117482,-37.960457624887965,-1.0752532883044632,0.9859020262123095,-0.12332481658079196,0.6349229527843325
4342342342.342342,0.9858807625586528,-0.12351215339093494,0.6272222623369406,0.012758927278599636,-37.8837167577028,-1.0790691021409058,0.012758927278599636,-37.8837167577028,-1.0790691021409058,0.9858367679036493,-0.12389976745043854,0.63113914609553
4348348348.348349,0.9858163594634526,-0.12407958149255302,0.6234418630765629,0.012872356449507193,-37.8068388531484,-1.0828867052575681,0.012872356449507193,-37.8068388531484,-1.0828867052575681,0.985771137797083,-0.12447803238955861,0.6273508852461903
4354354354.354355,0.9857515981317783,-0.12465020324340123,0.619657216983588,0.012987001856339251,-37.72982194779771,-1.086706176224139,0.012987001856339251,-37.72982194779771,-1.086706176224139,0.985705131906362,-0.12505964718380164,0.6235581222984007
4360360360.36036,0.9856864747521081,-0.12522405285770927,0.6158682786033274,0.013102880992818276,-37.652664068992,-1.0905275938016001,0.013102880992818276,-37.652664068992,-1.0905275938016001,0.9856387461758144,-0.12564464824394941,0.6197608087268208
4366366366.366366,0.9856209854462111,-0.12580116515012346,0.6120750019272856,0.013220011662133286,-37.57536323468094,-1.0943510369624707,0.013220011662133286,-37.57536323468094,-1.0943510369624707,0.9855719764788196,-0.12623307261971053,0.615958895409047
4372372372.372373,0.9855551262676592,-0.12638157554914292,0.6082773403841902,0.013338411983329686,-37.497917453261834,-1.0981765849112506,0.013338411983329686,-37.497917453261834,-1.0981765849112506,0.9855048186162315,-0.12682495801397356,0.6121523326158811
4378378378.378378,0.9854888932002741,-0.12696532011114317,0.6044752468308213,0.013458100397852448,-37.420324723416066,-1.1020043171049547,0.013458100397852448,-37.420324723416066,-1.1020043171049547,0.9854372683147228,-0.1274203427977713,0.608341070001291
4384384384.384384,0.9854222821565717,-0.1275524355344358,0.6006686735426555,0.01357909567624385,-37.34258303394475,-1.105834313273854,0.01357909567624385,-37.34258303394475,-1.105834313273854,0.985369321225128,-0.1280192660252603,0.6045250565922498
4390390390.39039,0.9853552889761242,-0.12814295917405608,0.5968575722043212,0.01370141692500123,-37.264690363602526,-1.1096666534423358,0.01370141692500123,-37.264690363602526,-1.1096666534423358,0.9853009729207243,-0.12862176744926937,0.6007042407783033
4396396396.396397,0.9852879094239011,-0.12873692905675793,0.5930418938998481,0.01382508359359955,-37.1866446809293,-1.1135014179499625,0.01382508359359955,-37.1866446809293,-1.1135014179499625,0.9852322188954589,-0.1292278875373253,0.596878570300949
4402402402.402403,0.9852201391885621,-0.12933438389643423,0.58922158910272,0.013950115481682438,-37.108443944080285,-1.1173386874726843,0.013950115481682438,-37.108443944080285,-1.1173386874726843,0.9851630545621373,-0.1298376674880398,0.5930479922427764
4408408408.408408,0.9851519738807077,-0.12993536310993073,0.5853966076657205,0.01407653274642598,-37.030086100654565,-1.1211785430442265,0.01407653274642598,-37.030086100654565,-1.1211785430442265,0.9850934752505675,-0.13045114924789633,0.5892124530164002
4414414414.414414,0.9850834090310475,-0.13053990683359434,0.581566898810541,0.014204355910081914,-36.9515690875209,-1.1250210660777293,0.014204355910081914,-36.9515690875209,-1.1250210660777293,0.9850234762056366,-0.13106837552864684,0.5853718983531321
4420420420.420421,0.9850144400885854,-0.13114805593968304,0.5777324111172109,0.014333605867701684,-36.87289083064282,-1.1288663383875082,0.014333605867701684,-36.87289083064282,-1.1288663383875082,0.9849530525853402,-0.13168938982514064,0.5815262732913891
4426426426.426426,0.9849450624186709,-0.13175985205397478,0.5738930925132578,0.014464303895050443,-36.79404924490048,-1.1327144422110684,0.014464303895050443,-36.79404924490048,-1.1327144422110684,0.9848821994587802,-0.13231423643344303,0.5776755221649703
4432432432.432432,0.9848752713010703,-0.13237533757320924,0.5700488902626744,0.014596471656712998,-36.71504223391115,-1.1365654602313588,0.014596471656712998,-36.71504223391115,-1.1365654602313588,0.9848109118040667,-0.13294296046982007,0.5738195885908912
4438438438.438438,0.9848050619279406,-0.13299455568341007,0.566199750954628,0.014730131214397897,-36.6358676898478,-1.1404194755991874,0.014730131214397897,-36.6358676898478,-1.1404194755991874,0.9847391845061795,-0.13357560789008854,0.5699584154571661
4444444444.444445,0.9847344294017485,-0.13361755037869408,0.5623456204919189,0.01486530503544672,-36.556523493254744,-1.1442765719559373,0.01486530503544672,-36.556523493254744,-1.1442765719559373,0.9846670123547954,-0.13421222550929163,0.5660919449101255
4450450450.450451,0.9846633687331546,-0.13424436648041388,0.5584864440792202,0.015002016001551386,-36.47700751286194,-1.148136833456479,0.015002016001551386,-36.47700751286194,-1.148136833456479,0.9845943900420068,-0.1348528610223434,0.5622201183416363
4456456456.456456,0.9845918748388213,-0.13487504965698527,0.5546221662110341,0.015140287417687985,-36.39731760539649,-1.152000344792378,0.015140287417687985,-36.39731760539649,-1.152000344792378,0.98452131216001,-0.13549756302496185,0.5583428763758944
4462462462.462462,0.9845199425391442,-0.13550964644440083,0.5507527306593988,0.015280143021271692,-36.31745161539192,-1.1558671912153342,0.015280143021271692,-36.31745161539192,-1.1558671912153342,0.9844477731987287,-0.1361463810351934,0.5544601588560345
4468468468.468469,0.9844475665559561,-0.13614820426701352,0.546878080461327,0.015421606991539202,-36.23740737499523,-1.159737458560899,0.015421606991539202,-36.23740737499523,-1.159737458560899,0.9843737675432961,-0.13679936551619473,0.5505719048303866
4474474474.474475,0.9843747415101238,-0.13679077145927174,0.5429981579059523,0.01556470395916537,-36.15718270377141,-1.1636112332725004,0.01556470395916537,-36.15718270377141,-1.1636112332725004,0.9842992894716436,-0.1374565678981068,0.5466780525384534
4480480480.48048,0.9843014619191075,-0.13743739728781137,0.5391129045214327,0.015709459016120333,-36.076775408505554,-1.1674886024257234,0.015709459016120333,-36.076775408505554,-1.1674886024257234,0.9842243331517785,-0.13811804060268193,0.5427785393965573
4486486486.486486,0.984227722194424,-0.13808813197440953,0.5352222610614933,0.015855897725774767,-35.99618328300207,-1.1713696537529221,0.015855897725774767,-35.99618328300207,-1.1713696537529221,0.9841488926391968,-0.13878383706674538,0.5388733019831866
4492492492.492493,0.984153516639055,-0.13874302671944733,0.5313261674917559,0.016004046133258808,-35.915404107881734,-1.175254475668136,0.016004046133258808,-35.915404107881734,-1.175254475668136,0.9840729618740826,-0.1394540117675608,0.5349622760240058
4498498498.498499,0.9840788394447807,-0.13940213372605006,0.5274245629756912,0.016153930776083403,-35.83443565037573,-1.1791431572923212,0.016153930776083403,-35.83443565037573,-1.1791431572923212,0.9839965346784834,-0.14012862024842793,0.5310453963765147
4504504504.504504,0.9840036846894078,-0.1400655062251776,0.5235173858603014,0.016305578695030663,-35.75327566411707,-1.1830357884789406,0.016305578695030663,-35.75327566411707,-1.1830357884789406,0.9839196047534257,-0.14080771914483625,0.5271225970144053
4510510510.51051,0.9839280463339467,-0.14073319850119131,0.519604573661446,0.016459017445321765,-35.6719218889289,-1.1869324598398683,0.016459017445321765,-35.6719218889289,-1.1869324598398683,0.9838421656758617,-0.14149136621212802,0.5231938110114707
4516516516.516517,0.9838519182196934,-0.1414052659182797,0.5156860630488697,0.016614275108068642,-35.590372050610604,-1.190833262771674,0.016614275108068642,-35.590372050610604,-1.190833262771674,0.9837642108956282,-0.142179620353083,0.5192589705252961
4522522522.522523,0.9837752940652217,-0.1420817649477022,0.5117617898308633,0.016771380302020907,-35.50862386071982,-1.1947382894822878,0.016771380302020907,-35.50862386071982,-1.1947382894822878,0.9836857337322202,-0.14287254164715946,0.5153180067804117
4528528528.528528,0.9836981674632853,-0.14276275319584963,0.5078316889385915,0.016930362195612773,-35.42667501635241,-1.198647633018005,0.016930362195612773,-35.42667501635241,-1.198647633018005,0.9836067273715474,-0.1435701913799228,0.511370850051178
4534534534.534534,0.9836205318776261,-0.14344828943316432,0.5038956944100339,0.01709125051932166,-35.344523199918676,-1.2025613872909324,0.01709125051932166,-35.344523199918676,-1.2025613872909324,0.9835271848625463,-0.14427263207376484,0.5074174296442211
4540540540.540541,0.9835423806397069,-0.14413843362374676,0.49995373937361526,0.01725407557834581,-35.26216607891669,-1.206479647106796,0.01725407557834581,-35.26216607891669,-1.206479647106796,0.983447099113695,-0.14497992751952182,0.5034576738804838
4546546546.546547,0.9834637069452964,-0.14483324695629912,0.49600575603137154,0.017418868265611776,-35.17960130570195,-1.210402508193231,0.017418868265611776,-35.17960130570195,-1.210402508193231,0.9833664628894488,-0.14569214280881582,0.4994915100768364
4552552552.552552,0.9833845038510112,-0.1455327918754752,0.4920516756418173,0.017585660075119403,-35.096826517254186,-1.2143300672284147,0.017585660075119403,-35.096826517254186,-1.2143300672284147,0.983285268806532,-0.14640934436770306,0.4955188645272772
4558558558.558558,0.9833047642707018,-0.14623713211463651,0.4880914285023267,0.01775448311563721,-35.01383933493996,-1.2182624218702403,0.01775448311563721,-35.01383933493996,-1.2182624218702403,0.9832035093301397,-0.14713159999114153,0.49153966248368813
4564564564.564565,0.9832244809717525,-0.1469463327294024,0.48412494393117367,0.017925370124755462,-34.93063736427227,-1.2221996707858889,0.017925370124755462,-34.93063736427227,-1.2221996707858889,0.9831211767700315,-0.14785897887845537,0.48755382813613246
4570570570.570571,0.9831436465712657,-0.1476604601322506,0.4801521502491078,0.018098354483309414,-34.84721819466645,-1.2261419136818927,0.018098354483309414,-34.84721819466645,-1.2261419136818927,0.9830382632764634,-0.14859155167026236,0.4835612845926749
4576576576.576576,0.9830622535321246,-0.1483795821282258,0.47617297476050374,0.018273470230184,-34.76357939919181,-1.230089251334712,0.018273470230184,-34.76357939919181,-1.230089251334712,0.9829547608360474,-0.1493293904860699,0.479561953858755
4582582582.582582,0.9829802941589207,-0.14910376795187677,0.47218734373406895,0.018450752077510093,-34.679718534319875,-1.2340417856217878,0.018450752077510093,-34.679718534319875,-1.2340417856217878,0.9828706612674373,-0.15007256896345506,0.47555575681601175
4588588588.588589,0.9828977605937759,-0.14983308830516365,0.468195182383085,0.0186302354262645,-34.59563313966876,-1.237999619553106,0.0186302354262645,-34.59563313966876,-1.237999619553106,0.9827859562169374,-0.15082116229795656,0.4715426132006879
4594594594.594595,0.9828146448120229,-0.15056761539664773,0.4641964148451798,0.018811956382287765,-34.51132073774274,-1.241962857303365,0.018811956382287765,-34.51132073774274,-1.241962857303365,0.9827006371538639,-0.15157524728520058,0.4675224415814011
4600600600.6006,0.982730938617743,-0.15130742298198838,0.4601909641616131,0.018995951772728524,-34.426778833668635,-1.245931604244613,0.018995951772728524,-34.426778833668635,-1.245931604244613,0.9826146953659141,-0.15233490236299324,0.4634951593364791
4606606606.6066065,0.9826466336391773,-0.15205258640559396,0.45617875225606147,0.019182259162931797,-34.34200491492709,-1.2499059669795254,0.019182259162931797,-34.34200491492709,-1.2499059669795254,0.9825281219542426,-0.15310020765605223,0.45946068263067646
4612612612.612613,0.9825617213239708,-0.15280318264379156,0.45215969991287763,0.019370916873781348,-34.256996451079885,-1.2538860533752214,0.019370916873781348,-34.256996451079885,-1.2538860533752214,0.9824409078284885,-0.15387124502121766,0.4554189263913482
4618618618.618619,0.9824761929342897,-0.15355929034916496,0.4481337267548427,0.019561963999511985,-34.17175089349263,-1.2578719725977203,0.019561963999511985,-34.17175089349263,-1.2578719725977203,0.9823530437015792,-0.15464809809468483,0.45136980428403695
4624624624.624624,0.9823900395417563,-0.15432098989654464,0.4441007512203479,0.019755440426005206,-34.08626567505277,-1.2618638351470213,0.019755440426005206,-34.08626567505277,-1.2618638351470213,0.9822645200844029,-0.1554308523404465,0.4473132286874896
4630630630.6306305,0.9823032520222336,-0.1550883634303812,0.44006069054002644,0.0199513868495841,-34.00053820988279,-1.2658617528928189,0.0199513868495841,-34.00053820988279,-1.2658617528928189,0.9821753272802747,-0.156219595100617,0.443249110667964
4636636636.636637,0.9822158210504519,-0.1558614949135567,0.43601346071282493,0.020149844796321145,-33.91456589304889,-1.269865839110885,0.020149844796321145,-33.91456589304889,-1.269865839110885,0.982085455379266,-0.15701441564701382,0.43917735995299
4642642642.642643,0.98212773709442,-0.15664047017816107,0.4319589764814321,0.020350856641877902,-33.82834610026389,-1.2738762085201465,0.020350856641877902,-33.82834610026389,-1.2738762085201465,0.9819948942523284,-0.15781540523461696,0.43509788490445056
4648648648.648648,0.9820389904097216,-0.15742537697732914,0.4278971513071669,0.02055446563188924,-33.741876187585994,-1.2778929773204768,0.02055446563188924,-33.741876187585994,-1.2778929773204768,0.9819036335452244,-0.15862265715679985,0.431010592490959
4654654654.6546545,0.9819495710335373,-0.15821630503956563,0.42382789734415205,0.02076071590291303,-33.65515349111132,-1.2819162632312058,0.02076071590291303,-33.65515349111132,-1.2819162632312058,0.9818116626722448,-0.15943626680249487,0.42691538825955755
4660660660.660661,0.9818594687785432,-0.15901334612421536,0.41975112541291654,0.020969652503960132,-33.56817532666168,-1.2859461855303642,0.020969652503960132,-33.56817532666168,-1.2859461855303642,0.9817189708097476,-0.1602563317150227,0.42281217630669515
4666666666.666667,0.9817686732265718,-0.15981659407910354,0.41566674497327727,0.021181321418624825,-33.48093898946636,-1.289982865094773,0.021181321418624825,-33.48093898946636,-1.289982865094773,0.9816255468894884,-0.1610829516528109,0.4187008592484869
4672672672.672672,0.9816771737220664,-0.16062614490005617,0.41157466409656207,0.02139576958783334,-33.39344175383856,-1.2940264244408524,0.02139576958783334,-33.39344175383856,-1.2940264244408524,0.9815313795916871,-0.16191622865253646,0.4145813381901893
4678678678.6786785,0.9815849593653078,-0.1614420967925121,0.407474789437089,0.02161304493323174,-33.30568087284553,-1.2980769877663223,0.02161304493323174,-33.30568087284553,-1.2980769877663223,0.9814364573378833,-0.16275626709419383,0.4104535126948797
4684684684.684685,0.9814920190054423,-0.16226455023495126,0.40336702620296805,0.02183319638123172,-33.21765357797306,-1.3021346809927121,0.02183319638123172,-33.21765357797306,-1.3021346809927121,0.9813407682835819,-0.16360317376810696,0.40631728075137474
4690690690.690691,0.9813983412332263,-0.16309360804491074,0.39925127812609135,0.02205627388773667,-33.12935707878363,-1.306199631808785,0.02205627388773667,-33.12935707878363,-1.306199631808785,0.981244300310608,-0.16445705794458582,0.40217253874125486
4696696696.696697,0.9813039143735818,-0.16392937544674818,0.3951274474313928,0.02228232846356937,-33.04078856256822,-1.3102719697148464,0.02228232846356937,-33.04078856256822,-1.3102719697148464,0.9811470410192134,-0.16531803144587534,0.3980191814051002
4702702702.7027025,0.9812087264778364,-0.16477196014226742,0.39099543480527343,0.02251141220062443,-32.95194519399154,-1.314351826067998,0.02251141220062443,-32.95194519399154,-1.314351826067998,0.9810489777199357,-0.1661862087203625,0.39385710180776423
4708708708.708709,0.981112765315751,-0.16562147238331934,0.3868551393632349,0.022743578298767962,-32.862824114730714,-1.3184393341283656,0.022743578298767962,-32.862824114730714,-1.3184393341283656,0.9809500974251599,-0.16706170691953,0.3896861913028154
4714714714.714715,0.9810160183672281,-0.1664780250473022,0.382706458616629,0.022978881093510244,-32.773422443106845,-1.3225346291063311,0.022978881093510244,-32.773422443106845,-1.3225346291063311,0.9808503868403675,-0.16794464597775322,0.38550633949595153
4720720720.72072,0.9809184728137696,-0.16734173371497738,0.3785492884385567,0.023217376084474477,-32.68373727370998,-1.32663784821075,0.023217376084474477,-32.68373727370998,-1.32663784821075,0.9807498323551733,-0.1688351486940839,0.38131743420754755
4726726726.726727,0.9808201155296109,-0.16821271675124416,0.37438352302884714,0.02345911996469073,-32.59376567701622,-1.3307491306983095,0.02345911996469073,-32.59376567701622,-1.3307491306983095,0.9806484200339098,-0.1697333408181429,0.3771193614340753
4732732732.732733,0.9807209330725615,-0.16909109538860337,0.37020905487811717,0.023704170650739015,-32.503504698997915,-1.3348686179239093,0.023704170650739015,-32.503504698997915,-1.3348686179239093,0.9805461356060052,-0.17063935113794793,0.372912005308635
4738738738.738739,0.9806209116745009,-0.16997699381378475,0.3660257747308504,0.023952587313771853,-32.41295136072593,-1.3389964533922363,0.023952587313771853,-32.41295136072593,-1.3389964533922363,0.9804429644559854,-0.171553311571183,0.3686952480602931
4744744744.744745,0.9805200372315775,-0.17087053925710982,0.3618335715475098,0.024204430411444433,-32.32210265796417,-1.3431327828104702,0.024204430411444433,-32.32210265796417,-1.3431327828104702,0.9803388916130878,-0.17247535726002808,0.3644689699723893
4750750750.750751,0.9804182952940104,-0.17177186208547862,0.3576323324655984,0.024459761720782687,-32.230955560756136,-1.3472777541422183,0.024459761720782687,-32.230955560756136,-1.3472777541422183,0.9802339017405726,-0.17340562666879006,0.3602330493397116
4756756756.756757,0.9803156710555694,-0.17268109589832717,0.35342194275967,0.024718644372021224,-32.139507013002934,-1.3514315176626956,0.024718644372021224,-32.139507013002934,-1.3514315176626956,0.9801279791245922,-0.17434426168557618,0.3559873624244717
4762762762.762763,0.9802121493426584,-0.17359837762722508,0.34920228580027585,0.024981142883442484,-32.04775393203315,-1.3555942260152074,0.024981142883442484,-32.04775393203315,-1.3555942260152074,0.9800211076626945,-0.17529140772735335,0.35173178341108025
4768768768.768768,0.9801077146029966,-0.17452384763915973,0.3449732430117399,0.025247323197251863,-31.955693208163886,-1.3597660342689362,0.025247323197251863,-31.955693208163886,-1.3597660342689362,0.9799132708519387,-0.17624721384857722,0.3474661843596831
4774774774.774775,0.9800023508939194,-0.17545764984332451,0.34073469382881094,0.025517252716524077,-31.863321704252577,-1.3639470999781396,0.025517252716524077,-31.863321704252577,-1.3639470999781396,0.9798044517765166,-0.17721183285435507,0.3431904351584261
4780780780.780781,0.97989604187022,-0.1763999318021226,0.3364865156520932,0.025791000343255484,-31.770636255240102,-1.3681375832427662,0.025791000343255484,-31.770636255240102,-1.3681375832427662,0.9796946330949825,-0.1781854214172348,0.3389044034743262
4786786786.786787,0.9797887707715657,-0.17735084484608254,0.3322285838022362,0.026068636517562045,-31.6776336676841,-1.3723376467705286,0.026068636517562045,-31.6776336676841,-1.3723376467705286,0.9795837970269989,-0.1791681401984438,0.3346079547028452
4792792792.792793,0.9796805204094532,-0.17831054419302095,0.32796077147285535,0.02635023325806043,-31.58431071928287,-1.3765474559405055,0.02635023325806043,-31.58431071928287,-1.3765474559405055,0.9794719253395721,-0.18016015397383184,0.33030095191599484
4798798798.798799,0.9795712731536687,-0.1792791890717516,0.3236829496821182,0.026635864203475298,-31.49066415838884,-1.3807671788683438,0.026635864203475298,-31.49066415838884,-1.3807671788683438,0.9793589993328435,-0.1811616317639193,0.3259832558089907
4804804804.804805,0.9794610109182631,-0.1802569428502648,0.3193949872229759,0.026925604655510825,-31.396690703512704,-1.3849969864730438,0.026925604655510825,-31.396690703512704,-1.3849969864730438,0.9792449998252954,-0.18217274696934138,0.32165472464537676
4810810810.810811,0.9793497151469794,-0.18124397316894733,0.31509675061196996,0.02721953162303644,-31.302387042815933,-1.3892370525454734,0.02721953162303644,-31.302387042815933,-1.3892370525454734,0.9791299071384186,-0.18319367751124793,0.3173152142006121
4816816816.816816,0.9792373667981771,-0.18224045207844497,0.31078810403659113,0.02751772386762528,-31.20774983359371,-1.393487553818588,0.02751772386762528,-31.20774983359371,-1.393487553818588,0.9790137010808443,-0.18422460597667156,0.31296457770400804
4822822822.822823,0.97912394632912,-0.1832465561833666,0.3064689093010986,0.027820261950499574,-31.112775701745797,-1.397748670039488,0.027820261950499574,-31.112775701745797,-1.397748670039488,0.9788963609318269,-0.185265719769868,0.3086026657790013
4828828828.828829,0.9790094336797384,-0.18426246679086672,0.30213902577082985,0.028127228280926748,-31.017461241236802,-1.4020205840433064,0.028127228280926748,-31.017461241236802,-1.4020205840433064,0.9787778654241528,-0.18631721126897838,0.3042293263816872
4834834834.834835,0.9788938082557483,-0.18528837006513324,0.29779831031486437,0.02843870716612096,-30.921803013544316,-1.406303481829054,0.02843870716612096,-30.921803013544316,-1.406303481829054,0.9786581927263819,-0.18737927798885362,0.29984440473761004
4840840840.840841,0.9787770489110971,-0.1863244571880973,0.29344661724700466,0.02875478486270107,-30.82579754709546,-1.4105975526374537,0.02875478486270107,-30.82579754709546,-1.4105975526374537,0.9785373204243841,-0.1884521227503828,0.2954477432766063
4846846846.846847,0.9786591339297787,-0.18737092452595822,0.2890837982650771,0.0290755496297623,-30.729441336690748,-1.414902989030843,0.0290755496297623,-30.729441336690748,-1.414902989030843,0.9784152255022287,-0.18953595385583666,0.2910391815658348
4852852852.852853,0.9785400410069275,-0.18842797380237641,0.28470970238840654,0.02940109178361651,-30.632730842915837,-1.4192199869752207,0.02940109178361651,-30.632730842915837,-1.4192199869752207,0.9782918843222691,-0.19063098527162464,0.28661855624072086
4858858858.858859,0.9784197472291563,-0.1894958122786331,0.2803241758934601,0.02973150375426369,-30.535662491539924,-1.4235487459245044,0.02973150375426369,-30.535662491539924,-1.4235487459245044,0.9781672726045331,-0.19173743681751707,0.28218570093398243
4864864864.864864,0.9782982290541683,-0.19057465294051146,0.2759270622475863,0.03006688014365482,-30.438232672901083,-1.4278894689071135,0.03006688014365482,-30.438232672901083,-1.4278894689071135,0.9780413654052423,-0.1928555343639014,0.27774044620237737
4870870870.870871,0.9781754622895404,-0.19166471469283392,0.2715182020407522,0.030407317785811606,-30.340437741277913,-1.432242362614889,0.030407317785811606,-30.340437741277913,-1.432242362614889,0.9779141370945306,-0.193985510036483,0.2732826194513839
4876876876.876877,0.9780514220706841,-0.19276622256160458,0.26709743291528304,0.030752915808870192,-30.242274014247222,-1.4366076374945262,0.030752915808870192,-30.242274014247222,-1.4366076374945262,0.9777855613332912,-0.1951276024290545,0.2688120448575153
4882882882.882883,0.977926082837918,-0.19387940790436392,0.26266458949341215,0.031103775699119086,-30.143737772027333,-1.4409855078415341,0.031103775699119086,-30.143737772027333,-1.4409855078415341,0.9776556110490796,-0.1962820568250244,0.2643285432883155
4888888888.888889,0.9777994183126376,-0.1950045086289132,0.2582195033026965,0.03146000136710412,-30.044825256806604,-1.4453761918968562,0.03146000136710412,-30.044825256806604,-1.4453761918968562,0.977524258411077,-0.19744912542765944,0.25983193221994605
4894894894.894895,0.9776714014725432,-0.1961417694207514,0.25376200269912297,0.03182169921587601,-29.945532672056903,-1.4497799119462393,0.03182169921587601,-29.945532672056903,-1.4497799119462393,0.977391474804082,-0.1986290675993666,0.2553220256521491
4900900900.900901,0.9775420045258316,-0.1972914419801067,0.2492919127878736,0.03218897821145974,-29.845856181831575,-1.4541968944224477,0.03218897821145974,-29.845856181831575,-1.4541968944224477,0.9772572308013932,-0.1998221501112435,0.25079863402070846
4906906906.906907,0.9774111988843991,-0.19845378526815352,0.24480905534165742,0.03256194995562812,-29.74579191004739,-1.458627370010438,0.03256194995562812,-29.74579191004739,-1.458627370010438,0.9771214961366882,-0.2010286474020012,0.24626156410707523
4912912912.912913,0.9772789551358978,-0.19962906576383344,0.24031324871650125,0.03294072876106517,-29.64533593975018,-1.4630715737555895,0.03294072876106517,-29.64533593975018,-1.4630715737555895,0.9769842396746831,-0.202248841848187,0.24171061894533352
4918918918.918919,0.9771452430146899,-0.2008175577309251,0.23580430776492436,0.033325431729008134,-29.54448431236375,-1.4675297451751208,0.033325431729008134,-29.54448431236375,-1.4675297451751208,0.9768454293806005,-0.203483024045492,0.2371455977260374
4924924924.924925,0.9770100313715983,-0.2020195434962765,0.23128204374641223,0.03371617882946158,-29.44323302692151,-1.4720021283728149,0.03371617882946158,-29.44323302692151,-1.4720021283728149,0.9767050322884994,-0.20473149310070463,0.23256629569725587
4930930930.930931,0.9768732881423894,-0.20323531373980921,0.2267462642350495,0.034113092984079954,-29.341578039280538,-1.4764889721571386,0.034113092984079954,-29.341578039280538,-1.4764889721571386,0.9765630144681227,-0.20599455693738858,0.22797250406228414
4936936936.936937,0.9767349803149715,-0.20446516779646484,0.2221967730242535,0.03451630015181986,-29.239515261317454,-1.480990530162953,0.03451630015181986,-29.239515261317454,-1.480990530162953,0.9764193409905478,-0.20727253261279105,0.22336400987425925
4942942942.942943,0.9765950738952065,-0.2057094139710369,0.21763337002848968,0.03492592941746689,-29.137040560105795,-1.4855070609768835,0.03492592941746689,-29.137040560105795,-1.4855070609768835,0.9762739758922565,-0.20856574664942532,0.2187405959272734
4948948948.948949,0.9764535338713003,-0.2069683698662275,0.21305585118180784,0.03534211308314689,-29.034149757074296,-1.4900388282665404,0.03534211308314689,-29.034149757074296,-1.4900388282665404,0.9761268821378307,-0.20987453537951983,0.21410204064409502
4954954954.954955,0.9763103241766851,-0.20824236272474175,0.20846400833318157,0.03576498676293617,-28.930838627145576,-1.4945861009137147,0.03576498676293617,-28.930838627145576,-1.4945861009137147,0.9759780215809855,-0.2111992453049567,0.20944811796015772
4960960960.960961,0.9761654076513039,-0.20953172978624746,0.2038576291384079,0.03619468948068838,-28.827102897855035,-1.4991491531516925,0.03619468948068838,-28.827102897855035,-1.4991491531516925,0.9758273549240284,-0.21254023347193066,0.20477859720390376
4966966966.966967,0.9760187460012982,-0.2108368186592401,0.1992364969485372,0.03663136377120513,-28.72293824844883,-1.5037282647068924,0.03663136377120513,-28.72293824844883,-1.5037282647068924,0.9756748416755137,-0.2138978678624499,0.2000932429730613
4972972972.972973,0.9758702997568987,-0.2121579877096305,0.19460039069465995,0.037075155784877044,-28.618340308961088,-1.5083237209449396,0.037075155784877044,-28.618340308961088,-1.5083237209449396,0.9755204401061752,-0.21527252780196388,0.1953918150070001
4978978978.978979,0.9757200282285607,-0.2134956064657281,0.18994908476889782,0.037526215395931366,-28.513304659269636,-1.512935813021392,0.037526215395931366,-28.513304659269636,-1.512935813021392,0.975364107202901,-0.21666460438529392,0.1906740680547969
4984984984.984985,0.9755678894611547,-0.21485005604137303,0.1852823489014914,0.037984696314429675,-28.40782682812911,-1.5175648380372881,0.037984696314429675,-28.40782682812911,-1.5175648380372881,0.9752057986207525,-0.21807450092087988,0.18593975173888325
4990990990.990991,0.9754138401861912,-0.21622172957742394,0.1805999480337896,0.038450756202158175,-28.301902292182056,-1.522211099199694,0.038450756202158175,-28.301902292182056,-1.522211099199694,0.9750454686328771,-0.21950263339476,0.18118861041427614
4996996996.996997,0.9752578357719279,-0.21761103270304058,0.17590164218703525,0.03892455679256942,-28.19552647494624,-1.5268749059874924,0.03892455679256942,-28.19552647494624,-1.5268749059874924,0.9748830700782611,-0.22094943095480737,0.17642038302291974
5003003003.003003,0.9750998301712873,-0.21901838401744606,0.17118718632672275,0.03940626401493146,-28.088694745778643,-1.5315565743225699,0.03940626401493146,-28.088694745778643,-1.5315565743225699,0.9747185543071843,-0.22241533641653097,0.17163480294322883
5009009009.009009,0.9749397758674873,-0.2204442155930934,0.16645633022242182,0.03989604812285562,-27.9814024188147,-1.5362564267466496,0.03989604812285562,-27.9814024188147,-1.5362564267466496,0.9745518711242327,-0.22390080679178467,0.16683159783444163
5015015015.015015,0.9747776238171956,-0.2218889735020033,0.16170881830281247,0.04039408382737451,-27.87364475188301,-1.5409747926040094,0.04039408382737451,-27.87364475188301,-1.5409747926040094,0.9743829687288075,-0.2254063138410114,0.16201048947573848
5021021021.021021,0.9746133233912011,-0.2233531183654006,0.15694438950580253,0.04090055043475666,-27.765416945394044,-1.5457120082303006,0.04090055043475666,-27.765416945394044,-1.5457120082303006,0.9742117936530024,-0.22693234465024717,0.15717119359977572
5027027027.027027,0.9744468223123752,-0.22483712592874466,0.15216277712354487,0.04141563198924447,-27.65671414120321,-1.5504684171477177,0.04141563198924447,-27.65671414120321,-1.5504684171477177,0.9740382906966331,-0.22847940223488875,0.1523134197205063
5033033033.033033,0.9742780665908263,-0.22634148766310455,0.14736370864204731,0.04193951742091849,-27.54753142144686,-1.555244370266816,0.04193951742091849,-27.54753142144686,-1.555244370266816,0.9738624028593961,-0.23004800617052523,0.1474368709550156
5039039039.039039,0.9741070004560977,-0.22786671139429765,0.14254690557529426,0.04247240069889395,-27.437863807351146,-1.5600402260951909,0.04247240069889395,-27.437863807351146,-1.5600402260951909,0.9736840712699064,-0.23163869325316291,0.14254124383915479
5045045045.045045,0.9739335662862949,-0.22941332196090963,0.13771208329357332,0.04301448099006982,-27.327706258012622,-1.564856350953382,0.04301448099006982,-27.327706258012622,-1.564856350953382,0.9735032351114972,-0.23325201818999106,0.13762622813665798
5051051051.051051,0.9737577045338908,-0.23098186190353306,0.1328589508457832,0.04356596282365372,-27.217053669150772,-1.5696931191982184,0.04356596282365372,-27.217053669150772,-1.5696931191982184,0.9733198315446506,-0.23488855432196254,0.13269150664162707
5057057057.057057,0.9735793536481389,-0.23257289218595367,0.12798721077550695,0.04412705626170606,-27.105900871830805,-1.5745509134539932,0.04412705626170606,-27.105900871830805,-1.5745509134539932,0.9731337956258052,-0.2365488943805923,0.1277367549738958
5063063063.063063,0.9733984499938519,-0.234186992950576,0.12309655893056531,0.04469797707594712,-26.99424263115706,-1.5794301248517488,0.04469797707594712,-26.99424263115706,-1.5794301248517488,0.9729450602224099,-0.23823365128024218,0.12276164136711236
5069069069.069069,0.9732149277663836,-0.23582476430965146,0.11818668426580407,0.045278946931092266,-26.882073644935424,-1.5843311532770412,0.045278946931092266,-26.882073644935424,-1.5843311532770412,0.9727535559240394,-0.23994345894770763,0.11776582644933214
5075075075.075075,0.9730287189025951,-0.2374868271743907,0.11325726863882293,0.0458701935749816,-26.76938854230521,-1.5892544076265331,0.0458701935749816,-26.76938854230521,-1.5892544076265331,0.972559210949268,-0.2416789731919354,0.11274896301553892
5081081081.081081,0.9728397529876173,-0.2391738241237979,0.1083079865983626,0.04647195103579367,-26.656181882339006,-1.5942003060737981,0.04647195103579367,-26.656181882339006,-1.5942003060737981,0.9723619510482198,-0.24344087261477468,0.10771069579202684
5087087087.087088,0.9726479571571546,-0.2408864203156423,0.10333850516503706,0.04708445982663899,-26.542448152610127,-1.599169276344736,0.04708445982663899,-26.542448152610127,-1.599169276344736,0.9721616994004418,-0.24522985956609025,0.10265066119211826
5093093093.093093,0.9724532559951085,-0.24262530444172145,0.09834848360407726,0.047707967157844464,-26.42818176772723,-1.6041617560030141,0.047707967157844464,-26.42818176772723,-1.6041617560030141,0.9719583765079285,-0.24704666114495027,0.09756848706295551
5099099099.099099,0.972255571426279,-0.24439118972974344,0.09333757318980458,0.04834272715725606,-26.313377067835265,-1.6091781927459652,0.04834272715725606,-26.313377067835265,-1.6091781927459652,0.9717519000829852,-0.24889203024986778,0.09246379242293042
5105105105.105105,0.9720548226038473,-0.24618481499468395,0.08830541696140075,0.048989001098899504,-26.198028317082294,-1.614219044711394,0.048989001098899504,-26.198028317082294,-1.614219044711394,0.9715421849306656,-0.2507667466806922,0.08733618718942651
5111111111.111111,0.9718509257913833,-0.24800694574209567,0.08325164946969166,0.04964705764035876,-26.082129702051343,-1.6192847807958106,0.04964705764035876,-26.082129702051343,-1.6192847807958106,0.9713291428255321,-0.2526716182946084,0.082185271896287
5117117117.117117,0.971643794239048,-0.2498583753265602,0.07817589651448495,0.05031717306924336,-25.96567533015707,-1.6243758809845257,0.05031717306924336,-25.96567533015707,-1.6243758809845257,0.9711126823823502,-0.2546074822199707,0.07701063740078674
5123123123.123123,0.9714333380537195,-0.2517399261679344,0.07307777487211069,0.05099963155913719,-25.848659228006614,-1.6294928366942028,0.05099963155913719,-25.848659228006614,-1.6294928366942028,0.9708927089204581,-0.25657520613054885,0.07181186457951641
5129129129.129129,0.9712194640626356,-0.25365245102928746,0.06795689201272102,0.05169472543544249,-25.731075339723446,-1.6346361511283902,0.05169472543544249,-25.731075339723446,-1.6346361511283902,0.9706691243213847,-0.2585756895842888,0.06658852401271843
5135135135.135136,0.9710020756702512,-0.25559683435951447,0.062812845806905,0.05240275545154174,-25.612917525234927,-1.6398063396466027,0.05240275545154174,-25.612917525234927,-1.6398063396466027,0.9704418268794383,-0.2606098654293778,0.06134017565655393
5141141141.141141,0.9707810727079164,-0.2575739937044371,0.05764522422116231,0.05312403107573429,-25.494179558521832,-1.6450039301476027,0.05312403107573429,-25.494179558521832,-1.6450039301476027,0.97021071114476,-0.2626787012824667,0.0560663685028298
5147147147.147147,0.9705563512759394,-0.25958488119062406,0.0524536050017278,0.05385887078941467,-25.374855125830337,-1.6502294634674877,0.05385887078941467,-25.374855125830337,-1.6502294634674877,0.9699756677585195,-0.2647832010823088,0.050766640225555174
5153153153.153153,0.9703278035776398,-0.2616304850858131,0.04723755534629012,0.05460760239698896,-25.25493782384547,-1.6554834937932668,0.05460760239698896,-25.25493782384547,-1.6554834937932668,0.9697365832797277,-0.26692440672388296,0.04544051681381294
5159159159.159159,0.9700953177449088,-0.2637118314406244,0.04199663156297939,0.05537056334804508,-25.13442115782607,-1.6607665890926524,0.05537056334804508,-25.13442115782607,-1.6607665890926524,0.9694933400032588,-0.2691033997770774,0.04008751219027308
5165165165.165165,0.9698587776548183,-0.2658299858160886,0.036730378716161534,0.05614810107232225,-25.01329853970047,-1.6660793315608018,0.05614810107232225,-25.01329853970047,-1.6660793315608018,0.9692458157685127,-0.27132130329548815,0.03470712781471105
5171171171.171171,0.969618062736724,-0.26798605510239837,0.0314383302583761,0.05694057332804293,-24.891563286123453,-1.6714223180847652,0.05694057332804293,-24.891563286123453,-1.6714223180847652,0.9689938837582492,-0.27357928371999546,0.029298852271943395
5177177177.177177,0.9693730477693444,-0.27018118943398906,0.026120007647828142,0.057748348564210635,-24.769208616493156,-1.6767961607265156,0.057748348564210635,-24.769208616493156,-1.6767961607265156,0.9687374122869428,-0.27587855288351176,0.023862160843301092
5183183183.183184,0.9691236026672116,-0.2724165842068941,0.02077491995081009,0.05857180629749071,-24.646227650929035,-1.6822014872253894,0.05857180629749071,-24.646227650929035,-1.6822014872253894,0.9684762645780949,-0.2782203701224829,0.018396515061052443
5189189189.189189,0.9688695922558764,-0.27469348220446294,0.015402563428308967,0.05941133750433384,-24.522613408210006,-1.6876389415208493,0.05941133750433384,-24.522613408210006,-1.6876389415208493,0.9682102985299075,-0.2806060445011429,0.01290136224492807
5195195195.195195,0.968610876035206,-0.2770131758379776,0.010002421106154074,0.06026734502902732,-24.398358803673197,-1.6931091842965522,0.06026734502902732,-24.398358803673197,-1.6931091842965522,0.9679393664685245,-0.28303693715628064,0.007376135019933549
5201201201.201201,0.9683473079300637,-0.27937700950920613,0.0045739623279149174,0.0611402440083931,-24.273456647073573,-1.6986128935467,0.0611402440083931,-24.273456647073573,-1.6986128935467,0.9676633148881761,-0.28551446376922734,0.0018202508145112833
5207207207.207207,0.9680787360276107,-0.2817863821024213,-0.0008833577102395746,0.06203046231388872,-24.147899640404503,-1.7041507651657601,0.06203046231388872,-24.147899640404503,-1.7041507651657601,0.9673819841774207,-0.28804009717307294,-0.0037668886616903895
5213213213.213213,0.9678050023004486,-0.28424274961367046,-0.0063700984435092175,0.06293844101190219,-24.021680375679857,-1.7097235135626612,0.06293844101190219,-24.021680375679857,-1.7097235135626612,0.9670952083306606,-0.29061537010336597,-0.009385897961594525
5219219219.219219,0.9675259423147236,-0.2867476279260344,-0.011886834442177344,0.06386463484306895,-23.894791332678412,-1.7153318723006425,0.06386463484306895,-23.894791332678412,-1.7153318723006425,0.9668028146440611,-0.2932418781010481,-0.015037408466844546
5225225225.225225,0.967241384922277,-0.2893025957400071,-0.017434155935938406,0.06480951272148414,-23.767224876650957,-1.7209765947639897,0.06480951272148414,-23.767224876650957,-1.7209765947639897,0.9665046233948807,-0.2959212825775382,-0.02072206897755435
5231231231.231232,0.96695115193591,-0.2919092976683737,-0.02301266935982878,0.06577355825472034,-23.638973255991274,-1.726658454852986,0.06577355825472034,-23.638973255991274,-1.726658454852986,0.9662004475032459,-0.29865531405176315,-0.026440546326640658
5237237237.237237,0.966655057786666,-0.29456944750651554,-0.02862299792273405,0.06675727028560668,-23.51002859987244,-1.732378247708416,0.06675727028560668,-23.51002859987244,-1.732378247708416,0.9658900921752696,-0.3014457755702193,-0.032193526019925735
5243243243.243243,0.9663529091620409,-0.29728483168913156,-0.03426578219957132,0.06776116345677738,-23.38038291584909,-1.7381367904671168,0.06776116345677738,-23.38038291584909,-1.7381367904671168,0.9655733545263693,-0.3042945463216696,-0.03798171290336698
5249249249.249249,0.9660445046239893,-0.3000573129448272,-0.03994168074819267,0.06878576879903425,-23.25002808742827,-1.74393492305006,0.06878576879903425,-23.25002808742827,-1.74393492305006,0.9652500231835629,-0.3072035854588752,-0.04380583185850951
5255255255.255255,0.9657296342053524,-0.3028888341623632,-0.04565137075226253,0.06983163434463248,-23.118955871610034,-1.7497735089846118,0.06983163434463248,-23.118955871610034,-1.7497735089846118,0.9649198778654141,-0.31017493614087577,-0.04966662852770039
5261261261.261261,0.9654080789834587,-0.3057814224813111,-0.05139554869122181,0.07089932576664357,-22.98715789640031,-1.7556534362626515,0.07089932576664357,-22.98715789640031,-1.7556534362626515,0.9645826889382481,-0.3132107298099226,-0.05556487007040953
5267267267.267267,0.9650796106294086,-0.3087371936222089,-0.05717493103874013,0.07198942704560386,-22.854625658299067,-1.7615756182363285,0.07198942704560386,-22.854625658299067,-1.7615756182363285,0.9642382169471226,-0.31631319071855424,-0.06150134595219439
5273273273.273273,0.9647439909314685,-0.31175835647222394,-0.06299025499090696,0.0731025411647266,-22.721350519765792,-1.7675409945533878,0.0731025411647266,-22.721350519765792,-1.7675409945533878,0.963886212119948,-0.3194846407233163,-0.06747686876786724
5279279279.27928,0.9644009712909721,-0.31484721794275516,-0.06884227922565458,0.07423929083499915,-22.58732370666687,-1.7735505321339975,0.07423929083499915,-22.58732370666687,-1.7735505321339975,0.9635264138430538,-0.32272750436265585,-0.07349227510065022
5285285285.285285,0.964050292188946,-0.31800618811724884,-0.07473178469485549,0.07540031925156826,-22.452536305707728,-1.779605226191248,0.07540031925156826,-22.452536305707728,-1.779605226191248,0.9631585501063832,-0.326044314237836,-0.07954842641887445
5291291291.291291,0.9636916826215234,-0.3212377857090621,-0.0806595754506775,0.07658629088286895,-22.316979261854758,-1.7857061012974778,0.07658629088286895,-22.316979261854758,-1.7857061012974778,0.9627823369162928,-0.3294377167177266,-0.08564621001232925
5297297297.2972975,0.963324859502173,-0.3245446438498255,-0.08662647950785429,0.07779789229402694,-22.18064337575199,-1.791854212498818,0.07779789229402694,-22.18064337575199,-1.791854212498818,0.9623974776739534,-0.3329104779884868,-0.09178653997000652
5303303303.303303,0.9629495270285386,-0.3279295162310637,-0.09263334974353546,0.07903583300613876,-22.043519301137703,-1.7980506464803958,0.07903583300613876,-22.043519301137703,-1.7980506464803958,0.9620036625169864,-0.3364654904726552,-0.09797035820143389
5309309309.309309,0.9625653760115727,-0.33139528362317106,-0.09868106483664768,0.08030084639310477,-21.90559754226755,-1.8042965227848338,0.08030084639310477,-21.90559754226755,-1.8042965227848338,0.9616005676220193,-0.34010577964206284,-0.1041986355036831
5315315315.315315,0.9621720831644468,-0.33494496079792957,-0.10477053024853683,0.0815936906177642,-21.766868451351527,-1.8105929950867636,0.0815936906177642,-21.766868451351527,-1.8105929950867636,0.9611878544655356,-0.3438345112521225,-0.11047237267639562
5321321321.3213215,0.9617693103486094,-0.33858170388218417,-0.11090267924695146,0.08291514960917236,-21.627322226012048,-1.8169412525263084,0.08291514960917236,-21.627322226012048,-1.8169412525263084,0.9607651690402245,-0.3476549990269646,-0.11679260168715594
5327327327.327328,0.9613567037740611,-0.34230881817333075,-0.1170784739754946,0.08426603408293024,-21.486948906772675,-1.8233425211045704,0.08426603408293024,-21.486948906772675,-1.8233425211045704,0.9603321410239228,-0.3515707128263463,-0.12316038688986652
5333333333.333333,0.9609338931508281,-0.3461297664485829,-0.1232989065706546,0.08564718260657153,-21.345738374586844,-1.8297980651443848,0.08564718260657153,-21.345738374586844,-1.8297980651443848,0.9598883828978972,-0.3555852873288595,-0.129576826298621
5339339339.339339,0.9605004907882718,-0.35004817780350667,-0.129565000328825,0.08705946271209515,-21.203680348417873,-1.8363091888197756,0.08705946271209515,-21.203680348417873,-1.8363091888197756,0.9594334890110614,-0.3597025312678754,-0.13604305292000757
5345345345.3453455,0.9600560906387372,-0.3540678570571323,-0.13587781092561704,0.0885037720578232,-21.060764382882454,-1.8428772377577025,0.0885037720578232,-21.060764382882454,-1.8428772377577025,0.9589670345864841,-0.36392643725942647,-0.14256023614676058
5351351351.351352,0.9596002672817092,-0.3581927947645219,-0.1422384276900779,0.08998103964185605,-20.9169798659712,-1.8495036007159613,0.08998103964185605,-20.9169798659712,-1.8495036007159613,0.9584885746662186,-0.3682611922648238,-0.14912958321582986
5357357357.357357,0.9591325748443652,-0.3624271778809124,-0.14864797493644324,0.09149222706949105,-20.772316016861435,-1.856189711341248,0.09149222706949105,-20.772316016861435,-1.856189711341248,0.9579976429902235,-0.372711188733892,-0.15575234073416203
5363363363.363363,0.9586525458541768,-0.36677540112440576,-0.15510761335617318,0.09303832987706703,-20.62676188383893,-1.862937050011663,0.09303832987706703,-20.62676188383893,-1.862937050011663,0.9574937508047766,-0.377281036478875,-0.16242979627566714
5369369369.3693695,0.9581596900187664,-0.37124207908907425,-0.16161854147318905,0.09462037891479004,-20.480306342347482,-1.8697471457681611,0.09462037891479004,-20.480306342347482,-1.8697471457681611,0.9569763855956207,-0.3819755753314312,-0.16916328005285758
5375375375.375376,0.9576534929280314,-0.3758320591630062,-0.1681819971653477,0.09623944179119914,-20.332938093186556,-1.8766215783396965,0.09623944179119914,-20.332938093186556,-1.8766215783396965,0.956445009740372,-0.38679988864257653,-0.17595416666708727
5381381381.381382,0.9571334146729524,-0.38055043531225463,-0.17479925925530881,0.09789662438201897,-20.184645660880452,-1.8835619802670966,0.09789662438201897,-20.184645660880452,-1.8835619802670966,0.9558990590747661,-0.39175931768616956,-0.18280387694138045
5387387387.387387,0.9565988883753278,-0.3854025627944025,-0.18147164917409667,0.09959307240625155,-20.035417392243602,-1.8905700391309657,0.09959307240625155,-20.035417392243602,-1.8905700391309657,0.955337941366478,-0.39685947703538815,-0.1897138798398395
5393393393.3933935,0.9560493186220317,-0.39039407387255426,-0.18820053270076745,0.10132997307244059,-19.885241455170856,-1.8976474998892194,0.10132997307244059,-19.885241455170856,-1.8976474998892194,0.9547610346900351,-0.4021062709850506,-0.19668569447833176
5399399399.3994,0.9554840797970071,-0.39553089460555196,-0.1949873217818091,0.10310855679814215,-19.734105837683227,-1.9047961673301406,0.10310855679814215,-19.734105837683227,-1.9047961673301406,0.9541676856958055,-0.4075059110990826,-0.2037208922307445
5405405405.405405,0.9549025143037011,-0.40081926279637314,-0.2018334764339779,0.10493009900571881,-19.581998347263315,-1.9120179086472373,0.10493009900571881,-19.581998347263315,-1.9120179086472373,0.953557207765417,-0.4130649349698728,-0.210821098935932
5411411411.411411,0.9543039306700004,-0.4062657471883797,-0.20874050673437627,0.10679592199764497,-19.428906610518798,-1.919314656142432,0.10679592199764497,-19.428906610518798,-1.919314656142432,0.9529288790454781,-0.41879022628269325,-0.21798799721018008
5417417417.417418,0.9536876015272371,-0.41187726800556074,-0.21570997490183882,0.10870739691459196,-19.274818073215435,-1.9266884100645487,0.10870739691459196,-19.274818073215435,-1.9266884100645487,0.9522819403508167,-0.42468903628648547,-0.22522332887057925
5423423423.423424,0.9530527614540498,-0.4176611189423044,-0.22274349747367092,0.11066594577961256,-19.119720000726264,-1.9341412415903907,0.11066594577961256,-19.119720000726264,-1.9341412415903907,0.9516155929276796,-0.43076900678188845,-0.2325288974748987
5429429429.42943,0.9523986046753017,-0.42362499071612514,-0.22984274758210468,0.11267304363180213,-18.963599478947394,-1.9416752959561396,0.11267304363180213,-18.963599478947394,-1.9416752959561396,0.950928996066849,-0.43703819474459105,-0.2399065709835241
5435435435.435435,0.9517242826054182,-0.42977699630725275,-0.237009457334677,0.11473022075282334,-18.806443415737846,-1.9492927957471418,0.11473022075282334,-18.806443415737846,-1.9492927957471418,0.950221264555475,-0.44350509871579985,-0.2473582845497444
5441441441.441442,0.951028901224687,-0.4361256980197288,-0.24424542030318575,0.11683906498971847,-18.648238542944526,-1.9569960443546717,0.11683906498971847,-18.648238542944526,-1.9569960443546717,0.9494914659559852,-0.4501786870991463,-0.25488604344437904
5447447447.447448,0.9503115182762486,-0.4426801365096905,-0.2515524941256308,0.11900122417738516,-18.488971419082386,-1.964787429608579,0.11900122417738516,-18.488971419082386,-1.964787429608579,0.9487386176991262,-0.45706842851927676,-0.26249192612151134
5453453453.453453,0.9495711402704297,-0.44944986194047065,-0.2589326032258814,0.1212184086640777,-18.328628432744605,-1.9726694275953187,0.1212184086640777,-18.328628432744605,-1.9726694275953187,0.9479616839774782,-0.4641843244083638,-0.2701780874317467
5459459459.459459,0.9488067192821679,-0.45644496743699997,-0.2663877416557146,0.12349239394319628,-18.167195806826896,-1.9806446066712047,0.12349239394319628,-18.167195806826896,-1.9806446066712047,0.9471595724246424,-0.4715369440023245,-0.27794676199034235
5465465465.465466,0.9480171495260783,-0.46367612502820227,-0.27391997606389645,0.1258250233945036,-18.00465960365872,-1.9887156316812877,0.1258250233945036,-18.00465960365872,-1.9887156316812877,0.9463311305639944,-0.47913746194617546,-0.28580026770699735
5471471471.471472,0.9472012636925464,-0.4711546242826182,-0.28153144879708114,0.12821821113774862,-17.84100573114278,-1.9968852683947127,0.12821821113774862,-17.84100573114278,-1.9968852683947127,0.9454751420099177,-0.4869976987234157,-0.29374100948504256
5477477477.477478,0.9463578290269768,-0.47889241386068676,-0.28922438113700244,0.13067394500143173,-17.67621995001555,-2.005156388167924,0.13067394500143173,-17.67621995001555,-2.005156388167924,0.9445903224028832,-0.4951301641458506,-0.3017714830972883
5483483483.483483,0.9454855431328741,-0.48690214622798567,-0.2970010766785987,0.13319428960914967,-17.510287882352934,-2.013531972847567,0.13319428960914967,-17.510287882352934,-2.013531972847567,0.9436753150584022,-0.5035481041608355,-0.30989427924652385
5489489489.48949,0.9445830294780593,-0.4951972257949011,-0.30486392485331104,0.1357813895855755,-17.3431950214577,-2.0220151199254572,0.1357813895855755,-17.3431950214577,-2.0220151199254572,0.9427286863083634,-0.5122655512562402,-0.31811208781819844
5495495495.495496,0.9436488325815942,-0.5037918607738158,-0.3128154046015642,0.13843747288364208,-17.174926743280043,-2.0306090479584475,0.13843747288364208,-17.174926743280043,-2.0306090479584475,0.9417489205115136,-0.5212973787702236,-0.326427702333399
5501501501.501501,0.9426814128574568,-0.5127011190700044,-0.3208580881982622,0.14116485423392036,-17.005468319537158,-2.0393171022665406,0.14116485423392036,-17.005468319537158,-2.0393171022665406,0.9407344147081338,-0.5306593594407134,-0.3348440246098581
5507507507.507507,0.9416791410890113,-0.5219409885533604,-0.32899464523434413,0.14396593871644758,-16.834804932715684,-2.048142760923018,0.14396593871644758,-16.834804932715684,-2.048142760923018,0.9396834728920995,-0.5403682285604189,-0.34336406963888655
5513513513.513514,0.9406402925065392,-0.5315284420887249,-0.3372278467572064,0.14684322545439324,-16.662921693159433,-2.0570896410508053,0.14684322545439324,-16.662921693159433,-2.0570896410508053,0.9385942998714031,-0.5504417521383447,-0.3519909706857857
5519519519.51952,0.9395630404379026,-0.5414815077390766,-0.3455605695716546,0.14979931142789818,-16.48980365846556,-2.066161505439641,0.14979931142789818,-16.48980365846556,-2.066161505439641,0.9374649946861321,-0.560898800505829,-0.36072798462119243
5525525525.525526,0.9384454495003047,-0.551819344593793,-0.3539958007025262,0.1528368954051774,-16.315435855434693,-2.0753622694990117,0.1528368954051774,-16.315435855434693,-2.0753622694990117,0.9362935435505796,-0.571759427846905,-0.36957849749029026
5531531531.531531,0.9372854682987457,-0.5625623247171977,-0.36253664201858576,0.1559587819864685,-16.13980330484662,-2.084696008561958,0.1559587819864685,-16.13980330484662,-2.084696008561958,0.9350778122836221,-0.5830449581794737,-0.37854603032623707
5537537537.537538,0.9360809215943289,-0.5737321217593043,-0.37118631501608296,0.159167885754659,-15.96289104935998,-2.0941669655551327,0.159167885754659,-15.96289104935998,-2.0941669655551327,0.9338155381892191,-0.5947780783614129,-0.38763424521359574
5543543543.543544,0.9348295019029851,-0.5853518068221987,-0.3799481657586071,0.16246723552433517,-15.784684184865107,-2.1037795590504,0.16246723552433517,-15.784684184865107,-2.1037795590504,0.9325043213457646,-0.6069829387550095,-0.3968469516062587
5549549549.549549,0.9335287604825129,-0.5974459522317677,-0.38882566996780393,0.165859978678553,-15.605167895652677,-2.113538391713277,0.165859978678553,-15.605167895652677,-2.113538391713277,0.9311416152605821,-0.619685262240377,-0.4061881129034607
5555555555.555555,0.932176097663,-0.6100407439268484,-0.3978224382569413,0.1693493855797731,-15.424327493796898,-2.123448259163119,0.1693493855797731,-15.424327493796898,-2.123448259163119,0.9297247168425848,-0.6329124623386577,-0.41566185328560223
5561561561.561562,0.9307687524727936,-0.6231641032461436,-0.40694222149651305,0.17293885403803588,-15.242148463193402,-2.133514159259496,0.17293885403803588,-15.242148463193402,-2.133514159259496,0.9282507556432267,-0.646693771278191,-0.4252724648099051
5567567567.567568,0.9293037915092419,-0.636845818968033,-0.41618891629728605,0.17663191381557455,-15.058616508734719,-2.1437413018283915,0.17663191381557455,-15.058616508734719,-2.1437413018283915,0.9267166823126592,-0.6610603789190128,-0.4350244147632746
5573573573.573574,0.927778097000415,-0.6511176905409132,-0.42556657059225483,0.18043223114251303,-14.873717611155426,-2.154135118840772,0.18043223114251303,-14.873717611155426,-2.154135118840772,0.9251192562147982,-0.6760455835409096,-0.44492235326718954
5579579579.579579,0.926188354000968,-0.666013683532519,-0.4350793892937258,0.18434361321303097,-14.687438088131737,-2.164701275054534,0.18434361321303097,-14.687438088131737,-2.164701275054534,0.9234550321417002,-0.6916849556000069,-0.45497112112540894
5585585585.585586,0.9245310366624266,-0.6815700984254426,-0.4447317399960138,0.18837001262528558,-14.499764662277892,-2.175445679128928,0.18837001262528558,-14.499764662277892,-2.175445679128928,0.9217203460646437,-0.7080165156662392,-0.465175757901531
5591591591.591592,0.9228023935152799,-0.697825753995685,-0.4545281586872653,0.19251553172133276,-14.310684536744677,-2.186374495217997,0.19251553172133276,-14.310684536744677,-2.186374495217997,0.9199112998558896,-0.7250809278772506,-0.47554151020791696
5597597597.597597,0.9209984316976716,-0.714822186630385,-0.4644733554256186,0.19678442677516608,-14.120185479193655,-2.1974941550464386,0.19678442677516608,-14.120185479193655,-2.1974941550464386,0.9180237449124863,-0.7429217103738438,-0.48607384018166294
5603603603.603603,0.9191149000631448,-0.7326038670722319,-0.47457221992547094,0.20118111196762903,-13.928255914995308,-2.2088113704673553,0.20118111196762903,-13.928255914995308,-2.2088113704673553,0.9160532646106153,-0.7615854643301366,-0.4967784341157406
5609609609.60961,0.9171472710980796,-0.7512184362212014,-0.4848298269881093,0.20571016307619303,-13.734885030580264,-2.220333146496473,0.20571016307619303,-13.734885030580264,-2.220333146496473,0.913995155516821,-0.7811221233515574,-0.5076612112050238
5615615615.615616,0.9150907215781191,-0.7707169617822661,-0.495251441697913,0.2103763207952988,-13.540062887957871,-2.23206679481158,0.2103763207952988,-13.540062887957871,-2.23206679481158,0.9118444072808174,-0.8015852251906117,-0.5187283323565193
5621621621.621622,0.9129401118925708,-0.7911542177183195,-0.505842524289612,0.2151844935887811,-13.343780551512843,-2.2440199476986757,0.2151844935887811,-13.343780551512843,-2.2440199476986757,0.9095956811336601,-0.8230322079251756,-0.5299862090008666
5627627627.627627,0.9106899639662955,-0.8125889886560682,-0.5166087345741194,0.22013975995983429,-13.146030228288051,-2.2562005724177787,0.22013975995983429,-13.146030228288051,-2.2562005724177787,0.9072432869152215,-0.8455247329578657,-0.5414415118282235
5633633633.633634,0.9083344377106863,-0.8350844015961976,-0.5275559357891134,0.22524737000556647,-12.946805423070156,-2.268616985950988,0.22524737000556647,-12.946805423070156,-2.268616985950988,0.9047811585563525,-0.8691290374302385,-0.5531011793543521
5639639639.63964,0.905867305939068,-0.8587082875016614,-0.5386901977157799,0.23051274610230021,-12.746101109708032,-2.2812778700830845,0.23051274610230021,-12.746101109708032,-2.2812778700830845,0.9022028279443055,-0.8939163189031164,-0.5649724262033659
5645645645.645645,0.9032819276878225,-0.8835335755789415,-0.5500177988742818,0.2359414825441244,-12.543913920212038,-2.2941922867504196,0.2359414825441244,-12.543913920212038,-2.2941922867504196,0.8995013971051894,-0.9199631554380088,-0.5770627509699963
5651651651.651651,0.9005712198932403,-0.9096387233282967,-0.5615452275768297,0.24153934393038498,-12.340242353308346,-2.3073696935765797,0.24153934393038498,-12.340242353308346,-2.3073696935765797,0.8966695086452745,-0.9473519645234291,-0.58937994349751
5657657657.657658,0.8977276273861325,-0.9371081857213108,-0.5732791815778534,0.24731226206764878,-12.135087004250359,-2.3208199594930834,0.24731226206764878,-12.135087004250359,-2.3208199594930834,0.8936993144039737,-0.97617150463105,-0.6019320913750709
5663663663.663664,0.8947430911825386,-0.9660329271667406,-0.5852265660153984,0.25326633111778635,-11.928450817820508,-2.3345533803196235,0.25326633111778635,-11.928450817820508,-2.3345533803196235,0.8905824422868601,-1.0065174235546208,-0.6147275854218471
5669669669.66967,0.8916090150700134,-0.9965109802521608,-0.5973944892845392,0.25940780068592356,-11.720339366587444,-2.348580694150689,0.25940780068592356,-11.720339366587444,-2.348580694150689,0.8873099612669336,-1.0384928580923005,-0.6277751238815804
5675675675.675675,0.8883162305165486,-1.028648055594488,-0.6097902564221019,0.2657430664997986,-11.51076115661333,-2.362913096363109,0.2657430664997986,-11.51076115661333,-2.362913096363109,0.8838723445687783,-1.072209090071217,-0.641083715000942
5681681681.681682,0.8848549599637937,-1.0625582075027715,-0.6224213595104008,0.27227865828538966,-11.299727962927104,-2.3775622540218024,0.27227865828538966,-11.299727962927104,-2.3775622540218024,0.8802594310834734,-1.1077862641940353,-0.6546626776069557
5687687687.687688,0.8812147786100463,-1.0983645605440224,-0.6352954645247257,0.27902122439222754,-11.08725519719207,-2.3925403194178556,0.27902122439222754,-11.08725519719207,-2.3925403194178556,0.8764603851041044,-1.1453541737082145,-0.6685216392305205
5693693693.693693,0.8773845748425693,-1.13620010251119,-0.6484203939531894,0.28597751266566146,-10.87336231008885,-2.407859942423575,0.28597751266566146,-10.87336231008885,-2.407859942423575,0.8724636545241199,-1.1850531204620465,-0.6826705312446046
5699699699.699699,0.873352509545572,-1.1762085497144916,-0.6618041044062836,0.2931543470025248,-10.658073231001916,-2.4235342812925023,0.2931543470025248,-10.658073231001916,-2.4235342812925023,0.8682569277052485,-1.2270348565223188,-0.697119580394935
5705705705.705706,0.8691059745915816,-1.2185452909519074,-0.6754546583048681,0.3005585989613923,-10.44141684763142,-2.439577011467801,0.3005585989613923,-10.44141684763142,-2.439577011467801,0.863827089300375,-1.271463615189237,-0.7118792959956373
5711711711.711712,0.8646315509225906,-1.2633784169547488,-0.6893801885866419,0.30819715372969364,-10.223427528133689,-2.4560023318895063,0.30819715372969364,-10.223427528133689,-2.4560023318895063,0.8591601754125736,-1.318517239952961,-0.7269604519417505
5717717717.717718,0.859914966746049,-1.310889842542752,-0.7035888551997075,0.3160768696780243,-10.004145688317356,-2.4728249682087355,0.3160768696780243,-10.004145688317356,-2.4728249682087355,0.8542413285863614,-1.368388420702987,-0.7423740625507717
5723723723.723723,0.8549410565124822,-1.3612765291512186,-0.7180887919539646,0.3242045306587638,-9.783618406261375,-2.490060172225108,0.3242045306587638,-9.783618406261375,-2.490060172225108,0.8490547532645133,-1.4212860473257867,-0.7581313510855974
5729729729.72973,0.8496937215095638,-1.4147518157984071,-0.7328880420735508,0.3325867901334835,-9.561900086458998,-2.507723716761612,0.3325867901334835,-9.561900086458998,-2.507723716761612,0.8435836725067211,-1.4774366917106783,-0.774243709627626
5735735735.735736,0.844155893105368,-1.4715468669294256,-0.7479944805312361,0.3412301061443595,-9.339053175203986,-2.5258318850789236,0.3412301061443595,-9.339053175203986,-2.5258318850789236,0.8378102869574594,-1.5370862301421355,-0.790722648758594
5741741741.741742,0.8383094999044707,-1.5319122458889376,-0.7634157209445501,0.3501406660828628,-9.115148928386756,-2.54440145380928,0.3501406660828628,-9.115148928386756,-2.54440145380928,0.8317157372738389,-1.6005016190871544,-0.8075797352695734
5747747747.747747,0.8321354403485236,-1.5961196230122439,-0.7791590044671098,0.35932430015904104,-8.890268232131746,-2.563449668258926,0.35932430015904104,-8.890268232131746,-2.563449668258926,0.825280071481834,-1.667972838512655,-0.824826515841173
5753753753.753754,0.8256135625999619,-1.6644636274684856,-0.7952310677111063,0.36878638244329187,-8.664502475737077,-2.5829942087897786,0.36878638244329187,-8.664502475737077,-2.5829942087897786,0.8184822190247464,-1.739815018096738,-0.8424744243267984
5759759759.75976,0.8187226538970953,-1.7372638520015002,-0.8116379862800142,0.3785317183472874,-8.437954475137795,-2.603053146847374,0.3785317183472874,-8.437954475137795,-2.603053146847374,0.8112999736015274,-1.816370763068635,-0.8605346699140911
5765765765.765766,0.811440441961054,-1.814867019574192,-0.8283849899660108,0.38856441744168774,-8.2107394435497,-2.623644889057497,0.38856441744168774,-8.2107394435497,-2.623644889057497,0.8037099872663385,-1.8980126979514544,-0.8790181030347326
5771771771.771772,0.8037436114704982,-1.897649320586445,-0.8454762450629161,0.3988877505870076,-7.982986004018891,-2.644788107672886,0.3988877505870076,-7.982986004018891,-2.644788107672886,0.795687778671587,-1.985146248260687,-0.8979350554295525
5777777777.777778,0.7956078390949619,-1.986018928777256,-0.8629145985493608,0.40950399049455305,-7.754837236248524,-2.666501655521148,0.40950399049455305,-7.754837236248524,-2.666501655521148,0.7872077587819569,-2.0782126822968836,-0.9172951502481481
5783783783.783784,0.7870078510871575,-2.080418703090065,-0.8807012780926722,0.42041423505288383,-7.5264517472501975,-2.6888044634947708,0.42041423505288383,-7.5264517472501975,-2.6888044634947708,0.7782432778575894,-2.177692437694389,-0.9371070774555693
5789789789.78979,0.7779175079677133,-2.181329081642723,-0.8988355408890516,0.4316182130698894,-7.298004752031715,-2.7117154185452232,0.4316182130698894,-7.298004752031715,-2.7117154185452232,0.7687666979892862,-2.2841087605035844,-0.9573783291199761
5795795795.795795,0.7683099213781434,-2.2892711724490096,-0.9173142632637458,0.44311407251118257,-7.069689146652568,-2.7352532201103408,0.44311407251118257,-7.069689146652568,-2.7352532201103408,0.7587494959490002,-2.398031688525233,-0.9781148883412647
5801801801.801802,0.7581576087077493,-2.4048100436411297,-0.9361314616686888,0.45489815188279986,-6.841716551540371,-2.7594362129349963,0.45489815188279986,-6.841716551540371,-2.7594362129349963,0.7481624015700101,-2.5200824156983357,-0.9993208646236682
5807807807.807808,0.7474326915897712,-2.528558213577157,-0.9552777341850873,0.4669647361301231,-6.614318297986231,-2.7842821943597063,0.4669647361301231,-6.614318297986231,-2.7842821943597063,0.7369755772604087,-2.650938080994909,-1.020998067351082
5813813813.813814,0.7361071447749484,-2.6611793383090494,-0.9747396097981679,0.4793057993241148,-6.38774632526648,-2.809808194375241,0.4793057993241148,-6.38774632526648,-2.809808194375241,0.7251588445381271,-2.7913370340892762,-1.0431455076341405
5819819819.81982,0.7241531021842431,-2.8033920903001674,-0.9944987904669897,0.4919107374926886,-6.162273949995365,-2.836030227098119,0.4919107374926886,-6.162273949995365,-2.836030227098119,0.7126819636061263,-2.9420846418089597,-1.0657588170725159
5825825825.825826,0.7115432270662144,-2.9559742178183863,-1.0145312682368703,0.504766096235077,-5.93819646325402,-2.862963012841499,0.504766096235077,-5.93819646325402,-2.862963012841499,0.6995149719007395,-3.1040597151002554,-1.088829569788828
5831831831.831832,0.6982511530850446,-3.1197667687351065,-1.0348062961580273,0.5178552992222716,-5.715831505031152,-2.890619670665015,0.5178552992222716,-5.715831505031152,-2.890619670665015,0.6856285871804708,-3.27822165728929,-1.1123444912542033
5837837837.837838,0.6842520027903598,-3.295678454914211,-1.0552851873359945,0.5311583853125084,-5.495519159890741,-2.919011382211588,0.5311583853125084,-5.495519159890741,-2.919011382211588,0.6709946800057562,-3.4656184625904416,-1.1362845336689376
5843843843.843843,0.6695229892252929,-3.484690122934129,-1.0759199107085384,0.5446517637494028,-5.277621713009219,-2.948147028798381,0.5446517637494028,-5.277621713009219,-2.948147028798381,0.655586819329751,-3.667395731374895,-1.160623792588637
5849849849.84985,0.654044105392987,-3.6878592817429916,-1.0966514446537832,0.5583079986859517,-5.062523002357797,-2.9780328051329588,0.5583079986859517,-5.062523002357797,-2.9780328051329588,0.639380893324737,-3.8848069186096317,-1.1853282325162318
5855855855.855856,0.6377989049376448,-3.9063246149984288,-1.1174078396470852,0.5720956359812447,-4.850627301512124,-3.0086718146687277,0.5720956359812447,-4.850627301512124,-3.0086718146687277,0.6223558054901294,-4.119225097784756,-1.210354179467566
5861861861.861862,0.620775375778727,-4.1413103702911505,-1.1381019280343327,0.5859790867044461,-4.642357669089756,-3.040063653471143,0.5859790867044461,-4.642357669089756,-3.040063653471143,0.6044942435543121,-4.37215660919904,-1.2356465248177337
5867867867.867868,0.6029669067283455,-4.394130461000075,-1.1586286014117642,0.5999185828726852,-4.438153705939341,-3.0722039914847765,0.5999185828726852,-4.438153705939341,-3.0722039914847765,0.5857835158027586,-4.6452570742774855,-1.2611365652131639
5873873873.873874,0.5843733456070972,-4.6661920258619585,-1.17886155255317,0.6138702214377674,-4.238468670687925,-3.10508416218918,0.6138702214377674,-4.238468670687925,-3.10508416218918,0.5662164464537516,-4.94035040339651,-1.2867393752656888
5879879879.87988,0.5650021465033659,-4.958998044928171,-1.1986493472918418,0.6277861121944653,-4.0437659187539925,-3.138690773689384,0.6277861121944653,-4.0437659187539925,-3.138690773689384,0.5457923189317911,-5.2594516111022624,-1.3123505690473953
5885885885.885886,0.5448696042594283,-5.274148373780539,-1.21781064970173,0.6416146438865881,-3.8545146498842704,-3.1730053561519838,0.6416146438865881,-3.8545146498842704,-3.1730053561519838,0.5245178539337804,-5.604794487522723,-1.3378422468931714
5891891891.8918915,0.5240021769464112,-5.613338175064021,-1.236128368259815,0.6553008801413982,-3.671184974761071,-3.2080040619855983,0.6553008801413982,-3.671184974761071,-3.2080040619855983,0.5024082089026171,-5.978865464557979,-1.363057836195817
5897897897.897898,0.5024379032702428,-5.978352108339509,-1.2533424180313084,0.6687870928369831,-3.4942423418762036,-3.2436574360677684,0.6687870928369831,-3.4942423418762036,-3.2436574360677684,0.4794879881659335,-6.384445360631502,-1.3878054039534398
5903903903.903904,0.48022793318099544,-6.371051643033142,-1.269140701327904,0.682013435072113,-3.32414140070584,-3.2799302734280635,0.682013435072113,-3.32414140070584,-3.2799302734280635,0.4557922603770438,-6.824661073419137,-1.411848821386265
5909909909.90991,0.4574382085313651,-6.793351256268866,-1.2831477959960877,0.694918749173065,-3.161319414632157,-3.3167815809132297,0.694918749173065,-3.161319414632157,-3.3167815809132297,0.43136759469705155,-7.303049663707771,-1.434895859306042
5915915915.915916,0.43415135899002083,-7.247176704022941,-1.2949107121985832,0.7074414974131831,-3.00618937476308,-3.354164657334145,0.7074414974131831,-3.00618937476308,-3.354164657334145,0.4062731534994674,-7.823637497466533,-1.4565818254829177
5921921921.921922,0.4104689194326563,-7.734394438608976,-1.3038809567189156,0.719520794793205,-2.859133000956496,-3.392027303349187,0.719520794793205,-2.859133000956496,-3.392027303349187,0.38058192388274575,-8.391036856156273,-1.4764466197437833
5927927927.927928,0.38651403138870816,-8.256694710510587,-1.3093920855107577,0.7310975149541388,-2.720493845740442,-3.43031216790018,0.7310975149541388,-2.720493845740442,-3.43031216790018,0.3543822441112891,-9.010560920669683,-1.493901907155601
5933933933.933934,0.3624348637982437,-8.815400655504193,-1.3106320641046239,0.7421154328133261,-2.5905707371482434,-3.468957232532847,0.7421154328133261,-2.5905707371482434,-3.468957232532847,0.3277799039821471,-9.688353526426825,-1.508183204149238
5939939939.9399395,0.3384090726735945,-9.411160042727682,-1.306610383654349,0.7525223616227701,-2.469611804779862,-3.5078964286821086,0.7525223616227701,-2.469611804779862,-3.5078964286821086,0.3009013060689097,-10.431518543816571,-1.5182785497187872
5945945945.945946,0.3146496954538676,-10.04345368530711,-1.296121602543405,0.7622712385950892,-2.3578093274142735,-3.5470603763818693,0.7622712385950892,-2.3578093274142735,-3.5470603763818693,0.27389853540681985,-11.248205800078637,-1.5228203040592034
5951951951.951952,0.2914128874650785,-10.709824917401054,-1.277710978258232,0.7713211126197679,-2.255295619118676,-3.5863772263576084,0.7713211126197679,-2.255295619118676,-3.5863772263576084,0.24695782662428964,-12.147544111176128,-1.5199183302961998
5957957957.957958,0.26900771760025655,-11.404705205667407,-1.2496562167513274,0.7796379902379017,-2.1621401343233275,-3.6257735816120933,0.7796379902379017,-2.1621401343233275,-3.6257735816120933,0.22031407991325963,-13.139154938216075,-1.5069002662516318
5963963963.963964,0.24780755112153988,-12.11770928119654,-1.2099951950604066,0.7871955019617292,-2.0783479226009005,-3.665175469933766,0.7871955019617292,-2.0783479226009005,-3.665175469933766,0.19427618052166784,-14.231608867277242,-1.4799093799982121
5969969969.96997,0.2282608067464581,-12.831373042641934,-1.1566553793869863,0.7939753598585616,-2.0038595041912313,-3.704509335679174,0.7939753598585616,-2.0038595041912313,-3.704509335679174,0.1692714842571142,-15.428323953339028,-1.4333088579155762
5975975975.975976,0.21089531415869295,-13.518661393131616,-1.0877717797073665,0.7999675883713278,-1.938552172076997,-3.7437030180001765,0.7999675883713278,-1.938552172076997,-3.7437030180001765,0.145922779314164,-16.71753814318189,-1.3589299744703263
5981981981.981982,0.1963048325073567,-14.141380181668143,-1.0022868582200963,0.8051705226646405,-1.8822426607253637,-3.782686683517898,0.8051705226646405,-1.8822426607253637,-3.782686683517898,0.12517140346272645,-18.049897565784004,-1.2456608164655316
5987987987.9879875,0.1851010344501592,-14.651823083100686,-0.9008310104254538,0.8095905812734487,-1.834691060598417,-3.8213936842085574,0.8095905812734487,-1.834691060598417,-3.8213936842085574,0.10842496662922552,-19.29741405690574,-1.081405061585696
5993993993.993994,0.17781820108288326,-15.000475753109495,-0.7865969623214449,0.813241831403358,-1.7956058057857047,-3.8597613156944046,0.813241831403358,-1.7956058057857047,-3.8597613156944046,0.09755035725554968,-20.215422715275526,-0.8620281144867185
6000000000.0,0.17478332274162992,-15.150000173942686,-0.6655486470699457,0.8161453749439315,-1.7646495231421238,-3.8977314568126578,0.8161453749439315,-1.7646495231421238,-3.8977314568126578,0.09427064706259274,-20.512470239245822,-0.607484599373131
6006006006.006006,0.17600595103113076,-15.089452955502427,-0.5453561655463306,0.8183285904191996,-1.7414455072274901,-3.9352510777612757,0.8183285904191996,-1.7414455072274901,-3.9352510777612757,0.09894591438477776,-20.09204267428128,-0.36214328572597293
6012012012.0120125,0.1811568343748551,-14.838905540035993,-0.43333127558795476,0.819824270341795,-1.7255845767091482,-3.972272610757053,0.819824270341795,-1.7255845767091482,-3.972272610757053,0.11015188098873248,-19.160161645969737,-0.16288263642863793
6018018018.018018,0.1896545157361,-14.440736242886153,-0.33458867520527596,0.820669694718425,-1.716632073817678,-4.008754183489921,0.820669694718425,-1.716632073817678,-4.008754183489921,0.12574723903454246,-18.010030834820665,-0.018158926308914407
6024024024.024024,0.2008066527839232,-13.94443805967528,-0.25142969614297755,0.820905680029339,-1.7141347868670405,-4.044659721299201,0.820905680029339,-1.7141347868670405,-4.044659721299201,0.1439260639450821,-16.837211028490742,0.08108161805670848
6030030030.03003,0.21393402092811836,-13.3944029222692,-0.1838566749401672,0.8205756393513628,-1.7176276038851281,-4.079958928633381,0.8205756393513628,-1.7176276038851281,-4.079958928633381,0.163470640764232,-15.731204700931956,0.14705590761470877
6036036036.036036,0.2284421731475895,-12.824474341751221,-0.13050521044963673,0.8197246840249571,-1.7266397397846691,-4.11462716381419,0.8197246840249571,-1.7266397397846691,-4.11462716381419,0.1836182313887622,-14.721684000991115,0.18966491801343852
6042042042.042042,0.24384550554765627,-12.257704894443203,-0.08944417089204158,0.8183987910350771,-1.7407004169829947,-4.1486452233617594,0.8183987910350771,-1.7407004169829947,-4.1486452233617594,0.203894461106688,-13.81189143769609,0.21590828086233266
6048048048.048048,0.25976320947211673,-11.708447169545991,-0.05867338009560766,0.8166440537018983,-1.759343917023866,-4.18199905321239,0.8166440537018983,-1.759343917023866,-4.18199905321239,0.22399925874668108,-12.995068376420203,0.23055734026184
6054054054.054054,0.2759036858094798,-11.184849954459327,-0.03636677116598755,0.8145060268858869,-1.7821139561800337,-4.214679404213303,0.8145060268858869,-1.7821139561800337,-4.214679404213303,0.24373887235351432,-12.261504048857558,0.23686482122816135
6060060060.0600605,0.2920468143022863,-10.690950535171853,-0.020958667733518618,0.8120291721014902,-1.8085673694836775,-4.246681448498887,0.8120291721014902,-1.8085673694836775,-4.246681448498887,0.26298640306454074,-11.601334096873309,0.23707926875813723
6066066066.066066,0.3080280759651944,-10.228193937455394,-0.011150253733561892,0.809256402968028,-1.8382771140670964,-4.278004371952521,0.809256402968028,-1.8382771140670964,-4.278004371952521,0.28165856389889465,-11.005540787916438,0.23278410793731963
6072072072.072072,0.3237256492368097,-9.796457789476634,-0.005882341642811025,0.8062287274403525,-1.8708346236209752,-4.308650956144858,0.8062287274403525,-1.8708346236209752,-4.308650956144858,0.29970156750068055,-10.466219711983623,0.2251159546605352
6078078078.078078,0.3390503783838207,-9.394715332189001,-0.004298064353156589,0.8029849802828818,-1.905851561207689,-4.338627161102745,0.8029849802828818,-1.905851561207689,-4.338627161102745,0.31708223401916025,-9.976561812475762,0.21490560165901426
6084084084.084084,0.3539381226894864,-9.021453139337975,-0.0057061259312325115,0.7995616372240114,-1.9429610279869962,-4.367941718163212,0.7995616372240114,-1.9429610279869962,-4.367941718163212,0.3337821670249625,-9.530737401639977,0.20277032452496255
6090090090.09009,0.3683439542372646,-8.674929079664636,-0.009548620029325059,0.7959927010444823,-1.9818182912425575,-4.396605740127013,0.7959927010444823,-1.9818182912425575,-4.396605740127013,0.34979379194122684,-9.123758050925776,0.18917541000112292
6096096096.096096,0.3822377497802578,-8.353328485250085,-0.015374352842056915,0.7923096493734748,-2.022101097191224,-4.424632354036131,0.7923096493734748,-2.022101097191224,-4.424632354036131,0.36511756497983766,-8.751345472458565,0.17447596526290987
6102102102.102102,0.3956008225342414,-8.054856281754452,-0.02281733446921968,0.7885414340403698,-2.06350963319939,-4.452036360216732,0.7885414340403698,-2.06350963319939,-4.452036360216732,0.379759944284075,-8.409816900131432,0.15894587675812616
6108108108.1081085,0.4084233291365931,-7.777789179600553,-0.0315796760438359,0.7847145223134359,-2.105766200976368,-4.478833919782276,0.7847145223134359,-2.105766200976368,-4.478833919782276,0.3937318753162054,-8.09598849293976,0.14279824021018195
6114114114.114115,0.42070225738142303,-7.520503153258106,-0.04141807218061255,0.7808529711186698,-2.1486146577438445,-4.505042271589845,0.7808529711186698,-2.1486146577438445,-4.505042271589845,0.4070476353442587,-7.807095277087747,0.1262000251779732
6120120120.12012,0.4324398527521123,-7.281485784070206,-0.05213313245550456,0.7769785262618424,-2.191819676873841,-4.530679478678537,0.7769785262618424,-2.191819676873841,-4.530679478678537,0.41972393693140936,-7.540725243800436,0.10928277207195308
6126126126.126126,0.4436423798105631,-7.059339474139175,-0.06356095000538697,0.7731107396854654,-2.2351658735166473,-4.555764203473606,0.7731107396854654,-2.2351658735166473,-4.555764203473606,0.43177922378527445,-7.294765174843054,0.0921505119672061
6132132132.132133,0.4543191418173508,-6.852779293620886,-0.0755664178144891,0.7692670988119716,-2.2784568346706884,-4.580315510489255,0.7692670988119716,-2.2784568346706884,-4.580315510489255,0.44323311316224995,-7.06735603389372,0.07488571087912813
6138138138.138138,0.4644817015377503,-6.660627811134089,-0.08803790897162439,0.7654631630059714,-2.3215140872484357,-4.604352694879645,0.7654631630059714,-2.3215140872484357,-4.604352694879645,0.45410595233586465,-6.856856108218143,0.05755378734775049
6144144144.144144,0.4741432602810464,-6.481808366971049,-0.10088302307786653,0.7617127030996472,-2.3641760321502407,-4.627895134942948,0.7617127030996472,-2.3641760321502407,-4.627895134942948,0.4644184653740512,-6.661810419038444,0.0402065850233149
6150150150.15015,0.4833181624414486,-6.3153376871297,-0.11402516862740975,0.7580278407467612,-2.406296867289064,-4.650962166551267,0.7580278407467612,-2.406296867289064,-4.650962166551267,0.47419147236481085,-6.480925208683698,0.022885069676131457
6156156156.156157,0.49202150029829467,-6.160318381364499,-0.1274008035726043,0.7544191850932817,-2.4477455179754353,-4.673572977435333,0.7544191850932817,-2.4477455179754353,-4.673572977435333,0.4834456673246808,-6.313046551867103,0.005621443499311733
6162162162.162163,0.5002687993861835,-6.0159316443886945,-0.1409571965198586,0.7508959648746766,-2.4884045890947117,-4.695746519275968,0.7508959648746766,-2.4884045890947117,-4.695746519275968,0.49220144395435067,-6.157142331132967,-0.011559183384846367
6168168168.168168,0.508075768915627,-5.881430338250323,-0.15465060179837659,0.7474661545750859,-2.5281693500788704,-4.71750143562608,0.7474661545750859,-2.5281693500788704,-4.71750143562608,0.5004787605641033,-6.012286969708621,-0.028637461443967522
6174174174.174174,0.515458104897012,-5.756132545589509,-0.1684447652078049,0.7441365937187171,-2.566946760765107,-4.738856003792775,0.7441365937187171,-2.566946760765107,-4.738856003792775,0.5082970371259056,-5.877648436031313,-0.04559873389845965
6180180180.18018,0.5224313360645222,-5.639415628849779,-0.18230969531214175,0.7409130987179166,-2.6046545438004323,-4.75982808893643,0.7409130987179166,-2.6046545438004323,-4.75982808893643,0.5156750786769655,-5.7524771296551425,-0.0624321751290705
6186186186.186186,0.529010704602566,-5.530710797376095,-0.19622064903522443,0.737800566984983,-2.641220307249235,-4.780435108783355,0.737800566984983,-2.641220307249235,-4.780435108783355,0.5226310203048968,-5.636096333527558,-0.07913009174749035
6192192192.192192,0.5352110751797541,-5.429498164906042,-0.2101572910324987,0.7348030732358988,-2.6765807194366893,-4.800694007492957,0.7348030732358988,-2.6765807194366893,-4.800694007492957,0.5291822897553887,-5.527893977151511,-0.09568735291762435
6198198198.198198,0.5410468669920517,-5.335302269238573,-0.22410299462719044,0.7319239580829793,-2.710680736766885,-4.820621237364534,0.7319239580829793,-2.710680736766885,-4.820621237364534,0.5353455843668207,-5.427315502363345,-0.11210092408020876
6204204204.204205,0.5465320044779602,-5.247688020627804,-0.23804425857549283,0.7291659091388252,-2.7434728842410614,-4.840232747208012,0.7291659091388252,-2.7434728842410614,-4.840232747208012,0.541136859584195,-5.333857661070467,-0.12836948391613145
6210210210.210211,0.5516798831462753,-5.1662570436240145,-0.25197021899845695,0.726531034943563,-2.774916587625932,-4.85954397633556,0.726531034943563,-2.774916587625932,-4.85954397633556,0.5465713267617389,-5.247063104377702,-0.14449310869449064
6216216216.216216,0.5565033475904868,-5.090644377323881,-0.2658722398109338,0.7240209320880712,-2.804977555644554,-4.878569853254573,0.7240209320880712,-2.804977555644554,-4.878569853254573,0.5516634583457236,-5.166515646725268,-0.1604730114500648
6222222222.222222,0.5610146792821759,-5.020515500443902,-0.27974356813667145,0.7216367459436405,-2.833627210147091,-4.8973247982562755,0.7216367459436405,-2.833627210147091,-4.8973247982562755,0.5564269988502935,-5.091836108207105,-0.17631132597969842
6228228228.228228,0.5652255921618325,-4.955563649737828,-0.29357904371046073,0.7193792254281921,-2.860842161936856,-4.915822729197998,0.7193792254281921,-2.860842161936856,-4.915822729197998,0.5608749803096035,-5.02267865410917,-0.19201092762730984
6234234234.234234,0.5691472343967688,-4.895507402694855,-0.307374853275265,0.7172487722450374,-2.886603729751145,-4.934077069870923,0.7172487722450374,-2.886603729751145,-4.934077069870923,0.5650197411172516,-4.958727563663831,-0.20757528437832468
6240240240.24024,0.5727901949659931,-4.840088497963879,-0.3211283225929084,0.7152454850256268,-2.9108974998044337,-4.952100760428657,0.7152454850256268,-2.9108974998044337,-4.952100760428657,0.5688729473559481,-4.899694370641564,-0.22300833300838788
6246246246.246246,0.5761645139723294,-4.789069869414327,-0.33483773998680155,0.7133691987955386,-2.9337129232758326,-4.96990626942685,0.7133691987955386,-2.9337129232758326,-4.96990626942685,0.572445615881793,-4.845315327161701,-0.23831437600311414
6252252252.252253,0.5792796957811361,-4.742233872095477,-0.3485022063871145,0.7116195201654288,-2.9550429491467654,-4.987505607089755,0.7116195201654288,-2.9550429491467654,-4.987505607089755,0.5757481385633293,-4.7953491493582145,-0.2534979957426268
6258258258.258259,0.5821447242502907,-4.6993806805464,-0.36212150770532975,0.7099958586275171,-2.974883689856869,-5.004910339477627,0.7099958586275171,-2.974883689856869,-5.004910339477627,0.5787903071893026,-4.749575009575818,-0.26856398306822166
6264264264.264264,0.5847680794529909,-4.660326841926758,-0.375696006063941,0.7084974543148806,-2.9932341173349664,-5.022131603279483,0.7084974543148806,-2.9932341173349664,-5.022131603279483,0.5815813386546916,-4.707790744813823,-0.28351727785277536
6270270270.27027,0.5871577554088326,-4.624903968270749,-0.38922654698050135,0.7071234025563414,-3.010095787070629,-5.0391801209999025,0.7071234025563414,-3.010095787070629,-5.0391801209999025,0.5841299001139543,-4.669811255375717,-0.2983629196055846
6276276276.276276,0.5893212784325357,-4.592957553830972,-0.40271438007650284,0.7058726755350218,-3.025472588011877,-5.0560662163465935,0.7058726755350218,-3.025472588011877,-5.0560662163465935,0.586444133856975,-4.635467071250399,-0.3131060064755023
6282282282.282282,0.5912657257880678,-4.564345904967376,-0.4161610912712,0.7047441413341514,-3.0393705162027684,-5.072799829658718,0.7047441413341514,-3.0393705162027684,-5.072799829658718,0.5885316817182855,-4.604603066773517,-0.3277516612897594
6288288288.288288,0.5929977444001973,-4.538939171379529,-0.4295685447426792,0.7037365806300154,-3.051797470205211,-5.089390533244075,0.7037365806300154,-3.051797470205211,-5.089390533244075,0.5903997088756824,-4.5770773066852515,-0.3423050034896848
6294294294.294294,0.5945235694290423,-4.516618468674627,-0.442938833206567,0.7028487012692187,-3.062763066480572,-5.105847546517753,0.7028487012692187,-3.062763066480572,-5.105847546517753,0.5920549269320876,-4.552760008887895,-0.35677112601016847
6300300300.300301,0.595849042556988,-4.497275083334935,-0.4562742352859091,0.7020791509460056,-3.0722784730351775,-5.122179750855503,0.7020791509460056,-3.0722784730351775,-5.122179750855503,0.5935036162052535,-4.531532611080722,-0.37115507630221917
6306306306.306307,0.5969796298736495,-4.480809752099396,-0.4695771789322922,0.7014265281752579,-3.080356259758646,-5.138395704092761,0.7014265281752579,-3.080356259758646,-5.138395704092761,0.5947516471751876,-4.513286930055903,-0.3854618408256673
6312312312.312313,0.5979204392740785,-4.467132008625766,-0.4828502100144914,0.700889391738101,-3.0870102640035437,-5.154503654615162,0.700889391738101,-3.0870102640035437,-5.154503654615162,0.595804501059735,-4.497924403821926,-0.39969633244419017
6318318318.318318,0.5986762373098059,-4.456159591054397,-0.49609596532217715,0.7004662687597639,-3.09225547006857,-5.170511554998981,0.7004662687597639,-3.09225547006857,-5.170511554998981,0.5966672895051445,-4.485355407918083,-0.4138633802437803
6324324324.324325,0.5992514654519788,-4.447817904770453,-0.5093171493424843,0.7001556615634632,-3.0961079013545216,-5.1864270751704815,0.7001556615634632,-3.0961079013545216,-5.1864270751704815,0.5973447733917636,-4.475498638317342,-0.42796772136875594
6330330330.33033,0.599650255741897,-4.442039535261964,-0.5225165142605842,0.6999560534295445,-3.0985845240629217,-5.202257615061985,0.6999560534295445,-3.0985845240629217,-5.202257615061985,0.5978413807655688,-4.468280554212952,-0.44201399453194967
6336336336.336336,0.5998764458172355,-4.438763806506033,-0.535696842713881,0.6998659133758763,-3.0997031614007824,-5.218010316749799,0.6998659133758763,-3.0997031614007824,-5.218010316749799,0.5981612239142889,-4.463634874769393,-0.4560067349070792
6342342342.342342,0.5999335933125466,-4.437936380794378,-0.5488609328962413,0.6998837000634763,-3.0994824173419233,-5.233692076065106,0.6998837000634763,-3.0994824173419233,-5.233692076065106,0.5983081156134685,-4.461502124598401,-0.469950370155282
6348348348.348349,0.5998249896408863,-4.439508896335937,-0.5620115856650569,0.7000078649204571,-3.0979416090758183,-5.249309553673953,0.7000078649204571,-3.0979416090758183,-5.249309553673953,0.5982855845724507,-4.461829223321558,-0.48384921737414005
6354354354.354355,0.5995536731699495,-4.44343863935508,-0.5751515933520451,0.7002368545675763,-3.0951007073488745,-5.264869185626419,0.7002368545675763,-3.0951007073488745,-5.264869185626419,0.5980968901139327,-4.464569115104112,-0.49770748078893307
6360360360.360361,0.5991224418111478,-4.449688247745208,-0.5882837300193124,0.7005691126198321,-3.090980283971228,-5.280377193378214,0.7005691126198321,-3.090980283971228,-5.280377193378214,0.5977450361232503,-4.469680434506652,-0.5115292500313404
6366366366.366366,0.5985338650438636,-4.458225443644337,-0.6014107429372787,0.7010030809306113,-3.0856014658245092,-5.295839593290663,0.7010030809306113,-3.0856014658245092,-5.295839593290663,0.5972327843052218,-4.477127205408617,-0.5253184988734996
6372372372.372373,0.5977902954001955,-4.469022792570915,-0.6145353450902906,0.701537200337816,-3.078985894762826,-5.311262205616804,0.701537200337816,-3.078985894762826,-5.311262205616804,0.5965626667875595,-4.486878570115133,-0.5390790843032619
6378378378.378378,0.596893879437445,-4.482057487007257,-0.6276602085413275,0.7021699109650276,-3.071155692851442,-5.3266506629829795,0.7021699109650276,-3.071155692851442,-5.3266506629829795,0.5957369981101189,-4.498908546080749,-0.5528147458424665
6384384384.384384,0.5958465682272647,-4.49731115253702,-0.6407879585085946,0.7028996521251457,-3.0621334324345186,-5.34201041837641,0.7028996521251457,-3.0621334324345186,-5.34201041837641,0.5947578866395995,-4.513195807962735,-0.5665291050233772
6390390390.39039,0.5946501273912085,-4.514769674845293,-0.6539211680252116,0.7037248618689068,-3.051942110566379,-5.35734675264992,0.7037248618689068,-3.051942110566379,-5.35734675264992,0.5936272454488455,-4.529723492971767,-0.5802256649489633
6396396396.396397,0.5933061467131342,-4.534423046068455,-0.6670623530689529,0.7046439762162574,-3.0406051273794086,-5.372664781555665,0.7046439762162574,-3.0406051273794086,-5.372664781555665,0.5923468026995652,-4.54847902771026,-0.5939078098726116
6402402402.402403,0.5918160493589918,-4.55626522914691,-0.6802139680622022,0.7056554281046259,-3.0281462679968603,-5.38796946231986,0.7056554281046259,-3.0281462679968603,-5.38796946231986,0.5909181115664404,-4.569453974892362,-0.6075788047401671
6408408408.408409,0.5901811007346286,-4.580294038980782,-0.69337840165391,0.7067576460847096,-3.0145896876302594,-5.403265599770746,0.7067576460847096,-3.0145896876302594,-5.403265599770746,0.5893425597398568,-4.59264389851929,-0.6212417946439467
6414414414.414414,0.5884024170119277,-4.606511039325671,-0.706557972704674,0.707949052791364,-2.9999598995296646,-5.418557852031977,0.707949052791364,-2.9999598995296646,-5.418557852031977,0.5876213785434398,-4.618048246248574,-0.6348998041432536
6420420420.420421,0.586480973353202,-4.634921454489895,-0.719754926404512,0.7092280632145636,-2.9842817654804703,-5.4338507357934756,0.7092280632145636,-2.9842817654804703,-5.4338507357934756,0.5857556517016733,-4.645670247842055,-0.6485557364108966
6426426426.426426,0.5844176118632716,-4.665534095008631,-0.7329714304595092,0.710593082793141,-2.9675804885631614,-5.449148631171608,0.710593082793141,-2.9675804885631614,-5.449148631171608,0.5837463237916628,-4.675516828714398,-0.6622123721678363
6432432432.432432,0.5822130492979927,-4.69836129657694,-0.746209571289424,0.712042505352068,-2.949881607912766,-5.4644557861703165,0.712042505352068,-2.949881607912766,-5.4644557861703165,0.5815942084120859,-4.707598537725769,-0.6758723683715603
6438438438.438438,0.579867884557307,-4.733418871622159,-0.7594713501829244,0.7135747109023751,-2.931210995233001,-5.479776320754464,0.7135747109023751,-2.931210995233001,-5.479776320754464,0.5792999961012534,-4.741929488475758,-0.6895382566251173
6444444444.444445,0.5773826059901584,-4.770726072988111,-0.7727586793610209,0.7151880633214485,-2.911594852835851,-5.495114230546422,0.7151880633214485,-2.911594852835851,-5.495114230546422,0.5768642620349737,-4.778527313462176,-0.7032124412757916
6450450450.450451,0.5747575985377469,-4.810305569291973,-0.7860733779022554,0.7168809079302879,-2.8910597129916327,-5.510473390156493,0.7168809079302879,-2.8910597129916327,-5.510473390156493,0.5742874735339085,-4.817413130564444,-0.716897197172564
6456456456.456457,0.5719931507408248,-4.852183431596659,-0.7994171674854985,0.7186515689833949,-2.869632438387024,-5.525857556157574,0.7186515689833949,-2.869632438387024,-5.525857556157574,0.5715699974088457,-4.858611521405688,-0.7305946670524422
6462462462.462462,0.5690894616358024,-4.8963891311227306,-0.8127916679078859,0.7204983470862503,-2.847340223499324,-5.541270369714014,0.7204983470862503,-2.847340223499324,-5.541270369714014,0.5687121071712926,-4.902150521233615,-0.7443068585251494
6468468468.468469,0.56604664756354,-4.942955547801363,-0.8261983923363134,0.7224195165548073,-2.8242105967047837,-5.556715358874475,0.7224195165548073,-2.8242105967047837,-5.556715358874475,0.565713990135568,-4.948061620045988,-0.7580356406251728
6474474474.474474,0.5628647489138239,-4.991918989545799,-0.839638742251524,0.7244133227310665,-2.8002714229469805,-5.57219594053825,0.7244133227310665,-2.8002714229469805,-5.57219594053825,0.5625757544375465,-4.996379774766613,-0.7717827398992377
6480480480.48048,0.5595437368274623,-5.04331922219634,-0.853114002043376,0.7264779792685937,-2.775550906798289,-5.587715422104415,0.7264779792685937,-2.775550906798289,-5.587715422104415,0.5592974359939484,-5.0471434323598405,-0.7855497359951992
6486486486.486486,0.5560835198770641,-5.097199510168776,-0.8666253332154104,0.7286116654017655,-2.7500775957536066,-5.603277002812886,0.7286116654017655,-2.7500775957536066,-5.603277002812886,0.5558790054251178,-5.100394563848381,-0.799338056716887
6492492492.492493,0.5524839507464469,-5.15360666791564,-0.8801737681553466,0.7308125232125895,-2.723880383600623,-5.6188837747865055,0.7308125232125895,-2.723880383600623,-5.6188837747865055,0.5523203749628132,-5.156178709283368,-0.8131489725063098
6498498498.498499,0.5487448329276083,-5.212591122389332,-0.8937602034262312,0.7330786549091162,-2.696988513715231,-5.634538723783143,0.7330786549091162,-2.696988513715231,-5.634538723783143,0.548621405363666,-5.21454503379249,-0.8269835903119273
6504504504.504505,0.5448659274531005,-5.274206986779849,-0.9073853925303996,0.7354081201297151,-2.6694315821345835,-5.650244729666828,0.7354081201297151,-2.6694315821345835,-5.650244729666828,0.5447819128475118,-5.2755463949199575,-0.8408428467974375
6510510510.51051,0.5408469596804594,-5.338512145888734,-0.9210499380952626,0.7377989332878689,-2.6412395402631144,-5.666004566607115,0.7377989332878689,-2.6412395402631144,-5.666004566607115,0.5408016760787985,-5.33923942155602,-0.8547275008416946
6516516516.516517,0.536687626144206,-5.405568353593778,-0.9347542834257461,0.7402490609725393,-2.6124426970698726,-5.681820903015896,0.7402490609725393,-2.6124426970698726,-5.681820903015896,0.5366804432077825,-5.405684604849678,-0.8686381252746297
6522522522.522522,0.532387601489608,-5.475441342961009,-0.948498703363496,0.7427564194196753,-2.583071720637582,-5.6976963012312005,0.7427564194196753,-2.583071720637582,-5.6976963012312005,0.532417938987152,-5.474946401592625,-0.8825750977884903
6528528528.528528,0.5279465455011334,-5.548200949668759,-0.9622832943871487,0.745318872070974,-2.5531576389259114,-5.713633216957851,0.745318872070974,-2.5531576389259114,-5.713633216957851,0.528013871978211,-5.547093350670296,-0.8965385909563329
6534534534.534534,0.5233641102371366,-5.623921249527918,-0.976107963881177,0.7479342272365714,-2.5227318396134675,-5.729633998475115,0.7479342272365714,-2.5227318396134675,-5.729633998475115,0.5234679418594642,-5.6221982032883036,-0.9105285612818159
6540540540.540541,0.5186399472809047,-5.702680711012715,-0.9899724184926763,0.7506002358789597,-2.4918260688846674,-5.745700885622042,0.7506002358789597,-2.4918260688846674,-5.745700885622042,0.5187798468489394,-5.700338067807708,-0.924544737194828
6546546546.546547,0.5137737151165598,-5.784562363862835,-1.0038761514860088,0.7533145895360274,-2.4604724290296174,-5.761836008571682,0.7533145895360274,-2.4604724290296174,-5.761836008571682,0.5139492912501237,-5.781594570158494,-0.9385866058966771
6552552552.552553,0.5087650866369509,-5.869653984974493,-1.0178184289943486,0.7560749184017344,-2.4287033747269913,-5.778041386405962,0.7560749184017344,-2.4287033747269913,-5.778041386405962,0.5089759931298371,-5.866054030951206,-0.9526533989456711
6558558558.558558,0.5036137567888681,-5.958048302979559,-1.031798275053753,0.7588787895834955,-2.39655170788234,-5.794318925503677,0.7588787895834955,-2.39655170788234,-5.794318925503677,0.5038596921347935,-5.9538076605735055,-0.9667440764595429
6564564564.564565,0.49831945035924546,-6.049843223111699,-1.0458144552906745,0.7617237055559111,-2.3640505708965724,-5.810670417754822,0.7617237055559111,-2.3640505708965724,-5.810670417754822,0.49860015745196845,-6.044951773744376,-0.9808573097937868
6570570570.57057,0.49288192990436913,-6.145142074181866,-1.0598654591156673,0.7646071028309528,-2.3312334382424855,-5.827097538615265,0.7646071028309528,-2.3312334382424855,-5.827097538615265,0.4931971959162236,-6.139588025207092,-0.994991462535283
6576576576.576576,0.48730100382227204,-6.244053879740226,-1.0739494802553795,0.7675263508651307,-2.2981341062306857,-5.843601845016665,0.7675263508651307,-2.2981341062306857,-5.843601845016665,0.48765066026708015,-6.237823668473515,-1.0091445696270795
6582582582.582582,0.4815765345666879,-6.346693655788749,-1.088064395430253,0.77047875122447,-2.264786680850493,-5.86018477314743,0.77047875122447,-2.264786680850493,-5.86018477314743,0.48196045755469236,-6.33977183979815,-1.0233143144134884
6588588588.588589,0.4757084469992229,-6.453182737732682,-1.1022077409567272,0.7734615370283584,-2.2312255635759777,-5.876847636121519,0.7734615370283584,-2.2312255635759777,-5.876847636121519,0.4761265576937268,-6.445551869851938,-1.0374980033621821
6594594594.594595,0.46969673687465324,-6.563649139628808,-1.1163766870186533,0.7764718726933466,-2.1974854350334634,-5.893591621552856,0.7764718726933466,-2.1974854350334634,-5.893591621552856,0.4701490021620399,-6.555289625905596,-1.0516925381833115
6600600600.600601,0.46354147945250757,-6.678227949210891,-1.1305680093127441,0.7795068539979491,-2.1636012364328288,-5.9104177890542555,0.7795068539979491,-2.1636012364328288,-5.9104177890542555,0.46402791283989503,-6.669117887707038,-1.0658943850213545
6606606606.6066065,0.45724283822668293,-6.797061762651053,-1.1447780577253808,0.7825635084891969,-2.129608148672931,-5.927327067680657,0.7825635084891969,-2.129608148672931,-5.927327067680657,0.4577635009839165,-6.787176760673931,-1.0800995403433624
6612612612.612613,0.45080107376330175,-6.920301163569134,-1.1590027216422107,0.7856387962512571,-2.095541569039859,-5.944320253337763,0.7856387962512571,-2.095541569039859,-5.944320253337763,0.4513560763292849,-6.909614130507029,-1.0943034930867732
6618618618.618618,0.44421655263604876,-7.048105251430306,-1.1732373914252154,0.7887296110557624,-2.061437085426504,-5.961398006177992,0.7887296110557624,-2.061437085426504,-5.961398006177992,0.4448060563125753,-7.036586163896508,-1.1085011825565527
6624624624.624624,0.437489756447218,-7.18064222520044,-1.1874769155125298,0.791832781912604,-2.027330448012737,-5.978560848006924,0.791832781912604,-2.027330448012737,-5.978560848006924,0.4381139754077264,-7.16825786062493,-1.122686951475766
6630630630.6306305,0.43062129092251045,-7.318090028960706,-1.2017155525017265,0.794945075038776,-1.9932575383577724,-5.995809159724219,0.794945075038776,-1.9932575383577724,-5.995809159724219,0.43128049456744005,-7.304803663108577,-1.1368544934907712
6636636636.636637,0.42361189506756397,-7.4606370671515885,-1.2159469174634419,0.79806319626147,-1.959254335869388,-6.013143178824085,0.79806319626147,-1.959254335869388,-6.013143178824085,0.4243064107634322,-7.446408130250967,-1.1509967943093875
6642642642.642643,0.41646245037516333,-7.608482998229836,-1.2301639215963154,0.801183793869916,-1.9253568816294309,-6.030562996981218,0.801183793869916,-1.9253568816294309,-6.030562996981218,0.41719266662057825,-7.593266683443591,-1.1651060655036607
6648648648.648649,0.40917399007364397,-7.761839616817706,-1.2443587041692967,0.8043034619284741,-1.8916012395710091,-6.04806855774877,0.8043034619284741,-1.8916012395710091,-6.04806855774877,0.4099403601424736,-7.745586433656332,-1.1791736698315616
6654654654.6546545,0.4017477084098431,-7.920931835924509,-1.2585225554992865,0.8074187440612565,-1.8580234550193633,-6.065659654395844,0.8074187440612565,-1.8580234550193633,-6.065659654395844,0.40255075453029404,-7.903587099820355,-1.1931900367193338
6660660660.660661,0.39418496996390884,-8.085998782571375,-1.2726458294704397,0.810526137715929,-1.8246595106272665,-6.08333592791231,0.810526137715929,-1.8246595106272665,-6.08333592791231,0.3950252881018738,-8.067502030176389,-1.207144566287529
6666666666.666666,0.3864873189990737,-8.257295022187428,-1.2867178438079052,0.8136220989115089,-1.7915452797547977,-6.101096865209184,0.8136220989115089,-1.7915452797547977,-6.101096865209184,0.3873655843259911,-8.237579339930281,-1.2210255199911662
6672672672.672672,0.37865648885721387,-8.43509192952812,-1.300726765959711,0.8167030474718143,-1.7587164773637,-6.118941797543134,0.8167030474718143,-1.7587164773637,-6.118941797543134,0.37957346199616726,-8.414083180506793,-1.234819895561478
6678678678.6786785,0.3706944114212753,-8.619679226654322,-1.314659481999177,0.8197653727427524,-1.726208608518093,-6.1368698991935,0.8197653727427524,-1.726208608518093,-6.1368698991935,0.37165094558169487,-8.597295157912692,-1.2485132834701775
6684684684.684685,0.3626032266791289,-8.81136671177625,-1.3285014454166049,0.8228054397879576,-1.6940569146050168,-6.15488018642016,0.8228054397879576,-1.6940569146050168,-6.15488018642016,0.3636002758099071,-8.787515920295393,-1.2620897015617958
6690690690.690691,0.3543852924407957,-9.01048620659967,-1.3422365019949911,0.8258195960533089,-1.6622963174112428,-6.172971516730073,0.8258195960533089,-1.6622963174112428,-6.172971516730073,0.35542392055522953,-8.985066937730299,-1.2755314037911103
6696696696.696697,0.3460431942832454,-9.217393754316078,-1.355846686126143,0.828804178486723,-1.6309613612154528,-6.191142588479687,0.828804178486723,-1.6309613612154528,-6.191142588479687,0.34712458613753233,-9.190292500659035,-1.2888186581233958
6702702702.702703,0.33757975582572264,-9.432472105666626,-1.3693119828741036,0.8317555210952345,-1.6000861530785282,-6.209391940839366,0.8317555210952345,-1.6000861530785282,-6.209391940839366,0.3387052291671195,-9.403561967261263,-1.3019294875608047
6708708708.708709,0.3289980494750059,-9.65613353673017,-1.382610048774093,0.8346699629169316,-1.5697043015373642,-6.2277179541448975,0.8346699629169316,-1.5697043015373642,-6.2277179541448975,0.33016906911726634,-9.625272294444033,-1.3148393668880909
6714714714.714715,0.3203014078269131,-9.888823049382562,-1.3957158826871745,0.8375438563806988,-1.5398488539308544,-6.246118850659519,0.8375438563806988,-1.5398488539308544,-6.246118850659519,0.32151960186157813,-9.85585089206979,-1.3275208660084301
6720720720.72072,0.3114934359702611,-10.131022013928062,-1.4086014359102252,0.8403735760221345,-1.5105522326085261,-6.264592695768162,0.8403735760221345,-1.5105522326085261,-6.264592695768162,0.3127606144845286,-10.095758845555174,-1.3399432285612636
6726726726.726727,0.3025780250168392,-10.38325232337989,-1.4212351480289116,0.8431555275193898,-1.4818461702938044,-6.283137399623551,0.8431555275193898,-1.4818461702938044,-6.283137399623551,0.3038962017652582,-10.34549455797322,-1.3520718717467526
6732732732.732733,0.2935593672806894,-10.64608114044568,-1.4335813915099214,0.8458861570081654,-1.4537616448938728,-6.301750719261322,0.8458861570081654,-1.4537616448938728,-6.301750719261322,0.29493078485233915,-10.605597869160095,-1.3638677897419358
6738738738.738739,0.2844419736598099,-10.920126331574028,-1.4455998035076507,0.8485619606307254,-1.4263288140666246,-6.32043026119877,0.8485619606307254,-1.4263288140666246,-6.32043026119877,0.2858691327996843,-10.876654715749012,-1.375286838546277
6744744744.744745,0.2752306939432728,-11.20606269747574,-1.4572444774635365,0.8511794942696437,-1.3995769498717912,-6.339173484528907,0.8511794942696437,-1.3995769498717912,-6.339173484528907,0.27671638783221214,-11.159302401976882,-1.386278874212888
6750750750.7507515,0.26593074099099195,-11.504629126172398,-1.468462979333003,0.8537353834131043,-1.3735343738480021,-6.357977704518199,0.8537353834131043,-1.3735343738480021,-6.357977704518199,0.2674780954701323,-11.454235555543907,-1.3967867087727064
6756756756.756757,0.2565477200312167,-11.816636812318599,-1.4791951430337786,0.8562263330950857,-1.3482283928694059,-6.376840096713144,0.8562263330950857,-1.3482283928694059,-6.376840096713144,0.25816024098468693,-11.762212844067,-1.4067448381499876
6762762762.762763,0.24708766472091007,-12.142978704047508,-1.4893715860619077,0.8586491378506625,-1.3236852361447873,-6.395757701557115,0.8586491378506625,-1.3236852361447873,-6.395757701557115,0.24876929411584858,-12.084064522953703,-1.4160778831890442
6768768768.768768,0.23755708215568724,-12.484640353492708,-1.4989118678976563,0.861000691624047,-1.2999299937286113,-6.41472742951511,0.861000691624047,-1.2999299937286113,-6.41472742951511,0.23931226459808194,-12.420700870123317,-1.4246986674618796
6774774774.774775,0.2279630097571082,-12.842712354873505,-1.5077221890283934,0.8632779975649887,-1.2769865569160612,-6.433746066700246,0.8632779975649887,-1.2769865569160612,-6.433746066700246,0.2297967718730749,-12.773121529278221,-1.4325058322800035
6780780780.780781,0.2183130879895044,-13.218404546354378,-1.5156924945996793,0.8654781776476824,-1.2548775608942042,-6.4528102809916685,0.8654781776476824,-1.2548775608942042,-6.4528102809916685,0.22023113350832263,-13.142425718629623,-1.4393808582064886
6786786786.786787,0.2086156542901162,-13.613062114092875,-1.5226928002322213,0.8675984820456053,-1.2336243300170553,-6.4719166286296925,0.8675984820456053,-1.2336243300170553,-6.4719166286296925,0.21062447841222987,-13.529823145291331,-1.4451843204852834
6792792792.792793,0.19887986561987328,-14.0281836429713,-1.5285684931928025,0.8696362981956163,-1.2132468260649163,-6.491061561269702,0.8696362981956163,-1.2132468260649163,-6.491061561269702,0.20098689312636916,-13.936645262385422,-1.4497511492645851
6798798798.7987995,0.18911585993495827,-14.465440962664896,-1.5331342723961505,0.8715891594853283,-1.1937635998369072,-6.510241433472548,0.8715891594853283,-1.1937635998369072,-6.510241433472548,0.1913296125529514,-14.364356158987835,-1.4528845890241189
6804804804.804805,0.17933497106471633,-14.926700259007312,-1.5361662649187606,0.8734547534992018,-1.1751917464103263,-6.5294525106051235,0.8734547534992018,-1.1751917464103263,-6.5294525106051235,0.18166527084007938,-14.814561786707749,-1.454348448315632
6810810810.810811,0.1695500176079296,-15.414043215680003,-1.5373916796276756,0.8752309297609667,-1.1575468643819,-6.5486909771211055,0.8752309297609667,-1.1575468643819,-6.5486909771211055,0.1720082343867916,-15.289015240553056,-1.4538570921901464
6816816816.816816,0.15977569553205695,-15.929785664281377,-1.5364751090815092,0.8769157069129222,-1.1408430193835934,-6.56795294518827,0.8769157069129222,-1.1408430193835934,-6.56795294518827,0.16237504791313942,-15.789614155371819,-1.4510624459001307
6822822822.822823,0.15002911774166036,-16.476488892578494,-1.5330002411635588,0.8785072792763512,-1.125092712139709,-6.587234463625486,0.8785072792763512,-1.125092712139709,-6.587234463625486,0.15278503753510533,-16.318383495588,-1.4455370417569267
6828828828.828829,0.14033056440483788,-17.056954561370638,-1.5264452588063966,0.8800040227416236,-1.1103068513035341,-6.606531527109486,0.8800040227416236,-1.1103068513035341,-6.606531527109486,0.14326113360396917,-16.877432333127633,-1.436751853072613
6834834834.834835,0.13070453903936075,-17.674186604086387,-1.516149560886714,0.8814044999416166,-1.096494731279787,-6.625840085608833,0.8814044999416166,-1.096494731279787,-6.625840085608833,0.1338310031862255,-17.468865331813923,-1.4240473510492715
6840840840.840841,0.12118127289173053,-18.331289799464933,-1.501268638261735,0.882707464667683,-1.083664015205164,-6.645156054000248,0.882707464667683,-1.083664015205164,-6.645156054000248,0.1245286204973181,-18.094616458018844,-1.4065960004724225
6846846846.846848,0.11179889190619288,-19.031250018689718,-1.4807131259918924,0.8839118654935584,-1.0718207232228907,-6.6644753218205395,0.8839118654935584,-1.0718207232228907,-6.6644753218205395,0.1153964560543776,-18.756150572247282,-1.3833545726460643
6852852852.852853,0.10260656595165554,-19.77649694328858,-1.4530677504447118,0.8850168485791852,-1.0609692261493384,-6.683793763105959,0.8850168485791852,-1.0609692261493384,-6.683793763105959,0.10648853099524391,-19.453943279940763,-1.3530059204943612
6858858858.858859,0.09366910414604195,-20.568072667095436,-1.4164876463716964,0.886021759633395,-1.051112244591506,-6.703107246269925,0.886021759633395,-1.051112244591506,-6.703107246269925,0.09787464851419926,-20.186595691245586,-1.3138938759549625
6864864864.864864,0.08507362298936332,-21.40410143423128,-1.3685774208731445,0.886926145021585,-1.0422508535344894,-6.722411643969414,0.886926145021585,-1.0422508535344894,-6.722411643969414,0.08964612999644928,-20.94936908187193,-1.2639651696096619
6870870870.870871,0.07693898506706998,-22.277070938873187,-1.3062821928464783,0.8877297520119297,-1.034384492377642,-6.741702842910527,0.8877297520119297,-1.034384492377642,-6.741702842910527,0.08192320887163264,-21.73186090081465,-1.2007552438817364
6876876876.876877,0.06942831185672874,-23.169267888940823,-1.2258800058105994,0.8884325281610632,-1.0275109803586902,-6.76097675354398,0.8884325281610632,-1.0275109803586902,-6.76097675354398,0.07486353711629362,-22.5145931480125,-1.1214998030471037
6882882882.882883,0.0627630200448326,-24.045923342094074,-1.1232914292262108,0.8890346198475844,-1.0216265372656066,-6.780229319602515,0.8890346198475844,-1.0216265372656066,-6.780229319602515,0.06866940303045059,-23.26473456156925,-1.0235236951694124
6888888888.888889,0.05723157283998915,-24.847286372644042,-0.9951092060535368,0.8895363699689383,-1.0167258092985663,-6.799456527433416,0.8895363699689383,-1.0167258092985663,-6.799456527433416,0.06358752671189996,-23.932561338435427,-0.9051123807913807
6894894894.894896,0.05317607612101358,-25.4856742509065,-0.8407754390598131,0.8899383148242306,-1.0128018999079265,-6.818654415081311,0.8899383148242306,-1.0128018999079265,-6.818654415081311,0.05989045445129577,-24.452847829168643,-0.766949111637977
6900900900.900901,0.050932096655152505,-25.860168908433675,-0.6655092804647639,0.8902411802121452,-1.0098464054003984,-6.837819081078731,0.8902411802121452,-1.0098464054003984,-6.837819081078731,0.05782856544953812,-24.757151621705084,-0.6136416749075088
6906906906.906907,0.050717756570310225,-25.89679930232265,-0.4815500163003646,0.8904458767793475,-1.0078494550739936,-6.856946692904517,0.8904458767793475,-1.0078494550739936,-6.856946692904517,0.05755790570095988,-24.797900333299218,-0.45401217637677654
6912912912.912912,0.052531582805165136,-25.591590269415416,-0.3047150363981972,0.8905534946604462,-1.0067997556137545,-6.87603349507313,0.8905534946604462,-1.0067997556137545,-6.87603349507313,0.0590798792639931,-24.571208017721446,-0.2989655744927764
6918918918.918919,0.05614897043469632,-25.013164053813433,-0.14783316999205603,0.8905652974556892,-1.006684639454903,-6.8950758168213495,0.8905652974556892,-1.006684639454903,-6.8950758168213495,0.06223763485717426,-24.11893839363053,-0.15785555965666934
6924924924.924925,0.06122166540403767,-24.261897210570474,-0.016817595970851598,0.8904827155970736,-1.007490116797792,-6.91407007936221,0.8904827155970736,-1.007490116797792,-6.91407007936221,0.06677267457836264,-23.50802455519826,-0.03598686766856424
6930930930.930931,0.06739220605795565,-23.42780653865423,0.08845014564524459,0.8903073391573263,-1.009200930940784,-6.933012802679852,0.8903073391573263,-1.009200930940784,-6.933012802679852,0.07239917530816728,-22.80532761560184,0.06542945263498198
6936936936.936937,0.07435838633492199,-22.57340087005311,0.17121335554689626,0.8900409101593492,-1.0118006165820321,-6.951900611842901,0.8900409101593492,-1.0118006165820321,-6.951900611842901,0.0788562478988952,-22.06327782336197,0.14783818481626568
6942942942.942944,0.08188853899653908,-21.735537544489397,0.23554622572715728,0.8896853144460671,-1.0152715607303355,-6.970730242817769,0.8896853144460671,-1.0152715607303355,-6.970730242817769,0.08592946698003673,-21.317157642504178,0.21383552583887763
6948948948.948949,0.08981275979315075,-20.933239165519602,0.28522655455781226,0.8892425731722996,-1.0195950658575845,-6.9894985477675,0.8892425731722996,-1.0195950658575845,-6.9894985477675,0.09345207874712241,-20.58822067471023,0.26620639870674767
6954954954.954955,0.09800814926387644,-20.174756234478743,0.3233762769855395,0.8887148339811883,-1.0247514149217982,-7.0082024998256305,0.8887148339811883,-1.0247514149217982,-7.0082024998256305,0.10129764394816172,-19.8880131129744,0.307473601888725
6960960960.96096,0.10638554263580842,-19.46234773783079,0.35245019657754734,0.8881043619279624,-1.030719937889464,-7.026839197338555,0.8881043619279624,-1.030719937889464,-7.026839197338555,0.10937098887511713,-19.221957224095895,0.3397547463778479
6966966966.966967,0.11487948093805402,-18.795150707552242,0.3743403910447824,0.8874135302133749,-1.0374790793892417,-7.04540586757373,0.8874135302133749,-1.0374790793892417,-7.04540586757373,0.11760024272155381,-18.59183563789783,0.3647636515862696
6972972972.972973,0.12344112885363243,-18.17080230716424,0.39049788078388936,0.88664481078809,-1.0450064671354429,-7.063899869894734,0.88664481078809,-1.0450064671354429,-7.063899869894734,0.12593063440076546,-17.9973721757868,0.3838648211835357
6978978978.978979,0.13203339971443467,-17.586323879389123,0.4020384710562917,0.8858007648876304,-1.0532789807693035,-7.082318698407773,0.8858007648876304,-1.0532789807693035,-7.082318698407773,0.134319912098634,-17.437192021600673,0.3981387640480539
6984984984.984985,0.1406276183430828,-17.038587566963578,0.4098259857795152,0.884884033555334,-1.0622728207780079,-7.10065998408753,0.884884033555334,-1.0622728207780079,-7.10065998408753,0.14273503792833767,-16.90938810447514,0.4084417124549581
6990990990.990992,0.14920122614000747,-16.52455215608051,0.41453501452640373,0.8838973282080931,-1.071963577166225,-7.118921496393345,0.8838973282080931,-1.071963577166225,-7.118921496393345,0.15114982009627564,-16.411847307962283,0.41545500625239234
6996996996.996997,0.15773618740984743,-16.041373211479904,0.41669741222639317,0.882843421296611,-1.0823262975713608,-7.137101144389528,0.882843421296611,-1.0823262975713608,-7.137101144389528,0.15954321455715553,-15.942433236247371,0.41972411087629674
7003003003.003003,0.1662178688843354,-15.586445803490667,0.41673659694907345,0.8817251371084753,-1.0933355545325136,-7.155196977386274,0.8817251371084753,-1.0933355545325136,-7.155196977386274,0.16789809949661985,-15.499084395619276,0.4216887925796914
7009009009.009008,0.17463424118989,-15.157411970702345,0.4149928953244669,0.8805453427586859,-1.1049655116428743,-7.173207185119765,0.8805453427586859,-1.1049655116428743,-7.173207185119765,0.17620038326514073,-15.079863025204197,0.42170624640496307
7015015015.015015,0.1829753017448281,-14.752150559470929,0.411742374962987,0.879306939408352,-1.117189988336669,-7.191130097492212,0.879306939408352,-1.117189988336669,-7.191130097492212,0.18443834838588424,-14.682975509372302,0.4200687858619687
7021021021.021021,0.1912326518003272,-14.368759052284037,0.407210941366323,0.8780128537482415,-1.1299825230836102,-7.208964183894089,0.8780128537482415,-1.1299825230836102,-7.208964183894089,0.19260216384610349,-14.306776759479584,0.41701739885157574
7027027027.027027,0.1993991821288582,-14.00553254713242,0.4015849788224187,0.8766660297796961,-1.143316434786625,-7.226708052132439,0.8766660297796961,-1.143316434786625,-7.226708052132439,0.20068351836891882,-13.949765871162361,0.41275218000430125
7033033033.033033,0.20746883624487278,-13.660942582731392,0.3950194534854409,0.8752694209212767,-1.1571648822013,-7.244360446990018,0.8752694209212767,-1.1571648822013,-7.244360446990018,0.2086753414693821,-13.610577343222115,0.40744040431498096
7039039039.03904,0.21543642962338444,-13.333617139917477,0.38764413889190547,0.8738259824653266,-1.1715009212185172,-7.261920248441015,0.8738259824653266,-1.1715009212185172,-7.261920248441015,0.2165715888218837,-13.287970347305887,0.40122281527020515
7045045045.045045,0.22329750983435914,-13.022322401197927,0.3795684410180659,0.8723386644045543,-1.1862975598744365,-7.279386469549647,0.8723386644045543,-1.1862975598744365,-7.279386469549647,0.22436707519846294,-12.98081746781249,0.3942185555009256
7051051051.051051,0.23104824690615208,-12.725946447417346,0.37088516990860004,0.8708104046447651,-1.2015278109741152,-7.296758254078176,0.8708104046447651,-1.2015278109741152,-7.296758254078176,0.23205734293099167,-12.688093695172164,0.3865290597411386
7057057057.057056,0.23868534626042723,-12.443484861053609,0.36167351219107713,0.869244122616036,-1.2171647422366842,-7.314034873830996,0.869244122616036,-1.2171647422366842,-7.314034873830996,0.23963855714882057,-12.4088660787618,0.3782411497005813
7063063063.063063,0.24620597867284139,-12.174028104203057,0.35200139232749417,0.8676427132909681,-1.2331815238908626,-7.331215725761408,0.8676427132909681,-1.2331815238908626,-7.331215725761408,0.24710742138121042,-12.142284224576127,0.3694295111812571
7069069069.069069,0.2536077232024503,-11.91675049742015,0.3419273624907824,0.8660090416152265,-1.249551473669194,-7.348300328867113,0.8660090416152265,-1.249551473669194,-7.348300328867113,0.25446110878620715,-11.88757169524468,0.36015868988204813
7075075075.075075,0.260888520093766,-11.670900615743447,0.33150212608082774,0.8643459373523403,-1.266248099168331,-7.365288320900213,0.8643459373523403,-1.266248099168331,-7.365288320900213,0.2616972054738742,-11.644018298731298,0.3504847097371747
7081081081.081081,0.2680466314191395,-11.435792924921381,0.32076977434516507,0.8626561903417661,-1.2832451375601914,-7.382179454916666,0.8626561903417661,-1.2832451375601914,-7.382179454916666,0.26881366327002043,-11.410973214449943,0.34045639331125355
7087087087.087088,0.2750806077843348,-11.210800495303864,0.30976879670347973,0.8609425461665126,-1.3005165926549953,-7.3989735956893465,0.8609425461665126,-1.3005165926549953,-7.3989735956893465,0.2758087599111685,-11.1878388878831,0.3301164455305822
7093093093.093094,0.28198925982749423,-10.995348648256726,0.29853291133638915,0.8592077022241392,-1.3180367693324546,-7.415670716007959,0.8592077022241392,-1.3180367693324546,-7.415670716007959,0.282681065138395,-10.974065618771043,0.31950234826830115
7099099099.099099,0.28877163354313723,-10.788909407694984,0.28709175207183113,0.8574543041927666,-1.335780305370865,-7.432270892888028,0.8574543041927666,-1.335780305370865,-7.432270892888028,0.2894294115136509,-10.769146768482097,0.3086471028589857
7105105105.105105,0.295426988687603,-10.590996646107882,0.2754714396508177,0.8556849428817931,-1.3537222007162806,-7.448774303710014,0.8556849428817931,-1.3537222007162806,-7.448774303710014,0.2960528690492534,-10.572614516248876,0.297579849646769
7111111111.111111,0.3019547796913148,-10.401161829665424,0.26369505940326804,0.8539021514553252,-1.3718378442450685,-7.46518122230848,0.8539021514553252,-1.3718378442450685,-7.46518122230848,0.3025507229434896,-10.384036099714978,0.28632638754880024
7117117117.117117,0.3083546386310682,-10.218990280461394,0.2517830627285653,0.8521084030149039,-1.3901030380828006,-7.481492015030053,0.8521084030149039,-1.3901030380828006,-7.481492015030053,0.30892245386939987,-10.203010481612655,0.2749096118860492
7123123123.123123,0.3146263599128866,-10.044097885676631,0.23975360620010755,0.8503061085269291,-1.4084940195507665,-7.497707136777514,0.8503061085269291,-1.4084940195507665,-7.497707136777514,0.3151677203814135,-10.029165390788892,0.26334988505846757
7129129129.129129,0.32076988639052495,-9.876128193561101,0.22762283933564925,0.8484976150791932,-1.4269874808189023,-7.513827127056284,0.8484976150791932,-1.4269874808189023,-7.513827127056284,0.3212863430957047,-9.86215469184735,0.2516653517677609
7135135135.135136,0.3267852967020677,-9.71474984480045,0.21540514990751417,0.8466852044502053,-1.4455605863497156,-7.529852606038174,0.8466852044502053,-1.4455605863497156,-7.529852606038174,0.32727829037034784,-9.701656043248121,0.23987220823440103
7141141141.141142,0.3326727936515742,-9.55965429522505,0.20311337396167228,0.8448710919744303,-1.4641909882228106,-7.545784270656009,0.8448710919744303,-1.4641909882228106,-7.545784270656009,0.3331436652659714,-9.547368808726699,0.22798493307049258
7147147147.147147,0.33843269349705485,-9.410553792120597,0.1907589763677119,0.8430574256861847,-1.4828568394336104,-7.561622890741563,0.8430574256861847,-1.4828568394336104,-7.561622890741563,0.338882693610682,-9.399012191343207,0.21601648605379614
7153153153.153153,0.34406541603313356,-9.267179571748851,0.17835220665120424,0.8412462857247494,-1.5015368052626141,-7.577369305218003,0.8412462857247494,-1.5015368052626141,-7.577369305218003,0.34449571302638915,-9.256323563403889,0.20397847991616086
7159159159.159159,0.3495714753776588,-9.129280250243198,0.16590223400461554,0.8394396839832031,-1.5202100728135974,-7.593024418356742,0.8394396839832031,-1.5202100728135974,-7.593024418356742,0.349983162800137,-9.119056968930527,0.19188132935267996
7165165165.165165,0.35495147138818817,-8.996620383911278,0.1534172646861191,0.837639563983554,-1.5388563588205013,-7.608589196107715,0.837639563983554,-1.5388563588205013,-7.608589196107715,0.35534557450508214,-8.986981778343589,0.1797343807254774
7171171171.171171,0.36020608164718765,-8.86897917827433,0.14090464446158008,0.8358478009609811,-1.5574559158228853,-7.624064662510715,0.8358478009609811,-1.5574559158228853,-7.624064662510715,0.36058356329215696,-8.859881477630676,0.16754602534460236
7177177177.177177,0.3653360539651185,-8.746149327978864,0.12837094829574117,0.8340662021402893,-1.5759895368098409,-7.639451896194588,0.8340662021402893,-1.5759895368098409,-7.639451896194588,0.36569781978684035,-8.737552576524159,0.1553237987257511
7183183183.183184,0.37034219935869456,-8.62793597211234,0.11582205913295936,0.8322965071880913,-1.5944385584312921,-7.654752026970025,0.8322965071880913,-1.5944385584312921,-7.654752026970025,0.37068910253578263,-8.619803622173302,0.14307446783190567
7189189189.18919,0.3752253854680478,-8.514155751501741,0.1032632373085409,0.8305403888247185,-1.6127848628742059,-7.66996623252075,0.8305403888247185,-1.6127848628742059,-7.66996623252075,0.3755582309566344,-8.506454306487361,0.1308041079826583
7195195195.195195,0.37998653038166913,-8.404635956326619,0.09069918188647204,0.828799453580402,-1.6310108784993935,-7.685095735197045,0.828799453580402,-1.6310108784993935,-7.685095735197045,0.38030607875103484,-8.397334656799497,0.11851817084974584
7201201201.201201,0.3846265968420769,-8.29921375388156,0.07813408501640741,0.8270752426808595,-1.6490995793324146,-7.70014179891477,0.8270752426808595,-1.6490995793324146,-7.70014179891477,0.38493356774633886,-8.292284300771524,0.10622154473752271
7207207207.207207,0.38914658680848063,-8.197735487613635,0.06557168023558112,0.8253692330480813,-1.667034483499257,-7.715105726162193,0.8253692330480813,-1.667034483499257,-7.715105726162193,0.3894416621358329,-8.191151797570837,0.09391860816513772
7213213213.213213,0.3935475363552729,-8.100056039673941,0.05301528550187574,0.8236828384027509,-1.6847996506948908,-7.729988855116373,0.8236828384027509,-1.6847996506948908,-7.729988855116373,0.3938313630910089,-8.093794028305721,0.08161327761541512
7219219219.219219,0.3978305108873672,-8.00603825017993,0.04046784162830886,0.822017410455461,-1.7023796787693284,-7.744792556870048,0.822017410455461,-1.7023796787693284,-7.744792556870048,0.3981037037221623,-8.000075639545608,0.06930905018905309
7225225225.225225,0.40199660065511206,-7.915552387214523,0.027931946692087636,0.8203742401745578,-1.719759699512831,-7.759518232769581,0.8203742401745578,-1.719759699512831,-7.759518232769581,0.40225974436615325,-7.909868534475866,0.05700904179621219
7231231231.231232,0.406046916552876,-7.828475662306722,0.01540988691007912,0.8187545591191868,-1.736925373718203,-7.7741673118637795,0.8187545591191868,-1.736925373718203,-7.7741673118637795,0.4063005681820039,-7.823051406873861,0.044716021428879704
7237237237.237238,0.409982586186685,-7.7446917867585015,0.002903664403527449,0.8171595408268051,-1.7538628855946867,-7.78874124846309,0.8171595408268051,-1.7538628855946867,-7.78874124846309,0.4102272770367086,-7.739509313644978,0.03243244198156775
7243243243.243243,0.41380475019709945,-7.664090564727706,-0.00958497778255333,0.8155903022451475,-1.7705589366042551,-7.803241519808142,0.8155903022451475,-1.7705589366042551,-7.803241519808142,0.4140409876650378,-7.6591332821405285,0.02016046802475491
7249249249.249249,0.41751455882452304,-7.586567519444082,-0.022054533089460267,0.8140479051992988,-1.7870007387876876,-7.817669623846303,0.8140479051992988,-1.7870007387876876,-7.817669623846303,0.4177428280881792,-7.581819948905208,0.007902000880956255
7255255255.255255,0.4211131687046885,-7.512023549350212,-0.0345037110099558,0.812533357885245,-1.8031760076437449,-7.832027077114462,0.812533357885245,-1.8031760076437449,-7.832027077114462,0.4213339342771746,-7.507471226870605,-0.004341298692235446
7261261261.261261,0.42460173988281114,-7.440364611315808,-0.04693141856978865,0.8110476163818945,-1.8190729546215578,-7.846315412726132,0.8110476163818945,-1.8190729546215578,-7.846315412726132,0.42481544704794066,-7.435993998338098,-0.01656798994734839
7267267267.267267,0.42798143303533154,-7.371501428391106,-0.059336743517121135,0.8095915861742263,-1.8346802792824826,-7.860536178460485,0.8095915861742263,-1.8346802792824826,-7.860536178460485,0.4281885091753322,-7.36729983138304,-0.028776833488975122
7273273273.273273,0.4312534068887728,-7.3053492198388925,-0.07171893903763557,0.808166123680825,-1.8499871611842211,-7.874690934950927,0.808166123680825,-1.8499871611842211,-7.874690934950927,0.4314542627145391,-7.301304717561328,-0.040966774309987325
7279279279.27928,0.43441881582560343,-7.241827451429195,-0.08407740983528474,0.8067720377796446,-1.8649832515366742,-7.8887812539704845,0.8067720377796446,-1.8649832515366742,-7.8887812539704845,0.43461384651860646,-7.237928829024531,-0.05313692634423945
7285285285.285286,0.43747880766744884,-7.180859604193587,-0.09641169943802258,0.8054100913264266,-1.8796586646753886,-7.90280871681117,0.8054100913264266,-1.8796586646753886,-7.90280871681117,0.43766839394140933,-7.177096293346576,-0.06528655837925958
7291291291.291291,0.4404345216264043,-7.122372960024156,-0.1087214786045426,0.8040810026606998,-1.8940039693955195,-7.916774912754375,0.8040810026606998,-1.8940039693955195,-7.916774912754375,0.4406190307160336,-7.1187349845369505,-0.07741508119094195
7297297297.2972975,0.44328708641554904,-7.066298402669151,-0.1210065347223228,0.8027854470948216,-1.908010180185836,-7.93068143762926,0.8027854470948216,-1.908010180185836,-7.93068143762926,0.4434668729989019,-7.062776328871282,-0.08952203577841687
7303303303.303303,0.44603761851014256,-7.0125702328241735,-0.13326676209992364,0.8015240583819754,-1.921668748399472,-7.944529892455912,0.8015240583819754,-1.921668748399472,-7.944529892455912,0.4462130255704021,-7.009155124307554,-0.1016070825907962
7309309309.309309,0.44868722055130894,-6.961125996148648,-0.14550215306726422,0.8002974301595076,-1.9349715533950307,-7.958321882170192,0.8002974301595076,-1.9349715533950307,-7.958321882170192,0.4488585801833525,-6.957809372374761,-0.11366999165003203
7315315315.315315,0.4512369798843784,-6.911906323152709,-0.15771278980725773,0.7991061173643771,-1.947910893679167,-7.9720590144269385,0.7991061173643771,-1.947910893679167,-7.9720590144269385,0.45140461405083127,-6.908680121533148,-0.12571063348428155
7321321321.3213215,0.45368796722438415,-6.864854780002593,-0.16989883685018464,0.7979506376179133,-1.9604794780788246,-7.985742898478346,0.7979506376179133,-1.9604794780788246,-7.985742898478346,0.4538521884655292,-6.861711321096808,-0.13772897079577248
7327327327.327328,0.4560412354414957,-6.819917729385121,-0.18206053416984164,0.7968314725774172,-1.9726704169690517,-7.9993751441242384,0.7968314725774172,-1.9726704169690517,-7.9993751441242384,0.4562023475428722,-6.816849684901028,-0.14972505079486043
7333333333.333334,0.45829781845956796,-6.777044200652014,-0.1941981908265374,0.7957490692524894,-1.984477213579821,-8.012957360731006,0.7957490692524894,-1.984477213579821,-8.012957360731006,0.4584561170808438,-6.774044563967358,-0.1616989981395345
7339339339.339339,0.46045873026117085,-6.7361857685402695,-0.20631217910776978,0.7947038412842793,-1.9958937554030622,-8.026491156315974,0.7947038412842793,-1.9958937554030622,-8.026491156315974,0.46061450352949346,-6.733247827493948,-0.17365100842538383
7345345345.3453455,0.46252496399293314,-6.6972964398269665,-0.21840292912243955,0.7936961701861348,-2.0069143057189933,-8.03997813669406,0.7936961701861348,-2.0069143057189933,-8.03997813669406,0.46267849306363834,-6.694413751556729,-0.1855813421770039
7351351351.351351,0.4644974911651646,-6.660332547338651,-0.23047092380866457,0.7927264065443967,-2.017533495258885,-8.053419904683539,0.7927264065443967,-2.017533495258885,-8.053419904683539,0.4646490507525809,-6.6574989149627575,-0.19749031929634273
7357357357.357357,0.4663772609401157,-6.625252650785953,-0.24251669431920655,0.7917948711783235,-2.0277463140194705,-8.066818059367835,0.7917948711783235,-2.0277463140194705,-8.066818059367835,0.4665271198208413,-6.622462101749404,-0.20937831392813425
7363363363.363363,0.4681651995035233,-6.592017443941302,-0.2545408157520405,0.7909018562583564,-2.037548103242454,-8.080174195410338,0.7909018562583564,-2.037548103242454,-8.080174195410338,0.46831362099440116,-6.589264209864335,-0.2212457497058952
7369369369.3693695,0.46986220951427515,-6.560589667721782,-0.2665439031964315,0.7900476263821261,-2.046934547571029,-8.093489902419265,0.7900476263821261,-2.046934547571029,-8.093489902419265,0.4700094519271713,-6.557868165603163,-0.23309309534611025
7375375375.375376,0.47146916962744095,-6.530934028774861,-0.27852660806787294,0.7892324196077976,-2.055901667393629,-8.106766764359644,0.7892324196077976,-2.055901667393629,-8.106766764359644,0.4716154867026014,-6.528238843419708,-0.24492086056041523
7381381381.381382,0.4729869340860247,-6.503017123202165,-0.29048961470737733,0.7884564484445034,-2.064445811383818,-8.120006359009652,0.7884564484445034,-2.064445811383818,-8.120006359009652,0.473132575405835,-6.500342990752902,-0.25672959225897063
7387387387.387387,0.4744163323771835,-6.476807365085319,-0.30243363722299677,0.7877199007997676,-2.072563649243899,-8.133210257458465,0.7877199007997676,-2.072563649243899,-8.133210257458465,0.4745615437618463,-6.474149157548707,-0.26851987102014463
7393393393.3933935,0.4757581689488496,-6.452274919507216,-0.31435941655332267,0.7870229408839566,-2.0802521646585044,-8.146380023643081,0.7870229408839566,-2.0802521646585044,-8.146380023643081,0.47590319283548266,-6.449627630178232,-0.2802923078042216
7399399399.399399,0.47701322298289517,-6.429391639788476,-0.3262677177343328,0.7863657100719116,-2.0875086484633405,-8.159517213921344,0.7863657100719116,-2.0875086484633405,-8.159517213921344,0.47715829878941685,-6.426750369481079,-0.29204754089031576
7405405405.405405,0.47818224822133937,-6.408131008679918,-0.3381593273526902,0.7857483277220185,-2.0943306920332256,-8.172623376678835,0.7857483277220185,-2.0943306920332256,-8.172623376678835,0.4783276126963687,-6.405490952683195,-0.3037862330177586
7411411411.411411,0.47926597284215505,-6.388468083276091,-0.3500350511698636,0.7851708919530728,-2.100716180892495,-8.185700051967052,0.7851708919530728,-2.100716180892495,-8.185700051967052,0.47941186040212136,-6.385824518960169,-0.31550906871464657
7417417417.417418,0.4802650993816055,-6.370379443431517,-0.36189571190281733,0.7846334803793695,-2.1066632885500267,-8.198748771170594,0.7846334803793695,-2.1066632885500267,-8.198748771170594,0.48041174243616347,-6.367727718434041,-0.32721675179758464
7423423423.423424,0.4811803047001743,-6.353843143480315,-0.3737421471479282,0.7841361508045349,-2.112170470560189,-8.21177105670104,0.7841361508045349,-2.112170470560189,-8.21177105670104,0.48132793396692425,-6.351178664410153,-0.3389100030281413
7429429429.42943,0.48201223998935017,-6.338838667076128,-0.3855752074362109,0.7836789418746565,-2.117236458810438,-8.22476842171533,0.7836789418746565,-2.117236458810438,-8.22476842171533,0.48216108479883485,-6.336156888675056,-0.35058955791218127
7435435435.435435,0.482761530816762,-6.325346884983347,-0.39739575440836006,0.7832618736913558,-2.1218602560352715,-8.23774236985654,0.7832618736913558,-2.1218602560352715,-8.23774236985654,0.48291181940862044,-6.322643299691329,-0.3622561646300384
7441441441.441442,0.48342877720735455,-6.313350015664113,-0.4092046590993302,0.7828849483854572,-2.1260411305559614,-8.250694395014962,0.7828849483854572,-2.1260411305559614,-8.250694395014962,0.48358073701848014,-6.310620143537095,-0.3739105820855173
7447447447.447447,0.48401455375838925,-6.302831588519534,-0.4210028003228651,0.7825481506519817,-2.1297786112445385,-8.263625981107543,0.7825481506519817,-2.1297786112445385,-8.263625981107543,0.4841684117038975,-6.3000709674519335,-0.3855535780633797
7453453453.453453,0.4845194097863615,-6.293776409652724,-0.43279106314685095,0.7822514482472064,-2.133072482710155,-8.27653860187378,0.7822514482472064,-2.133072482710155,-8.27653860187378,0.4846753925341001,-6.290980585860121,-0.3971859274849582
7459459459.459459,0.4849438695039949,-6.286170530033544,-0.4445703374512877,0.7819947924485651,-2.135922780705413,-8.289433720686215,0.7819947924485651,-2.135922780705413,-8.289433720686215,0.4851022037433212,-6.283335048753105,-0.40880841075298474
7465465465.465466,0.48528843222564166,-6.28000121595464,-0.4563415165610142,0.7817781184782003,-2.138329787749624,-8.302312790373788,0.7817781184782003,-2.138329787749624,-8.302312790373788,0.4854493449311346,-6.277121612323329,-0.42042181217662405
7471471471.471472,0.4855535725996327,-6.275256921676289,-0.468105495945939,0.7816013458909747,-2.140294028965802,-8.315177253056337,0.7816013458909747,-2.140294028965802,-8.315177253056337,0.48571729129042096,-6.272328711748014,-0.43202691846880553
7477477477.477478,0.48573974086618826,-6.27192726416749,-0.47986317198197626,0.7814643789277953,-2.1418162681274606,-8.3280285399886,0.7814643789277953,-2.1418162681274606,-8.3280285399886,0.4859064938614865,-6.268945936032971,-0.4436245173081088
7483483483.483484,0.48584736313970117,-6.270002999857477,-0.4916154407662526,0.7813671068350884,-2.1428975039112337,-8.340868071412197,0.7813671068350884,-2.1428975039112337,-8.340868071412197,0.4860173798111441,-6.266964004831554,-0.4552153959580486
7489489489.48949,0.4858768417142981,-6.269476003319908,-0.5033631969805534,0.7813094041513037,-2.1435389663506803,-8.353697256413973,0.7813094041513037,-2.1435389663506803,-8.353697256413973,0.4860503527356902,-6.2663747471611835,-0.46680033993698844
7495495495.495496,0.485828555391721,-6.27033924781876,-0.515107332797386,0.7812911309613055,-2.1437421134866246,-8.36651749278938,0.7812911309613055,-2.1437421134866246,-8.36651749278938,0.48600579298672997,-6.267171081948516,-0.4783801317323101
7501501501.501501,0.48570285983072414,-6.27258678765082,-0.5268487368231703,0.7813121331195434,-2.143508628208794,-8.379330166909384,0.7813121331195434,-2.143508628208794,-8.379330166909384,0.48588405801909457,-6.269347000337642,-0.48995554955271614
7507507507.507507,0.4855000879172295,-6.276213742227079,-0.5385882930736021,0.7813722424428811,-2.142840415283456,-8.392136653589624,0.7813722424428811,-2.142840415283456,-8.392136653589624,0.4856854827600121,-6.272897549705162,-0.5015273661127813
7513513513.513514,0.48522055015466503,-6.2812162818398045,-0.5503268799761454,0.7814712768739838,-2.1417395985613137,-8.404938315960488,0.7814712768739838,-2.1417395985613137,-8.404938315960488,0.48541037999904263,-6.277818819327383,-0.5130963474444625
7519519519.51952,0.48486453507395777,-6.287591615068662,-0.5620653693951764,0.7816090406161535,-2.140208518359839,-8.417736505336876,0.7816090406161535,-2.140208518359839,-8.417736505336876,0.48505904079812423,-6.284107927655023,-0.5246632517299694
7525525525.525526,0.4844323096627939,-6.295337977783771,-0.5738046256752808,0.7817853242405213,-2.1382497290138307,-8.430532561086483,0.7817853242405213,-2.1382497290138307,-8.430532561086483,0.48463173492145667,-6.291763011150925,-0.5362288281510929
7531531531.531532,0.4839241198138095,-6.304454623709442,-0.585545504698328,0.7819999047665024,-2.1358659965878233,-8.443327810495376,0.7819999047665024,-2.1358659965878233,-8.443327810495376,0.4841287112847816,-6.300783214655881,-0.5477938157499066
7537537537.537538,0.48334019079151275,-6.314941816516347,-0.597288852950411,0.7822525457164262,-2.133060296743789,-8.456123568629856,0.7822525457164262,-2.133060296743789,-8.456123568629856,0.48355019842397146,-6.3111686832476375,-0.5593589422961011
7543543543.543544,0.4826807277177579,-6.326800823415807,-0.6090355065944419,0.7825429971452641,-2.1298358127572565,-8.46892113819348,0.7825429971452641,-2.1298358127572565,-8.46892113819348,0.4828964049825977,-6.322920555568628,-0.5709249231563378
7549549549.549549,0.4819459160757578,-6.340033910232923,-0.6207862905446366,0.7828709956463782,-2.126195933674869,-8.48172180937825,0.7828709956463782,-2.126195933674869,-8.48172180937825,0.48216752021863934,-6.336040958594985,-0.582492460160798
7555555555.555555,0.4811359222325887,-6.354644337941757,-0.6325420175390734,0.7832362643342298,-2.122144252606118,-8.494526859708985,0.7832362643342298,-2.122144252606118,-8.494526859708985,0.48136371453017257,-6.3505330038309,-0.594062240462759
7561561561.561562,0.4802508939802915,-6.370636360648803,-0.6443034872065811,0.7836385128049899,-2.117684565141831,-8.507337553879964,0.7836385128049899,-2.117684565141831,-8.507337553879964,0.48048514000019354,-6.366400784912328,-0.6056349353863579
7567567567.567568,0.47929096109571473,-6.388015225015863,-0.6560714851242808,0.784077437076007,-2.112820867891793,-8.520155143582901,0.784077437076007,-2.112820867891793,-8.520155143582901,0.47953193096076463,-6.38364937660876,-0.6172111992584092
7573573573.573574,0.478256235919284,-6.406787171118257,-0.6678467818621554,0.7845527195051036,-2.1075573571336252,-8.532980867325456,0.7845527195051036,-2.1075573571336252,-8.532980867325456,0.4785042045765968,-6.402284835218524,-0.6287916682196658
7579579579.57958,0.47714681395295006,-6.426959434738584,-0.6796301320110271,0.7850640286906786,-2.101898427564951,-8.545815950239403,0.7850640286906786,-2.101898427564951,-8.545815950239403,0.4774020614484821,-6.4223142003528775,-0.6403769590110502
7585585585.585586,0.475962774477653,-6.4485402511000975,-0.6914222731903077,0.785611019353625,-2.095848671150484,-8.55866160387773,0.785611019353625,-2.095848671150484,-8.55866160387773,0.47622558623672934,-6.443745498114088,-0.6519676677305473
7591591591.591592,0.4747041811905961,-6.471538860050049,-0.7032239250319142,0.7861933322020646,-2.0894128760557975,-8.571519025999905,0.7861933322020646,-2.0894128760557975,-8.571519025999905,0.4749748483051689,-6.4665877456704095,-0.6635643685559414
7597597597.597597,0.47337108286277263,-6.495965512706058,-0.7150357881365813,0.7868105937799541,-2.0825960256589178,-8.58438940034459,0.7868105937799541,-2.0825960256589178,-8.58438940034459,0.4736499023859507,-6.490850957242217,-0.6751676124289598
7603603603.603603,0.47196351401714315,-6.521831479584954,-0.7268585429990208,0.7874624163006116,-2.075403297631037,-8.597273896389185,0.7874624163006116,-2.075403297631037,-8.597273896389185,0.4722507892657585,-6.516546151511577,-0.6867779256959271
7609609609.60961,0.47048149562794167,-6.549149060237633,-0.7386928488978719,0.7881483974662513,-2.06784006307724,-8.610173669095534,0.7881483974662513,-2.06784006307724,-8.610173669095534,0.47077753649382026,-6.543685360477177,-0.6983958087000639
7615615615.615616,0.46892503584157874,-6.57793159441942,-0.7505393427467784,0.788868120274645,-2.0599118857279146,-8.623089858641245,0.788868120274645,-2.0599118857279146,-8.623089858641245,0.46923015911232563,-6.572281639777766,-0.7100217343204027
7621621621.621622,0.4672941307196639,-6.608193474830255,-0.7623986379024243,0.7896211528140396,-2.0516245211714894,-8.636023590136029,0.7896211528140396,-2.0516245211714894,-8.636023590136029,0.46760866040969434,-6.602349080515692,-0.7216561464520259
7627627627.627628,0.46558876500467544,-6.6399501614650625,-0.7742713229254039,0.7904070480475142,-2.0429839161186765,-8.648975973322631,0.7904070480475142,-2.0429839161186765,-8.648975973322631,0.4659130326973995,-6.6339028226130905,-0.7332994584220519
7633633633.633634,0.4638089129088037,-6.6732181976208915,-0.7861579602896364,0.7912253435879806,-2.033996207688347,-8.661948102261807,0.7912253435879806,-2.033996207688347,-8.661948102261807,0.4641432581108465,-6.666959069742699,-0.7449520513357609
7639639639.63964,0.4619545389265387,-6.708015227613208,-0.798059085035739,0.7920755614650635,-2.0246677227049585,-8.674941055000986,0.7920755614650635,-2.0246677227049585,-8.674941055000986,0.4622993094349284,-6.701535105879247,-0.7566142723466914
7645645645.645645,0.46002559867153064,-6.744360016261359,-0.8099752033637058,0.7929572078851498,-2.015004976997092,-8.68795589322622,0.7929572078851498,-2.015004976997092,-8.68795589322622,0.46038115095488996,-6.737649313523264,-0.7682864328442527
7651651651.651651,0.4580220397382788,-6.782272470209937,-0.8219067911598396,0.7938697729859221,-2.0050146746865853,-8.700993661897112,0.7938697729859221,-2.0050146746865853,-8.700993661897112,0.4583887393331241,-6.775321193656043,-0.779968806552387
7657657657.657658,0.45594380258920847,-6.821773661160353,-0.8338542924526524,0.7948127305867424,-1.994703707457445,-8.7140553888644,0.7948127305867424,-1.994703707457445,-8.7140553888644,0.45632202451247406,-6.814571387492273,-0.7916616275316448
7663663663.663664,0.453790821467623,-6.862885851096404,-0.8458181177922001,0.7957855379362874,-1.984079153793576,-8.727142084470044,0.7957855379362874,-1.984079153793576,-8.727142084470044,0.454180950646712,-6.855421700102377,-0.8033650880772423
7669669669.66967,0.4515630253370769,-6.9056325195951604,-0.8577986425468374,0.7967876354588905,-1.97314827817409,-8.740254741129547,0.7967876354588905,-1.97314827817409,-8.740254741129547,0.4519654570587373,-6.89789512598677,-0.8150793365048986
7675675675.675676,0.4492603388476494,-6.9500383933250145,-0.8697962051110146,0.797818446501091,-1.9619185302147557,-8.753394332896455,0.797818446501091,-1.9619185302147557,-8.753394332896455,0.44967547922714873,-6.942015876690398,-0.826804474815393
7681681681.681682,0.44688268332954095,-6.996129477843768,-0.8818111050172667,0.7988773770799323,-1.9503975437440069,-8.766561815008943,0.7988773770799323,-1.9503975437440069,-8.766561815008943,0.4473109498016492,-6.987809410558525,-0.8385405562286765
7687687687.687688,0.4444299778144668,-7.043933091819383,-0.8938436009450998,0.7999638156346085,-1.938593135801685,-8.779758123418487,0.7999638156346085,-1.938593135801685,-8.779758123418487,0.44487179964796236,-7.0353024647399565,-0.85028758257687
7693693693.693693,0.4419021400851592,-7.093477903810712,-0.9058939086187234,0.801077132783103,-1.9265133055485208,-8.792984174300644,0.801077132783103,-1.9265133055485208,-8.792984174300644,0.4423579589226689,-7.084523089559381,-0.8620455015453018
7699699699.699699,0.4392990877533712,-7.144793971756574,-0.9179621985851348,0.8022166810855155,-1.9141662330742055,-8.80624086354812,0.8022166810855155,-1.9141662330742055,-8.80624086354812,0.43976935817845325,-7.135500685389905,-0.8738142037495327
7705705705.705706,0.4366207393666042,-7.197912785338501,-0.9300485938630949,0.8033817948158241,-1.9015602780917107,-8.81952906624624,0.8033817948158241,-1.9015602780917107,-8.81952906624624,0.43710592950026683,-7.188266042168521,-0.8855935196351351
7711711711.711712,0.43386701554381996,-7.252867311396721,-0.9421531674529608,0.8045717897438783,-1.8887039785054158,-8.832849636131122,0.8045717897438783,-1.8887039785054158,-8.832849636131122,0.43436760767272553,-7.242851381713903,-0.8973832161860186
7717717717.717718,0.4310378401402469,-7.309692042598116,-0.9542759396961823,0.8057859629294679,-1.8756060488404602,-8.846203405030863,0.8057859629294679,-1.8756060488404602,-8.846203405030863,0.43155433137912247,-7.299290403018823,-0.9091829934256491
7723723723.723724,0.428133141441388,-7.3684230495730105,-0.9664168754724516,0.8070235925303624,-1.8622753785206312,-8.859591182290137,0.8070235925303624,-1.8622753785206312,-8.859591182290137,0.42866604443235323,-7.357618330706551,-0.9209924806942393
7729729729.72973,0.4251528533862241,-7.4290980367594015,-0.9785758812209532,0.8082839376262626,-1.8487210299820225,-8.87301375417871,0.8082839376262626,-1.8487210299820225,-8.87301375417871,0.42570269703802255,-7.41787196685801,-0.9328112326829762
7735735735.735736,0.4220969168195212,-7.4917564022166925,-0.990752801771492,0.8095662380606485,-1.8349522366096715,-8.88647188328439,0.8095662380606485,-1.8349522366096715,-8.88647188328439,0.42266424708984485,-7.480089746438118,-0.944638725204892
7741741741.741741,0.4189652807730954,-7.556439301695949,-1.0029474169689654,0.8108697143025507,-1.8209784004843346,-8.899966307891074,0.8108697143025507,-1.8209784004843346,-8.899966307891074,0.4195506614975971,-7.544311796567033,-0.9564743506796436
7747747747.747747,0.41575790377574257,-7.623189717283064,-1.0151594380737723,0.8121935673303143,-1.8068090899265685,-8.913497741342677,0.8121935673303143,-1.8068090899265685,-8.913497741342677,0.41636191754748547,-7.610579999912513,-0.9683174133073056
7753753753.753754,0.412474755191518,-7.69205253096089,-1.027388503918271,0.8135369785394589,-1.792454036825323,-8.92706687139367,0.8135369785394589,-1.792454036825323,-8.92706687139367,0.4130980042951917,-7.678938062495842,-0.980167123903469
7759759759.75976,0.40911581658586477,-7.763074603472679,-1.0396341767976662,0.8148991096767595,-1.7779231337384407,-8.940674359547234,0.8148991096767595,-1.7779231337384407,-8.940674359547234,0.4097589239913088,-7.749431586242441,-0.9920225943653417
7765765765.765766,0.4056810831190517,-7.836304858905919,-1.051895938070994,0.8162791028027208,-1.7632264307523549,-8.95432084038197,0.8162791028027208,-1.7632264307523549,-8.95432084038197,0.4063446935391849,-7.822108146631922,-1.0038828317347035
7771771771.771772,0.4021705649662665,-7.911794375458215,-1.0641731834455366,0.8176760802846154,-1.748374132088699,-8.968006920868335,0.8176760802846154,-1.748374132088699,-8.968006920868335,0.4028553459850026,-7.897017375839538,-1.015746731820461
7777777777.777778,0.39858428876354585,-7.989596482894933,-1.0764652179144274,0.8190891448222803,-1.7333765924456335,-8.981733179675956,0.8190891448222803,-1.7333765924456335,-8.981733179675956,0.39929093203975585,-7.974211051801402,-1.0276130723387156
7783783783.783784,0.39492229907871435,-8.069766867258446,-1.0887712503142037,0.820517379508881,-1.7182443130619078,-8.995500166473173,0.820517379508881,-1.7182443130619078,-8.995500166473173,0.39565152163305956,-8.053743193670902,-1.0394805055239327
7789789789.789789,0.39118465990631834,-8.152363683448527,-1.1010903874647873,0.821959847928831,-1.702987937492191,-9.009308401220178,0.821959847928831,-1.702987937492191,-9.009308401220178,0.39193720549829925,-8.135670164188394,-1.0513475501591472
7795795795.795795,0.38737145618546304,-8.23744767635754,-1.1134216278499265,0.8234155942950745,-1.6876182470823187,-9.023158373457346,0.8234155942950745,-1.6876182470823187,-9.023158373457346,0.3881480967889224,-8.22005077953056,-1.0632125829671242
7801801801.801802,0.38348279533939716,-8.32508231131542,-1.1257638547910371,0.8248836436278857,-1.6721461561338866,-9.037050541590254,0.8248836436278857,-1.6721461561338866,-9.037050541590254,0.38428433272551243,-8.306946427265634,-1.075073829297222
7807807807.807808,0.37951880883553013,-8.415333914681614,-1.1381158290615456,0.8263630019773506,-1.6565827067477255,-9.05098533217327,0.8263630019773506,-1.6565827067477255,-9.05098533217327,0.38034607627334643,-8.396421193102272,-1.086929353035268
7813813813.813814,0.37547965376458664,-8.508271825508892,-1.1504761808818984,0.8278526566916218,-1.6409390633367331,-9.064963139193376,0.8278526566916218,-1.6409390633367331,-9.064963139193376,0.3763335178501604,-8.488541997189543,-1.0987770456539911
7819819819.81982,0.3713655144374317,-8.6039685593074,-1.1628434012280777,0.8293515767330046,-1.6252265067989977,-9.07898432335631,0.8293515767330046,-1.6252265067989977,-9.07898432335631,0.37224687706393284,-8.583378740801983,-1.1106146143119449
7825825825.825826,0.36717660399813207,-8.702499985048682,-1.1752158323773216,0.830858713043876,-1.6094564283427917,-9.093049211376973,0.830858713043876,-1.6094564283427917,-9.093049211376973,0.36808640448058183,-8.68100446432954,-1.1224395688967508
7831831831.831832,0.3629131660517447,-8.803945516677773,-1.1875916576048164,0.8323729989643415,-1.5936403229560336,-9.10715809527628,0.8323729989643415,-1.5936403229560336,-9.10715809527628,0.36385238342164267,-8.781495517586485,-1.1342492078949091
7837837837.837837,0.3585754763053658,-8.908388320543752,-1.199968889933374,0.8338933507034659,-1.5777897825134533,-9.121311231686668,0.8338933507034659,-1.5777897825134533,-9.121311231686668,0.3595451317921933,-8.884931743558894,-1.14604060295535
7843843843.843843,0.35416384422095565,-9.015915540321723,-1.2123453598246883,0.8354186678658052,-1.5619164885157286,-9.13550884116867,0.8354186678658052,-1.5619164885157286,-9.13550884116867,0.35516500393948813,-8.991396676829218,-1.157810581995671
7849849849.84985,0.349678614678546,-9.126618541181099,-1.2247187016852863,0.8369478340348431,-1.5460322044558983,-9.149751107540872,0.8369478340348431,-1.5460322044558983,-9.149751107540872,0.3507123925432045,-9.100977758044786,-1.1695557106800258
7855855855.855856,0.3451201696485781,-9.240593175160736,-1.237086339042051,0.8384797174148069,-1.5301487678094583,-9.164038177225876,0.8384797174148069,-1.5301487678094583,-9.164038177225876,0.3461877305385496,-9.213766565944397,-1.1812722720734723
7861861861.861862,0.3404889298722326,-9.357940069946531,-1.2494454682216667,0.8400131715322049,-1.5142780816455383,-9.178370158614815,0.8400131715322049,-1.5142780816455383,-9.178370158614815,0.34159149307400044,-9.329859068619836,-1.1929562442510189
7867867867.867868,0.3357853565489035,-9.478764943511171,-1.2617930403435405,0.8415470359982294,-1.4984321058581684,-9.192747121453126,0.8415470359982294,-1.4984321058581684,-9.192747121453126,0.33692419950608493,-9.449355895870646,-1.2046032756073228
7873873873.873875,0.331009953030243,-9.603178947378344,-1.2741257414078042,0.8430801373330357,-1.482622848017507,-9.207169096250306,0.8430801373330357,-1.482622848017507,-9.207169096250306,0.3321864154344853,-9.57236263471072,-1.2162086575768571
7879879879.87988,0.3261632665206416,-9.731299041616776,-1.286439970226545,0.8446112898526652,-1.4668623538427752,-9.221636073716468,0.8446112898526652,-1.4668623538427752,-9.221636073716468,0.3273787547814955,-9.698990150316565,-1.227767294431282
7885885885.885886,0.3212458897844959,-9.86324840506246,-1.2987318139075779,0.8461392966192091,-1.451162697299747,-9.236148004228593,0.8461392966192091,-1.451162697299747,-9.236148004228593,0.3225018819213286,-9.829354934951711,-1.2392736697715743
7891891891.8918915,0.31625846286129083,-9.999156884715617,-1.3109970205544679,0.8476629504545636,-1.4355359703273065,-9.250704797329327,0.8476629504545636,-1.4355359703273065,-9.250704797329327,0.317556513865751,-9.96357948769435,-1.2507218092734758
7897897897.897898,0.31120167479032607,-10.139161488772952,-1.3232309687924089,0.8491810350178839,-1.4199942721993073,-9.265306321261336,0.8491810350178839,-1.4199942721993073,-9.265306321261336,0.3125434225146028,-10.101792728099632,-1.262105239177616
7903903903.903904,0.3060762653478755,-10.28340692834713,-1.3354286336660681,0.8506923259465967,-1.4045496985294281,-9.27995240254012,0.8506923259465967,-1.4045496985294281,-9.27995240254012,0.3074634369814683,-10.244130447287462,-1.2734169399348456
7909909909.90991,0.30088302680088613,-10.432046213601556,-1.3475845483798203,0.8521955920605554,-1.3892143299285906,-9.294642825568285,0.8521955920605554,-1.3892143299285906,-9.294642825568285,0.30231744600735366,-10.390735800333562,-1.2846492943235142
7915915915.915916,0.29562280568263727,-10.585241310816151,-1.3596927612611076,0.8536895966286415,-1.3740002203261426,-9.309377332294293,0.8536895966286415,-1.3740002203261426,-9.309377332294293,0.2971064004779971,-10.541759844281184,-1.2957940292437773
7921921921.921923,0.290296504597845,-10.743163867796914,-1.3717467872202604,0.8551730986968065,-1.358919384968012,-9.324155621918536,0.8551730986968065,-1.358919384968012,-9.324155621918536,0.2918313160640194,-10.697362126572276,-1.3068421502623104
7927927927.927928,0.2849050840666518,-10.90599601609555,-1.3837395528522074,0.8566448544762615,-1.3439837881066148,-9.338977350649772,0.8566448544762615,-1.3439837881066148,-9.338977350649772,0.28649327600721974,-10.85771132923577,-1.3177838678239835
7933933933.933934,0.27944956441982194,-11.073931259713728,-1.39566333417075,0.8581036187901852,-1.3292053303993838,-9.353842131514746,0.8581036187901852,-1.3292053303993838,-9.353842131514746,0.2810934340814145,-11.022985974760749,-1.3286085138605448
7939939939.9399395,0.2739310277606396,-11.247175461379651,-1.407509685780936,0.8595481465770021,-1.3145958360345642,-9.368749534223786,0.8595481465770021,-1.3145958360345642,-9.368749534223786,0.2756330177621859,-11.193375200234838,-1.3393044473032234
7945945945.945946,0.2683506200130678,-11.425947939125054,-1.419269360069342,0.8609771944479527,-1.3001670396047804,-9.383699085095206,0.8609771944479527,-1.3001670396047804,-9.383699085095206,0.2701133316473451,-11.369079607032706,-1.3498589467390516
7951951951.951952,0.26270955308054045,-11.610482687808911,-1.4309322147196117,0.862389522296329,-1.2859305727508599,-9.398690267041042,0.862389522296329,-1.2859305727508599,-9.398690267041042,0.26453576117866084,-11.55031219410764,-1.3602580881292587
7957957957.957958,0.2570091071458079,-11.801029742471911,-1.4424871065261247,0.8637838949554189,-1.2718979506001307,-9.41372251961674,0.8637838949554189,-1.2718979506001307,-9.41372251961674,0.2589017767263066,-11.73729938374882,-1.370486605119871
7963963963.963964,0.2512506331495803,-11.997856703029296,-1.4539217690712116,0.8651590839018529,-1.2580805580253278,-9.428795239137179,0.8651590839018529,-1.2580805580253278,-9.428795239137179,0.2532129381104363,-11.930282149522242,-1.3805277290061626
7969969969.969971,0.24543555549475451,-12.201250442886575,-1.465222671327429,0.8665138690007143,-1.244489635751959,-9.443907778861238,0.8665138690007143,-1.244489635751959,-9.443907778861238,0.24747089965053515,-12.129517256970232,-1.3903630048415025
7975975975.975976,0.23956537503430445,-12.411519027673188,-1.476374853625789,0.8678470402884246,-1.2311362663437933,-9.459059449247075,0.8678470402884246,-1.2311362663437933,-9.459059449247075,0.24167741585271002,-12.33527862848801,-1.3999720794867812
7981981981.981982,0.23364167241484277,-12.628993874538143,-1.487361736657626,0.8691573997891017,-1.2180313600977124,-9.474249518279958,0.8691573997891017,-1.2180313600977124,-9.474249518279958,0.2358343478695059,-12.547858844543267,-1.4093324565461827
7987987987.9879875,0.22766611186534735,-12.854032187448844,-1.4981648982145441,0.8704437633597583,-1.2051856408807529,-9.48947721187438,0.8704437633597583,-1.2051856408807529,-9.48947721187438,0.22994367089676632,-12.767570793983065,-1.4184192120913586
7993993993.993994,0.22164044554255855,-13.087019709813138,-1.5087638111599888,0.8717049625593987,-1.192609631943729,-9.504741714351987,0.8717049625593987,-1.192609631943729,-9.504741714351987,0.22400748270944024,-12.994749486428997,-1.4272046637901186
8000000000.0,0.21556651857229264,-13.328373842662128,-1.5191355345999336,0.8729398465367917,-1.1803136417470044,-9.520042168996516,0.8729398465367917,-1.1803136417470044,-9.520042168996516,0.21802801358488802,-13.22975403949405,-1.435657984465237
8006006006.006006,0.20944627496138268,-13.578547184747276,-1.529254348281772,0.8741472839313973,-1.1683077498354988,-9.535377678686823,0.8741472839313973,-1.1683077498354988,-9.535377678686823,0.2120076379207188,-13.472969852456238,-1.443744749134742
8012012012.0120125,0.20328176460012745,-13.838031560415851,-1.539091317777841,0.8753261647816989,-1.156601792800798,-9.550747306608702,0.8753261647816989,-1.156601792800798,-9.550747306608702,0.20594888792804797,-13.724810975633787,-1.4514264021267589
8018018018.018019,0.19707515163368244,-14.107362612196532,-1.5486137748330582,0.8764754024349327,-1.1452053503694892,-9.566150077046034,0.8764754024349327,-1.1452053503694892,-9.566150077046034,0.19985446987465405,-13.985722680357904,-1.4586596277880597
8024024024.024024,0.1908287245566438,-14.387125047826842,-1.5577846931500825,0.8775939354520182,-1.1341277316574259,-9.581584976251367,0.8775939354520182,-1.1341277316574259,-9.581584976251367,0.19372728347182375,-14.256184227141466,-1.4653956044524523
8030030030.03003,0.18454490848435148,-14.67795864606696,-1.5665619345434083,0.8786807295013073,-1.1233779616303345,-9.597050953395936,0.8786807295013073,-1.1233779616303345,-9.597050953395936,0.187570445151479,-14.536711817944745,-1.4715791164876058
8036036036.036036,0.17822628018551215,-14.980565142005505,-1.5748973333935736,0.8797347792346235,-1.112964767811587,-9.612546921598602,0.8797347792346235,-1.112964767811587,-9.612546921598602,0.1813873161773489,-14.82786170017983,-1.4771474931277269
8042042042.042042,0.17187558663487068,-15.29571613033405,-1.5827355780968961,0.8807551101389534,-1.1028965672781734,-9.628071759033078,0.8807551101389534,-1.1028965672781734,-9.628071759033078,0.17518153678903992,-15.1302333621231,-1.4820293350789209
8048048048.048048,0.165495768078513,-15.624262143342058,-1.5900128359282448,0.8817407803570559,-1.093181453986073,-9.643624310112294,0.8817407803570559,-1.093181453986073,-9.643624310112294,0.16895706791050727,-15.44447271698533,-1.4861429801182853
8054054054.054054,0.15908998692075027,-15.967143077327675,-1.5966550512889746,0.8826908824702483,-1.0838271864657607,-9.659203386748644,0.8826908824702483,-1.0838271864657607,-9.659203386748644,0.1627182423900424,-15.77127510902991,-1.4893946465618768
8060060060.0600605,0.15266166417435834,-16.325400153145633,-1.602575825114308,0.8836045452365768,-1.0748411759285943,-9.674807769688295,0.8836045452365768,-1.0748411759285943,-9.674807769688295,0.1564698283121502,-16.111387879387006,-1.4916761778937002
8066066066.066067,0.14621452581291053,-16.700189597218294,-1.6076737530137497,0.8844809352776598,-1.0662304748238611,-9.690436209917632,0.8844809352776598,-1.0662304748238611,-9.690436209917632,0.15021710768066945,-16.465612085888402,-1.492862292278821
8072072072.072072,0.13975266219749657,-17.09279820669551,-1.6118290583104251,0.885319258707546,-1.0580017658855922,-9.70608743013942,0.885319258707546,-1.0580017658855922,-9.70608743013942,0.14396597477946166,-16.834802756927967,-1.492807216316617
8078078078.078078,0.1332806049248169,-17.504660895739487,-1.61489929892979,0.8861187626970496,-1.0501613517072428,-9.721760126316074,0.8861187626970496,-1.0501613517072428,-9.721760126316074,0.13772305985990677,-17.219866738587683,-1.49134055251583
8084084084.084084,0.12680342711948026,-17.937380172151073,-1.616713847466563,0.8868787369671901,-1.0427151448809708,-9.737452969276978,0.8868787369671901,-1.0427151448809708,-9.737452969276978,0.13149588559610972,-17.621756713957524,-1.4882621942911174
8090090090.09009,0.12032687561053652,-18.392747199543123,-1.617066732241517,0.8875985152055633,-1.0356686587368173,-9.753164606386651,0.8875985152055633,-1.0356686587368173,-9.753164606386651,0.12529306613900518,-18.041459253842813,-1.48333606159828
8096096096.096096,0.11385754696050511,-18.872763544336735,-1.6157072702159254,0.8882774763997218,-1.029026998715272,-9.768893663270102,0.8882774763997218,-1.029026998715272,-9.768893663270102,0.11912456177746165,-18.479973679723813,-1.4762823879413203
8102102102.102102,0.10740312452522494,-19.379661682910744,-1.6123277012458823,0.8889150460819043,-1.0227948544050323,-9.784638745591565,0.8889150460819043,-1.0227948544050323,-9.784638745591565,0.11300200639770264,-18.938276907373204,-1.4667682538905744
8108108108.1081085,0.10097270150281941,-19.915920482595716,-1.6065467215279354,0.8895106974797963,-1.0169764922754443,-9.800398440882486,0.8895106974797963,-1.0169764922754443,-9.800398440882486,0.10693913034333641,-19.417267040327154,-1.4543960523286132
8114114114.114115,0.09457722666684448,-20.484268503164863,-1.597887379718341,0.8900639525683576,-1.0115757491308566,-9.81617132041435,0.8900639525683576,-1.0115757491308566,-9.81617132041435,0.10095230804830665,-19.91767494873374,-1.438689625328866
8120120120.12012,0.08823012732561321,-21.087661880778448,-1.5857472082612007,0.890574383018138,-1.0065960263117617,-9.831955941111808,0.890574383018138,-1.0065960263117617,-9.831955941111808,0.0950612677613251,-20.439927962812057,-1.4190780084566912
8126126126.126126,0.08194819129641814,-21.72921254867954,-1.569357700800086,0.8910416110359315,-1.0020402846649126,-9.847750847501247,0.8910416110359315,-1.0020402846649126,-9.847750847501247,0.08929000881017883,-20.98394268367651,-1.3948772001614604
8132132132.132132,0.07575283113230244,-22.412022630200244,-1.5477293839088446,0.891465310094085,-0.9979110403017524,-9.863554573689834,0.891465310094085,-0.9979110403017524,-9.863554573689834,0.08366797731497884,-21.54881460034108,-1.365271404119015
8138138138.138138,0.06967191576858049,-23.138844950128433,-1.519578098114946,0.8918452055452439,-0.9942103611617528,-9.879365645369917,0.8918452055452439,-0.9942103611617528,-9.879365645369917,0.07823154728163302,-22.132361601846753,-1.3292972189412449
8144144144.144144,0.06374244293643844,-23.911425923149707,-1.4832287489587517,0.8921810751198331,-0.9909398643941324,-9.895182581843452,0.8921810751198331,-0.9909398643941324,-9.895182581843452,0.07302582618557911,-22.73047041778094,-1.2858379658369379
8150150150.15015,0.05801443668097443,-24.72927840780516,-1.4364976055542515,0.8924727493040957,-0.9881007145683649,-9.911003898061072,0.8924727493040957,-0.9881007145683649,-9.911003898061072,0.06810672471913598,-23.336200092368134,-1.2336416224754427
8156156156.156157,0.052556546586095036,-25.587463587335513,-1.376570454716307,0.8927201115970445,-0.9856936227207785,-9.92682810667039,0.8927201115970445,-0.9856936227207785,-9.92682810667039,0.0635430522733736,-23.938638555790952,-1.1713851857422366
8162162162.162163,0.04746373715096676,-26.472761394794485,-1.299937711264034,0.8929230986452503,-0.9837188462411837,-9.942653720067984,0.8929230986452503,-0.9837188462411837,-9.942653720067984,0.05941806005654732,-24.52163063209781,-1.097819122145198
8168168168.168168,0.04286671235176816,-27.357596465657068,-1.2025474669514082,0.8930817002549256,-0.9821761896004753,-9.95847925244944,0.8930817002549256,-0.9821761896004753,-9.95847925244944,0.05582931422254681,-25.062754135161537,-1.0120302335864444
8174174174.174174,0.038940242934346704,-28.192026867969908,-1.0805137379658514,0.8931959592813569,-0.9810650059165839,-9.974303221852102,0.8931959592813569,-0.9810650059165839,-9.974303221852102,0.05288515581378337,-25.53332423522726,-0.9138408190959671
8180180180.18018,0.03590192536359782,-28.897645205389367,-0.9318604728637666,0.8932659713962715,-0.980384199353237,-9.990124152184846,0.8932659713962715,-0.980384199353237,-9.990124152184846,0.050695788117883674,-25.900562420096858,-0.8042885929717407
8186186186.186186,0.033985674563974735,-29.37408211141847,-0.7593724276183046,0.8932918847343031,-0.9801322283425701,-10.005940575239585,0.8932918847343031,-0.9801322283425701,-10.005940575239585,0.04935820067578925,-26.132813612729322,-0.6860002830373481
8192192192.192192,0.033378220018781,-29.530736538655532,-0.5729127942974,0.8932738994202533,-0.9803071096196365,-10.021751032679063,0.8932738994202533,-0.9803071096196365,-10.021751032679063,0.048937440348294094,-26.207174999514162,-0.563165319843948
8198198198.198198,0.03414079007684091,-29.33452865561376,-0.38785054582960815,0.8932122669793942,-0.9809064230536924,-10.03755407799579,0.8932122669793942,-0.9809064230536924,-10.03755407799579,0.049450887751783884,-26.116518149186255,-0.4409106310919984
8204204204.204205,0.036177008697038555,-28.831346914298454,-0.2189530429516221,0.8931072896335626,-0.9819273172582755,-10.053348278436966,0.8931072896335626,-0.9819273172582755,-10.053348278436966,0.05086322334746254,-25.871922416175902,-0.3242366186802139
8210210210.210211,0.039278748727781115,-28.116847112852263,-0.07482462405038455,0.8929593194862963,-0.9833665159592213,-10.069132216890575,0.8929593194862963,-0.9833665159592213,-10.069132216890575,0.0530949187036952,-25.498940796652892,-0.21701552929709317
8216216216.216216,0.04320621610308769,-27.289075329876425,0.04279126769329376,0.8927687576007374,-0.9852203250970258,-10.084904493727873,0.8927687576007374,-0.9852203250970258,-10.084904493727873,0.05603971085245067,-25.03008228410966,-0.12150193717735597
8222222222.222222,0.04774499695654588,-26.421442600139105,0.1363805897359856,0.8925360529744634,-0.9874846406374951,-10.100663728597786,0.8925360529744634,-0.9874846406374951,-10.100663728597786,0.059583062053751586,-24.49754363139028,-0.038421229552440296
8228228228.228229,0.05272637288552686,-25.559442066251776,0.20994760885623265,0.8922617014158322,-0.9901549570620971,-10.116408562168946,0.8922617014158322,-0.9901549570620971,-10.116408562168946,0.06361583386296137,-23.9286955161327,0.032609464136226916
8234234234.234234,0.0580254642669277,-24.727627520583262,0.26747970199375554,0.8919462443267869,-0.9932263765074385,-10.132137657815425,0.8919462443267869,-0.9932263765074385,-10.132137657815425,0.06804167480308343,-23.344500100840868,0.0926084310543649
8240240240.24024,0.06355197860631247,-23.93741847437045,0.31236792574024996,0.8915902673974327,-0.9966936185210447,-10.147849703242342,0.8915902673974327,-0.9966936185210447,-10.147849703242342,0.07277942826224944,-22.75982720899552,0.1428595453179555
8246246246.246246,0.0692407833256293,-23.192760551324554,0.34730990624591496,0.8911943992179854,-1.0005510303989944,-10.163543412047945,0.8911943992179854,-1.0005510303989944,-10.163543412047945,0.07776259067306346,-22.18458558502196,0.18467881285121587
8252252252.252253,0.07504446871579516,-22.493626253553522,0.3743923089837613,0.890759309813975,-1.0047925980692094,-10.179217525219014,0.890759309813975,-1.0047925980692094,-10.179217525219014,0.08293744340066353,-21.62498712337472,0.21929122505304877
8258258258.258259,0.08092800848439882,-21.838022936095115,0.3952145842100864,0.8902857091107985,-1.0094119574829783,-10.19487081255674,0.8902857091107985,-1.0094119574829783,-10.19487081255674,0.08826083619806682,-21.084639245801476,0.24777934003630625
8264264264.264265,0.08686506546812144,-21.223096973869232,0.4110035177778919,0.8897743453339196,-1.0144024064759405,-10.210502074030552,0.8897743453339196,-1.0144024064759405,-10.210502074030552,0.09369809959851641,-20.56538434921294,0.2710722363478949
8270270270.27027,0.09283546385328069,-20.645721765791244,0.42270544479784233,0.8892260033511469,-1.0197569170589598,-10.226110141057685,0.8892260033511469,-1.0197569170589598,-10.226110141057685,0.09922126562669198,-20.06790475156351,0.28995435423541477
8276276276.276277,0.0988234566213389,-20.10279919081444,0.43105641031318376,0.8886415029635365,-1.0254681480984746,-10.241693877706599,0.8886415029635365,-1.0254681480984746,-10.241693877706599,0.1048076268500256,-19.592142251939066,0.3050824251282591
8282282282.282282,0.10481652825396648,-19.59140458301668,0.43663430825721933,0.8880216971515199,-1.0315284583455235,-10.257252181822713,0.8880216971515199,-1.0315284583455235,-10.257252181822713,0.11043860087362424,-19.137582079900955,0.31700432129158673
8288288288.288288,0.1108045578150784,-19.108847500955626,0.4398973217101766,0.8873674702828931,-1.0379299197722294,-10.272783986075236,0.8873674702828931,-1.0379299197722294,-10.272783986075236,0.11609884805579745,-18.70344178705325,0.32617692285811667
8294294294.294294,0.11677922635485344,-18.652688124241475,0.44121226892574544,0.8866797362892848,-1.04466433117452,-10.288288258924142,0.8866797362892848,-1.04466433117452,-10.288288258924142,0.12177559022639664,-18.288795135933388,0.3329818519895691
8300300300.300301,0.12273359167622776,-18.220731128017242,0.4408756016981291,0.8859594368176652,-1.0517232320000294,-10.303764005506746,0.8859594368176652,-1.0517232320000294,-10.303764005506746,0.12745808532256372,-17.892652195718824,0.33773880025796044
8306306306.306307,0.12866177912548832,-17.81100895004832,0.43912906916891425,0.8852075393633836,-1.059097916360329,-10.31921026844356,0.8852075393633836,-1.059097916360329,-10.31921026844356,0.13313722155509475,-17.514010211902296,0.34071657556077356
8312312312.312312,0.13455875383442528,-17.421760871669203,0.43617149828628143,0.8844250353910922,-1.0667794471872534,-10.334626128563492,0.8844250353910922,-1.0667794471872534,-10.334626128563492,0.13880520274961683,-17.15188510368919,0.34214214964171696
8318318318.318318,0.14042015086925724,-17.05141129378778,0.43216773146864484,0.8836129384497635,-1.074758670493783,-10.350010705548698,0.8836129384497635,-1.074758670493783,-10.350010705548698,0.14445530317231148,-16.805330198417824,0.3422080225713704
8324324324.324325,0.14624214705782448,-16.698548909157758,0.4272554681321043,0.8827722822878343,-1.083026229700731,-10.365363158499626,0.8827722822878343,-1.083026229700731,-10.365363158499626,0.1500816754031999,-16.473446615773646,0.3410782024105844
8330330330.330331,0.15202136317205095,-16.361907549551017,0.4215505481223262,0.8819041189743003,-1.0915725799915257,-10.380682686421181,0.8819041189743003,-1.0915725799915257,-10.380682686421181,0.15567919884746703,-16.155388240514917,0.33889306000776487
8336336336.336336,0.15775478846935645,-16.040348987254262,0.41515106717603023,0.8810095170313405,-1.10038800265868,-10.395968528631109,0.8810095170313405,-1.10038800265868,-10.395968528631109,0.16124335951824095,-15.85036323729186,0.33577327638212556
8342342342.342342,0.16343972187940825,-15.73284770802381,0.4081406093641906,0.8800895595838227,-1.109462619406576,-10.411219965091913,0.8800895595838227,-1.109462619406576,-10.411219965091913,0.16677015400675055,-15.55763340369853,0.3318230604157145
8348348348.348349,0.16907372570736728,-15.438477542531972,0.40059080629824356,0.8791453425307495,-1.1187864065768216,-10.42643631666796,0.8791453425307495,-1.1187864065768216,-10.42643631666796,0.17225601226343393,-15.276512218912972,0.3271327801776414
8354354354.354355,0.17465458883773588,-15.156399986300958,0.39256337880227676,0.87817797274342,-1.128349209263881,-10.441616945309462,0.87817797274342,-1.128349209263881,-10.441616945309462,0.17769773509166858,-15.006362152217996,0.32178112261118647
8360360360.36036,0.18018029721330234,-14.88585402067621,0.3841117775625581,0.877188566294792,-1.1381407552902347,-10.456761254165388,0.877188566294792,-1.1381407552902347,-10.456761254165388,0.18309244321442417,-14.746591599821013,0.31583687308990915
8366366366.366366,0.18564900993087058,-14.626147250620832,0.3752825106459566,0.8761782467242015,-1.1481506690121108,-10.471868687627437,0.8761782467242015,-1.1481506690121108,-10.471868687627437,0.18843753549571915,-14.496651687445866,0.30936038774082897
8372372372.372373,0.19105903970700558,-14.376648188352608,0.3661162247123169,0.8751481433412954,-1.1583684849284221,-10.486938731307319,0.8751481433412954,-1.1583684849284221,-10.486938731307319,0.19373065444441118,-14.256033088692604,0.3024048166373517
8378378378.378379,0.1964088367682026,-14.136779529216284,0.35664859111888403,0.8740993895726867,-1.1687836610675402,-10.50197091194986,0.8740993895726867,-1.1687836610675402,-10.50197091194986,0.1989696575421844,-14.024262950873304,0.2950171242488657
8384384384.384384,0.20169697544267354,-13.906012284471089,0.34691103643228866,0.8730331213545349,-1.1793855921281406,-10.516964797284416,0.8730331213545349,-1.1793855921281406,-10.516964797284416,0.20415259325426116,-13.800901981352844,0.2872389442678854
8390390390.39039,0.2069221428970076,-13.683860653246075,0.33693134806392283,0.8719504755739069,-1.1901636223524037,-10.531919995817354,0.8719504755739069,-1.1901636223524037,-10.531919995817354,0.20927768082419262,-13.585541721974765,0.2791072986114142
8396396396.396397,0.212083129585894,-13.469877531993395,0.3267341790674249,0.8708525885614595,-1.201107058111581,-10.546836156568215,0.8708525885614595,-1.201107058111581,-10.546836156568215,0.2143432931417421,-13.377802022595986,0.2706552045901393
8402402402.402403,0.21717882107781192,-13.263650574067668,0.3163414710347962,0.8697405946376554,-1.2122051801858513,-10.561712968752516,0.8697405946376554,-1.2122051801858513,-10.561712968752516,0.2193479421184654,-13.177328714197111,0.26191218963748913
8408408408.408408,0.2222081909919174,-13.06479872455235,0.30577281010149077,0.8686156247144021,-1.2234472557222886,-10.576550161413966,0.8686156247144021,-1.2234472557222886,-10.576550161413966,0.22429026611909209,-12.98379147550921,0.25290472932724956
8414414414.414414,0.22717029483707116,-12.872969166242513,0.29504572803023427,0.8674788049537004,-1.2348225498565144,-10.591347503009036,0.8674788049537004,-1.2348225498565144,-10.591347503009036,0.22916901908600043,-12.796881883257017,0.24365662148663048
8420420420.420421,0.2320642645869842,-12.687834621950431,0.28417595797343687,0.866331255484581,-1.2463203369854523,-10.6061048009468,0.866331255484581,-1.2463203369854523,-10.6061048009468,0.23398306106422073,-12.616311634071845,0.2341893068712153
8426426426.426427,0.2368893038591522,-12.509090966196377,0.2731776526554113,0.8651740891793118,-1.2579299116804188,-10.620821901087059,0.8651740891793118,-1.2579299116804188,-10.620821901087059,0.2387313498901575,-12.441810925243463,0.22452214498858356
8432432432.432432,0.24164468359151356,-12.3364551060756,0.26206357124968643,0.8640084104895907,-1.2696405992313604,-10.635498687199538,0.8640084104895907,-1.2696405992313604,-10.635498687199538,0.24341293385137364,-12.273126981359407,0.21467265214142847
8438438438.438438,0.2463297381316686,-12.169663096805676,0.25084524006388526,0.8628353143431462,-1.2814417658149457,-10.650135080387248,0.8628353143431462,-1.2814417658149457,-10.650135080387248,0.24802694516039941,-12.110022714217287,0.20465670753402165
8444444444.444445,0.2509438616698096,-12.008468462323009,0.23953309121738187,0.8616558851009424,-1.2933228282805507,-10.664731038476766,0.8616558851009424,-1.2933228282805507,-10.664731038476766,0.25257259411375854,-11.952275504028659,0.19448873228980976
8450450450.450451,0.25548650495979536,-11.852640695421243,0.22813658275342238,0.8604711955749128,-1.3052732635499877,-10.679286555378344,0.8604711955749128,-1.3052732635499877,-10.679286555378344,0.2570491638305645,-11.799676090703578,0.18418184541553992
8456456456.456456,0.2599571722831898,-11.70196391544155,0.2166643030286163,0.859282306105941,-1.317282617628147,-10.693801660418679,0.859282306105941,-1.317282617628147,-10.693801660418679,0.26145600548351144,-11.652027564856626,0.1737480000830664
8462462462.462462,0.26435541861954825,-11.556235664515313,0.20512406173797987,0.8580902637015845,-1.3293405142231673,-10.708276417649001,0.8580902637015845,-1.3293405142231673,-10.708276417649001,0.2657925339501758,-11.509144449038036,0.1631981030541294
8468468468.468469,0.26868084699307404,-11.415265825909769,0.1935229695395936,0.8568961012328449,-1.3414366629760792,-10.722710925131235,0.8568961012328449,-1.3414366629760792,-10.722710925131235,0.2700582238249887,-11.370851860532518,0.15254211962451988
8474474474.474475,0.27293310597119086,-11.27887565020907,0.1818675079207175,0.8557008366890944,-1.3535608673012205,-10.737105314204824,0.8557008366890944,-1.3535608673012205,-10.737105314204824,0.2742526057421827,-11.236984747876322,0.1417891660920179
8480480480.48048,0.2771118872951057,-11.14689687692573,0.17016359068363895,0.8545054724901185,-1.3657030318397192,-10.751459748736684,0.8545054724901185,-1.3657030318397192,-10.751459748736684,0.2783752629683905,-11.107387193991196,0.13094759144445586
8486486486.486486,0.28121692362600537,-11.019170940737943,0.15841661821173936,0.8533109948540718,-1.377853169529581,-10.765774424356813,0.8533109948540718,-1.377853169529581,-10.765774424356813,0.282425828230354,-10.981911779529554,0.12002504970805314
8492492492.492493,0.2852479863935875,-10.8955482529182,0.1466315254966386,0.8521183732200038,-1.3900014082969345,-10.780049567681816,0.8521183732200038,-1.3900014082969345,-10.780049567681816,0.28640398074886175,-10.86041900066004,0.10902856418190199
8498498498.498499,0.2892048837358591,-10.775887549705992,0.13481282475804415,0.8509285597235012,-1.402137997373856,-10.794285435528666,0.8509285597235012,-1.402137997373856,-10.794285435528666,0.2903094434546385,-10.742776736102702,0.09796458460502656
8504504504.504504,0.2930874585213534,-10.660055300388846,0.1229646433638921,0.8497424887238736,-1.4142533132491306,-10.808482314120823,0.8497424887238736,-1.4142533132491306,-10.808482314120823,0.2941419803657817,-10.628859758746197,0.08683903815222205
8510510510.51051,0.29689558644625597,-10.547925168744898,0.11109075765427408,0.8485610763812246,-1.4263378652590362,-10.82264051828875,0.8485610763812246,-1.4263378652590362,-10.82264051828875,0.2979013941096312,-10.518549287649225,0.07565737502796671
8516516516.516517,0.3006291742005004,-10.43937752225504,0.099194623185862,0.8473852202816626,-1.4383823008260066,-10.836760390666822,0.8473852202816626,-1.4383823008260066,-10.836760390666822,0.3015875235744649,-10.411732576658036,0.06442460932008749
8522522522.522523,0.30428815769777773,-10.33429898416006,0.0872794018401135,0.84621579910884,-1.4503774103536422,-10.850842300888393,0.84621579910884,-1.4503774103536422,-10.850842300888393,0.305200241678849,-10.308302536246881,0.05314535568483866
8528528528.528528,0.3078725003654025,-10.232582024009753,0.07534798617678333,0.8450536723599579,-1.4623141317870594,-10.864886644780906,0.8450536723599579,-1.4623141317870594,-10.864886644780906,0.30873945324807345,-10.208157385537707,0.041823862357164426
8534534534.534534,0.311382191490658,-10.134124582853062,0.06340302136215265,0.8438996801043211,-1.474183554848163,-10.878893843562516,0.8438996801043211,-1.474183554848163,-10.878893843562516,0.3122050929889425,-10.11120033175306,0.030464040914768266
8540540540.540541,0.3148172446207892,-10.038829729656548,0.05144692495664655,0.8427546427825053,-1.4859769249557409,-10.892864343041849,0.8427546427825053,-1.4859769249557409,-10.892864343041849,0.31559712355518016,-10.017339274639268,0.01906949316838332
8546546546.546547,0.31817769601437496,-9.946605345918293,0.03948190480911122,0.8416193610441618,-1.497685646840775,-10.906798612822376,0.8416193610441618,-1.497685646840775,-10.906798612822376,0.318915533697128,-9.926486533632689,0.007643535502360744
8552552552.552552,0.32146360314207695,-9.857363835782488,0.027509975272375527,0.8404946156224926,-1.5093012878674814,-10.920697145512584,0.8404946156224926,-1.5093012878674814,-10.920697145512584,0.3221603364899767,-9.83855859577114,-0.0038107790509802142
8558558558.558558,0.32467504323520263,-9.771021859250295,0.015532971927517713,0.8393811672433967,-1.520815581071101,-10.934560455943327,0.8393811672433967,-1.520815581071101,-10.934560455943327,0.325331567635799,-9.753475882541593,-0.015290640755745722
8564564564.564565,0.32781211188063,-9.687500086344725,0.003552564980240513,0.8382797565673207,-1.5322204279233655,-10.948389080393381,0.8382797565673207,-1.5322204279233655,-10.948389080393381,0.3284292838351981,-9.671162534033797,-0.026793464918257792
8570570570.570571,0.3308749216609459,-9.60672297031197,-0.008429728527367846,0.8371911041618367,-1.5435079008369246,-10.962183575824248,0.8371911041618367,-1.5435079008369246,-10.962183575824248,0.33145356122483827,-9.591546208929175,-0.038316875243483636
8576576576.576576,0.33386360083873534,-9.528618538144418,-0.020412533564074187,0.8361159105030028,-1.5546702454199859,-10.97594451912521,0.8361159105030028,-1.5546702454199859,-10.97594451912521,0.3344044938777196,-9.514557898991631,-0.04985868863423349
8582582582.582582,0.3367782920841255,-9.453118196886743,-0.03239460690531879,0.8350548560035721,-1.5656998824925679,-10.98967250636942,0.8350548560035721,-1.5656998824925679,-10.98967250636942,0.3372821923633296,-9.440131756856315,-0.06141690128476038
8588588588.588589,0.3396191512447272,-9.380156554345266,-0.044374827780128,0.8340086010661673,-1.576589409875599,-11.003368152081773,0.8340086010661673,-1.576589409875599,-11.003368152081773,0.3400867823650973,-9.368204936026606,-0.07298967593807798
8594594594.594595,0.34238634615721303,-9.309671252959197,-0.056352189283329364,0.8329777861595492,-1.5873316039642769,-11.017032088519272,0.8329777861595492,-1.5873316039642769,-11.017032088519272,0.3428184033529888,-9.29871744208766,-0.08457533019083477
8600600600.600601,0.3450800554998749,-9.24160281571505,-0.06832579047688925,0.8319630319161648,-1.597919421096861,-11.03066496496448,0.8319630319161648,-1.597919421096861,-11.03066496496448,0.34547720730910386,-9.23161199424191,-0.0961723257430949
8606606606.606606,0.3477004676853845,-9.175894503099563,-0.08029482911305559,0.8309649392491926,-1.6083459987300788,-11.044267447032535,0.8309649392491926,-1.6083459987300788,-11.044267447032535,0.3480633575044561,-9.166833896350731,-0.10777925850162325
8612612612.612614,0.35024777979321053,-9.112492180179284,-0.09225859491929154,0.8299840894873598,-1.6186046564320926,-11.057840215992169,0.8299840894873598,-1.6186046564320926,-11.057840215992169,0.35057702732521606,-9.104330916742386,-0.11939484945523397
8618618618.618618,0.35272219654099746,-9.051344192986901,-0.1042164633918531,0.8290210445258545,-1.6286888967038304,-11.071383968101093,0.8290210445258545,-1.6286888967038304,-11.071383968101093,0.3530183991468568,-9.044053176112461,-0.13101793624966224
8624624624.624626,0.3551239292942596,-8.992401253471433,-0.11616789005039654,0.828076346991684,-1.6385924056395225,-11.084899413956109,0.828076346991684,-1.6385924056395225,-11.084899413956109,0.35538766325470056,-8.985953042904764,-0.14264746539730183
8630630630.63063,0.3574531951138298,-8.93561633233752,-0.12811240511111047,0.8271505204219378,-1.648309053436561,-11.098387277857984,0.8271505204219378,-1.648309053436561,-11.098387277857984,0.3576850168095225,-8.929985035613463,-0.15428248506357045
8636636636.636637,0.35971021584038204,-8.880944559164725,-0.1400496085405213,0.8262440694534022,-1.6578328947652325,-11.111848297191536,0.8262440694534022,-1.6578328947652325,-11.111848297191536,0.3599106628568917,-8.87610573149796,-0.1659221383780702
8642642642.642643,0.36189521721540396,-8.828343129252636,-0.15197916545578447,0.8253574800220852,-1.6671581690080803,-11.125283221820759,0.8253574800220852,-1.6671581690080803,-11.125283221820759,0.36206480937902585,-8.824273681245748,-0.1775656572238079
8648648648.64865,0.36400842803801264,-8.777771216687661,-0.16390080184080089,0.8244912195712439,-1.6762793003786303,-11.138692813499208,0.8244912195712439,-1.6762793003786303,-11.138692813499208,0.36414766838794965,-8.774449329159983,-0.18921235646236653
8654654654.654655,0.3660500793569533,-8.729189893174102,-0.17581430055079678,0.8236457372665569,-1.68519089792904,-11.152077845295585,0.8236457372665569,-1.68519089792904,-11.152077845295585,0.36615945505892045,-8.726594938482076,-0.20086162855735282
8660660660.66066,0.36802040369714145,-8.68256205221259,-0.18771949758026696,0.8228214642171653,-1.6938877554556657,-11.165439101034469,0.8228214642171653,-1.6938877554556657,-11.165439101034469,0.3681003869029095,-8.680674521498053,-0.21251293856184986
8666666666.666668,0.3699196343200882,-8.637852338246361,-0.19961627857201555,0.8220188137013411,-1.7023648513115497,-11.178777374752105,0.8220188137013411,-1.7023648513115497,-11.178777374752105,0.36997068297719904,-8.63665377410199,-0.22416581943898933
8672672672.672672,0.3717480045175898,-8.595027080428189,-0.21150457554687035,0.8212381813956211,-1.7106173481342426,-11.19209347016707,0.8212381813956211,-1.7106173481342426,-11.19209347016707,0.37177056313305856,-8.5945000145204,-0.23581986768768037
8678678678.678679,0.37350574693797584,-8.554054230693234,-0.22338436383574165,0.8204799456062718,-1.7186405924974268,-11.205388200165753,0.8204799456062718,-1.7186405924974268,-11.205388200165753,0.37350024729946646,-8.554182125927039,-0.24747473924825683
8684684684.684685,0.375193092944322,-8.514903305847639,-0.2352556591970584,0.8197444675020494,-1.7264301144940326,-11.218662386302212,0.8197444675020494,-1.7264301144940326,-11.218662386302212,0.375159954802012,-8.515670502697088,-0.2591301456647051
8690690690.690691,0.3768102720039135,-8.477545333410605,-0.24711851510463234,0.8190320913472285,-1.7339816272587187,-11.231916858312388,0.8190320913472285,-1.7339816272587187,-11.231916858312388,0.37674990371603545,-8.47893700007284,-0.2707858504828141
8696696696.696697,0.37835751110834326,-8.441952800967927,-0.2589730201917251,0.818343144733964,-1.7412910264368842,-11.245152453642241,0.818343144733964,-1.7412910264368842,-11.245152453642241,0.37827031025306124,-8.443954887032683,-0.28244166586481656
8702702702.702702,0.3798350342235963,-8.408099608816482,-0.27081929583884434,0.8176779388130874,-1.748354389607244,-11.258370016989481,0.8176779388130874,-1.748354389607244,-11.258370016989481,0.37972138817971784,-8.410698802169819,-0.2940974494032007
8708708708.70871,0.3812430617694567,-8.37596102569832,-0.2826574938934208,0.8170367685224865,-1.7551679756647443,-11.271570399858714,0.8170367685224865,-1.7551679756647443,-11.271570399858714,0.38110334826830744,-8.379144712404358,-0.30575310111777926
8714714714.714714,0.38258181012763076,-8.345513647439006,-0.2944877945107595,0.8164199128122888,-1.7617282241700298,-11.284754460129339,0.8164199128122888,-1.7617282241700298,-11.284754460129339,0.38241639777814346,-8.349269874368593,-0.3174085606209725
8720720720.720722,0.38385149117794565,-8.31673535832149,-0.3063104041064428,0.8158276348660918,-1.7680317546716753,-11.297923061636176,0.8158276348660918,-1.7680317546716753,-11.297923061636176,0.3836607399669898,-8.321052798314156,-0.3290638044383303
8726726726.726727,0.3850523118620225,-8.28960529504041,-0.3181255534109121,0.8152601823175577,-1.7740753660067987,-11.311077073762002,0.8152601823175577,-1.7740753660067987,-11.311077073762002,0.3848365736316943,-8.29447321440825,-0.340718843471369
8732732732.732733,0.3861844737738274,-8.264103813095048,-0.3299334956181165,0.8147177874617114,-1.7798560355856197,-11.324217371041954,0.8147177874617114,-1.7798560355856197,-11.324217371041954,0.38594409267743174,-8.269512041290572,-0.3523737205917615
8738738738.738739,0.3872481727764975,-8.240212455491669,-0.3417345046201025,0.8142006674603527,-1.785370918664952,-11.33734483277899,0.8142006674603527,-1.785370918664952,-11.33734483277899,0.3869834857147136,-8.2461513567795,-0.3640285083558701
8744744744.744745,0.3882435986449335,-8.217913923635257,-0.353528873320555,0.8137090245410126,-1.790617347615573,-11.350460342670246,0.8137090245410126,-1.790617347615573,-11.350460342670246,0.3879549356836261,-8.224374370619408,-0.37568330683009593
8750750750.750751,0.38917093473353354,-8.197192050303947,-0.3653169120204316,0.813243046188944,-1.7955928311879334,-11.363564788443549,0.813243046188944,-1.7955928311879334,-11.363564788443549,0.3888586195045052,-8.204165399176256,-0.38733824151776475
8756756756.756756,0.39003035766861993,-8.17803177460526,-0.3770989468693599,0.8128029053316683,-1.8002950537804674,-11.376659061503803,0.8128029053316683,-1.8002950537804674,-11.376659061503803,0.3896947077545461,-8.1855098419909,-0.3989934613792911
8762762762.762764,0.39082203706500546,-8.160419118824821,-0.38887531837693795,0.812388760515642,-1.8047218747144407,-11.389744056588585,0.812388760515642,-1.8047218747144407,-11.389744056588585,0.3904633643696945,-8.168394160111395,-0.4106491369373527
8768768768.768768,0.391546135266227,-8.144341167085008,-0.4006463799782846,0.8120007560746492,-1.8088713275189774,-11.402820671432497,0.8120007560746492,-1.8088713275189774,-11.402820671432497,0.39116474637125825,-8.152805856131181,-0.4223054584599976
8774774774.774775,0.3922028071080111,-8.12978604573815,-0.41241249664872653,0.8116390222895532,-1.8127416192296841,-11.415889806439807,0.8116390222895532,-1.8127416192296841,-11.415889806439807,0.39179900361675263,-8.138733455865793,-0.4339626342146233
8780780780.78078,0.3927921997045124,-8.116742905427012,-0.4241740435624517,0.8113036755390894,-1.816331129703915,-11.428952364364688,0.8113036755390894,-1.816331129703915,-11.428952364364688,0.39236627857442435,-8.126166491609146,-0.445620888786127
8786786786.786787,0.39331445225692674,-8.105201904751013,-0.43593140479057,0.8109948184414035,-1.8196384109555452,-11.442009249998685,0.8109948184414035,-1.8196384109555452,-11.442009249998685,0.3928667061210199,-8.115095486914338,-0.45728046145325346
8792792792.792793,0.39376969588411176,-8.095154195482714,-0.4476849720339757,0.8107125399860787,-1.822662186511813,-11.455061369864783,0.8107125399860787,-1.822662186511813,-11.455061369864783,0.3933004133623672,-8.10551194285003,-0.4689416046172579
8798798798.798798,0.3941580534748326,-8.086591909285762,-0.4594351433867397,0.8104569156564305,-1.825401350794488,-11.468109631917498,0.8104569156564305,-1.825401350794488,-11.468109631917498,0.39366751947632667,-8.09740832568968,-0.4806045822770467
8804804804.804806,0.3944796395613461,-8.079508145889518,-0.4711823221258023,0.8102280075418725,-1.827854968527423,-11.481154945248527,0.8102280075418725,-1.827854968527423,-11.481154945248527,0.39396813557778915,-8.090778055993882,-0.49226966854591275
8810810810.81081,0.39473456021398734,-8.073896962682372,-0.48292691552300376,0.8100258644401881,-1.8300222741722958,-11.494198219797276,0.8100258644401881,-1.8300222741722958,-11.494198219797276,0.3942023646053334,-8.085615499052965,-0.5039371462043588
8816816816.816818,0.39492291295651893,-8.069753365689326,-0.49466933367559723,0.8098505219495781,-1.8319026713940179,-11.50724036606589,0.8098505219495781,-1.8319026713940179,-11.50724036606589,0.39437030122927486,-8.081915956659486,-0.5156073052843494
8822822822.822823,0.39504478670200033,-8.067073301904731,-0.5064099883513111,0.8097020025503774,-1.833495732557111,-11.520282294838001,0.8097020025503774,-1.833495732557111,-11.520282294838001,0.39447203178081036,-8.079675660186087,-0.52728044168016
8828828828.828829,0.3951002617089532,-8.06585365295591,-0.5181492918443695,0.809580315676362,-1.8348011982540944,-11.533324916900828,0.809580315676362,-1.8348011982540944,-11.533324916900828,0.3945076342020046,-8.078891764948013,-0.5389568557811921
8834834834.834835,0.39508940955766786,-8.066092230076906,-0.5298876558387651,0.8094854577755977,-1.8358189768666628,-11.546369142769976,0.8094854577755977,-1.8358189768666628,-11.546369142769976,0.3944771780164443,-8.079562345832734,-0.5506368511223816
8840840840.840841,0.39501229314648095,-8.067787770376814,-0.5416254902750951,0.809417412360808,-1.8365491441601922,-11.559415882416356,0.809417412360808,-1.8365491441601922,-11.559415882416356,0.39438072432033777,-8.081686394184809,-0.5623207330477017
8846846846.846848,0.39486896670792077,-8.070939934390536,-0.553363202217529,0.8093761500492631,-1.8369919429119175,-11.572466044994771,0.8093761500492631,-1.8369919429119175,-11.572466044994771,0.394218325793963,-8.08526381593598,-0.5740088073824522
8852852852.852852,0.39465947584462147,-8.075549304904461,-0.5651011947170743,0.8093616285922198,-1.8371477825728304,-11.585520538573466,0.8093616285922198,-1.8371477825728304,-11.585520538573466,0.39399002673331357,-8.090295430976266,-0.5857013791100711
8858858858.85886,0.39438385758496347,-8.081617387052972,-0.5768398656678189,0.8093737928939683,-1.8370172389631576,-11.598580269864266,0.8093737928939683,-1.8370172389631576,-11.598580269864266,0.393695863101868,-8.096782973764638,-0.5973987510492287
8864864864.864864,0.39404214045838587,-8.089146609686699,-0.5885796066522029,0.8094125750205649,-1.8366010540010298,-11.611646143952541,0.8094125750205649,-1.8366010540010298,-11.611646143952541,0.3933358626024635,-8.104729095181174,-0.6091012225268495
8870870870.87087,0.39363434459040475,-8.098140328016093,-0.6003208017719843,0.8094778941983596,-1.8359001354637108,-11.6247190640267,0.8094778941983596,-1.8359001354637108,-11.6247190640267,0.39291004476921815,-8.114137365627935,-0.6208090880430049
8876876876.876877,0.39316048181733626,-8.108602827539398,-0.6120638264607212,0.8095696568024452,-1.8349155567805835,-11.637799931106416,0.8095696568024452,-1.8349155567805835,-11.637799931106416,0.39241842107953934,-8.125012279388272,-0.6325226359230064
8882882882.882883,0.39262055582081085,-8.120539329266903,-0.6238090462743694,0.8096877563351915,-1.8336485568567444,-11.650889643769279,0.8096877563351915,-1.8336485568567444,-11.650889643769279,0.3918609950862348,-8.137359260259439,-0.6442421469527583
8888888888.88889,0.39201456228214593,-8.133955996258571,-0.6355568156557168,0.8098320733950423,-1.8321005399259727,-11.663989097875152,0.8098320733950423,-1.8321005399259727,-11.663989097875152,0.3912377625698624,-8.151184668475313,-0.6559678929924847
8894894894.894894,0.3913424890567039,-8.148859941495743,-0.647307476668745,0.8100024756357873,-1.8302730754314835,-11.677099186287869,0.8100024756357873,-1.8302730754314835,-11.677099186287869,0.3905487117113342,-8.166495808943624,-0.6677001355645388
8900900900.900902,0.39060431636839293,-8.165259237111911,-0.6590613576986669,0.8101988177165408,-1.828167897932764,-11.690220798593637,0.8101988177165408,-1.828167897932764,-11.690220798593637,0.3897938232849832,-8.183300940822626,-0.6794391244104977
8906906906.906906,0.38980001702443207,-8.183162925013574,-0.670818772113138,0.8104209412426897,-1.825786907036457,-11.703354820815683,0.8104209412426897,-1.825786907036457,-11.703354820815683,0.38897307087220334,-8.201609288469466,-0.6911850960125031
8912912912.912914,0.3889295566506428,-8.202581028924332,-0.6825800168802885,0.8106686746981014,-1.8231321673490832,-11.716502135124689,0.8106686746981014,-1.8231321673490832,-11.716502135124689,0.38808642109589575,-8.221431053795014,-0.7029382720741856
8918918918.918919,0.3879928939474518,-8.223524567892692,-0.6943453711384243,0.8109418333689031,-1.8202059084491784,-11.729663619544382,0.8109418333689031,-1.8202059084491784,-11.729663619544382,0.3871338338758786,-8.242777430067004,-0.7146988579554019
8924924924.924925,0.3869899809668443,-8.246005571308526,-0.7061150947126346,0.8112402192591787,-1.8170105248761446,-11.742840147652007,0.8112402192591787,-1.8170105248761446,-11.742840147652007,0.3861152627055698,-8.265660617205764,-0.7264670410556255
8930930930.930931,0.38592076341056103,-8.270037095478074,-0.7178894265727527,0.8115636209989555,-1.8135485761329129,-11.756032588273005,0.8115636209989555,-1.8135485761329129,-11.756032588273005,0.3850306549501309,-8.290093838625317,-0.7382429891399351
8936936936.936937,0.38478518094983516,-8.295633241813501,-0.7296685832270214,0.811911813744879,-1.8098227866993133,-11.769241805169575,0.811911813744879,-1.8098227866993133,-11.769241805169575,0.3838799521664405,-8.316091359675056,-0.7500268486016899
8942942942.942944,0.3835831675669533,-8.322809176700108,-0.7414527570454927,0.8122845590740131,-1.8058360460526957,-11.782468656722592,0.8122845590740131,-1.8058360460526957,-11.782468656722592,0.38266309044515495,-8.34366850774611,-0.7618187426550681
8948948948.948948,0.38231465191901753,-8.351581153109173,-0.7532421145066543,0.8126816048712184,-1.8015914086923188,-11.795713995606526,0.8126816048712184,-1.8015914086923188,-11.795713995606526,0.38138000077521544,-8.372841694111411,-0.7736187694509149
8954954954.954956,0.380979557724237,-8.38196653403304,-0.7650367943604431,0.8131026852106102,-1.7970920941635569,-11.80897866845687,0.8131026852106102,-1.7970920941635569,-11.80897866845687,0.38003060943115197,-8.40362843757597,-0.78542700010829
8960960960.96096,0.3795778041711451,-8.413983817825525,-0.7768369057002087,0.8135475202316137,-1.7923414870779375,-11.822263515529654,0.8135475202316137,-1.7923414870779375,-11.822263515529654,0.37861483838356425,-8.436047390021196,-0.7972434766538166
8966966966.966967,0.37810930635111445,-8.447652665539746,-0.7886425259357831,0.814015816010183,-1.7873431371246076,-11.835569370352843,0.814015816010183,-1.7873431371246076,-11.835569370352843,0.377132605733164,-8.47011836393546,-0.8090682098606663
8972972972.972973,0.3765739757146063,-8.482993930363152,-0.8004536986590821,0.8145072644257632,-1.782100759068819,-11.848897059368937,0.8145072644257632,-1.782100759068819,-11.848897059368937,0.3755838261688334,-8.505862362030514,-0.8209011769777678
8978978978.97898,0.3749717205515665,-8.520029689259953,-0.812270431392952,0.8150215430246327,-1.7766182327325137,-11.862247401568748,0.8150215430246327,-1.7766182327325137,-11.862247401568748,0.3739684114500886,-8.543301609054671,-0.832742319339584
8984984984.984985,0.373302446496405,-8.558783276940984,-0.8240926932134314,0.8155583148802791,-1.7708996029521011,-11.875621208115788,0.8155583148802791,-1.7708996029521011,-11.875621208115788,0.3722862709144016,-8.58245958592261,-0.8445915398460632
8990990990.99099,0.3715660570580505,-8.599279322291334,-0.8359204122344536,0.8161172284515098,-1.764949079508102,-11.889019281961069,0.8161172284515098,-1.764949079508102,-11.889019281961069,0.37053731200989143,-8.62336106629173,-0.85644870030099
8996996996.996998,0.3697624541754866,-8.641543787400227,-0.8477534729434021,0.8166979174390258,-1.7587710370212473,-11.902442417448068,0.8166979174390258,-1.7587710370212473,-11.902442417448068,0.3687214408538042,-8.666032155729207,-0.8683136185966536
9003003003.003002,0.36789153879931685,-8.685604009347758,-0.8595917133745721,0.8173000006412333,-1.7523700148092596,-11.91589139990744,0.8173000006412333,-1.7523700148092596,-11.91589139990744,0.3668385628173361,-8.710500333624138,-0.880186065730958
9009009009.00901,0.3659532114998254,-8.731488744919467,-0.8714349221066843,0.8179230818100999,-1.7457507166983977,-11.929367005241467,0.8179230818100999,-1.7457507166983977,-11.929367005241467,0.3648885831372563,-8.756794498015793,-0.89206576264269
9015015015.015015,0.36394737310202185,-8.779228218434987,-0.8832828350691688,0.8185667495078962,-1.738918010783631,-11.942869999497809,0.8185667495078962,-1.738918010783631,-11.942869999497809,0.362871407554904,-8.804945013521877,-0.9039523768485003
9021021021.02102,0.3618739253482094,-8.828854172892983,-0.8951351321406401,0.8192305769657211,-1.7318769291309388,-11.956401138432645,0.8192305769657211,-1.7318769291309388,-11.956401138432645,0.36078694298302694,-8.85498376257036,-0.9158455188642189
9027027027.027027,0.3597327715886181,-8.880399924653387,-0.9069914335209774,0.8199141219447159,-1.7246326674152912,-11.96996116706276,0.8199141219447159,-1.7246326674152912,-11.96996116706276,0.358635098201141,-8.906944200152012,-0.9277447383912097
9033033033.033033,0.35752381750058204,-8.933900421899901,-0.9188512958573121,0.820616926600948,-1.7171905844873177,-11.983550819206766,0.820616926600948,-1.7171905844873177,-11.983550819206766,0.3564157845798083,-8.960861412337904,-0.9396495202465387
9039039039.03904,0.35524697183689197,-8.989392307144726,-0.9307142081014296,0.8213385173549548,-1.7095562018617447,-11.997170817015181,0.8213385173549548,-1.7095562018617447,-11.997170817015181,0.3541289168345736,-9.01677217882034,-0.9515592800137959
9045045045.045044,0.3529021472038219,-9.046913984065311,-0.942579587074438,0.822078404766993,-1.7017352031203363,-12.010821870489439,0.822078404766993,-1.7017352031203363,-12.010821870489439,0.35177441381005364,-9.074715039766058,-0.9634733593888511
9051051051.051052,0.3504892608694407,-9.106505688987488,-0.9544467727117021,0.822836083419077,-1.6937334332218725,-12.02450467698979,0.822836083419077,-1.6937334332218725,-12.02450467698979,0.34935219929485717,-9.134730367293143,-0.9753910211922474
9057057057.057056,0.3480082356028125,-9.168209567359455,-0.9663150229582258,0.8236110318049147,-1.6855568977116686,-12.03821992073217,0.8236110318049147,-1.6855568977116686,-12.03821992073217,0.34686220286798886,-9.196860441913326,-0.9873114440170053
9063063063.063065,0.34545900054467094,-9.232069755594605,-0.9781835082816362,0.8244027122289114,-1.6772117618227187,-12.051968272274149,0.8244027122289114,-1.6772117618227187,-12.051968272274149,0.34430436077734516,-9.261149534315217,-0.9992337164772608
9069069069.069069,0.34284149211026443,-9.298132468694936,-0.990051305765957,0.8252105707154199,-1.668704349460681,-12.065750387989997,0.8252105707154199,-1.668704349460681,-12.065750387989997,0.3416786168511034,-9.327643992895386,-1.0111568310189436
9075075075.075075,0.34015565492498795,-9.366446094109222,-1.0019173927457778,0.8260340369294786,-1.660041142064502,-12.07956690953526,0.8260340369294786,-1.660041142064502,-12.07956690953526,0.33898492344266334,-9.396392337487674,-1.0230796772503052
9081081081.081081,0.33740144279356366,-9.437061292321186,-1.013780639935238,0.8268725241102932,-1.651228777334548,-12.093418463300846,0.8268725241102932,-1.651228777334548,-12.093418463300846,0.3362232424100002,-9.467445359780399,-1.0350010347443956
9087087087.087088,0.3345788197035256,-9.510031104712764,-1.0256398040015566,0.8277254290187592,-1.6422740478199245,-12.10730565985713,0.8277254290187592,-1.6422740478199245,-12.10730565985713,0.33339354613023914,-9.540856230961296,-1.0469195652605399
9093093093.093094,0.3316877608637889,-9.585411069302022,-1.0374935195266237,0.8285921319003516,-1.6331838993565804,-12.121229093388258,0.8285921319003516,-1.6331838993565804,-12.121229093388258,0.3304958185504096,-9.616680617180819,-1.058833804325682
9099099099.099098,0.32872825377925513,-9.663259345012294,-1.049340290293438,0.8294719964647423,-1.6239654293476562,-12.135189341117199,0.8294719964647423,-1.6239654293476562,-12.135189341117199,0.3275300562753654,-9.694976803484085,-1.0707421521095322
9105105105.105106,0.32570029936236866,-9.74363684519839,-1.0611784798269335,0.8303643698835179,-1.614625884877647,-12.14918696272193,0.8303643698835179,-1.614625884877647,-12.14918696272193,0.32449626969396245,-9.775805826926456,-1.0826428635187895
9111111111.11111,0.3226039130827743,-9.826607381225752,-1.073006301109334,0.8312685828074038,-1.6051726606517986,-12.163222499743275,0.8312685828074038,-1.6051726606517986,-12.163222499743275,0.321394484144782,-9.859231619657603,-1.094534037427834
9117117117.117117,0.3194391261562212,-9.912237816983758,-1.0848218053812075,0.8321839494044245,-1.5956132967521333,-12.17729647498507,0.8321839494044245,-1.5956132967521333,-12.17729647498507,0.31822474112273297,-9.945321162841337,-1.10641360495155
9123123123.123123,0.3162059867741233,-10.000598235302466,-1.0966228699271647,0.833109767420431,-1.5859554762016677,-12.191409391907245,0.833109767420431,-1.5859554762016677,-12.191409391907245,0.3149870995281084,-10.03414465236569,-1.1182793166551621
9129129129.12913,0.312904561375339,-10.09176211734455,-1.1084071847326786,0.8340453182634486,-1.576207022328337,-12.20556173401255,0.8340453182634486,-1.576207022328337,-12.20556173401255,0.3116816369599088,-10.125775677395804,-1.1301287285817634
9135135135.135136,0.30953493596191506,-10.185806536158799,-1.1201722378837367,0.8349898671133048,-1.566375895920272,-12.219753964227808,0.8349898671133048,-1.566375895920272,-12.219753964227808,0.3083084510553947,-10.220291412935222,-1.1419591869628065
9141141141.14114,0.30609721746090307,-10.282812365705581,-1.1319152995633162,0.8359426630579945,-1.5564701921641952,-12.233986524280411,0.8359426630579945,-1.5564701921641952,-12.233986524280411,0.30486766087831013,-10.317772827679308,-1.1537678114589722
9147147147.147148,0.3025915351346055,-10.382864506808595,-1.1436334044797982,0.8369029392582468,-1.5464981373588267,-12.248259834071202,0.8369029392582468,-1.5464981373588267,-12.248259834071202,0.30135940835839603,-10.418304908586888,-1.1655514767584072
9153153153.153152,0.2990180420420631,-10.486052131644119,-1.1553233325388588,0.8378699131417231,-1.5364680853956125,-12.26257429104449,0.8378699131417231,-1.5364680853956125,-12.26257429104449,0.2977838597854715,-10.521976903743155,-1.1773067923346858
9159159159.15916,0.29537691655502246,-10.592468948557878,-1.1669815875448886,0.8388427866283084,-1.5263885139988713,-12.276930269556615,0.8388427866283084,-1.5263885139988713,-12.276930269556615,0.29414120736165345,-10.628882585264742,-1.1890300801408944
9165165165.165165,0.2916683639322518,-10.702213489197273,-1.1786043736866871,0.8398207463878762,-1.516268020718334,-12.29132812024387,0.8398207463878762,-1.516268020718334,-12.29132812024387,0.29043167081611304,-10.739120534183783,-1.200717349982279
9171171171.171171,0.2878926179566697,-10.815389420172748,-1.1901875695275768,0.8408029641319319,-1.5061153186668705,-12.305768169391358,0.8408029641319319,-1.5061153186668705,-12.305768169391358,0.2866554990874586,-10.852794449463687,-1.2123642722752084
9177177177.177177,0.28404994264067535,-10.93210588171021,-1.2017266991780107,0.8417885969404648,-1.4959392319969256,-12.320250718303782,0.8417885969404648,-1.4959392319969256,-12.320250718303782,0.2828129720796529,-10.970013483541901,-1.223966147854775
9183183183.183184,0.28014063400592093,-11.052477856042604,-1.2132169002812436,0.8427767876253248,-1.485748691109343,-12.334776042679824,0.8427767876253248,-1.485748691109343,-12.334776042679824,0.27890440249858384,-11.090892607059699,-1.2355178744448385
9189189189.18919,0.2761650219450421,-11.176626568603181,-1.2246528883858185,0.843766665131357,-1.475552727589008,-12.349344391991371,0.843766665131357,-1.475552727589008,-12.349344391991371,0.2749301377775852,-11.215553005743411,-1.2470139093444328
9195195195.195194,0.272123472174194,-11.304679925442674,-1.2360289172126477,0.8447573449764894,-1.4653604688620594,-12.363955988869241,0.8447573449764894,-1.4653604688620594,-12.363955988869241,0.2708905621018028,-11.344122512737085,-1.2584482278157458
9201201201.201202,0.2680163882868891,-11.436772990695959,-1.2473387342467277,0.8457479297318979,-1.4551811325699757,-12.378611028497005,0.8457479297318979,-1.4551811325699757,-12.378611028497005,0.2667860985430269,-11.476736080068166,-1.2698142765775977
9207207207.207207,0.26384421392173585,-11.573048508373889,-1.258575530991274,0.8467375095432663,-1.445024020656783,-12.393309678014436,0.8467375095432663,-1.445024020656783,-12.393309678014436,0.262617211318985,-11.613536293345392,-1.2811049217125694
9213213213.213213,0.2596074350589324,-11.71365747327098,-1.2697318871140855,0.8477251626941111,-1.434898513165848,-12.408052075932613,0.8477251626941111,-1.434898513165848,-12.408052075932613,0.2583844081934828,-11.754673934269341,-1.292312390182836
9219219219.21922,0.2553065824633951,-11.858759756349242,-1.280799707586415,0.8487099562120062,-1.4248140617438796,-12.42283833156216,0.8487099562120062,-1.4248140617438796,-12.42283833156216,0.25408824303714383,-11.900308596058375,-1.3034282040154688
9225225225.225225,0.25094223429576634,-12.008524790607268,-1.2917701517615683,0.8496909465184539,-1.4147801828502944,-12.437668524456733,0.8496909465184539,-1.4147801828502944,-12.437668524456733,0.24972931857213304,-12.050609357487614,-1.3144431060577615
9231231231.231232,0.2465150189168269,-12.163132324164842,-1.302633553157218,0.8506671801230197,-1.4048064506710949,-12.452542703873533,0.8506671801230197,-1.4048064506710949,-12.452542703873533,0.24530828932891632,-12.205755521890913,-1.3253469760138648
9237237237.237236,0.2420256179158236,-12.322773248106913,-1.3133793284862032,0.8516376943622286,-1.3949024897371751,-12.467460888252912,0.8516376943622286,-1.3949024897371751,-12.467460888252912,0.24082586484859783,-12.36593742820235,-1.3361287352446147
9243243243.243244,0.23747476939943227,-12.487650507533752,-1.3239958742168523,0.8526015181835764,-1.3850779672479943,-12.48242306471907,0.8526015181835764,-1.3850779672479943,-12.48242306471907,0.23628281317098696,-12.531357341915472,-1.346776238540037
9249249249.249249,0.23286327158558176,-12.657980105268452,-1.3344704486263748,0.853557672974848,-1.3753425851026848,-12.497429188603812,0.853557672974848,-1.3753425851026848,-12.497429188603812,0.23167996465689863,-12.702230434703406,-1.3572761507436046
9255255255.255257,0.22819198675535302,-12.833992208788665,-1.34478903692639,0.8545051734388072,-1.3657060716413647,-12.512479182995675,0.8545051734388072,-1.3657060716413647,-12.512479182995675,0.22701821620281493,-12.878785862397148,-1.3676138057096756
9261261261.261261,0.22346184562751584,-13.015932372159382,-1.354936196573158,0.8554430285131188,-1.3561781731009215,-12.527572938316323,0.8554430285131188,-1.3561781731009215,-12.527572938316323,0.22229853591834975,-13.061267952018893,-1.3777730445918241
9267267267.267267,0.21867385223384395,-13.20406288606584,-1.364894879306153,0.8563702423352142,-1.346768644790344,-12.542710311926559,0.8563702423352142,-1.346768644790344,-12.542710311926559,0.21752196835181892,-13.24993750961877,-1.3877360298728398
9273273273.273273,0.21382908939031284,-13.398664270446389,-1.3746462257631251,0.8572858152516013,-1.3374872419921182,-12.557891127763977,0.8572858152516013,-1.3374872419921182,-12.557891127763977,0.21268964036745025,-13.445073261731071,-1.3974830308285353
9279279279.27928,0.20892872488028327,-13.600036925680083,-1.38416932766559,0.8581887448709467,-1.328343710597214,-12.573115176014502,0.8581887448709467,-1.328343710597214,-12.573115176014502,0.2078027678005119,-13.646973444288657,-1.4069921752370933
9285285285.285286,0.20397401849169383,-13.808502959746052,-1.3934409515154107,0.8590780271600446,-1.3193477774825102,-12.588382212819976,0.8590780271600446,-1.3193477774825102,-12.588382212819976,0.20286266304483686,-13.855957553735943,-1.416239161063591
9291291291.29129,0.19896633008296213,-14.024408210133481,-1.402435216439498,0.8599526575815734,-1.3105091406408695,-12.60369196002394,0.8599526575815734,-1.3105091406408695,-12.60369196002394,0.1978707437623047,-14.07236827573641,-1.4251969205099624
9297297297.297298,0.19390712889304718,-14.248124480416644,-1.4111232171995947,0.8608116322723406,-1.3018374590751824,-12.619044104957753,0.8608116322723406,-1.3018374590751824,-12.619044104957753,0.1928285429479303,-14.296573607077471,-1.4338352271620478
9303303303.303303,0.1887980043626717,-14.480052012078925,-1.4194725813614013,0.8616539492604816,-1.2933423424691943,-12.634438300269089,0.8616539492604816,-1.2933423424691943,-12.634438300269089,0.18773772063975513,-14.528969185841522,-1.4421202349001583
9309309309.309309,0.18364067879900753,-14.720622212030328,-1.4274469470832232,0.8624786097198667,-1.285033340649098,-12.649874163795033,0.8624786097198667,-1.285033340649098,-12.649874163795033,0.1826000776330139,-14.769980843199527,-1.4500139346582832
9315315315.315315,0.1784370222994289,-14.9703006547771,-1.4350053447942908,0.8632846192597271,-1.276919932851397,-12.665351278481532,0.8632846192597271,-1.276919932851397,-12.665351278481532,0.17741757164749256,-15.02006738663303,-1.4574735118801445
9321321321.321321,0.17318907045669954,-15.229590374562411,-1.442101462002853,0.864070989247313,-1.269011516813523,-12.680869192351405,0.864070989247313,-1.269011516813523,-12.680869192351405,0.17219233651149504,-15.279723618022473,-1.4644505834465367
9327327327.327328,0.16789904550560059,-15.499035455777317,-1.4486827653599568,0.864836738161125,-1.2613173977054672,-12.69642741852255,0.864836738161125,-1.2613173977054672,-12.69642741852255,0.16692670507317617,-15.549483579398693,-1.4708902877015706
9333333333.333332,0.16256938174964614,-15.779224917680724,-1.4546894475940941,0.8655808929720773,-1.2538467769215236,-12.712025435278237,0.8655808929720773,-1.2538467769215236,-12.712025435278237,0.1616232367405396,-15.829924002080144,-1.4767301946887461
9339339339.33934,0.15720275633951886,-16.070796869170287,-1.4600531586114418,0.8663024905496968,-1.2466087407527753,-12.727662686191183,0.8663024905496968,-1.2466087407527753,-12.727662686191183,0.15628475079950668,-16.12166790816564,-1.481898995429659
9345345345.345345,0.15180212678105195,-16.374442876741625,-1.464695469395297,0.8670005790902469,-1.23961224896219,-12.743338580302778,0.8670005790902469,-1.23961224896219,-12.743338580302778,0.1509143669842367,-16.425388272086987,-1.4863149185501707
9351351351.351353,0.14637077695485207,-16.690912437423137,-1.4685260036480552,0.8676742195634745,-1.2328661232850757,-12.759052492359192,0.8676742195634745,-1.2328661232850757,-12.759052492359192,0.1455155552010593,-16.741811586908813,-1.4898838091583506
9357357357.357357,0.14091237396755596,-17.02101736849134,-1.4714401545218585,0.868322487174429,-1.226379035879252,-12.77480376310534,0.868322487174429,-1.226379035879252,-12.77480376310534,0.14009219687352534,-17.07172108431267,-1.4924967878383213
9363363363.363363,0.13543103887393634,-17.36563580211007,-1.4733162811823857,0.8689444728366545,-1.220159497749832,-12.790591699638103,0.8689444728366545,-1.220159497749832,-12.790591699638103,0.13464866112852147,-17.4159592122809,-1.4940273860308428
9369369369.36937,0.12993143527683737,-17.725715282519538,-1.4740122510107114,0.8695392846528247,-1.214215847174998,-12.806415575819639,0.8695392846528247,-1.214215847174998,-12.806415575819639,0.12918990005019632,-17.775428755289795,-1.49432802689406
9375375375.375376,0.12441888112072216,-18.10227417034459,-1.4733611564583444,0.8701060493987546,-1.2085562381596358,-12.822274632751665,0.8701060493987546,-1.2085562381596358,-12.822274632751665,0.12372156857930017,-18.15109165035485,-1.4932256869641067
9381381381.381382,0.11889949077216755,-18.496400107846732,-1.4711659894100542,0.8706439140065414,-1.2031886289448193,-12.838168079311316,0.8706439140065414,-1.2031886289448193,-12.838168079311316,0.11825017645358303,-18.543964050659632,-1.490516532865784
9387387387.387386,0.11338035690209028,-18.909243605153854,-1.467192999336447,0.8711520470424522,-1.1981207706017265,-12.854095092749084,0.8711520470424522,-1.1981207706017265,-12.854095092749084,0.11278328203372051,-18.95510542879005,-1.4859592792808012
9393393393.393394,0.1078697849853885,-19.3420037387334,-1.461163395070543,0.8716296401750544,-1.1933601957391944,-12.870054819349058,0.8716296401750544,-1.1933601957391944,-12.870054819349058,0.10732974114956007,-19.38559836079286,-1.4792669621239336
9399399399.399399,0.10237759772134662,-19.795901306733924,-1.452742978197293,0.8720759096289753,-1.1889142073546703,-12.886046375151409,0.8720759096289753,-1.1889142073546703,-12.886046375151409,0.1019000284927146,-19.836513891171375,-1.4700967725128942
9405405405.405407,0.09691553272895888,-20.272132253025717,-1.441529232116122,0.8724900976196006,-1.184789867858624,-12.902068846737196,0.8724900976196006,-1.184789867858624,-12.902068846737196,0.0965066548561508,-20.308854755372327,-1.4580375717641463
9411411411.411411,0.09149776488818248,-20.771790295410884,-1.4270353668169022,0.8728714737639438,-1.1809939883029044,-12.918121292074805,0.8728714737639438,-1.1809939883029044,-12.918121292074805,0.09116471090623561,-20.80346481776636,-1.4425947463088105
9417417417.417418,0.08614159496106714,-21.295741825748024,-1.40867090523495,0.8732193364629094,-1.1775331178433703,-12.934202741427718,0.8732193364629094,-1.1775331178433703,-12.934202741427718,0.08589257712281007,-21.32088732963753,-1.4231722472207537
9423423423.423424,0.08086835839873333,-21.844427456721217,-1.3857187371581663,0.8735330142501215,-1.1744135334674715,-12.950312198322486,0.8735330142501215,-1.1744135334674715,-12.950312198322486,0.08071284924201738,-21.86114642806333,-1.39905215345234
9429429429.42943,0.07570462081985807,-22.41755222893644,-1.3573094460094484,0.8738118671025404,-1.1716412300169274,-12.966448640576061,0.8738118671025404,-1.1716412300169274,-12.966448640576061,0.07565353629450852,-22.42341533634613,-1.3693732011728708
9435435435.435436,0.07068373427662579,-23.013610288882184,-1.3223956671559243,0.8740552877080929,-1.1692219105356845,-12.982611021381068,0.8740552877080929,-1.1692219105356845,-12.982611021381068,0.07074958734111327,-23.005521777840244,-1.3331119611912299
9441441441.44144,0.06584781799597261,-23.629172234244187,-1.2797331971897925,0.8742627026856352,-1.167160976972608,-12.99879827044755,0.8742627026856352,-1.167160976972608,-12.99879827044755,0.0660447781221673,-23.603230289945767,-1.289074565230536
9447447447.447449,0.06125016993496905,-24.257854040748775,-1.2278829724243994,0.874433573752641,-1.1654635212679536,-13.015009295199434,0.874433573752641,-1.1654635212679536,-13.015009295199434,0.061593909721528915,-24.209244557066597,-1.23591419102224
9453453453.453453,0.05695795483848321,-24.888912261829645,-1.1652604704840555,0.8745673988361347,-1.1641343168518132,-13.031242982023612,0.8745673988361347,-1.1641343168518132,-13.031242982023612,0.05746508463373716,-24.81191898676403,-1.1722006864451697
9459459459.45946,0.05305465812633041,-25.50552959255707,-1.090276495266503,0.8746637131225352,-1.1631778105818638,-13.047498197569702,0.8746637131225352,-1.1631778105818638,-13.047498197569702,0.05374145664150267,-25.393811327170035,-1.096582018533997
9465465465.465466,0.049641140584179455,-26.083164969040485,-1.0016284971873086,0.8747220900422468,-1.162598115146705,-13.063773790097748,0.8747220900422468,-1.162598115146705,-13.063773790097748,0.05052124813550948,-25.930518573391712,-1.008083374241537
9471471471.471472,0.04683320554121386,-26.58892231042026,-0.8987899141884181,0.8747421421850347,-1.162399001959866,-13.08006859087151,0.8747421421850347,-1.162399001959866,-13.08006859087151,0.04791411437719174,-26.390730694884542,-0.9065648207956692
9477477477.477478,0.04475290974043808,-26.98357445025341,-0.78265878025542,0.8747235221424495,-1.1625838945682256,-13.096381415594347,0.8747235221424495,-1.1625838945682256,-13.096381415594347,0.046031686679052344,-26.738862230565136,-0.7932670196115187
9483483483.483482,0.04351177557215702,-27.22786388438407,-0.6561325215771776,0.8746659232738081,-1.1631558625971725,-13.112711065884785,0.8746659232738081,-1.1631558625971725,-13.112711065884785,0.04497149952531724,-26.941252622351076,-0.6712124075442686
9489489489.48949,0.043188147372741174,-27.29270850671028,-0.5241723585834341,0.8745690803925171,-1.1641176162531672,-13.129056330788544,0.8745690803925171,-1.1641176162531672,-13.129056330788544,0.04479732823851805,-26.97495774051462,-0.545110248596405
9495495495.495495,0.04380706837770649,-27.169116187285965,-0.393006819759399,0.874432770369816,-1.165471501402717,-13.145415988323595,0.874432770369816,-1.165471501402717,-13.145415988323595,0.045523516255528446,-26.83528400458181,-0.4205622963524217
9501501501.501503,0.04533337513406445,-26.87163891795133,-0.2686744967779737,0.8742568126533246,-1.1672194952449708,-13.161788807054968,0.8742568126533246,-1.1672194952449708,-13.161788807054968,0.047111405338634824,-26.537478810284743,-0.30282450865062854
9507507507.507507,0.04768219544923966,-26.432875128469142,-0.1556715550529981,0.8740410696981293,-1.1693632025930658,-13.178173547695394,0.8740410696981293,-1.1693632025930658,-13.178173547695394,0.049479893459392375,-26.111424883383727,-0.1957463441590299
9513513513.513514,0.05074047454945069,-25.89290950726642,-0.056373981270228364,0.8737854473084592,-1.1719038527776462,-13.194568964728285,0.8737854473084592,-1.1719038527776462,-13.194568964728285,0.05252419938048942,-25.59281117531237,-0.10135732336942656
9519519519.51952,0.05438869007050298,-25.289828017299442,0.028729803758877213,0.8734898948884025,-1.1748422971834738,-13.210973808048966,0.8734898948884025,-1.1748422971834738,-13.210973808048966,0.056134229627193805,-25.015444662627715,-0.020084053364039345
9525525525.525526,0.058515747004203665,-24.654544929036824,0.1004115621582622,0.8731544056004442,-1.1781790074283458,-13.22738682462041,0.8731544056004442,-1.1781790074283458,-13.22738682462041,0.06020722447940186,-24.407027861458683,0.04873089063444269
9531531531.531532,0.06302603353656934,-24.009600475728128,0.16008106649696852,0.8727790164310242,-1.181914074190923,-13.2438067601394,0.8727790164310242,-1.181914074190923,-13.2438067601394,0.0646539449880804,-23.78809941279977,0.10631351816112154
9537537537.537537,0.06784089793332024,-23.37016824895807,0.2093465575040327,0.8723638081626767,-1.186047206692062,-13.260232360709,0.8723638081626767,-1.186047206692062,-13.260232360709,0.06940017446484265,-23.17278875544953,0.15408561885251815
9543543543.543545,0.07289720789925265,-22.745782113248055,0.24976579567746462,0.8719089052527071,-1.1905777328319511,-13.27666237451339,0.8719089052527071,-1.1905777328319511,-13.27666237451339,0.07438566617394034,-22.570214864700727,0.19344548711002607
9549549549.54955,0.07814484327012405,-22.141993510470055,0.2827326235421362,0.8714144756187688,-1.1955045999828713,-13.29309555349083,0.8714144756187688,-1.1955045999828713,-13.29309555349083,0.07956207490053502,-21.98587798855319,0.2256618405030078
9555555555.555555,0.08354410220051842,-21.561684074520958,0.3094424626426851,0.8708807303320607,-1.200826376435424,-13.309530655000858,0.8708807303320607,-1.200826376435424,-13.309530655000858,0.0848907277690182,-21.422794863827946,0.2518365056411786
9561561561.561562,0.08906342713637236,-21.006011947002158,0.33089730254281785,0.8703079232192812,-1.2065412534935052,-13.325966443481501,0.8703079232192812,-1.2065412534935052,-13.325966443481501,0.09034061609828453,-20.88233903989964,0.27290335093765783
9567567567.567568,0.09467755735280267,-20.475059104821796,0.34792718338259115,0.8696963503748373,-1.2126470482111804,-13.342401692092608,0.8696963503748373,-1.2126470482111804,-13.342401692092608,0.0958867289217193,-20.364829932686117,0.28964360808508655
9573573573.573574,0.10036608501726411,-19.968260321140633,0.36121626770442944,0.8690463495851612,-1.2191412067625476,-13.358835184341386,0.8690463495851612,-1.2191412067625476,-13.358835184341386,0.10150872740553338,-19.869932337060245,0.302706781609532
9579579579.579578,0.10611234847509003,-19.484681471353774,0.3713280025957921,0.8683582996673724,-1.2260208084332271,-13.375265715686238,0.8683582996673724,-1.2260208084332271,-13.375265715686238,0.10718991359664573,-19.396921583053444,0.31263183904237846
9585585585.585587,0.11190259137793282,-19.023197124105796,0.3787272312793386,0.867632619724829,-1.2332825702203665,-13.391692095115292,0.867632619724829,-1.2332825702203665,-13.391692095115292,0.11291643679577258,-18.9448566991226,0.3198663962003528
9591591591.59159,0.11772532528221609,-18.582602018031604,0.38379873643818024,0.8668697683224599,-1.240922852025815,-13.408113146695793,0.8668697683224599,-1.240922852025815,-13.408113146695793,0.11867668526156606,-18.512691847831057,0.32478315351747183
9597597597.597599,0.12357084572691303,-18.161679619480807,0.3868624079026611,0.8660702425850519,-1.248937662425429,-13.424527711091251,0.8660702425850519,-1.248937662425429,-13.424527711091251,0.1244608198965162,-18.099346847786247,0.3276935643394897
9603603603.603603,0.1294308633855392,-17.75924303597283,0.38818548596506086,0.865234577221975,-1.2573226649953888,-13.440934647042553,0.865234577221975,-1.2573226649953888,-13.440934647042553,0.13026041578833136,-17.703750798029183,0.3288590167222877
9609609609.60961,0.13529822141788925,-17.37415824890095,0.387992380984784,0.8643633434820467,-1.2660731851751725,-13.457332832810401,0.8643633434820467,-1.2660731851751725,-13.457332832810401,0.13606818545499105,-17.324868134654945,0.32849990244205834
9615615615.615616,0.14116667753457507,-17.005356132363698,0.3864725316407328,0.8634571480425264,-1.2751842176447017,-13.47372116757566,0.8634571480425264,-1.2751842176447017,-13.47372116757566,0.14187776402696056,-16.96171329128758,0.3268029439100166
9621621621.621622,0.1470307348449699,-16.651837444034296,0.38378669632428997,0.8625166318363904,-1.2846504341922824,-13.490098572795123,0.8625166318363904,-1.2846504341922824,-13.490098572795123,0.14768354151994245,-16.613358032196594,0.3239271085126058
9627627627.627628,0.15288550967551987,-16.31267349203854,0.3800720008640033,0.861542468822252,-1.2944661920483302,-13.50646399351001,0.861542468822252,-1.2944661920483302,-13.50646399351001,0.1534805310643651,-16.278934135014655,0.320008387930976
9633633633.633633,0.15872662757361533,-15.98700422000797,0.37544600152856705,0.8605353647014407,-1.304625542658836,-13.522816399604826,0.8605353647014407,-1.304625542658836,-13.522816399604826,0.1592642647312894,-15.957633180902121,0.31516366944373414
9639639639.63964,0.164550140935474,-15.674034828015373,0.37000996826100696,0.8594960555868837,-1.3151222408714784,-13.539154787014455,0.8594960555868837,-1.3151222408714784,-13.539154787014455,0.16503071065711805,-15.648704603254423,0.3094938818080095
9645645645.645645,0.17035246333072898,-15.37303164131065,0.3638515493479206,0.8584253066285331,-1.3259497545065075,-13.55547817887751,0.8584253066285331,-1.3259497545065075,-13.55547817887751,0.17077620670228716,-15.351452745271652,0.3030865612421539
9651651651.651651,0.1761303168016686,-15.083317674923656,0.35704694399789033,0.8573239106001566,-1.3371012742837354,-13.571785626634343,0.8573239106001566,-1.3371012742837354,-13.571785626634343,0.1764974070206397,-15.065233411744124,0.296017952947364
9657657657.657658,0.18188068930767953,-14.804268170715948,0.34966268204443424,0.856192686452367,-1.3485697240763677,-13.588076211068053,0.856192686452367,-1.3485697240763677,-13.588076211068053,0.18219123876851392,-14.789450225193905,0.2883547395837615
9663663663.663664,0.18760080015047767,-14.53530627220987,0.3417570887210717,0.8550324778367618,-1.3603477714622088,-13.604349043287463,0.8550324778367618,-1.3603477714622088,-13.604349043287463,0.18785486682244795,-14.52355098068332,0.28015546910887984
9669669669.66967,0.19328807171361168,-14.27589893068616,0.3333814959051917,0.8538441516060646,-1.372427838542222,-13.620603265650871,0.8538441516060646,-1.372427838542222,-13.620603265650871,0.19348566485661028,-14.26702411722103,0.27147173942248365
9675675675.675674,0.19894010622499672,-14.02555309001336,0.32458124834829205,0.8526285962951052,-1.3848021129965722,-13.63683805262988,0.8526285962951052,-1.3848021129965722,-13.63683805262988,0.19908119149684605,-14.019395373533472,0.2623491855010042
9681681681.681683,0.20455466653596352,-13.783812168562577,0.3153965433771356,0.8513867205874301,-1.3974625593481482,-13.65305261161277,0.8513867205874301,-1.3974625593481482,-13.65305261161277,0.20463917054689734,-13.780224663293133,0.2528283054637003
9687687687.687687,0.21012966012736897,-13.550252838553643,0.305863134715527,0.8501194517722586,-1.4104009304037113,-13.669246183646926,0.8501194517722586,-1.4104009304037113,-13.669246183646926,0.21015747449623798,-13.549103183859037,0.24294515474178657
9693693693.693695,0.21566312572019114,-13.324482092407761,0.2960129249391802,0.8488277341963694,-1.4236087788433656,-13.68541804412043,0.8488277341963694,-1.4236087788433656,-13.68541804412043,0.21563411068388683,-13.325650759314442,0.23273193178877966
9699699699.6997,0.22115322199672469,-13.106134579633423,0.28587446625312035,0.847512527715425,-1.4370774689290369,-13.701567503382647,0.847512527715425,-1.4370774689290369,-13.701567503382647,0.22106720962031454,-13.10951341048344,0.22221747423704935
9705705705.705706,0.22659821803880434,-12.894870194744328,0.27547338547515043,0.8461748061490447,-1.4507981883037004,-13.71769390730439,0.8461748061490447,-1.4507981883037004,-13.71769390730439,0.22645501506963092,-12.90036113989871,0.21142768081012098
9711711711.711712,0.23199648516762295,-12.690371895619027,0.26483274609427815,0.8448155557438302,-1.4647619598532398,-13.733796637777822,0.8448155557438302,-1.4647619598532398,-13.733796637777822,0.23179587557211634,-12.697885917250584,0.20038587143762132
9717717717.717718,0.23734648993132573,-12.492343731807162,0.2539733578750499,0.8434357736483202,-1.4789596536040748,-13.749875113157074,0.8434357736483202,-1.4789596536040748,-13.749875113157074,0.2370882371493955,-12.501799849819111,0.18911309573371105
9723723723.723724,0.24264678803525205,-12.300509063095785,0.2429140425637037,0.8420364664037038,-1.4933819986301584,-13.765928788640252,0.8420364664037038,-1.4933819986301584,-13.765928788640252,0.24233063698307164,-12.311833522320168,0.17762839816552284
9729729729.729729,0.2478960190483018,-12.114608949858368,0.2316718627155318,0.8406186484538903,-1.5080195949441146,-13.781957156593865,0.8406186484538903,-1.5080195949441146,-13.781957156593865,0.24752169789689973,-12.127734491064379,0.1659490467621098
9735735735.735737,0.2530929017498811,-11.93440069810608,0.22026231942595256,0.8391833406783271,-1.5228629253483315,-13.797959746820993,0.8391833406783271,-1.5228629253483315,-13.797959746820993,0.25266012350384126,-11.949265918135106,0.15409073102141116
9741741741.741741,0.25823623000661367,-11.75965654362731,0.20869952374721693,0.8377315689507521,-1.5379023672226633,-13.813936126774253,0.8377315689507521,-1.5379023672226633,-13.813936126774253,0.2577446939042764,-11.776205332280812,0.14206773370502696
9747747747.747747,0.26332486908810365,-11.590162461045878,0.19699634576015457,0.8362643627268053,-1.5531282042269623,-13.829885901715333,0.8362643627268053,-1.5531282042269623,-13.829885901715333,0.2627742618422965,-11.608343504259928,0.12989308042223197
9753753753.753754,0.26835775234713316,-11.425717085016016,0.18516454460855383,0.8347827536632205,-1.5685306378975121,-13.84580871482239,0.8347827536632205,-1.5685306378975121,-13.84580871482239,0.26774774924317174,-11.445483425449988,0.11757867026099529
9759759759.75976,0.27333387820298133,-11.266130732061919,0.173214882261515,0.8332877742710657,-1.5840997991178616,-13.86170424724717,0.8332877742710657,-1.5840997991178616,-13.86170424724717,0.2726641440687569,-11.28743937955506,0.10513539019485482
9765765765.765766,0.2782523073772406,-11.111224512763666,0.16115722332433927,0.8317804566052572,-1.599825759445874,-13.877572218123554,0.8317804566052572,-1.599825759445874,-13.877572218123554,0.2775224974386272,-11.134036098219442,0.09257321555997122
9771771771.771772,0.283112160340389,-10.960829525074626,0.14900062285151655,0.8302618309923404,-1.615698542280065,-13.893412384529459,0.8302618309923404,-1.615698542280065,-13.893412384529459,0.28232192097353515,-10.98510799226977,0.07990129853658601
9777777777.777779,0.287912614934603,-10.81478612053748,0.1367534038117857,0.8287329247982942,-1.631708133849565,-13.909224541403923,0.8287329247982942,-1.631708133849565,-13.909224541403923,0.2870615843255115,-10.840498451131415,0.06712804627191557
9783783783.783783,0.2926529041443544,-10.67294323604575,0.1244232256033428,0.8271947612378586,-1.647844494013643,-13.925008521421534,0.8271947612378586,-1.647844494013643,-13.925008521421534,0.2917407128649414,-10.700059203729367,0.054261190033034805
9789789789.789791,0.2973323139912022,-10.535157784589728,0.11201714480721527,0.8256483582266779,-1.6640975668577787,-13.940764194826118,0.8256483582266779,-1.6640975668577787,-13.940764194826118,0.29635858550004623,-10.563649734871138,0.041307846571624555
9795795795.795795,0.30195018153341036,-10.401294099127213,0.09954166919157438,0.8240947272773054,-1.680457291074812,-13.956491469225831,0.8240947272773054,-1.680457291074812,-13.956491469225831,0.3009145326084676,-10.431136751728264,0.02827457270949966
9801801801.801802,0.3065058929543897,-10.271223424348793,0.08700280583242237,0.8225348724398887,-1.6969136101210864,-13.97219028935185,0.8225348724398887,-1.6969136101210864,-13.97219028935185,0.30540793406428224,-10.30239369558678,0.0151674140080842
9807807807.807808,0.3109988817267808,-10.144823451666563,0.07440610409279075,0.8209697892881707,-1.7134564821384792,-13.987860636782617,0.8209697892881707,-1.7134564821384792,-13.987860636782617,0.3098382173464188,-10.177300294544857,0.001991948262916087
9813813813.813814,0.3154286268414611,-10.021977893249062,0.0617566940977627,0.8194004639511797,-1.73007588963507,-14.003502529635991,0.8194004639511797,-1.73007588963507,-14.003502529635991,0.3142048557173503,-10.055742153269346,-0.011246675539607514
9819819819.81982,0.31979465109267335,-9.902576091368127,0.04905932125488982,0.8178278721908331,-1.7467618489179384,-14.019116022231334,0.8178278721908331,-1.7467618489179384,-14.019116022231334,0.3185073664625176,-9.937610376335478,-0.024543702253270853
9825825825.825825,0.3240965194121239,-9.786512659715266,0.03631837729435613,0.8162529785254568,-1.7635044192731368,-14.034701204723671,0.8162529785254568,-1.7635044192731368,-14.034701204723671,0.32274530918307665,-9.822801222018434,-0.03789473911558806
9831831831.831833,0.3283338372463459,-9.673687153691402,0.023537928239819903,0.8146767353990503,-1.7802937118890099,-14.050258202712097,0.8146767353990503,-1.7802937118890099,-14.050258202712097,0.32691828413564045,-9.71121578373345,-0.051295727391759804
9837837837.837837,0.332506248972694,-9.564003766985559,0.010721739666406714,0.8131000823959584,-1.7971198985201406,-14.065787176824402,0.8131000823959584,-1.7971198985201406,-14.065787176824402,0.33102593061417884,-9.602759696596914,-0.06474291676126681
9843843843.843845,0.3366134363503905,-9.457371052030542,-0.0021267004441475573,0.8115239455004334,-1.8139732198905016,-14.081288322280207,0.8115239455004334,-1.8139732198905016,-14.081288322280207,0.33506792537005525,-9.49734286683947,-0.0782328421355073
9849849849.84985,0.34065511700371187,-9.35370166217197,-0.015004160980543087,0.8099492364004511,-1.830843993835132,-14.096761868434267,0.8099492364004511,-1.830843993835132,-14.096761868434267,0.33904398106704764,-9.394879222027333,-0.09176230263453418
9855855855.855856,0.34463104293522306,-9.25291211360078,-0.0279076488754159,0.8083768518349604,-1.847722623181156,-14.112208078302276,0.8083768518349604,-1.847722623181156,-14.112208078302276,0.3429538447690097,-9.2952864802472,-0.10532834248545633
9861861861.861862,0.3485409990673776,-9.154922565297113,-0.040834391968277456,0.8068076729836565,-1.86459960336948,-14.127627248070805,0.8068076729836565,-1.86459960336948,-14.127627248070805,0.3467972964581915,-9.198485936596224,-0.11892823363415493
9867867867.867868,0.3523848018113194,-9.05965661540495,-0.05378182337666491,0.8052425648982225,-1.8814655298197305,-14.143019706593378,0.8052425648982225,-1.8814655298197305,-14.143019706593378,0.3505741475829391,-9.104402265474297,-0.13255945988761053
9873873873.873875,0.3561622976620859,-8.967041112611527,-0.06674756721623529,0.8036823759738783,-1.8983111050418229,-14.158385814874439,0.8036823759738783,-1.8983111050418229,-14.158385814874439,0.35428423963367034,-9.012963337325713,-0.14621970242619314
9879879879.879879,0.3598733618196559,-8.877005981245102,-0.07972942552933604,0.8021279374599923,-1.9151271454981966,-14.173725965542868,0.8021279374599923,-1.9151271454981966,-14.173725965542868,0.3579274427465306,-8.924100048602156,-0.1599068265442458
9885885885.885887,0.3635178968356105,-8.789484058925996,-0.0927253662984417,0.8005800630083945,-1.93190458822186,-14.189040582316863,0.8005800630083945,-1.93190458822186,-14.189040582316863,0.361503654334233,-8.837746163838753,-0.1736188694940425
9891891891.891891,0.3670958312852468,-8.704410945719424,-0.10573351243489584,0.7990395482579897,-1.948634497195614,-14.204330119461472,0.7990395482579897,-1.948634497195614,-14.204330119461472,0.36501279774382456,-8.75383816883828,-0.1873540293224789
9897897897.897898,0.37060711846525873,-8.62172486383454,-0.11875213164632521,0.7975071704541445,-1.9653080694991827,-14.219595061240668,0.7975071704541445,-1.9653080694991827,-14.219595061240668,0.36845482094139415,-8.672315134049326,-0.20111065460280597
9903903903.903904,0.37405173511705053,-8.541366527006987,-0.1317796270966298,0.7959836881013316,-1.98191664123073,-14.234835921364983,0.7959836881013316,-1.98191664123073,-14.234835921364983,0.3718296952236545,-8.593118587313253,-0.2148872349742728
9909909909.90991,0.377429680175999,-8.463279018777978,-0.1448145287824078,0.7944698406473937,-1.9984516932106455,-14.250053242436318,0.7944698406473937,-1.9984516932106455,-14.250053242436318,0.3751374139565696,-8.516192395226831,-0.22868239241267188
9915915915.915916,0.3807409735468881,-8.387407678958335,-0.1578554855578327,0.7929663481977993,-2.0149048564753587,-14.265247595391067,0.7929663481977993,-2.0149048564753587,-14.265247595391067,0.3783779913412511,-8.441482652435798,-0.24249487316305468
9921921921.92192,0.38398565490584985,-8.313699997628639,-0.17090125774751902,0.791473911258192,-2.03126791756982,-14.28041957894275,0.791473911258192,-2.03126791756982,-14.28041957894275,0.38155146120726563,-8.368937578238967,-0.2563235402731535
9927927927.927929,0.38716378252913053,-8.24210551608568,-0.1839507102933221,0.7899932105035367,-2.0475328236473676,-14.295569819025228,0.7899932105035367,-2.0475328236473676,-14.295569819025228,0.38465787583368705,-8.298507419933806,-0.27016736667299596
9933933933.933933,0.3902754321490129,-8.172575734197588,-0.19700280638670897,0.7885249065721207,-2.0636916873863527,-14.310698968237475,0.7885249065721207,-2.0636916873863527,-14.310698968237475,0.38769730479808945,-8.23014436238796,-0.28402542875160103
9939939939.939941,0.3933206958372123,-8.105064023677585,-0.21005660154360067,0.7870696398826644,-2.0797367917331004,-14.32580770529093,0.7870696398826644,-2.0797367917331004,-14.32580770529093,0.39066983385377513,-8.163802443363991,-0.2978969003870301
9945945945.945946,0.3962996809160303,-8.039525546829358,-0.2231112380826035,0.7856280304728056,-2.095660594480871,-14.340896734460049,0.7856280304728056,-2.095660594480871,-14.340896734460049,0.39357556383542813,-8.099437474167464,-0.31178104739023843
9951951951.951952,0.3992125088975341,-7.975917180355586,-0.23616593997204288,0.784200677857177,-2.1114557326952204,-14.35596678503705,0.784200677857177,-2.1114557326952204,-14.35596678503705,0.39641460959344693,-8.037006965223766,-0.32567722232768737
9957957957.957958,0.4020593144510053,-7.9141974438560245,-0.24922000801417155,0.7827881609033521,-2.1271150269957664,-14.3710186107913,0.7827881609033521,-2.1271150269957664,-14.3710186107913,0.3991870989571061,-7.976470056224189,-0.33958485969051305
9963963963.963964,0.4048402443988381,-7.854326432673906,-0.2622728153384255,0.7813910377239102,-2.1426314857049142,-14.386052989434017,0.7813910377239102,-2.1426314857049142,-14.386052989434017,0.40189317172671263,-7.917787450511215,-0.35350347138204985
9969969969.96997,0.4075554567410401,-7.796265754777951,-0.27532380317808886,0.7800098455828922,-2.1579983088741055,-14.401070722088738,0.7800098455828922,-2.1579983088741055,-14.401070722088738,0.4045329786948681,-7.860921353400982,-0.3674326424972393
9975975975.975975,0.4102051197084609,-7.739978471393122,-0.2883724769074159,0.7786451008149344,-2.1732088921983244,-14.416072632767996,0.7786451008149344,-2.1732088921983244,-14.416072632767996,0.40710668069689515,-7.805835414166344,-0.38137202737119696
9981981981.981983,0.41278941084481113,-7.685429041117481,-0.3014184023181097,0.7772972987554081,-2.1882568308293764,-14.431059567856487,0.7772972987554081,-2.1882568308293764,-14.431059567856487,0.4096144476904839,-7.752494671425966,-0.3953213458751469
9987987987.987988,0.41530851611747477,-7.63258326728443,-0.3144612021163896,0.7759669136798908,-2.2031359230988246,-14.446032395600923,0.7759669136798908,-2.2031359230988246,-14.446032395600923,0.4120564578645235,-7.700865501706785,-0.40928037994095456
9993993993.993994,0.4177626290571342,-7.581408248348064,-0.3275005526233543,0.7746543987513257,-2.217840174161415,-14.460992005606931,0.7746543987513257,-2.217840174161415,-14.460992005606931,0.4144328967771143,-7.650915570964617,-0.4232489702967092
10000000000.0,0.42015194992613475,-7.531872331088326,-0.3405361806628931,0.773360185973298,-2.2323637995693377,-14.475939308342769,0.773360185973298,-2.2323637995693377,-14.475939308342769,0.41674395652260415,-7.602613788867303,-0.43722701339741715
