frequency_hz,s11_mag,s11_db,s11_phase_deg,s21_mag,s21_db,s21_phase_deg,s12_mag,s12_db,s12_phase_deg,s22_mag,s22_db,s22_phase_deg
4000000000.0,0.874735826488119,-1.1624617148918142,-2.5525760854845023,0.17056209400245764,-15.36234961515651,-1.0693409142125492,0.17056209400245764,-15.36234961515651,-1.0693409142125492,0.8861492708567332,-1.0498623105880873,-2.8424782827092026
4006006006.0060062,0.8767056957465749,-1.1429234385887974,-2.5896494284181104,0.1683318248489029,-15.476675369176407,-1.103302190765569,0.1683318248489029,-15.476675369176407,-1.103302190765569,0.8882861834275427,-1.0289418587516004,-2.875639616414129
4012012012.012012,0.8786931400243325,-1.1232552826316091,-2.626137985341072,0.16607603321201295,-15.593860739868248,-1.136744948825781,0.16607603321201295,-15.593860739868248,-1.136744948825781,0.8904108148346266,-1.0081914749387195,-2.908177751997259
4018018018.0180182,0.8806930682601695,-1.1035084375777215,-2.6620386445853206,0.1637999250219853,-15.713726027402789,-1.1696684505001036,0.1637999250219853,-15.713726027402789,-1.1696684505001036,0.8925196596672035,-0.9876441767871602,-2.9400998363841166
4024024024.024024,0.8827006803627226,-1.0837307733928647,-2.697349675249303,0.16150843734188788,-15.836095696340626,-1.2020728766552238,0.16150843734188788,-15.836095696340626,-1.2020728766552238,0.8946095367490221,-0.9673295291380285,-2.9714137126416214
4030030030.0300303,0.8847114745081767,-1.0639667998117237,-2.7320706371976033,0.159206232482075,-15.960798696842309,-1.2339592698815718,0.159206232482075,-15.960798696842309,-1.2339592698815718,0.8966775781712896,-0.9472737967076013,-3.002127833777386
4036036036.036036,0.8867212508596859,-1.044257665136151,-2.7662022904503805,0.15689769489803632,-16.08766873825705,-1.2653294771129011,0.15689769489803632,-16.08766873825705,-1.2653294771129011,0.89872121683903,-0.927500108941214,-3.0322511820109024
4042042042.0420423,0.8887261120702237,-1.0246411887712101,-2.799746504917394,0.15458693060449902,-16.216544517057052,-1.2961860923773554,0.15458693060449902,-16.216544517057052,-1.2961860923773554,0.900738172858684,-0.9080286334208341,-3.061793193523782
4048048048.048048,0.8907224609380199,-1.0051519228460701,-2.8327061713057606,0.1522777688348006,-16.347269901381544,-1.32653240010816,0.1522777688348006,-16.347269901381544,-1.32653240010816,0.9027264390654957,-0.8888767546136629,-3.0907636886278014
4054054054.0540543,0.892706995582426,-0.9858212384100561,-2.8650851139091356,0.14997376567616355,-16.47969407468956,-1.3563723193938229,0.14997376567616355,-16.47969407468956,-1.3563723193938229,0.9046842659592508,-0.8700592551559528,-3.1191728072345755
4060060060.06006,0.8946767024990856,-0.9666774319162575,-2.8968880058700526,0.14767820941773027,-16.613671641194454,-1.3857103494994436,0.14767820941773027,-16.613671641194454,-1.3857103494994436,0.9066101462869443,-0.8515884972568745,-3.1470309494669895
4066066066.0660663,0.8966288478383344,-0.9477458479845497,-2.9281202873982908,0.14539412735823087,-16.74906269586999,-1.4145515169430436,0.14539412735823087,-16.74906269586999,-1.4145515169430436,0.9085027994816677,-0.8334746021752446,-3.174348721218952
4072072072.072072,0.8985609672311518,-0.9290490147553356,-2.9587880873277737,0.1431242938331544,-16.885732861883486,-1.4429013243649402,0.1431242938331544,-16.885732861883486,-1.4429013243649402,0.9103611561387132,-0.8157256260651097,-3.201136884445224
4078078078.0780783,0.9004708544639283,-0.9106067884899003,-2.9888981483032855,0.14087123923652684,-17.023553298331162,-1.47076570138461,0.14087123923652684,-17.023553298331162,-1.47076570138461,0.9121843426832604,-0.7983477307992176,-3.227406311945974
4084084084.084084,0.9023565492781132,-0.8924365044281235,-3.0184577558061707,0.13863725982922026,-17.16240068112942,-1.4981509575983176,0.13863725982922026,-17.16240068112942,-1.4981509575983176,0.9139716663590007,-0.7813453486640602,-3.2531679463997123
4090090090.0900903,0.9042163245442045,-0.8745531312707316,-3.0474746711555882,0.13642442814350933,-17.302157159859327,-1.5250637378328198,0.13642442814350933,-17.302157159859327,-1.5250637378328198,0.9157226006440503,-0.7647213400740459,-3.278432763392645
4096096096.096096,0.9060486730326193,-0.8569694270002834,-3.075957068558559,0.1342346038118142,-17.442710293277766,-1.5515109797357685,0.1342346038118142,-17.442710293277766,-1.5515109797357685,0.9174367711795377,-0.748477143676755,-3.303211738191398
4102102102.1021023,0.9078522939772989,-0.8396960940870618,-3.103913476227281,0.13206944466584464,-17.58395296609862,-1.5774998737520258,0.13206944466584464,-17.58395296609862,-1.5774998737520258,0.919113942277308,-0.7326129184176176,-3.327515816008165
4108108108.108108,0.9096260796019698,-0.8227419324385601,-3.1313527215357233,0.1299304179702642,-17.725783289520276,-1.6030378255070523,0.1299304179702642,-17.725783289520276,-1.6030378255070523,0.9207540040563481,-0.7171276773014196,-3.351355885512359
4114114114.1141143,0.9113691017543969,-0.806113988739059,-3.1582838801490034,0.12781881167225087,-17.8681044878355,-1.6281324205942316,0.12781881167225087,-17.8681044878355,-1.6281324205942316,0.9223569602426686,-0.7020194127323166,-3.3747427553502507
4120120120.12012,0.9130805987707982,-0.7898177010893892,-3.18471622902693,0.1257357455647743,-18.010824773306748,-1.6527913917412973,0.1257357455647743,-18.010824773306748,-1.6527913917412973,0.9239229166544175,-0.6872852134353175,-3.3976871334425085
4126126126.1261263,0.9147599626713131,-0.7738570380926911,-3.2106592031780092,0.12368218227677195,-18.153857211335374,-1.6770225883132612,0.12368218227677195,-18.153857211335374,-1.6770225883132612,0.9254520703828435,-0.6729213730625085,-3.420199608839896
4132132132.132132,0.9164067267678492,-0.7582346317428097,-3.2361223560200716,0.12165893801770229,-18.29711957779148,-1.7008339480936625,0.12165893801770229,-18.29711957779148,-1.7008339480936625,0.9269446996702617,-0.6589234906686152,-3.4422906359277983
4138138138.1381383,0.9180205537481835,-0.7429519036550967,-3.26111532318916,0.11966669301699676,-18.44053421021377,-1.724233471273791,0.11966669301699676,-18.44053421021377,-1.724233471273791,0.9284011544781988,-0.645286563305606,-3.463970520781788
4144144144.144144,0.9196012242844841,-0.7280091843396039,-3.285647789627432,0.11770600161081327,-18.584027854429838,-1.7472291965691962,0.11770600161081327,-18.584027854429838,-1.7472291965691962,0.9298218477323514,-0.6320050710360691,-3.485249409487604
4150150150.1501503,0.9211486262007359,-0.7134058253522146,-3.3097294597743985,0.11577730193910393,-18.727531507996517,-1.7698291793754013,0.11577730193910393,-18.727531507996517,-1.7698291793754013,0.9312072472257232,-0.6190730547021827,-3.5061372782506948
4156156156.156156,0.9226627442215144,-0.6991403042748455,-3.3333700306819294,0.11388092522548776,-18.870980261711424,-1.7920414718687872,0.11388092522548776,-18.870980261711424,-1.7920414718687872,0.9325578681570726,-0.6064841868139346,-3.526643925131639
4162162162.1621623,0.9241436503143592,-0.6852103225704049,-3.356579167872729,0.11201710462070887,-19.014313140308612,-1.8138741049548954,0.11201710462070887,-19.014313140308612,-1.8138741049548954,0.9338742662786685,-0.5942318359366165,-3.546778963255027
4168168168.168168,0.9255914946292076,-0.6716128964367067,-3.379366483763136,0.11018598359771789,-19.15747294331812,-1.8353350719639692,0.11018598359771789,-19.15747294331812,-1.8353350719639692,0.9351570316249751,-0.5823091249670349,-3.5665518153500884
4174174174.1741743,0.9270064970310947,-0.6583444408454342,-3.4017415184742976,0.108387623892638,-19.30040608694615,-1.8564323139926675,0.108387623892638,-19.30040608694615,-1.8564323139926675,0.9364067827923278,-0.5707089836899985,-3.585971709491788
4180180180.18018,0.9283889392163238,-0.6454008470007939,-3.423713722860213,0.10662201299119077,-19.443062447717324,-1.8771737067910008,0.10662201299119077,-19.443062447717324,-1.8771737067910008,0.9376241617386784,-0.5594241960039401,-3.6050476759209515
4186186186.1861863,0.9297391573974478,-0.6327775534892927,-3.4452924435869394,0.10488907116460804,-19.585395208515116,-1.8975670490948253,0.10488907116460804,-19.585395208515116,-1.8975670490948253,0.9388098290720879,-0.548447442196983,-3.6237885448315565
4192192192.192192,0.9310575355385767,-0.6204696114184132,-3.4664869101037312,0.10318865806275992,-19.72736070755849,-1.9176200523061466,0.10318865806275992,-19.72736070755849,-1.9176200523061466,0.9399644597966832,-0.5377713366439161,-3.6422029450221007
4198198198.1981983,0.9323444991196489,-0.6084717438591174,-3.487306223353998,0.10152057887523637,-19.868918290764253,-1.937340331426115,0.10152057887523637,-19.868918290764253,-1.937340331426115,0.9410887394851288,-0.5273884612816353,-3.660299303316453
4204204204.204204,0.9336005094060584,-0.596778399918252,-3.5077593460817083,0.09988459007351175,-20.010030167864766,-1.9567353971488413,0.09988459007351175,-20.010030167864766,-1.9567353971488413,0.9421833608474286,-0.5172913952045635,-3.6780858446675158
4210210210.2102103,0.9348260581986421,-0.5853838037702012,-3.5278550945965454,0.09828040474918869,-20.150661272577995,-1.9758126490276624,0.09828040474918869,-20.150661272577995,-1.9758126490276624,0.9432490206667428,-0.5074727407052604,-3.6955705928643656
4216216216.216216,0.9360216630380587,-0.5742819989767934,-3.5476021318691684,0.09670769756471435,-20.29077912706167,-1.994579369629337,0.09670769756471435,-20.29077912706167,-1.994579369629337,0.9442864170740075,-0.4979251460677969,-3.712761371770441
4222222222.2222223,0.9371878628371533,-0.5634668884195969,-3.567008961835876,0.09516610933393829,-20.430353710826793,-2.013042719595799,0.09516610933393829,-20.430353710826793,-2.013042719595799,0.9452962471344094,-0.4886413254030219,-3.7296658070268562
4228228228.228228,0.9383252139148761,-0.5529322701604464,-3.586083924799813,0.09365525125053302,-20.56935733423359,-2.0312097335372057,0.09365525125053302,-20.56935733423359,-2.0312097335372057,0.9462792047200516,-0.479614075796957,-3.7462913281607624
4234234234.2342343,0.9394342864055868,-0.5426718695356846,-3.604835193823548,0.09217470878263269,-20.707764516649114,-2.049087316684333,0.09217470878263269,-20.707764516649114,-2.049087316684333,0.9472359786445508,-0.4708362920252114,-3.7626451710443227
4240240240.24024,0.940515661018092,-0.5326793677774068,-3.6232707720152697,0.09072404525214932,-20.845551869305886,-2.0666822422325417,0.09072404525214932,-20.845551869305886,-2.0666822422325417,0.9481672510367231,-0.462300979068449,-3.7787343806548637
4246246246.2462463,0.941569926119553,-0.5229484274408875,-3.641398490618137,0.08930280511710907,-20.98269798286782,-2.0840011493139037,0.08930280511710907,-20.98269798286782,-2.0840011493139037,0.9490736959319174,-0.45400126264678126,-3.7945658140916105
4252252252.252252,0.9425976751202182,-0.5134727149035465,-3.6592260078190177,0.08791051697508066,-21.119183319679546,-2.101050541538013,0.08791051697508066,-21.119183319679546,-2.101050541538013,0.9499559780609753,-0.4459303979741902,-3.810146143808612
4258258258.2582583,0.9435995041360301,-0.5042459201850211,-3.6767608081996026,0.08654669630534381,-21.254990110651736,-2.1178367860462397,0.08654669630534381,-21.254990110651736,-2.1178367860462397,0.9508147518181708,-0.4380817769181621,-3.82548186102764
4264264264.264264,0.9445760099071708,-0.49526177432339735,-3.694010202758837,0.08521084796693629,-21.390102256712566,-2.134366113027873,0.08521084796693629,-21.390102256712566,-2.134366113027873,0.9516506603908417,-0.4304489337343934,-3.840579279298281
4270270270.2702703,0.9455277879518033,-0.4865140645269974,-3.7109813294417298,0.08390246846910529,-21.524505234739244,-2.15064461565052,0.08390246846910529,-21.524505234739244,-2.15064461565052,0.9524643350346634,-0.4230255495326035,-3.8554445381760636
4276276276.276276,0.9464554309354033,-0.47799664730648916,-3.7276811541148263,0.08262104803003091,-21.658186007868267,-2.1666782503605586,0.08262104803003091,-21.658186007868267,-2.1666782503605586,0.953256394479847,-0.41580545561512444,-3.870083606992304
4282282282.2822824,0.9473595272372852,-0.46970345977725214,-3.744116471934001,0.08136607243897682,-21.79113294007219,-2.1824728375129436,0.08136607243897682,-21.79113294007219,-2.1824728375129436,0.9540274444546081,-0.4087826358183652,-3.884502288692349
4288288288.288288,0.9482406596970513,-0.46162852930824844,-3.7602939090549103,0.08013702473629646,-21.923335714880743,-2.1980340622928347,0.08013702473629646,-21.923335714880743,-2.1980340622928347,0.9547780773134654,-0.40195122797458605,-3.8987062237213443
4294294294.2942944,0.9490994045248846,-0.4537659816798101,-3.7762199246409436,0.07893338672496597,-22.05478525811794,-2.213367475894593,0.07893338672496597,-22.05478525811794,-2.213367475894593,0.9555088717589192,-0.3953055246010042,-3.912700893939058
4300300300.300301,0.9499363303606946,-0.4461100479001674,-3.791900813127672,0.07775464032657131,-22.185473664520696,-2.2284784969264897,0.07775464032657131,-22.185473664520696,-2.2284784969264897,0.9562203926460647,-0.38883997291294703,-3.9264916265473713
4306306306.306306,0.9507519974682063,-0.4386550698183483,-3.8073427067066614,0.07660026879392007,-22.315394128102113,-2.2433724130122856,0.07660026879392007,-22.315394128102113,-2.2433724130122856,0.9569131908606217,-0.3825491742483806,-3.9400835980160576
4312312312.312312,0.9515469570511389,-0.43139550465944454,-3.822551577995053,0.07546975779172013,-22.444540876119625,-2.258054382563207,0.07546975779172013,-22.444540876119625,-2.258054382563207,0.9575878032617129,-0.37642788298255575,-3.9534818379941328
4318318318.318318,0.9523217506795539,-0.4243259285979458,-3.8375332428605633,0.07436259635604836,-22.572909106507364,-2.2725294366962796,0.07436259635604836,-22.572909106507364,-2.2725294366962796,0.9582447526815174,-0.37047100500366964,-3.9666912331956996
4324324324.324325,0.9530769098154602,-0.41744103947413014,-3.852293363374652,0.07327827774263174,-22.700494928633024,-2.286802481277146,0.07327827774263174,-22.700494928633024,-2.286802481277146,0.9588845479746718,-0.3646735958130667,-3.9797165312506864
4330330330.33033,0.9538129554275723,-0.41073565874981505,-3.8668374508693004,0.07221630017329879,-22.827295307239574,-2.300878299067483,0.07221630017329879,-22.827295307239574,-2.300878299067483,0.9595076841109764,-0.359030858306875,-3.992562344512071
4336336336.336336,0.9545303976859957,-0.4042047327906344,-3.881170869075443,0.07117616748930984,-22.95330800943496,-2.3147615519590783,0.07117616748930984,-22.95330800943496,-2.3147615519590783,0.9601146423055735,-0.353538140290079,-4.005233153812492
4342342342.342342,0.9552297357283704,-0.3978433335541507,-3.8952988373233595,0.07015738971967181,-23.07853155459387,-2.3284567832782437,0.07015738971967181,-23.07853155459387,-2.3284567832782437,0.9607058901813655,-0.34819093176829985,-4.01773331216405
4348348348.348349,0.9559114574897426,-0.3916466587555476,-3.90922643378754,0.0691594835719419,-23.20296516704076,-2.3419684201460087,0.0691594835719419,-23.20296516704076,-2.3419684201460087,0.9612818819589458,-0.3429848620577736,-4.0300670483962175
4354354354.354355,0.9565760395890837,-0.38561003157604806,-3.92295859876041,0.06818197285249233,-23.32660873138423,-2.35530077588083,0.06818197285249233,-23.32660873138423,-2.35530077588083,0.9618430586698402,-0.3379156967491103,-4.042238470727467
4360360360.36036,0.9572239472660443,-0.379728899972548,-3.9365001379410924,0.06722438882267052,-23.449462750378302,-2.368458052432065,0.06722438882267052,-23.449462750378302,-2.368458052432065,0.9623898483892293,-0.3329793345569344,-4.0542515702671285
4366366366.366366,0.9578556343620739,-0.3739988356415135,-3.94985572572701,0.06628627049680698,-23.57152830518907,-2.3814443428335754,0.06628627049680698,-23.57152830518907,-2.3814443428335754,0.9629226664848167,-0.32817180408296576,-4.066110224444548
4372372372.372373,0.9584715433406031,-0.3684155326846378,-3.9630299084975356,0.06536716488755794,-23.692807017949576,-2.394263633668063,0.06536716488755794,-23.692807017949576,-2.394263633668063,0.9634419158787922,-0.32348926051751026,-4.077818200363335
4378378378.378378,0.9590721053414533,-0.3629748060192035,-3.97602710788031,0.06446662720363781,-23.813301016490072,-2.406919807533712,0.06446662720363781,-23.813301016490072,-2.406919807533712,0.9639479873202224,-0.3189279823008314,-4.089379158078927
4384384384.384384,0.9596577402651363,-0.3576725895712607,-3.9888516239919625,0.06358422100459402,-23.933012901134802,-2.4194166455057218,0.06358422100459402,-23.933012901134802,-2.4194166455057218,0.9644412596654968,-0.31448436776325095,-4.1007966537982945
4390390390.39039,0.9602288568830784,-0.35250493428620105,-4.001507638646077,0.0627195183168988,-24.051945713460935,-2.43175782958612,0.0627195183168988,-24.051945713460935,-2.43175782958612,0.9649221001647106,-0.31015493176056724,-4.112074143000889
4396396396.396397,0.9607858529702257,-0.34746800598725763,-4.013999218522244,0.06187209971528235,-24.170102906919425,-2.443946945136088,0.06187209971528235,-24.170102906919425,-2.443946945136088,0.9653908647521448,-0.30593630231888946,-4.123214983480464
4402402402.402403,0.9613291154568246,-0.3425580831093236,-4.026330318290958,0.061041554372899855,-24.287488319222664,-2.45598748328577,0.061041554372899855,-24.287488319222664,-2.45598748328577,0.9658478983391947,-0.3018252173013553,-4.134222438307628
4408408408.408408,0.9618590205964868,-0.3377715543325061,-4.038504783689735,0.06022748008363498,-24.404106146406225,-2.4678828433170543,0.06022748008363498,-24.404106146406225,-2.4678828433170543,0.9662935351083397,-0.29781852110708373,-4.145099678713295
4414414414.414414,0.9623759341479778,-0.3331049161367877,-4.050526354546844,0.059429483259542656,-24.519960918478702,-2.4796363350156447,0.059429483259542656,-24.519960918478702,-2.4796363350156447,0.9667280988068834,-0.2939131614115451,-4.1558497868935005
4420420420.420421,0.9628802115683708,-0.32855477029732233,-4.062398667749329,0.058647178906194974,-24.63505747657498,-2.491251180988986,0.058647178906194974,-24.63505747657498,-2.491251180988986,0.9671519030393947,-0.29010618595582616,-4.166475758736193
4426426426.426426,0.963372198215536,-0.3241178213368465,-4.074125260152886,0.05788019057843378,-24.749400951534813,-2.5027305189473696,0.05788019057843378,-24.749400951534813,-2.5027305189473696,0.9675652515579142,-0.2863947393911295,-4.176980506470871
4432432432.432432,0.9638522295580878,-0.3197908739503818,-4.085709571431468,0.05712815031882649,-24.862996743830653,-2.5140774039457936,0.05712815031882649,-24.862996743830653,-2.5140774039457936,0.967968438549112,-0.2827760601838381,-4.187366861242062
4438438438.438438,0.9643206313911533,-0.31557083041517486,-4.097154946865,0.05639069858090909,-24.975850504773195,-2.525294810584593,0.05639069858090909,-24.975850504773195,-2.525294810584593,0.9683617489177132,-0.27924747758540297,-4.197637575607774
4444444444.444445,0.9647777200564951,-0.3114546879973565,-4.108464640064067,0.055667484139113904,-25.08796811892679,-2.5363856351672784,0.055667484139113904,-25.08796811892679,-2.5363856351672784,0.9687454585656079,-0.2758064086704875,-4.2077953259641925
4450450450.450451,0.9652238026656932,-0.3074395363652627,-4.1196418156306605,0.05495816398710613,-25.199355687670053,-2.5473526978142296,0.05495816398710613,-25.199355687670053,-2.5473526978142296,0.9691198346661647,-0.2724503554459651,-4.217842714897966
4456456456.456456,0.9656591773252389,-0.3035225550180774,-4.130689551754504,0.05426240322609225,-25.310019513840864,-2.5581987445312517,0.05426240322609225,-25.310019513840864,-2.5581987445312517,0.9694851359333211,-0.26917690203297856,-4.2277822734675405
4462462462.462462,0.9660841333625374,-0.29970101073719396,-4.14161084274471,0.05357987494451887,-25.41996608740755,-2.568926449232233,0.05357987494451887,-25.41996608740755,-2.568926449232233,0.9698416128851451,-0.26598371192324927,-4.237616463415025
4468468468.468469,0.9664989515519099,-0.2959722550669095,-4.152408601496727,0.052910260090444215,-25.529202072111804,-2.579538415715351,0.052910260090444215,-25.529202072111804,-2.579538415715351,0.9701895081015895,-0.26286852531067506,-4.247347679310131
4474474474.474475,0.9669039043398494,-0.29233372182963213,-4.163085661894893,0.052253247337740075,-25.637734293031716,-2.5900371795925032,0.052253247337740075,-25.637734293031716,-2.5900371795925032,0.9705290564762176,-0.25982915649880567,-4.25697825062783
4480480480.48048,0.9672992560688372,-0.2887829246803776,-4.17364478115088,0.05160853294717203,-25.74556972501581,-2.600425210171799,0.05160853294717203,-25.74556972501581,-2.600425210171799,0.9708604854617771,-0.2568634913839948,-4.266510443761294
4486486486.486486,0.9676852631991253,-0.2853174547044905,-4.184088642078712,0.050975820623298834,-25.85271548194231,-2.6107049122931087,0.050975820623298834,-25.85271548194231,-2.6107049122931087,0.9711840153094716,-0.2539694850143408,-4.27594646397181
4492492492.492493,0.9680621745280068,-0.281934978061548,-4.194419855306981,0.050354821368038795,-25.959178806760065,-2.620878628116796,0.050354821368038795,-25.959178806760065,-2.620878628116796,0.9714998593018943,-0.25114515922355846,-4.285288457277259
4498498498.498499,0.968430231406114,-0.2786332336782825,-4.2046409614291695,0.049745253331664456,-26.06496706227016,-2.630948638865909,0.049745253331664456,-26.06496706227016,-2.630948638865909,0.9718082239795545,-0.24838860033929627,-4.29453851228091
4504504504.504504,0.9687896679503887,-0.2754100309924944,-4.214754433092962,0.04914684166190535,-26.170087722610006,-2.640917166522172,0.04914684166190535,-26.170087722610006,-2.640917166522172,0.9721093093610057,-0.24569795696479207,-4.303698661942087
4510510510.51051,0.9691407112534217,-0.27226324774950733,-4.224762677029603,0.04855931835177104,-26.274548365403184,-2.6507863754762364,0.04855931835177104,-26.274548365403184,-2.6507863754762364,0.9724033091565975,-0.24307143783268273,-4.31277088529041
4516516516.516517,0.9694835815888871,-0.2691908278525039,-4.234668036024364,0.04798242208663516,-26.378356664541464,-2.6605583741327097,0.04798242208663516,-26.378356664541464,-2.6605583741327097,0.9726904109758775,-0.24050730972980203,-4.3217571090852305
4522522522.522523,0.9698184926128786,-0.2661907792674194,-4.244472790829337,0.04741589809106491,-26.481520383566917,-2.670235216470595,0.04741589809106491,-26.481520383566917,-2.670235216470595,0.9729707965287157,-0.2380038954914698,-4.330659209421882
4528528528.528528,0.9701456515609557,-0.26326117198310284,-4.254179162019691,0.04685949797582535,-26.584047369623942,-2.6798189035597346,0.04685949797582535,-26.584047369623942,-2.6798189035597346,0.9732446418202179,-0.23555957206383615,-4.339479013286317
4534534534.534534,0.9704652594407988,-0.2604001360267094,-4.263789311794693,0.04631297958543519,-26.685945547953658,-2.6893113850340233,0.04631297958543519,-26.685945547953658,-2.6893113850340233,0.9735121173395328,-0.23317276863259948,-4.348218300059735
4540540540.540541,0.9707775112203277,-0.2576058595347017,-4.273305345724715,0.0457761068466121,-26.787222916903527,-2.6987145605220606,0.0457761068466121,-26.787222916903527,-2.6987145605220606,0.9737733882426333,-0.23084196481664074,-4.356878802974716
4546546546.546547,0.9710825960112579,-0.2548765868788537,-4.282729314445579,0.045248649617893835,-26.887887543428892,-2.7080302810360912,0.045248649617893835,-26.887887543428892,-2.7080302810360912,0.9740286145292152,-0.22856568892461823,-4.365462210524396
4552552552.552552,0.9713806972480087,-0.2522106168471928,-4.292063215301486,0.04473038354069728,-26.98794755906227,-2.717260350319937,0.04473038354069728,-26.98794755906227,-2.717260350319937,0.9742779512137875,-0.22634251627323093,-4.373970167826148
4558558558.558558,0.971671992861971,-0.24960630087906405,-4.301308993937912,0.04422108989203185,-27.087411156330063,-2.7264065261568335,0.04422108989203185,-27.087411156330063,-2.7264065261568335,0.9745215484911322,-0.22417106756494742,-4.38240427794126
4564564564.564565,0.9719566554510926,-0.24706204135395327,-4.31046854584573,0.043720555439060595,-27.1862865855964,-2.7354705216378985,0.043720555439060595,-27.1862865855964,-2.7354705216378985,0.9747595518962278,-0.22205000732380903,-4.390766103151983
4570570570.570571,0.9722348524448295,-0.2445762899329443,-4.319543717857901,0.04322857229567252,-27.2845821523157,-2.744454006392133,0.04322857229567252,-27.2845821523157,-2.744454006392133,0.974992102458781,-0.21997804238748103,-4.399057166197367
4576576576.576576,0.9725067462644713,-0.2421475459521139,-4.328536309600053,0.04274493778120285,-27.38230621467725,-2.7533586077787655,0.04274493778120285,-27.38230621467725,-2.7533586077787655,0.9752193368525084,-0.2179539204537917,-4.407278951469235
4582582582.582582,0.9727724944788669,-0.2397743548669814,-4.3374480748962325,0.04226945428141819,-27.47946718162575,-2.762185912042786,0.04226945428141819,-27.47946718162575,-2.762185912042786,0.9754413875393037,-0.21597642868008277,-4.415432906169609
4588588588.588589,0.973032249955634,-0.2374553067467243,-4.346280723131109,0.041801929111861424,-27.576073511243667,-2.7709374654344683,0.041801929111861424,-27.576073511243667,-2.7709374654344683,0.9756583829084374,-0.21404439233362182,-4.4235204414308695
4594594594.594595,0.9732861610078809,-0.23518903481733172,-4.3550359205699225,0.04134217438363303,-27.67213370948197,-2.7796147752937763,0.04134217438363303,-27.67213370948197,-2.7796147752937763,0.9758704474109066,-0.21215667349162365,-4.431542933399899
4600600600.6006,0.9735343715365223,-0.23297421405247243,-4.363715291637398,0.04089000687166967,-27.767656329227307,-2.7882193111003843,0.04089000687166967,-27.767656329227307,-2.7882193111003843,0.9760777016891088,-0.210312169788924,-4.43950172428743
4606606606.6066065,0.9737770211682609,-0.23080955981093437,-4.372320420156902,0.04044524788556497,-27.862649969694676,-2.7967525054901876,0.04044524788556497,-27.862649969694676,-2.7967525054901876,0.9762802627019489,-0.2085098132119981,-4.447398123383778
4612612612.612613,0.9740142453893156,-0.22869382651946496,-4.380852850550982,0.04000772314296564,-27.957123276135547,-2.8052157552390384,0.04000772314296564,-27.957123276135547,-2.8052157552390384,0.9764782438455322,-0.20674856893759508,-4.455233408042076
4618618618.618619,0.9742461756749744,-0.2266258063998823,-4.389314089004547,0.039577262645562945,-28.05108493985282,-2.813610422214521,0.039577262645562945,-28.05108493985282,-2.813610422214521,0.9766717550695744,-0.20502743421451614,-4.46300882463018
4624624624.624624,0.9744729396150711,-0.22460432823916773,-4.397705604591802,0.03915370055768817,-28.144543698514816,-2.821937834296477,0.03915370055768817,-28.144543698514816,-2.821937834296477,0.9768609029896613,-0.2033454372870514,-4.47072558945226
4630630630.6306305,0.9746946610354641,-0.2226282562014503,-4.406028830368093,0.03873687508751443,-28.237508336761252,-2.830199286267072,0.03873687508751443,-28.237508336761252,-2.830199286267072,0.9770457909954964,-0.20170163635856098,-4.478384889641175
4636636636.636637,0.9749114601156116,-0.22069648868069053,-4.414285164427765,0.03832662837085425,-28.32998768709567,-2.8383960406710527,0.03832662837085425,-28.32998768709567,-2.8383960406710527,0.9772265193552441,-0.20009511859397133,-4.485987884022609
4642642642.642643,0.9751234535023555,-0.21880795719271307,-4.422475970929126,0.03792280635753965,-28.421990631058954,-2.8465293286469238,0.03792280635753965,-28.421990631058954,-2.8465293286469238,0.9774031853161289,-0.19852499915952335,-4.493535703951969
4648648648.648648,0.9753307544199755,-0.2169616253057267,-4.430602581087553,0.03752525870035947,-28.513526100680487,-2.8546003507297124,0.03752525870035947,-28.513526100680487,-2.8546003507297124,0.9775758832013725,-0.19699042029879724,-4.501029454124999
4654654654.6546545,0.9755334727766404,-0.21515648760788847,-4.438666294137825,0.03713383864652705,-28.60460308020359,-2.862610277625944,0.03713383864652705,-28.60460308020359,-2.862610277625944,0.977744704503624,-0.19549055044341296,-4.508470213363024
4660660660.660661,0.9757317152673347,-0.21339156871093756,-4.446668378266587,0.03674840293164702,-28.695230608082486,-2.8705602509614345,0.03674840293164702,-28.695230608082486,-2.8705602509614345,0.9779097379749735,-0.19402458335741393,-4.515859035373694
4666666666.666667,0.9759255854733653,-0.21166592228869924,-4.454610071516056,0.03636881167613748,-28.785417779250785,-2.8784513840025436,0.03636881167613748,-28.785417779250785,-2.8784513840025436,0.9780710697136741,-0.19259173731399684,-4.523196949488163
4672672672.672672,0.9761151839585277,-0.20997863014948526,-4.462492582659786,0.035994928284071116,-28.875173747659698,-2.8862847623513646,0.035994928284071116,-28.875173747659698,-2.8862847623513646,0.9782287832476857,-0.19119125430343153,-4.530484961375442
4678678678.6786785,0.9763006083620422,-0.20832880134118684,-4.470317092051522,0.03562661934438655,-28.964507729087252,-2.894061444615475,0.03562661934438655,-28.964507729087252,-2.894061444615475,0.9783829596151308,-0.1898223992711726,-4.537724053734825
4684684684.684685,0.9764819534883501,-0.20671557128801965,-4.478084752447966,0.03526375453442197,-29.053429004219552,-2.901782463052658,0.03526375453442197,-29.053429004219552,-2.901782463052658,0.9785336774417814,-0.1884844593849504,-4.544915186967105
4690690690.690691,0.9766593113938401,-0.20513810095808757,-4.485796689806393,0.03490620652571987,-29.14194692200635,-2.9094488241911542,0.03490620652571987,-29.14194692200635,-2.9094488241911542,0.9786810130156672,-0.1871767433298954,-4.552059299825382
4696696696.696697,0.9768327714706257,-0.20359557606049916,-4.493454004057884,0.03455385089204969,-29.230070903293942,-2.917061509425801,0.03455385089204969,-29.230070903293942,-2.917061509425801,0.9788250403589048,-0.18589858063065232,-4.559157310046162
4702702702.7027025,0.9770024205274414,-0.2020872062712352,-4.501057769857103,0.03420656601959146,-29.317810444739717,-2.92462147559055,0.03420656601959146,-29.317810444739717,-2.92462147559055,0.9789658312968345,-0.18464932099959663,-4.566210114961503
4708708708.708709,0.9771683428677351,-0.20061222448689967,-4.508609037309313,0.03386423301922547,-29.405175123012825,-2.9321296555076573,0.03386423301922547,-29.405175123012825,-2.9321296555076573,0.9791034555245669,-0.183428333710105,-4.573218592092836
4714714714.714715,0.9773306203650722,-0.19916988610518063,-4.516108832675465,0.033526735640867174,-29.49217459928733,-2.9395869585139467,0.033526735640867174,-29.49217459928733,-2.9395869585139467,0.9792379806710062,-0.18223500699418338,-4.58018359972717
4720720720.72072,0.977489332535898,-0.19775946833141742,-4.523558159056109,0.033193960189788964,-29.578818624034426,-2.9469942709644203,0.033193960189788964,-29.578818624034426,-2.9469942709644203,0.97936947236045,-0.18106874746343374,-4.5871059774763205
4726726726.726727,0.9776445566097539,-0.19638026951030196,-4.5309579970548315,0.03286579544486715,-29.66511704212174,-2.9543524567134916,0.03286579544486715,-29.66511704212174,-2.9543524567134916,0.9794979942718379,-0.17992897955263215,-4.593986546819762
4732732732.732733,0.9777963675970354,-0.19503160848178588,-4.538309305421941,0.03254213257869327,-29.75107979822852,-2.961662357574071,0.03254213257869327,-29.75107979822852,-2.961662357574071,0.9796236081957225,-0.17881514498515416,-4.6008261116317275
4738738738.738739,0.977944838354339,-0.19371282396063116,-4.545613021679088,0.03222286507948674,-29.836716942586765,-2.9689247937546885,0.03222286507948674,-29.836716942586765,-2.9689247937546885,0.979746374089038,-0.17772670225948894,-4.607625458693136
4744744744.744745,0.9780900396475021,-0.19242327393857445,-4.552870062725478,0.03190788867474616,-29.922038637059373,-2.97614056427482,0.03190788867474616,-29.922038637059373,-2.97614056427482,0.97986635012774,-0.17666312615610666,-4.614385358188912
4750750750.750751,0.978232040212372,-0.19116233510864783,-4.560081325426319,0.03159710125657605,-30.007055161567582,-2.9833104473584857,0.03159710125657605,-30.007055161567582,-2.9833104473584857,0.9799835927573791,-0.1756239072640345,-4.621106564191247
4756756756.756757,0.9783709068134161,-0.18992940231056413,-4.567247687184149,0.03129040280862445,-30.09177692088128,-2.9904352008062376,0.03129040280862445,-30.09177692088128,-2.9904352008062376,0.9800981567416721,-0.1746085515264961,-4.627789815129335
4762762762.762763,0.9785067043001887,-0.1887238879969166,-4.57437000649361,0.030987695334568435,-30.176214451786795,-2.997515562345489,0.030987695334568435,-30.176214451786795,-2.997515562345489,0.9802100952091334,-0.17361657980499573,-4.634435834246097
4768768768.768768,0.9786394956617592,-0.18754522171916765,-4.581449123480294,0.030688882788082218,-30.260378430648398,-3.004552249959201,0.030688882788082218,-30.260378430648398,-3.004552249959201,0.9803194596978247,-0.17264752746125075,-4.6410453300424015
4774774774.774775,0.9787693420791433,-0.1863928496329636,-4.588485860424212,0.030393871004222996,-30.344279681381202,-3.01154596219281,0.030393871004222996,-30.344279681381202,-3.01154596219281,0.98042630019828,-0.17170094395641344,-4.647618996709259
4780780780.780781,0.9788963029757949,-0.18526623402217557,-4.595481022268442,0.030102567632170597,-30.42792918385424,-3.0184973784392666,0.030102567632170597,-30.42792918385424,-3.0184973784392666,0.9805306651946494,-0.17077639246712012,-4.654157514548469
4786786786.786787,0.9790204360662281,-0.18416485284096426,-4.602435397113476,0.02981488206925406,-30.51133808274485,-3.0254071592019853,0.02981488206925406,-30.51133808274485,-3.0254071592019853,0.9806326017041241,-0.1698734495177706,-4.660661550382176
4792792792.792793,0.9791417974028038,-0.18308819927349473,-4.609349756697836,0.029530725396201486,-30.594517696866276,-3.032275946335439,0.029530725396201486,-30.594517696866276,-3.032275946335439,0.9807321553146797,-0.1689917046286521,-4.667131757951786
4798798798.798799,0.9792604414207611,-0.18203578131049947,-4.616224856865381,0.029250010313546248,-30.677479528992983,-3.0391043632630836,0.029250010313546248,-30.677479528992983,-3.0391043632630836,0.9808293702211935,-0.16813075997934826,-4.6735687783066595
4804804804.804805,0.9793764209815071,-0.18100712134251207,-4.623061438019893,0.028972651079123647,-30.76023527620986,-3.04589301517221,0.028972651079123647,-30.76023527620986,-3.04589301517221,0.9809242892599512,-0.16729023008727,-4.679973240183049
4810810810.810811,0.9794897874142503,-0.18000175576894983,-4.629860225567333,0.028698563446591524,-30.842796840813428,-3.0526424891852515,0.028698563446591524,-30.842796840813428,-3.0526424891852515,0.9810169539416215,-0.1664697415005484,-4.686345760373629
4816816816.816816,0.9796005905559916,-0.17901923462284636,-4.6366219303462675,0.02842766460490917,-30.92517634179529,-3.059353354507,0.02842766460490917,-30.92517634179529,-3.059353354507,0.9811074044826991,-0.16566893250525044,-4.692686944088075
4822822822.822823,0.9797088787899366,-0.17805912121062534,-4.643347249046944,0.028159873118704735,-31.007386126941213,-3.0660261625471192,0.028159873118704735,-31.007386126941213,-3.0660261625471192,0.9811956798354666,-0.16488745284643005,-4.698997385305079
4828828828.828829,0.979814699082361,-0.17712099176657228,-4.650036864619386,0.027895108869465567,-31.08943878558066,-3.0726614470171865,0.027895108869465567,-31.08943878558066,-3.0726614470171865,0.9812818177165104,-0.16412496346266253,-4.705277667116141
4834834834.834835,0.9799180970179668,-0.17620443512160833,-4.656691446670988,0.027633292997481754,-31.171347162025086,-3.0792597240014765,0.027633292997481754,-31.171347162025086,-3.0792597240014765,0.9813658546338011,-0.16338113623392447,-4.711528362061577
4840840840.840841,0.9800191168337719,-0.17530905238596178,-4.663311651853998,0.027374347844474504,-31.253124369735893,-3.0858214920005405,0.027374347844474504,-31.253124369735893,-3.0858214920005405,0.9814478259123866,-0.16265565374238194,-4.7177500324590635
4846846846.846847,0.9801178014515669,-0.17443445664535762,-4.66989812424332,0.027118196896837046,-31.334783806266906,-3.092347231946541,0.027118196896837046,-31.334783806266906,-3.092347231946541,0.9815277657187004,-0.16194820904599933,-4.723943230725117
4852852852.852853,0.9802141925089553,-0.17358027267057607,-4.6764514957049945,0.026864764729419607,-31.41633916902819,-3.0988374071891713,0.026864764729419607,-31.41633916902819,-3.0988374071891713,0.9816057070835205,-0.16125850546465617,-4.730108499689825
4858858858.858859,0.9803083303890405,-0.1727461366397368,-4.682972386255764,0.0266139769497852,-31.497804471922972,-3.1052924634508368,0.0266139769497852,-31.497804471922972,-3.1052924634508368,0.9816816819235898,-0.16058625637862148,-4.736246372905226
4864864864.864864,0.9804002542487475,-0.17193169587341292,-4.689461404414099,0.0263657601428608,-31.579194062913587,-3.111712828749687,0.0263657601428608,-31.579194062913587,-3.111712828749687,0.9817557210619172,-0.15993118503920828,-4.742357374947642
4870870870.870871,0.9804900020458395,-0.17113660858197288,-4.69591914754306,0.026120041815912633,-31.660522642575128,-3.118098913288828,0.026120041815912633,-31.660522642575128,-3.118098913288828,0.981827854246764,-0.1592930243915215,-4.748442021714337
4876876876.876877,0.9805776105646292,-0.170360543625135,-4.702346202185321,0.025876750343765534,-31.741805283702362,-3.1244511093099745,0.025876750343765534,-31.741805283702362,-3.1244511093099745,0.9818981101693336,-0.1586715169091353,-4.754500820714819
4882882882.882883,0.9806631154404206,-0.1696031802833856,-4.70874314439077,0.025635814914190754,-31.823057452038558,-3.1307697909095293,0.025635814914190754,-31.823057452038558,-3.1307697909095293,0.9819665164801727,-0.15806641444059089,-4.760534271357139
4888888888.888889,0.9807465511826903,-0.1688642080411318,-4.715110540036952,0.02539716547338001,-31.904295028202114,-3.137055313814915,0.02539716547338001,-31.904295028202114,-3.137055313814915,0.982033099804277,-0.15747747806776127,-4.766542865229495
4894894894.894895,0.9808279511970317,-0.16814332638136853,-4.721448945142791,0.025160732671424574,-31.98553433089163,-3.1433080151187216,0.025160732671424574,-31.98553433089163,-3.1433080151187216,0.9820978857549082,-0.1569044779759944,-4.772527086377499
4900900900.900901,0.9809073478058772,-0.16744024459169432,-4.727758906175844,0.024926447807714327,-32.06679214145736,-3.1495282129680193,0.024926447807714327,-32.06679214145736,-3.1495282129680193,0.9821608989461346,-0.15634719333592031,-4.778487411577433
4906906906.906907,0.9809847722680022,-0.1667546815816058,-4.73404096035345,0.02469424277616931,-32.14808572993385,-3.155716206205853,0.02469424277616931,-32.14808572993385,-3.155716206205853,0.9822221630040516,-0.15580541219727426,-4.784424310605793
4912912912.912913,0.9810602547968278,-0.16608636571090882,-4.740295635938125,0.02446405001021322,-32.229432882636544,-3.16187227396168,0.02446405001021322,-32.229432882636544,-3.16187227396168,0.9822817005767227,-0.1552789313943758,-4.790338246505522
4918918918.918919,0.9811338245775318,-0.16543503462912793,-4.7465234525274855,0.024235802427395706,-32.31085193143355,-3.167996675187156,0.024235802427395706,-32.31085193143355,-3.167996675187156,0.9823395333427918,-0.1547675564636641,-4.796229675849174
4924924924.924925,0.9812055097829658,-0.16480043512591658,-4.752724921339052,0.024009433373566414,-32.392361784812955,-3.1740896481332874,0.024009433373566414,-32.392361784812955,-3.1740896481332874,0.9823956820187553,-0.15427110157339502,-4.802099048999432
4930930930.930931,0.9812753375883795,-0.16418232299243046,-4.758900545490216,0.023784876566500503,-32.47398196087639,-3.180151409764575,0.023784876566500503,-32.47398196087639,-3.180151409764575,0.9824501663649012,-0.15378938946540793,-4.807946810367261
4936936936.936937,0.9813433341849633,-0.16358046289355138,-4.765050820273742,0.023562066038869223,-32.55573262240106,-3.1861821551053033,0.023562066038869223,-32.55573262240106,-3.1861821551053033,0.9825030051898578,-0.15332225140946626,-4.813773398668061
4942942942.942943,0.9814095247921916,-0.16299462825110078,-4.771176233429058,0.02334093608044866,-32.637634614123684,-3.1921820565126526,0.02334093608044866,-32.637634614123684,-3.1921820565126526,0.9825542163537367,-0.15286952717028018,-4.8195792471761765
4948948948.948949,0.9814739336689741,-0.16242460113794363,-4.777277265409702,0.023121421179449965,-32.7197095024144,-3.198151262870695,0.023121421179449965,-32.7197095024144,-3.198151262870695,0.9826038167698495,-0.15243106498740472,-4.8253647839781
4954954954.954955,0.9815365841235869,-0.16187017218323943,-4.783354389647205,0.022903455962852995,-32.80197961752257,-3.2040898986987663,0.022903455962852995,-32.80197961752257,-3.2040898986987663,0.9826518224049452,-0.15200672156844458,-4.831130432224742
4960960960.960961,0.9815974985223951,-0.16133114048870173,-4.7894080728117405,0.02268697513561806,-32.88446809859267,-3.2099980631669642,0.02268697513561806,-32.88446809859267,-3.2099980631669642,0.9826982482779248,-0.1515963620959594,-4.836876610383129
4966966966.966967,0.9816566982973327,-0.1608073135561575,-4.7954387750698695,0.022471913418642697,-32.96719894166726,-3.2158758290108027,0.022471913418642697,-32.96719894166726,-3.2158758290108027,0.9827431084570012,-0.15119986024833781,-4.842603732487936
4972972972.972973,0.9817142039521192,-0.16029850722658376,-4.801446950339692,0.022258205485327053,-33.05019705091196,-3.2217232413361097,0.022258205485327053,-33.05019705091196,-3.2217232413361097,0.982786416055237,-0.15081709823521577,-4.848312208393207
4978978978.978979,0.9817700350672147,-0.1598045456305763,-4.807433046543719,0.022045785896601024,-33.13348829332063,-3.2275403163043515,0.022045785896601024,-33.13348829332063,-3.2275403163043515,0.9828281832243989,-0.15044796684799214,-4.854002444024694
4984984984.984985,0.9818242103034457,-0.1593252611508554,-4.813397505859829,0.02183458903425885,-33.217099557182365,-3.233327039687475,0.02183458903425885,-33.217099557182365,-3.233327039687475,0.9828684211470791,-0.15009236552585897,-4.859674841633226
4990990990.990991,0.9818767474043089,-0.15886049439671282,-4.81934076497061,0.021624549032440887,-33.301058814617534,-3.2390833652800795,0.021624549032440887,-33.301058814617534,-3.2390833652800795,0.9829071400269869,-0.14975020243819565,-4.865329800049542
4996996996.996997,0.9819276631968913,-0.1584100941909517,-4.825263255311448,0.021415599707088333,-33.38539518852128,-3.2448092131554778,0.021415599707088333,-33.38539518852128,-3.2448092131554778,0.9829443490773437,-0.14942139458392298,-4.870967714941028
5003003003.003003,0.9819769735913824,-0.15797391756951518,-4.831165403317714,0.02120767448319161,-33.47013902428329,-3.250504467750542,0.02120767448319161,-33.47013902428329,-3.250504467750542,0.982980056507296,-0.14910586790855582,-4.876588979070841
5009009009.009009,0.9820246935791166,-0.1575518297943372,-4.83704763067139,0.021000706319637727,-33.55532196669059,-3.256168975762624,0.021000706319637727,-33.55532196669059,-3.256168975762624,0.9830142695062264,-0.14880355744001145,-4.882193982559908
5015015015.015015,0.9820708372291099,-0.15714370437973638,-4.842910354547521,0.020794627631453795,-33.640977042458736,-3.2618025438397713,0.020794627631453795,-33.640977042458736,-3.2618025438397713,0.9830469942258774,-0.14851440744393066,-4.887783113152295
5021021021.021021,0.9821154176830273,-0.1567494231328947,-4.84875398786088,0.020589370209228477,-33.72713874888263,-3.267404936043381,0.020589370209228477,-33.72713874888263,-3.267404936043381,0.9830782357601594,-0.14823837159963987,-4.893356756484526
5027027027.027027,0.9821584471485056,-0.15636887620908657,-4.854578939513199,0.020384865135482075,-33.813843149146656,-3.2729758710598023,0.020384865135482075,-33.813843149146656,-3.2729758710598023,0.9831079981225015,-0.1479754131980029,-4.898915296359363
5033033033.033033,0.9821999368907864,-0.15600196218204906,-4.860385614641419,0.020181042697737437,-33.901127974890954,-3.278515019134716,0.020181042697737437,-33.901127974890954,-3.278515019134716,0.9831362842206237,-0.14772550536223258,-4.904459115024691
5039039039.039039,0.9822398972225577,-0.1556485881303873,-4.8661744148673565,0.01997783229803254,-33.989032736690866,-3.284021998700781,0.01997783229803254,-33.989032736690866,-3.284021998700781,0.9831630958285578,-0.1474886312931955,-4.90998859345811
5045045045.045045,0.9822783374919279,-0.15530866974067697,-4.871945738549236,0.0197751623585944,-34.07759884317747,-3.2894963726654765,0.0197751623585944,-34.07759884317747,-3.2894963726654765,0.9831884335557467,-0.14726478454070402,-4.915504111657924
5051051051.051051,0.9823152660684351,-0.1549821314281338,-4.877699981035532,0.019572960223377928,-34.16686972960409,-3.2949376443218825,0.019572960223377928,-34.16686972960409,-3.2949376443218825,0.9832122968130411,-0.14705396930241288,-4.921006048941211
5057057057.057057,0.9823506903269943,-0.15466890647568113,-4.883437534921622,0.019371152055152413,-34.25689099675127,-3.300345252840343,0.019371152055152413,-34.25689099675127,-3.300345252840343,0.9832346837753798,-0.14685620075219688,-4.926494784249738
5063063063.063063,0.9823846166296499,-0.15436893719261244,-4.8891587903097475,0.019169662727796632,-34.34771056116109,-3.305718568293648,0.019169662727796632,-34.34771056116109,-3.305718568293648,0.9832555913409396,-0.14667150539991558,-4.931970696464513
5069069069.069069,0.9824170503050293,-0.15408217509375127,-4.894864135072809,0.01896841571344166,-34.439378817801746,-3.311056886161994,0.01896841571344166,-34.439378817801746,-3.311056886161994,0.9832750150864926,-0.14649992148488772,-4.937434164729856
5075075075.075075,0.9824479956253455,-0.15380858110045464,-4.900553955122552,0.018767332964074526,-34.531948816388635,-3.316359421256964,0.018767332964074526,-34.531948816388635,-3.316359421256964,0.9832929492187137,-0.14634149940534777,-4.94288556878784
5081081081.081081,0.9824774557807932,-0.15354812576483368,-4.906228634682735,0.018566334787190487,-34.62547645272841,-3.3216253009954766,0.018566334787190487,-34.62547645272841,-3.3216253009954766,0.9833093865211353,-0.14619630218658078,-4.948325289324125
5087087087.087088,0.9825054328511863,-0.1533007895185452,-4.9118885565679316,0.01836533971505091,-34.72002067661335,-3.3268535579452094,0.01836533971505091,-34.72002067661335,-3.3268535579452094,0.9833243182964425,-0.1460644059904528,-4.953753708326219
5093093093.093093,0.9825319277746383,-0.15306656294789775,-4.917534102468567,0.018164264367078048,-34.81564371797187,-3.33204312155201,0.018164264367078048,-34.81564371797187,-3.33204312155201,0.9833377343037168,-0.14594590066980953,-4.959171209455251
5099099099.099099,0.9825569403130981,-0.15284544709693523,-4.923165653242964,0.01796302330487962,-34.91241133318931,-3.337192808947165,0.01796302330487962,-34.91241133318931,-3.337192808947165,0.9833496226902794,-0.14584089037085102,-4.964578178432506
5105105105.105105,0.9825804690145057,-0.15263745380059618,-4.928783589217089,0.017761528879366748,-35.010393073744744,-3.3423013147176404,0.017761528879366748,-35.010393073744744,-3.3423013147176404,0.9833599699176858,-0.145749494187448,-4.969975003441952
5111111111.111111,0.9826025111713416,-0.15244260604992893,-4.934388290492834,0.01755969106938956,-35.109662579577375,-3.347367199505253,0.01755969106938956,-35.109662579577375,-3.347367199505253,0.9833687606814047,-0.14567184687156887,-4.9753620755502155
5117117117.117117,0.9826230627752928,-0.1522609383918459,-4.939980137265674,0.01735741731127646,-35.21029789990076,-3.352388877280798,0.01735741731127646,-35.21029789990076,-3.352388877280798,0.9833759778236668,-0.14560809960435697,-4.980739789145441
5123123123.123123,0.9826421184677424,-0.15209249736599412,-4.9455595101525995,0.017154612318623752,-35.312381844531465,-3.357364601115682,0.017154612318623752,-35.312381844531465,-3.357364601115682,0.983381602238919,-0.14555842083290627,-4.986108542396694
5129129129.129129,0.9826596714857811,-0.15193734198142886,-4.951126790531351,0.01695117789163749,-35.416002369200456,-3.3622924472462645,0.01695117789163749,-35.416002369200456,-3.3622924472462645,0.9833856127712604,-0.14552299717825012,-4.99146873773565
5135135135.135136,0.9826757136033535,-0.15179554423652036,-4.956682360891917,0.016747012715288494,-35.52125299877438,-3.3671702971938102,0.016747012715288494,-35.52125299877438,-3.3671702971938102,0.9833879861031652,-0.1455020344207551,-4.996820782362426
5141141141.141141,0.9826902350671838,-0.15166718968524634,-4.96222660520155,0.016542012145492477,-35.62823329284685,-3.371995817664939,0.016542012145492477,-35.62823329284685,-3.371995817664939,0.9833886966347505,-0.1454957585695231,-5.002165088777687
5147147147.147147,0.9827032245270337,-0.15155237805384944,-4.967759909284387,0.016336067982485467,-35.737049358771024,-3.37676643791245,0.016336067982485467,-35.737049358771024,-3.37676643791245,0.9833877163527351,-0.14550441702336991,-5.007502075343159
5153153153.153153,0.9827146689598268,-0.151451223911983,-4.9732826612170875,0.016129068230514455,-35.84781441791741,-3.381479324183037,0.016129068230514455,-35.84781441791741,-3.381479324183037,0.9833850146881884,-0.14552827983143282,-5.012832166873027
5159159159.159159,0.9827245535871172,-0.1513638574029878,-4.9787952517418494,0.015920896842922073,-35.96064943176391,-3.3861313508148854,0.015920896842922073,-35.96064943176391,-3.3861313508148854,0.9833805583620183,-0.14556764106272035,-5.01815579525884
5165165165.165165,0.9827328617853301,-0.15129042503838408,-4.984298074698371,0.015711433451659904,-36.0756837953864,-3.390719067472221,0.015711433451659904,-36.0756837953864,-3.390719067472221,0.9833743112171187,-0.1456228202942458,-5.0234734001307935
5171171171.171171,0.982739574988136,-0.15123109056225606,-4.989791527476386,0.015500553080229117,-36.193056107037805,-3.3952386619130235,0.015500553080229117,-36.193056107037805,-3.3952386619130235,0.9833662340358654,-0.14569416422939008,-5.028785429558467
5177177177.177177,0.9827446725802601,-0.15118603589171925,-4.995276011490612,0.0152881258390153,-36.312915023816196,-3.399685917576737,0.0152881258390153,-36.312915023816196,-3.399685917576737,0.9833562843416305,-0.1457820484583553,-5.034092340794504
5183183183.183184,0.9827481317819454,-0.1511554621404363,-5.000751932680037,0.01507401660196736,-36.43542021495999,-3.4040561651468715,0.01507401660196736,-36.43542021495999,-3.4040561651468715,0.9833444161827422,-0.14588687937470643,-5.039394601064896
5189189189.189189,0.9827499275232024,-0.15113959073287808,-5.006219702033686,0.014858084663565268,-36.560743426120865,-3.40834422708343,0.014858084663565268,-36.560743426120865,-3.40834422708343,0.9833305798971975,-0.14600909626309214,-5.044692688409972
5195195195.195195,0.9827500323069023,-0.15113866461772044,-5.011679736145202,0.014640183375040495,-36.68906967010247,-3.412544353925569,0.014640183375040495,-36.68906967010247,-3.412544353925569,0.9833147218562159,-0.14614917357517496,-5.049987092580571
5201201201.201201,0.9827484160596337,-0.15115294958997705,-5.017132457798725,0.014420159758863694,-36.820598562084086,-3.416650150927162,0.014420159758863694,-36.820598562084086,-3.416650150927162,0.9832967841845194,-0.14630762341261958,-5.055278315994263
5207207207.207207,0.9827450459691458,-0.1511827357323517,-5.0225782965888826,0.014197854100602664,-36.95554582035611,-3.4206544932962606,0.014197854100602664,-36.95554582035611,-3.4206544932962606,0.9832767044549816,-0.14648499823816347,-5.060566874757027
5213213213.213213,0.9827398863070625,-0.15122833898749652,-5.0280176895778705,0.013973099517402986,-37.09414495717648,-3.4245494279498176,0.013973099517402986,-37.09414495717648,-3.4245494279498176,0.9832544153549962,-0.14668189383840358,-5.065853299756296
5219219219.219219,0.982732898235391,-0.15129010287433284,-5.03345108199294,0.013745721502569554,-37.23664918863888,-3.428326059249608,0.013745721502569554,-37.23664918863888,-3.428326059249608,0.9832298443216076,-0.14689895256467356,-5.071138137831825
5225225225.225225,0.982724039595183,-0.15136840036303378,-5.038878927967919,0.013515537446051941,-37.38333359758282,-3.431974415630774,0.013515537446051941,-37.38333359758282,-3.431974415630774,0.9832029131421357,-0.14713686688118707,-5.076421953031641
5231231231.231232,0.9827132646755135,-0.15146363592501874,-5.044301691332743,0.013282356131107889,-37.53449758975633,-3.4354832933404458,0.013282356131107889,-37.53449758975633,-3.4354832933404458,0.9831735375165224,-0.14739638325411766,-5.081705327960906
5237237237.237237,0.9827005239607151,-0.15157624777631473,-5.049719846455335,0.013045977208071238,-37.69046769091042,-3.4388400726306467,0.013045977208071238,-37.69046769091042,-3.4388400726306467,0.9831416265773071,-0.14767830641817264,-5.086988865232467
5243243243.243243,0.9826857638535677,-0.15170671033477023,-5.055133879140696,0.012806190647060078,-37.85160074155379,-3.4420305006445076,0.012806190647060078,-37.85160074155379,-3.4420305006445076,0.9831070823624948,-0.14798350406296695,-5.0922731890287825
5249249249.249249,0.9826689263718335,-0.1518555369143766,-5.060544287592459,0.012562776172710656,-38.01828755710127,-3.445038433827597,0.012562776172710656,-38.01828755710127,-3.445038433827597,0.9830697992360771,-0.14831291198602398,-5.0975589467858855
5255255255.255255,0.9826499488152378,-0.15202328268253265,-5.065951583442779,0.012315502685733762,-38.190957134581595,-3.447845530892944,0.012315502685733762,-38.190957134581595,-3.447845530892944,0.9830296632502354,-0.14866753976578329,-5.102846811011317
5261261261.261261,0.9826287633995909,-0.15221054790970762,-5.071356292857017,0.012064127678433139,-38.37008150351529,-3.4504308850422025,0.012064127678433139,-38.37008150351529,-3.4504308850422025,0.9829865514425228,-0.14904847701457213,-5.108137481249196
5267267267.267267,0.9826052968543524,-0.1524179815444697,-5.076758957720353,0.011808396654528838,-38.55618133877467,-3.4527705811235645,0.011808396654528838,-38.55618133877467,-3.4527705811235645,0.982940331060387,-0.1494569002798598,-5.1134316862070985
5273273273.273273,0.9825794699794219,-0.15264628515148015,-5.0821601369143155,0.011548042568010782,-38.74983247812957,-3.4548371594522713,0.011548042568010782,-38.74983247812957,-3.4548371594522713,0.9828908587044478,-0.14989408067067986,-5.118730186061124
5279279279.27928,0.982551197156419,-0.15289621725470712,-5.087560407691931,0.011282785301773521,-38.951673517921286,-3.456598962803271,0.011282785301773521,-38.951673517921286,-3.456598962803271,0.9828379793806877,-0.1503613922973168,-5.124033774957335
5285285285.285285,0.9825203858090424,-0.15316859813411635,-5.092960367161361,0.011012331215077761,-39.16241469835769,-3.4580193361486207,0.011012331215077761,-39.16241469835769,-3.4580193361486207,0.9827815254504508,-0.15086032162377327,-5.129343283730008
5291291291.291291,0.9824869358063719,-0.1534643151306091,-5.098360633888871,0.01073637280038716,-39.38284833705599,-3.4590556394065572,0.01073637280038716,-39.38284833705599,-3.4590556394065572,0.9827213154655038,-0.1513924778472458,-5.134659582859411
5297297297.2972975,0.9824507388021331,-0.15378432852151258,-5.103761849633266,0.010454588506155308,-39.61386112784547,-3.4596580208708776,0.010454588506155308,-39.61386112784547,-3.4596580208708776,0.9826571528736907,-0.15195960443437032,-5.139983585694683
5303303303.303303,0.9824116775019319,-0.15412967803799363,-5.109164681225364,0.010166642804645864,-39.85644869399417,-3.4597678817678896,0.010166642804645864,-39.85644869399417,-3.4597678817678896,0.9825888245785409,-0.15256359196354147,-5.145316251970479
5309309309.309309,0.9823696248493433,-0.15450149010582145,-5.114569822607659,0.009872186615735775,-40.111732873716136,-3.4593159386050063,0.009872186615735775,-40.111732873716136,-3.4593159386050063,0.9825160993338274,-0.15320649244390175,-5.150658591649573
5315315315.315315,0.9823244431203894,-0.15490098590297197,-5.119977997051139,0.009570858243198135,-40.38098232372594,-3.458219756774146,0.009570858243198135,-40.38098232372594,-3.458219756774146,0.9824387259511914,-0.15389053530758454,-5.156011669127684
5321321321.3213215,0.9822759829143994,-0.15532949034140503,-5.1253899595683405,0.009262285045740176,-40.66563715549041,-3.4563805819958415,0.009262285045740176,-40.66563715549041,-3.4563805819958415,0.9823564312956583,-0.154618145301476,-5.161376607841451
5327327327.327328,0.9822240820274143,-0.15578844209673512,-5.130806499544018,0.008946086161204254,-40.96733846765497,-3.453679229206647,0.008946086161204254,-40.96733846765497,-3.453679229206647,0.9822689180400023,-0.15539196253971524,-5.166754595325752
5333333333.333333,0.9821685641921862,-0.1562794048284391,-5.136228443607562,0.00862187674461839,-41.287963799242966,-3.4499706915760235,0.00862187674461839,-41.287963799242966,-3.4499706915760235,0.982175862144363,-0.15621486501928752,-5.172146888772679
5339339339.339339,0.9821092376663219,-0.15680407975571967,-5.141656658774359,0.008289274394384228,-41.629669679240465,-3.4450769902737033,0.008289274394384228,-41.629669679240465,-3.4450769902737033,0.982076910022179,-0.15708999394938122,-5.1775548211514595
5345345345.3453455,0.9820458936471617,-0.15736431978063029,-5.147092055886776,0.007947908766505144,-41.99494253539842,-3.438777574551344,0.007947908766505144,-41.99494253539842,-3.438777574551344,0.9819716753471959,-0.15802078230226096,-5.182979807956695
5351351351.351352,0.9819783044885478,-0.15796214538098527,-5.152535593389605,0.007597435881496588,-42.38665912915184,-3.4307962638561187,0.007597435881496588,-42.38665912915184,-3.4307962638561187,0.9818597354488514,-0.15901098706100358,-5.188423354661552
5357357357.357357,0.9819062216904958,-0.15859976253272512,-5.157988281479333,0.007237559425211415,-42.80815714802465,-3.4207832385826507,0.007237559425211415,-42.80815714802465,-3.4207832385826507,0.9817406272345123,-0.16006472571950717,-5.193887064963353
5363363363.363363,0.9818293736279109,-0.15927958296521472,-5.163451186672081,0.00686806262640035,-43.26331506761296,-3.4082898363916976,0.00686806262640035,-43.26331506761296,-3.4082898363916976,0.9816138425665063,-0.16118651768582587,-5.19937264992139
5369369369.3693695,0.9817474629786983,-0.1600042471050556,-5.168925436841189,0.006488856397860962,-43.75663673845125,-3.3927327405405583,0.006488856397860962,-43.75663673845125,-3.3927327405405583,0.9814788230093937,-0.16238133135353994,-5.204881938101309
5375375375.375376,0.9816601638046402,-0.16077665012674014,-5.1744122267825885,0.006100052955081125,-44.293327896506966,-3.3733423087629792,0.006100052955081125,-44.293327896506966,-3.3733423087629792,0.9813349538478698,-0.16365463774285618,-5.210416886857215
5381381381.381382,0.9815671182301373,-0.1615999716030081,-5.179912824374432,0.0057020801618732995,-44.87933363034345,-3.349086915887073,0.0057020801618732995,-44.87933363034345,-3.349086915887073,0.9811815572577656,-0.16501247177653164,-5.215979594902243
5387387387.387387,0.9814679326538778,-0.16247770933817837,-5.185428577407056,0.005295862375216113,-45.521266190630094,-3.318560789775578,0.005295862375216113,-45.521266190630094,-3.318560789775578,0.9810178844908944,-0.16646150245389185,-5.221572316341318
5393393393.3933935,0.9813621734164438,-0.1634137180763826,-5.190960921170573,0.004883112152419373,-46.22606601967276,-3.2798165694534496,0.004883112152419373,-46.22606601967276,-3.2798165694534496,0.9808431069083468,-0.16800911342519775,-5.227197476366585
5399399399.3994,0.9812493618322917,-0.1644122539081772,-5.1965113869003945,0.004466810047007487,-47.000050313851894,-3.2301167129598714,0.004466810047007487,-47.000050313851894,-3.2301167129598714,0.9806563056651291,-0.16966349575878056,-5.232857688847593
5405405405.405405,0.9811289684767502,-0.16547802535963527,-5.202081611196299,0.004052006116052775,-47.84659815584044,-3.1655768581681496,0.004052006116052775,-47.84659815584044,-3.1655768581681496,0.9804564598104313,-0.1714337550473814,-5.23855577608528
5411411411.411411,0.9810004065971089,-0.16661625234304533,-5.207673346548397,0.0036471633563081034,-48.76089568434481,-3.080707634607947,0.0036471633563081034,-48.76089568434481,-3.080707634607947,0.9802424325207357,-0.17333003543238554,-5.244294791042579
5417417417.417418,0.9808630244903485,-0.16783273438823515,-5.213288473124223,0.0032663480714635743,-49.71875074923542,-2.9680241646016454,0.0032663480714635743,-49.71875074923542,-2.9680241646016454,0.9800129551251943,-0.17536366365631056,-5.25007804241597
5423423423.423424,0.9807160966575394,-0.1691339298681085,-5.218929011995635,0.002932435590255199,-50.65543036415626,-2.8184333272768063,0.002932435590255199,-50.65543036415626,-2.8184333272768063,0.9797666085117189,-0.17754731690826797,-5.255909122973508
5429429429.42943,0.9805588135047968,-0.1705270482958206,-5.224597140012944,0.0026803409346222327,-51.436199219365584,-2.6243243518203325,0.0026803409346222327,-51.436199219365584,-2.6243243518203325,0.9795018014143893,-0.17989521903860858,-5.261791941657305
5435435435.435435,0.9803902693108676,-0.1720201582230897,-5.23029520656737,0.0025557390755687843,-51.84966973816785,-2.3878559586967087,0.0025557390755687843,-51.84966973816785,-2.3878559586967087,0.9792167449739169,-0.1824233707269747,-5.267730760034557
5441441441.441442,0.9802094481195365,-0.1736223138315145,-5.236025752522733,0.0026015498924446875,-51.69535681603434,-2.1304276881439557,0.0026015498924446875,-51.69535681603434,-2.1304276881439557,0.9789094228271004,-0.1851498204485436,-5.2737302337839465
5447447447.447448,0.9800152071375312,-0.17534370401389432,-5.241791531643786,0.0028356987628459468,-50.94679812550811,-1.8868920331155496,0.0028356987628459468,-50.94679812550811,-1.8868920331155496,0.9785775558113311,-0.18809498466425506,-5.27979546002653
5453453453.453453,0.9798062571212947,-0.17719582862920036,-5.247595534903702,0.0032443193675047023,-49.77752801697321,-1.683111755107152,0.0032443193675047023,-49.77752801697321,-1.683111755107152,0.9782185601563296,-0.19128202765706082,-5.285932031456511
5459459459.459459,0.9795811391131543,-0.17919170773571086,-5.253441018117508,0.0037983076316719425,-48.40819727788273,-1.5250548985342998,0.0037983076316719425,-48.40819727788273,-1.5250548985342998,0.9778294977651465,-0.1947373139656126,-5.292146098402109
5465465465.465466,0.9793381967314803,-0.18134613103210218,-5.259331533423836,0.004470935777230285,-46.99203137022971,-1.406421660753235,0.004470935777230285,-46.99203137022971,-1.406421660753235,0.9774070168429827,-0.19849094959362626,-5.29844444015578
5471471471.471472,0.9790755430206307,-0.1836759565565438,-5.265270965225552,0.005244123055951251,-45.60654251853472,-1.3180411659866234,0.005244123055951251,-45.60654251853472,-1.3180411659866234,0.9769472806939365,-0.20257743230756742,-5.3048345471633
5477477477.477478,0.9787910206114667,-0.1862004700334656,-5.271263571301926,0.00610782271222442,-44.28227154829162,-1.2519862856071147,0.00610782271222442,-44.28227154829162,-1.2519862856071147,0.9764458819424696,-0.2070364366686483,-5.311324715960008
5483483483.483483,0.9784821536144989,-0.1889418192800607,-5.277314029922642,0.007057869400131558,-43.0265276430318,-1.2023542912002352,0.007057869400131558,-43.0265276430318,-1.2023542912002352,0.9758977387091113,-0.21191376636157874,-5.317924159098803
5489489489.48949,0.9781460892413649,-0.19192554201399245,-5.283427493927105,0.008094211923530761,-41.83650858101131,-1.1649598065948223,0.008094211923530761,-41.83650858101131,-1.1649598065948223,0.9752969683249826,-0.21726251541306735,-5.324643132737551
5495495495.495496,0.977779526594294,-0.19518121054186838,-5.289609652880344,0.009219785869588586,-40.70558330720505,-1.1368667152880751,0.009219785869588586,-40.70558330720505,-1.1368667152880751,0.9746367329349982,-0.22314449175718393,-5.331493085052368
5501501501.501501,0.9773786293335474,-0.19874322357011526,-5.295866804575305,0.010439875234563419,-39.62609382986367,-1.1160055739407921,0.010439875234563419,-39.62609382986367,-1.1160055739407921,0.9739090497159375,-0.22963197230020305,-5.3384868292256265
5507507507.507507,0.976938917969532,-0.20265178433615672,-5.302205937311482,0.011761798077701538,-38.590525613613714,-1.1009030571396194,0.011761798077701538,-38.590525613613714,-1.1009030571396194,0.973104556286985,-0.23680987954703026,-5.345638745425972
5513513513.513514,0.9764551362468029,-0.20695411619734122,-5.308634824523776,0.013194805438773173,-37.59194018389215,-1.090499304826131,0.013194805438773173,-37.59194018389215,-1.090499304826131,0.9722122190285493,-0.24477849791158868,-5.352965016945282
5519519519.51952,0.9759210843769175,-0.21170598284017567,-5.3151621334303,0.014750129500826303,-36.624083334397895,-1.0840260669635382,0.014750129500826303,-36.624083334397895,-1.0840260669635382,0.9712189681883968,-0.253656885773618,-5.360483906457037
5525525525.525526,0.9753294095771754,-0.21697360192406134,-5.321797549354609,0.016441148008618532,-35.68135721961613,-1.0809252701849277,0.016441148008618532,-35.68135721961613,-1.0809252701849277,0.9701092384754423,-0.26358719104772366,-5.368216079147788
5531531531.531531,0.9746713412606118,-0.22283607042466166,-5.328551917154085,0.01828365172144438,-34.75874120039475,-1.0807942783100353,0.01828365172144438,-34.75874120039475,-1.0807942783100353,0.9688643868057342,-0.27474014904928357,-5.376184980115857
5537537537.537538,0.9739363539885203,-0.22938846026596632,-5.335437400574687,0.020296214911606235,-33.85169894249974,-1.083348941971416,0.020296214911606235,-33.85169894249974,-1.083348941971416,0.9674619492432395,-0.28732213979676935,-5.384417273674181
5543543543.543544,0.9731117355055339,-0.23674579838578802,-5.342467659049491,0.022500678821362946,-32.95608758983937,-1.0883987335550889,0.022500678821362946,-32.95608758983937,-1.0883987335550889,0.9658746859379145,-0.30158431922617884,-5.39294335156296
5549549549.549549,0.9721820292214873,-0.24504822235928386,-5.349658038944055,0.02492276654497758,-32.068075011903105,-1.0958303315244506,0.02492276654497758,-32.068075011903105,-1.0958303315244506,0.9640693445408216,-0.3178345321446733,-5.401797914707171
5555555555.555555,0.9711283095420534,-0.2544677098795595,-5.3570257716335075,0.027592856219708996,-31.184066841263963,-1.1055973557876386,0.027592856219708996,-31.184066841263963,-1.1055973557876386,0.962005047098412,-0.3364529891555907,-5.411020627478603
5561561561.561562,0.969927233331697,-0.2652169300961834,-5.364590162538249,0.03054694839505162,-30.300643375456726,-1.117714838884685,0.03054694839505162,-30.300643375456726,-1.117714838884685,0.9596311698842689,-0.3579130821772981,-5.420656831618897
5567567567.567568,0.968549789993806,-0.27756097409086083,-5.3723727406901105,0.033827873251414266,-29.414506106438974,-1.132257624767961,0.033827873251414266,-29.414506106438974,-1.132257624767961,0.956884535992457,-0.3828092780399124,-5.430758283950818
5573573573.573574,0.9669596442677544,-0.2918330134288776,-5.380397312924256,0.03748679354729212,-28.522434111959406,-1.1493623319828323,0.03748679354729212,-28.522434111959406,-1.1493623319828323,0.9536856714061557,-0.411894846965001,-5.441383838500676
5579579579.579579,0.9651109277758976,-0.30845533825840543,-5.388689822299343,0.04158506813002508,-27.621251653254923,-1.16923287505274,0.04158506813002508,-27.621251653254923,-1.16923287505274,0.9499337799175266,-0.44613336830272077,-5.452599912785377
5585585585.585586,0.9629452860648482,-0.3279677701817197,-5.397277832597476,0.046196544346300016,-26.707810197736013,-1.1921498550127054,0.046196544346300016,-26.707810197736013,-1.1921498550127054,0.945499963445506,-0.4867696721887785,-5.464480428693841
5591591591.591592,0.9603879285280038,-0.35106614778175893,-5.406189324617439,0.05141033630768918,-25.778991102548098,-1.2184844358588178,0.05141033630768918,-25.778991102548098,-1.2184844358588178,0.9402180474708578,-0.5354283358380939,-5.477105642907464
5597597597.597597,0.957342368525824,-0.37865440703273756,-5.415450251185167,0.05733409966152462,-24.83174005977229,-1.2487176238391344,0.05733409966152462,-24.83174005977229,-1.2487176238391344,0.9338721743074664,-0.5942512932147493,-5.490558772229484
5603603603.603603,0.9536835112104799,-0.4119145214164994,-5.4250798791816015,0.06409769097897909,-23.863152299842014,-1.2834661256552733,0.06409769097897909,-23.863152299842014,-1.2834661256552733,0.9261801451788142,-0.6660906670520707,-5.504918372646813
5609609609.60961,0.9492488310584942,-0.45239857989515975,-5.435082217384827,0.07185681803372017,-22.870640362998493,-1.3235160565042918,0.07185681803372017,-22.870640362998493,-1.3235160565042918,0.9167714717942571,-0.7547781918945673,-5.520242666282092
5615615615.615616,0.943827788131053,-0.5021448065636406,-5.445430579326676,0.08079568377019225,-21.852236785710495,-1.3698653825410378,0.08079568377019225,-21.852236785710495,-1.3698653825410378,0.9051596385920888,-0.865496392789361,-5.536538720079657
5621621621.621622,0.9371508465351395,-0.5638099635666185,-5.456040273856114,0.09112639821621954,-20.807115898762234,-1.4237743820847695,0.09112639821621954,-20.807115898762234,-1.4237743820847695,0.8907101828271516,-1.0052716538011983,-5.553703296948505
5627627627.627627,0.928882539180459,-0.6407840153047908,-5.46672132897199,0.1030805575705624,-19.73646481965905,-1.4868190179633451,0.1030805575705624,-19.73646481965905,-1.4868190179633451,0.872612249185758,-1.1835738990342914,-5.571411255548462
5633633633.633634,0.9186300603425204,-0.7371869452402378,-5.477099539896781,0.11688412965098069,-18.64488905356455,-1.5609318029460741,0.11688412965098069,-18.64488905356455,-1.5609318029460741,0.8498764975752723,-1.4128836108563378,-5.588909018618055
5639639639.63964,0.9059931881878562,-0.8575013520608037,-5.486493475265352,0.13270014838795402,-17.542571829970733,-1.6483931496388355,0.13270014838795402,-17.542571829970733,-1.6483931496388355,0.8214167388552133,-1.708729026521396,-5.604645251049451
5645645645.645645,0.8907051847967057,-1.0053203929573213,-5.493749885386889,0.1505165435934129,-16.448315264330628,-1.7516969583634658,0.1505165435934129,-16.448315264330628,-1.7516969583634658,0.7863404986676283,-2.0877871282887863,-5.615657525850418
5651651651.651651,0.8729365420446166,-1.180346522029401,-5.497102467979064,0.1699588115992105,-15.39312628567136,-1.8731596597154418,0.1699588115992105,-15.39312628567136,-1.8731596597154418,0.7446720626026904,-2.560698780124197,-5.61672424249682
5657657657.657658,0.8537949566562029,-1.372928297805892,-5.494277426648879,0.19004706841111957,-14.422776505189518,-2.014114749728277,0.19004706841111957,-14.422776505189518,-2.014114749728277,0.6987492463819326,-3.1135729500487135,-5.599778457442363
5663663663.663664,0.8358179988545966,-1.5577656162511568,-5.483278740592068,0.2090324406203571,-13.595726173558303,-2.173669037935725,0.2090324406203571,-13.595726173558303,-2.173669037935725,0.6550400409026329,-3.674643037979173,-5.555470080144053
5669669669.66967,0.8227817404718083,-1.6943070984263957,-5.464091096269843,0.22459938686618183,-12.97182867306712,-2.347471505348063,0.22459938686618183,-12.97182867306712,-2.347471505348063,0.6244442664007087,-4.09012635395619,-5.480187745328417
5675675675.675675,0.8181067620994087,-1.7438003528535484,-5.440212434392297,0.23464316143703642,-12.591841971449309,-2.527576516909991,0.23464316143703642,-12.591841971449309,-2.527576516909991,0.6176196336823764,-4.185578130895121,-5.3865133984834355
5681681681.681682,0.8226272448530897,-1.6959382210344118,-5.417682517665372,0.2382694401125721,-12.458633113755607,-2.7042791647092446,0.2382694401125721,-12.458633113755607,-2.7042791647092446,0.6366897940642894,-3.9214422336666677,-5.300745778340515
5687687687.687688,0.834036848289451,-1.5762952305243796,-5.401612465564326,0.2361753955582488,-12.535306971864815,-2.8691520131779096,0.2361753955582488,-12.535306971864815,-2.8691520131779096,0.6733674419879393,-3.4349577205508326,-5.242391909496774
5693693693.693693,0.848636790751445,-1.4255628858922544,-5.393805683814051,0.2300922907861343,-12.761958641414562,-3.0172059922212973,0.2300922907861343,-12.761958641414562,-3.0172059922212973,0.7162309023336201,-2.8989388990028013,-5.213385173572005
5699699699.699699,0.8633336828978553,-1.2764262958436048,-5.393318049773615,0.22189746027641333,-13.076953368992221,-3.1470680037084864,0.22189746027641333,-13.076953368992221,-3.1470680037084864,0.7572267859140506,-2.4154806366658264,-5.205882569934605
5705705705.705706,0.8763675483393227,-1.1462742524890432,-5.3981856722165205,0.2130571160752639,-13.430079117033177,-3.259852743213524,0.2130571160752639,-13.430079117033177,-3.259852743213524,0.7927137024028263,-2.0176726954355506,-5.211316850563485
5711711711.711712,0.887064013739906,-1.0409007756117068,-5.406578647774398,0.20450499482841045,-13.785921606440768,-3.3578717881693665,0.20450499482841045,-13.785921606440768,-3.3578717881693665,0.8219014703809889,-1.7036048519879123,-5.223598139294115
5717717717.717718,0.8953563097221656,-0.9600820299541393,-5.417173511927339,0.19674834186907475,-14.121778380917531,-3.4437479912195124,0.19674834186907475,-14.121778380917531,-3.4437479912195124,0.8453008110898775,-1.4597742861278364,-5.239067121453171
5723723723.723723,0.9014297570311004,-0.9013621913071028,-5.429129298421676,0.1900187244834113,-14.424072029454225,-3.5199670637226657,0.1900187244834113,-14.424072029454225,-3.5199670637226657,0.8638259640345115,-1.2714749298858827,-5.255706178602486
5729729729.72973,0.9055274077791522,-0.8619680054609792,-5.441956898598039,0.18439217507158895,-14.685150255163556,-3.588715036980569,0.18439217507158895,-14.685150255163556,-3.588715036980569,0.8783933493547557,-1.1262192217563747,-5.27246851704911
5735735735.735736,0.9078618139206108,-0.8396050123725907,-5.455397445796203,0.17986719437345128,-14.900960791096239,-3.651862098277162,0.17986719437345128,-14.900960791096239,-3.651862098277162,0.8897810352975765,-1.0143370999542793,-5.2888478887914285
5741741741.741742,0.908581005973368,-0.8327269283978773,-5.469335428772178,0.1764103255734904,-15.06951997043896,-3.7110081810481264,0.1764103255734904,-15.06951997043896,-3.7110081810481264,0.8986015720846464,-0.9286565190644132,-5.30462881233693
5747747747.747747,0.907757427555661,-0.840603777340442,-5.483742175794707,0.17398102992385514,-15.189962051419707,-3.767548508584578,0.17398102992385514,-15.189962051419707,-3.767548508584578,0.9053158971623708,-0.8639970688017812,-5.3197471270466705
5753753753.753754,0.9053838973154227,-0.8633446781328707,-5.4986395633382985,0.17254442181255078,-15.261981528978431,-3.822741758388884,0.17254442181255078,-15.261981528978431,-3.822741758388884,0.9102573536031158,-0.8167160777874258,-5.334212817206436
5759759759.75976,0.9013690420982543,-0.9019472407386175,-5.514074792859815,0.17207706413733836,-15.28554024393098,-3.8777755770538165,0.17207706413733836,-15.28554024393098,-3.8777755770538165,0.9136541237334785,-0.7843636254287818,-5.34806639943881
5765765765.765766,0.8955286530115103,-0.9584102812635421,-5.530098607026953,0.17256855331952323,-15.260766833375497,-3.933829532415467,0.17256855331952323,-15.260766833375497,-3.933829532415467,0.9156465485012604,-0.7654427462631801,-5.3613522826303885
5771771771.771772,0.8875713477594042,-1.0359345188598714,-5.546739454756051,0.17401988507506197,-15.188022449872072,-3.9921375993359156,0.17401988507506197,-15.188022449872072,-3.9921375993359156,0.9162990929014929,-0.759254867369859,-5.374099126136065
5777777777.777778,0.8770784228737367,-1.1392314599626814,-5.563964002596548,0.17643818229460892,-15.068148501378323,-4.05405242186394,0.17643818229460892,-15.068148501378323,-4.05405242186394,0.9156082260854551,-0.7658062830894223,-5.3863003417014985
5783783783.783784,0.8634805028493326,-1.2749492846992707,-5.581608946072015,0.17982587324579136,-14.902956441212762,-4.121112020017543,0.17982587324579136,-14.902956441212762,-4.121112020017543,0.9135088716187361,-0.7857446120667727,-5.397888834984342
5789789789.78979,0.8460402381055548,-1.4521796240508835,-5.599258512720315,0.18416046651712267,-14.696071871075908,-4.195105186660371,0.18416046651712267,-14.696071871075908,-4.195105186660371,0.9098846288727326,-0.8202734331475116,-5.408699818268289
5795795795.795795,0.8238661703790577,-1.6828665958219688,-5.616024354111048,0.1893585186433924,-14.454303051253836,-4.278121745180536,0.1893585186433924,-14.454303051253836,-4.278121745180536,0.9045921710967033,-0.8709435045681793,-5.418415488088479
5801801801.801802,0.7960176990340352,-1.981545516920936,-5.630161549063281,0.19521493014923832,-14.189739406186872,-4.372553115097872,0.19521493014923832,-14.189739406186872,-4.372553115097872,0.8975197133659738,-0.9391200736660915,-5.426489371330225
5807807807.807808,0.7618273621478738,-2.362868661423997,-5.638449583821714,0.20130976706873505,-13.92270307339892,-4.480971256626028,0.20130976706873505,-13.92270307339892,-4.480971256626028,0.8887124621428109,-1.024774596209079,-5.432066141748293
5813813813.813814,0.7216572080972553,-2.833380923508711,-5.6353842059972985,0.20688920287215512,-13.68524347381914,-4.605761986462235,0.20688920287215512,-13.68524347381914,-4.605761986462235,0.8786017921118832,-1.1241583045118952,-5.433964192449933
5819819819.81982,0.6782995620059984,-3.3715692673812443,-5.612780075754925,0.21077277869649927,-13.523709579367935,-4.748360887310345,0.21077277869649927,-13.523709579367935,-4.748360887310345,0.8683243052227541,-1.2263608498356906,-5.430886820081095
5825825825.825826,0.6386825367027226,-3.8942991691631077,-5.561851084046321,0.21142194742593204,-13.49699862333216,-4.9080606186676325,0.21142194742593204,-13.49699862333216,-4.9080606186676325,0.8599341205526646,-1.3106963745790245,-5.422093285773397
5831831831.831832,0.6138139406724059,-4.239265045736337,-5.480942158319512,0.20734695931481015,-13.666046581208512,-5.080799298050588,0.20734695931481015,-13.666046581208512,-5.080799298050588,0.856043714968822,-1.3500811390509373,-5.408475709213591
5837837837.837838,0.6136339074513572,-4.241813013379637,-5.385400217944569,0.19782830810856042,-14.074231264312262,-5.2589506885442425,0.19782830810856042,-14.074231264312262,-5.2589506885442425,0.8585829230787996,-1.3243550747929025,-5.393126812616059
5843843843.843843,0.6389308809967688,-3.890922418218553,-5.302295934619192,0.1834712742050217,-14.728638457210812,-5.433004950345573,0.1834712742050217,-14.728638457210812,-5.433004950345573,0.8674429979179834,-1.235181085855121,-5.380177584650939
5849849849.84985,0.6804913602319115,-3.3435476877559234,-5.249089847460394,0.16601510362219074,-15.597047983610263,-5.59450161206497,0.16601510362219074,-15.597047983610263,-5.59450161206497,0.8804774167436014,-1.1056355743864552,-5.372525665351968
5855855855.855856,0.7268054646948248,-2.7716363196882794,-5.225455413631232,0.14751344097158553,-16.623368126076677,-5.738235270281359,0.14751344097158553,-16.623368126076677,-5.738235270281359,0.8949111807886346,-0.9644013184308913,-5.3707188813634135
5861861861.861862,0.7701582597329706,-2.2684004506683784,-5.222507857646514,0.1295907847748558,-17.74851760259895,-5.862556011877187,0.1295907847748558,-17.74851760259895,-5.862556011877187,0.9086589337859519,-0.8319819828731341,-5.373646063970011
5867867867.867868,0.8072892017452201,-1.859417131524006,-5.231477655862898,0.1131879966634837,-18.92399253348787,-5.968326303129016,0.1131879966634837,-18.92399253348787,-5.968326303129016,0.9206838569716297,-0.7177894317374349,-5.379728365709096
5873873873.873874,0.8377065175631102,-1.5381621125276141,-5.24637575060594,0.0986755716027028,-20.1158069833349,-6.057648402658439,0.0986755716027028,-20.1158069833349,-6.057648402658439,0.9307241876004528,-0.6235799904672304,-5.387621287402553
5879879879.87988,0.8621315493499678,-1.2885292357596856,-5.2637018253381305,0.08607190788754139,-21.302771405343933,-6.132960700823233,0.08607190788754139,-21.302771405343933,-6.132960700823233,0.938917687965696,-0.5474495866094247,-5.396396759426241
5885885885.885886,0.8816239059127674,-1.0943328420500296,-5.2815800231268,0.07522235221233622,-22.473061805173305,-6.196563674759963,0.07522235221233622,-22.473061805173305,-6.196563674759963,0.9455460697330774,-0.4863461244606755,-5.4054842620914965
5891891891.8918915,0.8972028645184293,-0.942186970114852,-5.2990736202730675,0.06590934333924674,-23.621060305070092,-6.250435324992265,0.06590934333924674,-23.621060305070092,-6.250435324992265,0.9509062987809627,-0.43724551671493805,-5.414559758496392
5897897897.897898,0.909724398235887,-0.8218031525665082,-5.3157578010508155,0.05790935516523963,-24.745025420288613,-6.296197393909333,0.05790935516523963,-24.745025420288613,-6.296197393909333,0.955259989700408,-0.39756823899723576,-5.423452479507945
5903903903.903904,0.9198666998374097,-0.7255020556856198,-5.331476618878484,0.05101793020870535,-25.845543292874957,-6.335145391400669,0.05101793020870535,-25.845543292874957,-6.335145391400669,0.9588207513952776,-0.3652515053055117,-5.4320816156213345
5909909909.90991,0.928153338858942,-0.6476053739195278,-5.34621028605786,0.04505803275741866,-26.924555471617122,-6.368298064632155,0.04505803275741866,-26.924555471617122,-6.368298064632155,0.961756922797334,-0.33869357852305,-5.4404170962498775
5915915915.915916,0.9349844684689724,-0.5839120673463297,-5.360004233536246,0.039880576508799295,-27.9847714441281,-6.396446818510505,0.039880576508799295,-27.9847714441281,-6.396446818510505,0.9641990886487543,-0.3166656668715653,-5.4484563952505285
5921921921.921922,0.9406654398472059,-0.5312962341897347,-5.372931788476206,0.035361746744627394,-29.029325810500243,-6.420197939222611,0.035361746744627394,-29.029325810500243,-6.420197939222611,0.966248016102555,-0.2982276952958676,-5.456211174850033
5927927927.927928,0.945429996823652,-0.48741244835586905,-5.385074930965634,0.031399347673416095,-30.06158748743926,-6.440005926570784,0.031399347673416095,-30.06158748743926,-6.440005926570784,0.9679815165214947,-0.28265870815775906,-5.463699741385732
5933933933.933934,0.9494581035755186,-0.4504838894694201,-5.396514715127422,0.027909166757166905,-31.085062588153853,-6.456198330369831,0.027909166757166905,-31.085062588153853,-6.456198330369831,0.9694599216126232,-0.2694028071518893,-5.470942868075465
5939939939.9399395,0.9528893168538527,-0.41915084077476467,-5.407326824056968,0.024821741392076623,-32.10335506880023,-6.468993057340342,0.024821741392076623,-32.10335506880023,-6.468993057340342,0.9707302934478869,-0.25802834391459606,-5.477961547217838
5945945945.945946,0.9558327143427396,-0.3923621878468201,-5.4175798202031,0.02207963238632961,-33.12016323291255,-6.4785090428772785,0.02207963238632961,-33.12016323291255,-6.4785090428772785,0.9718296047127002,-0.2481975043586041,-5.484775838816617
5951951951.951952,0.9583742476468822,-0.36929729340072515,-5.427334778055169,0.019635188326889458,-34.139298578539304,-6.484770848010728,0.019635188326889458,-34.139298578539304,-6.484770848010728,0.9727871240192821,-0.23964372862217628,-5.49140433601253
5957957957.957958,0.9605821983147598,-0.34930932094728984,-5.436645593107555,0.017448740870648505,-35.16471813932131,-6.487707288813414,0.017448740870648505,-35.16471813932131,-6.487707288813414,0.9736262028785819,-0.23215493195163597,-5.497863971963106
5963963963.963964,0.9625112444501149,-0.33188376368041583,-5.445559590095847,0.015487161557636906,-36.200563423787166,-6.487143661841482,0.015487161557636906,-36.200563423787166,-6.487143661841482,0.9743656175479329,-0.2255609879156782,-5.504170010463199
5969969969.96997,0.9642055098994656,-0.3166078218788085,-5.454118232450662,0.013722715914436029,-37.2511985452896,-6.4827864638650174,0.013722715914436029,-37.2511985452896,-6.4827864638650174,0.9750205811176749,-0.21972433892155666,-5.510336130380829
5975975975.975976,0.9657008662027168,-0.3031475809264495,-5.462357832324284,0.01213216116907726,-38.32123657920245,-6.474198650026485,0.01213216116907726,-38.32123657920245,-6.474198650026485,0.9756035112393227,-0.21453290621660434,-5.5163745530900705
5981981981.981982,0.9670266830636093,-0.2912308462115931,-5.47031021335909,0.010696045919818322,-39.4155348249422,-6.460762343619614,0.010696045919818322,-39.4155348249422,-6.460762343619614,0.976124616246395,-0.20989469803065233,-5.522296184666573
5987987987.9879875,0.9682071693625603,-0.2806341165493318,-5.478003306671534,0.009398182295691197,-40.53912270521232,-6.441624428328115,0.009398182295691197,-40.53912270521232,-6.441624428328115,0.9765923456833338,-0.20573367886952892,-5.528110757639926
5993993993.993994,0.9692624081315931,-0.271172612221828,-5.485461675332011,0.008225273544769847,-41.69699299945363,-6.415618672565591,0.008225273544769847,-41.69699299945363,-6.415618672565591,0.9770137390304743,-0.20198658144504597,-5.533826964578705
6000000000.0,0.9702091611877395,-0.26269257740877916,-5.492706970008422,0.007166693244677003,-42.893623684001625,-6.381156488389536,0.007166693244677003,-42.893623684001625,-6.381156488389536,0.9773946975193901,-0.19860042799683816,-5.539452580036534
6006006006.006006,0.9710614991623838,-0.25506529059192395,-5.499758321785244,0.006214427007062738,-44.131978174373685,-6.336079147593219,0.006214427007062738,-44.131978174373685,-6.336079147593219,0.9777401974665835,-0.1955305892351109,-5.544994569758027
6012012012.0120125,0.971831298234555,-0.24818236823695997,-5.50663267934925,0.005363202201442276,-45.411516582404836,-6.277473548821858,0.005363202201442276,-45.411516582404836,-6.277473548821858,0.978054458842134,-0.19273925361076416,-5.550459187319179
6018018018.018018,0.9725286343888666,-0.24195205559262656,-5.5133450977931755,0.004610836449710404,-46.72440564603909,-6.20148865098684,0.004610836449710404,-46.72440564603909,-6.20148865098684,0.9783410793441419,-0.19019421195874023,-5.555852059019329
6024024024.024024,0.9731620983516629,-0.23629627672462866,-5.519908985807788,0.003958797217681848,-48.048734872747296,-6.103291069967313,0.003958797217681848,-48.048734872747296,-6.103291069967313,0.9786031417178932,-0.18786788620473988,-5.561178258122838
6030030030.03003,0.973739048717593,-0.23114827282175926,-5.526336317326154,0.0034127870956761953,-49.33781608064501,-5.977534951374974,0.0034127870956761953,-49.33781608064501,-5.977534951374974,0.9788433001879154,-0.18573654822065144,-5.566442369627666
6036036036.036036,0.9742658166014609,-0.22645069952804014,-5.532637812919031,0.0029826692785344393,-50.50789797982677,-5.820092091224351,0.0029826692785344393,-50.50789797982677,-5.820092091224351,0.9790638504809634,-0.1837796877918959,-5.571648546708774
6042042042.042042,0.9747478720361298,-0.22215408487135244,-5.53882309550212,0.0026801883847932745,-51.43669358508958,-5.631757712772599,0.0026801883847932745,-51.43669358508958,-5.631757712772599,0.9792667868787687,-0.18197949825539486,-5.576800559901053
6048048048.048048,0.9751899600008509,-0.21821557229460456,-5.544900824243242,0.002512861895339952,-51.9966275838184,-5.4226032325467735,0.002512861895339952,-51.9966275838184,-5.4226032325467735,0.97945384895769,-0.18032045556376153,-5.581901839980572
6054054054.054054,0.97559621219999,-0.21459789049201772,-5.550878809964617,0.002475878203340424,-52.1254144702452,-5.211695277763976,0.002475878203340424,-52.1254144702452,-5.211695277763976,0.9796265600809106,-0.17878897196306248,-5.5869555153917965
6060060060.0600605,0.9759702393713021,-0.2112685047374963,-5.5567641148231095,0.0025491933060166286,-51.87194461228418,-5.018827047850665,0.0025491933060166286,-51.87194461228418,-5.018827047850665,0.9797862592584701,-0.1773731095976115,-5.5919644449611114
6066066066.066066,0.9763152078775315,-0.20819891426431672,-5.5625631386144505,0.002703906959864312,-51.36016512674344,-4.855496238543374,0.002703906959864312,-51.36016512674344,-4.855496238543374,0.9799341276455374,-0.17606234250854488,-5.596931246538428
6072072072.072072,0.9766339035464827,-0.2053640678087493,-5.56828169367793,0.002911760022528905,-50.71688841950231,-4.723534719279543,0.002911760022528905,-50.71688841950231,-4.723534719279543,0.9800712106836386,-0.17484735791758105,-5.601858322120324
6078078078.078078,0.9769287851143212,-0.202741875248598,-5.573925070066953,0.0031505154756004097,-50.03236765504244,-4.619208711738614,0.0031505154756004097,-50.03236765504244,-4.619208711738614,0.9801984366836837,-0.17371988956288806,-5.6067478799305235
6084084084.084084,0.9772020291520311,-0.20031279777440997,-5.579498092390005,0.0034046640202875437,-49.35851477537327,-4.537175201422828,0.0034046640202875437,-49.35851477537327,-4.537175201422828,0.980316632489335,-0.17267257731218819,-5.611601953866196
6090090090.09009,0.9774555679833461,-0.19805950254424418,-5.5850051695079905,0.0036640535334724624,-48.72076379439682,-4.4724558475361045,0.0036640535334724624,-48.72076379439682,-4.4724558475361045,0.9804265367335897,-0.17169884841965857,-5.6164224206603315
6096096096.096096,0.9776911218102585,-0.19596657052541902,-5.590450338090916,0.003922260119160361,-48.12927215742413,-4.42102667557025,0.003922260119160361,-48.12927215742413,-4.42102667557025,0.9805288111026356,-0.17079281668964413,-5.621211015060644
6102102102.102102,0.9779102260311051,-0.19402024839634957,-5.595837300883735,0.004175312821127708,-47.586219618457086,-4.379813780920701,0.004175312821127708,-47.586219618457086,-4.379813780920701,0.9806240499427166,-0.16994919651981172,-5.625969343282826
6108108108.1081085,0.9781142545527246,-0.19220823709912627,-5.60116946040278,0.004420822101198313,-47.08993922471633,-4.346516103102047,0.004420822101198313,-47.08993922471633,-4.346516103102047,0.9807127884835726,-0.16916322935910458,-5.630698894959612
6114114114.114115,0.9783044397516024,-0.19051951100152875,-5.606449948676511,0.0046574137682855055,-46.63710354583014,-4.319416510251269,0.0046574137682855055,-46.63710354583014,-4.319416510251269,0.980795509902239,-0.1684306205659043,-5.6354010537760875
6120120120.12012,0.978481889621416,-0.18894416272095396,-5.611681653553849,0.004884366885598336,-46.223834435876114,-4.297226928802786,0.004884366885598336,-46.223834435876114,-4.297226928802786,0.9808726514111512,-0.1677474850117009,-5.640077106955274
6126126126.126126,0.9786476025497942,-0.18747326954123236,-5.6168672420272525,0.005101381965158604,-45.846243150430226,-4.278972218236538,0.005101381965158604,-45.846243150430226,-4.278972218236538,0.9809446095222494,-0.1671103000666105,-5.644728253735513
6132132132.132133,0.978802480090436,-0.1860987780636031,-5.6220091809534,0.005308431390264924,-45.50067582768606,-4.263906051072743,0.005308431390264924,-45.50067582768606,-4.263906051072743,0.9810117446127722,-0.16651586483758904,-5.649355612961875
6138138138.138138,0.9789473380346322,-0.18481340430733217,-5.627109755500222,0.005505661882086555,-45.18380926696477,-4.251450656959405,0.005505661882086555,-45.18380926696477,-4.251450656959405,0.9810743848972207,-0.16596126472129635,-5.653960229897491
6144144144.144144,0.979082916035461,-0.18361054694393533,-5.632171085603031,0.005693330226965687,-44.89267250648585,-4.241153660125979,0.005693330226965687,-44.89267250648585,-4.241153660125979,0.9811328298927033,-0.16544384048905053,-5.658543082346632
6150150150.15015,0.9792098859964002,-0.18248421173148052,-5.637195140673584,0.00587176052889659,-44.62463329582991,-4.2326569837667005,0.00587176052889659,-44.62463329582991,-4.2326569837667005,0.9811873534506442,-0.16496116124935153,-5.6631050861692955
6156156156.156157,0.9793288594020092,-0.18142894552887592,-5.642183752772769,0.0060413155794206246,-44.37736954986599,-4.225674253871127,0.0060413155794206246,-44.37736954986599,-4.225674253871127,0.9812382064162554,-0.1645110007375862,-5.667647100256822
6162162162.162163,0.9794403937401425,-0.18043977852885984,-5.647138628429411,0.006202377607344757,-44.14883593967773,-4.2199742142229955,0.006202377607344757,-44.14883593967773,-4.2199742142229955,0.9812856189674662,-0.16409131646977726,-5.672169931029142
6168168168.168168,0.9795449981419191,-0.17951217356139432,-5.652061359263578,0.006355335335384391,-43.93723058445026,-4.215368424407446,0.006355335335384391,-43.93723058445026,-4.215368424407446,0.981329802677086,-0.16370023136834558,-5.676674336506628
6174174174.174174,0.9796431383462942,-0.17864198149653152,-5.656953431552171,0.006500575322326173,-43.7409641032827,-4.211702037488395,0.006500575322326173,-43.7409641032827,-4.211702037488395,0.9813709523353162,-0.16333601752762508,-5.681161030003028
6180180180.18018,0.9797352410799821,-0.17782540192296248,-5.661816234856847,0.006638476242929422,-43.55863189224774,-4.208846814188489,0.006638476242929422,-43.55863189224774,-4.208846814188489,0.981409247564184,-0.16299708183664022,-5.6856306834801185
6186186186.186186,0.9798216979300324,-0.17705894840122097,-5.6666510698192045,0.006769405195543109,-43.38898979215226,-4.206695777876834,0.006769405195543109,-43.38898979215226,-4.206695777876834,0.9814448542508868,-0.1626819532177323,-5.69008393059998
6192192192.192192,0.9799028687750431,-0.17633941769371964,-5.671459155214962,0.00689371541588407,-43.23093297922931,-4.205159085591715,0.00689371541588407,-43.23093297922931,-4.205159085591715,0.9814779258230861,-0.16238927127504565,-5.694521369506356
6198198198.198198,0.979979084831543,-0.17566386245987306,-5.676241634347692,0.007011744968060501,-43.08347776992846,-4.204160809253702,0.007011744968060501,-43.08347776992846,-4.204160809253702,0.9815086043859755,-0.16211777617568282,-5.698943565363022
6204204204.204205,0.9800506513640396,-0.1750295669776754,-5.680999580852755,0.007123816114179114,-42.945745988634094,-4.2036364046889165,0.007123816114179114,-42.945745988634094,-4.2036364046889165,0.9815370217381383,-0.16186629961148674,-5.703351052673691
6210210210.210211,0.9801178501004973,-0.17443402551429388,-5.68573400397375,0.007230235152975604,-42.81695155347606,-4.203530705199198,0.007230235152975604,-42.81695155347606,-4.203530705199198,0.9815633002809144,-0.16163375670997915,-5.7077443374053205
6216216216.216216,0.9801809413892701,-0.17387492302035565,-5.690445853366335,0.007331292579507619,-42.69638896377227,-4.203796318682281,0.007331292579507619,-42.69638896377227,-4.203796318682281,0.9815875538339597,-0.1614191387812029,-5.712123898934133
6222222222.222222,0.9802401661285886,-0.17335011786727228,-5.695136023477931,0.007427263460949357,-42.583423409106594,-4.204392337809123,0.007427263460949357,-42.583423409106594,-4.204392337809123,0.9816098883680304,-0.16122150680196917,-5.71649019183155
6228228228.228228,0.9802957474956563,-0.172857626383635,-5.699805357546226,0.007518407953804236,-42.477482257522006,-4.205283294984728,0.007518407953804236,-42.477482257522006,-4.205283294984728,0.9816304026645605,-0.16103998555214266,-5.720843647505328
6234234234.234234,0.9803478924987563,-0.1723956089797875,-5.704454651254554,0.007604971909336796,-42.37804771543479,-4.206438310148737,0.007604971909336796,-42.37804771543479,-4.206438310148737,0.9816491889103589,-0.16087375832864992,-5.72518467570958
6240240240.24024,0.9803967933727682,-0.17196235767683027,-5.709084656077915,0.007687187529368714,-42.28465048326767,-4.207830391578884,0.007687187529368714,-42.28465048326767,-4.207830391578884,0.981666333234733,-0.1607220621720655,-5.729513665935848
6246246246.246246,0.9804426288359313,-0.17155628487953004,-5.7136960823496885,0.007765274045607893,-42.19686425808989,-4.209435858911221,0.007765274045607893,-42.19686425808989,-4.209435858911221,0.9816819161953371,-0.16058418354958093,-5.733830988696113
6252252252.252253,0.9804855652233617,-0.1711759132536156,-5.718289602075853,0.007839438403632677,-42.11430095789104,-4.211233864411923,0.007839438403632677,-42.11430095789104,-4.211233864411923,0.981696013218406,-0.16045945444392054,-5.7381369967075795
6258258258.258259,0.9805257575109941,-0.17081986658455448,-5.722865851520562,0.007909875938410466,-42.03660656187019,-4.213205993715672,0.007909875938410466,-42.03660656187019,-4.213205993715672,0.9817086949982006,-0.16034724880516454,-5.742432025987927
6264264264.264264,0.9805633502418538,-0.17048686151080253,-5.727425433584468,0.007976771032408948,-41.96345747773806,-4.215335931208241,0.007976771032408948,-41.96345747773806,-4.215335931208241,0.9817200278600143,-0.16024697932672322,-5.746716396868963
6270270270.27027,0.9805984783652035,-0.17017570003683352,-5.731968919994871,0.008040297750389346,-41.894557360959574,-4.2176091782845155,0.008040297750389346,-41.894557360959574,-4.2176091782845155,0.9817300740905177,-0.16015809451183027,-5.7509904149357345
6276276276.276276,0.9806312679977862,-0.1698852627431502,-5.7364968533248435,0.008100620447170335,-41.82963432251852,-4.220012815081057,0.008100620447170335,-41.82963432251852,-4.220012815081057,0.9817388922388274,-0.16008007600036533,-5.7552543718975295
6282282282.282282,0.9806618371153432,-0.16961450261988056,-5.741009748856695,0.008157894346241963,-41.768438471531304,-4.222535298131211,0.008157894346241963,-41.768438471531304,-4.222535298131211,0.9817465373912216,-0.16001243612999905,-5.759508546396482
6288288288.288288,0.9806902961816234,-0.16936243945923396,-5.745508096303604,0.008212266088250597,-41.71073974719123,-4.225166287842725,0.008212266088250597,-41.71073974719123,-4.225166287842725,0.9817530614221851,-0.1599547157077709,-5.763753204759048
6294294294.294294,0.9807167487212399,-0.16912815474982934,-5.749992361401833,0.008263874249190995,-41.656326001351395,-4.227896500845167,0.008263874249190995,-41.656326001351395,-4.227896500845167,0.9817585132240841,-0.1599064819716064,-5.767988601695033
6300300300.300301,0.9807412918420583,-0.16891078702194082,-5.754462987384761,0.008312849828713212,-41.605001298780294,-4.2307175831658625,0.008312849828713212,-41.605001298780294,-4.2307175831658625,0.9817629389175545,-0.15986732672325027,-5.772214980948457
6306306306.306307,0.9807640167121453,-0.1687095275986159,-5.758920396348835,0.008359316709345924,-41.55658440693359,-4.233622000921182,0.008359316709345924,-41.55658440693359,-4.233622000921182,0.9817663820444826,-0.15983686461587215,-5.776432575904131
6312312312.312313,0.9807850089957185,-0.1685236167128973,-5.763364990520577,0.008403392087700197,-41.510907451134585,-4.2366029457946865,0.008403392087700197,-41.510907451134585,-4.2366029457946865,0.9817688837451947,-0.15981473158198092,-5.78064161015349
6318318318.318318,0.9808043492521106,-0.16835233995520862,-5.767797153432923,0.008445186878883447,-41.46781471447074,-4.239654253045245,0.008445186878883447,-41.46781471447074,-4.239654253045245,0.9817704829213492,-0.1598005833883408,-5.784842298022831
6324324324.324325,0.9808221133012651,-0.1681950250194334,-5.772217251018368,0.008484806095449056,-41.427161564601384,-4.24277033017068,0.008484806095449056,-41.427161564601384,-4.24277033017068,0.9817712163858499,-0.15979409430618002,-5.789034845066932
6330330330.33033,0.9808383725589824,-0.1680510387188981,-5.776625632625724,0.008522349202250746,-41.3888134921188,-4.245946094664012,0.008522349202250746,-41.3888134921188,-4.245946094664012,0.9817711190009646,-0.15979495588614254,-5.793219448530665
6336336336.336336,0.9808531943446956,-0.16791978424738124,-5.781022631966652,0.008557910448579,-41.352645247183034,-4.249176919553873,0.008557910448579,-41.352645247183034,-4.249176919553873,0.9817702238057188,-0.15980287582848365,-5.797396297781063
6342342342.342342,0.9808666421643645,-0.16780069866202493,-5.785408567997549,0.00859157917893683,-41.31854006292156,-4.252458585630098,0.00859157917893683,-41.31854006292156,-4.252458585630098,0.9817685621334988,-0.15981757694019108,-5.80156557471202
6348348348.348349,0.9808787759707439,-0.16769325056796702,-5.789783745741932,0.00862344012377642,-41.286388955594695,-4.25578723942782,0.00862344012377642,-41.286388955594695,-4.25578723942782,0.9817661637207477,-0.1598387961711922,-5.805727454123687
6354354354.354355,0.9808896524030819,-0.1675969379863409,-5.79414845705793,0.00865357367146834,-41.25609009282116,-4.259159356186308,0.00865357367146834,-41.25609009282116,-4.259159356186308,0.9817630568075114,-0.1598662837228954,-5.8098821040783895
6360360360.360361,0.980899325008083,-0.1675112863892324,-5.798502981355106,0.008682056122718424,-41.22754822226579,-4.262571707117354,0.008682056122718424,-41.22754822226579,-4.262571707117354,0.9817592682305499,-0.1598998022227395,-5.814029686234781
6366366366.366366,0.980907844443802,-0.16743584688673027,-5.802847586264532,0.008708959928586018,-41.20067415414496,-4.266021330417043,0.008708959928586018,-41.20067415414496,-4.266021330417043,0.9817548235096251,-0.159939125959287,-5.818170356161793
6372372372.372373,0.9809152586679466,-0.16737019455286767,-5.80718252826559,0.008734353913194071,-41.17538429172562,-4.269505505537316,0.008734353913194071,-41.17538429172562,-4.269505505537316,0.9817497469275578,-0.15998404017261653,-5.8223042636338045
6378378378.378378,0.9809216131119698,-0.16731392687812788,-5.811508053272753,0.00875830348215702,-41.15160020470334,-4.273021730303489,0.00875830348215702,-41.15160020470334,-4.273021730303489,0.981744061604548,-0.16003434039562267,-5.826431552908347
6384384384.384384,0.9809269508421207,-0.16726666233808102,-5.815824397185318,0.008780870817690304,-41.12924824095767,-4.276567700522129,0.008780870817690304,-41.12924824095767,-4.276567700522129,0.9817377895672623,-0.16008983184173572,-5.830552362987572
6390390390.39039,0.9809313127086134,-0.16722803906781103,-5.820131786402769,0.008802115061303281,-41.10825917271554,-4.280141291773251,0.008802115061303281,-41.10825917271554,-4.280141291773251,0.9817309518130602,-0.16015032883577487,-5.8346668278645675
6396396396.396397,0.9809347374838606,-0.1671977136336875,-5.824430438308286,0.008822092484918638,-41.08856787361587,-4.283740543122693,0.008822092484918638,-41.08856787361587,-4.283740543122693,0.9817235683698156,-0.1602156542838699,-5.838775076755581
6402402402.402403,0.980937261990712,-0.1671753598940886,-5.82872056172267,0.008840856651204916,-41.07011302357128,-4.287363642525969,0.008840856651204916,-41.07011302357128,-4.287363642525969,0.9817156583516171,-0.16028563917993605,-5.8428772343190705
6408408408.408409,0.9809389212215051,-0.16716066794188872,-5.833002357330774,0.008858458563855457,-41.05283683867405,-4.2910089137253,0.008858458563855457,-41.05283683867405,-4.2910089137253,0.9817072400107199,-0.16036012214540485,-5.846973420862478
6414414414.414414,0.9809397484486714,-0.16715334312207866,-5.8372760180823935,0.008874946808496183,-41.036684823701464,-4.294674804467432,0.008874946808496183,-41.036684823701464,-4.294674804467432,0.9816983307860105,-0.16043894899986355,-5.851063752537523
6420420420.420421,0.9809397753275839,-0.16715310511840403,-5.841541729569357,0.008890367684857672,-41.02160554504421,-4.29835987589192,0.008890367684857672,-41.02160554504421,-4.29835987589192,0.9816889473482642,-0.16052197236015414,-5.855148341524762
6426426426.426426,0.9809390319922647,-0.1671596871035118,-5.845799670380493,0.008904765330801966,-41.00755042211844,-4.302062792958654,0.008904765330801966,-41.00755042211844,-4.302062792958654,0.9816791056424428,-0.1606090512656967,-5.859227296208124
6432432432.432432,0.9809375471445028,-0.16717283494770033,-5.850050012435941,0.008918181838753283,-40.99447353552989,-4.30578231579983,0.008918181838753283,-40.99447353552989,-4.30578231579983,0.9816688209272383,-0.16070005082824687,-5.863300721340028
6438438438.438438,0.9809353481369116,-0.1671923064815553,-5.854292921302231,0.008930657365042869,-40.98233145044111,-4.309517291895564,0.008930657365042869,-40.98233145044111,-4.309517291895564,0.9816581078120816,-0.16079484190411858,-5.867368718197718
6444444444.444445,0.9809324610503853,-0.16721787080839273,-5.858528556489411,0.008942230232641952,-40.97108305375528,-4.3132666489847304,0.008942230232641952,-40.97108305375528,-4.3132666489847304,0.9816469802918133,-0.16089330078713443,-5.871431384731336
6450450450.450451,0.9809289107663807,-0.16724930766268978,-5.862757071731384,0.008952937027723382,-40.96068940387222,-4.317029388633053,0.008952937027723382,-40.96068940387222,-4.317029388633053,0.9816354517791508,-0.16099530892110742,-5.875488815704256
6456456456.456457,0.9809247210344372,-0.16728640681084683,-5.866978615250606,0.00896281269046091,-40.951113591899144,-4.320804580389752,0.00896281269046091,-40.951113591899144,-4.320804580389752,0.9816235351351401,-0.16110075263018914,-5.879541102826156
6462462462.462462,0.9809199145352484,-0.16732896749148612,-5.871193330008095,0.008971890600446545,-40.94232061331073,-4.324591356472048,0.008971890600446545,-40.94232061331073,-4.324591356472048,0.9816112426977505,-0.16120952286567627,-5.883588334879268
6468468468.468469,0.980914512939666,-0.16737679789189203,-5.875401353939768,0.008980202657078898,-40.93427724915284,-4.3283889069237125,0.008980202657078898,-40.93427724915284,-4.3283889069237125,0.9815985863086832,-0.1613215149686411,-5.887630597838214
6474474474.474474,0.9809085369639101,-0.16742971465816034,-5.879602820179912,0.008987779355251063,-40.926951955973024,-4.332196475200092,0.008987779355251063,-40.926951955973024,-4.332196475200092,0.981585577338598,-0.1614366284465914,-5.891667974983814
6480480480.48048,0.9809020064212477,-0.16748754243672326,-5.883797857272643,0.00899464985664308,-40.920314763739455,-4.3360133541372115,0.00899464985664308,-40.920314763739455,-4.3360133541372115,0.981572226710798,-0.16155476676377795,-5.895700547011223
6486486486.486486,0.980894940270438,-0.1675501134445972,-5.887986589372097,0.009000842056902679,-40.914337181081216,-4.33983888226736,0.009000842056902679,-40.914337181081216,-4.33983888226736,0.9815585449235283,-0.16167583714380052,-5.899728392132731
6492492492.492493,0.9808873566611327,-0.1676172670666759,-5.892169136432033,0.009006382648978068,-40.90899210724545,-4.343672440447587,0.009006382648978068,-40.90899210724545,-4.343672440447587,0.9815445420709479,-0.16179975038395567,-5.90375158617553
6498498498.498499,0.9808792729764733,-0.16768884947791723,-5.896345614385536,0.009011297182848451,-40.90425375022305,-4.347513448771214,0.009011297182848451,-40.90425375022305,-4.347513448771214,0.981530227862899,-0.16192642068024315,-5.907770202674746
6504504504.504505,0.980870705873071,-0.16776471328877243,-5.900516135315371,0.009015610121880412,-40.90009755054566,-4.35136136373558,0.009015610121880412,-40.90009755054566,-4.35136136373558,0.9815156116435133,-0.16205576546268002,-5.911784312961994
6510510510.51051,0.9808616713185516,-0.16784471721224073,-5.904680807615602,0.009019344896022902,-40.89650011030184,-4.355215675642128,0.009019344896022902,-40.89650011030184,-4.355215675642128,0.9815007024087643,-0.16218770523994355,-5.915793986249727
6516516516.516517,0.98085218462686,-0.16792872575081014,-5.90883973614498,0.009022523952038864,-40.89343912696067,-4.359075906207372,0.009022523952038864,-40.89343912696067,-4.359075906207372,0.9814855088230348,-0.16232216345274286,-5.919799289711606
6522522522.522522,0.9808422604914125,-0.16801660890250567,-5.912993022372576,0.009025168800957674,-40.89089333162861,-4.362941606365509,0.009025168800957674,-40.89089333162861,-4.362941606365509,0.9814700392347299,-0.1624590663356414,-5.923800288559094
6528528528.528528,0.9808319130163328,-0.16810824188395607,-5.9171407645161285,0.009027300062920615,-40.88884243139712,-4.366812354245367,0.009027300062920615,-40.88884243139712,-4.366812354245367,0.9814543016910398,-0.16259834278641377,-5.927797046114522
6534534534.534534,0.980821155745824,-0.16820350486999086,-5.921283057673546,0.009028937509579138,-40.88726705546999,-4.370687753306185,0.009028937509579138,-40.88726705546999,-4.370687753306185,0.9814383039518844,-0.16273992424264416,-5.931789623880783
6540540540.540541,0.98081000169184,-0.1683022827483455,-5.925419993947914,0.00903010010419583,-40.88614870478438,-4.374567430618151,0.00903010010419583,-40.88614870478438,-4.374567430618151,0.9814220535030799,-0.16288374456521773,-5.9357780816078565
6546546546.546547,0.9807984633601519,-0.16840446488860125,-5.929551662566431,0.009030806039586897,-40.8854697048657,-4.378451035275106,0.009030806039586897,-40.8854697048657,-4.378451035275106,0.9814055575688161,-0.16302973992791503,-5.939762477356321
6552552552.552553,0.9807865527749452,-0.1685099449241645,-5.933678149993593,0.009031072774036754,-40.88521316167679,-4.382338236928004,0.009031072774036754,-40.88521316167679,-4.382338236928004,0.9813888231234378,-0.16317784871316893,-5.943742867558041
6558558558.558558,0.9807742815019893,-0.1686186205469158,-5.937799540038944,0.009030917065305826,-40.88536292024322,-4.38622872442878,0.009030917065305826,-40.88536292024322,-4.38622872442878,0.9813718569026136,-0.1633280114132443,-5.947719307074132
6564564564.564565,0.9807616606705298,-0.16873039331318762,-5.941915913959722,0.009030355002845217,-40.88590352585346,-4.3901222045753245,0.009030355002845217,-40.88590352585346,-4.3901222045753245,0.9813546654139069,-0.16348017053671518,-5.9516918492504
6570570570.57057,0.9807487009939404,-0.16884516846074987,-5.946027350558648,0.009029402038324159,-40.886820187649924,-4.394018400949102,0.009029402038324159,-40.886820187649924,-4.394018400949102,0.9813372549467954,-0.16363427051981838,-5.955660545970345
6576576576.576576,0.9807354127892437,-0.16896285473582523,-5.950133926277172,0.00902807301456928,-40.888098744441315,-4.397917052837718,0.00902807301456928,-40.888098744441315,-4.397917052837718,0.9813196315821646,-0.163790257642467,-5.95962544770587
6582582582.582582,0.980721805995551,-0.1690833642296979,-5.954235715284378,0.009026382193008655,-40.88972563258026,-4.401817914235476,0.009026382193008655,-40.88972563258026,-4.401817914235476,0.9813018012013179,-0.16394807994854826,-5.963586603565818
6588588588.588589,0.9807078901915056,-0.16920661222415873,-5.9583327895618075,0.00902434327970686,-40.891687855763266,-4.405720752915672,0.00902434327970686,-40.891687855763266,-4.405720752915672,0.9812837694945166,-0.16410768717037405,-5.967544061342438
6594594594.594595,0.9806936746117748,-0.16933251704538527,-5.962425218984424,0.009021969450072746,-40.89397295662006,-4.409625349568673,0.009021969450072746,-40.89397295662006,-4.409625349568673,0.9812655419691001,-0.16426903065685078,-5.971497867555891
6600600600.600601,0.980679168162663,-0.16946099992562097,-5.966513071397916,0.009019273372315478,-40.896568989970994,-4.41353149700079,0.009019273372315478,-40.896568989970994,-4.41353149700079,0.9812471239571751,-0.16443206330547078,-5.975448067496892
6606606606.6066065,0.9806643794368967,-0.16959198487219346,-5.970596412692519,0.009016267229720227,-40.89946449763961,-4.417438999388939,0.009016267229720227,-40.89946449763961,-4.417438999388939,0.9812285206229486,-0.16459673949744485,-5.97939470526757
6612612612.612613,0.9806493167276185,-0.1697253985435497,-5.974675306873581,0.009012962741810198,-40.90264848471655,-4.421347671586864,0.009012962741810198,-40.90264848471655,-4.421347671586864,0.9812097369696688,-0.16476301503631763,-5.983337823820655
6618618618.618618,0.9806339880416627,-0.16986117013165974,-5.9787498161289845,0.009009371184457538,-40.906110397178566,-4.425257338478853,0.009009371184457538,-40.906110397178566,-4.425257338478853,0.981190777846248,-0.1649308470893873,-5.987277464997057
6624624624.624624,0.980618401112127,-0.16999923125066235,-5.982820000893637,0.009005503409001723,-40.909840100773884,-4.429167834377389,0.009005503409001723,-40.909840100773884,-4.429167834377389,0.9811716479535368,-0.16510019413221447,-5.991213669561917
6630630630.6306305,0.9806025634103054,-0.1701395158311703,-5.9868859199111535,0.009001369860430477,-40.9138278610915,-4.4330790024613105,0.009001369860430477,-40.9138278610915,-4.4330790024613105,0.9811523518503301,-0.16527101589551196,-5.995146477239217
6636636636.636637,0.9805864821570073,-0.17028196002002394,-5.990947630292881,0.008996980594674825,-40.91806432473817,-4.436990694251509,0.008996980594674825,-40.91806432473817,-4.436990694251509,0.9811328939590466,-0.16544327331491093,-5.999075926744985
6642642642.642643,0.980570164333301,-0.17042650208513932,-5.995005187574404,0.008992345295067004,-40.9225405015522,-4.440902769121296,0.008992345295067004,-40.9225405015522,-4.440902769121296,0.9811132785711562,-0.16561692848296758,-6.003002055819216
6648648648.648649,0.9805536166907097,-0.1705730823252162,-5.999058645769639,0.008987473288006378,-40.92724774778883,-4.4448150938389315,0.008987473288006378,-40.92724774778883,-4.4448150938389315,0.981093509852355,-0.16579194460340063,-6.006924901256506
6654654654.6546545,0.9805368457609144,-0.17072164298381184,-6.003108057422677,0.008982373557876544,-40.93217775021576,-4.448727542139937,0.008982373557876544,-40.93217775021576,-4.448727542139937,0.9810735918474793,-0.16596828594763835,-6.01084449893551
6660660660.660661,0.9805198578649524,-0.1708721281678855,-6.007153473657432,0.008977054761253702,-40.9373225110626,-4.4526399943270105,0.008977054761253702,-40.9373225110626,-4.4526399943270105,0.9810535284852087,-0.16614591781323135,-6.014760883847255
6666666666.666666,0.9805026591219813,-0.17102448377020057,-6.011194944225252,0.008971525240444143,-40.942674333771485,-4.456552336895577,0.008971525240444143,-40.942674333771485,-4.456552336895577,0.9810333235825384,-0.1663248064843045,-6.018674090122354
6672672672.672672,0.9804852554576003,-0.17117865739563812,-6.015232517550561,0.008965793036386416,-40.94822580949988,-4.460464462183138,0.008965793036386416,-40.94822580949988,-4.460464462183138,0.9810129808490543,-0.16650491919376126,-6.022584151057201
6678678678.6786785,0.9804676526117736,-0.17133459829104863,-6.019266240774642,0.008959865900951876,-40.953969804329915,-4.464376268040732,0.008959865900951876,-40.953969804329915,-4.464376268040732,0.9809925038909985,-0.16668622408733696,-6.026491099139155
6684684684.684685,0.9804498561463737,-0.1714922572784614,-6.0232961597976455,0.0089537513086749,-40.95989944714194,-4.4682876575249555,0.0089537513086749,-40.95989944714194,-4.4682876575249555,0.9809718962151744,-0.16686869018906775,-6.030394966070787
6690690690.690691,0.9804318714523544,-0.17165158669158348,-6.027322319318903,0.008947456467942667,-40.966008118112676,-4.472198538609096,0.008947456467942667,-40.966008118112676,-4.472198538609096,0.9809511612326544,-0.1670522873685185,-6.0342957827932295
6696696696.696697,0.9804137037565925,-0.1718125403152298,-6.031344762875642,0.008940988331672416,-40.972289437800896,-4.476108823912076,0.008940988331672416,-40.972289437800896,-4.476108823912076,0.9809303022623231,-0.16723698630944706,-6.038193579508642
6702702702.702703,0.9803953581283965,-0.17197507332770284,-6.035363532880153,0.008934353607502643,-40.97873725678642,-4.4800184304439945,0.008934353607502643,-40.97873725678642,-4.4800184304439945,0.9809093225342839,-0.1674227584796993,-6.042088385701868
6708708708.708709,0.9803768394857191,-0.17213914224579893,-6.039378670655513,0.008927558767522959,-40.98534564583005,-4.4839272793671,0.008927558767522959,-40.98534564583005,-4.4839272793671,0.9808882251930907,-0.16760957610262855,-6.0459802301613
6714714714.714715,0.9803581526010748,-0.17230470487242525,-6.043390216469892,0.008920610057566291,-40.99210888652454,-4.487835295771158,0.008920610057566291,-40.99210888652454,-4.487835295771158,0.9808670133008514,-0.16779741212966953,-6.049869140998978
6720720720.72072,0.9803393021071832,-0.1724717202466508,-6.04739820956955,0.00891351350608536,-40.999021462408365,-4.491742408462327,0.00891351350608536,-40.999021462408365,-4.491742408462327,0.9808456898401874,-0.16798624021416897,-6.053755145669976
6726726726.726727,0.9803202925023596,-0.17264014859598803,-6.051402688210556,0.008906274932634503,-41.00607805051608,-4.495648549764512,0.008906274932634503,-41.00607805051608,-4.495648549764512,0.9808242577170813,-0.16817603468621908,-6.057638270991095
6732732732.732733,0.9803011281556471,-0.17280995129097276,-6.055403689689285,0.008898899955976402,-41.01327351334076,-4.499553655332486,0.008898899955976402,-41.01327351334076,-4.499553655332486,0.9808027197635837,-0.1683667705287262,-6.061518543158885
6738738738.738739,0.9802818133117269,-0.17298109080170085,-6.0594012503717805,0.0088913940018325,-41.02060289118526,-4.503457663975951,0.0088913940018325,-41.02060289118526,-4.503457663975951,0.9807810787404188,-0.1685584233543831,-6.065395987767049
6744744744.744745,0.980262352095609,-0.17315353065632,-6.063395405721997,0.008883762310294651,-41.02806139488094,-4.507360517493846,0.008883762310294651,-41.02806139488094,-4.507360517493846,0.9807593373394645,-0.16875096938374357,-6.0692706298232215
6750750750.7507515,0.9802427485170998,-0.1733272354014841,-6.067386190328985,0.008876009942914572,-41.035644398853506,-4.511262160518243,0.008876009942914572,-41.035644398853506,-4.511262160518243,0.9807374981861465,-0.16894438542406656,-6.073142493765179
6756756756.756757,0.9802230064750858,-0.17350217056445055,-6.07137363793308,0.008868141789487024,-41.04334743451696,-4.515162540367191,0.008868141789487024,-41.04334743451696,-4.515162540367191,0.9807155638417201,-0.16913864884914415,-6.077011603476483
6762762762.762763,0.9802031297616112,-0.17367830261698994,-6.075357781451108,0.008860162574541317,-41.05116618397812,-4.519061606905984,0.008860162574541317,-41.05116618397812,-4.519061606905984,0.9806935368054607,-0.16933373757994274,-6.080877982301594
6768768768.768768,0.9801831220658086,-0.17385559894060693,-6.079338653000686,0.008852076863555542,-41.05909647403454,-4.522959312416275,0.008852076863555542,-41.05909647403454,-4.522959312416275,0.9806714195167615,-0.16952963006606375,-6.084741653060471
6774774774.774775,0.9801629869776108,-0.17403402779369342,-6.083316283923632,0.008843889068906551,-41.067134270450595,-4.526855611472591,0.008843889068906551,-41.067134270450595,-4.526855611472591,0.980649214357149,-0.16972630526793214,-6.088602638062676
6780780780.780781,0.9801427279913492,-0.17421355827968915,-6.087290704808525,0.00883560345556848,-41.075275672496794,-4.530750460825715,0.00883560345556848,-41.075275672496794,-4.530750460825715,0.9806269236522155,-0.16992374263971627,-6.092460959121008
6786786786.786787,0.9801223485091624,-0.1743941603169176,-6.091261945512469,0.00882722414657169,-41.083516907738264,-4.534643819292621,0.00882722414657169,-41.083516907738264,-4.534643819292621,0.9806045496734674,-0.17012192211299265,-6.096316637564687
6792792792.792793,0.9801018518442833,-0.1745758046095061,-6.09523003518207,0.008818755128233505,-41.09185432705977,-4.53853564765244,0.008818755128233505,-41.09185432705977,-4.53853564765244,0.9805820946401133,-0.1703208240809492,-6.100169694252097
6798798798.7987995,0.9800812412241691,-0.1747584626196933,-6.099195002273684,0.008810200255171298,-41.100284399914656,-4.542425908548176,0.008810200255171298,-41.100284399914656,-4.542425908548176,0.9805595607207651,-0.170520429383345,-6.104020149583116
6804804804.804805,0.9800605197935072,-0.1749421065412282,-6.103156874572943,0.008801563255108303,-41.10880370978633,-4.546314566393779,0.008801563255108303,-41.10880370978633,-4.546314566393779,0.9805369500350758,-0.17072071929204652,-6.107868023511037
6810810810.810811,0.9800396906171007,-0.1751267092738477,-6.107115679213606,0.008792847733481598,-41.11740894985133,-4.550201587286286,0.008792847733481598,-41.11740894985133,-4.550201587286286,0.9805142646553242,-0.1709216754970172,-6.111713335554123
6816816816.816816,0.9800187566826201,-0.17531224439893228,-6.11107144269576,0.008784057177861557,-41.12609691883381,-4.554086938922668,0.008784057177861557,-41.12609691883381,-4.554086938922668,0.9804915066079172,-0.17112328009304745,-6.115556104806759
6822822822.822823,0.9799977209032487,-0.17549868615609832,-6.11502419090339,0.008775194962191256,-41.13486451704163,-4.55797059052119,0.008775194962191256,-41.13486451704163,-4.55797059052119,0.9804686778748531,-0.17132551556682096,-6.119396349950279
6828828828.828829,0.9799765861202245,-0.17568600942071588,-6.1189739491213535,0.008766264350854243,-41.14370874257514,-4.561852512746926,0.008766264350854243,-41.14370874257514,-4.561852512746926,0.9804457803951145,-0.17152836478461278,-6.1232340892634305
6834834834.834835,0.979955355105266,-0.17587418968245083,-6.1229207420517735,0.008757268502578299,-41.15262668769992,-4.565732677641266,0.008757268502578299,-41.15262668769992,-4.565732677641266,0.9804228160660148,-0.17173181098038728,-6.127069340632521
6840840840.840841,0.9799340305629046,-0.176063203024627,-6.126864593829886,0.008748210474182769,-41.16161553537536,-4.569611058555122,0.008748210474182769,-41.16161553537536,-4.569611058555122,0.9803997867444889,-0.1719358377443951,-6.1309021215612365
6846846846.846848,0.9799126151327343,-0.17625302610433272,-6.130805528039358,0.008739093224176386,-41.17067255593145,-4.573487630085642,0.008739093224176386,-41.17067255593145,-4.573487630085642,0.9803766942483405,-0.17214042901215673,-6.134732449180171
6852852852.852853,0.9798911113915442,-0.17644363613355418,-6.134743567727083,0.00872991961621231,-41.17979510388666,-4.577362368016257,0.00872991961621231,-41.17979510388666,-4.577362368016257,0.9803535403574326,-0.17234556905394083,-6.13856034025604
6858858858.858859,0.9798695218553956,-0.1766350108608042,-6.138678735417511,0.008720692422406726,-41.18898061489983,-4.581235249259805,0.008720692422406726,-41.18898061489983,-4.581235249259805,0.9803303268148443,-0.17255124246454576,-6.142385811200637
6864864864.864864,0.9798478489815927,-0.17682712855369215,-6.1426110531264815,0.008711414326527098,-41.1982266028498,-4.585106251804617,0.008711414326527098,-41.1982266028498,-4.585106251804617,0.9803070553279782,-0.17275743415351696,-6.146208878079493
6870870870.870871,0.9798260951705968,-0.1770199679819953,-6.146540542374631,0.00870208792705577,-41.20753065703654,-4.588975354663388,0.00870208792705577,-41.20753065703654,-4.588975354663388,0.9802837275696236,-0.17296412933575409,-6.150029556620295
6876876876.876877,0.9798042627678459,-0.1772135084015623,-6.1504672242003515,0.008692715740134312,-41.21689043949824,-4.592842537824633,0.008692715740134312,-41.21689043949824,-4.592842537824633,0.9802603451789907,-0.17317131352237194,-6.153847862221036
6882882882.882883,0.9797823540655131,-0.1774077295387652,-6.154391119172331,0.008683300202393997,-41.22630368243843,-4.596707782206639,0.008683300202393997,-41.22630368243843,-4.596707782206639,0.9802369097626923,-0.17337897251203602,-6.157663809957932
6888888888.888889,0.9797603713041977,-0.17760261157553967,-6.158312247401711,0.00867384367367715,-41.235768185758474,-4.600571069613743,0.00867384367367715,-41.235768185758474,-4.600571069613743,0.9802134228957078,-0.17358709238243786,-6.1614774145931035
6894894894.894896,0.9797383166745472,-0.17779813513504536,-6.162230628553834,0.008664348439654196,-41.24528181469016,-4.604432382694816,0.008664348439654196,-41.24528181469016,-4.604432382694816,0.9801898861222925,-0.17379565948226933,-6.165288690582018
6900900900.900901,0.979716192318822,-0.1779942812678276,-6.166146281859641,0.008654816714340862,-41.25484249752386,-4.608291704903831,0.008654816714340862,-41.25484249752386,-4.608291704903831,0.9801663009568685,-0.1740046604233519,-6.169097652080736
6906906906.906907,0.9796940003323935,-0.17819103143856627,-6.1700592261267,0.008645250642519748,-41.26444822342797,-4.612149020462392,0.008645250642519748,-41.26444822342797,-4.612149020462392,0.9801426688848797,-0.17421408207308348,-6.172904312952931
6912912912.912912,0.9796717427651908,-0.1783883675132877,-6.173969479749896,0.008635652302070463,-41.27409704035515,-4.616004314324153,0.008635652302070463,-41.27409704035515,-4.616004314324153,0.9801189913636126,-0.17442391154718823,-6.17670868677671
6918918918.918919,0.9796494216230923,-0.17858627174705483,-6.1778770607217925,0.00862602370621201,-41.28378705303177,-4.6198575721409485,0.00862602370621201,-41.28378705303177,-4.6198575721409485,0.9800952698229889,-0.17463413620271906,-6.18051078685124
6924924924.924925,0.9796270388692627,-0.17878472677215063,-6.181781986642667,0.008616366805661264,-41.293516421026546,-4.623708780230662,0.008616366805661264,-41.293516421026546,-4.623708780230662,0.9800715056663378,-0.1748447436312338,-6.184310626203188
6930930930.930931,0.979604596425444,-0.17898371558665854,-6.185684274730252,0.008606683490711045,-41.30328335689484,-4.627557925546604,0.008606683490711045,-41.30328335689484,-4.627557925546604,0.9800477002711314,-0.1750557216523024,-6.188108217592972
6936936936.936937,0.9795820961731938,-0.17918322154351327,-6.189583941829168,0.008596975593231011,-41.31308612439539,-4.631404995648439,0.008596975593231011,-41.31308612439539,-4.631404995648439,0.9800238549896992,-0.1752670583071942,-6.191903573520841
6942942942.942944,0.9795595399550809,-0.17938322833993495,-6.193481004420082,0.008587244888594747,-41.322923036776054,-4.635249978674478,0.008587244888594747,-41.322923036776054,-4.635249978674478,0.9799999711499128,-0.17547874185283488,-6.1956967062327895
6948948948.948949,0.9795369295758392,-0.17958372000722345,-6.197375478628587,0.008577493097535983,-41.33279245512564,-4.639092863315375,0.008577493097535983,-41.33279245512564,-4.639092863315375,0.9799760500558543,-0.1756907607558989,-6.19948762772629
6954954954.954955,0.9795142668034743,-0.17978468090097263,-6.20126738023382,0.008567721887936853,-41.342692786788916,-4.642933638789025,0.008567721887936853,-41.342692786788916,-4.642933638789025,0.9799520929884624,-0.17590310368710943,-6.203276349755894
6960960960.96096,0.9794915533703378,-0.17998609569157992,-6.205156724676824,0.008557932876551103,-41.35262248384187,-4.646772294816721,0.008557932876551103,-41.35262248384187,-4.646772294816721,0.9799281012061454,-0.1761157595158218,-6.2070628838386535
6966966966.966967,0.9794687909741465,-0.18018794935522844,-6.209043527068663,0.008548127630664683,-41.362580041624994,-4.65060882160043,0.008548127630664683,-41.362580041624994,-4.65060882160043,0.9799040759453774,-0.17632871730475852,-6.2108472412594145
6972972972.972973,0.9794459812789935,-0.18039022716495465,-6.212927802198301,0.008538307669696484,-41.372563997331575,-4.654443209801157,0.008538307669696484,-41.372563997331575,-4.654443209801157,0.9798800184212946,-0.17654196630474772,-6.2146294330759515
6978978978.978979,0.9794231259162891,-0.18059291468232708,-6.216809564540257,0.008528474466741478,-41.38257292864903,-4.658275450518329,0.008528474466741478,-41.38257292864903,-4.658275450518329,0.9798559298282301,-0.17675549594999573,-6.2184094701239765
6984984984.984985,0.9794002264856968,-0.18079599774917376,-6.22068882826203,0.008518629450058617,-41.39260545245091,-4.662105535270169,0.008518629450058617,-41.39260545245091,-4.662105535270169,0.9798318113402728,-0.17696929585315818,-6.222187363022005
6990990990.990992,0.9793772845560232,-0.1809994624797157,-6.224565607231323,0.008508774004505724,-41.402660223537296,-4.665933455975,0.008508774004505724,-41.402660223537296,-4.665933455975,0.9798076641117803,-0.17718335580080496,-6.225963122176101
6996996996.996997,0.9793543016660711,-0.18120329525302853,-6.22843991502305,0.008498909472923496,-41.412735933421736,-4.66975920493339,0.008498909472923496,-41.412735933421736,-4.66975920493339,0.9797834892778888,-0.17739766574892607,-6.229736757784489
7003003003.003003,0.979331279325482,-0.1814074827055898,-6.2323117649261555,0.008489037157470559,-41.422831309162575,-4.6735827748112,0.008489037157470559,-41.422831309162575,-4.6735827748112,0.979759287955,-0.1776122158186266,-6.233508279842048
7009009009.009008,0.9793082190155264,-0.18161201172430166,-6.236181169950232,0.008479158320911577,-41.43294511223702,-4.67740415862335,0.008479158320911577,-41.43294511223702,-4.67740415862335,0.9797350612412532,-0.1778269962919612,-6.237277698144688
7015015015.015015,0.9792851221898864,-0.18181686943956887,-6.240048142831959,0.008469274187860226,-41.443076137456096,-4.6812233497183975,0.008469274187860226,-41.443076137456096,-4.6812233497183975,0.9797108102169804,-0.1780419976079178,-6.2410450222936165
7021021021.021021,0.9792619902753958,-0.18202204321875717,-6.243912696041366,0.008459385945978825,-41.45322321191861,-4.685040341763796,0.008459385945978825,-41.45322321191861,-4.685040341763796,0.979686535945153,-0.17825721035847175,-6.244810261699488
7027027027.027027,0.979238824672767,-0.18222752065977416,-6.24777484178791,0.008449494747136238,-41.46338519400291,-4.688855128731858,0.008449494747136238,-41.46338519400291,-4.688855128731858,0.9796622394718068,-0.17847262528483726,-6.248573425586456
7033033033.033033,0.9792156267572876,-0.1824332895849079,-6.251634592026408,0.008439601708525762,-41.47356097239454,-4.6926677048863645,0.008439601708525762,-41.47356097239454,-4.6926677048863645,0.9796379218264549,-0.1786882332738188,-6.252334522996113
7039039039.03904,0.9791923978794923,-0.1826393380348908,-6.2554919584627795,0.008429707913744483,-41.483749465148485,-4.696478064769755,0.008429707913744483,-41.483749465148485,-4.696478064769755,0.9796135840224933,-0.17890402535423644,-6.256093562791338
7045045045.045045,0.9791691393658113,-0.18284565426317248,-6.259346952559662,0.008419814413835576,-41.49394961878465,-4.700286203190967,0.008419814413835576,-41.49394961878465,-4.700286203190967,0.9795892270575844,-0.17911999269353499,-6.2598505536600415
7051051051.051051,0.9791458525192098,-0.18305222673026444,-6.263199585541856,0.008409922228294987,-41.50416040741514,-4.70409211521377,0.008409922228294987,-41.50416040741514,-4.70409211521377,0.9795648519140338,-0.17933612659446369,-6.263605504118825
7057057057.057056,0.9791225386197808,-0.1832590440985058,-6.267049868401627,0.008400032346043865,-41.51438083190209,-4.707895796145666,0.008400032346043865,-41.51438083190209,-4.707895796145666,0.979540459559156,-0.17955241849184211,-6.267358422516537
7063063063.063063,0.979099198925352,-0.18346609522669777,-6.270897811903881,0.008390145726367981,-41.52460991904492,-4.711697241527293,0.008390145726367981,-41.52460991904492,-4.711697241527293,0.9795160509456222,-0.17976885994949993,-6.271109317037759
7069069069.069069,0.979075834672035,-0.18367336916525326,-6.274743426591181,0.008380263299825452,-41.534846720795706,-4.7154964471223,0.008380263299825452,-41.534846720795706,-4.7154964471223,0.9794916270118142,-0.17998544265714467,-6.274858195706185
7075075075.075075,0.979052447074787,-0.1838808551512314,-6.278586722788647,0.008370385969123961,-41.545090313501646,-4.71929340890768,0.008370385969123961,-41.545090313501646,-4.71929340890768,0.9794671886821379,-0.18020215842760184,-6.278605066387936
7081081081.081081,0.979029037327943,-0.18408854260363972,-6.282427710608727,0.008360514609968494,-41.55533979717359,-4.723088123064548,0.008360514609968494,-41.55533979717359,-4.723088123064548,0.9794427368673561,-0.1804189991938733,-6.282349936794786
7087087087.087088,0.9790056066057249,-0.18429642111893252,-6.286266399955834,0.008350650071880857,-41.56559429477959,-4.726880585969331,0.008350650071880857,-41.56559429477959,-4.726880585969331,0.9794182724648994,-0.18063595700639615,-6.286092814487312
7093093093.093094,0.9789821560627452,-0.18450448046656243,-6.290102800530879,0.008340793178991918,-41.575852951562354,-4.730670794185343,0.008340793178991918,-41.575852951562354,-4.730670794185343,0.9793937963591589,-0.1808530240304629,-6.28983370687797
7099099099.099099,0.9789586868344832,-0.18471271058477431,-6.293936921835672,0.008330944730807638,-41.58611493437998,-4.734458744454763,0.008330944730807638,-41.58611493437998,-4.734458744454763,0.9793693094217865,-0.18107019254356654,-6.293572621234092
7105105105.105105,0.9789352000377587,-0.1849211015764191,-6.297768773177223,0.008321105502949728,-41.59637943106881,-4.738244433690946,0.008321105502949728,-41.59637943106881,-4.738244433690946,0.979344812511975,-0.18128745493293125,-6.297309564680823
7111111111.111111,0.9789116967711786,-0.18512964370501056,-6.301598363671923,0.008311276247872111,-41.606645649827705,-4.742027858971092,0.008311276247872111,-41.606645649827705,-4.742027858971092,0.9793203064767352,-0.18150480369307134,-6.301044544203973
7117117117.117117,0.9788881781155728,-0.18533832739087425,-6.305425702249631,0.008301457695553793,-41.616912818622794,-4.745809017529243,0.008301457695553793,-41.616912818622794,-4.745809017529243,0.9792957921511579,-0.18172223142347343,-6.304777566652822
7123123123.123123,0.9788646451344263,-0.18554714320733065,-6.309250797657654,0.008291650554169172,-41.627180184612186,-4.749587906749577,0.008291650554169172,-41.627180184612186,-4.749587906749577,0.9792712703586758,-0.1819397308262925,-6.3085086387428415
7129129129.129129,0.9788410988742795,-0.1857560818771587,-6.313073658464618,0.008281855510736577,-41.63744701358947,-4.753364524160031,0.008281855510736577,-41.63744701358947,-4.753364524160031,0.9792467419113163,-0.1821572947041161,-6.312237767058364
7135135135.135136,0.978817540365133,-0.18596513426902314,-6.316894293064265,0.008272073231745777,-41.6477125894458,-4.757138867426171,0.008272073231745777,-41.6477125894458,-4.757138867426171,0.9792222076099361,-0.18237491595790145,-6.315964958055192
7141141141.141142,0.9787939706208326,-0.1861742913940724,-6.3207127096791345,0.008262304363765231,-41.65797621364946,-4.760910934345354,0.008262304363765231,-41.65797621364946,-4.760910934345354,0.9791976682444741,-0.18259258758473695,-6.319690218063136
7147147147.147147,0.9787703906394345,-0.186383544402714,-6.324528916364167,0.008252549534029858,-41.66823720474242,-4.764680722841149,0.008252549534029858,-41.66823720474242,-4.764680722841149,0.9791731245941583,-0.182810302676025,-6.323413553288505
7153153153.153153,0.9787468014035764,-0.18659288458133677,-6.328342921010219,0.008242809351009905,-41.67849489785333,-4.768448230957999,0.008242809351009905,-41.67849489785333,-4.768448230957999,0.979148577427748,-0.18302805441534162,-6.327134969816548
7159159159.159159,0.9787232038808257,-0.18680230334923723,-6.3321547313474875,0.00823308440496174,-41.68874864422622,-4.7722134568561225,0.00823308440496174,-41.68874864422622,-4.7722134568561225,0.9791240275037415,-0.18324583607660497,-6.330854473613813
7165165165.165165,0.9786995990240119,-0.18701179225568315,-6.33596435494886,0.008223375268461047,-41.69899781076441,-4.7759763988066375,0.008223375268461047,-41.69899781076441,-4.7759763988066375,0.9790994755705839,-0.18346364102224555,-6.334572070530486
7171171171.171171,0.9786759877715735,-0.18722134297685308,-6.339771799233176,0.008213682496919143,-41.709241779589036,-4.7797370551869065,0.008213682496919143,-41.709241779589036,-4.7797370551869065,0.9790749223668769,-0.18368146270135194,-6.338287766302661
7177177177.177177,0.9786523710478561,-0.18743094731320048,-6.343577071468421,0.008204006629083037,-41.71947994761165,-4.7834954244760794,0.008204006629083037,-41.71947994761165,-4.7834954244760794,0.9790503686215746,-0.18389929464794866,-6.342001566554555
7183183183.183184,0.9786287497634394,-0.18764059718656934,-6.347380178774831,0.008194348187519651,-41.72971172612047,-4.787251505250824,0.008194348187519651,-41.72971172612047,-4.787251505250824,0.9790258150541687,-0.1841171304793601,-6.345713476800691
7189189189.18919,0.9786051248154309,-0.18785028463760073,-6.351181128127939,0.00818470767908493,-41.739936540379674,-4.791005296181287,0.00818470767908493,-41.739936540379674,-4.791005296181287,0.9790012623748887,-0.1843349638944489,-6.349423502448021
7195195195.195195,0.9785814970877581,-0.18806000182315447,-6.3549799263615405,0.008175085595378245,-41.75015382924138,-4.794756796027168,0.008175085595378245,-41.75015382924138,-4.794756796027168,0.9789767112848748,-0.18455278867208647,-6.353131648798001
7201201201.201201,0.9785578674514495,-0.18826974101382551,-6.358776580170597,0.008165482413182667,-41.76036304476979,-4.798506003634031,0.008165482413182667,-41.76036304476979,-4.798506003634031,0.9789521624763527,-0.18477059866961765,-6.356837921048636
7207207207.207207,0.9785342367649211,-0.18847949459141602,-6.362571096114063,0.008155898594891506,-41.770563651877055,-4.802252917929718,0.008155898594891506,-41.770563651877055,-4.802252917929718,0.9789276166328144,-0.18498838782126398,-6.360542324296464
7213213213.213213,0.9785106058742221,-0.18868925504677073,-6.366363480617663,0.008146334588921745,-41.78075512797055,-4.805997537920991,0.008146334588921745,-41.78075512797055,-4.805997537920991,0.9789030744291712,-0.18520615013677305,-6.364244863538513
7219219219.219219,0.978486975613316,-0.18889901497728967,-6.370153739976581,0.008136790830114631,-41.79093696261102,-4.809739862690231,0.008136790830114631,-41.79093696261102,-4.809739862690231,0.9788785365319302,-0.18542387969986973,-6.367945543674199
7225225225.225225,0.978463346804314,-0.1891087670848715,-6.373941880358117,0.008127267740124015,-41.8011086571813,-4.813479891392387,0.008127267740124015,-41.8011086571813,-4.813479891392387,0.9788540035993418,-0.1856415706669494,-6.371644369507202
7231231231.231232,0.9784397202577352,-0.189318504173618,-6.377727907804269,0.00811776572779271,-41.81126972456532,-4.8172176232519615,0.00811776572779271,-41.81126972456532,-4.8172176232519615,0.9788294762815601,-0.18585921726566676,-6.375341345747289
7237237237.237238,0.9784160967727283,-0.18952821914787424,-6.381511828234252,0.008108285189517467,-41.821419688836784,-4.820953057560201,0.008108285189517467,-41.821419688836784,-4.820953057560201,0.9788049552207836,-0.18607681379369787,-6.379036477012114
7243243243.243243,0.9783924771373121,-0.1897379050101111,-6.385293647446969,0.008098826509602721,-41.83155808495747,-4.824686193672372,0.008098826509602721,-41.83155808495747,-4.824686193672372,0.9787804410514084,-0.1862943546173866,-6.382729767828959
7249249249.249249,0.9783688621285944,-0.18994755485898945,-6.389073371123433,0.0080893900606037,-41.84168445848465,-4.828417031005181,0.0080893900606037,-41.84168445848465,-4.828417031005181,0.9787559344001631,-0.18651183417055955,-6.386421222636461
7255255255.255255,0.9783452525129942,-0.1901571618874011,-6.392851004829117,0.008079976203659054,-41.851798365287436,-4.832145569034268,0.008079976203659054,-41.851798365287436,-4.832145569034268,0.9787314358862514,-0.18672924695326668,-6.3901108457862845
7261261261.261261,0.9783216490464451,-0.1903667193806744,-6.396626554016269,0.008070585288813546,-41.86189937127156,-4.835871807291867,0.008070585288813546,-41.86189937127156,-4.835871807291867,0.9787069461214817,-0.18694658753064441,-6.393798641544783
7267267267.267267,0.9782980524746089,-0.1905762207146915,-6.400400024026169,0.008061217655330978,-41.87198705211255,-4.839595745364544,0.008061217655330978,-41.87198705211255,-4.839595745364544,0.9786824657103994,-0.18716385053174256,-6.3974846140946005
7273273273.273273,0.9782744635330689,-0.19078565935417824,-6.404171420091342,0.008051873631997759,-41.88206099299681,-4.843317382891005,0.008051873631997759,-41.88206099299681,-4.843317382891005,0.9786579952504073,-0.18738103064847175,-6.40116876753626
7279279279.27928,0.9782508829475269,-0.19099502885097203,-6.4079407473377135,0.008042553537417407,-41.89212078837048,-4.8470367195600605,0.008042553537417407,-41.89212078837048,-4.8470367195600605,0.9786335353318993,-0.18759812263442047,-6.404851105889711
7285285285.285286,0.9782273114339881,-0.19120432284238806,-6.411708010786732,0.008033257680296247,-41.90216604169568,-4.8507537551086415,0.008033257680296247,-41.90216604169568,-4.8507537551086415,0.9786090865383746,-0.18781512130385217,-6.408531633095851
7291291291.291291,0.9782037496989503,-0.19141353504954978,-6.415473215357433,0.008023986359720708,-41.91219636521404,-4.854468489319904,0.008023986359720708,-41.91219636521404,-4.854468489319904,0.9785846494465495,-0.18803202153071932,-6.412210353018011
7297297297.2972975,0.978180198439575,-0.19162265927588112,-6.4192363658684695,0.008014739865426274,-41.92221137971717,-4.858180922021452,0.008014739865426274,-41.92221137971717,-4.858180922021452,0.9785602246264805,-0.18824881824758039,-6.41588726944342
7303303303.303303,0.9781566583438687,-0.19183168940550932,-6.422997467040093,0.008005518478058624,-41.93221071432387,-4.861891053083591,0.008005518478058624,-41.93221071432387,-4.861891053083591,0.9785358126416689,-0.1884655064446776,-6.419562386084631
7309309309.309309,0.9781331300908411,-0.19204061940186434,-6.426756523496098,0.007996322469426977,-41.94219400626392,-4.865598882417697,0.007996322469426977,-41.94219400626392,-4.865598882417697,0.9785114140491672,-0.1886820811690016,-6.423235706580927
7315315315.315315,0.9781096143506787,-0.19224944330615615,-6.4305135397657205,0.007987152102750134,-41.952160900668005,-4.8693044099746565,0.007987152102750134,-41.952160900668005,-4.8693044099746565,0.9784870293996911,-0.18889853752330485,-6.426907234499699
7321321321.3213215,0.9780861117849026,-0.19245815523597481,-6.434268520285499,0.007978007632895167,-41.96211105036398,-4.873007635743358,0.007978007632895167,-41.96211105036398,-4.873007635743358,0.9784626592377144,-0.18911487066526747,-6.430576973337784
7327327327.327328,0.978062623046516,-0.1926667493839962,-6.438021469401099,0.007968889306609252,-41.972044115678855,-4.876708559749267,0.007968889306609252,-41.972044115678855,-4.876708559749267,0.9784383041015742,-0.18933107580656766,-6.434244926522806
7333333333.333334,0.9780391487801624,-0.1928752200165866,-6.441772391369101,0.007959797362744717,-41.98195976424656,-4.8804071820530535,0.007959797362744717,-41.98195976424656,-4.8804071820530535,0.9784139645235622,-0.18954714821208285,-6.4379110974144576
7339339339.339339,0.9780156896222747,-0.19308356147248437,-6.445521290358742,0.007950732032477582,-41.99185767082121,-4.884103502749316,0.007950732032477582,-41.99185767082121,-4.884103502749316,0.9783896410300252,-0.18976308319900304,-6.441575489305783
7345345345.3453455,0.9779922462012114,-0.19329176816160354,-6.449268170453637,0.007941693539519717,-42.00173751709582,-4.88779752196531,0.007941693539519717,-42.00173751709582,-4.88779752196531,0.9783653341414535,-0.18997887613605258,-6.445238105424422
7351351351.351351,0.9779688191373999,-0.19349983456376926,-6.453013035653454,0.007932682100324972,-42.01159899152597,-4.891489239859789,0.007932682100324972,-42.01159899152597,-4.891489239859789,0.9783410443725726,-0.19019452244268426,-6.448898948933839
7357357357.357357,0.9779454090434699,-0.19370775522754075,-6.4567558898755575,0.007923697924289298,-42.021441789158764,-4.895178656621858,0.007923697924289298,-42.021441789158764,-4.895178656621858,0.9783167722324286,-0.19041001758832707,-6.452558022934526
7363363363.363363,0.9779220165243871,-0.19391552476903728,-6.460496736956624,0.00791474121394516,-42.031265611466424,-4.898865772469907,0.00791474121394516,-42.031265611466424,-4.898865772469907,0.9782925182244776,-0.1906253570916011,-6.456215330465177
7369369369.3693695,0.9778986421775846,-0.1941231378707756,-6.464235580654214,0.007905812165150412,-42.04107016618466,-4.902550587650586,0.007905812165150412,-42.04107016618466,-4.902550587650586,0.9782682828466636,-0.19084053651963126,-6.459870874503854
7375375375.375376,0.9778752865930792,-0.19433058928064634,-6.467972424648329,0.007896910967271707,-42.05085516715567,-4.9062331024378185,0.007896910967271707,-42.05085516715567,-4.9062331024378185,0.9782440665915032,-0.1910555514873019,-6.463524657969116
7381381381.381382,0.9778519503536044,-0.19453787381074447,-6.471707272542928,0.007888037803362766,-42.06062033417538,-4.9099133171318865,0.007888037803362766,-42.06062033417538,-4.9099133171318865,0.9782198699461641,-0.1912703976565698,-6.467176683721145
7387387387.387387,0.9778286340347216,-0.19474498633638673,-6.475440127867406,0.007879192850337564,-42.07036539284508,-4.913591232058533,0.007879192850337564,-42.07036539284508,-4.913591232058533,0.9781956933925465,-0.19148507073574214,-6.470826954562829
7393393393.3933935,0.9778053382049406,-0.1949519217950531,-6.479170994078067,0.007870376279138587,-42.0800900744272,-4.9172668475681265,0.007870376279138587,-42.0800900744272,-4.9172668475681265,0.9781715374073465,-0.19169956647892716,-6.474475473240853
7399399399.399399,0.9777820634258259,-0.19515867518544863,-6.482899874559539,0.007861588254900373,-42.08979411570497,-4.920940164034847,0.007861588254900373,-42.08979411570497,-4.920940164034847,0.9781474024621432,-0.19191388068526188,-6.478122242446739
7405405405.405405,0.9777588102521166,-0.19536524156644444,-6.48662677262619,0.007852828937108397,-42.099477258846186,-4.924611181855933,0.007852828937108397,-42.099477258846186,-4.924611181855933,0.9781232890234629,-0.19212800919834863,-6.481767264817895
7411411411.411411,0.9777355792318201,-0.19557161605626155,-6.490351691523498,0.007844098479753616,-42.10913925127044,-4.928279901450955,0.007844098479753616,-42.10913925127044,-4.928279901450955,0.9780991975528498,-0.19234194790563847,-6.485410542938629
7417417417.417418,0.9777123709063321,-0.19577779383140304,-6.494074634429396,0.0078353970314825,-42.11877984552031,-4.93194632326113,0.0078353970314825,-42.11877984552031,-4.93194632326113,0.9780751285069366,-0.19255569273780537,-6.4890520793411515
7423423423.423424,0.9776891858105271,-0.19598377012586593,-6.497795604455604,0.007826724735743045,-42.12839879913584,-4.935610447748653,0.007826724735743045,-42.12839879913584,-4.935610447748653,0.978051082337509,-0.19276923966818066,-6.492691876506556
7429429429.42943,0.9776660244728621,-0.196189540230223,-6.501514604648921,0.007818081730926584,-42.137995874532635,-4.939272275396087,0.007818081730926584,-42.137995874532635,-4.939272275396087,0.9780270594915723,-0.19298258471217158,-6.496329936865784
7435435435.435435,0.9776428874154698,-0.19639509949080505,-6.5052316379925,0.007809468150505776,-42.14757083888313,-4.94293180670577,0.007809468150505776,-42.14757083888313,-4.94293180670577,0.978003060411411,-0.19319572392673193,-6.4999662628005765
7441441441.441442,0.9776197751542595,-0.1966004433088111,-6.508946707407102,0.007800884123168657,-42.157123464001174,-4.94658904219926,0.007800884123168657,-42.157123464001174,-4.94658904219926,0.97797908553466,-0.19340865340974206,-6.503600856644403
7447447447.447447,0.9775966881990058,-0.19680556713952763,-6.512659815752314,0.0077923297729490535,-42.16665352622975,-4.9502439824167945,0.0077923297729490535,-42.16665352622975,-4.9502439824167945,0.9779551352943523,-0.19362136929958387,-6.507233720683378
7453453453.453453,0.9775736270534348,-0.19701046649157297,-6.516370965827762,0.007783805219353351,-42.176160806331666,-4.953896627916795,0.007783805219353351,-42.176160806331666,-4.953896627916795,0.9779312101189865,-0.19383386777455508,-6.510864857157162
7459459459.459459,0.9775505922153148,-0.19721513692609358,-6.520080160374288,0.007775310577483847,-42.185645089383186,-4.957546979275393,0.007775310577483847,-42.185645089383186,-4.957546979275393,0.9779073104325883,-0.19404614505232493,-6.514494268259841
7465465465.465466,0.9775275841765477,-0.1974195740559656,-6.523787402075108,0.007766845958158624,-42.19510616467062,-4.961195037085979,0.007766845958158624,-42.19510616467062,-4.961195037085979,0.9778834366547519,-0.19425819738957,-6.518121956140804
7471471471.471472,0.9775046034232409,-0.19762377354515898,-6.527492693556951,0.007758411468028196,-42.20454382558957,-4.964840801958781,0.007758411468028196,-42.20454382558957,-4.964840801958781,0.9778595892007106,-0.19447002108135686,-6.521747922905586
7477477477.477478,0.9774816504357958,-0.19782773110795726,-6.531196037391178,0.007750007209688951,-42.2139578695469,-4.968484274520449,0.007750007209688951,-42.2139578695469,-4.968484274520449,0.9778357684813845,-0.19468161246072269,-6.525372170616715
7483483483.483484,0.9774587256889878,-0.1980314425082595,-6.534897436094879,0.007741633281793487,-42.223348097865355,-4.972125455413699,0.007741633281793487,-42.223348097865355,-4.972125455413699,0.9778119749034319,-0.19489296789822513,-6.528994701294541
7489489489.48949,0.9774358296520396,-0.19823490355893097,-6.538596892131948,0.0077332897791580054,-42.232714315690615,-4.975764345296938,0.0077332897791580054,-42.232714315690615,-4.975764345296938,0.9777882088693007,-0.19510408380148642,-6.532615516918033
7495495495.495496,0.9774129627887028,-0.19843811012108437,-6.5422944079141425,0.007724976792866674,-42.242056331900955,-4.97940094484394,0.007724976792866674,-42.242056331900955,-4.97940094484394,0.9777644707772801,-0.19531495661474824,-6.536234619425591
7501501501.501501,0.9773901255573222,-0.19864105810352078,-6.545989985802122,0.007716694410373311,-42.2513739590191,-4.98303525474352,0.007716694410373311,-42.2513739590191,-4.98303525474352,0.9777407610215488,-0.195525582818441,-6.539852010715826
7507507507.507507,0.9773673184109236,-0.19884374346194975,-6.549683628106467,0.007708442715600179,-42.260667013126564,-4.986667275699247,0.007708442715600179,-42.260667013126564,-4.986667275699247,0.9777170799922243,-0.19573595892875562,-6.543467692648328
7513513513.513514,0.9773445417972646,-0.19904616219854954,-6.553375337088683,0.0077002217890342305,-42.26993531378017,-4.990297008429163,0.0077002217890342305,-42.26993531378017,-4.990297008429163,0.9776934280754095,-0.19594608149723416,-6.547081667044425
7519519519.51952,0.9773217961589198,-0.19924831036121332,-6.5570651149621835,0.007692031707820702,-42.279178683930695,-4.99392445366552,0.007692031707820702,-42.279178683930695,-4.99392445366552,0.9776698056532331,-0.19615594711041368,-6.550693935687939
7525525525.525526,0.9772990819333401,-0.19945018404302967,-6.560752963893256,0.007683872545854165,-42.28839694984379,-4.997549612154534,0.007683872545854165,-42.28839694984379,-4.997549612154534,0.9776462131039036,-0.1963655523893565,-6.554304500325901
7531531531.531532,0.9772763995529203,-0.19965177938169018,-6.564438886002013,0.007675744373867292,-42.29758994102276,-5.00117248465617,0.007675744373867292,-42.29758994102276,-5.00117248465617,0.9776226508017476,-0.19657489398931152,-6.55791336266929
7537537537.537538,0.9772537494450642,-0.1998530925589146,-6.5681228833633245,0.007667647259517028,-42.30675749013348,-5.004793071943918,0.007667647259517028,-42.30675749013348,-5.004793071943918,0.9775991191172497,-0.19678396859936417,-6.5615205243937345
7543543543.543544,0.9772311320322428,-0.2000541197999393,-6.571804958007737,0.007659581267468635,-42.315899432931296,-5.008411374804598,0.007659581267468635,-42.315899432931296,-5.008411374804598,0.9775756184171034,-0.19699277294199352,-6.565125987140213
7549549549.549549,0.9772085477320627,-0.20025485737291943,-6.575485111922374,0.007651546459477459,-42.32501560818962,-5.012027394038187,0.007651546459477459,-42.32501560818962,-5.012027394038187,0.9775521490642426,-0.19720130377279244,-6.56872975251574
7555555555.555555,0.9771859969573192,-0.2004553015884596,-6.579163347051818,0.007643542894468453,-42.33410585763056,-5.015641130457631,0.007643542894468453,-42.33410585763056,-5.015641130457631,0.977528711417887,-0.19740955788007292,-6.572331822094042
7561561561.561562,0.977163480116058,-0.2006554487990743,-6.582839665298985,0.007635570628613738,-42.343170025857184,-5.019252584888716,0.007635570628613738,-42.343170025857184,-5.019252584888716,0.9775053058335792,-0.19761753208453972,-6.575932197416227
7567567567.567568,0.9771409976116365,-0.20085529539864622,-6.586514068525978,0.007627629715407945,-42.35220796028764,-5.022861758169901,0.007627629715407945,-42.35220796028764,-5.022861758169901,0.9774819326632238,-0.19782522323894786,-6.579530879991432
7573573573.573574,0.977118549842768,-0.20105483782204148,-6.590186558554929,0.007619720205741699,-42.361219511090894,-5.026468651152199,0.007619720205741699,-42.361219511090894,-5.026468651152199,0.977458592255128,-0.19803262822774748,-6.583127871297471
7579579579.57958,0.9770961372035901,-0.20125407254450672,-6.593857137168822,0.0076118421479731075,-42.370204531124045,-5.030073264699054,0.0076118421479731075,-42.370204531124045,-5.030073264699054,0.9774352849540314,-0.1982397439668223,-6.586723172781467
7585585585.585586,0.9770737600837087,-0.20145299608128409,-6.597525806112308,0.007603995587997385,-42.37916287587136,-5.03367559968623,0.007603995587997385,-42.37916287587136,-5.03367559968623,0.9774120111011442,-0.19844656740315794,-6.590316785860479
7591591591.591592,0.9770514188682532,-0.20165160498712645,-6.601192567092509,0.007596180569314662,-42.38809440338475,-5.037275657001727,0.007596180569314662,-42.38809440338475,-5.037275657001727,0.9773887710341878,-0.1986530955144816,-6.593908711922117
7597597597.597597,0.977029113937929,-0.20184989585583568,-6.604857421779792,0.007588397133095972,-42.39699897422583,-5.0408734375456685,0.007588397133095972,-42.39699897422583,-5.0408734375456685,0.9773655650874249,-0.19885932530900238,-6.597498952325137
7603603603.603603,0.9770068456690656,-0.20204786531984262,-6.608520371808551,0.00758064531824762,-42.40587645140934,-5.044468942230251,0.00758064531824762,-42.40587645140934,-5.044468942230251,0.9773423935916914,-0.19906525382513274,-6.601087508400049
7609609609.60961,0.9769846144336655,-0.2022455100497756,-6.6121814187779595,0.007572925161473732,-42.41472670034807,-5.048062171979657,0.007572925161473732,-42.41472670034807,-5.048062171979657,0.9773192568744307,-0.1992708781311862,-6.604674381449692
7615615615.615616,0.9769624205994566,-0.20244282675400124,-6.615840564252723,0.007565236697337279,-42.42354958879916,-5.051653127729996,0.007565236697337279,-42.42354958879916,-5.051653127729996,0.9772961552597289,-0.19947619532506922,-6.608259572749819
7621621621.621622,0.9769402645299278,-0.20263981217831487,-6.619497809763808,0.007557579958319512,-42.4323449868117,-5.0552418104292665,0.007557579958319512,-42.4323449868117,-5.0552418104292665,0.9772730890683431,-0.19968120253403693,-6.611843083549653
7627627627.627628,0.976918146584388,-0.20283646310541825,-6.623153156809171,0.007549954974877773,-42.44111276667567,-5.058828221037293,0.007549954974877773,-42.44111276667567,-5.058828221037293,0.9772500586177361,-0.19988589691438607,-6.615424915072461
7633633633.633634,0.9768960671180048,-0.2030327763545851,-6.626806606854459,0.007542361775501951,-42.449852802872094,-5.062412360525716,0.007542361775501951,-42.449852802872094,-5.062412360525716,0.9772270642220979,-0.20009027565126875,-6.619005068516095
7639639639.63964,0.9768740264818451,-0.20322874878130148,-6.63045816133372,0.007534800386769309,-42.45856497202457,-5.065994229877939,0.007534800386769309,-42.45856497202457,-5.065994229877939,0.9772041061923881,-0.2002943359583239,-6.622583545053533
7645645645.645645,0.9768520250229272,-0.20342437727680904,-6.634107821650078,0.007527270833398066,-42.46724915285182,-5.0695738300891255,0.007527270833398066,-42.46724915285182,-5.0695738300891255,0.9771811848363542,-0.20049807507751202,-6.626160345833418
7651651651.651651,0.9768300630842502,-0.2036196587678515,-6.637755589176421,0.007519773138299485,-42.47590522612156,-5.073151162166182,0.007519773138299485,-42.47590522612156,-5.073151162166182,0.9771583004585682,-0.20070149027880066,-6.629735471980581
7657657657.657658,0.9768081410048511,-0.2038145902161688,-6.641401465256056,0.007512307322628655,-42.4845330746054,-5.07672622712774,0.007512307322628655,-42.4845330746054,-5.07672622712774,0.9771354533604445,-0.20090457886000698,-6.633308924596555
7663663663.663664,0.9767862591198305,-0.20400916861827487,-6.645045451203373,0.007504873405833997,-42.493132583034956,-5.080299026004171,0.007504873405833997,-42.493132583034956,-5.080299026004171,0.9771126438402813,-0.2011073381464329,-6.636880704760094
7669669669.66967,0.9767644177603964,-0.20420339100507406,-6.64868754830448,0.007497471405705471,-42.501703638058956,-5.083869559837581,0.007497471405705471,-42.501703638058956,-5.083869559837581,0.9770898721932743,-0.20130976549074978,-6.640450813527665
7675675675.675676,0.9767426172539119,-0.20439725444143952,-6.652327757817839,0.007490101338421584,-42.510246128201395,-5.0874378296818215,0.007490101338421584,-42.510246128201395,-5.0874378296818215,0.977067138711549,-0.2015118582727127,-6.644019251933949
7681681681.681682,0.9767208579239175,-0.20459075602602378,-6.655966080974897,0.007482763218595172,-42.51875994382079,-5.091003836602518,0.007482763218595172,-42.51875994382079,-5.091003836602518,0.9770444436841882,-0.20171361389892564,-6.647586020992324
7687687687.687688,0.9766991400901834,-0.20478389289079577,-6.65960251898069,0.007475457059318026,-42.527244977070325,-5.094567581677076,0.007475457059318026,-42.527244977070325,-5.094567581677076,0.977021787397253,-0.20191502980265116,-6.651151121695348
7693693693.693693,0.976677464068735,-0.20497666220082048,-6.663237073014448,0.007468182872204371,-42.53570112185911,-5.0981290659947165,0.007468182872204371,-42.53570112185911,-5.0981290659947165,0.9769991701338083,-0.20211610344359338,-6.654714555015232
7699699699.699699,0.9766558301718907,-0.2051690611539254,-6.6668697442301985,0.007460940667433273,-42.54412827381421,-5.101688290656502,0.007460940667433273,-42.54412827381421,-5.101688290656502,0.9769765921739526,-0.20231683230763675,-6.658276321904304
7705705705.705706,0.9766342387083059,-0.2053610869803171,-6.670500533757337,0.007453730453789972,-42.55252633024366,-5.105245256775382,0.007453730453789972,-42.55252633024366,-5.105245256775382,0.9769540537948304,-0.20251721390673733,-6.66183642329547
7711711711.711712,0.9766126899829938,-0.20555273694239856,-6.6741294427012114,0.007446552238706146,-42.560895190100425,-5.10879996547623,0.007446552238706146,-42.560895190100425,-5.10879996547623,0.9769315552706701,-0.20271724577859027,-6.66539486010266
7717717717.717718,0.9765911842973651,-0.20574400833442125,-6.677756472143692,0.007439406028299123,-42.56923475394721,-5.112352417895872,0.007439406028299123,-42.56923475394721,-5.112352417895872,0.9769090968727938,-0.20291692548654985,-6.6689516332212815
7723723723.723724,0.9765697219492652,-0.2059348984821621,-6.68138162314372,0.007432291827410204,-42.57754492392205,-5.115902615183156,0.007432291827410204,-42.57754492392205,-5.115902615183156,0.9768866788696491,-0.20311625061934732,-6.672506743528653
7729729729.72973,0.9765483032329976,-0.20612540474271385,-6.68500489673786,0.007425209639641986,-42.58582560370476,-5.119450558499006,0.007425209639641986,-42.58582560370476,-5.119450558499006,0.9768643015268276,-0.20331521879093062,-6.676060191884439
7735735735.735736,0.9765269284393663,-0.20631552450411822,-6.688626293940845,0.007418159467394663,-42.59407669848425,-5.122996249016457,0.007418159467394663,-42.59407669848425,-5.122996249016457,0.9768419651070823,-0.20351382764031456,-6.679611979131079
7741741741.741741,0.9765055978556914,-0.2065052551852296,-6.692245815746103,0.007411141311901523,-42.602298114926555,-5.126539687920726,0.007411141311901523,-42.602298114926555,-5.126539687920726,0.9768196698703564,-0.20371207483132983,-6.6831621060941995
7747747747.747747,0.9764843117658591,-0.20669459423527275,-6.695863463126285,0.007404155173263545,-42.61048976114356,-5.1300808764092825,0.007404155173263545,-42.61048976114356,-5.1300808764092825,0.9767974160738004,-0.20390995805247086,-6.686710573583035
7753753753.753754,0.9764630704503338,-0.2068835391337459,-6.699479237033773,0.007397201050483067,-42.61865154666269,-5.133619815691901,0.007397201050483067,-42.61865154666269,-5.133619815691901,0.9767752039717918,-0.20410747501672877,-6.690257382390834
7759759759.75976,0.9764418741862,-0.20707208739004285,-6.7030931384012,0.0073902789414966655,-42.62678338239708,-5.137156506990737,0.0073902789414966655,-42.62678338239708,-5.137156506990737,0.9767530338159579,-0.20430462346138978,-6.6938025332952575
7765765765.765766,0.9764207232471807,-0.20726023654330328,-6.706705168141937,0.007383388843207225,-42.634885180616536,-5.140690951540399,0.007383388843207225,-42.634885180616536,-5.140690951540399,0.9767309058551941,-0.20450140114787613,-6.6973460270587815
7771771771.771772,0.9763996179036768,-0.20744798416205973,-6.710315327150598,0.007376530751515171,-42.6429568549193,-5.144223150588019,0.007376530751515171,-42.6429568549193,-5.144223150588019,0.9767088203356787,-0.20469780586161837,-6.700887864429084
7777777777.777778,0.9763785584227851,-0.20763532784408664,-6.713923616303512,0.0073697046613489525,-42.65099832020425,-5.147753105393331,0.0073697046613489525,-42.65099832020425,-5.147753105393331,0.9766867775009003,-0.2048938354118191,-6.704428046139431
7783783783.783784,0.9763575450683295,-0.20782226521612326,-6.717530036459213,0.0073629105666947504,-42.65900949264403,-5.151280817228755,0.0073629105666947504,-42.65900949264403,-5.151280817228755,0.976664777591672,-0.2050894876313224,-6.7079665729090525
7789789789.789789,0.9763365781008873,-0.20800879393364682,-6.721134588458902,0.0073561484606254985,-42.666990289658514,-5.154806287379466,0.0073561484606254985,-42.666990289658514,-5.154806287379466,0.97664282084615,-0.20528476037646137,-6.711503445443522
7795795795.795795,0.9763156577778175,-0.20819491168062176,-6.7247372731269115,0.0073494183353291255,-42.67494062988913,-5.158329517143494,0.0073494183353291255,-42.67494062988913,-5.158329517143494,0.9766209074998523,-0.205479651526886,-6.715038664435124
7801801801.801802,0.9762947843532821,-0.2083806161693183,-6.728338091271163,0.007342720182136151,-42.68286043317367,-5.1618505078318,0.007342720182136151,-42.68286043317367,-5.1618505078318,0.9765990377856715,-0.20567415898546193,-6.718572230563213
7807807807.807808,0.9762739580782747,-0.20856590514005963,-6.731937043683617,0.007336053991546545,-42.69074962052176,-5.165369260768365,0.007336053991546545,-42.69074962052176,-5.165369260768365,0.9765772119339035,-0.2058682806780116,-6.722104144494578
7813813813.813814,0.976253179200644,-0.20875077636101577,-6.735534131140712,0.007329419753255994,-42.698608114090774,-5.16888577729028,0.007329419753255994,-42.698608114090774,-5.16888577729028,0.976555430172251,-0.20606201455328976,-6.725634406883794
7819819819.81982,0.9762324479651182,-0.20893522762799502,-6.7391293544038025,0.007322817456181493,-42.706435837162466,-5.172400058747839,0.007322817456181493,-42.706435837162466,-5.172400058747839,0.9765336927258533,-0.2062553585827226,-6.729163018373563
7825825825.825826,0.9762117646133277,-0.20911925676424067,-6.742722714219588,0.007316247088486302,-42.71423271411999,-5.175912106504638,0.007316247088486302,-42.71423271411999,-5.175912106504638,0.976511999817289,-0.2064483107603862,-6.7326899795950705
7831831831.831832,0.9761911293838349,-0.20930286162017323,-6.746314211320538,0.007309708637604275,-42.72199867042563,-5.179421921937658,0.007309708637604275,-42.72199867042563,-5.179421921937658,0.9764903516666045,-0.20664086910275442,-6.736215291168315
7837837837.837837,0.9761705425121462,-0.2094860400732865,-6.749903846425303,0.00730320209026362,-42.72973363259888,-5.182929506437364,0.00730320209026362,-42.72973363259888,-5.182929506437364,0.9764687484913259,-0.2068330316485996,-6.739738953702443
7843843843.843843,0.9761500042307468,-0.20966879002784145,-6.75349162023913,0.007296727432510127,-42.7374375281951,-5.1864348614078155,0.007296727432510127,-42.7374375281951,-5.1864348614078155,0.9764471905064694,-0.20702479645890284,-6.743260967796082
7849849849.84985,0.9761295147691098,-0.20985110941479093,-6.757077533454266,0.007290284649729683,-42.745110285784726,-5.189937988266745,0.007290284649729683,-42.745110285784726,-5.189937988266745,0.976425677924565,-0.20721616161664536,-6.74678133403766
7855855855.855856,0.9761090743537328,-0.21003299619145463,-6.760661586750352,0.007283873726670463,-42.75275183493274,-5.19343888844568,0.007283873726670463,-42.75275183493274,-5.19343888844568,0.9764042109556635,-0.20740712522674912,-6.75030005300573
7861861861.861862,0.9760886832081482,-0.21021444834143482,-6.764243780794817,0.007277494647464355,-42.7603621061789,-5.196937563390035,0.007277494647464355,-42.7603621061789,-5.196937563390035,0.9763827898073613,-0.20759768541586243,-6.75381712526928
7867867867.867868,0.9760683415529467,-0.21039546387440783,-6.76782411624327,0.007271147395647968,-42.76794103101831,-5.200434014559202,0.007271147395647968,-42.76794103101831,-5.200434014559202,0.976361414684805,-0.2077878403323173,-6.757332551388049
7873873873.873875,0.9760480496058049,-0.21057604082588455,-6.771402593739873,0.0072648319541831746,-42.77548854188225,-5.203928243426676,0.0072648319541831746,-42.77548854188225,-5.203928243426676,0.9763400857907114,-0.20797758814595999,-6.760846331912837
7879879879.87988,0.9760278075814941,-0.21075617725713428,-6.77497921391772,0.007258548305477087,-42.78300457211973,-5.207420251480146,0.007258548305477087,-42.78300457211973,-5.207420251480146,0.9763188033253787,-0.20816692704805265,-6.764358467385797
7885885885.885886,0.9760076156919115,-0.21093587125491062,-6.7785539773992065,0.0072522964314015986,-42.79048905597928,-5.210910040221614,0.0072522964314015986,-42.79048905597928,-5.210910040221614,0.9762975674867063,-0.2083558552510984,-6.767868958340743
7891891891.8918915,0.97598747414609,-0.2111151209313702,-6.7821268847963925,0.007246076313312322,-42.79794192859129,-5.214397611167475,0.007246076313312322,-42.79794192859129,-5.214397611167475,0.9762763784702013,-0.20854437098878853,-6.771377805303438
7897897897.897898,0.9759673831502309,-0.21129392442378161,-6.785697936711359,0.0072398879320673395,-42.80536312595054,-5.217882965848658,0.0072398879320673395,-42.80536312595054,-5.217882965848658,0.976255236468994,-0.20873247251586902,-6.774885008791891
7903903903.903904,0.9759473429077079,-0.21147227989449677,-6.789267133736571,0.007233731268045223,-42.81275258489937,-5.221366105810713,0.007233731268045223,-42.81275258489937,-5.221366105810713,0.9762341416738544,-0.20892015810799472,-6.778390569316636
7909909909.90991,0.9759273536190968,-0.21165018553068823,-6.79283447645521,0.007227606301162791,-42.820110243111024,-5.224847032613925,0.007227606301162791,-42.820110243111024,-5.224847032613925,0.976213094273204,-0.2091074260616257,-6.781894487381017
7915915915.915916,0.9759074154821892,-0.2118276395442303,-6.796399965441533,0.0072215130108923544,-42.82743603907355,-5.228325747833424,0.0072215130108923544,-42.82743603907355,-5.228325747833424,0.9761920944531255,-0.20929427469395012,-6.7853967634814705
7921921921.921923,0.9758875286920118,-0.21200464017153264,-6.799963601261203,0.007215451376278602,-42.83472991207389,-5.231802253059299,0.007215451376278602,-42.83472991207389,-5.231802253059299,0.9761711423973788,-0.20948070234273847,-6.788897398107792
7927927927.927928,0.9758676934408455,-0.21218118567337252,-6.8035253844716195,0.0072094213759550715,-42.84199180218248,-5.2352765498966995,0.0072094213759550715,-42.84199180218248,-5.2352765498966995,0.9761502382874137,-0.2096667073662376,-6.792396391743413
7933933933.933934,0.9758479099182392,-0.2123572743347738,-6.807085315622254,0.0072034229881601936,-42.84922165023807,-5.23874863996596,0.0072034229881601936,-42.84922165023807,-5.23874863996596,0.9761293823023783,-0.20985228814309587,-6.795893744865666
7939939939.9399395,0.975828178311038,-0.21253290446476442,-6.810643395254968,0.007197456190752985,-42.856419397833,-5.242218524902699,0.007197456190752985,-42.856419397833,-5.242218524902699,0.9761085746191367,-0.2100374430722138,-6.799389457946049
7945945945.945946,0.9758084988033816,-0.21270807439638617,-6.814199623904335,0.00719152096122838,-42.86358498729869,-5.245686206357939,0.00719152096122838,-42.86358498729869,-5.245686206357939,0.9760878154122751,-0.2102221705726859,-6.802883531450484
7951951951.951952,0.97578887157674,-0.21288278248638828,-6.817754002097955,0.007185617276732163,-42.87071836169149,-5.249151685998223,0.007185617276732163,-42.87071836169149,-5.249151685998223,0.9760671048541201,-0.21040646908364558,-6.806375965839573
7957957957.957958,0.9757692968099186,-0.2130570271151788,-6.821306530356758,0.007179745114075557,-42.87781946477896,-5.252614965505713,0.007179745114075557,-42.87781946477896,-5.252614965505713,0.9760464431147412,-0.21059033706424407,-6.80986676156885
7963963963.963964,0.9757497746790794,-0.21323080668664424,-6.824857209195321,0.007173904449749499,-42.88488824102621,-5.256076046578324,0.007173904449749499,-42.88488824102621,-5.256076046578324,0.9760258303619741,-0.2107737729934472,-6.813355919089033
7969969969.969971,0.9757303053577582,-0.21340411962799566,-6.828406039122154,0.007168095259938498,-42.89192463558286,-5.259534930929817,0.007168095259938498,-42.89192463558286,-5.259534930929817,0.976005266761422,-0.21095677537002505,-6.816843438846268
7975975975.975976,0.9757108890168729,-0.2135769643896996,-6.831953020640009,0.0071623175205342594,-42.89892859426999,-5.262991620289929,0.0071623175205342594,-42.89892859426999,-5.262991620289929,0.9759847524764712,-0.2111393427124157,-6.8203293212823715
7981981981.981982,0.975691525824748,-0.2137493394452628,-6.835498154246167,0.007156571207148949,-42.90590006356753,-5.266446116404482,0.007156571207148949,-42.90590006356753,-5.266446116404482,0.975964287668296,-0.21132147355868738,-6.823813566835072
7987987987.9879875,0.9756722159471275,-0.21392124329112383,-6.839041440432723,0.007150856295128108,-42.91283899060194,-5.269898421035496,0.007150856295128108,-42.91283899060194,-5.269898421035496,0.9759438724958845,-0.21150316646630823,-6.827296175938239
7993993993.993994,0.9756529595471872,-0.2140926744465392,-6.842582879686875,0.007145172759563337,-42.9197453231341,-5.273348535961309,0.007145172759563337,-42.9197453231341,-5.273348535961309,0.9759235071160305,-0.21168442001222407,-6.830777149022126
8000000000.0,0.975633756785553,-0.2142636314534316,-6.846122472491199,0.007139520575304566,-42.92661900954751,-5.276796462976678,0.007139520575304566,-42.92661900954751,-5.276796462976678,0.9759031916833572,-0.21186523279264666,-6.834256486513593
8006006006.006006,0.9756146078203111,-0.2144341128762958,-6.849660219323929,0.0071338997169722125,-42.933459998836696,-5.280242203892916,0.0071338997169722125,-42.933459998836696,-5.280242203892916,0.9758829263503221,-0.2120456034230151,-6.837734188836332
8012012012.0120125,0.9755955128070307,-0.21460411730200307,-6.853196120659221,0.007128310158968933,-42.94026824059587,-5.283685760537997,0.007128310158968933,-42.94026824059587,-5.283685760537997,0.9758627112672259,-0.21222553053792223,-6.8412102564110935
8018018018.018019,0.9755764718987715,-0.21477364333973806,-6.856730176967431,0.007122751875491032,-42.94704368500801,-5.287127134756664,0.007122751875491032,-42.94704368500801,-5.287127134756664,0.9758425465822255,-0.21240501279099494,-6.84468468965591
8024024024.024024,0.9755574852460979,-0.21494268962087196,-6.860262388715371,0.007117224840539778,-42.95378628283389,-5.290566328410554,0.007117224840539778,-42.95378628283389,-5.290566328410554,0.9758224324413447,-0.2125840488548059,-6.848157488986305
8030030030.03003,0.9755385529970976,-0.2151112547988015,-6.86379275636657,0.0071117290279323585,-42.96049598540157,-5.2940033433783125,0.0071117290279323585,-42.96049598540157,-5.2940033433783125,0.9758023689884803,-0.2127626374208227,-6.851628654815514
8036036036.036036,0.975519675297391,-0.2152793375488689,-6.8673212803815336,0.007106264411312595,-42.967172744595985,-5.297438181555712,0.007106264411312595,-42.967172744595985,-5.297438181555712,0.9757823563654165,-0.21294077719927812,-6.85509818755469
8042042042.042042,0.9755008522901486,-0.21544693656821032,-6.870847961217991,0.007100830964161375,-42.97381651284888,-5.30087084485576,0.007100830964161375,-42.97381651284888,-5.30087084485576,0.9757623947118282,-0.2131184669191492,-6.858566087613122
8048048048.048048,0.9754820841160992,-0.21561405057568264,-6.874372799331146,0.007095428659806899,-42.98042724312885,-5.304301335208821,0.007095428659806899,-42.98042724312885,-5.304301335208821,0.9757424841652981,-0.21329570532800227,-6.862032355398423
8054054054.054054,0.975463370913552,-0.21578067831167158,-6.8778957951739255,0.007090057471434633,-42.98700488893171,-5.307729654562727,0.007090057471434633,-42.98700488893171,-5.307729654562727,0.975722624861316,-0.21347249119200273,-6.865496991316758
8060060060.0600605,0.9754447128183954,-0.2159468185381053,-6.881416949197218,0.007084717372097135,-42.99354940427085,-5.311155804882905,0.007084717372097135,-42.99354940427085,-5.311155804882905,0.9757028169333002,-0.21364882329573076,-6.868959995773018
8066066066.066067,0.9754261099641272,-0.21611247003818918,-6.88493626185011,0.007079408334723487,-43.00006074366813,-5.3145797881524794,0.007079408334723487,-43.00006074366813,-5.3145797881524794,0.975683060512593,-0.2138247004422192,-6.872421369171038
8072072072.072072,0.9754075624818539,-0.2162776316164106,-6.888453733580122,0.007074130332128678,-43.00653886214465,-5.318001606372396,0.007074130332128678,-43.00653886214465,-5.318001606372396,0.9756633557284845,-0.21400012145274788,-6.875881111913774
8078078078.078078,0.9753890705003079,-0.21644230209839432,-6.891969364833442,0.007068883337022647,-43.01298371521197,-5.321421261561536,0.007068883337022647,-43.01298371521197,-5.321421261561536,0.975643702708207,-0.21417508516689304,-6.8793392244035125
8084084084.084084,0.9753706341458632,-0.21660648033075974,-6.8954831560551515,0.007063667322019188,-43.01939525886333,-5.324838755756833,0.007063667322019188,-43.01939525886333,-5.324838755756833,0.9756241015769506,-0.2143495904423928,-6.882795707042048
8090090090.09009,0.9753522535425404,-0.21677016518108408,-6.898995107689447,0.007058482259644641,-43.025773449565115,-5.328254091013388,0.007058482259644641,-43.025773449565115,-5.328254091013388,0.9756045524578751,-0.21452363615504166,-6.88625056023087
8096096096.096096,0.9753339288120257,-0.21693335553773102,-6.90250522017987,0.007053328122346324,-43.032118244248636,-5.331667269404582,0.007053328122346324,-43.032118244248636,-5.331667269404582,0.9755850554721129,-0.21469722119867127,-6.889703784371358
8102102102.102102,0.9753156600736786,-0.2170960503097888,-6.906013493969512,0.007048204882500896,-43.03842960030182,-5.335078293022198,0.007048204882500896,-43.03842960030182,-5.335078293022198,0.9755656107387791,-0.21487034448505765,-6.893155379864945
8108108108.1081085,0.9752974474445465,-0.21725824842694053,-6.9095199295012435,0.007043112512422374,-43.044707475561324,-5.3384871639765334,0.007043112512422374,-43.044707475561324,-5.3384871639765334,0.9755462183749802,-0.21504300494384893,-6.896605347113317
8114114114.114115,0.9752792910393744,-0.21741994883937965,-6.913024527217912,0.007038050984370136,-43.05095182830466,-5.341893884396516,0.007038050984370136,-43.05095182830466,-5.341893884396516,0.9755268784958198,-0.21521520152251766,-6.9000536865185715
8120120120.12012,0.9752611909706154,-0.21758115051772137,-6.916527287562564,0.007033020270556551,-43.05716261724256,-5.34529845642982,0.007033020270556551,-43.05716261724256,-5.34529845642982,0.9755075912144126,-0.21538693318623517,-6.903500398483408
8126126126.126126,0.975243147348445,-0.21774185245287575,-6.920028210978642,0.007028020343154618,-43.06333980151149,-5.348700882242981,0.007028020343154618,-43.06333980151149,-5.348700882242981,0.9754883566418858,-0.21555819891786468,-6.906945483411289
8132132132.132132,0.9752251602807722,-0.21790205365595225,-6.923527297910184,0.007023051174305287,-43.06948334066635,-5.3521011640215095,0.007023051174305287,-43.06948334066635,-5.3521011640215095,0.9754691748873897,-0.21572899771786977,-6.910388941706609
8138138138.138138,0.9752072298732479,-0.21806175315818785,-6.927024548802036,0.007018112736124752,-43.07559319467316,-5.355499303970011,0.007018112736124752,-43.07559319467316,-5.355499303970011,0.9754500460581081,-0.21589932860421973,-6.913830773774871
8144144144.144144,0.9751893562292773,-0.21822095001083797,-6.930519964100037,0.007013205000711445,-43.081669323902176,-5.358895304312304,0.007013205000711445,-43.081669323902176,-5.358895304312304,0.97543097025926,-0.21606919061238195,-6.917270980022842
8150150150.15015,0.9751715394500312,-0.2183796432850768,-6.934013544251216,0.007008327940152956,-43.087711689120894,-5.362289167291519,0.007008327940152956,-43.087711689120894,-5.362289167291519,0.9754119475941151,-0.2162385827951797,-6.920709560858722
8156156156.156157,0.9751537796344576,-0.21853783207190083,-6.937505289703983,0.007003481526532749,-43.093720251487426,-5.365680895170228,0.007003481526532749,-43.093720251487426,-5.365680895170228,0.9753929781639915,-0.2164075042228223,-6.924146516692297
8162162162.162163,0.9751360768792885,-0.2186955154820659,-6.9409952009083264,0.00699866573193682,-43.09969497254371,-5.369070490230567,0.00699866573193682,-43.09969497254371,-5.369070490230567,0.9753740620682726,-0.21657595398275176,-6.927581847935112
8168168168.168168,0.9751184312790551,-0.21885269264595708,-6.9444832783159764,0.006993880528460036,-43.105635814209236,-5.372457954774323,0.006993880528460036,-43.105635814209236,-5.372457954774323,0.9753551994044108,-0.2167439311796125,-6.931015555000604
8174174174.174174,0.9751008429260947,-0.21900936271352756,-6.947969522380611,0.006989125888212526,-43.11154273877462,-5.375843291123079,0.006989125888212526,-43.11154273877462,-5.375843291123079,0.9753363902679293,-0.21691143493524062,-6.934447638304283
8180180180.18018,0.975083311910565,-0.21916552485417531,-6.95145393355802,0.006984401783325786,-43.11741570889535,-5.379226501618307,0.006984401783325786,-43.11741570889535,-5.379226501618307,0.9753176347524427,-0.21707846438847722,-6.9378780982638535
8186186186.186186,0.9750658383204475,-0.21932117825671377,-6.9549365123062925,0.006979708185958722,-43.123254687585835,-5.382607588621498,0.006979708185958722,-43.123254687585835,-5.382607588621498,0.9752989329496474,-0.2172450186952614,-6.941306935299391
8192192192.192192,0.9750484222415652,-0.21947632212921664,-6.958417259085983,0.006975045068303513,-43.12905963821335,-5.385986554514266,0.006975045068303513,-43.12905963821335,-5.385986554514266,0.975280284949342,-0.2174110970284475,-6.944734149833478
8198198198.198198,0.9750310637575861,-0.21963095569898966,-6.961896174360294,0.0069704124025913965,-43.134830524492216,-5.389363401698467,0.0069704124025913965,-43.134830524492216,-5.389363401698467,0.97526169083943,-0.2175766985777844,-6.948159742291343
8204204204.204205,0.9750137629500386,-0.219785078212434,-6.96537325859523,0.006965810161098274,-43.14056731047816,-5.392738132596314,0.006965810161098274,-43.14056731047816,-5.392738132596314,0.9752431507059203,-0.21774182254991264,-6.951583713101019
8210210210.210211,0.9749965198983153,-0.21993868893501706,-6.968848512259782,0.0069612383161502134,-43.14626996056263,-5.396110749650482,0.0069612383161502134,-43.14626996056263,-5.396110749650482,0.9752246646329484,-0.21790646816817577,-6.955006062693468
8216216216.216216,0.9749793346796883,-0.22009178715113387,-6.972321935826078,0.006956696840128853,-43.15193843946737,-5.3994812553242415,0.006956696840128853,-43.15193843946737,-5.3994812553242415,0.975206232702767,-0.21807063467271204,-6.9584267915027365
8222222222.222222,0.9749622073693158,-0.22024437216405685,-6.975793529769552,0.006952185705476659,-43.157572712239016,-5.402849652101555,0.006952185705476659,-43.157572712239016,-5.402849652101555,0.9751878549957653,-0.21823432132027565,-6.9618458999660815
8228228228.228229,0.974945138040252,-0.22039644329584412,-6.979263294569102,0.0069477048847020485,-43.16317274424385,-5.406215942487192,0.0069477048847020485,-43.16317274424385,-5.406215942487192,0.9751695315904688,-0.21839752738424964,-6.965263388524107
8234234234.234234,0.9749281267634519,-0.22054799988729967,-6.982731230707249,0.006943254350384461,-43.16873850116265,-5.409580129006857,0.006943254350384461,-43.16873850116265,-5.409580129006857,0.9751512625635469,-0.21856025215457353,-6.968679257620907
8240240240.24024,0.9749111736077942,-0.2206990412977737,-6.9861973386702845,0.006938834075179248,-43.17426994898562,-5.412942214207285,0.006938834075179248,-43.17426994898562,-5.412942214207285,0.975133047989819,-0.21872249493769297,-6.972093507704184
8246246246.246246,0.9748942786400729,-0.22084956690523902,-6.989661618948434,0.0069344440318225625,-43.17976705400739,-5.416302200656375,0.0069344440318225625,-43.17976705400739,-5.416302200656375,0.975114887942266,-0.21888425505646175,-6.975506139225388
8252252252.252253,0.9748774419250165,-0.22099957610612062,-6.993124072035998,0.006930084193135974,-43.18522978282229,-5.419660090943281,0.006930084193135974,-43.18522978282229,-5.419660090943281,0.9750967824920305,-0.21904553185013675,-6.978917152639843
8258258258.258259,0.9748606635252972,-0.2211490683152137,-6.996584698431503,0.006925754532031205,-43.1906581023194,-5.423015887678548,0.006925754532031205,-43.1906581023194,-5.423015887678548,0.9750787317084243,-0.21920632467431755,-6.982326548406869
8264264264.264265,0.974843943501537,-0.2212980429656371,-7.000043498637846,0.006921455021514473,-43.19605197967811,-5.426369593494201,0.006921455021514473,-43.19605197967811,-5.426369593494201,0.975060735658938,-0.2193666329008613,-6.985734326989906
8270270270.27027,0.9748272819123178,-0.22144649950874024,-7.003500473162442,0.006917185634691108,-43.20141138236336,-5.429721211043888,0.006917185634691108,-43.20141138236336,-5.429721211043888,0.9750427944092421,-0.21952645591787467,-6.989140488856648
8276276276.276277,0.9748106788141843,-0.2215944374140812,-7.0069556225173635,0.006912946344769683,-43.20673627812128,-5.4330707430029666,0.006912946344769683,-43.20673627812128,-5.4330707430029666,0.9750249080232006,-0.21968579312959385,-6.992545034479148
8282282282.282282,0.9747941342616633,-0.22174185616925463,-7.010408947219471,0.006908737125066434,-43.21202663497467,-5.436418192068634,0.006908737125066434,-43.21202663497467,-5.436418192068634,0.9750070765628652,-0.21984464395643918,-6.995947964333947
8288288288.288288,0.9747776483072675,-0.22188875527986265,-7.013860447790559,0.006904557949009203,-43.21728242121887,-5.439763560960027,0.006904557949009203,-43.21728242121887,-5.439763560960027,0.9749893000884967,-0.2200030078348257,-6.999349278902185
8294294294.294294,0.9747612210014973,-0.22203513426950028,-7.017310124757493,0.006900408790141664,-43.222503605417344,-5.443106852418355,0.006900408790141664,-43.222503605417344,-5.443106852418355,0.9749715786585551,-0.2201608842172531,-7.002748978669725
8300300300.300301,0.9747448523928584,-0.22218099267959743,-7.020757978652336,0.006896289622127161,-43.22769015639767,-5.44644806920699,0.006896289622127161,-43.22769015639767,-5.44644806920699,0.9749539123297171,-0.22031827257215214,-7.006147064127259
8306306306.306307,0.9747285425278681,-0.22232633006936575,-7.024204010012476,0.006892200418752661,-43.23284204324743,-5.449787214111594,0.006892200418752661,-43.23284204324743,-5.449787214111594,0.9749363011568795,-0.22047517238385483,-7.0095435357704226
8312312312.312312,0.9747122914510581,-0.22247114601577922,-7.027648219380762,0.00688814115393253,-43.23795923531022,-5.453124289940228,0.00688814115393253,-43.23795923531022,-5.453124289940228,0.9749187451931591,-0.22063158315259812,-7.012938394099905
8318318318.318318,0.9746960992049917,-0.22261544011341688,-7.031090607305627,0.00688411180171227,-43.24304170218174,-5.456459299523469,0.00688411180171227,-43.24304170218174,-5.456459299523469,0.9749012444899069,-0.22078750439440079,-7.016331639621561
8324324324.324325,0.9746799658302624,-0.22275921197448023,-7.034531174341214,0.006880112336272111,-43.24808941370605,-5.459792245714515,0.006880112336272111,-43.24808941370605,-5.459792245714515,0.9748837990967061,-0.2209429356410783,-7.019723272846517
8330330330.330331,0.9746638913655057,-0.2229024612286901,-7.037969921047495,0.0068761427319306455,-43.25310233997164,-5.463123131389304,0.0068761427319306455,-43.25310233997164,-5.463123131389304,0.9748664090613848,-0.22109787644013545,-7.023113294291273
8336336336.336336,0.9746478758474126,-0.2230451875231655,-7.0414068479903955,0.006872202963148304,-43.258080451307876,-5.466451959446629,0.006872202963148304,-43.258080451307876,-5.466451959446629,0.9748490744300135,-0.22125232635478886,-7.02650170447781
8342342342.342342,0.9746319193107283,-0.22318739052244024,-7.0448419557419095,0.006868293004530747,-43.26302371828136,-5.469778732808247,0.006868293004530747,-43.26302371828136,-5.469778732808247,0.9748317952469217,-0.2214062849638202,-7.0298885039336945
8348348348.348349,0.9746160217882656,-0.2233290699083429,-7.048275244880222,0.006864412830832201,-43.267932111692396,-5.473103454418987,0.006864412830832201,-43.267932111692396,-5.473103454418987,0.9748145715546916,-0.22155975186163424,-7.033273693192178
8354354354.354355,0.9746001833109117,-0.22347022537993586,-7.051706715989815,0.006860562416958844,-43.27280560257138,-5.476426127246877,0.006860562416958844,-43.27280560257138,-5.476426127246877,0.9747974033941711,-0.22171272665814767,-7.03665727279229
8360360360.36036,0.9745844039076318,-0.22361085665349045,-7.0551363696615885,0.0068567417379718845,-43.277644162175605,-5.479746754283241,0.0068567417379718845,-43.277644162175605,-5.479746754283241,0.9747802908044749,-0.22186520897877382,-7.040039243278948
8366366366.366366,0.9745686836054859,-0.2237509634623339,-7.058564206492967,0.006852950769090816,-43.28244776198567,-5.4830653385428265,0.006852950769090816,-43.28244776198567,-5.4830653385428265,0.9747632338229963,-0.2220171984643264,-7.043419605203045
8372372372.372373,0.9745530224296248,-0.2238905455568877,-7.061990227088012,0.006849189485696441,-43.2872163737024,-5.486381883063909,0.006849189485696441,-43.2872163737024,-5.486381883063909,0.974746232485403,-0.22216869477105455,-7.04679835912155
8378378378.378379,0.9745374204033073,-0.22402960270451855,-7.065414432057528,0.0068454578633339175,-43.291949969243475,-5.4896963909084056,0.0068454578633339175,-43.291949969243475,-5.4896963909084056,0.9747292868256522,-0.22231969757051095,-7.050175505597595
8384384384.384384,0.974521877547903,-0.2241681346895092,-7.068836822019164,0.006841755877715754,-43.296648520740305,-5.493008865161992,0.006841755877715754,-43.296648520740305,-5.493008865161992,0.9747123968759869,-0.22247020654958488,-7.053551045200576
8390390390.39039,0.9745063938828985,-0.22430614131301066,-7.072257397597529,0.006838083504724633,-43.301312000534935,-5.496319308934215,0.006838083504724633,-43.301312000534935,-5.496319308934215,0.9746955626669488,-0.22262022141039095,-7.056924978506238
8396396396.396397,0.9744909694259091,-0.22444362239293641,-7.075676159424278,0.006834440720416348,-43.30594038117698,-5.4996277253585975,0.006834440720416348,-43.30594038117698,-5.4996277253585975,0.9746787842273766,-0.2227697418702846,-7.0602973060967615
8402402402.402403,0.9744756041926812,-0.22458057776394147,-7.079093108138227,0.006830827501022531,-43.310533635420605,-5.502934117592766,0.006830827501022531,-43.310533635420605,-5.502934117592766,0.9746620615844191,-0.22291876766174756,-7.063668028560859
8408408408.408408,0.9744602981970999,-0.22471700727735916,-7.082508244385451,0.006827243822953429,-43.31509173622159,-5.506238488818557,0.006827243822953429,-43.31509173622159,-5.506238488818557,0.9746453947635307,-0.22306729853242807,-7.067037146493856
8414414414.414414,0.9744450514512052,-0.22485291080105527,-7.085921568819367,0.006823689662800515,-43.31961465673453,-5.509540842242124,0.006823689662800515,-43.31961465673453,-5.509540842242124,0.9746287837884838,-0.22321533424503237,-7.070404660497778
8420420420.420421,0.9744298639651817,-0.2249882882195224,-7.089333082100845,0.006820164997339274,-43.324102370309774,-5.512841181094067,0.006820164997339274,-43.324102370309774,-5.512841181094067,0.9746122286813721,-0.22336287457729753,-7.0737705711814325
8426426426.426427,0.9744147357473839,-0.22512313943365658,-7.092742784898295,0.006816669803531553,-43.32855485049094,-5.516139508629525,0.006816669803531553,-43.32855485049094,-5.516139508629525,0.9745957294626107,-0.22350991932198985,-7.077134879160494
8432432432.432432,0.9743996668043304,-0.2252574643608082,-7.096150677887759,0.006813204058528334,-43.33297207101184,-5.519435828128313,0.006813204058528334,-43.33297207101184,-5.519435828128313,0.9745792861509512,-0.2236564682867756,-7.0804975850575795
8438438438.438438,0.9743846571407156,-0.2253912629346813,-7.099556761753006,0.006809767739672017,-43.33735400579411,-5.522730142895018,0.006809767739672017,-43.33735400579411,-5.522730142895018,0.9745628987634748,-0.22380252129427972,-7.0838586895023425
8444444444.444445,0.9743697067594164,-0.22552453510527468,-7.1029610371856196,0.006806360824498971,-43.34170062894436,-5.526022456259124,0.006806360824498971,-43.34170062894436,-5.526022456259124,0.974546567315606,-0.2239480781819667,-7.087218193131535
8450450450.450451,0.9743548156615006,-0.22565728083880465,-7.10636350488508,0.006802983290741871,-43.34601191475165,-5.529312771575117,0.006802983290741871,-43.34601191475165,-5.529312771575117,0.9745302918211118,-0.22409313880214846,-7.090576096589091
8456456456.456456,0.9743399838462248,-0.2257895001177324,-7.109764165558858,0.006799635116332066,-43.350287837684945,-5.532601092222606,0.006799635116332066,-43.350287837684945,-5.532601092222606,0.9745140722921112,-0.22423770302190493,-7.093932400526209
8462462462.462462,0.9743252113110604,-0.22592119294052554,-7.113163019922496,0.006796316279401894,-43.354528372390575,-5.535887421606441,0.006796316279401894,-43.354528372390575,-5.535887421606441,0.9744979087390757,-0.2243817707230732,-7.0972871056014215
8468468468.468469,0.9743104980516755,-0.22605235932182743,-7.1165600686996875,0.006793026758286861,-43.358733493689826,-5.539171763156816,0.006793026758286861,-43.358733493689826,-5.539171763156816,0.974481801170835,-0.22452534180220532,-7.100640212480663
8474474474.474475,0.9742958440619568,-0.22618299929225683,-7.11995531262237,0.006789766531527971,-43.36290317657646,-5.542454120329392,0.006789766531527971,-43.36290317657646,-5.542454120329392,0.974465749594585,-0.2246684161704955,-7.103991721837353
8480480480.48048,0.9742812493340179,-0.22631311289834044,-7.123348752430792,0.006786535577873823,-43.36703739621437,-5.545734496605414,0.006786535577873823,-43.36703739621437,-5.545734496605414,0.974449754015886,-0.22481099375379493,-7.107341634352465
8486486486.486486,0.9742667138581969,-0.2264427002025341,-7.126740388873597,0.00678333387628273,-43.3711361279353,-5.549012895491817,0.00678333387628273,-43.3711361279353,-5.549012895491817,0.9744338144386759,-0.22495307449249863,-7.110689950714587
8492492492.492493,0.9742522376230642,-0.22657176128314957,-7.130130222707907,0.006780161405924912,-43.3751993472364,-5.552289320521352,0.006780161405924912,-43.3751993472364,-5.552289320521352,0.9744179308652643,-0.2250946583416007,-7.114036671620002
8498498498.498499,0.9742378206154367,-0.2267002962342379,-7.133518254699383,0.006777018146184453,-43.37922702977814,-5.555563775252691,0.006777018146184453,-43.37922702977814,-5.555563775252691,0.9744021032963465,-0.22523574527056514,-7.117381797772751
8504504504.504504,0.9742234628203773,-0.22682830516558755,-7.136904485622315,0.0067739040766613915,-43.38321915138195,-5.558836263270552,0.0067739040766613915,-43.38321915138195,-5.558836263270552,0.9743863317310038,-0.22537633526332895,-7.1207253298846975
8510510510.51051,0.9742091642211995,-0.22695578820268694,-7.140288916259689,0.0067708191771736715,-43.387175688028144,-5.56210678818581,0.0067708191771736715,-43.387175688028144,-5.56210678818581,0.9743706161667042,-0.22551642831829538,-7.1240672686755975
8516516516.516517,0.9741949247994813,-0.22708274548660273,-7.143671547403259,0.006767763427759138,-43.39109661585368,-5.56537535363562,0.006767763427759138,-43.39109661585368,-5.56537535363562,0.9743549565993157,-0.2256560244482173,-7.127407614873164
8522522522.522523,0.9741807445350626,-0.22720917717400263,-7.147052379853612,0.006764736808677413,-43.39498191115009,-5.5686419632835165,0.006764736808677413,-43.39498191115009,-5.5686419632835165,0.9743393530231027,-0.22579512368023014,-7.130746369213118
8528528528.528528,0.9741666234060573,-0.2273350834370496,-7.150431414420248,0.006761739300411776,-43.39883155036147,-5.57190662081955,0.006761739300411776,-43.39883155036147,-5.57190662081955,0.9743238054307345,-0.2259337260557766,-7.134083532439272
8534534534.534534,0.974152561388859,-0.22746046446335028,-7.153808651921637,0.0067587708836710685,-43.40264551008234,-5.575169329960394,0.0067587708836710685,-43.40264551008234,-5.575169329960394,0.9743083138132884,-0.2260718316305803,-7.13741910530357
8540540540.540541,0.9741385584581467,-0.22758532045590657,-7.1571840931852915,0.006755831539391501,-43.40642376705564,-5.5784300944494625,0.006755831539391501,-43.40642376705564,-5.5784300944494625,0.9742928781602519,-0.22620944047462876,-7.14075308856616
8546546546.546547,0.9741246145868847,-0.22770965163311774,-7.16055773904783,0.006752921248738391,-43.410166298170864,-5.581688918057029,0.006752921248738391,-43.410166298170864,-5.581688918057029,0.9742774984595329,-0.22634655267208087,-7.144085482995451
8552552552.552552,0.9741107297463347,-0.22783345822867315,-7.163929590355043,0.006750039993108018,-43.413873080461954,-5.584945804580342,0.006750039993108018,-43.413873080461954,-5.584945804580342,0.974262174697458,-0.2264831683212863,-7.147416289368165
8558558558.558558,0.9740969039060682,-0.22795674049144266,-7.167299647961946,0.006747187754129293,-43.41754409110551,-5.58820075784375,0.006747187754129293,-43.41754409110551,-5.58820075784375,0.9742469068587756,-0.22661928753475616,-7.1507455084694005
8564564564.564565,0.9740831370339559,-0.2280794986855704,-7.170667912732857,0.006744364513665486,-43.42117930741889,-5.59145378169881,0.006744364513665486,-43.42117930741889,-5.59145378169881,0.9742316949266684,-0.22675491043905321,-7.154073141092688
8570570570.570571,0.9740694290961844,-0.22820173309032932,-7.174034385541444,0.006741570253815883,-43.424778706858305,-5.5947048800244135,0.006741570253815883,-43.424778706858305,-5.5947048800244135,0.9742165388827502,-0.22689003717482348,-7.157399188040034
8576576576.576576,0.9740557800572651,-0.22832344400004262,-7.177399067270781,0.006738804956917476,-43.42834226701705,-5.597954056726897,0.006738804956917476,-43.42834226701705,-5.597954056726897,0.9742014387070699,-0.22702466789675851,-7.160723650121991
8582582582.582582,0.9740421898800262,-0.22844463172415339,-7.180761958813425,0.0067360686055465725,-43.43186996562367,-5.601201315740175,0.0067360686055465725,-43.43186996562367,-5.601201315740175,0.9741863943781235,-0.2271588027734917,-7.1640465281576935
8588588588.588589,0.974028658525636,-0.22856529658702,-7.184123061071449,0.0067333611825204,-43.435361780540205,-5.6044466610258485,0.0067333611825204,-43.435361780540205,-5.6044466610258485,0.9741714058728441,-0.2272924419876873,-7.1673678229749305
8594594594.594595,0.974015185953593,-0.2286854389280045,-7.187482374956511,0.006730682670898662,-43.438817689760484,-5.607690096573326,0.006730682670898662,-43.438817689760484,-5.607690096573326,0.9741564731666214,-0.22742558573586907,-7.17068753541017
8600600600.600601,0.9740017721217424,-0.2288050591013267,-7.190839901389905,0.00672803305398512,-43.44223767140836,-5.610931626399945,0.00672803305398512,-43.44223767140836,-5.610931626399945,0.9741415962332954,-0.2275582342284727,-7.174005666308627
8606606606.606606,0.9739884169862757,-0.22892415747606795,-7.194195641302611,0.006725412315329095,-43.44562170373606,-5.614171254551097,0.006725412315329095,-43.44562170373606,-5.614171254551097,0.9741267750451624,-0.22769038768980138,-7.177322216524312
8612612612.612614,0.9739751205017353,-0.2290427344361305,-7.197549595635356,0.006722820438727021,-43.4489697651225,-5.617408985100344,0.006722820438727021,-43.4489697651225,-5.617408985100344,0.9741120095729817,-0.2278220463579591,-7.180637186920069
8618618618.618618,0.9739618826210268,-0.2291607903801301,-7.200901765338647,0.006720257408223862,-43.452281834071684,-5.6206448221495355,0.006720257408223862,-43.452281834071684,-5.6206448221495355,0.9740972997859774,-0.22795321048484002,-7.183950578367628
8624624624.624626,0.9739487032954177,-0.22927832572140694,-7.204252151372847,0.00671772320811464,-43.45555788921104,-5.623878769828944,0.00671772320811464,-43.45555788921104,-5.623878769828944,0.9740826456518427,-0.22808388033608853,-7.187262391747654
8630630630.63063,0.973935582474548,-0.22939534088793317,-7.20760075470819,0.006715217822945812,-43.45879790928994,-5.627110832297369,0.006715217822945812,-43.45879790928994,-5.627110832297369,0.9740680471367416,-0.22821405619108742,-7.190572627949784
8636636636.636637,0.9739225201064293,-0.22951183632232058,-7.210947576324862,0.006712741237516763,-43.462001873177975,-5.630341013742273,0.006712741237516763,-43.462001873177975,-5.630341013742273,0.974053504205317,-0.22834373834288432,-7.193881287872676
8642642642.642643,0.9739095161374561,-0.2296278124817203,-7.214292617213022,0.006710293436881174,-43.465169759863535,-5.633569318379904,0.006710293436881174,-43.465169759863535,-5.633569318379904,0.9740390168206916,-0.22847292709818678,-7.197188372424056
8648648648.64865,0.9738965705124107,-0.22974326983778093,-7.21763587837286,0.0067078744063483985,-43.468301548452246,-5.636795750455411,0.0067078744063483985,-43.468301548452246,-5.636795750455411,0.9740245849444703,-0.2286016227773393,-7.200493882520749
8654654654.654655,0.9738836831744611,-0.22985820887666805,-7.220977360814637,0.006705484131484812,-43.471397218165535,-5.640020314242968,0.006705484131484812,-43.471397218165535,-5.640020314242968,0.9740102085367491,-0.22872982571424583,-7.203797819088733
8660660660.66066,0.9738708540651767,-0.22997263009892133,-7.224317065558733,0.006703122598115225,-43.47445674833904,-5.643243014045913,0.006703122598115225,-43.47445674833904,-5.643243014045913,0.9739958875561145,-0.22885753625637667,-7.207100183063167
8666666666.666668,0.9738580831245267,-0.2300865340194759,-7.227654993635682,0.006700789792324117,-43.47748011842128,-5.646463854196853,0.006700789792324117,-43.47748011842128,-5.646463854196853,0.9739816219596441,-0.2289847547647633,-7.210400975388449
8672672672.672672,0.9738453702908865,-0.23019992116760066,-7.23099114608621,0.006698485700457031,-43.48046730797218,-5.649682839057796,0.006698485700457031,-43.48046730797218,-5.649682839057796,0.9739674117029207,-0.22911148161387232,-7.213700197018225
8678678678.678679,0.9738327155010437,-0.23031279208684638,-7.234325523961293,0.006696210309121828,-43.48341829666157,-5.652899973020289,0.006696210309121828,-43.48341829666157,-5.652899973020289,0.973953256740025,-0.22923771719167269,-7.216997848915465
8684684684.684685,0.973820118690204,-0.23042514733499483,-7.237658128322177,0.006693963605189987,-43.486333064267924,-5.6561152605055245,0.006693963605189987,-43.486333064267924,-5.6561152605055245,0.9739391570235457,-0.2293634618995463,-7.220293932052465
8690690690.690691,0.9738075797919942,-0.23053698748403362,-7.240988960240422,0.006691745575797806,-43.489211590677,-5.659328705964477,0.006691745575797806,-43.489211590677,-5.659328705964477,0.9739251125045815,-0.22948871615227187,-7.223588447410905
8696696696.696697,0.9737950987384667,-0.2306483131201122,-7.244318020797947,0.006689556208347736,-43.49205385588033,-5.662540313878032,0.006689556208347736,-43.49205385588033,-5.662540313878032,0.9739111231327413,-0.22961348037801987,-7.226881395981877
8702702702.702702,0.9737826754601087,-0.2307591248434661,-7.247645311087052,0.006687395490509602,-43.49485983997398,-5.665750088757109,0.006687395490509602,-43.49485983997398,-5.665750088757109,0.973897188856156,-0.22973775501825403,-7.230172778765915
8708708708.70871,0.973770309885842,-0.23086942326841373,-7.250970832210469,0.006685263410221712,-43.49762952315733,-5.668958035142792,0.006685263410221712,-43.49762952315733,-5.668958035142792,0.9738833096214693,-0.22986154052780744,-7.233462596773047
8714714714.714714,0.9737580019430322,-0.23097920902328037,-7.254294585281376,0.006683159955692217,-43.50036288573159,-5.672164157606453,0.006683159955692217,-43.50036288573159,-5.672164157606453,0.9738694853738552,-0.22998483737473363,-7.2367508510228
8720720720.720722,0.9737457515574899,-0.231088482750383,-7.257616571423457,0.00668108511540021,-43.50305990809865,-5.675368460749894,0.00668108511540021,-43.50305990809865,-5.675368460749894,0.9738557160570104,-0.2301076460403707,-7.240037542544257
8726726726.726727,0.973733558653477,-0.23119724510597725,-7.260936791770904,0.006679038878096884,-43.505720570759806,-5.678570949205454,0.006679038878096884,-43.505720570759806,-5.678570949205454,0.9738420016131658,-0.23022996701923987,-7.243322672376071
8732732732.732733,0.9737214231537122,-0.23130549676020853,-7.264255247468479,0.00667702123280677,-43.50834485431446,-5.681771627636168,0.00667702123280677,-43.50834485431446,-5.681771627636168,0.9738283419830831,-0.23035180081907897,-7.246606241566516
8738738738.738739,0.9737093449793777,-0.2314132383970538,-7.267571939671519,0.0066750321688288684,-43.510932739458895,-5.684970500735871,0.0066750321688288684,-43.510932739458895,-5.684970500735871,0.9738147371060608,-0.2304731479607865,-7.24988825117349
8744744744.744745,0.9736973240501172,-0.23152047071433512,-7.270886869545979,0.0066730716757377306,-43.513484206985154,-5.68816757322935,0.0066730716757377306,-43.513484206985154,-5.68816757322935,0.9738011869199406,-0.23059400897836785,-7.2531687022645706
8750750750.750751,0.9736853602840474,-0.23162719442362492,-7.274200038268461,0.006671139743384668,-43.515999237779724,-5.691362849872459,0.006671139743384668,-43.515999237779724,-5.691362849872459,0.9737876913611073,-0.23071438441893294,-7.256447595917021
8756756756.756756,0.9736734535977605,-0.23173341025021765,-7.277511447026236,0.0066692363618987794,-43.51847781282247,-5.694556335452262,0.0066692363618987794,-43.51847781282247,-5.694556335452262,0.9737742503644897,-0.23083427484269473,-7.259724933217837
8762762762.762764,0.9736616039063274,-0.2318391189331046,-7.2808210970172755,0.006667361521688174,-43.52091991318537,-5.697748034787167,0.006667361521688174,-43.52091991318537,-5.697748034787167,0.9737608638635714,-0.23095368082286796,-7.263000715263759
8768768768.768768,0.973649811123303,-0.23194432122492764,-7.284128989450274,0.006665515213440953,-43.523325520031406,-5.700937952727048,0.006665515213440953,-43.523325520031406,-5.700937952727048,0.973747531790386,-0.2310726029457153,-7.266274943161306
8774774774.774775,0.9736380751607323,-0.23204901789192212,-7.287435125544682,0.006663697428126384,-43.52569461461343,-5.704126094153397,0.006663697428126384,-43.52569461461343,-5.704126094153397,0.9737342540755269,-0.23119104181045863,-7.2695476180268015
8780780780.78078,0.9736263959291538,-0.2321532097138916,-7.290739506530718,0.006661908156995918,-43.52802717827306,-5.707312463979443,0.006661908156995918,-43.52802717827306,-5.707312463979443,0.9737210306481454,-0.23130899802930036,-7.272818740986392
8786786786.786787,0.9736147733376027,-0.23225689748417447,-7.2940421336494055,0.006660147391584235,-43.530323192439596,-5.710497067150291,0.006660147391584235,-43.530323192439596,-5.710497067150291,0.973707861435957,-0.23142647222736273,-7.276088313176078
8792792792.792793,0.9736032072936158,-0.2323600820096047,-7.297343008152588,0.006658415123710398,-43.532582638628824,-5.713679908643067,0.006658415123710398,-43.532582638628824,-5.713679908643067,0.9736947463652433,-0.23154346504267448,-7.279356335741733
8798798798.798798,0.9735916977032406,-0.23246276411042888,-7.3006421313029515,0.0066567113454787975,-43.53480549844204,-5.716860993467046,0.0066567113454787975,-43.53480549844204,-5.716860993467046,0.9736816853608532,-0.23165997712616124,-7.282622809839131
8804804804.804806,0.9735802444710312,-0.2325649446203433,-7.303939504374052,0.006655036049280249,-43.536991753564976,-5.720040326663793,0.006655036049280249,-43.536991753564976,-5.720040326663793,0.9736686783462123,-0.23177600914155905,-7.285887736633962
8810810810.81081,0.9735688475000611,-0.2326666243863804,-7.307235128650321,0.006653389227793029,-43.539141385766655,-5.7232179133072965,0.006653389227793029,-43.539141385766655,-5.7232179133072965,0.9736557252433186,-0.23189156176545644,-7.289151117301854
8816816816.816818,0.9735575066919199,-0.2327678042689395,-7.31052900542711,0.006651770873983814,-43.541254376898515,-5.726393758504116,0.006651770873983814,-43.541254376898515,-5.726393758504116,0.9736428259727492,-0.23200663568723248,-7.292412953028407
8822822822.822823,0.973546221946725,-0.23286848514167943,-7.313821136010683,0.006650180981108805,-43.54333070889322,-5.729567867393513,0.006650180981108805,-43.54333070889322,-5.729567867393513,0.9736299804536641,-0.23212123160902648,-7.295673245009189
8828828828.828829,0.9735349931631195,-0.23296866789154236,-7.317111521718256,0.006648619542714637,-43.545370363763816,-5.7327402451475935,0.006648619542714637,-43.545370363763816,-5.7327402451475935,0.9736171886038057,-0.23223535024573944,-7.298931994449779
8834834834.834835,0.9735238202382802,-0.2330683534186788,-7.3204001638779985,0.006647086552639484,-43.54737332360251,-5.735910896971459,0.006647086552639484,-43.54737332360251,-5.735910896971459,0.9736044503395063,-0.2323489923249713,-7.3021892025657715
8840840840.840841,0.9735127030679229,-0.23316754263640138,-7.323687063829059,0.006645582005013912,-43.54933957057994,-5.7390798281033275,0.006645582005013912,-43.54933957057994,-5.7390798281033275,0.9735917655756875,-0.2324621585870211,-7.305444870582798
8846846846.846848,0.9735016415462999,-0.23326623647120878,-7.326972222921581,0.0066441058942619795,-43.55126908694402,-5.742247043814695,0.0066441058942619795,-43.55126908694402,-5.742247043814695,0.9735791342258632,-0.23257484978486775,-7.308698999736549
8852852852.852852,0.97349063556621,-0.23336443586269578,-7.3302556425167165,0.006642658215102187,-43.553161855019,-5.745412549410468,0.006642658215102187,-43.553161855019,-5.745412549410468,0.9735665562021459,-0.23268706668410796,-7.3119515912727815
8858858858.85886,0.9734796850190037,-0.233462141763505,-7.333537323986642,0.006641238962548402,-43.555017857204625,-5.748576350229116,0.006641238962548402,-43.555017857204625,-5.748576350229116,0.9735540314152471,-0.2327988100629587,-7.3152026464473465
8864864864.864864,0.973468789794584,-0.233559355139326,-7.336817268714562,0.0066398481319108575,-43.556837075975075,-5.751738451642801,0.0066398481319108575,-43.556837075975075,-5.751738451642801,0.9735415597744772,-0.2329100807122525,-7.318452166526193
8870870870.87087,0.9734579497814086,-0.23365607696886675,-7.340095478094742,0.006638485718797154,-43.55861949387805,-5.754898859057546,0.006638485718797154,-43.55861949387805,-5.754898859057546,0.9735291411877555,-0.23302087943535374,-7.321700152785397
8876876876.876877,0.973447164866498,-0.23375230824379262,-7.343371953532505,0.006637151719113116,-43.56036509353395,-5.7580575779133545,0.006637151719113116,-43.56036509353395,-5.7580575779133545,0.9735167755616069,-0.23313120704818477,-7.3249466065111575
8882882882.882883,0.9734364349354407,-0.23384804996866768,-7.34664669644425,0.006635846129063817,-43.562073857634886,-5.761214613684381,0.006635846129063817,-43.562073857634886,-5.761214613684381,0.9735044628011652,-0.23324106437919945,-7.328191528999831
8888888888.88889,0.9734257598723907,-0.23394330316098977,-7.349919708257455,0.006634568945154485,-43.56374576894379,-5.764369971879063,0.006634568945154485,-43.56374576894379,-5.764369971879063,0.9734922028101818,-0.23335045226930518,-7.331434921557927
8894894894.894894,0.9734151395600761,-0.23403806885110245,-7.353190990410708,0.006633320164191451,-43.56538081029357,-5.767523658040275,0.006633320164191451,-43.56538081029357,-5.767523658040275,0.9734799954910179,-0.23345937157193078,-7.334676785502132
8900900900.900902,0.9734045738798013,-0.2341323480821841,-7.3564605443536895,0.006632099783283106,-43.56697896458619,-5.770675677745485,0.006632099783283106,-43.56697896458619,-5.770675677745485,0.9734678407446616,-0.2335678231528781,-7.3379171221593165
8906906906.906906,0.9733940627114523,-0.23422614191019575,-7.359728371547201,0.006630907799840767,-43.56854021479185,-5.773826036606888,0.006630907799840767,-43.56854021479185,-5.773826036606888,0.9734557384707131,-0.233675807890451,-7.341155932866548
8912912912.912914,0.9733836059335018,-0.23431945140383934,-7.362994473463167,0.006629744211579639,-43.57006454394814,-5.776974740271575,0.006629744211579639,-43.57006454394814,-5.776974740271575,0.9734436885674018,-0.23378332667530333,-7.344393218971109
8918918918.918919,0.9733732034230087,-0.23441227764455783,-7.36625885158464,0.006628609016519745,-43.57155193515916,-5.780121794421671,0.006628609016519745,-43.57155193515916,-5.780121794421671,0.9734316909315851,-0.23389038041045285,-7.347628981830482
8924924924.924925,0.9733628550556219,-0.23450462172650471,-7.369521507405817,0.006627502212986818,-43.5730023715947,-5.783267204774497,0.006627502212986818,-43.5730023715947,-5.783267204774497,0.9734197454587437,-0.2339969700113204,-7.350863222812396
8930930930.930931,0.9733525607055897,-0.23459648475645983,-7.372782442432034,0.006626423799613217,-43.57441583648941,-5.7864109770827215,0.006626423799613217,-43.57441583648941,-5.7864109770827215,0.973407852042995,-0.23410309640561094,-7.354095943294809
8936936936.936937,0.9733423202457587,-0.23468786785383816,-7.376041658179785,0.006625373775338804,-43.57579231314208,-5.789553117134509,0.006625373775338804,-43.57579231314208,-5.789553117134509,0.9733960105770896,-0.23420876053334683,-7.35732714466593
8942942942.942944,0.973332133547578,-0.2347787721506534,-7.379299156176714,0.006624352139411913,-43.57713178491469,-5.792693630753684,0.006624352139411913,-43.57713178491469,-5.792693630753684,0.973384220952414,-0.23431396334684318,-7.360556828324214
8948948948.948948,0.973322000481106,-0.23486919879145557,-7.382554937961627,0.006623358891390192,-43.57843423523174,-5.795832523799882,0.006623358891390192,-43.57843423523174,-5.795832523799882,0.973372483058994,-0.23441870581067528,-7.36378499567839
8954954954.954956,0.9733119209150063,-0.23495914893336953,-7.385809005084504,0.006622394031141487,-43.57969964757941,-5.798969802168708,0.006622394031141487,-43.57969964757941,-5.798969802168708,0.973360796785499,-0.2345229889016463,-7.367011648147448
8960960960.96096,0.9733018947165613,-0.2350486237459742,-7.389061359106484,0.006621457558844819,-43.58092800550479,-5.802105471791895,0.006621457558844819,-43.58092800550479,-5.802105471791895,0.97334916201924,-0.23462681360879833,-7.370236787160657
8966966966.966967,0.9732919217516695,-0.2351376244113235,-7.392312001599883,0.006620549474991148,-43.58211929261516,-5.805239538637465,0.006620549474991148,-43.58211929261516,-5.805239538637465,0.9733375786461771,-0.23473018093335116,-7.37346041415757
8972972972.972973,0.9732820018848495,-0.2352261521239134,-7.395560934148193,0.006619669780384366,-43.5832734925772,-5.808372008709884,0.006619669780384366,-43.5832734925772,-5.808372008709884,0.9733260465509187,-0.2348330918887054,-7.376682530588024
8978978978.97898,0.9732721349792438,-0.2353142080906474,-7.398808158346078,0.006618818476142132,-43.58439058911622,-5.811502888050226,0.006618818476142132,-43.58439058911622,-5.811502888050226,0.9733145656167232,-0.234935547500431,-7.379903137912159
8984984984.984985,0.9732623208966245,-0.23540179353078586,-7.402053675799386,0.006617995563696744,-43.585470566015516,-5.81463218273634,0.006617995563696744,-43.585470566015516,-5.81463218273634,0.9733031357255079,-0.23503754880618777,-7.3831222376004
8990990990.99099,0.9732525594973944,-0.23548890967593314,-7.4052974881251385,0.006617201044796037,-43.58651340711555,-5.817759898882998,0.006617201044796037,-43.58651340711555,-5.817759898882998,0.9732917567578384,-0.23513909685581508,-7.386339831133485
8996996996.996998,0.9732428506405894,-0.23557555777002273,-7.408539596951543,0.006616434921504229,-43.587519096313315,-5.82088604264208,0.006616434921504229,-43.587519096313315,-5.82088604264208,0.973280428592946,-0.2352401927111852,-7.389555920002458
9003003003.003002,0.9732331941838847,-0.23566173906925367,-7.411780003917976,0.006615697196202837,-43.588487617561555,-5.824010620202717,0.006615697196202837,-43.588487617561555,-5.824010620202717,0.9732691511087195,-0.2353408374462679,-7.392770505708663
9009009009.00901,0.973223589983596,-0.23574745484208565,-7.415018710675003,0.006614987871591545,-43.589418954868066,-5.827133637791477,0.006614987871591545,-43.589418954868066,-5.827133637791477,0.9732579241817102,-0.23544103214709294,-7.39598358976377
9015015015.015015,0.9732140378946831,-0.23583270636920703,-7.418255718884357,0.0066143069506889845,-43.59031309229512,-5.830255101672513,0.0066143069506889845,-43.59031309229512,-5.830255101672513,0.9732467476871361,-0.23554077791170858,-7.399195173689753
9021021021.02102,0.9732045377707552,-0.23591749494348152,-7.421491030218952,0.006613654436833694,-43.591170013958696,-5.833375018147749,0.006613654436833694,-43.591170013958696,-5.833375018147749,0.9732356214988859,-0.2356400758501489,-7.402405259018906
9027027027.027027,0.973195089464072,-0.23600182186994584,-7.424724646362871,0.006613030333684992,-43.59198970402775,-5.836493393557034,0.006613030333684992,-43.59198970402775,-5.836493393557034,0.973224545489511,-0.23573892708450045,-7.405613847293845
9033033033.033033,0.973185692825543,-0.23608568846580882,-7.427956569011373,0.006612434645223729,-43.59277214672371,-5.839610234278322,0.006612434645223729,-43.59277214672371,-5.839610234278322,0.9732135195302398,-0.2358373327487805,-7.4088209400675025
9039039039.03904,0.9731763477047429,-0.23616909606032033,-7.43118679987087,0.0066118673757532866,-43.59351732631965,-5.842725546727838,0.0066118673757532866,-43.59351732631965,-5.842725546727838,0.9732025434909741,-0.23593529398896668,-7.4120265389031275
9045045045.045044,0.9731670539498982,-0.2362520459948862,-7.434415340658953,0.006611328529900289,-43.59422522713985,-5.845839337360249,0.006611328529900289,-43.59422522713985,-5.845839337360249,0.9731916172402908,-0.23603281196298134,-7.4152306453742955
9051051051.051052,0.9731578114079057,-0.23633453962290454,-7.43764219310436,0.006610818112615617,-43.59489583355894,-5.848951612668845,0.006610818112615617,-43.59489583355894,-5.848951612668845,0.9731807406454457,-0.23612988784065786,-7.418433261064899
9057057057.057056,0.9731486199243246,-0.2364165783098361,-7.440867358946985,0.006610336129175137,-43.59552913000138,-5.852062379185703,0.006610336129175137,-43.59552913000138,-5.852062379185703,0.9731699135723741,-0.23622652280373593,-7.421634387569145
9063063063.063065,0.9731394793433851,-0.23649816343312652,-7.444090839937874,0.0066098825851805924,-43.596125100940945,-5.8551716434818735,0.0066098825851805924,-43.596125100940945,-5.8551716434818735,0.9731591358856976,-0.23632271804580285,-7.424834026491569
9069069069.069069,0.9731303895079892,-0.23657929638220052,-7.447312637839209,0.00660945748656052,-43.59668373089985,-5.858279412167544,0.00660945748656052,-43.59668373089985,-5.858279412167544,0.9731484074487163,-0.2364184747723573,-7.42803217944701
9075075075.075075,0.9731213502597139,-0.23665997855843388,-7.4505327544243105,0.00660906083957097,-43.59720500444845,-5.861385691892229,0.00660906083957097,-43.59720500444845,-5.861385691892229,0.973137728123421,-0.23651379420070812,-7.4312288480606306
9081081081.081081,0.9731123614388172,-0.23674021137509565,-7.4537511914776315,0.006608692650796485,-43.59768890620441,-5.8644904893449405,0.006608692650796485,-43.59768890620441,-5.8644904893449405,0.9731270977704907,-0.23660867755999127,-7.434424033967899
9087087087.087088,0.9731034228842335,-0.2368199962573929,-7.456967950794745,0.0066083529271508635,-43.5981354208323,-5.867593811254373,0.0066083529271508635,-43.5981354208323,-5.867593811254373,0.9731165162492924,-0.23670312609117183,-7.437617738814603
9093093093.093094,0.9730945344335868,-0.23689933464235022,-7.460183034182338,0.006608041675878048,-43.59854453304286,-5.870695664389083,0.006608041675878048,-43.59854453304286,-5.870695664389083,0.9731059834178869,-0.2367971410469964,-7.4408099642568235
9099099099.099098,0.9730856959231831,-0.23697822797888218,-7.463396443458202,0.006607758904552993,-43.59891622759253,-5.8737960555576665,0.006607758904552993,-43.59891622759253,-5.8737960555576665,0.9730954991330304,-0.23689072369197428,-7.44400071196095
9105105105.105106,0.9730769071880209,-0.23705667772769087,-7.466608180451233,0.0066075046210823975,-43.59925048928294,-5.876894991608953,0.0066075046210823975,-43.59925048928294,-5.876894991608953,0.9730850632501735,-0.23698387530238854,-7.447189983603672
9111111111.11111,0.9730681680617909,-0.23713468536127671,-7.469818247001412,0.006607278833705731,-43.59954730296018,-5.879992479432181,0.006607278833705731,-43.59954730296018,-5.879992479432181,0.9730746756234648,-0.23707659716626403,-7.450377780871971
9117117117.117117,0.9730594783768788,-0.2372122523639083,-7.473026644959803,0.006607081550995891,-43.59980665351449,-5.883088525957185,0.006607081550995891,-43.59980665351449,-5.883088525957185,0.9730643361057549,-0.23716889058333096,-7.453564105463117
9123123123.123123,0.9730508379643684,-0.23728938023159668,-7.476233376188534,0.006606912781860196,-43.60002852587952,-5.886183138154591,0.006606912781860196,-43.60002852587952,-5.886183138154591,0.9730540445485926,-0.23726075686505935,-7.456748959084669
9129129129.12913,0.9730422466540415,-0.23736607047209587,-7.4794384425608005,0.006606772535541099,-43.60021290503198,-5.889276323035988,0.006606772535541099,-43.60021290503198,-5.889276323035988,0.9730438008022327,-0.23735219733458682,-7.459932343454456
9135135135.135136,0.9730337042743873,-0.2374423246048165,-7.482641845960847,0.00660666082161716,-43.600359775990974,-5.892368087654138,0.00660666082161716,-43.600359775990974,-5.892368087654138,0.9730336047156357,-0.23744321332672733,-7.463114260300587
9141141141.14114,0.9730252106525984,-0.23751814416086428,-7.4858435882839505,0.006606577650003792,-43.60046912381759,-5.895458439103151,0.006606577650003792,-43.60046912381759,-5.895458439103151,0.973023456136465,-0.23753380618798908,-7.466294711361438
9147147147.147148,0.9730167656145756,-0.23759353068299494,-7.489043671436424,0.006606523030954109,-43.60054093361442,-5.898547384518686,0.006606523030954109,-43.60054093361442,-5.898547384518686,0.9730133549110981,-0.23762397727647938,-7.469473698385644
9153153153.153152,0.973008368984932,-0.23766848572557855,-7.4922420973355885,0.0066064969750598114,-43.60057519052498,-5.901634931078134,0.0066064969750598114,-43.60057519052498,-5.901634931078134,0.9730033008846165,-0.23771372796199164,-7.472651223132088
9159159159.15916,0.973000020586994,-0.23774301085459,-7.495438867909775,0.006606499493252009,-43.60057187973329,-5.9047210860008335,0.006606499493252009,-43.60057187973329,-5.9047210860008335,0.9729932939008202,-0.23780305962587842,-7.475827287369909
9165165165.165165,0.9729917202428014,-0.23781710764760505,-7.4986339850983,0.0066065305968020125,-43.600530986463404,-5.907805856548235,0.0066065305968020125,-43.600530986463404,-5.907805856548235,0.972983333802219,-0.2378919736611279,-7.479001892878472
9171171171.171171,0.9729834677731154,-0.23789077769373557,-7.501827450851464,0.006606590297322237,-43.60045249597896,-5.91088925002413,0.006606590297322237,-43.60045249597896,-5.91088925002413,0.9729734204300369,-0.23798047147232404,-7.4821750414473875
9177177177.177177,0.9729752629974173,-0.23796402259363203,-7.505019267130529,0.006606678606766995,-43.600336393582694,-5.91397127377483,0.006606678606766995,-43.600336393582694,-5.91397127377483,0.9729635536242174,-0.2380685544755988,-7.485346734876475
9183183183.183184,0.9729671057339112,-0.23803684395946656,-7.508209435907708,0.006606795537433383,-43.60018266461595,-5.91705193518937,0.006606795537433383,-43.60018266461595,-5.91705193518937,0.9729537332234214,-0.23815622409865306,-7.488516974975776
9189189189.18919,0.972958995799527,-0.2381092434149008,-7.511397959166155,0.00660694110196205,-43.5999912944584,-5.9201312416997185,0.00660694110196205,-43.5999912944584,-5.9201312416997185,0.9729439590650294,-0.23824348178073462,-7.491685763565532
9195195195.195194,0.9729509330099213,-0.23818122259508176,-7.514584838899944,0.006607115313338066,-43.599762268527485,-5.923209200780962,0.006607115313338066,-43.599762268527485,-5.923209200780962,0.9729342309851429,-0.23833032897262713,-7.4948531024761795
9201201201.201202,0.9729429171794822,-0.23825278314659376,-7.517770077114061,0.006607318184891773,-43.59949557227803,-5.9262858199515325,0.006607318184891773,-43.59949557227803,-5.9262858199515325,0.9729245488185866,-0.2384167671366283,-7.498018993548347
9207207207.207207,0.9729349481213304,-0.23832392672745326,-7.520953675824381,0.006607549730299638,-43.5991911912018,-5.92936110677339,0.006607549730299638,-43.5991911912018,-5.92936110677339,0.9729149123989101,-0.23850279774653682,-7.5011834386328315
9213213213.213213,0.9729270256473199,-0.23839465500709855,-7.524135637057661,0.006607809963584991,-43.59884911082724,-5.9324350688522465,0.006607809963584991,-43.59884911082724,-5.9324350688522465,0.9729053215583886,-0.23858842228764635,-7.504346439590597
9219219219.21922,0.9729191495680433,-0.23846496966634495,-7.527315962851519,0.006608098899118974,-43.59846931671892,-5.935507713837765,0.006608098899118974,-43.59846931671892,-5.935507713837765,0.9728957761280225,-0.23867364225674526,-7.507507998292766
9225225225.225225,0.9729113196928316,-0.2385348723973823,-7.530494655254422,0.006608416551621316,-43.59805179447723,-5.9385790494237725,0.006608416551621316,-43.59805179447723,-5.9385790494237725,0.9728862759375425,-0.23875845916207397,-7.510668116620607
9231231231.231232,0.972903535829755,-0.23860436490377368,-7.533671716325665,0.006608762936161163,-43.59759652973804,-5.941649083348469,0.006608762936161163,-43.59759652973804,-5.941649083348469,0.9728768208154102,-0.23884287452332092,-7.513826796465515
9237237237.237236,0.972895797785631,-0.2386734489003759,-7.536847148135353,0.006609138068157937,-43.597103508172296,-5.9447178233946385,0.006609138068157937,-43.597103508172296,-5.9447178233946385,0.9728674105888163,-0.23892688987163313,-7.5169840397290075
9243243243.243244,0.9728881053660182,-0.23874212611339843,-7.540020952764397,0.006609541963382176,-43.59657271548561,-5.9477852773898725,0.006609541963382176,-43.59657271548561,-5.9477852773898725,0.9728580450836837,-0.23901050674959534,-7.520139848322721
9249249249.249249,0.9728804583752264,-0.2388103982803139,-7.543193132304477,0.006609974637956285,-43.596004137418106,-5.950851453206771,0.006609974637956285,-43.596004137418106,-5.950851453206771,0.9728487241246723,-0.23909372671118034,-7.523294224168378
9255255255.255257,0.9728728566163112,-0.23887826714990232,-7.5463636888580465,0.006610436108355485,-43.59539775974389,-5.953916358763171,0.006610436108355485,-43.59539775974389,-5.953916358763171,0.9728394475351738,-0.2391765513217993,-7.5264471691977946
9261261261.261261,0.9728652998910816,-0.2389457344821844,-7.5495326245382905,0.006610926391408573,-43.5947535682708,-5.956980002022357,0.006610926391408573,-43.5947535682708,-5.956980002022357,0.972830215137317,-0.23925898215825392,-7.529598685352856
9267267267.267267,0.9728577880001013,-0.23901280204841208,-7.552699941469127,0.006611445504298769,-43.59407154884011,-5.96004239099329,0.006611445504298769,-43.59407154884011,-5.96004239099329,0.9728210267519701,-0.23934102080871464,-7.53274877458551
9273273273.273273,0.9728503207426856,-0.23907947163109,-7.555865641785183,0.0066119934645645405,-43.59335168732626,-5.963103533730818,0.0066119934645645405,-43.59335168732626,-5.963103533730818,0.9728118821987362,-0.23942266887276092,-7.535897438857753
9279279279.27928,0.9728428979169094,-0.2391457450239118,-7.559029727631768,0.0066125702901004375,-43.592593969636454,-5.966163438335907,0.0066125702901004375,-43.592593969636454,-5.966163438335907,0.9728027812959611,-0.23950392796130987,-7.5390446801416084
9285285285.285286,0.9728355193196067,-0.23921162403175567,-7.562192201164864,0.0066131759991579124,-43.59179838171052,-5.96922211295586,0.0066131759991579124,-43.59179838171052,-5.96922211295586,0.9727937238607318,-0.23958479969663368,-7.542190500419127
9291291291.29129,0.9728281847463709,-0.23927711047068684,-7.565353064551102,0.0066138106103462,-43.59096490952044,-5.97227956578455,0.0066138106103462,-43.59096490952044,-5.97227956578455,0.972784709708875,-0.2396652857123695,-7.54533490168236
9297297297.297298,0.9728208939915591,-0.23934220616791763,-7.568512319967748,0.006614474142633029,-43.59009353907035,-5.975335805062642,0.006614474142633029,-43.59009353907035,-5.975335805062642,0.9727757386549629,-0.23974538765346665,-7.548477885933357
9303303303.303303,0.9728136468482915,-0.23940691296181202,-7.571669969602671,0.00661516661534559,-43.58918425639607,-5.978390839077819,0.00661516661534559,-43.58918425639607,-5.978390839077819,0.9727668105123101,-0.2398251071762181,-7.55161945518414
9309309309.309309,0.9728064431084567,-0.23947123270183762,-7.574826015654335,0.006615888048171253,-43.58823704756493,-5.981444676165025,0.006615888048171253,-43.58823704756493,-5.981444676165025,0.9727579250929765,-0.2399044459482286,-7.554759611456691
9315315315.315315,0.9727992825627078,-0.23953516724859897,-7.577980460331775,0.006616638461158466,-43.587251898675596,-5.984497324706687,0.006616638461158466,-43.587251898675596,-5.984497324706687,0.9727490822077713,-0.23998340564838566,-7.557898356782948
9321321321.321321,0.9727921650004698,-0.23959871847377356,-7.581133305854571,0.006617417874717525,-43.58622879585777,-5.987548793132949,0.006617417874717525,-43.58622879585777,-5.987548793132949,0.9727402816662457,-0.24006198796691874,-7.561035693204775
9327327327.327328,0.9727850902099385,-0.23966188826012158,-7.584284554452836,0.006618226309621408,-43.58516772527207,-5.990599089921915,0.006618226309621408,-43.58516772527207,-5.990599089921915,0.9727315232767018,-0.240140194605322,-7.564171622773959
9333333333.333332,0.9727780579780813,-0.2397246785014753,-7.587434208367186,0.0066190637870066574,-43.58406867310969,-5.9936482235998785,0.0066190637870066574,-43.58406867310969,-5.9936482235998785,0.9727228068461917,-0.2402180272763606,-7.567306147552177
9339339339.33934,0.9727710680906394,-0.23978709110271904,-7.590582269848729,0.006619930328374113,-43.58293162559239,-5.99669620274157,0.006619930328374113,-43.58293162559239,-5.99669620274157,0.9727141321805161,-0.24029548770408762,-7.5704392696110085
9345345345.345345,0.9727641203321328,-0.23984912797974892,-7.593728741159026,0.006620825955589792,-43.58175656897217,-5.999743035970386,0.006620825955589792,-43.58175656897217,-5.999743035970386,0.9727054990842259,-0.2403725776238218,-7.573570991031885
9351351351.351353,0.9727572144858533,-0.239910791059529,-7.596873624570094,0.00662175069088569,-43.580543489531195,-6.002788731958645,0.00662175069088569,-43.580543489531195,-6.002788731958645,0.9726969073606246,-0.2404492987821327,-7.576701313906104
9357357357.357357,0.9727503503338772,-0.23997208227998082,-7.6000169223643566,0.006622704556860619,-43.5792923735816,-6.005833299427819,0.006622704556860619,-43.5792923735816,-6.005833299427819,0.9726883568117676,-0.24052565293684497,-7.57983024033479
9363363363.363363,0.972743527657057,-0.24003300359005825,-7.603158636834642,0.006623687576480968,-43.57800320746541,-6.00887674714879,0.006623687576480968,-43.57800320746541,-6.00887674714879,0.9726798472384646,-0.24060164185701294,-7.582957772428893
9369369369.36937,0.9727367462350283,-0.24009355694967965,-7.606298770284156,0.0066246997730815965,-43.576675977554295,-6.0119190839420895,0.0066246997730815965,-43.576675977554295,-6.0119190839420895,0.9726713784402782,-0.24067726732293754,-7.586083912309163
9375375375.375376,0.9727300058462095,-0.24015374432973638,-7.609437325026451,0.006625741170366592,-43.575310670249564,-6.014960318678154,0.006625741170366592,-43.575310670249564,-6.014960318678154,0.9726629502155253,-0.24075253112615172,-7.589208662106136
9381381381.381382,0.9727233062678035,-0.24021356771207547,-7.612574303385408,0.006626811792410128,-43.57390727198198,-6.018000460277572,0.006626811792410128,-43.57390727198198,-6.018000460277572,0.9726545623612791,-0.24082743506940196,-7.592332023960115
9387387387.387386,0.9727166472757984,-0.24027302908948914,-7.615709707695214,0.006627911663657222,-43.57246576921176,-6.021039517711335,0.006627911663657222,-43.57246576921176,-6.021039517711335,0.9726462146733691,-0.24090198096664922,-7.5954540000211495
9393393393.393394,0.9727100286449669,-0.24033213046572643,-7.618843540300346,0.006629040808924586,-43.570986148428375,-6.024077500001103,0.006629040808924586,-43.570986148428375,-6.024077500001103,0.9726379069463821,-0.24097617064305774,-7.598574592449029
9399399399.399399,0.9727034501488748,-0.24039087385541033,-7.621975803555525,0.006630199253401424,-43.56946839615057,-6.027114416219445,0.006630199253401424,-43.56946839615057,-6.027114416219445,0.9726296389736597,-0.24105000593501844,-7.601693803413247
9405405405.405407,0.9726969115598734,-0.24044926128410976,-7.625106499825723,0.006631387022650239,-43.56791249892629,-6.03015027549011,0.006631387022650239,-43.56791249892629,-6.03015027549011,0.9726214105473044,-0.2411234886900952,-7.604811635093004
9411411411.411411,0.9726904126491054,-0.2405072947882825,-7.6282356314861035,0.006632604142607622,-43.566318443332605,-6.033185086988281,0.006632604142607622,-43.566318443332605,-6.033185086988281,0.9726132214581751,-0.2411966207670632,-7.607928089677163
9417417417.417418,0.9726839531865036,-0.24056497641529065,-7.631363200922035,0.006633850639585121,-43.56468621597565,-6.036218859940843,0.006633850639585121,-43.56468621597565,-6.036218859940843,0.9726050714958923,-0.24126940403586117,-7.611043169364258
9423423423.423424,0.9726775329407965,-0.24062230822334665,-7.6344892105290345,0.006635126540269932,-43.56301580349075,-6.039251603626637,0.006635126540269932,-43.56301580349075,-6.039251603626637,0.9725969604488335,-0.24134184037763456,-7.614156876362454
9429429429.42943,0.9726711516795062,-0.2406792922815336,-7.63761366271276,0.006636431871725777,-43.56130719254226,-6.042283327376736,0.006636431871725777,-43.56130719254226,-6.042283327376736,0.9725888881041386,-0.24141393168468672,-7.617269212889545
9435435435.435436,0.9726648091689455,-0.2407359306698304,-7.640736559888982,0.006637766661393692,-43.559560369823636,-6.045314040574705,0.006637766661393692,-43.559560369823636,-6.045314040574705,0.9725808542477065,-0.2414856798605075,-7.620380181172914
9441441441.44144,0.9726585051742284,-0.24079222547901546,-7.643857904483552,0.006639130937092798,-43.55777532205745,-6.048343752656873,0.006639130937092798,-43.55777532205745,-6.048343752656873,0.9725728586641976,-0.24155708681975097,-7.623489783449534
9447447447.447449,0.9726522394592628,-0.24084817881073334,-7.646977698932394,0.006640524727021102,-43.55595203599543,-6.051372473112613,0.006640524727021102,-43.55595203599543,-6.051372473112613,0.9725649011370351,-0.2416281544882262,-7.626598021965938
9453453453.453453,0.9726460117867542,-0.24090379277746263,-7.650095945681455,0.006641948059756279,-43.55409049841854,-6.0544002114845945,0.006641948059756279,-43.55409049841854,-6.0544002114845945,0.972556981448402,-0.2416988848029189,-7.629704898978198
9459459459.45946,0.9726398219182092,-0.2409590695024818,-7.653212647186701,0.006643400964256489,-43.552190696136954,-6.057426977369085,0.006643400964256489,-43.552190696136954,-6.057426977369085,0.9725490993792449,-0.24176927971196033,-7.632810416751914
9465465465.465466,0.9726336696139314,-0.24101401111990436,-7.65632780591408,0.006644883469861112,-43.55025261599021,-6.060452780416205,0.006644883469861112,-43.55025261599021,-6.060452780416205,0.972541254709274,-0.24183934117462902,-7.6359145775621755
9471471471.471472,0.9726275546330265,-0.24106861977463576,-7.659441424339496,0.006646395606291573,-43.54827624484728,-6.063477630330223,0.006646395606291573,-43.54827624484728,-6.063477630330223,0.9725334472169588,-0.24190907116138294,-7.639017383693572
9477477477.477478,0.9726214767334014,-0.24112289762238087,-7.662553504948788,0.006647937403652095,-43.54626156960667,-6.066501536869826,0.006647937403652095,-43.54626156960667,-6.066501536869826,0.9725256766795363,-0.24197847165379116,-7.642118837440133
9483483483.483482,0.9726154356717645,-0.24117684682963753,-7.665664050237699,0.0066495088924304535,-43.544208577196564,-6.069524509848409,0.0066495088924304535,-43.544208577196564,-6.069524509848409,0.9725179428730037,-0.24204754464459577,-7.645218941105341
9489489489.48949,0.9726094312036272,-0.241230469573685,-7.668773062711855,0.006651110103498795,-43.54211725457492,-6.072546559134364,0.006651110103498795,-43.54211725457492,-6.072546559134364,0.9725102455721235,-0.24211629213766991,-7.648317697002099
9495495495.495495,0.9726034630833057,-0.24128376804256893,-7.671880544886728,0.006652741068114375,-43.53998758872963,-6.075567694651352,0.006652741068114375,-43.53998758872963,-6.075567694651352,0.9725025845504228,-0.2421847161480176,-7.651415107452697
9501501501.501503,0.9725975310639198,-0.2413367444351085,-7.6749864992876216,0.006654401817920299,-43.53781956667875,-6.078587926378612,0.006654401817920299,-43.53781956667875,-6.078587926378612,0.9724949595801903,-0.24225281870180604,-7.654511174788812
9507507507.507507,0.9725916348973933,-0.24138940096089312,-7.678090928449635,0.006656092384946343,-43.53561317547056,-6.081607264351236,0.006656092384946343,-43.53561317547056,-6.081607264351236,0.9724873704324813,-0.24232060183631568,-7.657605901351468
9513513513.513514,0.9725857743344564,-0.24144173984026296,-7.681193834917643,0.006657812801609661,-43.533368402183854,-6.084625718660479,0.006657812801609661,-43.533368402183854,-6.084625718660479,0.9724798168771157,-0.24238806759996387,-7.660699289491032
9519519519.51952,0.9725799491246475,-0.24149376330428785,-7.684295221246259,0.006659563100715528,-43.53108523392816,-6.0876432994540375,0.006659563100715528,-43.53108523392816,-6.0876432994540375,0.9724722986826744,-0.24245521805233014,-7.66379134156718
9525525525.525526,0.9725741590163075,-0.2415454735948231,-7.687395089999819,0.00666134331545814,-43.52876365784387,-6.0906600169363605,0.00666134331545814,-43.52876365784387,-6.0906600169363605,0.9724648156165049,-0.24252205526410936,-7.666882059948874
9531531531.531532,0.9725684037565885,-0.24159687296442686,-7.690493443752346,0.00666315347942129,-43.526403661102606,-6.093675881368943,0.00666315347942129,-43.526403661102606,-6.093675881368943,0.9724573674447224,-0.2425885813171015,-7.669971447014346
9537537537.537537,0.9725626830914488,-0.24164796367640604,-7.6935902850875255,0.006664993626579136,-43.52400523090743,-6.0966909030706296,0.006664993626579136,-43.52400523090743,-6.0966909030706296,0.9724499539322023,-0.24265479830427875,-7.6730595051510795
9543543543.543545,0.9725569967656558,-0.2416987480047903,-7.696685616598677,0.006666863791296971,-43.521568354493056,-6.099705092417923,0.006666863791296971,-43.521568354493056,-6.099705092417923,0.9724425748425842,-0.2427207083297474,-7.676146236755782
9549549549.54955,0.9725513445227851,-0.24174922823433836,-7.699779440888722,0.006668764008331876,-43.51909301912628,-6.102718459845281,0.006668764008331876,-43.51909301912628,-6.102718459845281,0.9724352299382776,-0.24278631350869817,-7.679231644234356
9555555555.555555,0.9725457261052208,-0.24179940666053737,-7.702871760570171,0.006670694312833518,-43.516579212106166,-6.105731015845437,0.006670694312833518,-43.516579212106166,-6.105731015845437,0.9724279189804499,-0.24285161596751176,-7.682315730001886
9561561561.561562,0.9725401412541579,-0.24184928558957794,-7.705962578265073,0.006672654740344783,-43.51402692076448,-6.108742770969702,0.006672654740344783,-43.51402692076448,-6.108742770969702,0.9724206417290375,-0.24291661784366142,-7.685398496482618
9567567567.567568,0.9725345897096025,-0.24189886733835236,-7.709051896605001,0.006674645326802579,-43.51143613246592,-6.11175373582828,0.006674645326802579,-43.51143613246592,-6.11175373582828,0.9724133979427394,-0.24298132128576916,-7.688479946109926
9573573573.573574,0.972529071210366,-0.24194815423450788,-7.712139718231027,0.0066766661085384555,-43.508806834608635,-6.114763921090587,0.0066766661085384555,-43.508806834608635,-6.114763921090587,0.9724061873790176,-0.24304572845359956,-7.691560081326298
9579579579.579578,0.9725235854940768,-0.24199714861634103,-7.715226045793677,0.006678717122279413,-43.50613901462439,-6.117773337485565,0.006678717122279413,-43.50613901462439,-6.117773337485565,0.9723990097941021,-0.2431098415180186,-7.694638904583307
9585585585.585587,0.9725181322971694,-0.24204585283289215,-7.718310881952925,0.0066807984051484295,-43.503432659979275,-6.120781995802005,0.0066807984051484295,-43.503432659979275,-6.120781995802005,0.9723918649429808,-0.24317366266107973,-7.697716418341597
9591591591.59159,0.9725127113548901,-0.24209426924389768,-7.721394229378141,0.006682909994665321,-43.5006877581738,-6.123789906888864,0.006682909994665321,-43.5006877581738,-6.123789906888864,0.9723847525794096,-0.24323719407593625,-7.700792625070844
9597597597.597599,0.9725073224012988,-0.24214240021977151,-7.724476090748081,0.006685051928747301,-43.49790429674356,-6.126797081655598,0.006685051928747301,-43.49790429674356,-6.126797081655598,0.9723776724559058,-0.24330043796689854,-7.703867527249752
9603603603.603603,0.9725019651692639,-0.2421902481416482,-7.727556468750842,0.006687224245709747,-43.49508226325958,-6.129803531072476,0.006687224245709747,-43.49508226325958,-6.129803531072476,0.9723706243237498,-0.24336339654941877,-7.706941127366012
9609609609.60961,0.9724966393904659,-0.24223781540135478,-7.730635366083851,0.006689426984266784,-43.49222164532884,-6.132809266170928,0.006689426984266784,-43.49222164532884,-6.132809266170928,0.9723636079329858,-0.2434260720500837,-7.710013427916289
9615615615.615616,0.9724913447953986,-0.24228510440139742,-7.733712785453816,0.006691660183531957,-43.4893224305948,-6.13581429804386,0.006691660183531957,-43.4893224305948,-6.13581429804386,0.972356623032419,-0.2434884667066421,-7.713084431406196
9621621621.621622,0.9724860811133651,-0.2423321175549936,-7.7367887295767135,0.006693923883018966,-43.48638460673779,-6.138818637845994,0.006693923883018966,-43.48638460673779,-6.138818637845994,0.9723496693696154,-0.2435505827680014,-7.71615414035027
9627627627.627628,0.9724808480724817,-0.24237885728604272,-7.739863201177745,0.006696218122642197,-43.48340816147571,-6.141822296794207,0.006696218122642197,-43.48340816147571,-6.141822296794207,0.9723427466909067,-0.24361242249418882,-7.71922255727194
9633633633.633633,0.9724756453996755,-0.24242532602914285,-7.742936202991321,0.006698542942717427,-43.480393082564476,-6.144825286167866,0.006698542942717427,-43.480393082564476,-6.144825286167866,0.9723358547413833,-0.24367398815640945,-7.722289684703519
9639639639.63964,0.9724704728206853,-0.242471526229582,-7.746007737761021,0.006700898383962424,-43.477339357798655,-6.147827617309172,0.006700898383962424,-43.477339357798655,-6.147827617309172,0.9723289932648945,-0.24373528203704592,-7.725355525186167
9645645645.645645,0.9724653300600622,-0.2425174603433368,-7.749077808239566,0.006703284487497598,-43.474246975012,-6.150829301623501,0.006703284487497598,-43.474246975012,-6.150829301623501,0.9723221620040526,-0.2437963064296224,-7.72842008126987
9651651651.651651,0.972460216841168,-0.24256313083707984,-7.752146417188795,0.006705701294846521,-43.471115922078205,-6.153830350579755,0.006705701294846521,-43.471115922078205,-6.153830350579755,0.9723153607002277,-0.24385706363884896,-7.73148335551342
9657657657.657658,0.9724551328861756,-0.2426085401881814,-7.755213567379625,0.006708148847936693,-43.46794618691132,-6.156830775710703,0.006708148847936693,-43.46794618691132,-6.156830775710703,0.9723085890935522,-0.24391755598058146,-7.734545350484381
9663663663.663664,0.9724500779160696,-0.24265369088469882,-7.758279261592032,0.006710627189099941,-43.464737757466665,-6.159830588613341,0.006710627189099941,-43.464737757466665,-6.159830588613341,0.9723018469229129,-0.2439777857818927,-7.737606068759078
9669669669.66967,0.9724450516506443,-0.24269858542539902,-7.761343502615011,0.006713136361073154,-43.46149062174134,-6.162829800949239,0.006713136361073154,-43.46149062174134,-6.162829800949239,0.9722951339259581,-0.24403775538100675,-7.740665512922554
9675675675.675674,0.9724400538085081,-0.24274322631971432,-7.764406293246548,0.0067156764069987605,-43.45820476777501,-6.165828424444897,0.0067156764069987605,-43.45820476777501,-6.165828424444897,0.9722884498390914,-0.24409746712735797,-7.743723685568564
9681681681.681683,0.9724350841070749,-0.2427876160878193,-7.7674676362936,0.006718247370425334,-43.454880183650616,-6.168826470892114,0.006718247370425334,-43.454880183650616,-6.168826470892114,0.972281794397475,-0.24415692338155498,-7.746780589299542
9687687687.687687,0.9724301422625719,-0.242831757260565,-7.7705275345720475,0.006720849295308136,-43.451516857495136,-6.171823952148334,0.006720849295308136,-43.451516857495136,-6.171823952148334,0.972275167335026,-0.24421612651542024,-7.749836226726568
9693693693.693695,0.9724252279900362,-0.24287565237950215,-7.773585990906681,0.006723482226009663,-43.44811477748034,-6.174820880137024,0.006723482226009663,-43.44811477748034,-6.174820880137024,0.972268568384416,-0.24427507891198752,-7.752890600469362
9699699699.6997,0.9724203410033146,-0.24291930399688774,-7.776643008131156,0.006726146207300144,-43.44467393182362,-6.1778172668480265,0.006726146207300144,-43.44467393182362,-6.1778172668480265,0.9722619972770763,-0.24433378296546004,-7.755943713156234
9705705705.705706,0.9724154810150593,-0.24296271467572325,-7.779698589087975,0.0067288412843581015,-43.44119430878881,-6.180813124337945,0.0067288412843581015,-43.44119430878881,-6.180813124337945,0.9722554537431843,-0.24439224108132712,-7.758995567424087
9711711711.711712,0.9724106477367356,-0.2430058869896787,-7.782752736628446,0.006731567502770816,-43.43767589668701,-6.183808464730499,0.006731567502770816,-43.43767589668701,-6.183808464730499,0.9722489375116782,-0.24445045567623713,-7.762046165918366
9717717717.717718,0.9724058408786157,-0.24304882352315588,-7.785805453612664,0.00673432490853484,-43.43411868387751,-6.186803300216912,0.00673432490853484,-43.43411868387751,-6.186803300216912,0.972242448310244,-0.24450842917810794,-7.7650955112930475
9723723723.723724,0.9724010601497782,-0.24309152687128768,-7.788856742909465,0.006737113548056526,-43.430522658768574,-6.1897976430562816,0.006737113548056526,-43.430522658768574,-6.1897976430562816,0.9722359858653212,-0.24456616402608028,-7.768143606210614
9729729729.729729,0.9723963052581107,-0.24313399963991608,-7.791906607396408,0.006739933468152372,-43.42688780981855,-6.192791505575958,0.006739933468152372,-43.42688780981855,-6.192791505575958,0.972229549902099,-0.24462366267055097,-7.771190453342016
9735735735.735737,0.972391575910306,-0.24317624444562427,-7.794955049959744,0.006742784716049596,-43.42321412553666,-6.195784900171931,0.006742784716049596,-43.42321412553666,-6.195784900171931,0.9722231401445175,-0.24468092757315796,-7.774236055366664
9741741741.741741,0.9723868718118638,-0.24321826391572243,-7.798002073494374,0.006745667339386513,-43.419501594484046,-6.198777839309216,0.006745667339386513,-43.419501594484046,-6.198777839309216,0.9722167563152654,-0.24473796120680563,-7.777280414972388
9747747747.747747,0.9723821926670903,-0.24326006068825018,-7.801047680903825,0.006748581386213035,-43.41575020527469,-6.201770335522232,0.006748581386213035,-43.41575020527469,-6.201770335522232,0.9722103981357791,-0.24479476605566847,-7.7803235348554205
9753753753.753754,0.9723775381790933,-0.24330163741201893,-7.8040918751002275,0.006751526904990949,-43.41195994657663,-6.204762401415206,0.006751526904990949,-43.41195994657663,-6.204762401415206,0.9722040653262425,-0.24485134461519692,-7.783365417720366
9759759759.75976,0.972372908049788,-0.24334299674656368,-7.807134659004267,0.006754503944594444,-43.4081308071128,-6.207754049662555,0.006754503944594444,-43.4081308071128,-6.207754049662555,0.9721977576055844,-0.24490769939213478,-7.786406066280177
9765765765.765766,0.9723683019798921,-0.24338414136218153,-7.810176035545163,0.006757512554310469,-43.404262775662225,-6.21074529300929,0.006757512554310469,-43.404262775662225,-6.21074529300929,0.9721914746914814,-0.24496383290449708,-7.789445483256128
9771771771.771772,0.9723637196689262,-0.24342507393992907,-7.8132160076606425,0.006760552783839041,-43.40035584106112,-6.21373614427141,0.006760552783839041,-43.40035584106112,-6.21373614427141,0.9721852163003503,-0.24501974768163742,-7.7924836713777905
9777777777.777779,0.9723591608152099,-0.24346579717165878,-7.816254578296899,0.006763624683293656,-43.39640999220403,-6.216726616336304,0.006763624683293656,-43.39640999220403,-6.216726616336304,0.9721789821473534,-0.24507544626419794,-7.795520633383005
9783783783.783783,0.9723546251158698,-0.2435063137599452,-7.819291750408562,0.006766728303201584,-43.392425218045,-6.2197167221631595,0.006766728303201584,-43.392425218045,-6.2197167221631595,0.9721727719463941,-0.24513093120415275,-7.7985563720178535
9789789789.789791,0.9723501122668287,-0.24354662641818176,-7.82232752695868,0.006769863694504261,-43.3884015075987,-6.222706474783368,0.006769863694504261,-43.3884015075987,-6.222706474783368,0.9721665854101165,-0.24518620506480465,-7.801590890036639
9795795795.795795,0.9723456219628074,-0.24358673787056345,-7.825361910918667,0.0067730309085574595,-43.38433884994181,-6.225695887300929,0.0067730309085574595,-43.38433884994181,-6.225695887300929,0.9721604222499061,-0.24524127042078497,-7.804624190201849
9801801801.801802,0.9723411538973306,-0.24362665085203603,-7.828394905268288,0.0067762299971317426,-43.38023723421408,-6.228684972892879,0.0067762299971317426,-43.38023723421408,-6.228684972892879,0.9721542821758825,-0.24529612985811464,-7.807656275284145
9807807807.807808,0.9723367077627162,-0.24366636810838765,-7.8314265129956215,0.006779461012412586,-43.376096649619754,-6.231673744809688,0.006779461012412586,-43.376096649619754,-6.231673744809688,0.9721481648969061,-0.24535078597414656,-7.8106871480623195
9813813813.813814,0.9723322832500803,-0.24370589239620796,-7.83445673709703,0.0067827240070006825,-43.371917085428876,-6.234662216375693,0.0067827240070006825,-43.371917085428876,-6.234662216375693,0.9721420701205711,-0.24540524137762673,-7.813716811323278
9819819819.81982,0.9723278800493349,-0.24374522648290364,-7.837485580577123,0.006786019033912172,-43.36769853097855,-6.23765040098951,0.006786019033912172,-43.36769853097855,-6.23765040098951,0.9721359975532066,-0.24545949868868222,-7.8167452678620135
9825825825.825825,0.972323497849187,-0.2437843731467108,-7.840513046448735,0.00678934614657888,-43.36344097567439,-6.240638312124473,0.00678934614657888,-43.36344097567439,-6.240638312124473,0.9721299468998789,-0.24551356053880383,-7.8197725204815764
9831831831.831833,0.9723191363371355,-0.2438233351767195,-7.843539137732888,0.006792705398848433,-43.35914440899194,-6.243625963329044,0.006792705398848433,-43.35914440899194,-6.243625963329044,0.9721239178643797,-0.24556742957094935,-7.822798571993048
9837837837.837837,0.9723147951994738,-0.24386211537284952,-7.846563857458754,0.006796096844984504,-43.35480882047804,-6.246613368227251,0.006796096844984504,-43.35480882047804,-6.246613368227251,0.9721179101492358,-0.24562110843945767,-7.825823425215514
9843843843.843845,0.972310474121285,-0.24390071654589576,-7.849587208663641,0.006799520539666885,-43.35043419975243,-6.2496005405191335,0.006799520539666885,-43.35043419975243,-6.2496005405191335,0.9721119234557022,-0.24567459981010836,-7.828847082976045
9849849849.84985,0.9723061727864453,-0.24393914151749513,-7.852609194392944,0.006802976537991722,-43.34602053650907,-6.252587493981158,0.006802976537991722,-43.34602053650907,-6.252587493981158,0.9721059574837614,-0.2457279063601301,-7.831869548109658
9855855855.855856,0.9723018908776169,-0.24397739312018946,-7.85562981770012,0.006806464895471476,-43.34156782051791,-6.255574242466674,0.006806464895471476,-43.34156782051791,-6.255574242466674,0.9721000119321231,-0.24578103077820077,-7.834890823459295
9861861861.861862,0.9722976280762503,-0.24401547419740677,-7.8586490816466625,0.006809985668035138,-43.33707604162625,-6.258560799906352,0.006809985668035138,-43.33707604162625,-6.258560799906352,0.972094086498221,-0.24583397576447863,-7.837910911875798
9867867867.867868,0.9722933840625859,-0.24405338760344564,-7.861666989302054,0.006813538912028219,-43.332545189760495,-6.261547180308623,0.006813538912028219,-43.332545189760495,-6.261547180308623,0.9720881808782131,-0.2458867440305964,-7.84092981621788
9873873873.873875,0.9722891585156445,-0.24409113620355946,-7.864683543743755,0.006817124684212791,-43.32797525492776,-6.264533397760142,0.006817124684212791,-43.32797525492776,-6.264533397760142,0.9720822947669785,-0.24593933829969172,-7.843947539352101
9879879879.879879,0.9722849511132362,-0.24412872287387466,-7.867698748057151,0.006820743041767524,-43.323366227217505,-6.267519466426223,0.006820743041767524,-43.323366227217505,-6.267519466426223,0.9720764278581192,-0.24599176130638914,-7.84696408415283
9885885885.885887,0.9722807615319499,-0.2441661505014897,-7.8707126053355445,0.00682439404228764,-43.31871809680332,-6.270505400551311,0.00682439404228764,-43.31871809680332,-6.270505400551311,0.972070579843952,-0.2460440157968752,-7.84997945350224
9891891891.891891,0.9722765894471576,-0.24420342198442996,-7.873725118680091,0.006828077743784898,-43.314030853944644,-6.273491214459423,0.006828077743784898,-43.314030853944644,-6.273491214459423,0.9720647504155153,-0.24609610452883296,-7.852993650290253
9897897897.897898,0.9722724345330116,-0.24424054023167646,-7.876736291199807,0.00683179420468755,-43.30930448898854,-6.276476922554623,0.00683179420468755,-43.30930448898854,-6.276476922554623,0.9720589392625599,-0.2461480302715299,-7.856006677414537
9903903903.903904,0.9722682964624417,-0.2442775081631901,-7.879746126011507,0.006835543483840171,-43.30453899237156,-6.279462539321484,0.006835543483840171,-43.30453899237156,-6.279462539321484,0.9720531460735512,-0.24619979580579304,-7.8590185377804715
9909909909.90991,0.972264174907156,-0.2443143287099037,-7.88275462623978,0.006839325640503643,-43.299734354621584,-6.2824480793255475,0.006839325640503643,-43.299734354621584,-6.2824480793255475,0.9720473705356695,-0.2462514039240078,-7.862029234301108
9915915915.915916,0.9722600695376368,-0.24435100481375727,-7.885761795016972,0.006843140734354944,-43.294890566359705,-6.285433557213803,0.006843140734354944,-43.294890566359705,-6.285433557213803,0.9720416123348031,-0.2463028574301793,-7.865038769897157
9921921921.92192,0.9722559800231416,-0.24438753942768984,-7.888767635483126,0.0068469888254869766,-43.29000761830224,-6.288418987715163,0.0068469888254869766,-43.29000761830224,-6.288418987715163,0.9720358711555476,-0.24635415913994113,-7.868047147496961
9927927927.927929,0.9722519060317022,-0.24442393551564925,-7.891772150785981,0.0068508699744084115,-43.28508550126263,-6.291404385640932,0.0068508699744084115,-43.28508550126263,-6.291404385640932,0.9720301466812117,-0.24640531188049766,-7.871054370036459
9933933933.933933,0.9722478472301165,-0.24446019605266114,-7.8947753440809185,0.006854784242043377,-43.28012420615352,-6.29438976588529,0.006854784242043377,-43.28012420615352,-6.29438976588529,0.9720244385938034,-0.24645631849075295,-7.874060440459163
9939939939.939941,0.9722438032839575,-0.2444963240247505,-7.897777218530944,0.006858731689731302,-43.27512372398879,-6.297375143425787,0.006858731689731302,-43.27512372398879,-6.297375143425787,0.9720187465740375,-0.24650718182123987,-7.877065361716136
9945945945.945946,0.9722397738575628,-0.24453232242903755,-7.90077777730664,0.0068627123792265035,-43.27008404588568,-6.30036053332381,0.0068627123792265035,-43.27008404588568,-6.30036053332381,0.9720130703013308,-0.2465579047341661,-7.880069136765952
9951951951.951952,0.972235758614036,-0.24456819427371873,-7.903777023586153,0.006866726372697975,-43.265005163066874,-6.303345950725092,0.006866726372697975,-43.265005163066874,-6.303345950725092,0.9720074094537975,-0.24660849010345026,-7.883071768574682
9957957957.957958,0.9722317572152458,-0.24460394257808138,-7.90677496055515,0.006870773732728908,-43.25988706686282,-6.306331410860193,0.006870773732728908,-43.25988706686282,-6.306331410860193,0.9720017637082506,-0.246658940814714,-7.88607326011586
9963963963.963964,0.9722277693218241,-0.2446395703725165,-7.909771591406787,0.00687485452231643,-43.2547297487138,-6.309316929045005,0.00687485452231643,-43.2547297487138,-6.309316929045005,0.9719961327402004,-0.2467092597652949,-7.889073614370454
9969969969.96997,0.9722237945931625,-0.24467508069854987,-7.912766919341681,0.0068789688048710804,-43.2495332001723,-6.312302520681246,0.0068789688048710804,-43.2495332001723,-6.312302520681246,0.9719905162238508,-0.246759449864274,-7.892072834326844
9975975975.975975,0.9722198326874147,-0.24471047660882375,-7.915760947567877,0.006883116644216363,-43.24429741290536,-6.315288201256967,0.006883116644216363,-43.24429741290536,-6.315288201256967,0.9719849138320977,-0.24680951403249768,-7.895070922980791
9981981981.981983,0.9722158832614861,-0.24474576116718533,-7.918753679300815,0.006887298104588358,-43.239022378696745,-6.3182739863470605,0.006887298104588358,-43.239022378696745,-6.3182739863470605,0.9719793252365253,-0.2468594552026061,-7.898067883335412
9987987987.987988,0.9722119459710429,-0.24478093744860738,-7.921745117763299,0.006891513250634983,-43.23370808944964,-6.321259891613761,0.006891513250634983,-43.23370808944964,-6.321259891613761,0.9719737501074103,-0.24690927631899562,-7.901063718401144
9993993993.993994,0.9722080204705025,-0.2448160085392736,-7.924735266185468,0.006895762147415633,-43.22835453718887,-6.324245932807171,0.006895762147415633,-43.22835453718887,-6.324245932807171,0.9719681881137114,-0.246958980337913,-7.904058431195735
10000000000.0,0.9722041064130348,-0.24485097753656734,-7.927724127804762,0.0069000448604004715,-43.222961714063445,-6.327232125765774,0.0069000448604004715,-43.222961714063445,-6.327232125765774,0.9719626389230706,-0.24700857022744718,-7.907052024744194
