frequency_hz,s11_mag,s11_db,s11_phase_deg,s21_mag,s21_db,s21_phase_deg,s12_mag,s12_db,s12_phase_deg,s22_mag,s22_db,s22_phase_deg
4000000000.0,0.9743189456036286,-0.22597705048954386,-0.20431072800159852,0.13630613745829262,-17.309691774831172,1.3653211206347324,0.13630613745829262,-17.309691774831172,1.3653211206347324,0.9743739374712813,-0.22548682106683943,-0.1821283264787769
4006006006.0060062,0.9738791748924543,-0.2298984175086434,-0.21768835915080206,0.13824247130136996,-17.187170221991888,1.3519004738088358,0.13824247130136996,-17.187170221991888,1.3519004738088358,0.9739315891892268,-0.22943095444115466,-0.19551071950361146
4012012012.012012,0.9734298012035006,-0.23390724239026384,-0.2311710837818612,0.14020499527645658,-17.064730257721905,1.338374519765355,0.14020499527645658,-17.064730257721905,1.338374519765355,0.9734795557149182,-0.2334632954815627,-0.20900049945446175
4018018018.0180182,0.9729706213638774,-0.23800545922040836,-0.24476003088569998,0.14219389779253228,-16.9423808164141,1.3247421461286413,0.14219389779253228,-16.9423808164141,1.3247421461286413,0.9730176322917763,-0.2375857940648499,-0.22259885587411016
4024024024.024024,0.9725014302722813,-0.24219502556894673,-0.2584563300956365,0.1442093578823699,-16.820131138405053,1.3110022403273096,0.1442093578823699,-16.820131138405053,1.3110022403273096,0.9725456122412459,-0.24180042358956316,-0.23630698008264805
4030030030.0300303,0.9720220210836086,-0.24647792108841357,-0.27226111092118954,0.1462515445053697,-16.69799077614744,1.2971536903858316,0.1462515445053697,-16.69799077614744,1.2971536903858316,0.9720632871504492,-0.24610917955129025,-0.2501260644085413
4036036036.036036,0.9715321854116704,-0.250856145954083,-0.28617550194111707,0.14832061582316014,-16.575969600339317,1.2831953857574505,0.14832061582316014,-16.575969600339317,1.2831953857574505,0.9715704470781457,-0.25051407795740743,-0.264057301376906
4042042042.0420423,0.9710317135509463,-0.25533171913621344,-0.3002006299546863,0.1504167184477098,-16.45407780599587,1.269126218199392,0.1504167184477098,-16.45407780599587,1.269126218199392,0.9710668807799673,-0.2550171535718515,-0.2781018828538032
4048048048.048048,0.9705203947184055,-0.25990667649437493,-0.3143376190900347,0.1525399866617682,-16.33232591844796,1.2549450826915198,0.1525399866617682,-16.33232591844796,1.2549450826915198,0.9705523759539316,-0.2596204579800653,-0.2922609991452832
4054054054.0540543,0.9699980173163872,-0.2645830686840184,-0.32858758986859027,0.15469054161152224,-16.210724799251473,1.2406508783994346,0.15469054161152224,-16.210724799251473,1.2406508783994346,0.97002671950727,-0.26432605746383664,-0.30653583804999346
4060060060.06006,0.9694643692175609,-0.2693629588650582,-0.3429516582245991,0.1568684904714496,-16.08928565198986,1.2262425096829614,0.1568684904714496,-16.08928565198986,1.2262425096829614,0.9694896978455798,-0.2691360306758803,-0.3209275838641717
4066066066.0660663,0.9689192380730178,-0.2742484202018061,-0.35743093447877544,0.15907392558145095,-15.96802002795111,1.2117188871509907,0.15907392558145095,-15.96802002795111,1.2117188871509907,0.9689410971853498,-0.2740524661035099,-0.3354374163379359
4072072072.072072,0.9683624116445114,-0.27924153314380745,-0.3720265222652117,0.161306923556419,-15.84693983166066,1.1970789287634886,0.161306923556419,-15.84693983166066,1.1970789287634886,0.9683807038909152,-0.2790774593105499,-0.35006650958175417
4078078078.0780783,0.9677936781619011,-0.28434438247658156,-0.38673951741073503,0.1635675443685522,-15.726057326248801,1.1823215609814803,0.1635675443685522,-15.726057326248801,1.1823215609814803,0.9678083048368704,-0.28421310994671883,-0.3648160309221327
4084084084.084084,0.9672128267068214,-0.2895590541314581,-0.4015710067659763,0.1658558304028134,-15.605385138631625,1.1674457199656767,0.1658558304028134,-15.605385138631625,1.1674457199656767,0.9672236877969957,-0.28946151851331087,-0.37968713970557316
4090090090.0900903,0.9666196476236105,-0.2948876317433856,-0.4165220669874926,0.16817180548607433,-15.48493626448305,1.152450352824401,0.16817180548607433,-15.48493626448305,1.152450352824401,0.9666266418607216,-0.29482478287412395,-0.3946809860499222
4096096096.096096,0.9660139329584971,-0.30033219294573543,-0.4315937632703888,0.1705154738906418,-15.364724072973655,1.1373344189112664,0.1705154738906418,-15.364724072973655,1.1373344189112664,0.9660169578781367,-0.30030499450053694,-0.4097987095423763
4102102102.1021023,0.9653954769280149,-0.3058948053912031,-0.44678714803103775,0.17288681931298647,-15.244762311252497,1.122096891173002,0.17288681931298647,-15.244762311252497,1.122096891173002,0.9653944289345251,-0.3059042344396624,-0.42504143788347104
4108108108.108108,0.9647640764176082,-0.31157752248775383,-0.46210325953947023,0.1752858038286794,-15.125065108645785,1.1067367575477522,0.1752858038286794,-15.125065108645785,1.1067367575477522,0.9647588508553927,-0.3116245689944931,-0.44041028547647854
4114114114.1141143,0.9641195315113186,-0.317382378839032,-0.4775431205013916,0.17771236682471023,-15.00564698054561,1.091253022413848,0.17771236682471023,-15.00564698054561,1.091253022413848,0.9641100227428655,-0.3174680451054739,-0.45590635196184154
4120120120.12012,0.9634616460533959,-0.32331138537882786,-0.49310773658959706,0.18016642391053245,-14.8865228319614,1.0756447080891944,0.18016642391053245,-14.8865228319614,1.0756447080891944,0.9634477475443313,-0.3234366854227971,-0.47153072069628166
4126126126.1261263,0.9627902282426366,-0.3293665241893733,-0.5087980949250479,0.1826478658093866,-14.767707960705325,1.0599108563809176,0.1826478658093866,-14.767707960705325,1.0599108563809176,0.9627718326540958,-0.32953248305940097,-0.4872844571765099
4132132132.132132,0.9621050912601413,-0.335549742993977,-0.5246151625077209,0.18515655723164878,-14.64921806018223,1.0440505301850667,0.18515655723164878,-14.64921806018223,1.0440505301850667,0.9620820905487818,-0.33575739601481,-0.5031686074074901
4138138138.1381383,0.9614060539311303,-0.3418629493147828,-0.5405598845978303,0.18769233573217572,-14.531069221753397,1.0280628151356832,0.18769233573217572,-14.531069221753397,1.0280628151356832,0.961378339457071,-0.3421133412608595,-0.5191841962155432
4144144144.144144,0.9606929414213334,-0.34830800428727965,-0.5566331830479058,0.19025501055381902,-14.413277936643683,1.0119468213026117,0.19025501055381902,-14.413277936643683,1.0119468213026117,0.9606604040643257,-0.34860218848070174,-0.535332225506567
4150150150.1501503,0.9599655859683727,-0.3548867161238561,-0.5728359545866922,0.1928443614595429,-14.295861097359456,0.995701684936994,0.1928443614595429,-14.295861097359456,0.995701684936994,0.9599281162524922,-0.3552257534534461,-0.5516136724700735
4156156156.156156,0.9592238276484027,-0.36160083321982445,-0.5891690690558299,0.19546013755579036,-14.178835998585566,0.9793265702633231,0.19546013755579036,-14.178835998585566,0.9793265702633231,0.9591813158755585,-0.3619857910777098,-0.5680294877297454
4162162162.1621623,0.9584675151781813,-0.3684520368959583,-0.6056333676006717,0.19810205611001575,-14.0622203375279,0.962820671316565,0.19810205611001575,-14.0622203375279,0.962820671316565,0.9584198515706966,-0.3688839880284353,-0.5845805934416346
4168168168.168168,0.9576965067525254,-0.37544193377329554,-0.6222296608167237,0.2007698013655427,-13.946032213668374,0.9461832138227353,0.2007698013655427,-13.946032213668374,0.9461832138227353,0.9576435816050728,-0.3759219550423775,-0.6012678813412315
4174174174.1741743,0.9569106709169651,-0.3825720477770598,-0.6389587268535117,0.20346302335716718,-13.83029012789889,0.9294134571208815,0.20346302335716718,-13.83029012789889,0.9294134571208815,0.9568523747580934,-0.38310121882943665,-0.6180922107409714
4180180180.18018,0.9561098874752201,-0.3898438117680214,-0.6558213094779033,0.20618133673120145,-13.715012981000147,0.91251069612437,0.20618133673120145,-13.715012981000147,0.91251069612437,0.9560461112387079,-0.3904232136080954,-0.6350544064799578
4186186186.1861863,0.9552940484308979,-0.39725855880146543,-0.6728181160992304,0.20892431957390903,-13.600220071431913,0.8954742633188262,0.20892431957390903,-13.600220071431913,0.8954742633188262,0.9552246836371419,-0.3978892722652848,-0.6521552568280508
4192192192.192192,0.9544630589625916,-0.40481751301579555,-0.689949815758824,0.2116915122525619,-13.485931092400962,0.8783035307939899,0.2116915122525619,-13.485931092400962,0.8783035307939899,0.9543879979102248,-0.40550061714271457,-0.6693955113466739
4198198198.1981983,0.9536168384313213,-0.4125217801547254,-0.7072170370868351,0.21448241627361345,-13.372166128173609,0.8609979123063608,0.21448241627361345,-13.372166128173609,0.8609979123063608,0.9535359743992052,-0.4132583504540161,-0.686775878709024
4204204204.204204,0.952755321418983,-0.4203723377294704,-0.7246203662296129,0.2172964931627515,-13.258945649600127,0.8435568653691314,0.2172964931627515,-13.258945649600127,0.8435568653691314,0.952668548878723,-0.42116344433895814,-0.7042970244827808
4210210210.2102103,0.9518784587961987,-0.4283700248297071,-0.7421603447511252,0.22013316337185634,-13.146290508819202,0.8259798933656806,0.22013316337185634,-13.146290508819202,0.8259798933656806,0.9517856736352741,-0.42921673056392706,-0.7219595688785798
4216216216.216216,0.9509862188176722,-0.4365155315946283,-0.7598374675122623,0.22299180521814807,-13.034221933111427,0.8082665476825451,0.22299180521814807,-13.034221933111427,0.8082665476825451,0.9508873185732369,-0.43741888988026395,-0.739764084467972
4222222222.2222223,0.9500785882428371,-0.44480938835834477,-0.7776521805322251,0.22587175386104397,-12.922761517872383,0.7904164298573697,0.22587175386104397,-12.922761517872383,0.7904164298573697,0.949973472346209,-0.44577044105493907,-0.7577110938749193
4228228228.228228,0.949155573479227,-0.45325195448715283,-0.7956048788364413,0.22877230032249823,-12.811931218676714,0.7724291937371333,0.22877230032249823,-12.811931218676714,0.7724291937371333,0.9490441435110523,-0.45427172959130785,-0.7758010674451591
4234234234.2342343,0.948217201745707,-0.46184340692895853,-0.813695904295866,0.23169269055679972,-12.701753342406871,0.7543045476415035,0.23169269055679972,-12.701753342406871,0.7543045476415035,0.9480993617017118,-0.4629229161608387,-0.7940344208982062
4240240240.24024,0.9472635222523075,-0.4705837284989477,-0.8319255434627469,0.234632124576005,-12.592250537422181,0.7360422565259249,0.234632124576005,-12.592250537422181,0.7360422565259249,0.9471391788195157,-0.47172396477013484,-0.8124115129670337
4246246246.2462463,0.9462946073930316,-0.47947269592919944,-0.8502940254083746,0.23758975563738632,-12.483445782745296,0.7176421441386163,0.23758975563738632,-12.483445782745296,0.7176421441386163,0.9461636702362637,-0.48067463069147887,-0.8309326430309273
4252252252.252252,0.9453105539476664,-0.48850986771340205,-0.8688015195684747,0.24056468949939339,-12.375362376247,0.6991040951654992,0.24056468949939339,-12.375362376247,0.6991040951654992,0.9451729360060687,-0.4897744481886075,-0.8495980487471976
4258258258.2582583,0.9443114842881853,-0.4976945717822509,-0.8874481336024501,0.243555983752795,-12.268023921811647,0.6804280573565303,0.243555983752795,-12.268023921811647,0.6804280573565303,0.9441671020814901,-0.4990227180737153,-0.868407903688008
4264264264.264264,0.9432975475849914,-0.5070258930487336,-0.9062339112726486,0.2465626472337286,-12.161454315469896,0.6616140436269173,0.2465626472337286,-12.161454315469896,0.6616140436269173,0.9431463215291094,-0.5084184951357723,-0.8873623149886292
4270270270.2702703,0.9422689210078168,-0.5165026608670444,-0.9251588303504246,0.2495836395254789,-12.055677730487751,0.6426621341261293,0.2495836395254789,-12.055677730487751,0.6426621341261293,0.9421107757393237,-0.5179605754842626,-0.9064613210140238
4276276276.276276,0.9412258109157255,-0.5261234364529788,-0.9442228005557547,0.2526178705558003,-11.95071860140545,0.6235724782675767,0.2526178705558003,-11.95071860140545,0.6235724782675767,0.9410606756247085,-0.5276474838570908,-0.925704889050752
4282282282.2822824,0.9401684540302652,-0.5358865003181256,-0.9634256615375939,0.25566420029661735,-11.8466016070227,0.6043452967114913,0.25566420029661735,-11.8466016070227,0.6043452967114913,0.9399962628009073,-0.537477460945817,-0.9450929130316289
4288288288.288288,0.9390971185854263,-0.5457898397746573,-0.9827671809022082,0.25872143857284075,-11.743351652331897,0.5849808832933663,0.25872143857284075,-11.743351652331897,0.5849808832933663,0.9389178107436548,-0.5474484507955573,-0.9646252113007484
4294294294.2942944,0.9380121054477398,-0.5558311365715852,-1.002247052297032,0.2617883449869564,-11.640993849404662,0.5654796068901523,0.2617883449869564,-11.640993849404662,0.5654796068901523,0.9378256259151323,-0.5575580883417108,-0.9843015244267705
4300300300.300301,0.9369137491994326,-0.5660077547282508,-1.0218648935576087,0.26486362896586546,-11.539553497242272,0.5458419132162765,0.26486362896586546,-11.539553497242272,0.5458419132162765,0.936720048852533,-0.5678036871498029,-1.00412151307252
4306306306.306306,0.9358024191772838,-0.576316728634688,-1.0416202449254046,0.26794594993626064,-11.439056060604926,0.526068326541413,0.26794594993626064,-11.439056060604926,0.526068326541413,0.9356014552113571,-0.5781822274293268,-1.0240847559292416
4312312312.312312,0.9346785204595004,-0.586754751492848,-1.0615125673443049,0.27103391763454926,-11.339527147840148,0.5061594513219235,0.27103391763454926,-11.339527147840148,0.5061594513219235,0.9344702567556644,-0.5886903443966028,-1.0441907477238836
4318318318.318318,0.9335424947926652,-0.597318164176649,-1.0815412408435603,0.27412609255700515,-11.24099248773608,0.48611597373788223,0.27412609255700515,-11.24099248773608,0.48611597373788223,0.9333269022872746,-0.5993243170654053,-1.0644388973079484
4324324324.324325,0.9323948214505849,-0.608002944592512,-1.1017055630150936,0.2772209865554703,-11.143477905430231,0.46593866312757115,0.2772209865554703,-11.143477905430231,0.46593866312757115,0.932171878505603,-0.6100800575485377,-1.0848285258365151
4330330330.33033,0.9312360180166559,-0.6188046976257288,-1.1220047475928605,0.28031706358347136,-11.047009297410241,0.44562837331150756,0.28031706358347136,-11.047009297410241,0.44562837331150756,0.9310057107896972,-0.6209531009564748,-1.1053588650460628
4336336336.336336,0.930066641081275,-0.6297186457606306,-1.1424379231419637,0.2834127405971306,-10.951612605648485,0.42518604379812974,0.2834127405971306,-10.951612605648485,0.42518604379812974,0.9298289638938809,-0.6319385959824669,-1.1260290556396717
4342342342.342342,0.9288872868456584,-0.6407396204660093,-1.1630041318649316,0.2865063886146856,-10.857313790918148,0.40461270086354917,0.2865063886146856,-10.857313790918148,0.40461270086354917,0.9286422425483071,-0.6430312962664707,-1.146838145788115
4348348348.348349,0.9276985916234891,-0.6518620544386305,-1.183702328532526,0.2895963339378382,-10.764138805343453,0.38390945849794594,0.2895963339378382,-10.764138805343453,0.38390945849794594,0.9274461919557183,-0.6542255526322742,-1.167785089755269
4354354354.354355,0.9265012322317813,-0.663079974800061,-1.20453137954601,0.2926808595374618,-10.672113564242858,0.36307751921154036,0.2926808595374618,-10.672113564242858,0.36307751921154036,0.9262414981757505,-0.665515306293941,-1.1888687466560313
4360360360.36036,0.9252959262624921,-0.674386997342725,-1.2254900621375733,0.2957582066054951,-10.581263917328878,0.34211817469346395,0.2957582066054951,-10.581263917328878,0.34211817469346395,0.9250288883882325,-0.6768940831286807,-1.2100878793547187
4366366366.366366,0.9240834322265846,-0.6857763219216223,-1.2465770637152662,0.2988265762740778,-10.491615619333377,0.32103280631724224,0.2988265762740778,-10.491615619333377,0.32103280631724224,0.9238091310270763,-0.6883549891140727,-1.2314411535116725
4372372372.372373,0.9228645495624755,-0.6972407290880133,-1.2677909813582018,0.301884131502155,-10.403194300132617,0.29982288548714064,0.301884131502155,-10.403194300132617,0.29982288548714064,0.9225830357766783,-0.6998907070266125,-1.2529271367853534
4378378378.378378,0.9216401185011749,-0.7087725780599556,-1.2891303214675454,0.30492899912894145,-10.316025434450339,0.2784899738200909,0.30492899912894145,-10.316025434450339,0.2784899738200909,0.921351453423053,-0.7114934944978053,-1.2745442981969224
4384384384.384384,0.9204110197807917,-0.7203638061230799,-1.310593499578059,0.30795927209273877,-10.230134311221805,0.25703572315861345,0.30795927209273877,-10.230134311221805,0.25703572315861345,0.9201152755523236,-0.72315518352224,-1.2962910076637726
4390390390.39039,0.919178174203646,-0.7320059295515531,-1.3321788403345005,0.3109730118126619,-10.145546002706077,0.2354618754107218,0.3109730118126619,-10.145546002706077,0.2354618754107218,0.9188754340897953,-0.7348671815083361,-1.3181655357079574
4396396396.396397,0.9179425420297244,-0.7436900461362583,-1.3538845776364752,0.31396825072992424,-10.06228533343638,0.213770262213607,0.31396825072992424,-10.06228533343638,0.213770262213607,0.9176329006733059,-0.7466204739597877,-1.3401660533449236
4402402402.402403,0.9167051222009774,-0.7554068394016002,-1.3757088549548329,0.31694299500434575,-9.980376849102292,0.19196280441841237,0.31694299500434575,-9.980376849102292,0.19196280441841237,0.9163886858553373,-0.7584056288699021,-1.3622906321574193
4408408408.408408,0.9154669513916498,-0.7671465845872233,-1.3976497258216751,0.31989522736079345,-9.899844785459676,0.17004151139457702,0.31989522736079345,-9.899844785459676,0.17004151139457702,0.915143838129097,-0.7702128029055454,-1.3845372445585462
4414414414.414414,0.914229102880678,-0.7788991564640582,-1.4197051544957275,0.32282291007931885,-9.820713037365877,0.1480084801525787,0.32282291007931885,-9.820713037365877,0.1480084801525787,0.9138994427746198,-0.7820317494506258,-1.4069037642475943
4420420420.420421,0.912992685243134,-0.7906540390460949,-1.4418730168035974,0.3257239881217769,-9.743005128039767,0.12586589428524728,0.3257239881217769,-9.743005128039767,0.12586589428524728,0.9126566205218778,-0.7938518285709852,-1.42938796686112
4426426426.426426,0.9117588408586548,-0.8024003372506854,-1.4641511011570698,0.3285963923868175,-9.66674417864596,0.10361602272822674,0.3285963923868175,-9.66674417864596,0.10361602272822674,0.9114165260288994,-0.8056620189535737,-1.4519875308213652
4432432432.432432,0.9105287442358411,-0.8141267905505438,-1.4865371097455211,0.33143804308421326,-9.59195287830319,0.08126121834137896,0.33143804308421326,-9.59195287830319,0.08126121834137896,0.9101803461739651,-0.8174509318627883,-1.4747000383830393
4438438438.438438,0.9093036001527719,-0.8258217886493867,-1.5090286599017744,0.3342468532186359,-9.518653454615912,0.05880391631369319,0.3342468532186359,-9.518653454615912,0.05880391631369319,0.9089492981620725,-0.8292068271460268,-1.4975229768787217
4444444444.444445,0.9080846416149154,-0.8374733892018211,-1.531623285639016,0.33702073217217887,-9.446867644826733,0.036246632395076826,0.33702073217217887,-9.446867644826733,0.036246632395076826,0.9077246274470735,-0.8409176313083773,-1.5204537401623985
4450450450.450451,0.9068731276329357,-0.8490693375855245,-1.554318439355455,0.3397575893741696,-9.376616667685077,0.013591960959452995,0.3397575893741696,-9.376616667685077,0.013591960959452995,0.9065076054720997,-0.8525709576637864,-1.5434896302496552
4456456456.456456,0.9056703408241761,-0.8605970887201158,-1.5771114937026836,0.3424553380461076,-9.307921196125012,-0.009157427095744873,0.3424553380461076,-9.307921196125012,-0.009157427095744873,0.9052995272321848,-0.864154128556235,-1.566627859152286
4462462462.462462,0.9044775848428553,-0.8720438309132812,-1.5999997436129425,0.34511189900895833,-9.240801330841236,-0.031998786607598396,0.34511189900895833,-9.240801330841236,-0.031998786607598396,0.9041017086642701,-0.8756541996303134,-1.589865550904195
4468468468.468469,0.9032961816453036,-0.8833965117000542,-1.622980408479682,0.347725204539475,-9.175276574848436,-0.05492930055646063,0.347725204539475,-9.175276574848436,-0.05492930055646063,0.9029154838711091,-0.8870579861154915,-1.6131997437745988
4474474474.474475,0.9021274685978751,-0.8946418656258273,-1.6460506344852308,0.35029320226178084,-9.11136580910393,-0.07794608261790677,0.35029320226178084,-9.11136580910393,-0.07794608261790677,0.9017422021868648,-0.8983520910732286,-1.6366273926637847
4480480480.48048,0.900972795436434,-0.9057664439084024,-1.6692074970685897,0.35281385906005364,-9.04908726926875,-0.10104617984959495,0.35281385906005364,-9.04908726926875,-0.10104617984959495,0.9005832250935375,-0.9095229355399077,-1.6601453716757864
4486486486.486486,0.8998335210876113,-0.9167566458982167,-1.692448003525887,0.35528516499791135,-8.988458523675508,-0.12422657550416885,0.35528516499791135,-8.988458523675508,-0.12422657550416885,0.8994399229985818,-0.9205567904830579,-1.6837504768616705
4492492492.492493,0.8987110103631797,-0.9275987522407926,-1.7157690957353482,0.3577051372298881,-8.929496452565944,-0.14748419195869247,0.3577051372298881,-8.929496452565944,-0.14748419195869247,0.8983136718853622,-0.9314398104717838,-1.7074394291262653
4498498498.498499,0.8976066305401331,-0.9382789596291291,-1.7391676529982834,0.3600718238903563,-8.872217228653028,-0.1708158937507017,0.3600718238903563,-8.872217228653028,-0.1708158937507017,0.8972058498492115,-0.9421580689470198,-1.731208877290624
4504504504.504504,0.8965217478401492,-0.9487834170184304,-1.7626404949870755,0.3623833079452433,-8.816636299056109,-0.1942184907104555,0.3623833079452433,-8.816636299056109,-0.1942184907104555,0.8961178335330611,-0.952697594960754,-1.755055401301761
4510510510.51051,0.8954577238230873,-0.959098263161172,-1.7861843847908092,0.36463771099203557,-8.762768368649608,-0.21768874117865175,0.36463771099203557,-8.762768368649608,-0.21768874117865175,0.8950509944775442,-0.9630444112392088,-1.7789755155806388
4516516516.516517,0.8944159117102249,-0.9692096653050946,-1.8097960320488964,0.36683319699378586,-8.710627384858023,-0.24122335529861094,0.36683319699378586,-8.710627384858023,-0.24122335529861094,0.8940066954015355,-0.9731845734093307,-1.802965672498842
4522522522.522523,0.8933976526536574,-0.9791038588842971,-1.833472096162958,0.3689679759331657,-8.660226523922002,-0.26481899837184414,0.3689679759331657,-8.660226523922002,-0.26481899837184414,0.8929862864298436,-0.983104210215116,-1.8270222659740147
4528528528.528528,0.8924042719691224,-0.9887671880200253,-1.857209189576846,0.3710403073730078,-8.611578178652488,-0.28847229426564464,0.3710403073730078,-8.611578178652488,-0.28847229426564464,0.8919911012855727,-0.9927895645369367,-1.8511416351735042
4534534534.534534,0.8914370753500548,-0.9981861466369377,-1.8810038811149294,0.3730485039103007,-8.564693947681661,-0.31217982886163465,0.3730485039103007,-8.564693947681661,-0.31217982886163465,0.8910224534652321,-1.0022270350159792,-1.8753200683155962
4540540540.540541,0.89049734508121,-1.0073474199900294,-1.904852699368451,0.3749909345111621,-8.5195846262119,-0.33593815353392337,0.3749909345111621,-8.5195846262119,-0.33593815353392337,0.890081632415224,-1.01140321807497,-1.8995538065571256
4546546546.546547,0.8895863362705143,-1.016237926388968,-1.9287521361202735,0.37686602771499544,-8.476260198255861,-0.35974378864620105,0.37686602771499544,-8.476260198255861,-0.35974378864620105,0.8891698997285867,-1.0203049501186072,-1.9238390479564844
4552552552.552552,0.8887052731180205,-1.0248448588993806,-1.9526986497979844,0.3786722746967335,-8.434729830353945,-0.3835932270567951,0.3786722746967335,-8.434729830353945,-0.3835932270567951,0.8882884853811869,-1.028919349688901,-1.9481719515003886
4558558558.558558,0.8878553452409428,-1.0331557267949583,-1.9766886689460685,0.3804082321768784,-8.39500186674779,-0.40748293762159987,0.3804082321768784,-8.39500186674779,-0.40748293762159987,0.8874385840265167,-1.0372338593461399,-1.9725486411832258
4564564564.564565,0.8870377040736188,-1.0411583965310787,-2.00071859570771,0.38207252516985984,-8.357083825982244,-0.4314093686847409,0.38207252516985984,-8.357083825982244,-0.4314093686847409,0.886621351368219,-1.045236287042159,-1.9969652101273732
4570570570.570571,0.8862534593610628,-1.048841132008552,-2.0247848093074072,0.3836638495621123,-8.320982398901908,-0.45536895154763407,0.3836638495621123,-8.320982398901908,-0.45536895154763407,0.8858379006292026,-1.0529148467511766,-2.0214177247332525
4576576576.576576,0.8855036757644005,-1.0561926338963648,-2.0488836695258907,0.3851809745121814,-8.286703448002672,-0.4793581039074995,0.3851809745121814,-8.286703448002672,-0.4793581039074995,0.8850892991358164,-1.060258198123953,-2.0459022288478566
4582582582.582582,0.884789369595902,-1.063202077785146,-2.0730115201592327,0.38662274466608804,-8.25425200809367,-0.5033732332569995,0.38662274466608804,-8.25425200809367,-0.5033732332569995,0.8843765650350238,-1.0672554849334104,-2.070414747940759
4588588588.588589,0.8841115057008037,-1.0698591509461042,-2.097164692454557,0.38798808218211744,-8.223632288220752,-0.5274107402372628,0.38798808218211744,-8.223632288220752,-0.5274107402372628,0.8837006641618504,-1.0738963720843695,-2.094951293276775
4594594594.594595,0.8834709945021708,-1.0761540874779367,-2.1213395085152693,0.3892759885601544,-8.194847674798515,-0.5514670219373272,0.3892759885601544,-8.194847674798515,-0.5514670219373272,0.8830625070735546,-1.0801710809666782,-2.1195078660748727
4600600600.6006,0.8828686892242519,-1.0820777016314238,-2.145532284669229,0.39048554627161713,-8.167900735895063,-0.5755384751336119,0.39048554627161713,-8.167900735895063,-0.5755384751336119,0.8824629462660233,-1.0860704229397624,-2.1440804616431723
4606606606.6066065,0.882305383308704,-1.0876214191119213,-2.169739334793868,0.39161592018698005,-8.142793226611012,-0.5996214994638119,0.39161592018698005,-8.142793226611012,-0.5996214994638119,0.8819027735868705,-1.0915858307467925,-2.168665073480328
4612612612.612613,0.8817818080369235,-1.0927773061720951,-2.193956973592717,0.39266635879877493,-8.11952609549276,-0.6237125005302538,0.39266635879877493,-8.11952609549276,-0.6237125005302538,0.8813827178585124,-1.096709387669429,-2.1932576973339555
4618618618.618619,0.8812986303704728,-1.097538096320986,-2.2181815198185317,0.3936361952388657,-8.09809949191852,-0.6478078929285617,0.3936361952388657,-8.09809949191852,-0.6478078929285617,0.8809034427232402,-1.101433854248119,-2.2178543352073308
4624624624.624624,0.8808564510203107,-1.1018972144904495,-2.2424092994385614,0.39452484808963384,-8.078512774395483,-0.6719041031980766,0.39452484808963384,-8.078512774395483,-0.6719041031980766,0.8804655447209648,-1.1057526924086283,-2.242450999305983
4630630630.6306305,0.880455802754085,-1.1058487985172836,-2.266636648738209,0.3953318219895321,-8.060764519706675,-0.6959975726912457,0.3953318219895321,-8.060764519706675,-0.6959975726912457,0.8800695516088621,-1.1096600868528896,-2.267043715916364
4636636636.636637,0.8800971489493055,-1.1093877178172313,-2.2908599173596915,0.3960567080342581,-8.0448525328465,-0.7200847603597823,0.3960567080342581,-8.0448525328465,-0.7200847603597823,0.8797159209306807,-1.11315096359053,-2.291628529209274
4642642642.642643,0.8797808823987194,-1.112509589146087,-2.3150754712729853,0.3966991839755318,-8.030773857685539,-0.7441621454560895,0.3966991839755318,-8.030773857685539,-0.7441621454560895,0.8794050388419143,-1.1162210055073027,-2.316201504961346
4648648648.648648,0.8795073243726527,-1.1152107893633423,-2.3392796956766366,0.39725901422015053,-8.018524788306989,-0.7682262301489821,0.39725901422015053,-8.018524788306989,-0.7682262301489821,0.8791372191954827,-1.118866664887012,-2.3407587341883125
4654654654.6546545,0.8792767239415255,-1.1174884651344623,-2.3634689978266072,0.3977360496326597,-8.008100880959137,-0.7922735420533279,0.3977360496326597,-8.008100880959137,-0.7922735420533279,0.878912702890996,-1.1210851728244944,-2.365296336684502
4660660660.660661,0.879089257560173,-1.1193405395291838,-2.3876398097915206,0.39813022714556,-7.999496966571222,-0.8163006366735929,0.39813022714556,-7.999496966571222,-0.8163006366735929,0.878731657489039,-1.1228745454892795,-2.389810464463275
4666666666.666667,0.8789450289140622,-1.1207657154944246,-2.4117885911333787,0.39844156918154594,-7.992707163782721,-0.8403040997619962,0.39844156918154594,-7.992707163782721,-0.8403040997619962,0.8785941770903558,-1.1242335872210953,-2.4142973050941166
4672672672.672672,0.8788440690259042,-1.121763476202355,-2.435911831512673,0.39867018289276673,-7.987724892439486,-0.8642805495919704,0.39867018289276673,-7.987724892439486,-0.8642805495919704,0.8785002824782635,-1.1251618904600904,-2.4387530849320376
4678678678.6786785,0.8787863366197225,-1.1223340822947434,-2.4600060532176053,0.39881625922256664,-7.9845428875136095,-0.8882266391483876,0.39881625922256664,-7.9845428875136095,-0.8882266391483876,0.8784499215210643,-1.1256598325365637,-2.463174072236063
4684684684.684685,0.8787717187378895,-1.1224785660663714,-2.4840678136168983,0.39888007179558055,-7.983153213407437,-0.9121390582358472,0.39888007179558055,-7.983153213407437,-0.9121390582358472,0.8784429698297405,-1.1257285693661496,-2.487556580173531
4690690690.690691,0.8788000316053095,-1.1221987226497707,-2.5080937075362635,0.3988619756424452,-7.983547278605677,-0.936014535506943,0.3988619756424452,-7.983547278605677,-0.936014535506943,0.8784792316648491,-1.1253700261163642,-2.511896969707879
4696696696.696697,0.8788710217335133,-1.121497098283671,-2.532080369558448,0.3987624057657073,-7.985715850643524,-0.9598498404122261,0.3987624057657073,-7.985715850643524,-0.9598498404122261,0.8785584410850906,-1.124586884930891,-2.536191652367645
4702702702.7027025,0.8789843672562248,-1.120376975765321,-2.5560244762471687,0.3985818755538246,-7.989649071362056,-0.9836417850740135,0.3985818755538246,-7.989649071362056,-0.9836417850740135,0.8786802633288276,-1.1233825698158204,-2.5604370928952145
4708708708.708709,0.8791396794867171,-1.1188423572046948,-2.579922748295052,0.398320975050417,-7.995336472425718,-1.0073872260859127,0.398320975050417,-7.995336472425718,-1.0073872260859127,0.8788442964185895,-1.1217612288099184,-2.5846298117738837
4714714714.714715,0.8793365046862252,-1.1168979442141254,-2.6037719525959573,0.3979803690861399,-8.002766991080462,-1.031083066240206,0.3979803690861399,-8.002766991080462,-1.031083066240206,0.8790500729775288,-1.1197277135767756,-2.608766387632477
4720720720.72072,0.8795743260316694,-1.114549115681584,-2.6275689042419934,0.3975607952807825,-8.011928986133633,-1.054726256185061,0.3975607952807825,-8.011928986133633,-1.054726256185061,0.8792970622457897,-1.1172875565713296,-2.632843459526965
4726726726.726727,0.8798525657700611,-1.1118019032887276,-2.651310468445507,0.3970630619233371,-8.022810254140285,-1.0783137960134674,0.3970630619233371,-8.022810254140285,-1.0783137960134674,0.8795846722838797,-1.1144469459459851,-2.656857729098867
4732732732.732733,0.8801705875461582,-1.1086629649463104,-2.6749935623862955,0.396488045737946,-8.035398045783028,-1.1018427367856578,0.396488045737946,-8.035398045783028,-1.1018427367856578,0.8799122523493088,-1.1112126983732982,-2.6808059626104987
4738738738.738739,0.8805276988893227,-1.1051395563286517,-2.69861515698428,0.39583668954375556,-8.04967908243476,-1.1253101819867164,0.39583668954375556,-8.04967908243476,-1.1253101819867164,0.8802790954321907,-1.1075922299707586,-2.7046849928574703
4744744744.744745,0.8809231538448971,-1.1012395006974407,-2.7221722785977396,0.39510999981679773,-8.065639572896098,-1.1487132889207567,0.39510999981679773,-8.065639572896098,-1.1487132889207567,0.8806844409348448,-1.10359352552196,-2.7284917209589596
4750750750.750751,0.8813561557350489,-1.0969711572104888,-2.745662010647149,0.39430904416210427,-8.083265230300732,-1.1720492700429808,0.39430904416210427,-8.083265230300732,-1.1720492700429808,0.8811274774800879,-1.0992251061935372,-2.7522231180265813
4756756756.756757,0.8818258600336542,-1.0923433879158462,-2.7690814951645844,0.3934349487043141,-8.102541289183488,-1.1953153942306496,0.3934349487043141,-8.102541289183488,-1.1953153942306496,0.8816073458325615,-1.0944959959516267,-2.7758762267128496
4762762762.762763,0.8823313773396046,-1.0873655236339366,-2.7924279342684755,0.3924888954050715,-8.123452522706998,-1.218508987993761,0.3924888954050715,-8.123452522706998,-1.218508987993761,0.8821231419172328,-1.0894156868839548,-2.7994481626403123
4768768768.768768,0.8828717764328013,-1.08204732893139,-2.815698591563531,0.3914721193155284,-8.145983260043575,-1.241627436626082,0.3914721193155284,-8.145983260043575,-1.241627436626082,0.8826739199191336,-1.0839941036341187,-2.8229361157127206
4774774774.774775,0.8834460873971244,-1.0763989663891973,-2.8388907934654237,0.3903859057722757,-8.170117403909224,-1.2646681852968968,0.3903859057722757,-8.170117403909224,-1.2646681852968968,0.8832586954484384,-1.078241567153351,-2.8463373513096153
4780780780.780781,0.8840533047947524,-1.070430960365654,-2.8620019304497633,0.38923158754499704,-8.195838448246919,-1.2876287400835735,0.38923158754499704,-8.195838448246919,-1.2876287400835735,0.8838764487550779,-1.0721687579726893,-2.869649211365787
4786786786.786787,0.8846923908764416,-1.064154160450404,-2.8850294582248805,0.38801054194411144,-8.223129496056007,-1.3105066689449643,0.38801054194411144,-8.223129496056007,-1.3105066689449643,0.8845261279773328,-1.0657866791940476,-2.892869115337316
4792792792.792793,0.8853622788126582,-1.0575797048007753,-2.907970898827774,0.3867241878966112,-8.251973277364147,-1.3332996026353539,0.3867241878966112,-8.251973277364147,-1.3332996026353539,0.885206652409193,-1.0591066193929286,-2.915994561055807
4798798798.798799,0.8860618759308696,-1.0507189835448845,-2.9308238416425674,0.38537398299822545,-8.28235216733746,-1.3560052355585075,0.38537398299822545,-8.28235216733746,-1.3560052355585075,0.8859169157716454,-1.0521401156189727,-2.939023125472583
4804804804.804805,0.8867900669447579,-1.043583602428393,-2.9535859443407797,0.3839614205499545,-8.3142482045235,-1.3786213265612752,0.3839614205499545,-8.3142482045235,-1.3786213265612752,0.8866557894735878,-1.0448989166720952,-2.9619524652946763
4810810810.810811,0.8875457171616858,-1.0361853468729123,-2.976254933742683,0.38248802658689385,-8.347643109220655,-1.4011456996659921,0.38248802658689385,-8.347643109220655,-1.4011456996659921,0.8874221258486105,-1.037394946823197,-2.98478031751446
4816816816.816816,0.8883276756553562,-1.028536146604475,-2.998828606598983,0.38095535690713894,-8.382518301966229,-1.423576244740823,0.38095535690713894,-8.382518301966229,-1.423576244740823,0.888214761354517,-1.0296402701385228,-3.007504499834795
4822822822.822823,0.8891347783912849,-1.0206480410000953,-3.0213048302922236,0.3793649941084064,-8.418854922133924,-1.445910918107228,0.3793649941084064,-8.418854922133924,-1.445910918107228,0.8890325197232213,-1.021647055555426,-3.0301229109917873
4828828828.828829,0.8899658512934611,-1.012533145289189,-3.0436815434571165,0.37771854463982923,-8.456633846630005,-1.4681477430834713,0.37771854463982923,-8.456633846630005,-1.4681477430834713,0.889874215049299,-1.0134275428470296,-3.0526335309769825
4834834834.834835,0.8908197132412989,-1.0042036177355749,-3.0659567565192436,0.3760176358761877,-8.495835708675767,-1.4902848104632114,0.3760176358761877,-8.495835708675767,-1.4902848104632114,0.8907386548063801,-1.0049940096004188,-3.0750344211611558
4840840840.840841,0.8916951789868557,-0.9956716279133373,-3.088128552151636,0.3742639132216149,-8.536440916662368,-1.5123202789281944,0.3742639132216149,-8.536440916662368,-1.5123202789281944,0.8916246427813126,-0.9963587393217075,-3.0973237243217606
4846846846.846847,0.8925910619830957,-0.9869493261781186,-3.1101950856487774,0.3724590372495805,-8.578429673062454,-1.5342523753940915,0.3724590372495805,-8.578429673062454,-1.5342523753940915,0.8925309819169395,-0.9875339907684875,-3.1194996645762023
4852852852.852853,0.8935061771148617,-0.9780488144230273,-3.1321545852176795,0.3706046808856966,-8.621781993381262,-1.5560793952884948,0.3706046808856966,-8.621781993381262,-1.5560793952884948,0.8934564770551815,-0.9785319685980644,-3.14156054722306
4858858858.858859,0.8944393433250719,-0.9689821181963599,-3.1540053521859015,0.3687025266396074,-8.666477725128582,-1.5777997027602928,0.3687025266396074,-8.666477725128582,-1.5777997027602928,0.8943999375730268,-0.9693647954073076,-3.16350475849352
4864864864.864864,0.8953893861295973,-0.9597611602457566,-3.175745761126537,0.36675426389192034,-8.712496566791456,-1.599411730819736,0.36675426389192034,-8.712496566791456,-1.599411730819736,0.8953601799049121,-0.960044485227869,-3.185330765215406
4870870870.870871,0.8963551400150827,-0.9503977355422889,-3.197374259900201,0.3647615862418329,-8.75981808678602,-1.6209139814084907,0.3647615862418329,-8.75981808678602,-1.6209139814084907,0.8963360299458694,-0.9505829185285724,-3.2070371143920093
4876876876.876877,0.8973354507148986,-0.940903487825973,-3.21888936961444,0.3627261889207648,-8.808421742365773,-1.6423050253993012,0.3627261889207648,-8.808421742365773,-1.6423050253993012,0.8973263253307268,-0.94099181876485,-3.228622432698237
4882882882.882883,0.8983291773592984,-0.9312898877028193,-3.2402896845010476,0.36064976627695305,-8.858286898462772,-1.663583502524972,0.36064976627695305,-8.858286898462772,-1.663583502524972,0.8983299175854894,-0.931282730504194,-3.250085425896548
4888888888.888889,0.8993351944966168,-0.9215682123136224,-3.2615738717119975,0.35853400933562185,-8.909392846436756,-1.6847481212365305,0.35853400933562185,-8.909392846436756,-1.6847481212365305,0.8993456741478781,-0.9214669991458069,-3.2714248781752064
4894894894.894895,0.9003523939832365,-0.9117495265838603,-3.282740671034913,0.3563806034389426,-8.961718822707219,-1.7057976584906798,0.3563806034389426,-8.961718822707219,-1.7057976584906798,0.9003724802548625,-0.9115557522421086,-3.2926396514114704
4900900900.900901,0.9013796867408295,-0.9018446660545626,-3.303788894529207,0.3541912259696342,-9.015244027242346,-1.7267309594668439,0.3541912259696342,-9.015244027242346,-1.7267309594668439,0.9014092406957717,-0.9015598824205913,-3.313728684362441
4906906906.906907,0.902416004380084,-0.8918642212855431,-3.324717426084204,0.35196754416165393,-9.069947641878603,-1.747546937214261,0.35196754416165393,-9.069947641878603,-1.747546937214261,0.9024548814303568,-0.8914900318952323,-3.334690991786269
4912912912.912913,0.9034603006909097,-0.8818185238134779,-3.3455252209008153,0.34971121300102287,-9.12580884844489,-1.7682445722299076,0.34971121300102287,-9.12580884844489,-1.7682445722299076,0.9035083510718878,-0.8813565785484795,-3.3555256634966253
4918918918.918919,0.9045115529997569,-0.8717176336399883,-3.3662113048984983,0.34742387321945367,-9.182806846664576,-1.7888229119681445,0.34742387321945367,-9.182806846664576,-1.7888229119681445,0.9045686222360365,-0.8711696235572921,-3.37623186335327
4924924924.924925,0.9055687633953251,-0.8615713282179132,-3.386774774049462,0.3451071493830139,-9.24092087180978,-1.8092810702832691,0.3451071493830139,-9.24092087180978,-1.8092810702832691,0.9056346927569575,-0.8609389805295793,-3.396808828191749
4930930930.930931,0.9066309598245254,-0.8513890928976795,-3.407214793642227,0.3427626480776903,-9.30013021208193,-1.829618226806303,0.3427626480776903,-9.30013021208193,-1.829618226806303,0.9067055867725374,-0.8506741661114291,-3.4172558666951676
4936936936.936937,0.9076971970611124,-0.8411801127900795,-3.4275305974769146,0.3403919561932953,-9.36041422569383,-1.8498336262576525,0.3403919561932953,-9.36041422569383,-1.8498336262576525,0.9077803556813412,-0.8403843920198886,-3.4375723582112
4942942942.942943,0.9087665575498751,-0.8309532659970699,-3.447721486994751,0.33799663930678303,-9.421752357628888,-1.8699265776973786,0.33799663930678303,-9.421752357628888,-1.8699265776973786,0.908858078974282,-0.8300785584511728,-3.4577577515174465
4948948948.948949,0.9098381521297674,-0.8207171181575963,-3.4677868303444317,0.33557824016564847,-9.48412415605431,-1.889896453715085,0.33557824016564847,-9.48412415605431,-1.889896453715085,0.909937864944462,-0.8197652488102929,-3.477811563538321
4954954954.954955,0.910911120639686,-0.8104799182526047,-3.487726061388211,0.3331382772717155,-9.547509288365992,-1.9097426895615668,0.3331382772717155,-9.547509288365992,-1.9097426895615668,0.9110188512790462,-0.8094527257044454,-3.497733378016703
4960960960.960961,0.9119846324110343,-0.8002495956097235,-3.507538678650594,0.3306782435652591,-9.611887556844051,-1.9294647822245328,0.3306782435652591,-9.611887556844051,-1.9294647822245328,0.9121002055373744,-0.7991489281396863,-3.5175228441435835
4966966966.966967,0.9130578866514487,-0.7900337580464063,-3.527224244212846,0.32819960520903796,-9.677238913899794,-1.9490622894509748,0.32819960520903796,-9.677238913899794,-1.9490622894509748,0.9131811255198152,-0.7888614698582312,-3.5371796751490683
4972972972.972973,0.9141301127243551,-0.7798396910883025,-3.5467823825563376,0.32570380047151776,-9.743543476895402,-1.9685348287187165,0.32570380047151776,-9.743543476895402,-1.9685348287187165,0.9142608395321039,-0.7785976387522018,-3.5567036468579385
4978978978.978979,0.915200570329235,-0.7696743581984147,-3.566212779358114,0.32319223870821334,-9.810781542520049,-1.9878820761599305,0.32319223870821334,-9.810781542520049,-1.9878820761599305,0.915338606550132,-0.768364397288336,-3.576094596213114
4984984984.984985,0.9162685495876344,-0.7595444019520808,-3.5855151802420346,0.3206662994397864,-9.878933600707615,-2.007103765439578,0.3206662994397864,-9.878933600707615,-2.007103765439578,0.9164137162903138,-0.7581683838776898,-3.5953524197703697
4990990990.990991,0.9173333710400744,-0.7494561460926141,-3.6046893894888177,0.3181273315252755,-9.947980348082272,-2.026199686591593,0.3181273315252755,-9.947980348082272,-2.026199686591593,0.9174854891907764,-0.7480159151241952,-3.6144770721674853
4996996996.996997,0.9183943855591489,-0.7394155984022979,-3.6237352687085362,0.3155766524285421,-10.01790270092082,-2.0451696848160092,0.3155766524285421,-10.01790270092082,-2.0451696848160092,0.9185532763086987,-0.7379129888863172,-3.6334685645712117
5003003003.003003,0.9194509741840742,-0.7294284543247181,-3.6426527354789555,0.31301554757580213,-10.088681807621668,-2.0640136592400022,0.31301554757580213,-10.088681807621668,-2.0640136592400022,0.9196164591391787,-0.7278652880866212,-3.652326963105185
5009009009.009009,0.9205025478820765,-0.7195001012743983,-3.6614417619532613,0.3104452698018726,-10.16029906067276,-2.0827315616461086,0.3104452698018726,-10.16029906067276,-2.0827315616461086,0.92067444936101,-0.7178781852052641,-3.6710523872620557
5015015015.015015,0.9215485472418559,-0.7096356235722255,-3.6801023734406164,0.3078670388825824,-10.232736108111919,-2.1013233951707178,0.3078670388825824,-10.232736108111919,-2.1013233951707178,0.9217266885147534,-0.7079567473944588,-3.689645008302922
5021021021.021021,0.9225884421044708,-0.6998398079452908,-3.6986346469630695,0.3052820411505974,-10.30597486447558,-2.119789212976131,0.3052820411505974,-10.30597486447558,-2.119789212976131,0.9227726476184025,-0.698105742153009,-3.7081050476472113
5027027027.027027,0.9236217311367599,-0.6901171495330556,-3.717038709792115,0.3026914291917808,-10.379997521232795,-2.1381291168992256,0.3026914291917808,-10.379997521232795,-2.1381291168992256,0.9238118267258855,-0.6883296435016453,-3.7264327752559177
5033033033.033033,0.9246479413524855,-0.680471858342196,-3.7353147379684315,0.30009632161904437,-10.454786556704006,-2.156343256080056,0.30009632161904437,-10.454786556704006,-2.156343256080056,0.9248437544335688,-0.678632638601757,-3.744628508011236
5039039039.039039,0.9256666275861022,-0.6709078660962107,-3.7534629548080027,0.29749780292055483,-10.53032474546512,-2.1744318255734307,0.29749780292055483,-10.53032474546512,-2.1744318255734307,0.9258679873397497,-0.6690186347628868,-3.762692608095396
5045045045.045045,0.9266773719240657,-0.6614288334268098,-3.7714836293979297,0.29489692337905477,-10.606595167239345,-2.1923950649466146,0.29489692337905477,-10.606595167239345,-2.1923950649466146,0.9268841094620514,-0.6594912667860835,-3.7806254813714584
5051051051.051051,0.9276797830983365,-0.6520381573575407,-3.789377075085029,0.2922946990589866,-10.683581215280729,-2.210233256866129,0.2922946990589866,-10.683581215280729,-2.210233256866129,0.9278917316174126,-0.6500539045933091,-3.7984275757687196
5057057057.057057,0.9286734958466217,-0.6427389790320871,-3.807143647960358,0.2896921118580452,-10.761266604255031,-2.227946725676695,0.2896921118580452,-10.761266604255031,-2.227946725676695,0.9288904907692517,-0.640709661095114,-3.8160993796753226
5063063063.063063,0.9296581702437113,-0.6335341916423586,-3.8247837453425557,0.2870901096197599,-10.839635377624703,-2.245535835975159,0.2870901096197599,-10.839635377624703,-2.245535835975159,0.9298800493461569,-0.6314614002518102,-3.8336414203404927
5069069069.069069,0.930633491008061,-0.6244264485142149,-3.8422978042629334,0.2844896063036735,-10.918671914546374,-2.263000991182221,0.2844896063036735,-10.918671914546374,-2.263000991182221,0.930860094536286,-0.6223117452858336,-3.851054262288755
5075075075.075075,0.931599166787597,-0.615418171311129,-3.8596862999549684,0.28189148220968735,-10.998360936290494,-2.28034263211465,0.28189148220968735,-10.998360936290494,-2.28034263211465,0.9318303375614606,-0.6132630870056164,-3.8683385057483144
5081081081.081081,0.9325549294284966,-0.6065115583188867,-3.8769497443508585,0.27929658425316073,-11.078687512193643,-2.2975612355605923,0.27929658425316073,-11.078687512193643,-2.2975612355605923,0.9327905129347187,-0.6043175922040842,-3.8854947850957497
5087087087.087088,0.9335005332305237,-0.5977085927767316,-3.8940886845876546,0.2767057262873534,-11.159637065155902,-2.314657312860497,0.2767057262873534,-11.159637065155902,-2.314657312860497,0.9337403777048912,-0.5954772120974503,-3.9025237673189705
5093093093.093093,0.9344357541922443,-0.5890110512233514,-3.9111037015252728,0.2741196894698738,-11.24119537669571,-2.3316314084959653,0.2741196894698738,-11.24119537669571,-2.3316314084959653,0.934679710691574,-0.5867436907723693,-3.9194261505002994
5099099099.099099,0.9353603892492921,-0.5804205118280992,-3.9279954082786337,0.27153922266981295,-11.323348591576464,-2.348484098688835,0.27153922266981295,-11.323348591576464,-2.348484098688835,0.9356083117136124,-0.5781185736124801,-3.936202662321401
5105105105.105105,0.9362742555085918,-0.5719383626808059,-3.94476444876602,0.26896504291233203,-11.406083222019296,-2.3652159900125715,0.26896504291233203,-11.406083222019296,-2.3652159900125715,0.9365260008140472,-0.5696032156774079,-3.952854058591663
5111111111.111111,0.9371771894813004,-0.5635658100153582,-3.961411496275615,0.2663978358575192,-11.489386151517847,-2.3818277180180405,0.2663978358575192,-11.489386151517847,-2.3818277180180405,0.9374326174842543,-0.5611987900097913,-3.9693811218015345
5117117117.117117,0.93806904631696,-0.5553038863450923,-3.9779372520519996,0.26383825631043495,-11.573244638270893,-2.398319945875464,0.26383825631043495,-11.573244638270893,-2.398319945875464,0.938328019889774,-0.5529062958484625,-3.985784659702149
5123123123.123123,0.938949699041213,-0.5471534584897428,-3.994342443904315,0.26128692875933734,-11.657646318249748,-2.4146933630343295,0.26128692875933734,-11.657646318249748,-2.4146933630343295,0.9392120841001771,-0.5447265667276769,-4.002065503912447
5129129129.129129,0.9398190377992055,-0.5391152354760671,-4.010627824837657,0.2587444479391702,-11.742579207917993,-2.4309486839029244,0.2587444479391702,-11.742579207917993,-2.4309486839029244,0.9400847033250764,-0.5366602784447728,-4.01822450855501
5135135135.135136,0.9406769691066228,-0.531189776296234,-4.02679417170901,0.2562113794175245,-11.828031706620663,-2.447086646548862,0.2562113794175245,-11.828031706620663,-2.447086646548862,0.9409457871582183,-0.5287079568805304,-4.034262548921444
5141141141.141141,0.941523415110115,-0.5233774975099821,-4.042842283909156,0.25368826020034524,-11.91399259866179,-2.463108011422109,0.25368826020034524,-11.91399259866179,-2.463108011422109,0.9417952608314146,-0.520869985658322,-4.050180520168357
5147147147.147147,0.94235831285872,-0.5156786806781595,-4.058772982071542,0.2511755993548102,-12.000451055088083,-2.479013560101617,0.2511755993548102,-12.000451055088083,-2.479013560101617,0.9426330644798926,-0.5131466136300282,-4.065979336044572
5153153153.153153,0.9431816135876735,-0.5080934796174024,-4.074587106809224,0.24867387864688797,-12.087396635197669,-2.4948040940667644,0.24867387864688797,-12.087396635197669,-2.4948040940667644,0.9434591524204454,-0.505537962178622,-4.081659927650286
5159159159.159159,0.9439932820159022,-0.5006219274666875,-4.090285517480785,0.2461835531912046,-12.174819287792907,-2.5104804334945414,0.2461835531912046,-12.174819287792907,-2.5104804334945414,0.9442734924436704,-0.49804403232833516,-4.097223242228739
5165165165.165165,0.9447932956582681,-0.49326394355869096,-4.105869090985961,0.24370505211097335,-12.26270935219594,-2.5260434160834238,0.24370505211097335,-12.26270935219594,-2.5260434160834238,0.9450760651213536,-0.49066471165549674,-4.112670241990827
5171171171.171171,0.9455816441535628,-0.48601934008959174,-4.121338720591673,0.241238779205849,-12.35105755904614,-2.5414938959045967,0.241238779205849,-12.35105755904614,-2.5414938959045967,0.9458668631299604,-0.4833997809941062,-4.128001902972984
5177177177.177177,0.9463583286090527,-0.4788878285827958,-4.136695314789031,0.23878511362568255,-12.439855030898645,-2.5568327422812933,0.23878511362568255,-12.439855030898645,-2.5568327422812933,0.9466458905910486,-0.47624892093156174,-4.143219213928665
5183183183.183184,0.9471233609622834,-0.47186902614293597,-4.151939796181734,0.23634441054828276,-12.529093282642695,-2.5720608386967205,0.23634441054828276,-12.529093282642695,-2.5720608386967205,0.9474131624292865,-0.4692117180911862,-4.15832317525353
5189189189.189189,0.947876763360721,-0.4649624614977111,-4.167073100406248,0.23391700185938222,-12.618764221759196,-2.5871790817310467,0.23391700185938222,-12.618764221759196,-2.5871790817310467,0.9481687037486196,-0.4622876711994741,-4.17331479794446
5195195195.195195,0.9486185675596891,-0.45816758082615655,-4.182096175084,0.23150319683314433,-12.70886014843606,-2.602188380027804,0.23150319683314433,-12.70886014843606,-2.602188380027804,0.9489125492270712,-0.4554761969364946,-4.188195102592404
5201201201.201201,0.949348814338968,-0.45148375337279995,-4.197009978805767,0.2291032828116448,-12.799373755560111,-2.617089653289952,0.2291032828116448,-12.799373755560111,-2.617089653289952,0.949644742530485,-0.4487766355694587,-4.202965118408981
5207207207.207207,0.9500675529383212,-0.4449102768479939,-4.2118154801483385,0.22671752588186583,-12.890298128604499,-2.6318838313057906,0.22671752588186583,-12.890298128604499,-2.6318838313057906,0.9503653357454804,-0.44218825636974624,-4.217625882286722
5213213213.213213,0.9507748405121058,-0.43844638261566937,-4.226513656723482,0.22434617154886458,-12.981626745429725,-2.646571853004805,0.22434617154886458,-12.981626745429725,-2.646571853004805,0.9510743888317758,-0.435710262814697,-4.232178437892742
5219219219.219219,0.9514707416030871,-0.432091240670009,-4.241105494259072,0.2219894454038639,-13.07335347601682,-2.661154665543436,0.2219894454038639,-13.07335347601682,-2.661154665543436,0.9517719690939588,-0.4293417975760682,-4.246623834795548
5225225225.225225,0.9521553276354466,-0.4258439644036644,-4.255591985712345,0.21964755378612674,-13.165472582150546,-2.6756332234207503,0.21964755378612674,-13.165472582150546,-2.6756332234207503,0.952458150672692,-0.4230819472978342,-4.260963127624745
5231231231.231232,0.9528286764269495,-0.41970361517026444,-4.269974130414996,0.21732068443755606,-13.257978717070982,-2.6900084876238606,0.21732068443755606,-13.257978717070982,-2.6900084876238606,0.9531330140553094,-0.41692974716618925,-4.275197375263183
5237237237.237237,0.9534908717201434,-0.41366920664472234,-4.284252933249864,0.21500900714908172,-13.35086692511048,-2.7042814248028773,0.21500900714908172,-13.35086692511048,-2.7042814248028773,0.9537966456056579,-0.41088418527546405,-4.289327640071165
5243243243.243243,0.9541420027324337,-0.40773970898502543,-4.298429403858949,0.21271267439794986,-13.444132641334374,-2.7184530064752135,0.21271267439794986,-13.444132641334374,-2.7184530064752135,0.9544491371130149,-0.4049442067937826,-4.303354987142293
5249249249.249249,0.9547821637247947,-0.40191405279984216,-4.312504555882296,0.2104318219751538,-13.537771691201911,-2.732524208258839,0.2104318219751538,-13.537771691201911,-2.732524208258839,0.9550905853598343,-0.39910871793288194,-4.317280483590366
5255255255.255255,0.9554114535888686,-0.39619113292628155,-4.326479406227421,0.20816656960229604,-13.631780290265139,-2.7464960091342054,0.20816656960229604,-13.631780290265139,-2.7464960091342054,0.9557210917080469,-0.39337658972667777,-4.331105197866879
5261261261.261261,0.9560299754521396,-0.39056981202259766,-4.34035497436878,0.20591702153726296,-13.726155043922583,-2.760369390734421,0.20591702153726296,-13.726155043922583,-2.760369390734421,0.9563407617036167,-0.38774666162327975,-4.344830199108519
5267267267.267267,0.956637836300841,-0.38504892398084367,-4.354132281676749,0.20368326716817697,-13.820892947244115,-2.7741453366631594,0.20368326716817697,-13.820892947244115,-2.7741453366631594,0.95694970469897,-0.38221774489580757,-4.358456556514035
5273273273.273273,0.9572351466202292,-0.3796272771645397,-4.367812350775718,0.20146538159513266,-13.915991384884336,-2.7878248318399605,0.20146538159513266,-13.915991384884336,-2.7878248318399605,0.9575480334929422,-0.3767886258770221,-4.371985338749946
5279279279.27928,0.957822020051828,-0.3743036574766613,-4.381396204930567,0.19926342619932438,-14.011448131100364,-2.8014088618722406,0.19926342619932438,-14.011448131100364,-2.8014088618722406,0.9581358639878166,-0.3714580690233217,-4.38541761338435
5285285285.285285,0.9583985730672205,-0.3690768312633381,-4.394884867461113,0.1970774491992049,-14.107261349890907,-2.8148984124536134,0.1970774491992049,-14.107261349890907,-2.8148984124536134,0.958713314863056,-0.36622481981331634,-4.398754446348255
5291291291.291291,0.958964924657964,-0.36394554805862006,-4.408279361183792,0.19490748619339326,-14.203429595272762,-2.8282944687878246,0.19490748619339326,-14.203429595272762,-2.8282944687878246,0.9592805072652408,-0.3610876074868747,-4.411996901423716
5297297297.2972975,0.9595211960411572,-0.3589085431759639,-4.421580707880031,0.19275356069009705,-14.299951811711026,-2.8415980150377638,0.19275356069009705,-14.299951811711026,-2.8415980150377638,0.9598375645137885,-0.35604514762991046,-4.425146039758108
5303303303.303303,0.960067510380222,-0.35396454015171996,-4.43478992779065,0.1906156846228619,-14.396827334719521,-2.8548100337989264,0.1906156846228619,-14.396827334719521,-2.8548100337989264,0.9603846118219677,-0.3510961446106251,-4.438202919403824
5309309309.309309,0.9606039925204009,-0.3491122530463661,-4.447908039135647,0.18849385885251496,-14.494055891647744,-2.8679315055966597,0.18849385885251496,-14.494055891647744,-2.8679315055966597,0.9609217760327249,-0.3462392938727959,-4.451168594882759
5315315315.315315,0.9611307687385201,-0.3443503886086913,-4.460936057658663,0.18638807365521703,-14.591637602670344,-2.8809634084065476,0.18638807365521703,-14.591637602670344,-2.8809634084065476,0.9614491853688485,-0.3414732840915699,-4.464044116774781
5321321321.3213215,0.9616479665065102,-0.33967764830861014,-4.4738749961955495,0.18429830919656146,-14.689572981996353,-2.893906717197263,0.18429830919656146,-14.689572981996353,-2.893906717197263,0.9619669691969726,-0.33679679919731026,-4.476830531329545
5327327327.327328,0.9621557142682201,-0.33509273024377456,-4.486725864266262,0.18222453599171834,-14.787862939314184,-2.906762403495204,0.18222453599171834,-14.787862939314184,-2.906762403495204,0.9624752578049277,-0.33220852027295367,-4.489528880100956
5333333333.333333,0.9626541412290349,-0.3305943309253432,-4.499489667689463,0.18016671535164305,-14.886508781489507,-2.9195314349702164,0.18016671535164305,-14.886508781489507,-2.9195314349702164,0.9629741821919667,-0.3277071273300587,-4.502140199603502
5339339339.339339,0.9631433771578115,-0.3261811469481343,-4.512167408219157,0.17812479981539805,-14.98551221453334,-2.93221477504171,0.17812479981539805,-14.98551221453334,-2.93221477504171,0.9634638738713545,-0.3232913009690034,-4.514665520989838
5345345345.3453455,0.9636235522006663,-0.32185187655015957,-4.5247600832026205,0.17609873356868172,-15.084875345857293,-2.9448133825044414,0.17609873356868172,-15.084875345857293,-2.9448133825044414,0.9639444646848524,-0.3189597239283551,-4.527105869748861
5351351351.351352,0.9640947967061296,-0.3176052210666391,-4.537268685259044,0.17408845284866784,-15.184600686834031,-2.9573282111732775,0.17408845284866784,-15.184600686834031,-2.9573282111732775,0.9644160866286301,-0.3147110825283541,-4.539462265423615
5357357357.357357,0.9645572410612125,-0.3134398862832598,-4.54969420197812,0.17209388633528944,-15.284691155681152,-2.969760209546216,0.17209388633528944,-15.284691155681152,-2.969760209546216,0.9648788716901028,-0.3105440680136879,-4.5517357213483365
5363363363.363363,0.9650110155379205,-0.30935458369348556,-4.56203761563799,0.17011495552912298,-15.385150080687175,-2.9821103204849386,0.17011495552912298,-15.385150080687175,-2.9821103204849386,0.9653329516952606,-0.30645737780007914,-4.563927244403965
5369369369.3693695,0.965456250149768,-0.3053480316644908,-4.574299902941822,0.16815157511605447,-15.48598120379846,-2.994379480912178,0.16815157511605447,-15.48598120379846,-2.994379480912178,0.9657784581660294,-0.3024497166293862,-4.576037834791435
5375375375.375376,0.9658930745178462,-0.301418956516269,-4.586482034772438,0.16620365331890655,-15.587188684587623,-3.006568621525201,0.16620365331890655,-15.587188684587623,-3.006568621525201,0.9662155221872003,-0.29851979763789216,-4.588068485822133
5381381381.381382,0.9663216177460241,-0.2975660935181462,-4.598584975964288,0.16427109223624753,-15.688777104623249,-3.0186786665246688,0.16427109223624753,-15.688777104623249,-3.0186786665246688,0.9666442742825163,-0.29466634334194414,-4.600020183724823
5387387387.387387,0.966742008304853,-0.29378818780699556,-4.61060968509217,0.1623537881685935,-15.790751472262743,-3.030710533358169,0.1623537881685935,-15.790751472262743,-3.030710533358169,0.9670648442994816,-0.29088808654526654,-4.611893907468483
5393393393.3933935,0.9671543739237677,-0.29008399523119494,-4.622557114276085,0.16045163193223755,-15.89311722789041,-3.0426651324777065,0.16045163193223755,-15.89311722789041,-3.0426651324777065,0.967477361302472,-0.2871837711721184,-4.623690628600338
5399399399.3994,0.967558841491187,-0.28645228312423193,-4.634428209001577,0.15856450916095566,-15.995880249623491,-3.0545433671104103,0.15856450916095566,-15.995880249623491,-3.0545433671104103,0.9678819534737648,-0.2835521530300624,-4.635411311098571
5405405405.405405,0.9679555369621254,-0.2828918310117632,-4.64622390795501,0.15669230059582728,-16.099046859511073,-3.066346133041815,0.15669230059582728,-16.099046859511073,-3.066346133041815,0.9682787480220766,-0.27999200050634865,-4.647056911239084
5411411411.411411,0.968344585272944,-0.2794014312557395,-4.657945142873173,0.1548348823634332,-16.202623830250907,-3.0780743184109243,0.1548348823634332,-16.202623830250907,-3.0780743184109243,0.9686678710982625,-0.2765020952012873,-4.658628377475724
5417417417.417418,0.9687261102628659,-0.27597988963919956,-4.669592838406636,0.15299212624270234,-16.306618392450368,-3.0897288035164037,0.15299212624270234,-16.306618392450368,-3.0897288035164037,0.9690494477177575,-0.27308123250262967,-4.670126650333433
5423423423.423424,0.9691002346019315,-0.27262602589488216,-4.68116791199631,0.1511638999206594,-16.41103824246038,-3.1013104606331527,0.1511638999206594,-16.41103824246038,-3.1013104606331527,0.9694236016894762,-0.269728222103704,-4.681552662313752
5429429429.42943,0.9694670797250201,-0.2693386741811751,-4.692671273762684,0.14935006723735372,-16.51589155081137,-3.1128201538386215,0.14935006723735372,-16.51589155081137,-3.1128201538386215,0.969790455550775,-0.26644188846904926,-4.692907337812191
5435435435.435435,0.9698267657716381,-0.2661166835082767,-4.704103826407171,0.14755048842024296,-16.62118697128243,-3.1242587388480563,0.14755048842024296,-16.62118697128243,-3.1242587388480563,0.9701501305081731,-0.26322107125043614,-4.704191593046874
5441441441.441442,0.9701794115311508,-0.26295891811759653,-4.71546646512511,0.14576502030829275,-16.726933650637413,-3.135627062858077,0.14576502030829275,-16.726933650637413,-3.135627062858077,0.9705027463835029,-0.26006462565635835,-4.715406335998059
5447447447.447448,0.9705251343931482,-0.2598642578173075,-4.726760077529844,0.14399351656609086,-16.833141239061632,-3.146925964397781,0.14399351656609086,-16.833141239061632,-3.146925964397781,0.970848421565212,-0.2569714227776153,-4.726552466357939
5453453453.453453,0.9708640503026607,-0.25683159827668534,-4.737985543587475,0.1422358278882211,-16.93981990133792,-3.158156273186729,0.1422358278882211,-16.93981990133792,-3.158156273186729,0.9711872729644855,-0.25394034987205355,-4.737630875490322
5459459459.459459,0.9711962737199491,-0.2538598512818032,-4.749143735561768,0.14049180219418878,-17.04698032880045,-3.1693188099990555,0.14049180219418878,-17.04698032880045,-3.1693188099990555,0.9715194159759349,-0.2509703106108127,-4.74864244639975
5465465465.465466,0.9715219175845846,-0.2509479449552053,-4.760235517968765,0.13876128481416608,-17.154633752108445,-3.18041438653298,0.13876128481416608,-17.154633752108445,-3.18041438653298,0.9718449644425851,-0.248060225288568,-4.759588053709539
5471471471.471472,0.9718410932835839,-0.24809482394170093,-4.771261747540689,0.13704411866581692,-17.26279195488504,-3.1914438052850054,0.13704411866581692,-17.26279195488504,-3.1914438052850054,0.9721640306248781,-0.24520903100031827,-4.770468563648388
5477477477.477478,0.9721539106233286,-0.24529944956276872,-4.782223273198678,0.13534014442247305,-17.37146728826872,-3.2024078594280363,0.13534014442247305,-17.37146728826872,-3.2024078594280363,0.9724767251734746,-0.24241568178674866,-4.781284834045125
5483483483.483483,0.972460477805062,-0.24256079994144125,-4.793120936033981,0.13364920067292704,-17.480672686427983,-3.2133073326926747,0.13364920067292704,-17.480672686427983,-3.2133073326926747,0.9727831571055966,-0.23967914875046528,-4.792037714331178
5489489489.48949,0.9727609014037039,-0.23987787010002395,-4.803955569297173,0.13197112407308645,-17.59042168309463,-3.2241429992509145,0.13197112407308645,-17.59042168309463,-3.2241429992509145,0.973083433784698,-0.23699842014504857,-4.802728045550425
5495495495.495496,0.973055286349801,-0.23724967203228303,-4.814727998395049,0.13030574948976,-17.700728429172912,-3.234915623601443,0.13030574948976,-17.700728429172912,-3.234915623601443,0.973377660903234,-0.23437250143897337,-4.813356660376009
5501501501.501501,0.9733437359143844,-0.2346752347521548,-4.8254390408948,0.12865291013680974,-17.811607711487977,-3.2456259604557416,0.12865291013680974,-17.811607711487977,-3.2456259604557416,0.9736659424683413,-0.2318004153560812,-4.823924383133816
5507507507.507507,0.9736263516965509,-0.232153604320609,-4.836089506535144,0.12701243770392068,-17.92307497274003,-3.2562747546241635,0.12701243770392068,-17.92307497274003,-3.2562747546241635,0.9739483807902115,-0.2292812018945392,-4.834432029832264
5513513513.513514,0.9739032336135711,-0.22968384385241639,-4.8466801972440425,0.12538416247822476,-18.035146332736346,-3.2668627409010953,0.12538416247822476,-18.035146332736346,-3.2668627409010953,0.9742250764729969,-0.226813918325714,-4.844880408198051
5519519519.51952,0.9741744798933616,-0.22726503350426044,-4.857211907162694,0.12376791345901629,-18.147838610978038,-3.2773906439483245,0.12376791345901629,-18.147838610978038,-3.2773906439483245,0.9744961284080338,-0.22439763917485356,-4.855270317717571
5525525525.525526,0.9744401870691308,-0.22489627044586177,-4.867685422675501,0.12216351846577479,-18.26116935068535,-3.287859178175698,0.12216351846577479,-18.26116935068535,-3.287859178175698,0.9747616337692578,-0.22203145618467524,-4.8656025496837305
5531531531.531531,0.9747004499760553,-0.22257666881538085,-4.87810152244568,0.12057080423973407,-18.375156844349824,-3.2982690476180587,0.12057080423973407,-18.375156844349824,-3.2982690476180587,0.9750216880106075,-0.2197144782636557,-4.87587788724782
5537537537.537538,0.9749553617498264,-0.22030535966048326,-4.888460977456257,0.11898959653919758,-18.489820160910536,-3.3086209458074727,0.11898959653919758,-18.489820160910536,-3.3086209458074727,0.9752763848652944,-0.21744583142006085,-4.886097105476223
5543543543.543544,0.9752050138269196,-0.21808149086635997,-4.898764551056158,0.11741972022882093,-18.605179174657483,-3.3189155556396455,0.11741972022882093,-18.605179174657483,-3.3189155556396455,0.9755258163467773,-0.2152246586831435,-4.896260971411662
5549549549.549549,0.9754494959464436,-0.21590422707193074,-4.90901299901112,0.11586099936306156,-18.721254595974305,-3.329153549233406,0.11586099936306156,-18.721254595974305,-3.329153549233406,0.9757700727513043,-0.21305012001266585,-4.906370244138759
5555555555.555555,0.97568889615346,-0.21377274957517414,-4.9192070695592065,0.11431325726398973,-18.838068004041506,-3.339335587782049,0.11431325726398973,-18.838068004041506,-3.339335587782049,0.9760092426618947,-0.21092139219786982,-4.916425674853666
5561561561.561562,0.9759233008036119,-0.2116862562289718,-4.929347503470652,0.11277631659366126,-18.955641881630207,-3.349462321395252,0.11277631659366126,-18.955641881630207,-3.349462321395252,0.9762434129536357,-0.2088376687469323,-4.926428006937536
5567567567.567568,0.9761527945689776,-0.20964396132817395,-4.939435034111808,0.11124999942122996,-19.073999652128325,-3.359534388930186,0.11124999942122996,-19.073999652128325,-3.359534388930186,0.9764726688001707,-0.20679815976798774,-4.93637797603362
5573573573.573574,0.9763774604450189,-0.20764509548900456,-4.949470387513024,0.1097341272849797,-19.193165718952237,-3.3695524178103815,0.1097341272849797,-19.193165718952237,-3.3695524178103815,0.9766970936812726,-0.20480209184259773,-4.946276310127801
5579579579.579579,0.976597379758523,-0.20568890552165167,-4.9594542824401735,0.10822852124945274,-19.313165507509513,-3.37951702383074,0.10822852124945274,-19.313165507509513,-3.37951702383074,0.976916769391393,-0.20284870789259746,-4.956123729632353
5585585585.585586,0.9768126321764279,-0.20377465429698036,-4.969387430469698,0.10673300195784194,-19.43402550989267,-3.389428810947009,0.10673300195784194,-19.43402550989267,-3.389428810947009,0.9771317760490831,-0.2009372670412029,-4.965920947472744
5591591591.591592,0.9770232957154522,-0.2019016206080212,-4.979270536066942,0.10524738967980123,-19.555773332499836,-3.3992883710478705,0.10524738967980123,-19.555773332499836,-3.3992883710478705,0.9773421921072054,-0.19906704446902676,-4.975668669177315
5597597597.597597,0.9772294467524277,-0.20006909902708928,-4.98910429666762,0.10377150435483669,-19.678437746794177,-3.409096283707671,0.10377150435483669,-19.678437746794177,-3.409096283707671,0.9775480943638203,-0.19723733126601384,-4.985367592969686
5603603603.603603,0.9774311600352418,-0.19827639975930855,-4.998889402762261,0.10230516563142088,-19.80204874343358,-3.4188531159176123,0.10230516563142088,-19.80204874343358,-3.4188531159176123,0.9777495579736861,-0.19544743427976086,-4.9950184098636985
5609609609.60961,0.9776285086943329,-0.19652284849299673,-5.008626537983415,0.10084819290198067,-19.926637590021745,-3.428559421793022,0.10084819290198067,-19.926637590021745,-3.428559421793022,0.9779466564602806,-0.1936966759610098,-5.004621803760771
5615615615.615616,0.977821564254639,-0.19480778624775905,-5.018316379195557,0.09940040533388739,-20.052236892755605,-3.438215742254182,0.09940040533388739,-20.052236892755605,-3.438215742254182,0.978139461728265,-0.19198439420694768,-5.014178451549542
5621621621.621622,0.9780103966479187,-0.1931305692209356,-5.027959596587468,0.09796162189658604,-20.178880662268135,-3.447822604677815,0.09796162189658604,-20.178880662268135,-3.447822604677815,0.9783280440763276,-0.19030994220284206,-5.023689023207644
5627627627.627627,0.9781950742254186,-0.19149056863261377,-5.03755685376702,0.09653166138499017,-20.306604383993484,-3.4573805225161838,0.09653166138499017,-20.306604383993484,-3.4573805225161838,0.9785124722103201,-0.18867268826270334,-5.033154181905498
5633633633.633634,0.978375663770776,-0.18988717057012072,-5.047108807858194,0.09511034243925648,-20.4354450934127,-3.4668899948803693,0.09511034243925648,-20.4354450934127,-3.4668899948803693,0.9786928132566501,-0.18707201566928644,-5.042574584112042
5639639639.63964,0.9785522305131101,-0.18831977583237047,-5.056616109600262,0.09369748356106368,-20.56544145657094,-3.4763515060839505,0.09369748356106368,-20.56544145657094,-3.4763515060839505,0.9788691327758334,-0.18550732251420315,-5.051950879702229
5645645645.645645,0.9787248381402573,-0.18678779977442067,-5.066079403448988,0.09229290312649135,-20.696633856296714,-3.4857655251429494,0.09229290312649135,-20.696633856296714,-3.4857655251429494,0.9790414947761772,-0.18397802153837522,-5.061283712066267
5651651651.651651,0.9788935488120691,-0.18529067215290262,-5.075499327679758,0.09089641939561771,-20.82906448459317,-3.4951325052274274,0.09089641939561771,-20.82906448459317,-3.4951325052274274,0.9792099617275223,-0.1824835399734109,-5.070573718220462
5657657657.657658,0.9790584231737435,-0.18382783697254607,-5.084876514492544,0.08950785051892468,-20.962777441720213,-3.504452883059601,0.08950785051892468,-20.962777441720213,-3.504452883059601,0.9793745945749952,-0.18102331938429558,-5.079821528919591
5663663663.663664,0.9792195203691253,-0.1823987523343223,-5.094211590118642,0.08812701454060894,-21.097818842536853,-3.5137270782528325,0.08812701454060894,-21.097818842536853,-3.5137270782528325,0.979535452752718,-0.17959681551381193,-5.089027768770739
5669669669.66967,0.9793768980539252,-0.18100289028561178,-5.1035051749290545,0.08675372939888505,-21.234236930731882,-3.5229554925851456,0.08675372939888505,-21.234236930731882,-3.5229554925851456,0.9796925941974408,-0.1782034981289575,-5.098193056348535
5675675675.675675,0.9795306124088301,-0.17963973667259114,-5.11275788354449,0.08538781292336943,-21.372082201634974,-3.532138509200183,0.08538781292336943,-21.372082201634974,-3.532138509200183,0.9798460753620282,-0.1768428508699235,-5.107318004311686
5681681681.681682,0.9796807181524311,-0.17830879099544944,-5.121970324946893,0.0840290828296184,-21.511407534373873,-3.541276491727768,0.0840290828296184,-21.511407534373873,-3.541276491727768,0.9799959512287788,-0.17551437110177848,-5.116403219520812
5687687687.687688,0.9798272685539698,-0.17700956626639613,-5.131143102592436,0.0826773567109028,-21.652268334223407,-3.550369783315126,0.0826773567109028,-21.652268334223407,-3.550369783315126,0.9801422753225281,-0.17421756976925926,-5.125449303157472
5693693693.693693,0.9799703154458134,-0.17574158887120844,-5.140276814525951,0.08133245202728491,-21.79472268608441,-3.5594187055589206,0.08133245202728491,-21.79472268608441,-3.5594187055589206,0.9802850997234877,-0.17295197125503384,-5.134456850844361
5699699699.699699,0.9801099092356629,-0.1745043984342312,-5.1493720534967204,0.07999418609206368,-21.93883152013321,-3.568423557326869,0.07999418609206368,-21.93883152013321,-3.568423557326869,0.9804244750797969,-0.1717171132416244,-5.14342645276667
5705705705.705706,0.9802460989184341,-0.17329754768735026,-5.158429407075596,0.0786623760556568,-22.08465879079711,-3.577384613456361,0.0786623760556568,-22.08465879079711,-3.577384613456361,0.9805604506197405,-0.17051254657735185,-5.1523586937945005
5711711711.711712,0.9803789320877843,-0.1721206023431164,-5.167449457773433,0.07733683888696977,-22.232271670343824,-3.5863021233158543,0.07733683888696977,-22.232271670343824,-3.5863021233158543,0.980693074163609,-0.169337835146474,-5.161254153606389
5717717717.717718,0.9805084549472499,-0.17097314097231064,-5.176432783160771,0.07601739135231605,-22.38174075851862,-3.5951763092129356,0.07601739135231605,-22.38174075851862,-3.5951763092129356,0.980822392135139,-0.16819255574403805,-5.170113406813856
5723723723.723723,0.980634712320961,-0.1698547548862106,-5.185379955988757,0.07470384999193394,-22.5331403098323,-3.6040073646307844,0.07470384999193394,-22.5331403098323,-3.6040073646307844,0.9809484495725482,-0.16707629795528658,-5.178937023086984
5729729729.72973,0.9807577476639018,-0.16876504802379608,-5.1942915443113,0.07339603109415001,-22.686548480292494,-3.6127954522723345,0.07339603109415001,-22.686548480292494,-3.6127954522723345,0.9810712901390924,-0.1659886640402156,-5.187725567281037
5735735735.735736,0.980877603071686,-0.16770363684414497,-5.203168111608428,0.0720937506672369,-22.84204759558723,-3.6215407018884194,0.0720937506672369,-22.84204759558723,-3.6215407018884194,0.9811909561331288,-0.16492926882340178,-5.1964795995640625
5741741741.741742,0.9809943192898161,-0.16667015022425846,-5.212010216910845,0.07079682440900653,-22.999724442977353,-3.6302432078630114,0.07079682440900653,-22.999724442977353,-3.6302432078630114,0.9813074884976605,-0.163897739589283,-5.205199675545521
5747747747.747747,0.9811079357224014,-0.16566422936250016,-5.22081841492568,0.06950506767417948,-23.15967058943603,-3.638903026524636,0.06950506767417948,-23.15967058943603,-3.638903026524636,0.981420926829319,-0.1628937159832505,-5.213886346405914
5753753753.753754,0.9812184904402892,-0.16468552768804479,-5.22959325616344,0.06821829543957196,-23.321982728896835,-3.6475201731485893,0.06821829543957196,-23.321982728896835,-3.6475201731485893,0.9815313093867791,-0.1619168499185677,-5.222540159027455
5759759759.75976,0.9813260201886119,-0.1637337107762587,-5.238335287066171,0.06693632226713347,-23.486763061843785,-3.6560946186092864,0.06693632226713347,-23.486763061843785,-3.6560946186092864,0.9816386730985476,-0.160966805489605,-5.231161656125739
5765765765.765766,0.9814305603936854,-0.16280845627057983,-5.247045050136823,0.06565896226487869,-23.654119710902492,-3.6646262856358054,0.06565896226487869,-23.654119710902492,-3.6646262856358054,0.9817430535701208,-0.16004325889141308,-5.2397513763824906
5771771771.771772,0.9815321451692521,-0.16190945381091248,-5.255723084069849,0.06438602904574402,-23.82416717658605,-3.6731150446165013,0.06438602904574402,-23.82416717658605,-3.6731150446165013,0.9818444850904734,-0.15914589834594106,-5.2483098545793645
5777777777.777778,0.9816308073220413,-0.16103640496877242,-5.264369923883079,0.06311733568440876,-23.997026837918458,-3.6815607088898883,0.06311733568440876,-23.997026837918458,-3.6815607088898883,0.9819430006378463,-0.1582744240351498,-5.256837621732862
5783783783.783784,0.9817265783565977,-0.16018902318957357,-5.272986101050849,0.061852694672119984,-24.172827503319795,-3.6899630294488714,0.061852694672119984,-24.172827503319795,-3.6899630294488714,0.9820386318848172,-0.1574285480411578,-5.265335205230356
5789789789.78979,0.9818194884793789,-0.15936703374204353,-5.281572143638464,0.06059191786956199,-24.351706017907084,-3.6983216889733477,0.06059191786956199,-24.351706017907084,-3.6983216889733477,0.9821314092026125,-0.15660799429374486,-5.273803128967309
5795795795.795795,0.981909566602065,-0.15857017367524456,-5.290128576437984,0.05933481645781793,-24.53380793426161,-3.7066362950918785,0.05933481645781793,-24.53380793426161,-3.7066362950918785,0.9822213616646427,-0.15581249852536797,-5.282241913485665
5801801801.801802,0.9819968403440714,-0.15779819178324922,-5.29865592110544,0.05808120088746792,-24.71928825476497,-3.714906372756057,0.05808120088746792,-24.71928825476497,-3.714906372756057,0.9823085170492194,-0.15504180823402083,-5.290652076113543
5807807807.807808,0.9820813360342149,-0.15705084857791474,-5.307154696299439,0.056830880825892,-24.908312254836552,-3.7231313555906067,0.056830880825892,-24.908312254836552,-3.7231313555906067,0.9823929018414369,-0.1542956826540873,-5.2990341311061675
5813813813.813814,0.9821630787115313,-0.15632791626972523,-5.315625417821306,0.05558366510283693,-25.101056397859416,-3.73131057605773,0.05558366510283693,-25.101056397859416,-3.73131057605773,0.9824745412341764,-0.15357389273552435,-5.307388589788235
5819819819.81982,0.9822420921251662,-0.1556291787574049,-5.324068598756724,0.054339361654335235,-25.29770935429488,-3.739443254244339,0.054339361654335235,-25.29770935429488,-3.739443254244339,0.9825534591282087,-0.15287622113158308,-5.315715960697633
5825825825.825826,0.9823183987333692,-0.1549544316259993,-5.3324847496190175,0.05309777746507,-25.49847313952194,-3.747528485044883,0.05309777746507,-25.49847313952194,-3.747528485044883,0.9826296781313649,-0.1522024621953105,-5.324016749730692
5831831831.831832,0.9823920197014908,-0.1543034821543105,-5.340874378494088,0.05185871850930502,-25.70356438735873,-3.755565223468446,0.05185871850930502,-25.70356438735873,-3.755565223468446,0.9827032195567265,-0.15155242198526178,-5.332291460288967
5837837837.837838,0.982462974899004,-0.15367614933147278,-5.349237991187094,0.05062198969052986,-25.913215779116058,-3.7635522677452573,0.05062198969052986,-25.913215779116058,-3.7635522677452573,0.9827741034198224,-0.15092591828049695,-5.340540593427651
5843843843.843843,0.9825312828954733,-0.1530722638833448,-5.3575760913709525,0.04938739477999441,-26.127677651506428,-3.771488239841799,0.04938739477999441,-26.127677651506428,-3.771488239841799,0.9828423484347767,-0.15032278060537227,-5.3487646480057105
5849849849.84985,0.9825969609554583,-0.15249166830881206,-5.365889180736768,0.04815473635435796,-26.347219810913593,-3.7793715629123708,0.04815473635435796,-26.347219810913593,-3.7793715629123708,0.9829079720093825,-0.14974285026430592,-5.356964120837823
5855855855.855856,0.9826600250323009,-0.15193421692644904,-5.374177759146207,0.04692381573273163,-26.572133586590468,-3.7872004351141704,0.04692381573273163,-26.572133586590468,-3.7872004351141704,0.9829709902390582,-0.14918598038691452,-5.365139506848178
5861861861.861862,0.9827204897607608,-0.15139977593183163,-5.382442324786006,0.04569443291345684,-26.802734161509374,-3.794972799087128,0.04569443291345684,-26.802734161509374,-3.794972799087128,0.9830314178996433,-0.1486520359838749,-5.373291299226289
5867867867.867868,0.9827783684484522,-0.1508882234659223,-5.390683374324635,0.04446638651105855,-27.039363227108563,-3.8026863062421206,0.04446638651105855,-27.039363227108563,-3.8026863062421206,0.9830892684389938,-0.14814089401386535,-5.3814199895848835
5873873873.873874,0.9828336730660359,-0.15039944969491564,-5.39890140307126,0.04323947369391563,-27.282392017417703,-3.8103382748022754,0.04323947369391563,-27.282392017417703,-3.8103382748022754,0.9831445539673348,-0.14765244346194586,-5.389526068119986
5879879879.87988,0.9828864142361253,-0.14993335690189935,-5.40709690513712,0.04201349012333715,-27.53222478945092,-3.8179256402899036,0.04201349012333715,-27.53222478945092,-3.8179256402899036,0.9831972852463121,-0.14718658542989188,-5.3976100237733275
5885885885.885886,0.9829366012208552,-0.1494898595908002,-5.415270373599407,0.040788229894927815,-27.789302830920096,-3.8254448968291124,0.040788229894927815,-27.789302830920096,-3.8254448968291124,0.9832474716767129,-0.14674323323873617,-5.405672344397166
5891891891.8918915,0.9829842419080514,-0.14906888460312956,-5.423422300667813,0.039563485483343486,-28.05410909402376,-3.832892027219958,0.039563485483343486,-28.05410909402376,-3.832892027219958,0.983295121284782,-0.14632231254416503,-5.413713516921697
5897897897.897898,0.9830293427959622,-0.14867037124789317,-5.431553177853846,0.03833904769187328,-28.32717357631665,-3.8402624192030292,0.03833904769187328,-28.32717357631665,-3.8402624192030292,0.9833402407070913,-0.14592376146514546,-5.421734027525127
5903903903.903904,0.9830719089764877,-0.14829427144521773,-5.439663496143071,0.03711470560867831,-28.6090795978388,-3.8475507646326186,0.03711470560867831,-28.6090795978388,-3.8475507646326186,0.9833828351739087,-0.1455475307262444,-5.429734361806616
5909909909.90991,0.9831119441168266,-0.14794054988440936,-5.447753746170397,0.035890246572061635,-28.90047115959995,-3.8547509373545426,0.035890246572061635,-28.90047115959995,-3.8547509373545426,0.9834229084909868,-0.14519358381436356,-5.437715004962171
5915915915.915916,0.9831494504395217,-0.14760918419661084,-5.455824418398623,0.034665456147862435,-29.202061614657595,-3.8618558443602513,0.034665456147862435,-29.202061614657595,-3.8618558443602513,0.9834604630197324,-0.1448618971502139,-5.445676441963718
5921921921.921922,0.9831844287007812,-0.14730016514314714,-5.463876003300322,0.0334401181230331,-29.514643942787902,-3.868857243148719,0.0334401181230331,-29.514643942787902,-3.868857243148719,0.9834954996556631,-0.14455246027537835,-5.453619157741448
5927927927.927928,0.9832168781670445,-0.14701349681983106,-5.471908991543318,0.03221401452076676,-29.83910299781592,-3.8757455160079948,0.03221401452076676,-29.83910299781592,-3.8757455160079948,0.9835280178051055,-0.14426527605535336,-5.461543637369672
5933933933.933934,0.9832467965897032,-0.14674919687804833,-5.479923874179867,0.03098692564433748,-30.176430199597636,-3.8825093888928963,0.03098692564433748,-30.176430199597636,-3.8825093888928963,0.9835580153600311,-0.1440003608995108,-5.469450366256316
5939939939.9399395,0.9832741801778837,-0.14650729676342372,-5.4879211428397685,0.029758630159296147,-30.527741279694563,-3.8891355783774064,0.029758630159296147,-30.527741279694563,-3.8891355783774064,0.9835854886709724,-0.14375774499847954,-5.477339830336263
5945945945.945946,0.9832990235692396,-0.14628784197256944,-5.495901289927616,0.028528905227146618,-30.894297874206256,-3.895608344282368,0.028528905227146618,-30.894297874206256,-3.895608344282368,0.9836104325179263,-0.14353747257978577,-5.485212516268775
5951951951.951952,0.9833213197986103,-0.14609089232916725,-5.503864808824336,0.027297526708578424,-31.277534008251635,-3.9019089172410775,0.027297526708578424,-31.277534008251635,-3.9019089172410775,0.9836328400791488,-0.14333960218261066,-5.49306891163915
5957957957.957958,0.983341060264523,-0.14591652227961982,-5.5118121940933165,0.026064269461441792,-31.679088862512785,-3.9080147584670124,0.026064269461441792,-31.679088862512785,-3.9080147584670124,0.9836527028977479,-0.1431642069524931,-5.500909505164866
5963963963.963964,0.9833582346933569,-0.14576482120987827,-5.519743941691297,0.02482890776907291,-32.10084769533468,-3.9138985914547706,0.02482890776907291,-32.10084769533468,-3.9138985914547706,0.9836700108459834,-0.14301137495681834,-5.508734786906449
5969969969.96997,0.9833728311011297,-0.14563589378382188,-5.527660549184252,0.023591215950070615,-32.544993478348786,-3.9195271192883454,0.023591215950070615,-32.544993478348786,-3.9195271192883454,0.9836847520871584,-0.14288120952210415,-5.516545248483284
5975975975.975976,0.9833848357527426,-0.14552986030464798,-5.535562515968601,0.022350969224084607,-33.014072788855664,-3.9248593017882913,0.022350969224084607,-33.014072788855664,-3.9248593017882913,0.9836969130349745,-0.14277382959425514,-5.5243413832946455
5981981981.981982,0.9833942331185986,-0.14544685710006183,-5.543450343497904,0.02110794494446769,-33.511080945142794,-3.9298440058056943,0.02110794494446769,-33.511080945142794,-3.9298440058056943,0.9837064783102635,-0.14268937012256402,-5.532123686746198
5987987987.9879875,0.9834010058284494,-0.1453870369325636,-5.551324535515406,0.019861924365990824,-34.03957352462409,-3.9344167457457964,0.019861924365990824,-34.03957352462409,-3.9344167457457964,0.9837134306949303,-0.14262798246895583,-5.539892656482266
5993993993.993994,0.9834051346223215,-0.14535056943617533,-5.559185598292697,0.018612695208781303,-34.60381468725126,-3.938495075617765,0.018612695208781303,-34.60381468725126,-3.938495075617765,0.9837177510830011,-0.14258983484343912,-5.547648792624157
6000000000.0,0.983406598298409,-0.14533764158065204,-5.567034040874773,0.017360055434540493,-35.208977847157584,-3.941971934635504,0.017360055434540493,-35.208977847157584,-3.941971934635504,0.9837194184286047,-0.14257511276730306,-5.55539259801484
6006006006.006006,0.9834053736577509,-0.1453484581648037,-5.574870375331862,0.016103818917361762,-35.86142243207596,-3.9447058033160816,0.016103818917361762,-35.86142243207596,-3.9447058033160816,0.9837184096907593,-0.14258401956524436,-5.56312457847033
6012012012.0120125,0.9834014354455384,-0.14538324234034278,-5.582695117018329,0.014843824165711825,-36.56908397559655,-3.946505735716648,0.014843824165711825,-36.56908397559655,-3.946505735716648,0.9837146997747829,-0.1426167768880552,-5.570845243038085
6018018018.018018,0.9833947562888881,-0.14544223616774998,-5.590508784839035,0.013579948131515739,-37.34203777672083,-3.947107869175417,0.013579948131515739,-37.34203777672083,-3.947107869175417,0.983708261470155,-0.14267362526743854,-5.578555104262819
6024024024.024024,0.9833853066308746,-0.1455257012060327,-5.598311901523516,0.012312128850854564,-38.19333696209831,-3.9461371755682766,0.012312128850854564,-38.19333696209831,-3.9461371755682766,0.9836990653846548,-0.14275482470455286,-5.586254678460072
6030030030.03003,0.9833730546606423,-0.14563391913801962,-5.606104993908374,0.011040404166050448,-39.14030055410632,-3.9430424168950773,0.011040404166050448,-39.14030055410632,-3.9430424168950773,0.9836870798745707,-0.1428606552941383,-5.593944485997939
6036036036.036036,0.9833579662393908,-0.14576719243305925,-5.61388859322833,0.009764981449204391,-40.20657154832299,-3.9369796311179153,0.009764981449204391,-40.20657154832299,-3.9369796311179153,0.9836722709707685,-0.1429914178861722,-5.601625051587414
6042042042.042042,0.9833400048219874,-0.14592584504938275,-5.621663235416341,0.00848637138662891,-41.425559324981585,-3.92658977456466,0.00848637138662891,-41.425559324981585,-3.92658977456466,0.9836546023004032,-0.1431474347870065,-5.609296904581731
6048048048.048048,0.9833191313739958,-0.14611022317804784,-5.62942946141324,0.007205666076624414,-42.846517354509395,-3.909539563275388,0.007205666076624414,-42.846517354509395,-3.909539563275388,0.9836340350040388,-0.14332905050215278,-5.61696057928521
6054054054.054054,0.9832953042838448,-0.14632069603099315,-5.637187817487435,0.005925180178374128,-44.54596877375338,-3.881472855594972,0.005925180178374128,-44.54596877375338,-3.881472855594972,0.9836105276479044,-0.1435366325231709,-5.624616615272077
6060060060.0600605,0.9832684792698918,-0.14655765667544157,-5.644938855565129,0.004650149184920529,-46.650662279196766,-3.8332760004138566,0.004650149184920529,-46.650662279196766,-3.8332760004138566,0.9835840361310396,-0.1437705721609502,-5.632265557715777
6066066066.066066,0.9832386092820651,-0.14682152291755543,-5.6526831335716174,0.0033941956833691608,-49.38526246395195,-3.7425391657843354,0.0033941956833691608,-49.38526246395195,-3.7425391657843354,0.983554513587031,-0.14403128542809585,-5.639907957729302
6072072072.072072,0.9832056443978044,-0.14711273823790885,-5.660421215784253,0.002202740137106902,-53.14073469318327,-3.539722259101574,0.002202740137106902,-53.14073469318327,-3.539722259101574,0.9835219102800278,-0.14431921397327724,-5.647544372717153
6078078078.078078,0.9831695317119591,-0.14743177278190944,-5.668153673197632,0.0012948037644676144,-57.75592093229791,-2.963292775525234,0.0012948037644676144,-57.75592093229791,-2.963292775525234,0.9834861734947175,-0.14463482607047126,-5.655175366739459
6084084084.084084,0.9831302152202849,-0.1477791244084521,-5.675881083901669,0.0014338968242975385,-56.869641941987865,-1.9502096464879572,0.0014338968242975385,-56.869641941987865,-1.9502096464879572,0.983447247419916,-0.1449786176662801,-5.662801510888962
6090090090.09009,0.9830876356962032,-0.14815531979992458,-5.68360403347325,0.0024610972446773753,-52.17742451592851,-1.4898365329507413,0.0024610972446773753,-52.17742451592851,-1.4898365329507413,0.9834050730253816,-0.14535111348889562,-5.670423383681493
6096096096.096096,0.9830417305603699,-0.14856091563769958,-5.6913231153820805,0.003708096376740465,-48.61697973357871,-1.3211975264069287,0.003708096376740465,-48.61697973357871,-1.3211975264069287,0.9833595879314746,-0.1457528682222062,-5.67804157146065
6102102102.102102,0.9829924337426884,-0.1489964998465131,-5.69903893141158,0.005020971875817075,-45.984244225019175,-1.2423605550105818,0.005020971875817075,-45.984244225019175,-1.2423605550105818,0.9833107262712315,-0.14618446774900692,-5.685656668817423
6108108108.1081085,0.9829396755362596,-0.14946269291237735,-5.706752092095525,0.006365328689983852,-43.923583310558136,-1.1994515322027564,0.006365328689983852,-43.923583310558136,-1.1994515322027564,0.9832584185443854,-0.1466465304676332,-5.69326927902557
6114114114.114115,0.9828833824428227,-0.14996014927817516,-5.714463217171308,0.007730233683521074,-42.23614754484249,-1.1741456347220822,0.007730233683521074,-42.23614754484249,-1.1741456347220822,0.9832025914628671,-0.14713970868631726,-5.700880014493526
6120120120.12012,0.9828234770091365,-0.1504895588220017,-5.7221729360506695,0.009111387237008807,-40.808309906178295,-1.158699806500711,0.009111387237008807,-40.808309906178295,-1.158699806500711,0.983143167787257,-0.14766469010015792,-5.708489497233769
6126126126.126126,0.9827598776537795,-0.15105164842310223,-5.729881888308857,0.010506915155022662,-39.57049549447875,-1.1493134196773738,0.010506915155022662,-39.57049549447875,-1.1493134196773738,0.983080066153623,-0.14822219935592645,-5.716098359350553
6132132132.132133,0.9826924984837319,-0.15164718362128135,-5.73759072419314,0.011915999260144491,-38.47739064844027,-1.1439112331137131,0.011915999260144491,-38.47739064844027,-1.1439112331137131,0.983013200890178,-0.14881299970997144,-5.723707243546964
6138138138.138138,0.9826212491001436,-0.15227697037534013,-5.74530010515176,0.013338343482717917,-37.49796206054211,-1.1412668862623079,0.013338343482717917,-37.49796206054211,-1.1412668862623079,0.9829424818230742,-0.149437894785518,-5.7313168036523585
6144144144.144144,0.9825460343925707,-0.1529418569271814,-5.753010704384392,0.014773936833904325,-36.61007524281809,-1.140610210702693,0.014773936833904325,-36.61007524281809,-1.140610210702693,0.9828678140707,-0.15009773043528665,-5.738927705171288
6150150150.15015,0.982466754320981,-0.1536427357781032,-5.760723207415271,0.0162229374310916,-35.797410136143526,-1.1414336599898554,0.0162229374310916,-35.797410136143526,-1.1414336599898554,0.982789097825708,-0.15079339671657,-5.746540625855026
6156156156.156157,0.9823833036847123,-0.15438054578486543,-5.768438312690206,0.017685611336243297,-35.047598467769724,-1.1433894381280576,0.017685611336243297,-35.047598467769724,-1.1433894381280576,0.982706228124017,-0.1515258299858339,-5.754156256296968
6162162162.162163,0.9822955718775682,-0.1551562743831481,-5.776156732198803,0.019162298352730953,-34.351048044976565,-1.146231407159278,0.019162298352730953,-34.351048044976565,-1.146231407159278,0.9826190945999256,-0.15229601512086333,-5.761775300553184
6168168168.168168,0.9822034426281386,-0.15597095994690865,-5.7838791921232495,0.02065339200072664,-33.70017223974253,-1.1497805989328935,0.02065339200072664,-33.70017223974253,-1.1497805989328935,0.982527581226452,-0.1531049878787251,-5.769398476789491
6174174174.174174,0.9821067937243665,-0.15682569429278373,-5.791606433515124,0.022159327377089016,-33.088868525850536,-1.1539038632476923,0.022159327377089016,-33.088868525850536,-1.1539038632476923,0.9824315660399081,-0.15395383739880034,-5.7770265179565365
6180180180.18018,0.9820054967213347,-0.15772162533915063,-5.799339213001779,0.023680573612353074,-32.51215563892957,-1.1585001688440912,0.023680573612353074,-32.51215563892957,-1.1585001688440912,0.9823309208476934,-0.15484370886039225,-5.784660172494392
6186186186.186186,0.9818994166311503,-0.15865995993037185,-5.807078303523944,0.025217629120725678,-31.96591493589888,-1.1634915403234203,0.025217629120725678,-31.96591493589888,-1.1634915403234203,0.9822255109181668,-0.15577580630559484,-5.792300205068354
6192192192.192192,0.9817884115937066,-0.15964196683765555,-5.814824495106262,0.026771018610307732,-31.446702080617154,-1.1688168998450754,0.026771018610307732,-31.446702080617154,-1.1688168998450754,0.9821151946513945,-0.15675139563870577,-5.799947397337634
6198198198.198198,0.981672332527069,-0.16066897994835538,-5.8225785956626535,0.028341291240476497,-30.951607340177016,-1.174427783347106,0.028341291240476497,-30.951607340177016,-1.174427783347106,0.9819998232294954,-0.1577718078141963,-5.8076025487588385
6204204204.204205,0.9815510227560309,-0.16174240165736392,-5.830341431838413,0.029929019550862992,-30.478150200867002,-1.1802852982596272,0.029929019550862992,-30.478150200867002,-1.1802852982596272,0.9818792402451727,-0.15883844222651977,-5.815266477426178
6210210210.210211,0.9814243176174079,-0.16286370647413684,-5.838113849891166,0.03153479892553523,-30.02419867683413,-1.1863579226243723,0.03153479892553523,-30.02419867683413,-1.1863579226243723,0.9817532813069354,-0.159952770315864,-5.822940020950471
6216216216.216216,0.9812920440404024,-0.16403444486108437,-5.845896716612883,0.03315924744006265,-29.58790668929707,-1.1926198863336017,0.03315924744006265,-29.58790668929707,-1.1926198863336017,0.9816217736194032,-0.16111633940502423,-5.830624037379214
6222222222.222222,0.9811540201003263,-0.1652562473195522,-5.8536909202953,0.034803005991341264,-29.167664874475218,-1.1990499626317903,0.034803005991341264,-29.167664874475218,-1.1990499626317903,0.9814845355369388,-0.16233077678399555,-5.838319406160014
6228228228.228228,0.9810100545437931,-0.16653082874129232,-5.861497371741247,0.03646673864329543,-28.762061510557338,-1.2056305536432663,0.03646673864329543,-28.762061510557338,-1.2056305536432663,0.9813413760887335,-0.16359779406005404,-5.8460270291499095
6234234234.234234,0.9808599462833568,-0.16785999304464158,-5.86931700532457,0.038151133143234435,-28.369851167002174,-1.2123469898539996,0.038151133143234435,-28.369851167002174,-1.2123469898539996,0.9811920944733294,-0.16491919179246695,-5.853747831673281
6240240240.24024,0.9807034838594176,-0.169245638116158,-5.87715078010145,0.03985690157802536,-27.98992931585587,-1.2191869874605616,0.03985690157802536,-27.98992931585587,-1.2191869874605616,0.98103647952037,-0.16629686443283748,-5.861482763631131
6246246246.246246,0.9805404448670211,-0.1706897610803418,-5.884999680976156,0.04158478114904526,-27.621311595292582,-1.2261402236968193,0.04158478114904526,-27.621311595292582,-1.2261402236968193,0.9808743091172347,-0.16773280559342377,-5.869232800664786
6252252252.252253,0.9803705953450071,-0.17219446392175286,-5.892864719924444,0.04333553505163212,-27.263116739110153,-1.2331980013693071,0.04333553505163212,-27.263116739110153,-1.2331980013693071,0.980705349597999,-0.16922911366787863,-5.876998945377251
6258258258.258259,0.9801936891247551,-0.17376195948590062,-5.900746937278009,0.045109953449534654,-26.91455242130035,-1.240352981583842,0.045109953449534654,-26.91455242130035,-1.240352981583842,0.980529355091944,-0.1707879978309491,-5.884782228615602
6264264264.264264,0.980009467135529,-0.17539457788764454,-5.908647403073669,0.04690885453830382,-26.574903438165187,-1.2475989691255736,0.04690885453830382,-26.574903438165187,-1.2475989691255736,0.9803460668286558,-0.172411784445554,-5.892583710818116
6270270270.27027,0.9798176566631979,-0.1770947733581349,-5.916567218471144,0.04873308569409764,-26.243521779559764,-1.2549307388786688,0.04873308569409764,-26.243521779559764,-1.2549307388786688,0.9801552123964652,-0.17410292390845195,-5.900404483430015
6276276276.276276,0.979617970558848,-0.17886513156388142,-5.924507517243604,0.05058352470625848,-25.9198182380115,-1.2623438945158079,0.05058352470625848,-25.9198182380115,-1.2623438945158079,0.9799565049507143,-0.17586399796835558,-5.90824567039197
6282282282.282282,0.979410106393462,-0.18070837743490092,-5.932469467345392,0.05246108109350589,-25.603255278303987,-1.26983475277208,0.05246108109350589,-25.603255278303987,-1.26983475277208,0.9797496423680883,-0.17769772755283098,-5.916108429705828
6288288288.288288,0.9791937455546005,-0.1826273835413433,-5.940454272561671,0.054366697504723276,-25.293340946747506,-1.277400248161704,0.054366697504723276,-25.293340946747506,-1.277400248161704,0.9795343063428735,-0.1796069811440485,-5.923993955082269
6294294294.294294,0.978968552280583,-0.18462517906231307,-5.948463174245028,0.05630135120627559,-24.98962364315509,-1.2850378541504808,0.05630135120627559,-24.98962364315509,-1.2850378541504808,0.9793101614206932,-0.18159478374658128,-5.931903477675478
6300300300.300301,0.9787341726273704,-0.18670495939365514,-5.956497453144436,0.05826605565857935,-24.69168761269286,-1.2927455176683924,0.05826605565857935,-24.69168761269286,-1.2927455176683924,0.9790768539648562,-0.18366432649457115,-5.9398382679102015
6306306306.306307,0.9784902333628529,-0.1888700964463877,-5.964558431332328,0.06026186218533007,-24.399149041597944,-1.3005216045101502,0.06026186218533007,-24.399149041597944,-1.3005216045101502,0.9788340110500937,-0.18581897694931848,-5.947799637406987
6312312312.312313,0.9782363407828811,-0.19112414969130492,-5.972647474235955,0.06228986173941532,-24.111652661976365,-1.3083648536807437,0.06228986173941532,-24.111652661976365,-1.3083648536807437,0.9785812392779273,-0.18806229014358536,-5.95578894101176
6318318318.318318,0.9779720794427663,-0.1934708780113294,-5.980765992779593,0.06435118677009745,-23.828868787794228,-1.316274339136902,0.06435118677009745,-23.828868787794228,-1.316274339136902,0.9783181235074803,-0.19039802043342127,-5.9638075789363585
6324324324.324325,0.9776970107975557,-0.19591425242765612,-5.988915445644655,0.06644701319659176,-23.550490717718255,-1.3242494376821787,0.06644701319659176,-23.550490717718255,-1.3242494376821787,0.9780442254949593,-0.192830134224202,-5.971856999017029
6330330330.33033,0.9774106717436768,-0.19845846977287118,-5.9970973416552384,0.06857856249368449,-23.276232451380842,-1.3322898020142695,0.06857856249368449,-23.276232451380842,-1.3322898020142695,0.9777590824344217,-0.195362823643835,-5.9799386990985
6336336336.336336,0.9771125730539757,-0.2011079673902201,-6.005313242297181,0.07074710389555307,-23.005826674497143,-1.3403953381132032,0.07074710389555307,-23.005826674497143,-1.3403953381132032,0.9774622053918396,-0.19800052124237802,-5.988054229551669
6342342342.342342,0.9768021976973688,-0.2038674389463936,-6.013564764379228,0.07295395672445441,-22.739022975479934,-1.3485661863102807,0.07295395672445441,-22.739022975479934,-1.3485661863102807,0.9771530776236925,-0.20074791580529247,-5.996205195933572
6348348348.348349,0.9764789990336227,-0.20674185145267931,-6.021853582845599,0.07520049285148835,-22.47558626210854,-1.3568027054985439,0.07520049285148835,-22.47558626210854,-1.3568027054985439,0.9768311527705514,-0.20360996937557052,-6.004393261798893
6354354354.354355,0.9761423988728312,-0.2097364635990839,-6.030181433749811,0.077488139297172,-22.215295351677856,-1.365105460042826,0.077488139297172,-22.215295351677856,-1.365105460042826,0.9764958529152427,-0.20659193558911174,-6.012620151672942
6360360360.360361,0.9757917853882444,-0.21285684551569414,-6.038550117400383,0.07981838098011237,-21.957941712080835,-1.3734752090261684,0.07981838098011237,-21.957941712080835,-1.3734752090261684,0.9761465664942298,-0.20969937943770803,-6.0208876541967165
6366366366.366366,0.9754265108700427,-0.2161089000867733,-6.046961501689785,0.08219276362266228,-21.70332833462176,-1.3819128975336066,0.08219276362266228,-21.70332833462176,-1.3819128975336066,0.9757826460497838,-0.2129381985852521,-6.029197625455467
6372372372.372373,0.9750458893064671,-0.2194988859555837,-6.055417525618809,0.08461289682302178,-21.45126872215264,-1.3904196497267647,0.08461289682302178,-21.45126872215264,-1.3904196497267647,0.9754034058093356,-0.216314646375239,-6.037551992502953
6378378378.378378,0.9746491937774708,-0.2230334423713212,-6.063920203029389,0.08708045730389197,-21.201585978462838,-1.3989967635060045,0.08708045730389197,-21.201585978462838,-1.3989967635060045,0.9750081190771859,-0.2198353566807754,-6.045952757094468
6384384384.384384,0.9742356536446416,-0.22671961604477073,-6.072471626559912,0.08959719234844367,-20.954111986820617,-1.407645706592822,0.08959719234844367,-20.954111986820617,-1.407645706592822,0.97459601542225,-0.22350737076423569,-6.054401999642698
6390390390.39039,0.9738044515195569,-0.23056489019639265,-6.081073971837955,0.09216492343503656,-20.708686667228967,-1.4163681138950412,0.09216492343503656,-20.708686667228967,-1.4163681138950412,0.9741662776440477,-0.2273381663297674,-6.062901883411423
6396396396.396397,0.9733547199910805,-0.23457721599874196,-6.089729501926591,0.0947855500828587,-20.46515730336546,-1.4251657860426103,0.0947855500828587,-20.46515730336546,-1.4251657860426103,0.9737180384973576,-0.2313356889711995,-6.0714546589632095
6402402402.402403,0.9728855380901643,-0.23876504663636108,-6.098440572041448,0.0974610539213774,-20.223377931377726,-1.4340406890030597,0.0974610539213774,-20.223377931377726,-1.4340406890030597,0.9732503771541114,-0.23550838623828646,-6.080062668878374
6408408408.408409,0.9723959274686543,-0.2431373742292109,-6.107209634557033,0.10019350299728594,-19.983208783728507,-1.442994954703867,0.10019350299728594,-19.983208783728507,-1.442994954703867,0.9727623153790085,-0.2398652445673745,-6.088728352763759
6414414414.414414,0.9718848482662946,-0.24770376989145584,-6.116039244322125,0.10298505633341991,-19.744515782163592,-1.4520308826046608,0.10298505633341991,-19.744515782163592,-1.4520308826046608,0.9722528133929639,-0.24441582934886852,-6.097454252571225
6420420420.420421,0.9713511946375485,-0.2524744272263626,-6.124932064305458,0.10583796875493472,-19.50717007463265,-1.4611509421757272,0.10583796875493472,-19.50717007463265,-1.4611509421757272,0.9717207653960365,-0.24917032843185807,-6.1062430182471035
6426426426.426426,0.9707937899070611,-0.2574602095898968,-6.133890871594439,0.1087545959988881,-19.271047611645034,-1.470357776251292,0.1087545959988881,-19.271047611645034,-1.470357776251292,0.9711649947185683,-0.2541395993991288,-6.115097413735503
6432432432.432432,0.9702113813194261,-0.2626727014917917,-6.142918563771262,0.11173740012422044,-19.036028758110344,-1.4796542052366064,0.11173740012422044,-19.036028758110344,-1.4796542052366064,0.9705842485661852,-0.25933522098124795,-6.124020323359871
6438438438.438438,0.9696026343454833,-0.26812426454273075,-6.152018165692501,0.11478895523998388,-18.801997937207744,-1.4890432321574434,0.11478895523998388,-18.801997937207744,-1.4890432321574434,0.9699771923208355,-0.2647695490185962,-6.133014758609019
6444444444.444445,0.9689661265035322,-0.27382809840127653,-6.161192836700085,0.11791195357053555,-18.56884330326009,-1.4985280485492591,0.11791195357053555,-18.56884330326009,-1.4985280485492591,0.9693424033561822,-0.27045577742535026,-6.142083865355635
6450450450.450451,0.9683003406496029,-0.27979830722442245,-6.170445878293476,0.12110921187722927,-18.336456440971446,-1.508112041191313,0.12110921187722927,-18.336456440971446,-1.508112041191313,0.9686783643214426,-0.27640800465946797,-6.151230931537221
6456456456.456457,0.9676036576861841,-0.286049972182409,-6.179780742294958,0.12438367825696246,-18.10473208872265,-1.5177987996985407,0.12438367825696246,-18.10473208872265,-1.5177987996985407,0.9679834558430064,-0.2826413062596215,-6.160459395331513
6462462462.462462,0.9668743486336333,-0.29259923066136434,-6.189201039542015,0.1277384393386564,-17.873567883922366,-1.5275921249910882,0.1277384393386564,-17.873567883922366,-1.5275921249910882,0.9672559485879871,-0.28917181407296066,-6.169772853860535
6468468468.468469,0.9661105660026853,-0.29946336284875175,-6.198710549143094,0.1311767278994194,-17.64286412868117,-1.5374960386682746,0.1311767278994194,-17.64286412868117,-1.5374960386682746,0.9664939946280141,-0.29601680286930926,-6.1791750724597465
6474474474.474474,0.9653103344000082,-0.3066608864771062,-6.208313228335325,0.13470193092267857,-17.412523574322208,-1.5475147933203781,0.13470193092267857,-17.412523574322208,-1.5475147933203781,0.9656956180351655,-0.30319478511732895,-6.188669994551072
6480480480.48048,0.964471540291718,-0.31421166059104855,-6.218013222985262,0.13831759812095548,-17.182451223466956,-1.557652883818298,0.13831759812095548,-17.182451223466956,-1.557652883818298,0.9648587046347995,-0.31072561478859084,-6.198261752161098
6486486486.486486,0.9635919208417695,-0.3221369993050852,-6.227814878776063,0.14202745094611244,-16.952554148644754,-1.5679150596275298,0.14202745094611244,-16.952554148644754,-1.5679150596275298,0.9639809908321283,-0.3186306011572726,-6.2079546771281375
6492492492.492493,0.962669051733446,-0.330459796633918,-6.237722753127193,0.14583539210982005,-16.722741326569725,-1.5783063381995839,0.14583539210982005,-16.722741326569725,-1.5783063381995839,0.9630600514205903,-0.3269326336781728,-6.217753313044491
6498498498.498499,0.9617003338724117,-0.33920466360700446,-6.247741627895138,0.14974551563653257,-16.492923487416682,-1.5888320195004988,0.14974551563653257,-16.492923487416682,-1.5888320195004988,0.9620932862703634,-0.33565631915534194,-6.227662427982765
6504504504.504505,0.9606829788590283,-0.34839807902568154,-6.257876522906093,0.15376211747035226,-16.26301297860977,-1.5994977017428198,0.15376211747035226,-16.26301297860977,-1.5994977017428198,0.9610779057845441,-0.344828132560614,-6.237687028057567
6510510510.51051,0.9596139931057247,-0.35806855538692584,-6.268132710374059,0.1578897066557503,-16.032923642813582,-1.6103092983943075,0.1578897066557503,-16.032923642813582,-1.6103092983943075,0.9600109149985803,-0.35447658302727014,-6.247832371876406
6516516516.516517,0.9584901604619491,-0.36824682168631784,-6.278515730259843,0.16213301710992328,-15.80257070999803,-1.6212730565435125,0.16213301710992328,-15.80257070999803,-1.6212730565435125,0.9588890961853183,-0.3646323967321991,-6.258103985935804
6522522522.522522,0.9573080231946856,-0.3789660250254252,-6.289031406628424,0.16649702000157823,-15.571870703627999,-1.632395576709458,0.16649702000157823,-15.571870703627999,-1.632395576709458,0.9577089898133748,-0.37532871859345035,-6.268507681020596
6528528528.528528,0.9560638611563215,-0.39026195319137585,-6.299685865063671,0.17098693674686902,-15.340741361216867,-1.643683834189913,0.17098693674686902,-15.340741361216867,-1.643683834189913,0.9564668736903632,-0.38660133495243687,-6.279049569666014
6534534534.534534,0.9547536689538461,-0.4021732806514541,-6.310485551200288,0.17560825262779142,-15.109101569681032,-1.6551452020498585,0.17560825262779142,-15.109101569681032,-1.6551452020498585,0.9551587401046797,-0.39848891968518957,-6.2897360847431285
6540540540.540541,0.9533731309137857,-0.41474184071805553,-6.32143725043303,0.18036673103136072,-14.876871316141562,-1.666787475859058,0.18036673103136072,-14.876871316141562,-1.666787475859058,0.9537802707598774,-0.4110333065004835,-6.300573999228476
6546546546.546547,0.9519175936156893,-0.4280129269959154,-6.3325481088624,0.1852684282989135,-14.643971655045146,-1.678618900294696,0.1852684282989135,-14.643971655045146,-1.678618900294696,0.9523268092741155,-0.4242797905386634,-6.311570447217982
6552552552.552553,0.9503820357433418,-0.44203562762953674,-6.343825655533795,0.1903197091634992,-14.410324692722229,-1.6906481977319219,0.1903197091634992,-14.410324692722229,-1.6906481977319219,0.9507933309933815,-0.4382774627924131,-6.3227329462431845
6558558558.558558,0.9487610349771268,-0.4568631963312928,-6.355277826023114,0.19552726273900214,-14.175853590770885,-1.7028845989514656,0.19552726273900214,-14.175853590770885,-1.7028845989514656,0.949174409841476,-0.4530795813327265,-6.334069420943926
6564564564.564565,0.9470487316228502,-0.47255346469944504,-6.366912987415622,0.20089811900679927,-13.940482589952076,-1.7153378760992681,0.20089811900679927,-13.940482589952076,-1.7153378760992681,0.9474641819014711,-0.46874398385369553,-6.345588228145676
6570570570.57057,0.9452387886419211,-0.48916930093929284,-6.378739964715779,0.206439665723563,-13.704137056615398,-1.728018378037637,0.206439665723563,-13.704137056615398,-1.728018378037637,0.9456563053929928,-0.48533354665315764,-6.357298183380735
6576576576.576576,0.94332434771513,-0.5067791207905881,-6.3907680687129815,0.2121596656464679,-13.466743554044164,-1.7409370682307275,0.2121596656464679,-13.466743554044164,-1.7409370682307275,0.9437439166767909,-0.5029166958583655,-6.369208588880064
6582582582.582582,0.9412979809372746,-0.5254574572548708,-6.403007125310802,0.21806627393838524,-13.228229941525559,-1.754105565308296,0.21806627393838524,-13.228229941525559,-1.754105565308296,0.9417195818831517,-0.521567977495692,-6.381329263045357
6588588588.588589,0.9391516377030341,-0.5452855966202259,-6.415467506304099,0.22416805557444305,-12.988525504418284,-1.7675361864502985,0.22416805557444305,-12.988525504418284,-1.7675361864502985,0.9395752437235714,-0.541368693910062,-6.3936705713881405
6594594594.594595,0.93687658630585,-0.566352289318077,-6.428160161557819,0.23047400252099765,-12.747561119017085,-1.7812419937298203,0.23047400252099765,-12.747561119017085,-1.7812419937298203,0.9373021630065155,-0.5624076150767304,-6.406243458892476
6600600600.600601,0.9344633497320624,-0.5887545453340006,-6.44109665250172,0.23699355039688008,-12.505269456604593,-1.7952368435423425,0.23699355039688008,-12.505269456604593,-1.7952368435423425,0.9348908543383381,-0.5847817745380499,-6.419059483718682
6606606606.6066065,0.9319016350927635,-0.6125985252577345,-6.454289186803927,0.24373659425248018,-12.26158523174992,-1.8095354392336462,0.24373659425248018,-12.26158523174992,-1.8095354392336462,0.9323310154505372,-0.6085973610626547,-6.432130852114765
6612612612.612613,0.9291802560972642,-0.6380005396209155,-6.467750654021022,0.25071350301249895,-12.01644550066062,-1.82415338701562,0.25071350301249895,-12.01644550066062,-1.82415338701562,0.9296114495558094,-0.6339707186900705,-6.445470454337581
6618618618.618618,0.9262870479364163,-0.6650881709657508,-6.481494661938925,0.25793513201983326,-11.76979001623916,-1.8391072552261472,0.25793513201983326,-11.76979001623916,-1.8391072552261472,0.9267199800994588,-0.6610294696219523,-6.459091901303141
6624624624.624624,0.9232087739137556,-0.6940015351485505,-6.4955355732137,0.26541283298792434,-11.521561647434503,-1.8544146369442485,0.26541283298792434,-11.521561647434503,-1.8544146369442485,0.9236433572423202,-0.6899137764845553,-6.473009561581167
6630630630.6306305,0.9199310231409811,-0.724894700747382,-6.509888541788479,0.2731584605127715,-11.271706871532189,-1.8700942159108727,0.2731584605127715,-11.271706871532189,-1.8700942159108727,0.9203671553895628,-0.7207777628577543,-6.487238598217173
6636636636.636637,0.9164380986059504,-0.7579372881600421,-6.524569548395953,0.2811843741094344,-11.020176349189743,-1.8861658356260138,0.2811843741094344,-11.020176349189743,-1.8861658356260138,0.9168756610712168,-0.7537911136875396,-6.501795004699909
6642642642.642643,0.9127128949322569,-0.7933162730968558,-6.539595434246963,0.2895034345159571,-10.766925593309109,-1.902650571389042,0.2895034345159571,-10.766925593309109,-1.902650571389042,0.9131517504908118,-0.7891408803243215,-6.516695639184548
6648648648.648649,0.9087367651871721,-0.8312380227524298,-6.554983931744363,0.2981289927445663,-10.511915744244362,-1.9195708049156228,0.2981289927445663,-10.511915744244362,-1.9195708049156228,0.9091767560959039,-0.8270335185173515,-6.53195825582264
6654654654.6546545,0.9044893761692812,-0.8719305970486173,-6.570753690736044,0.30707487004987366,-10.255114465357575,-1.936950300995181,0.30707487004987366,-10.255114465357575,-1.936950300995181,0.9049303215984719,-0.8676971918138869,-6.547601531726733
6660660660.660661,0.8999485517317176,-0.9156463520508082,-6.586924298415496,0.3163553266196266,-9.996496974560646,-1.9548142854384505,0.3163553266196266,-9.996496974560646,-1.9548142854384505,0.9003902449972739,-0.9113843775352961,-6.563645087694921
6666666666.666666,0.895090103887604,-0.9626648880608922,-6.603516290475032,0.32598501636923805,-9.736047229175455,-1.9731895232966092,0.32598501636923805,-9.736047229175455,-1.9731895232966092,0.895532309344572,-0.9583748179196125,-6.5801095003206855
6672672672.672672,0.8898876517223677,-1.0132963910771675,-6.620551150492405,0.3359789247303887,-9.473759283177007,-1.9921043960001972,0.3359789247303887,-9.473759283177007,-1.9921043960001972,0.8903301012771553,-1.0089788652284897,-6.5970163024932305
6678678678.6786785,0.8843124285290166,-1.067885423396556,-6.6380512937580525,0.34635228576125365,-9.209638837590704,-2.0115889756545275,0.34635228576125365,-9.209638837590704,-2.0115889756545275,0.8847548177225092,-1.0635412767283174,-6.6143879685251985
6684684684.684685,0.8783330781197556,-1.1268152272442848,-6.656040030793655,0.3571204742684664,-8.943705006398128,-2.031675094224329,0.3571204742684664,-8.943705006398128,-2.031675094224329,0.878775061727649,-1.1224455236000945,-6.632247879194541
6690690690.690691,0.8719154419901296,-1.1905126145992178,-6.674541504630679,0.36829886791906263,-8.675992321639715,-2.052396404727552,0.36829886791906263,-8.675992321639715,-2.052396404727552,0.872356629080338,-1.1861186871602973,-6.650620260813424
6696696696.696697,0.8650223399684838,-1.259453527009974,-6.69358059445888,0.37990267354058055,-8.406553002301978,-2.073788430819366,0.37990267354058055,-8.406553002301978,-2.073788430819366,0.8654622883483182,-1.2550370264603736,-6.669530090988358
6702702702.702703,0.8576133482305711,-1.3341693613804395,-6.713182776455782,0.3919467109737525,-8.135459511797107,-2.0958886002647197,0.3919467109737525,-8.135459511797107,-2.0958886002647197,0.858051558208438,-1.3297323135926853,-6.689002961949664
6708708708.708709,0.8496445801631098,-1.4152541716997171,-6.733373930391297,0.4044451469819121,-7.862807428053044,-2.118736256754722,0.4044451469819121,-7.862807428053044,-2.118736256754722,0.8500804875406885,-1.4107990471280831,-6.709064890127644
6714714714.714715,0.8410684775952622,-1.5033728728391471,-6.7541800778698935,0.4174111708785213,-7.5887186480092215,-2.1423726433044816,0.4174111708785213,-7.5887186480092215,-2.1423726433044816,0.8415014457963184,-1.4989026703924135,-6.729742057941783
6720720720.72072,0.8318336224644759,-1.5992705912831933,-6.775627034705645,0.43085660277736987,-7.313344944106836,-2.166840849070494,0.43085660277736987,-7.313344944106836,-2.166840849070494,0.8322629336954731,-1.59478894021343,-6.751060470428729
6726726726.726727,0.8218845821251701,-1.7037833296261709,-6.797739955770117,0.4447914247986112,-7.036871883490459,-2.192185709846659,0.4447914247986112,-7.036871883490459,-2.192185709846659,0.8223094274502014,-1.6992946139793497,-6.7730455052138385
6732732732.732733,0.8111618053219597,-1.8178501377402574,-6.820542745512898,0.45922322531814486,-6.75952311026613,-2.218453650759075,0.45922322531814486,-6.75952311026613,-2.218453650759075,0.8115812735198438,-1.813359649255475,-6.795721329235381
6738738738.738739,0.7996015903909762,-1.9425270150069238,-6.844057300971082,0.47415654661915324,-6.481564976293001,-2.245692457825717,0.47415654661915324,-6.481564976293001,-2.245692457825717,0.8000146554445077,-1.9380411421516013,-6.819110149305541
6744744744.744745,0.7871361525440347,-2.0790028068382167,-6.868302546107576,0.4895921273438876,-6.203311485493231,-2.273950963157969,0.4895921273438876,-6.203311485493231,-2.273950963157969,0.7875416595890051,-2.0745292701048093,-6.843231255692941
6750750750.7507515,0.7736938230881439,-2.2286174077993453,-6.893293206261846,0.5055260332700815,-5.925129489316384,-2.3032786267863443,0.5055260332700815,-5.925129489316384,-2.3032786267863443,0.7740904726203088,-2.2241655547260866,-6.868099807957407
6756756756.756757,0.7591994199965727,-2.392882647347208,-6.919038258660994,0.5219486735384594,-5.647444035547986,-2.3337249965871507,0.5219486735384594,-5.647444035547986,-2.3337249965871507,0.7595857500944777,-2.388463825340357,-6.893725299568818
6762762762.762763,0.743574836098399,-2.5735063190605296,-6.945538978284615,0.5388437049845468,-5.370743728029188,-2.3653390268446888,0.5388437049845468,-5.370743728029188,-2.3653390268446888,0.743949202362679,-2.5691343505540343,-6.920109621371778
6768768768.768768,0.7267398978261015,-2.772419930025754,-6.97278647631954,0.5561868351634396,-5.0955859003590795,-2.398168235976701,0.5561868351634396,-5.0955859003590795,-2.398168235976701,0.7271004506521759,-2.7681117236625763,-6.947244622150496
6774774774.774775,0.7086135532655011,-2.991810908187558,-7.0007585985031024,0.5739445454654201,-4.822601342347359,-2.4322576853562534,0.5739445454654201,-4.822601342347359,-2.4322576853562534,0.7089582119416966,-2.987587252840152,-6.975109034952129
6780780780.780781,0.6891154522545982,-3.2341602330611883,-7.029416008885063,0.5920727697596109,-4.552498245175852,-2.4676487645608023,0.5920727697596109,-4.552498245175852,-2.4676487645608023,0.689441875189028,-3.2300468406322547,-7.003664596527271
6786786786.786787,0.6681679823323726,-3.502286779570589,-7.058697224538045,0.6105155813850032,-4.286064953033077,-2.504377774430491,0.6105155813850032,-4.286064953033077,-2.504377774430491,0.668473532424602,-3.4983156707924583,-7.032851127892478
6792792792.792793,0.6456988212246316,-3.79940012866206,-7.0885122779944805,0.6292039617135009,-4.024171031054618,-2.5424743087055464,0.6292039617135009,-4.024171031054618,-2.5424743087055464,0.6459805249589948,-3.795611498622673,-7.0625802561614694
6798798798.7987995,0.621644058282308,-4.1291642602428045,-7.118734549189277,0.6480547459589996,-3.767766090501393,-2.581959448346599,0.6480547459589996,-3.767766090501393,-2.581959448346599,0.6218985564468261,-4.125609025424513,-7.092727324023965
6804804804.804805,0.5959519236950379,-4.495775480232631,-7.149190097965496,0.666969864511519,-3.517875764608166,-2.622843800295465,0.666969864511519,-3.517875764608166,-2.622843800295465,0.5961754105967216,-4.492518810361083,-7.123120824208078
6810810810.810811,0.5685871470857984,-4.904059235254258,-7.179643491414459,0.6858360178353672,-3.2755942182972357,-2.6651254343394912,0.6858360178353672,-3.2755942182972357,-2.6651254343394912,0.568775293542635,-4.901185534987033,-7.153528361705786
6816816816.816816,0.5395359515433423,-5.359592223080927,-7.209778570098117,0.7045249356972066,-3.0420726204594093,-2.7087877971308916,0.7045249356972066,-3.0420726204594093,-2.7087877971308916,0.5396838044745937,-5.357212292127315,-7.183637599104796
6822822822.822823,0.5088116870386887,-5.868858436260452,-7.239171679033228,0.7228943719954741,-2.8185031277144863,-2.753797709560289,0.7228943719954741,-2.8185031277144863,-2.753797709560289,0.5089135346513931,-5.867119976589904,-7.213029725185507
6828828828.828829,0.4764611416982273,-6.439450258716047,-7.267253324094,0.7407899691348757,-2.606098139342804,-2.8001035797244924,0.7407899691348757,-2.606098139342804,-2.8001035797244924,0.47651032727617904,-6.438553651595767,-7.24114142338938
6834834834.834835,0.44257168426738663,-7.080327513543918,-7.293251486285332,0.75804808575687,-2.406064892200663,-2.8476339846427634,0.75804808575687,-2.406064892200663,-2.8476339846427634,0.4425603421072304,-7.0805501170616845,-7.267208584053874
6840840840.840841,0.40727966857042763,-7.802145387676639,-7.316104959701834,0.7744996158917702,-2.219575865806957,-2.8962967847666516,0.7744996158917702,-2.219575865806957,-2.8962967847666516,0.4071983406017001,-7.803880009741933,-7.290180112475902
6846846846.846848,0.3707811305702425,-8.61764751308263,-7.334326196513535,0.7899747373626803,-2.047735936201607,-2.9459789310838884,0.7899747373626803,-2.047735936201607,-2.9459789310838884,0.37061819855768724,-8.621465184469008,-7.308581213966389
6852852852.852853,0.33334705612596555,-9.542067517766634,-7.345776617442665,0.8043084191350134,-1.891547705527875,-2.9965471009608997,0.8043084191350134,-1.891547705527875,-2.9965471009608997,0.33308788855450555,-9.548823169026868,-7.3202887347506405
6858858858.858859,0.2953480890254087,-10.593316695778993,-7.347286414639707,0.8173464039673372,-1.751876875536633,-3.0478492536712527,0.8173464039673372,-1.751876875536633,-3.0478492536712527,0.2949737547327023,-10.604332472424826,-7.32214935980069
6864864864.864864,0.2572990197849677,-11.791237365788444,-7.333994816253231,0.8289512820649918,-1.6294198486341758,-3.0997171310979454,0.8289512820649918,-1.6294198486341758,-3.0997171310979454,0.2567843919784229,-11.808627546927152,-7.309312826722952
6870870870.870871,0.21994504552636923,-13.15371632955441,-7.298200659652152,0.8390082036775129,-1.5246758538799432,-3.151969648849607,0.8390082036775129,-1.5246758538799432,-3.151969648849607,0.21925627671507228,-13.180959302116266,-7.274058299583281
6876876876.876877,0.18443530788332888,-14.68311869915662,-7.227479195943746,0.8474297617191839,-1.4379257530437073,-3.2044170375186005,0.8474297617191839,-1.4379257530437073,-3.2044170375186005,0.18352774407607247,-14.725965474193085,-7.203835265216994
6882882882.882883,0.152662838296318,-16.3253333501627,-7.102467356542786,0.8541596202019637,-1.36921926782986,-3.2568655153067407,0.8541596202019637,-1.36921926782986,-3.2568655153067407,0.15148528069295816,-16.392591280446066,-7.078837701565623
6888888888.888889,0.12779825910232073,-17.869501243960084,-6.898918712251522,0.8591745698211352,-1.3183717173829024,-3.3091222144107006,0.8591745698211352,-1.3183717173829024,-3.3091222144107006,0.12632439694134687,-17.970255327168946,-6.873680492409648
6894894894.894896,0.11440124234415984,-18.83138518563548,-6.610282761689418,0.8624848449445985,-1.2849705468852726,-3.361000054590681,0.8624848449445985,-1.2849705468852726,-3.361000054590681,0.11271607979541576,-18.960282483287155,-6.580411791300496
6900900900.900901,0.11606535036851871,-18.70594826495835,-6.2908878315884165,0.8641327125534704,-1.268391078580404,-3.4123222634563795,0.8641327125534704,-1.268391078580404,-3.4123222634563795,0.11440563613227459,-18.831051594627056,-6.2548344664618725
6906906906.906907,0.13152550686580383,-17.619800317345206,-6.027068679705048,0.8641895143598205,-1.2678201500652289,-3.4629262830840166,0.8641895143598205,-1.2678201500652289,-3.4629262830840166,0.13009639244908597,-17.714694923676447,-5.987064433171494
6912912912.912912,0.15593829491274608,-16.140944376532094,-5.849756224571078,0.8627514813242482,-1.2822857272460082,-3.5126668694824486,0.8627514813242482,-1.2822857272460082,-3.5126668694824486,0.1547893708215162,-16.205177300976345,-5.808468242506389
6918918918.918919,0.18497559572596944,-14.657711306606501,-5.741863949021299,0.8599347261962081,-1.3106902571904933,-3.561418273796866,0.8599347261962081,-1.3106902571904933,-3.561418273796866,0.18407554121642664,-14.700078278851965,-5.700536236873553
6924924924.924925,0.21598818754920945,-13.31139999758104,-5.679862554905922,0.8558698472549127,-1.3518454755374947,-3.6090754791345248,0.8558698472549127,-1.3518454755374947,-3.6090754791345248,0.21529304396111368,-13.339400036889002,-5.638849635457929
6930930930.930931,0.24749854847628963,-12.128546875261687,-5.647005344381739,0.8506965495972871,-1.4045065735692335,-3.655554542968026,0.8506965495972871,-1.4045065735692335,-3.655554542968026,0.24697188126511824,-12.147049801734022,-5.606328460105576
6936936936.936937,0.2786736204956513,-11.098082801219892,-5.632837493220136,0.8445586223429835,-1.4674039976092812,-3.7007921539927513,0.8445586223429835,-1.4674039976092812,-3.7007921539927513,0.27828833820697807,-11.110099851650098,-5.592419410329287
6942942942.942944,0.30902844784784367,-10.200030788547938,-5.630915789761898,0.8375995185404321,-1.5392716193085816,-3.744744550088155,0.8375995185404321,-1.5392716193085816,-3.744744550088155,0.3087647831681523,-10.207444798068684,-5.590660863504037
6948948948.948949,0.33827533060628084,-9.414593456727319,-5.6371836063083585,0.8299586867348203,-1.6188705035543416,-3.7873859606689146,0.8299586867348203,-1.6188705035543416,-3.7873859606689146,0.3381187391625835,-9.418615183360684,-5.59700205333009
6954954954.954955,0.3662455598522885,-8.724552634782013,-5.649010239367604,0.8217687130540839,-1.7050079503762263,-3.8287067352281667,0.8217687130540839,-1.7050079503762263,-3.8287067352281667,0.36618516466025797,-8.725985086906917,-5.6088238146861915
6960960960.96096,0.39284642883786564,-8.11554380891849,-5.6646396017345655,0.8131532592465921,-1.796551858788272,-3.8687113049733592,0.8131532592465921,-1.796551858788272,-3.8687113049733592,0.3928739563829109,-8.114935192360068,-5.624381432572843
6966966966.966967,0.41803595076665434,-7.575727352623863,-5.682869375743743,0.8042257292916398,-1.8924407358127056,-3.907416101273853,0.8042257292916398,-1.8924407358127056,-3.907416101273853,0.4181450152436207,-7.57346152248842,-5.642482227847109
6972972972.972973,0.4418069520603512,-7.095349091261184,-5.702859021642691,0.795088564863927,-1.9916898522943425,-3.944847527828139,0.795088564863927,-1.9916898522943425,-3.944847527828139,0.4419925714827823,-7.09170059451803,-5.662293388507013
6978978978.978979,0.46417645210728864,-6.666337905747812,-5.724011229387013,0.7858330552661672,-2.093394139708976,-3.9810400566570188,0.7858330552661672,-2.093394139708976,-3.9810400566570188,0.4644347169501744,-6.661506475639527,-5.683223651082077
6984984984.984985,0.48517822964828267,-6.281973890476063,-5.745896414966731,0.77653954635794,-2.1967284464173815,-4.016034493699392,0.77653954635794,-2.1967284464173815,-4.016034493699392,0.48550607241243504,-6.276106676655264,-5.70484810292826
6990990990.990992,0.5048574399328832,-5.936624785788071,-5.7682032158560155,0.7672779411904193,-2.3009457468412573,-4.049876439299663,0.7672779411904193,-2.3009457468412573,-4.049876439299663,0.5052524723723977,-5.9298310531334275,-5.726858956986992
6996996996.996997,0.5232666314947547,-5.625539183278714,-5.790705163697537,0.758108398656099,-2.405373840594688,-4.082614952729419,0.758108398656099,-2.405373840594688,-4.082614952729419,0.5237270279688424,-5.617900257894046,-5.749032452601012
7003003003.003003,0.5404627650406658,-5.3446844243856635,-5.813237711018516,0.7490821524296667,-2.509411005413302,-4.114301417970892,0.7490821524296667,-2.509411005413302,-4.114301417970892,0.5409871778905762,-5.336260562466019,-5.771206060383984
7009009009.009008,0.556504975754405,-5.090618965021367,-5.83568206140908,0.7402423886351289,-2.612520988891673,-4.144988599829395,0.7402423886351289,-2.612520988891673,-4.144988599829395,0.5570924733578669,-5.081454181420623,-5.7932624487878925
7015015015.015015,0.5714529003275434,-4.860391174867932,-5.85795357946334,0.7316251356416531,-2.7142276472107274,-4.1747298743888415,0.7316251356416531,-2.7142276472107274,-4.1747298743888415,0.5721029215531717,-4.850516688413913,-5.815117997521447
7021021021.021021,0.5853654389737855,-4.651458453420823,-5.879993352125078,0.7232601324184804,-2.8141094689093595,-4.20357861519255,0.7232601324184804,-2.8141094689093595,-4.20357861519255,0.5860777597685428,-4.6408951745877225,-5.836714437046576
7027027027.027027,0.598299854598602,-4.461622054040985,-5.901761962004139,0.7151716526807199,-2.9117941607619198,-4.231587715684837,0.7151716526807199,-2.9117941607619198,-4.231587715684837,0.5990745637778276,-4.450382396222944,-5.85801268070205
7033033033.033033,0.6103111334343312,-4.288974149451062,-5.923234841087854,0.70737927065081,-3.006953421776039,-4.25880922883996,0.70737927065081,-3.006953421776039,-4.25880922883996,0.6111486156456774,-4.27706335303397,-5.878988222426709
7039039039.03904,0.6214515476472859,-4.131854521772724,-5.944398771570665,0.699898560840667,-3.0992979899860056,-4.285294106094675,0.699898560840667,-3.0992979899860056,-4.285294106094675,0.6223524720984126,-4.119271620288211,-5.899627670202089
7045045045.045045,0.631770372762346,-3.9888148888935566,-5.965249231015515,0.6927417291097573,-3.1885730142256445,-4.3110920193519595,0.6927417291097573,-3.1885730142256445,-4.3110920193519595,0.632735686733797,-3.9755534067711116,-5.919926114941461
7051051051.051051,0.6413137224116999,-3.8585893446797064,-5.985788366670704,0.6859181756820797,-3.2745537782626126,-4.336251251690858,0.6859181756820797,-3.2745537782626126,-4.336251251690858,0.6423446488836776,-3.8446377892098065,-5.9398851214982935
7057057057.057056,0.6501244706032374,-3.7400697372647085,-6.0060234436991635,0.6794349931052996,-3.357041786317929,-4.360818644331492,0.6794349931052996,-3.357041786317929,-4.360818644331492,0.6512225095489202,-3.725411928841043,-5.959511187903693
7063063063.063063,0.6582422378723122,-3.63228506962888,-6.025965653796888,0.6732974035704641,-3.4358612058793003,-4.384839589254355,0.6732974035704641,-3.4358612058793003,-4.384839589254355,0.6594091709383836,-3.6169003413023537,-5.978814560289643
7069069069.069069,0.665703422639307,-3.534384203326704,-6.045629200187774,0.6675091408027891,-3.5108556547574707,-4.408358058592014,0.6675091408027891,-3.5108556547574707,-4.408358058592014,0.6669413210650013,-3.51824749134539,-5.997808320183322
7075075075.075075,0.6725412630757149,-3.4456212963598154,-6.065030596166997,0.6620727820625335,-3.581885313602187,-4.431416663466101,0.6620727820625335,-3.581885313602187,-4.431416663466101,0.6738524988077781,-3.428703136485111,-6.01650768182569
7081081081.081081,0.6787859179615136,-3.3653435219913796,-6.084188129777738,0.6569900358017393,-3.6488243418070216,-4.454056736319347,0.6569900358017393,-3.6488243418070216,-4.454056736319347,0.6801731780131961,-3.3476099611660852,-6.03492945240943
7087087087.087088,0.6844645575413889,-3.2929807055366784,-6.103121458556953,0.6522619903153895,-3.7115585732647642,-4.476318431993967,0.6522619903153895,-3.7115585732647642,-4.476318431993967,0.6859308617254377,-3.2743931343877404,-6.053091619343525
7093093093.093094,0.6896014573746431,-3.228036587254554,-6.1218513067375255,0.6478893283844528,-3.7699834682925464,-4.498240843845003,0.6478893283844528,-3.7699834682925464,-4.498240843845003,0.6911501796185503,-3.2085514955529986,-6.071013036986384
7099099099.099099,0.6942180897210006,-3.1700814761083054,-6.140399243648981,0.6438725124912303,-3.824002298846797,-4.519862132065545,0.6438725124912303,-3.824002298846797,-4.519862132065545,0.69585298325147,-3.149650130403134,-6.088713191540484
7105105105.105105,0.698333208192463,-3.11874610485277,-6.1587875268789825,0.6402119447345929,-3.873524545608174,-4.541219662158483,0.6402119447345929,-3.873524545608174,-4.541219662158483,0.7000584349589206,-3.097314144828852,-6.1062120275247596
7111111111.111111,0.7019629222958415,-3.0737165342580615,-6.177038997441614,0.636908105110914,-3.918464487428939,-4.562350152134892,0.636908105110914,-3.918464487428939,-4.562350152134892,0.7037830870931762,-3.0512234817688415,-6.123529822829218
7117117117.117117,0.7051207591454735,-3.0347299852957703,-6.195177017031638,0.633961671372403,-3.958739965855912,-4.583289827570326,0.633961671372403,-3.958739965855912,-4.583289827570326,0.7070409489975451,-3.011108657338495,-6.140687102090221
7123123123.123123,0.7078177100842199,-3.0015715043394486,-6.213225439633014,0.6313736232371905,-3.994271309877542,-4.6040745841230795,0.6313736232371905,-3.994271309877542,-4.6040745841230795,0.7098435395657549,-2.976747318330624,-6.157704580206364
7129129129.129129,0.7100622602480203,-2.9740713890922263,-6.2312086114464265,0.6291453333081332,-4.0249804086432786,-4.624740157528766,0.6291453333081332,-4.0249804086432786,-4.624740157528766,0.7121999235576291,-2.9479615455156076,-6.174603129389988
7135135135.135136,0.7118603992722229,-2.952103323052812,-6.2491513944133645,0.627278646659077,-4.050789922646406,-4.645322301445291,0.627278646659077,-4.050789922646406,-4.645322301445291,0.7141167300283598,-2.9246158467278844,-6.191403764321815
7141141141.141142,0.7132156113880401,-2.9355831847099365,-6.267079209624043,0.6257759506638084,-4.071622626758996,-4.665856973843489,0.6257759506638084,-4.071622626758996,-4.665856973843489,0.7155981513089723,-2.9066158013707977,-6.208127640819664
7147147147.147147,0.7141288431110774,-2.9244685150621788,-6.285018097659786,0.6246402362671224,-4.087400881592413,-4.686380532930602,0.6246402362671224,-4.087400881592413,-4.686380532930602,0.7166459209666853,-2.8939073344094868,-6.224796063995614
7153153153.153153,0.714598446593338,-2.9187586441906004,-6.302994793475861,0.6238751515197218,-4.098046232985793,-4.706929943863796,0.6238751515197218,-4.098046232985793,-4.706929943863796,0.717259269090294,-2.886476613782713,-6.241430502187785
7159159159.159159,0.7146200965049208,-2.9184954951521225,-6.321036813801477,0.6234850478069428,-4.103479143076878,-4.727542997764845,0.6234850478069428,-4.103479143076878,-4.727542997764845,0.7174348530990058,-2.884350581054334,-6.258052603023706
7165165165.165165,0.714186678039104,-2.923765102132892,-6.3391725552294576,0.6234750187806464,-4.103618860487121,-4.748258544789097,0.6234750187806464,-4.103618860487121,-4.748258544789097,0.7171666620742487,-2.8875981416423557,-6.274684207795917
7171171171.171171,0.71328814330117,-2.934699900398689,-6.357431401183335,0.6238509315359645,-4.098383441783198,-4.7691167432319945,0.6238509315359645,-4.098383441783198,-4.7691167432319945,0.7164458923730195,-2.8963320587490573,-6.291347359879976
7177177177.177177,0.7119113329537825,-2.951481869027476,-6.37584383576557,0.6246194490377408,-4.08768994171727,-4.790159326874528,0.6246194490377408,-4.08768994171727,-4.790159326874528,0.7152607920109781,-2.910711614866223,-6.3080643021545635
7183183183.183184,0.7100397595586248,-2.974346634817056,-6.394441562068636,0.625788042168464,-4.071454795987896,-4.811429892968634,0.625788042168464,-4.071454795987896,-4.811429892968634,0.7135964710191735,-2.9309461272544004,-6.32485745721756
7189189189.18919,0.7076533485875255,-3.0035886785073056,-6.4132576218100175,0.6273649890070107,-4.049594427630757,-4.832974213435089,0.6273649890070107,-4.049594427630757,-4.832974213435089,0.711434674702475,-2.957299430039952,-6.341749382521968
7195195195.195195,0.7047281325958275,-3.039567824283111,-6.432326512041864,0.6293593580147463,-4.022026116915644,-4.854840571973185,0.6293593580147463,-4.022026116915644,-4.854840571973185,0.7087535164927055,-2.9900954666836954,-6.3587626902251655
7201201201.201201,0.7012358935860241,-3.082717242683387,-6.451684293052672,0.6317809706523198,-3.9886691851147744,-4.877080129837898,0.6317809706523198,-3.9886691851147744,-4.877080129837898,0.7055271669432248,-3.029725173943911,-6.375919918333708
7207207207.207207,0.6971437481872208,-3.1335532584775603,-6.471368679230714,0.6346403375153469,-3.9494465550938944,-4.899747322988791,0.6346403375153469,-3.9494465550938944,-4.899747322988791,0.7017254954255082,-3.0766548838040957,-6.393243335322822
7213213213.213213,0.6924136700065692,-3.1926873326915017,-6.491419101322741,0.6379485602855552,-3.904286766792426,-4.922900293102083,0.6379485602855552,-3.904286766792426,-4.922900293102083,0.6973136613674479,-3.131436525289875,-6.410754654378027
7219219219.219219,0.6870019434796376,-3.2608406870102016,-6.511876723801893,0.6417171895563748,-3.8531265437852653,-4.94660135448658,0.6417171895563748,-3.8531265437852653,-4.94660135448658,0.69225165257342,-3.194719976287394,-6.428474625125859
7225225225.225225,0.680858543916724,-3.3388621663762983,-6.532784394386652,0.6459580258033013,-3.7959140287750683,-4.970917498150094,0.6459580258033013,-3.7959140287750683,-4.970917498150094,0.6864937695153344,-3.267267999641063,-6.446422459310349
7231231231.231232,0.6739264394459753,-3.4277501015243095,-6.554186493297955,0.6506828473095307,-3.7326128315747904,-4.995920932978384,0.6506828473095307,-3.7326128315747904,-4.995920932978384,0.6799880568156831,-3.3499743018927863,-6.4646150310655734
7237237237.237238,0.6661408125329146,-3.5286791510676907,-6.576128636386122,0.6559030445959423,-3.6632070633696197,-5.021689662014732,0.6559030445959423,-3.6632070633696197,-5.021689662014732,0.6726756869431567,-3.4438853817459067,-6.483065770401285
7243243243.243243,0.6574282022024532,-3.643033391817674,-6.598657166989004,0.6616291357104531,-3.587707566097325,-5.048308088894559,0.6616291357104531,-3.587707566097325,-5.048308088894559,0.6644903071145075,-3.550226994120554,-6.50178313757991
7249249249.249249,0.6477055737082125,-3.772447313814671,-6.621818343564502,0.6678701304944253,-3.50615958560947,-5.07586764523761,0.6678701304944253,-3.50615958560947,-5.07586764523761,0.6553573695660548,-3.670436250356828,-6.520768522262435
7255255255.255255,0.6368793311849007,-3.918856903209982,-6.645657089584978,0.6746327046094164,-3.4186521811953963,-5.104467423758448,0.6746327046094164,-3.4186521811953963,-5.104467423758448,0.6451934792088332,-3.8062006110902935,-6.540013348718844
7261261261.261261,0.6248443021886967,-4.084563721091596,-6.670215112352905,0.6819201357431778,-3.325329710302496,-5.1342147934200995,0.6819201357431778,-3.325329710302496,-5.1342147934200995,0.6339058133664038,-3.9595053084199656,-6.559495078069462
7267267267.267267,0.6114827429414347,-4.272315899326228,-6.695528107881064,0.6897309453098315,-3.2264057723536315,-5.1652259613678115,0.6897309453098315,-3.2264057723536315,-5.1652259613678115,0.6213916989496886,-4.1326910539486645,-6.579171666669257
7273273273.273273,0.5966634422673747,-4.48541141365361,-6.721621632783827,0.6980571797923197,-3.1221800331760723,-5.197626430731987,0.6980571797923197,-3.1221800331760723,-5.197626430731987,0.6075384776389452,-4.328524227939941,-6.598973844885453
7279279279.27928,0.5802410444040104,-4.727831076757914,-6.748505012763317,0.7068822579511386,-3.0130583713182215,-5.231551282650047,0.7068822579511386,-3.0130583713182215,-5.231551282650047,0.5922238562075349,-4.550282043270314,-6.618794288627426
7285285285.285286,0.5620557712823935,-5.004411768389165,-6.776162321544916,0.716178305727034,-2.899576773037369,-5.267145183976547,0.716178305727034,-2.899576773037369,-5.267145183976547,0.5753170372299313,-4.801855294898088,-6.638472312344629
7291291291.291291,0.5419338108308117,-5.3210750569183265,-6.8045389161557175,0.7259029035314488,-2.7824293292652373,-5.30456198827249,0.7259029035314488,-2.7824293292652373,-5.30456198827249,0.5566810707379899,-5.087870921941215,-6.657772027492291
7297297297.2972975,0.5196887601027024,-5.685133521082205,-6.833521091458361,0.7359951865090173,-2.6625005197556866,-5.343963756533798,0.7359951865090173,-2.6625005197556866,-5.343963756533798,0.5361770847968733,-5.413835017765147,-6.676350837102642
7303303303.303303,0.4951246876113044,-6.105708371933957,-6.862904804848981,0.7463712756573188,-2.5409016581027406,-5.385518976779536,0.7463712756573188,-2.5409016581027406,-5.385518976779536,0.5136713835758991,-5.78629255941828,-6.693713429721432
7309309309.309309,0.46804163854363245,-6.594310178460643,-6.892346487987017,0.7569190877940051,-2.419010853926599,-5.429399711517657,0.7569190877940051,-2.419010853926599,-5.429399711517657,0.48904691644058246,-6.212989501623066,-6.709143688991008
7315315315.315315,0.4382448114125917,-7.165664340426401,-6.92128336686908,0.7674926893550874,-2.298515052855675,-5.475777356666207,0.7674926893550874,-2.298515052855675,-5.475777356666207,0.4622214496898783,-6.70299809337342,-6.721602500014123
7321321321.3213215,0.40555932760971736,-7.838912112959981,-6.948799464631232,0.7779065377921706,-2.1814515707305295,-5.5248166681635515,0.7779065377921706,-2.1814515707305295,-5.5248166681635515,0.4331761550828615,-7.266709157321855,-6.7295723761698945
7327327327.327328,0.36985385693885664,-8.639396959896946,-6.973389483516026,0.7879302058921902,-2.0702450039733598,-5.576667724766692,0.7879302058921902,-2.0702450039733598,-5.576667724766692,0.4020007227061701,-7.9154633230359925,-6.730819244517077
7333333333.333334,0.3310793396472217,-9.601358393847853,-6.992518166435917,0.7972845065964915,-1.9677335069207067,-5.631455578170654,0.7972845065964915,-1.9677335069207067,-5.631455578170654,0.3689653384036323,-8.660288614330442,-6.722028739729382
7339339339.339339,0.2893365702017708,-10.771933419464485,-7.001739122877362,0.8056402992001755,-1.8771763584600596,-5.689267532892645,0.8056402992001755,-1.8771763584600596,-5.689267532892645,0.334637186746224,-9.508515989450196,-6.698270917780235
7345345345.3453455,0.24500782051658127,-12.216401059404,-6.992785065997726,0.8126215864901174,-1.8022329050451305,-5.750138336695911,0.8126215864901174,-1.8022329050451305,-5.750138336695911,0.30007004060024955,-10.455547259213656,-6.65230942959414
7351351351.351351,0.1990558371755213,-14.02050165012325,-6.949064025985737,0.8178146691782964,-1.746902075045452,-5.814034069418343,0.8178146691782964,-1.746902075045452,-5.814034069418343,0.26710193815530925,-11.466459212458954,-6.574103799472936
7357357357.357357,0.1538309503826724,-16.25912553671108,-6.834515407372321,0.8207849126340946,-1.7154127040014249,-5.8808361719744555,0.8207849126340946,-1.7154127040014249,-5.8808361719744555,0.23874853926896777,-12.44118553744914,-6.452000594761524
7363363363.363363,0.11548337851876048,-18.74961038245751,-6.572026224983168,0.8211018892226309,-1.7120589725542041,-5.950327759923459,0.8211018892226309,-1.7120589725542041,-5.950327759923459,0.21941411764706759,-13.174708645621243,-6.279385121407018
7369369369.3693695,0.09870434890171016,-20.113274238926127,-6.086480999647369,0.8183721612892243,-1.7409830503389434,-6.022184921639917,0.8183721612892243,-1.7409830503389434,-6.022184921639917,0.21403351812959942,-13.390364196674103,-6.068948156758835
7375375375.375376,0.11737914090744742,-18.60818146784444,-5.592328938694485,0.8122768738507721,-1.8059182257715576,-6.09597583388259,0.8122768738507721,-1.8059182257715576,-6.09597583388259,0.22548071912468975,-12.937811775122272,-5.858786504244032
7381381381.381382,0.16126818581823885,-15.84902599212686,-5.32335532348582,0.8026091026602797,-1.9099183818838066,-6.171169964435669,0.8026091026602797,-1.9099183818838066,-6.171169964435669,0.25248963052811796,-11.95512906353153,-5.688166009182608
7387387387.387387,0.21579200306651078,-13.319293073362283,-5.211841247952686,0.7893043628111426,-2.0551099332612903,-6.2471582486643,0.7893043628111426,-2.0551099332612903,-6.2471582486643,0.2909249465450923,-10.724380736120773,-5.571470267106361
7393393393.3933935,0.27405906316617973,-11.243116623670952,-5.177384254372406,0.7724577023298259,-2.242505840591501,-6.323283098870658,0.7724577023298259,-2.242505840591501,-6.323283098870658,0.3363584478258349,-9.46395320602933,-5.50252816113991
7399399399.399399,0.33289961685932595,-9.55373409362101,-5.1816316099016415,0.7523228505860086,-2.4719149398039573,-6.398874948188653,0.7523228505860086,-2.4719149398039573,-6.398874948188653,0.38528118040451365,-8.284444083746466,-5.469188003814044
7405405405.405405,0.39052555567507274,-8.167010819574186,-5.206646215234114,0.7292926053916765,-2.741963798227812,-6.473290451095777,0.7292926053916765,-2.741963798227812,-6.473290451095777,0.43517541528968334,-7.2267129511982775,-5.46060755619691
7411411411.411411,0.4457800495970903,-7.017587435992891,-5.243220679658538,0.7038638406344362,-3.0502269018250776,-6.545947045420729,0.7038638406344362,-3.0502269018250776,-6.545947045420729,0.48428674459832904,-6.2979483571069705,-5.468740357954662
7417417417.417418,0.49789079288377747,-6.05731809456476,-5.286171926489718,0.6765937081015758,-3.3934409039277087,-6.61634948817216,0.6765937081015758,-3.3934409039277087,-6.61634948817216,0.5314197280908687,-5.491246543039931,-5.487931936643525
7423423423.423424,0.5463715954503136,-5.250237733376823,-5.332368006007969,0.6480547508873569,-3.7677660244465305,-6.684105860751931,0.6480547508873569,-3.7677660244465305,-6.684105860751931,0.5757969196544431,-4.794613256010284,-5.514254902427317
7429429429.42943,0.5909660422310906,-4.568749471896324,-5.379826022007853,0.6187956280548664,-4.169055267208868,-6.748932725696111,0.6187956280548664,-4.169055267208868,-6.748932725696111,0.6169598186991109,-4.194862394715955,-5.544978019471123
7435435435.435435,0.6316016917764443,-3.991134307657693,-5.427260383074231,0.5893117026602145,-4.59309869038988,-6.810650942451969,0.5893117026602145,-4.59309869038988,-6.810650942451969,0.6546926976151112,-3.679250062670456,-5.578197614614853
7441441441.441442,0.6683473063310008,-3.4999559592887723,-5.473835490530735,0.5600269393714944,-5.035821626340853,-6.869174721749631,0.5600269393714944,-5.035821626340853,-6.869174721749631,0.6889599845016923,-3.236120032523149,-5.612588965666322
7447447447.447447,0.7013731892167601,-3.081016790697454,-5.5190186210236885,0.5312862698112781,-5.4934281509280805,-6.924496769515371,0.5312862698112781,-5.4934281509280805,-6.924496769515371,0.7198539151252659,-2.855112579488483,-5.647237238678977
7453453453.453453,0.7309163581363459,-2.722646367222689,-5.562485952905537,0.5033562245249641,-5.962491130298727,-6.97667204222271,0.5033562245249641,-5.962491130298727,-6.97667204222271,0.7475515910382085,-2.527176597059404,-5.681520240632992
7459459459.459459,0.7572518515604217,-2.4151931219624565,-5.6040591807792,0.4764311782939183,-6.439996508943136,-7.02580199464598,0.4764311782939183,-6.439996508943136,-7.02580199464598,0.7722810306737841,-2.2444926497268693,-5.715025483118192
7465465465.465466,0.7806705400804844,-2.1506441832169876,-5.643661174777851,0.45064274653758385,-6.923352297300283,-7.072020499318899,0.45064274653758385,-6.923352297300283,-7.072020499318899,0.7942955110135779,-2.0003578374558764,-5.747490618444273
7471471471.471472,0.8014630285885364,-1.9223301361985508,-5.68128431311351,0.42607039158640936,-7.410372893433777,-7.115482012332506,0.42607039158640936,-7.410372893433777,-7.115482012332506,0.8138551224262511,-1.7890579742252095,-5.778760253907767
7477477477.477478,0.8199087664497529,-1.7246894018815992,-5.716967667624187,0.40275190112176656,-7.899248017815161,-7.156352117847601,0.40275190112176656,-7.899248017815161,-7.156352117847601,0.8312142462076155,-1.6057404400008537,-5.808754503499185
7483483483.483484,0.8362693067304049,-1.5530768533089858,-5.750780563920636,0.3806929397215292,-8.38850354952371,-7.194800305377307,0.3806929397215292,-8.38850354952371,-7.194800305377307,0.8466136448409334,-1.4462947259486525,-5.837446078088207
7489489489.48949,0.8507846805775806,-1.403606774082019,-5.78281080385074,0.3598752869144737,-8.876959517354798,-7.2309946887960255,0.3598752869144737,-8.876959517354798,-7.2309946887960255,0.8602759753658832,-1.3072441064799216,-5.864843638614321
7495495495.495496,0.863671986942959,-1.273023328860018,-5.813156316601405,0.34026365548544935,-9.36368873275118,-7.265098324422215,0.34026365548544935,-9.36368873275118,-7.265098324422215,0.8724037282914207,-1.1856497419004224,-5.890979758231257
7501501501.501501,0.8751254726168034,-1.1585934959314657,-5.841919328724793,0.3218111532099077,-9.847978167227009,-7.297266791476834,0.3218111532099077,-9.847978167227009,-7.297266791476834,0.8831788045665725,-1.0790272427104446,-5.915902275789028
7507507507.507507,0.8853175511550675,-1.0580185187423012,-5.869202375666238,0.30446353911392343,-10.32929417291983,-7.327646734516262,0.30446353911392343,-10.32929417291983,-7.327646734516262,0.8927631383842913,-0.9852749955221385,-5.93966813909321
7513513513.513514,0.8944003608065064,-0.9693606852120017,-5.89510564957873,0.28816245920000866,-10.80725196414184,-7.3563751158606125,0.28816245920000866,-10.80725196414184,-7.3563751158606125,0.90129993853508,-0.9026131710120865,-5.962339069502806
7519519519.51952,0.9025075836998508,-0.8909828012957328,-5.919725307803427,0.2728478479198091,-11.281589347071531,-7.383578975701322,0.2728478479198091,-11.281589347071531,-7.383578975701322,0.9089152516353738,-0.8295321807302989,-5.983978552911711
7525525525.525526,0.9097563416962676,-0.8214981673413689,-5.943152464271477,0.2584596657083707,-11.75214443453672,-7.409375542783752,0.2584596657083707,-11.75214443453672,-7.409375542783752,0.9157196491455586,-0.7647493359228573,-6.004649791604711
7531531531.531532,0.916249052349646,-0.7597292305804565,-5.965472659816456,0.244939119437256,-12.21883695581761,-7.433872576952688,0.244939119437256,-12.21883695581761,-7.433872576952688,0.9218099117300103,-0.7071725289922406,-6.024414347979191
7537537537.537538,0.9220751763414103,-0.7046733936932938,-5.9867656626358245,0.23222948752954312,-12.681652723965462,-7.4571688559772875,0.23222948752954312,-12.681652723965462,-7.4571688559772875,0.9272706348874383,-0.6558698676055865,-6.043331282870553
7543543543.543544,0.9273128203895349,-0.6554747183718783,-6.00710549127156,0.22027664784470025,-13.140630824097144,-7.479354743484971,0.22027664784470025,-13.140630824097144,-7.479354743484971,0.9321757141346718,-0.610044317592195,-6.061456644381079
7549549549.549549,0.932030181083294,-0.6114004811240975,-6.026560582899516,0.2090293857198692,-13.595853114248992,-7.50051279349788,0.2090293857198692,-13.595853114248992,-7.50051279349788,0.9365896907246247,-0.5690125382974187,-6.078843202364929
7555555555.555555,0.9362868286242626,-0.5718217216846319,-6.045194052068258,0.19843954218302054,-14.047435671783484,-7.520718361040884,0.19843954218302054,-14.047435671783484,-7.520718361040884,0.9405689533338776,-0.5321872142931219,-6.095540352606876
7561561561.561562,0.9401348375220958,-0.5361970771078585,-6.063064001347379,0.1884620482313639,-14.495521864405298,-7.540040198568012,0.1884620482313639,-14.495521864405298,-7.540040198568012,0.9441627999274329,-0.4990622959412344,-6.1115941359210115
7567567567.567568,0.9436197756974379,-0.5040593212592175,-6.08022385718701,0.17905487983986024,-14.940276770489787,-7.558541025387656,0.17905487983986024,-14.940276770489787,-7.558541025387656,0.9474143689574752,-0.4692006566404541,-6.127047332892775
7573573573.573574,0.946781565458849,-0.4750041339431571,-6.096722712827612,0.17017895958571017,-15.381882715895932,-7.576278062553123,0.17017895958571017,-15.381882715895932,-7.576278062553123,0.9503614514965995,-0.4422237566397834,-6.1419396062897444
7579579579.57958,0.9496552303304748,-0.4486807098341245,-6.1126056662120805,0.16179802400080096,-15.820535732446332,-7.593303529375998,0.16179802400080096,-15.820535732446332,-7.593303529375998,0.9530371967570744,-0.417802972939907,-6.156307671385326
7585585585.585586,0.9522715413124345,-0.42478388781005794,-6.127914145195337,0.15387847059328402,-16.256442776417796,-7.609665100241011,0.15387847059328402,-16.256442776417796,-7.609665100241011,0.9554707233268225,-0.39565231330764805,-6.170185480397687
7591591591.591592,0.9546575752552992,-0.4030475388959553,-6.142686215403391,0.146389194568665,-16.689819573802783,-7.625406322075162,0.146389194568665,-16.689819573802783,-7.625406322075162,0.9576876477734759,-0.37552228122124554,-6.183604411550195
7597597597.597597,0.9568371968822329,-0.3832389980770437,-6.156956868220916,0.13930142234726878,-17.12088898316229,-7.6405669938920795,0.13930142234726878,-17.12088898316229,-7.6405669938920795,0.959710541299673,-0.3571946990452135,-6.19659345635579
7603603603.603603,0.9588314747598236,-0.3651543636447602,-6.170758287844071,0.13258854679190443,-17.549879787086997,-7.655183510472678,0.13258854679190443,-17.549879787086997,-7.655183510472678,0.9615593240467267,-0.34047833019792373,-6.209179400943274
7609609609.60961,0.9606590403000405,-0.3486145190758133,-6.184120097314061,0.12622596744801393,-17.977025840144258,-7.669289172585232,0.12622596744801393,-17.977025840144258,-7.669289172585232,0.9632516055450273,-0.3252051686711017,-6.2213869988183985
7615615615.615616,0.9623363977268876,-0.3334617580238946,-6.197069584085163,0.12019093791922641,-18.402565515224353,-7.682914466286198,0.12019093791922641,-18.402565515224353,-7.682914466286198,0.9648029787589808,-0.3112272869849616,-6.233239133562602
7621621621.621622,0.963878191890791,-0.3195569138965157,-6.209631906078744,0.11446242164678841,-18.826741401872198,-7.69608731384465,0.11446242164678841,-18.826741401872198,-7.69608731384465,0.9662272742045755,-0.2984141523622464,-6.244756970745224
7627627627.627628,0.9652974398728082,-0.3067769125717779,-6.221830279404769,0.10902095674964957,-19.249800219919855,-7.708833298746306,0.10902095674964957,-19.249800219919855,-7.708833298746306,0.9675367797434578,-0.28665033628905173,-6.25596009885522
7633633633.633634,0.9666057314901352,-0.295012680794431,-6.2336861490462345,0.10384853015086885,-19.671992919868806,-7.721175867090745,0.10384853015086885,-19.671992919868806,-7.721175867090745,0.9687424308817308,-0.2758335552948956,-6.266866659413468
7639639639.63964,0.967813403088902,-0.28416735425560236,-6.24521934383755,0.09892846091813932,-20.09357494833328,-7.7331365075212695,0.09892846091813932,-20.09357494833328,-7.7331365075212695,0.9698539757219137,-0.26587299121385854,-6.27749346665733
7645645645.645645,0.9689296883814013,-0.2741547387759076,-6.256448217051162,0.09424529254642891,-20.51480666269108,-7.744734911635975,0.09424529254642891,-20.51480666269108,-7.744734911635975,0.9708801181253538,-0.2566878477899744,-6.287856117330504
7651651651.651651,0.96996284954279,-0.2648979857584129,-6.267389773857093,0.08978469378217047,-20.93595388414269,-7.755989116631492,0.08978469378217047,-20.93595388414269,-7.755989116631492,0.9718286421318224,-0.248206107590459,-6.297969091190526
7657657657.657658,0.9709202913170971,-0.2563284494622737,-6.2780597868501475,0.0855333675115338,-21.35728858282763,-7.766915631733662,0.0855333675115338,-21.35728858282763,-7.766915631733662,0.9727065202439331,-0.24036345906134582,-6.3078458428819495
7663663663.663664,0.9718086604841183,-0.2483846989217914,-6.288472900758995,0.08147896719511699,-21.779089692677616,-7.777529549775603,0.08147896719511699,-21.779089692677616,-7.777529549775603,0.973520007807631,-0.23310236842275275,-6.3174988858294565
7669669669.66967,0.9726339326986783,-0.24101166170013905,-6.298642727366039,0.07761002031719567,-22.201644057433644,-7.78784464509459,0.07761002031719567,-22.201644057433644,-7.78784464509459,0.9742747253982214,-0.2263712751344476,-6.326939868791521
7675675675.675676,0.97340148842363,-0.23415988028716977,-6.308581931581395,0.07391585832125114,-22.625247512874367,-7.797873458734913,0.07391585832125114,-22.625247512874367,-7.797873458734913,0.974975730846562,-0.22012389301589252,-6.33617964568901
7681681681.681682,0.9741161794307466,-0.22778486495943867,-6.318302309531033,0.07038655251911959,-23.05020611391732,-7.807627371762913,0.07038655251911959,-23.05020611391732,-7.807627371762913,0.975627582305714,-0.21431860189678487,-6.345228339289259
7687687687.687688,0.9747823871330115,-0.22184652942718044,-6.327814859439877,0.06701285548439684,-23.476837519002956,-7.81711666732058,0.06701285548439684,-23.476837519002956,-7.81711666732058,0.9762343935585512,-0.20891791700383439,-6.354095399288043
7693693693.693693,0.9754040738323941,-0.21630869768514766,-6.337129846016436,0.0637861474686405,-23.905472548192044,-7.826350581862053,0.0637861474686405,-23.905472548192044,-7.826350581862053,0.976799882596445,-0.20388802523807237,-6.362789655292268
7699699699.699699,0.9759848278142554,-0.21113867223508237,-6.346256858976867,0.060698387409207924,-24.33645693585417,-7.835337345829104,0.060698387409207924,-24.33645693585417,-7.835337345829104,0.9773274143540349,-0.19919837912805619,-6.371319365166437
7705705705.705706,0.9765279030891716,-0.2063068553152066,-6.35520486628319,0.05774206812876683,-24.77015330386653,-7.844084213821482,0.05774206812876683,-24.77015330386653,-7.844084213821482,0.9778200383611481,-0.19482134061522968,-6.379692259167314
7711711711.711712,0.9770362544717124,-0.20178641600567088,-6.363982262612872,0.054910175357463474,-25.20694338709196,-7.852597484099716,0.054910175357463474,-25.20694338709196,-7.852597484099716,0.9782805219673006,-0.1907318679795361,-6.38791558025433
7717717717.717718,0.9775125685907163,-0.19755299711758437,-6.372596913524785,0.052196150238793156,-25.64723054980319,-7.860882507012649,0.052196150238793156,-25.64723054980319,-7.860882507012649,0.9787113797038827,-0.18690724018528831,-6.395996120928654
7723723723.723724,0.97795929134443,-0.19358445664960897,-6.381056195739294,0.04959385500890233,-26.091442639976222,-7.868943681659096,0.04959385500890233,-26.091442639976222,-7.868943681659096,0.979114899271964,-0.18332681374764,-6.403940256921458
7729729729.72973,0.9783786522443424,-0.18986063933789446,-6.389367033907691,0.04709754156609849,-26.540035238374507,-7.876784439758566,0.04709754156609849,-26.540035238374507,-7.876784439758566,0.9794931645775763,-0.17997180791472328,-6.411753978022195
7735735735.735736,0.9787726860320747,-0.18636317445286588,-6.397535934207934,0.04470182267262103,-26.99349537157893,-7.884407215301596,0.04470182267262103,-26.99349537157893,-7.884407215301596,0.9798480761797265,-0.17682511454948835,-6.419442916310234
7741741741.741741,0.9791432519025847,-0.18307529653027105,-6.405569015069299,0.042401645554190834,-27.452345773222167,-7.891813398051877,0.042401645554190834,-27.452345773222167,-7.891813398051877,0.9801813694678725,-0.1738711295955629,-6.427012372028254
7747747747.747747,0.9794920506231315,-0.17998168617750365,-6.413472035297758,0.04019226768454121,-27.917149796487966,-7.89900326834743,0.04019226768454121,-27.917149796487966,-7.89900326834743,0.9804946308438209,-0.17109560343817964,-6.434467337313006
7753753753.753754,0.9798206397996563,-0.17706832848399678,-6.421250419846274,0.03806923456212316,-28.38851710452594,-7.905975909852666,0.03806923456212316,-28.38851710452594,-7.905975909852666,0.980789312147209,-0.1684855078341877,-6.441812517978353
7759759759.75976,0.9801304475098368,-0.17432238689444873,-6.428909283449589,0.036028359304548764,-28.867110295269974,-7.91272909588714,0.036028359304548764,-28.867110295269974,-7.91272909588714,0.9810667435327927,-0.16602891739637096,-6.449052353526846
7765765765.765766,0.9804227844940177,-0.17173209068714507,-6.4364534523209,0.03406570390327818,-29.35365265517207,-7.919259143616645,0.03406570390327818,-29.35365265517207,-7.919259143616645,0.981328144981153,-0.16371490388318227,-6.4561910355491
7771771771.771772,0.9806988550710234,-0.16928663444246234,-6.443887484088099,0.032177561996667915,-29.848937285227386,-7.9255607286210505,0.032177561996667915,-29.848937285227386,-7.9255607286210505,0.9815746366014287,-0.16153344177332574,-6.4632325246550195
7777777777.777778,0.980959766924964,-0.16697608809505662,-6.4512156861295376,0.030360443034024943,-30.35383790597352,-7.9316266499855175,0.030360443034024943,-30.35383790597352,-7.9316266499855175,0.9818072478647764,-0.15947532380101825,-6.470180566067069
7783783783.783784,0.9812065398910268,-0.16479131634280036,-6.458442132453469,0.028611057716893352,-30.86932173091391,-7.9374475328597525,0.028611057716893352,-30.86932173091391,-7.9374475328597525,0.9820269258900572,-0.15753208529650817,-6.477038703993432
7789789789.789789,0.9814401138524953,-0.1627239063407508,-6.465570679251134,0.02692630461677463,-31.39646490701372,-7.943011451048892,0.02692630461677463,-31.39646490701372,-7.943011451048892,0.9822345428882968,-0.15569593632237758,-6.4838102948876415
7795795795.795795,0.9816613558476743,-0.1607661027414698,-6.472604979240778,0.025303257881083865,-31.936471166453444,-7.948303446131651,0.025303257881083865,-31.936471166453444,-7.948303446131651,0.9824309028595088,-0.15395970072190748,-6.490498519691224
7801801801.801802,0.9818710664734285,-0.15891074925970478,-6.4795484949085145,0.023739155951871243,-32.49069452983692,-7.953304911088553,0.023739155951871243,-32.49069452983692,-7.953304911088553,0.9826167476241838,-0.15231676130494778,-6.497106395146784
7807807807.807808,0.9820699856618051,-0.15715123603891532,-6.486404510741788,0.02223139123520255,-33.060667168093445,-7.957992794315605,0.02223139123520255,-33.060667168093445,-7.957992794315605,0.9827927622619342,-0.15076101049110346,-6.503636784260787
7813813813.813814,0.9822587978971373,-0.15548145218481826,-6.493176144542009,0.02077750067400201,-33.6481338985901,-7.962338562425325,0.02077750067400201,-33.6481338985901,-7.962338562425325,0.9829595800212179,-0.14928680581219445,-6.510092405987919
7819819819.81982,0.9824381369331633,-0.15389574290678204,-6.499866357894776,0.019375157194824806,-34.255095305653114,-7.966306834616821,0.019375157194824806,-34.255095305653114,-7.966306834616821,0.983117786756576,-0.14788892974739076,-6.516475844202262
7825825825.825826,0.9826085900628538,-0.15238887077358698,-6.506477965868734,0.018022162021480936,-34.883862205345494,-7.969853563181052,0.018022162021480936,-34.883862205345494,-7.969853563181052,0.9832679249433125,-0.1465625534263799,-6.522789556014528
7831831831.831832,0.982770701987542,-0.15095598064826143,-6.513013646007472,0.01671643787883807,-35.53712522499703,-7.9729235766266235,0.01671643787883807,-35.53712522499703,-7.9729235766266235,0.983410497313788,-0.14530320379042258,-6.5290358794891965
7837837837.837837,0.9829249783267363,-0.14959256791639491,-6.519475946672944,0.015456023153807761,-36.21804480671422,-7.975447211806186,0.015456023153807761,-36.21804480671422,-7.975447211806186,0.9835459701544934,-0.1441067338485157,-6.535217040810511
7843843843.843843,0.9830718888053186,-0.1482944496667177,-6.525867294793538,0.014239067146528972,-36.93036923980555,-7.977335618433287,0.014239067146528972,-36.93036923980555,-7.977335618433287,0.9836747762986741,-0.1429692957072458,-6.541335160941921
7849849849.84985,0.9832118701507316,-0.14705773852148082,-6.532190003065086,0.013063826649119214,-37.67859182236356,-7.978474086694756,0.013063826649119214,-37.67859182236356,-7.978474086694756,0.9837973178453955,-0.14188731608939567,-6.547392261819554
7855855855.855856,0.9833453287292399,-0.14587881884742793,-6.538446276648771,0.011928664261197257,-38.46816369401865,-7.978712359269606,0.011928664261197257,-38.46816369401865,-7.978712359269606,0.9839139686325221,-0.1408574740883611,-6.553390272116703
7861861861.861862,0.9834726429470959,-0.14475432510868474,-6.544638219405953,0.010832049145800918,-39.30578756457129,-7.977850216623494,0.010832049145800918,-39.30578756457129,-7.977850216623494,0.9840250764881064,-0.1398766809332624,-6.559331032613107
7867867867.867868,0.9835941654397206,-0.1436811221484978,-6.55076783970642,0.009772561454724825,-40.199831796550356,-7.97561542124554,0.009772561454724825,-40.199831796550356,-7.97561542124554,0.9841309652820003,-0.1389420615646376,-6.565216301199823
7873873873.873875,0.9837102250694836,-0.1426562872103062,-6.556837055843349,0.00874890263189242,-41.160928335670484,-7.971628864763562,0.00874890263189242,-41.160928335670484,-7.971628864763562,0.9842319367972127,-0.13805093784190764,-6.571047757547819
7879879879.87988,0.9838211287505454,-0.1416770935285303,-6.562847701085359,0.007759915721437961,-42.202859909664056,-7.9653473865916515,0.007759915721437961,-42.202859909664056,-7.9653473865916515,0.9843282724384007,-0.1372008132236065,-6.576827007466068
7885885885.885886,0.9839271631172303,-0.14074099533795914,-6.56880152839347,0.006804623779715645,-43.343917629375255,-7.955965720330538,0.006804623779715645,-43.343917629375255,-7.955965720330538,0.9844202347930943,-0.13638935877793026,-6.58255558697265
7891891891.8918915,0.9840285960507261,-0.13984561416621694,-6.574700214828352,0.005882303277776235,-44.60905176091334,-7.942239248024248,0.005882303277776235,-44.60905176091334,-7.942239248024248,0.9845080690596438,-0.13561440039604994,-6.588234966100438
7897897897.897898,0.9841256780773616,-0.13898872628810272,-6.580545365671143,0.004992630408254943,-46.03341164944226,-7.92214246626871,0.004992630408254943,-46.03341164944226,-7.92214246626871,0.9845920043543761,-0.1348739070944977,-6.593866552457145
7903903903.903904,0.9842186436503697,-0.13816825123302764,-6.5863385182791125,0.0041359935816263176,-47.66840287732694,-7.892157013338176,0.0041359935816263176,-47.66840287732694,-7.892157013338176,0.9846722549092191,-0.13416598030420912,-6.599451694557827
7909909909.90991,0.9843077123258561,-0.13738224124777865,-6.592081145695752,0.003314229591817658,-49.592348186253254,-7.845633942963797,0.003314229591817658,-49.592348186253254,-7.845633942963797,0.9847490211699109,-0.13348884405435443,-6.604991684946488
7915915915.915916,0.9843930898425661,-0.13662887162720122,-6.597774660033194,0.0025326063759151807,-51.92864608221461,-7.768530307861309,0.0025326063759151807,-51.92864608221461,-7.768530307861309,0.9848224908038389,-0.13284083596887622,-6.61048776312207
7921921921.921923,0.984474969114164,-0.13590643183351483,-6.603420415643416,0.0018062190683456787,-54.864591543308634,-7.626551834000613,0.0018062190683456787,-54.864591543308634,-7.626551834000613,0.9848928396257446,-0.13222039900109628,-6.615941118282844
7927927927.927928,0.9845535311418213,-0.13521331733339714,-6.609019712093388,0.001185577946473946,-58.521397756352826,-7.322701140931957,0.001185577946473946,-58.521397756352826,-7.322701140931957,0.9849602324486202,-0.13162607384007594,-6.621352891902136
7933933933.933934,0.9846289458541803,-0.1345480220886865,-6.61457379695805,0.000854208524662654,-61.36872197601398,-6.654287959850962,0.000854208524662654,-61.36872197601398,-6.654287959850962,0.9850248238664796,-0.1310564919282786,-6.626724180147281
7939939939.9399395,0.9847013728810633,-0.13390913164291618,-6.620083868443955,0.0010628088896295217,-59.4708964337316,-5.9192166294052395,0.0010628088896295217,-59.4708964337316,-5.9192166294052395,0.9850867589750011,-0.13051036903635538,-6.632056036152728
7945945945.945946,0.9847709622667057,-0.1332953167513486,-6.625551077855361,0.001583761971152403,-56.006201788048095,-5.564233860952479,0.001583761971152403,-56.006201788048095,-5.564233860952479,0.9851461740354716,-0.12998649934603065,-6.637349472157419
7951951951.951952,0.9848378551277185,-0.13270532750736902,-6.630976531913648,0.002185501431440858,-53.20897809447571,-5.402649153321832,0.002185501431440858,-53.20897809447571,-5.402649153321832,0.9852031970869578,-0.12948374999666892,-6.642605461515742
7957957957.957958,0.984902184260496,-0.132137987922608,-6.6363612949401105,0.002802023819341215,-51.05056354399929,-5.316836220582151,0.002802023819341215,-51.05056354399929,-5.316836220582151,0.9852579485111234,-0.1290010560556961,-6.647824940590641
7963963963.963964,0.9849640747023857,-0.13159219092178578,-6.641706390911374,0.003414214797395718,-49.33418319465879,-5.265642538249953,0.003414214797395718,-49.33418319465879,-5.265642538249953,0.9853105415537602,-0.1285374158762401,-6.653008810536855
7969969969.969971,0.9850236442504794,-0.13106689371743147,-6.647012805395992,0.004015303572705535,-47.92563229554194,-5.232711688802109,0.004015303572705535,-47.92563229554194,-5.232711688802109,0.9853610828066656,-0.12809188680932174,-6.658157938981597
7975975975.975976,0.985081003941564,-0.13056111353257482,-6.652281487380151,0.004602589280546455,-46.7399555668642,-5.210483468569174,0.004602589280546455,-46.7399555668642,-5.210483468569174,0.9854096726532012,-0.1276635812405938,-6.663273161609472
7981981981.981982,0.9851362584964517,-0.1300739236423722,-6.6575133509897855,0.005174983296534211,-45.721820953110665,-5.195029027511673,0.005174983296534211,-45.721820953110665,-5.195029027511673,0.9854564056805334,-0.12725166292468362,-6.668355283657925
7987987987.9879875,0.9851895067315967,-0.1296044497085022,-6.662709277115882,0.005732124289848599,-44.8336880270075,-5.184117326031684,0.005732124289848599,-44.8336880270075,-5.184117326031684,0.9855013710613246,-0.12685534359226272,-6.673405081329025
7993993993.993994,0.9852408419406645,-0.12915186638231485,-6.667870114949265,0.006274009946983547,-44.0490959419123,-5.176391811475613,0.006274009946983547,-44.0490959419123,-5.176391811475613,0.9855446529073361,-0.12647387980777888,-6.678423303123011
8000000000.0,0.9852903522484717,-0.12871539415501027,-6.6729966834306556,0.006800826052865915,-43.34876666230763,-5.170981919872308,0.006800826052865915,-43.34876666230763,-5.170981919872308,0.9855863305972614,-0.12610657005703724,-6.6834106710985575
8006006006.006006,0.9853381209395151,-0.12829429643488266,-6.678089772621425,0.007312860242822613,-42.718254527278546,-5.167304108605713,0.007312860242822613,-42.718254527278546,-5.167304108605713,0.985626479080822,-0.12575275204644082,-6.688367882064451
8012012012.0120125,0.9853842267630867,-0.12788787683370992,-6.683150145000042,0.007810455551552305,-42.14647269567914,-5.164952970331535,0.007810455551552305,-42.14647269567914,-5.164952970331535,0.9856651691610498,-0.1254118001966324,-6.693295608706959
8018018018.018019,0.985428744216842,-0.12749547664551752,-6.688178536688868,0.008293984088702765,-41.62473604255845,-5.163638301539786,0.008293984088702765,-41.62473604255845,-5.163638301539786,0.9857024677564542,-0.1250831233153559,-6.69819450065691
8024024024.024024,0.9854717438104812,-0.12711647250283284,-6.693175658615622,0.008763831520336338,-41.14611960189703,-5.1631470327491975,0.008763831520336338,-41.14611960189703,-5.1631470327491975,0.9857384381446799,-0.12476616243515301,-6.703065185500209
8030030030.03003,0.9855132923110973,-0.1267502741964853,-6.698142197613543,0.009220387646352083,-40.70501639642715,-5.163319290289358,0.009220387646352083,-40.70501639642715,-5.163319290289358,0.9857731401890738,-0.12446038880322051,-6.707908269735257
8036036036.036036,0.9855534529715894,-0.12639632264643355,-6.703078817463992,0.00966404056193283,-40.29682511794679,-5.164032836122236,0.00966404056193283,-40.29682511794679,-5.164032836122236,0.9858066305494997,-0.12416530201145735,-6.712724339680495
8042042042.042042,0.985592285743448,-0.12605408801190254,-6.707986159884972,0.010095173000509045,-39.91772468344564,-5.16519265827371,0.010095173000509045,-39.91772468344564,-5.16519265827371,0.9858389628785964,-0.12388042825601475,-6.717513962335086
8048048048.048048,0.9856298474750715,-0.12572306793046387,-6.712864845468812,0.010514160043735543,-39.56450833105378,-5.1667238293953615,0.010514160043735543,-39.56450833105378,-5.1667238293953615,0.9858701880045931,-0.12360531871641199,-6.722277686195527
8054054054.054054,0.9856661920967272,-0.1254027858760821,-6.71771547457206,0.010921367709072849,-39.2344594097166,-5.168566497357764,0.010921367709072849,-39.2344594097166,-5.168566497357764,0.9859003541016936,-0.12333954804517905,-6.727016042030823
8060060060.0600605,0.9857013707931291,-0.12509278962744497,-6.722538628160375,0.011317152112044475,-38.92525693579988,-5.170672301309856,0.011317152112044475,-38.92525693579988,-5.170672301309856,0.9859295068489722,-0.12308271295961619,-6.731729543618622
8066066066.066067,0.9857354321645576,-0.12479264983829785,-6.72733486861108,0.01170185901074637,-38.63490277537548,-5.173001761896328,0.01170185901074637,-38.63490277537548,-5.173001761896328,0.9859576895786136,-0.12283443092824525,-6.7364186884446315
8072072072.072072,0.9857684223773687,-0.12450195870220881,-6.732104740475819,0.012075823607563305,-38.36166478747599,-5.1755223504130905,0.012075823607563305,-38.36166478747599,-5.1755223504130905,0.9859849434143135,-0.12259433894467765,-6.741083958367407
8078078078.078078,0.985800385304651,-0.12422032870499476,-6.736848771205638,0.01243937052520403,-38.104031917577935,-5.17820703960231,0.01243937052520403,-38.104031917577935,-5.17820703960231,0.9860113074005363,-0.12236209238267763,-6.745725820250526
8084084084.084084,0.9858313626577571,-0.12394739145831157,-6.741567471840607,0.012792813901149213,-37.86067835619734,-5.181033201652127,0.012792813901149213,-37.86067835619734,-5.181033201652127,0.9860368186233013,-0.12213736392645319,-6.750344726563979
8090090090.09009,0.9858613941093513,-0.12368279660869017,-6.7462613376660165,0.013136457562235651,-37.6304346568477,-5.1839817601748654,0.013136457562235651,-37.6304346568477,-5.1839817601748654,0.9860615123231284,-0.12191984257054544,-6.754941115956529
8096096096.096096,0.9858905174085949,-0.12342621081646407,-6.75093084883702,0.013470595252834845,-37.41226425583032,-5.187036530468767,0.013470595252834845,-37.41226425583032,-5.187036530468767,0.986085422000673,-0.12170923268460943,-6.759515413800678
8102102102.102102,0.9859187684890055,-0.12317731679981207,-6.755576470973484,0.013795510898021517,-37.20524422760604,-5.190183701084006,0.013795510898021517,-37.20524422760604,-5.190183701084006,0.9861085795156015,-0.1215052531381594,-6.764068032711729
8108108108.1081085,0.9859461815695223,-0.12293581243916454,-6.76019865572671,0.01411147888858653,-37.00854939253025,-5.193411422640578,0.01411147888858653,-37.00854939253025,-5.193411422640578,0.9861310151791626,-0.12130763648125734,-6.768599373042423
8114114114.114115,0.9859727892492453,-0.1227014099378116,-6.764797841319533,0.014418764378540418,-36.821439101033654,-5.196709478906011,0.014418764378540418,-36.821439101033654,-5.196709478906011,0.9861527578409194,-0.1211161281769773,-6.77310982335443
8120120120.12012,0.9859986225962751,-0.12247383503490142,-6.769374453061299,0.01471762358843476,-36.64324617190937,-5.2000690215781304,0.01471762358843476,-36.64324617190937,-5.2000690215781304,0.9861738349700206,-0.12093048588230347,-6.777599760868001
8126126126.126126,0.9860237112310839,-0.12225282626700629,-6.77392890383905,0.015008304109731843,-36.473367577380785,-5.203482354848685,0.015008304109731843,-36.473367577380785,-5.203482354848685,0.986194272731424,-0.1207504787737805,-6.782069551890934
8132132132.132132,0.9860480834047642,-0.122038134275149,-6.778461594586191,0.0152910452068236,-36.31125655461604,-5.206942759194489,0.0152910452068236,-36.31125655461604,-5.206942759194489,0.9862140960573842,-0.12057588691513714,-6.786519552227947
8138138138.138138,0.9860717660725246,-0.12182952115402912,-6.782972914729856,0.015566078114295778,-36.15641588976796,-5.210444346322715,0.015566078114295778,-36.15641588976796,-5.210444346322715,0.986233328714559,-0.12040650066374733,-6.790950107571546
8144144144.144144,0.9860947849627354,-0.12162675984072505,-6.787463242618098,0.015833626327755417,-36.00839217176949,-5.21398193904019,0.015833626327755417,-36.00839217176949,-5.21398193904019,0.9862519933670085,-0.12024212011348519,-6.7953615538753
8150150150.15015,0.9861171646418365,-0.1214296335401213,-6.791932945927931,0.01609390588707479,-35.86677085282898,-5.217550971200154,0.01609390588707479,-35.86677085282898,-5.217550971200154,0.9862701116353808,-0.12008255457136041,-6.799754217710497
8156156156.156157,0.986138928575375,-0.121237935184656,-6.796382382055267,0.016347125651294755,-35.73117198364835,-5.221147403926689,0.016347125651294755,-35.73117198364835,-5.221147403926689,0.9862877041525221,-0.11992762206583282,-6.804128416607009
8162162162.162163,0.986160099185419,-0.12105146692621066,-6.800811898487664,0.016593487564722786,-35.601246515880185,-5.2247676551168585,0.016593487564722786,-35.601246515880185,-5.2247676551168585,0.986304790615772,-0.11977714888448275,-6.808484459379208
8168168168.168168,0.9861806979046125,-0.12087003965778886,-6.8052218331607355,0.0168331869139704,-35.47667308377993,-5.228408539835464,0.0168331869139704,-35.47667308377993,-5.228408539835464,0.9863213898361358,-0.11963096913933899,-6.812822646437653
8174174174.174174,0.9862007452270563,-0.12069347256332794,-6.80961251479912,0.017066412575841565,-35.357155192530584,-5.232067219694469,0.017066412575841565,-35.357155192530584,-5.232067219694469,0.9863375197845659,-0.11948892435779995,-6.817143270087332
8180180180.18018,0.9862202607562461,-0.12052159269360124,-6.813984263242725,0.01729334725608888,-35.242418753199274,-5.235741159681087,0.01729334725608888,-35.242418753199274,-5.235741159681087,0.9863531976355197,-0.11935086309766718,-6.821446614813074
8186186186.186186,0.9862392632502452,-0.12035423456663283,-6.818337389759037,0.01751416771915188,-35.13220991436265,-5.239428091191456,0.01751416771915188,-35.13220991436265,-5.239428091191456,0.9863684398079811,-0.11921664058463355,-6.825732957552826
8192192192.192192,0.9862577706642671,-0.12019123979105574,-6.8226721973421505,0.017729045009043144,-35.02629314863928,-5.243125980257714,0.017729045009043144,-35.02629314863928,-5.243125980257714,0.9863832620041083,-0.11908611837077437,-6.83000256795936
8198198198.198198,0.9862758001908402,-0.12003245671090118,-6.826988980999206,0.01793814466159744,-34.92444955905907,-5.246833000140779,0.01793814466159744,-34.92444955905907,-5.246833000140779,0.9863976792456531,-0.1189591640127638,-6.834255708650998
8204204204.204205,0.9862933682977025,-0.11987774007049329,-6.83128802802483,0.01814162690832845,-34.82647537569789,-5.250547507608028,0.01814162690832845,-34.82647537569789,-5.250547507608028,0.9864117059083066,-0.11883565076843572,-6.838492635451888
8210210210.210211,0.9863104907635682,-0.11972695069820072,-6.835569618264179,0.01833964687215676,-34.73218061754045,-5.254268022333762,0.01833964687215676,-34.73218061754045,-5.254268022333762,0.9864253557540807,-0.11871545731072299,-6.842713597622344
8216216216.216216,0.9863271827118912,-0.11957995520791811,-6.8398340243651425,0.018532354755285894,-34.64138789829147,-5.257993208955925,0.018532354755285894,-34.64138789829147,-5.257993208955925,0.9864386419618795,-0.11859846745761252,-6.846918838079724
8222222222.222222,0.9863434586427738,-0.1194366257169807,-6.844081512020202,0.018719896019508644,-34.55393135798288,-5.261721861400492,0.018719896019508644,-34.55393135798288,-5.261721861400492,0.9864515771563394,-0.11848456991740647,-6.8511085936103076
8228228228.228229,0.9863593324631038,-0.11929683957976307,-6.848312340198465,0.01890241155922982,-34.46965570483696,-5.265452889148363,0.01890241155922982,-34.46965570483696,-5.265452889148363,0.9864641734350695,-0.11837365804813953,-6.855283095072575
8234234234.234234,0.986374817515047,-0.11916047913583584,-6.852526761368336,0.01908003786748825,-34.38841535403798,-5.269185305171727,0.01908003786748825,-34.38841535403798,-5.269185305171727,0.9864764423943888,-0.11826562963028703,-6.859442567592346
8240240240.24024,0.986389926602991,-0.11902743147183309,-6.856725021711252,0.01925290719525807,-34.310073651910976,-5.27291821530975,0.01925290719525807,-34.310073651910976,-5.27291821530975,0.9864883951536277,-0.11816038665216076,-6.863587230750108
8246246246.246246,0.9864046720190336,-0.1188975881962022,-6.860907361326917,0.01942114770430359,-34.23450217556567,-5.27665080888889,0.01942114770430359,-34.23450217556567,-5.27665080888889,0.9865000423781258,-0.11805783510684312,-6.867717298760925
8252252252.252253,0.9864190655670998,-0.1187708452260893,-6.865074014430416,0.019584883613855034,-34.161580099387116,-5.280382350422538,0.019584883613855034,-34.161580099387116,-5.280382350422538,0.9865113943009558,-0.11795788480037352,-6.871832980647264
8258258258.258259,0.9864331185857773,-0.11864710258556393,-6.869225209541595,0.019744235341364227,-34.09119362088,-5.284112172249352,0.019744235341364227,-34.09119362088,-5.284112172249352,0.986522460743489,-0.117860449170179,-6.875934480405071
8264264264.264265,0.9864468419699319,-0.11852626421464132,-6.873361169667062,0.01989931963759195,-34.02323543933419,-5.287839667989962,0.01989931963759195,-34.02323543933419,-5.287839667989962,0.9865332511348486,-0.11776544511333745,-6.8800219971634
8270270270.27027,0.9864602461911925,-0.11840823778830391,-6.877482112475131,0.020050249716268717,-33.95760428160197,-5.291564286719138,0.020050249716268717,-33.95760428160197,-5.291564286719138,0.9865437745303258,-0.11767279282399955,-6.884095725337876
8276276276.276277,0.9864733413173609,-0.11829293454503577,-6.881588250464043,0.02019713537856108,-33.894204469984345,-5.295285527764829,0.02019713537856108,-33.894204469984345,-5.295285527764829,0.9865540396288212,-0.11758241563943699,-6.888155854778305
8282282282.282282,0.9864861370308049,-0.1181802691243452,-6.885679791123755,0.02034008313256907,-33.832945527830645,-5.299002936057889,0.02034008313256907,-33.832945527830645,-5.299002936057889,0.9865640547893607,-0.11749423989425384,-6.892202570910639
8288288288.288288,0.98649864264591,-0.11807015941262353,-6.889756937091597,0.020479196308069145,-33.773741818982266,-5.302716097966528,0.020479196308069145,-33.773741818982266,-5.302716097966528,0.9865738280467522,-0.11740819478220567,-6.89623605487361
8294294294.294294,0.9865108671256232,-0.11796252639702295,-6.8938198863020625,0.020614575166707155,-33.7165122176463,-5.306424637558457,0.020614575166707155,-33.7165122176463,-5.306424637558457,0.9865833671264216,-0.11732421222525549,-6.900256483650214
8300300300.300301,0.9865228190971582,-0.11785729402675302,-6.897868832130982,0.020746317007840884,-33.661179805677946,-5.310128213241141,0.020746317007840884,-33.661179805677946,-5.310128213241141,0.9865926794584801,-0.11724222674942983,-6.904264030194307
8306306306.306307,0.9865345068668991,-0.11775438908146833,-6.901903963534336,0.02087451627021877,-33.60767159459626,-5.313826514737005,0.02087451627021877,-33.60767159459626,-5.313826514737005,0.9866017721910653,-0.1171621753670858,-6.908258863552506
8312312312.312312,0.9865459384345537,-0.11765374104628512,-6.905925465181942,0.020999264629676256,-33.555918269955555,-5.317519260355979,0.020999264629676256,-33.555918269955555,-5.317519260355979,0.9866106522030104,-0.11708399746511555,-6.912241148981605
8318318318.318318,0.9865571215065906,-0.11755528199313205,-6.9099335175862375,0.02112065109302153,-33.50585395595773,-5.321206194532448,0.02112065109302153,-33.50585395595773,-5.321206194532448,0.9866193261158496,-0.1170076346990114,-6.916211048061712
8324324324.324325,0.9865680635090158,-0.11745894646793799,-6.913928297226356,0.02123876208827593,-33.457415998419854,-5.324887085597759,0.02123876208827593,-33.457415998419854,-5.324887085597759,0.9866278003052303,-0.11693303089217107,-6.920168718805264
8330330330.330331,0.9865787715995028,-0.11736467138353952,-6.917909976667705,0.021353681551424697,-33.410544764413046,-5.328561723762963,0.021353681551424697,-33.410544764413046,-5.328561723762963,0.9866360809117465,-0.11686013194031723,-6.9241143157621154
8336336336.336336,0.9865892526789337,-0.11727239591778556,-6.921878724677253,0.021465491009830306,-33.36518345706523,-5.332229919289487,0.021465491009830306,-33.36518345706523,-5.332229919289487,0.9866441738512295,-0.11678888572070127,-6.928047990120863
8342342342.342342,0.986599513402369,-0.11718206141669978,-6.925834706334678,0.02157426966244896,-33.32127794417806,-5.335891500828131,0.02157426966244896,-33.32127794417806,-5.335891500828131,0.9866520848245236,-0.11671924200586567,-6.931969889806559
8348348348.348349,0.9866095601894868,-0.11709361130232415,-6.929778083139569,0.02168009445698943,-33.2787765994443,-5.339546313908971,0.02168009445698943,-33.2787765994443,-5.339546313908971,0.9866598193267914,-0.11665115238155216,-6.935880159574963
8354354354.354355,0.986619399234512,-0.11700699098507611,-6.933709013114836,0.0217830401641423,-33.23763015517633,-5.343194219566829,0.0217830401641423,-33.23763015517633,-5.343194219566829,0.9866673826563377,-0.11658457016886085,-6.939778941103488
8360360360.36036,0.9866290365156695,-0.11692214778030918,-6.937627650906499,0.02188317944900581,-33.197791565562746,-5.3468350930887425,0.02188317944900581,-33.197791565562746,-5.3468350930887425,0.9866747799230268,-0.1165194503500039,-6.943666373078962
8366366366.366366,0.9866384778041831,-0.11683903082888089,-6.941534147879988,0.021980582939825986,-33.15921587956759,-5.350468822871255,0.021980582939825986,-33.15921587956759,-5.350468822871255,0.9866820160562767,-0.11645574949778742,-6.947542591282347
8372372372.372373,0.9866477286728457,-0.11675759102152203,-6.945428652213103,0.022075319294163998,-33.12186012267203,-5.354095309376855,0.022075319294163998,-33.12186012267203,-5.354095309376855,0.9866890958126664,-0.11639342570851569,-6.951407728670528
8378378378.378379,0.986656794504184,-0.1166777809267723,-6.949311308985777,0.022167455262600094,-33.08568318673377,-5.3577144641799,0.022167455262600094,-33.08568318673377,-5.3577144641799,0.9866960237831826,-0.11633243853807256,-6.955261915455308
8384384384.384384,0.9866656804982387,-0.116599554722326,-6.953182260266757,0.022257055750075846,-33.050645727308776,-5.36132620909356,0.022257055750075846,-33.050645727308776,-5.36132620909356,0.9867028044001187,-0.11627274894107419,-6.9591052791796955
8390390390.39039,0.9866743916799807,-0.11652286812958312,-6.957041645197339,0.022344183874973743,-33.01671006784002,-5.3649304753700795,0.022344183874973743,-33.01671006784002,-5.3649304753700795,0.9867094419436422,-0.11621431921295242,-6.962937944791624
8396396396.396397,0.9866829329063794,-0.1164476783512809,-6.960889600072273,0.02242890102602801,-32.98384011017254,-5.36852720296752,0.02242890102602801,-32.98384011017254,-5.36852720296752,0.9867159405480576,-0.11615711293471725,-6.966760034715174
8402402402.402403,0.9866913088731476,-0.11637394401197458,-6.964726258417936,0.022511266917156124,-32.95200125090315,-5.372116339876891,0.022511266917156124,-32.95200125090315,-5.372116339876891,0.9867223042077666,-0.11610109492039702,-6.970571668919424
8408408408.408408,0.9866995241211728,-0.11630162510129204,-6.968551751067905,0.022591339640296446,-32.92116030311717,-5.375697841504147,0.022591339640296446,-32.92116030311717,-5.375697841504147,0.9867285367829552,-0.11604623116688974,-6.974372964985008
8414414414.414414,0.9867075830426534,-0.11623068291979433,-6.972366206236012,0.022669175716333947,-32.89128542310351,-5.3792716701020655,0.022669175716333947,-32.89128542310351,-5.3792716701020655,0.9867346420050209,-0.11599248880610134,-6.978164038168466
8420420420.420421,0.9867154898869614,-0.11616108002724918,-6.9761697495869806,0.022744830144192037,-32.86234604167552,-5.382837794247652,0.022744830144192037,-32.86234604167552,-5.382837794247652,0.9867406234817337,-0.11593983605943763,-6.981945001464485
8426426426.426427,0.9867232487662285,-0.1160927801933509,-6.979962504304758,0.02281835644816422,-32.834312799757065,-5.386396188360937,0.02281835644816422,-32.834312799757065,-5.386396188360937,0.986746484702178,-0.11588824219423136,-6.985715965666107
8432432432.432432,0.9867308636606961,-0.11602574835051815,-6.983744591158596,0.022889806723558358,-32.80715748792152,-5.389946832261691,0.022889806723558358,-32.80715748792152,-5.389946832261691,0.9867522290414497,-0.11583767748232125,-6.989477039422977
8438438438.438438,0.986738338423807,-0.11595995054897777,-6.987516128567009,0.022959231680719144,-32.78085298959898,-5.393489710760631,0.022959231680719144,-32.78085298959898,-5.393489710760631,0.9867578597651608,-0.11578811316033956,-6.993228329297715
8444444444.444445,0.9867456767870881,-0.11589535391369407,-6.991277232659652,0.023026680687496134,-32.75537322768892,-5.397024813282315,0.023026680687496134,-32.75537322768892,-5.397024813282315,0.9867633800337193,-0.1157395213919768,-6.996969939820477
8450450450.450451,0.986752882364806,-0.11583192660330097,-6.995028017337219,0.023092201810217525,-32.73069311433866,-5.400552133516916,0.023092201810217525,-32.73069311433866,-5.400552133516916,0.9867687929064303,-0.115691875231821,-7.000701973541769
8456456456.456456,0.9867599586584194,-0.11576963777082395,-6.998768594329435,0.023155841853230323,-32.70678850366621,-5.404071669098577,0.023155841853230323,-32.70678850366621,-5.404071669098577,0.9867741013454042,-0.11564514859090275,-7.004424531083597
8462462462.462462,0.986766909060839,-0.11570845752611128,-7.002499073251199,0.023217646397062277,-32.683636147224846,-5.407583421308026,0.023217646397062277,-32.683636147224846,-5.407583421308026,0.9867793082193034,-0.11559931620366834,-7.008137711188988
8468468468.468469,0.9867737368605021,-0.11564835689989178,-7.006219561656968,0.02327765983526129,-32.66121365202181,-5.411087394797529,0.02327765983526129,-32.66121365202181,-5.411087394797529,0.9867844163069072,-0.1155543535965462,-7.011841610769971
8474474474.474475,0.9867804452452638,-0.1155893078094556,-7.009930165093426,0.023335925409963112,-32.63949944091914,-5.4145835973363505,0.023335925409963112,-32.63949944091914,-5.4145835973363505,0.9867894283005318,-0.11551023705780131,-7.015536324954054
8480480480.48048,0.9867870373061314,-0.11553128302571757,-7.013630987150522,0.023392485246236366,-32.61847271525773,-5.418072039575041,0.023392485246236366,-32.61847271525773,-5.418072039575041,0.986794346809295,-0.11546694360875742,-7.019221947129259
8486486486.486486,0.9867935160408261,-0.11547425614180602,-7.01732212951091,0.023447380385254672,-32.598113419557116,-5.421552734827074,0.023447380385254672,-32.598113419557116,-5.421552734827074,0.9867991743622399,-0.11542445097625628,-7.022898568987777
8492492492.492493,0.986799884357206,-0.11541820154287481,-7.021003691997878,0.0235006508163382,-32.57840220815622,-5.425025698866433,0.0235006508163382,-32.57840220815622,-5.425025698866433,0.9868039134113231,-0.11538273756631917,-7.026566280568267
8498498498.498499,0.986806145076535,-0.11536309437727493,-7.024675772621803,0.023552335507910454,-32.55932041366889,-5.428490949739908,0.023552335507910454,-32.55932041366889,-5.428490949739908,0.986808566334272,-0.11534178243896392,-7.030225170296885
8504504504.504504,0.9868123009366129,-0.1153089105289508,-7.028338467625191,0.023602472437410926,-32.540850017138396,-5.431948507592976,0.023602472437410926,-32.540850017138396,-5.431948507592976,0.9868131354373243,-0.11530156528405408,-7.033875325027052
8510510510.51051,0.9868183545947842,-0.11525562659090972,-7.031991871526343,0.023651098620203172,-32.522973619783194,-5.435398394508138,0.023651098620203172,-32.522973619783194,-5.435398394508138,0.986817622957847,-0.11526206639821306,-7.037516830078036
8516516516.516517,0.9868243086308081,-0.11520321983991243,-7.0356360771617235,0.023698250137516867,-32.505674416234314,-5.438840634354873,0.023698250137516867,-32.505674416234314,-5.438840634354873,0.9868220310668415,-0.11522326666274899,-7.041149769272365
8522522522.522523,0.9868301655496193,-0.11515166821212801,-7.039271175727028,0.02374396216346046,-32.48893616917147,-5.442275252650216,0.02374396216346046,-32.48893616917147,-5.442275252650216,0.9868263618713511,-0.1151851475224312,-7.044774224972129
8528528528.528528,0.9868359277839731,-0.11510095027981436,-7.0428972568170565,0.023788268991139012,-32.4727431852722,-5.445702276429231,0.023788268991139012,-32.4727431852722,-5.445702276429231,0.9868306174167596,-0.11514769096523206,-7.048390278114206
8534534534.534534,0.9868415976969751,-0.11505104522900736,-7.046514408464389,0.023831204057910404,-32.457080292394295,-5.449121734124599,0.023831204057910404,-32.457080292394295,-5.449121734124599,0.9868347996889959,-0.11511087950289793,-7.0519980082444516
8540540540.540541,0.986847177584516,-0.11500193283805671,-7.050122717176909,0.023872799969813646,-32.44193281791637,-5.452533655454654,0.023872799969813646,-32.44193281791637,-5.452533655454654,0.9868389106166487,-0.11507469615231036,-7.05559749355087
8546546546.546547,0.9868526696776037,-0.11495359345706363,-7.053722267974255,0.023913088525197416,-32.42728656816867,-5.455938071319262,0.023913088525197416,-32.42728656816867,-5.455938071319262,0.9868429520729959,-0.1150391244176028,-7.05918881089584
8552552552.552552,0.9868580761446007,-0.11490600798815122,-7.057313144423171,0.02395210073758079,-32.413127808888646,-5.459335013702927,0.02395210073758079,-32.413127808888646,-5.459335013702927,0.9868469258779433,-0.11500414827307044,-7.062772035847378
8558558558.558558,0.9868633990933723,-0.11485915786653195,-7.060895428671866,0.02398986685777339,-32.39944324664154,-5.462724515584634,0.02398986685777339,-32.39944324664154,-5.462724515584634,0.9868508337998868,-0.11496975214676494,-7.066347242709525
8564564564.564565,0.9868686405733503,-0.11481302504230395,-7.064469201483351,0.024026416395281497,-32.38622001115041,-5.466106610853931,0.024026416395281497,-32.38622001115041,-5.466106610853931,0.9868546775575069,-0.11493592090467597,-7.069914504551843
8570570570.570571,0.9868738025775098,-0.1147675919630327,-7.068034542267836,0.024061778139027417,-32.37344563848269,-5.4694813342328,0.024061778139027417,-32.37344563848269,-5.4694813342328,0.9868584588214729,-0.11490263983571393,-7.073473893238068
8576576576.576576,0.9868788870442747,-0.11472284155694479,-7.071591529114192,0.024095980177406016,-32.36110805504498,-5.4728487212028885,0.024095980177406016,-32.36110805504498,-5.4728487212028885,0.9868621792161028,-0.11486989463708563,-7.077025479453958
8582582582.582582,0.9868838958593426,-0.11467875721684728,-7.075140238820527,0.024129049917703004,-32.34919556234,-5.476208807937771,0.024129049917703004,-32.34919556234,-5.476208807937771,0.9868658403209277,-0.11483767140050152,-7.080569332734352
8588588588.588589,0.986888830857437,-0.11463532278467395,-7.078680746923887,0.024161014104897485,-32.33769682244353,-5.479561631239808,0.024161014104897485,-32.33769682244353,-5.479561631239808,0.9868694436722243,-0.11480595659868081,-7.084105521489456
8594594594.594595,0.9868936938240023,-0.11459252253654946,-7.08221312772912,0.02419189883987096,-32.326600844161156,-5.482907228481371,0.02419189883987096,-32.326600844161156,-5.482907228481371,0.9868729907644568,-0.11477473707263736,-7.087634113030404
8600600600.600601,0.9868984864968171,-0.1145503411685654,-7.085737454336943,0.024221729597044463,-32.31589696982721,-5.486245637550038,0.024221729597044463,-32.31589696982721,-5.486245637550038,0.9868764830516866,-0.11474400001926226,-7.091155173594107
8606606606.606606,0.986903210567555,-0.11450876378302241,-7.089253798671217,0.024250531241463313,-32.305574862711474,-5.4895768967975505,0.024250531241463313,-32.305574862711474,-5.4895768967975505,0.9868799219489117,-0.114713732979522,-7.0946687683674075
8612612612.612614,0.986907867683287,-0.1144677758751875,-7.092762231505473,0.024278328045349427,-32.295624495000446,-5.492901044992283,0.024278328045349427,-32.295624495000446,-5.492901044992283,0.9868833088333638,-0.11468392382702672,-7.098174961510569
8618618618.618618,0.9869124594479202,-0.11442736332061028,-7.09626282248869,0.024305143704140345,-32.28603613632227,-5.496218121274882,0.024305143704140345,-32.28603613632227,-5.496218121274882,0.9868866450457403,-0.11465456075717734,-7.101673816180129
8624624624.624626,0.9869169874235847,-0.11438751236290132,-7.099755640170395,0.024331001352031856,-32.27680034278693,-5.499528165116998,0.024331001352031856,-32.27680034278693,-5.499528165116998,0.9868899318914065,-0.11462563227657062,-7.105165394551119
8630630630.63063,0.9869214531319711,-0.1143482096019425,-7.103240752025039,0.024355923577043203,-32.26790794651396,-5.502831216282779,0.024355923577043203,-32.26790794651396,-5.502831216282779,0.9868931706415388,-0.11459712719292856,-7.108649757838682
8636636636.636637,0.9869258580556103,-0.11430944198260617,-7.106718224475749,0.024379932435619315,-32.25935004562293,-5.506127314793049,0.024379932435619315,-32.25935004562293,-5.506127314793049,0.98689636253423,-0.11456903460535935,-7.112126966319115
8642642642.642643,0.9869302036391142,-0.11427119678381921,-7.110188122917412,0.02440304946678876,-32.25111799466184,-5.5094165008918745,0.02440304946678876,-32.25111799466184,-5.5094165008918745,0.9868995087755505,-0.1145413438950052,-7.115597079350332
8648648648.64865,0.9869344912903633,-0.11423346160809877,-7.113650511739146,0.02442529570588989,-32.243203395451864,-5.5126988150154626,0.02442529570588989,-32.243203395451864,-5.5126988150154626,0.9869026105405689,-0.11451404471605581,-7.1190601553917885
8654654654.654655,0.9869387223816548,-0.11419622437142875,-7.117105454346167,0.02444669169788262,-32.23559808832639,-5.515974297763181,0.02444669169788262,-32.23559808832639,-5.515974297763181,0.9869056689743351,-0.1144871269870811,-7.122516252023882
8660660660.66066,0.9869428982508051,-0.11415947329354954,-7.120553013181082,0.024467257510257676,-32.228294143745146,-5.51924298987055,0.024467257510257676,-32.228294143745146,-5.51924298987055,0.9869086851928269,-0.11446058088269263,-7.125965425966816
8666666666.666668,0.9869470202022139,-0.11412319688857255,-7.123993249744605,0.024487012745559172,-32.22128385426394,-5.522504932184145,0.024487012745559172,-32.22128385426394,-5.522504932184145,0.9869116602838617,-0.11443439682551612,-7.1294077330989944
8672672672.672672,0.9869510895078911,-0.11408738395593747,-7.127426224615725,0.02450597655353161,-32.2145597268429,-5.525760165638161,0.02450597655353161,-32.2145597268429,-5.525760165638161,0.9869145953079687,-0.11440856547850059,-7.132843228474903
8678678678.678679,0.9869551074084396,-0.11405202357174546,-7.130851997471372,0.02452416764290627,-32.208114475475845,-5.529008731232699,0.02452416764290627,-32.208114475475845,-5.529008731232699,0.9869174912992393,-0.11438307773743021,-7.136271966342564
8684684684.684685,0.9869590751140124,-0.11401710508032722,-7.1342706271055265,0.024541604292836153,-32.20194101412594,-5.532250670013487,0.024541604292836153,-32.20194101412594,-5.532250670013487,0.9869203492661377,-0.11435792472378514,-7.139694000160492
8690690690.690691,0.9869629938052273,-0.11398261808618006,-7.137682171447864,0.024558304363994508,-32.19603244995176,-5.535486023053052,0.024558304363994508,-32.19603244995176,-5.535486023053052,0.9869231701922825,-0.11433309777785026,-7.143109382614244
8696696696.696697,0.9869668646340533,-0.11394855244616145,-7.141086687581905,0.02457428530934552,-32.19038207681047,-5.538714831433243,0.02457428530934552,-32.19038207681047,-5.538714831433243,0.9869259550372066,-0.11430858845202513,-7.146518165632535
8702702702.702702,0.9869706887246623,-0.11391489826197534,-7.144484231762696,0.024589564184599812,-32.18498336902453,-5.541937136228948,0.024589564184599812,-32.18498336902453,-5.541937136228948,0.9869287047370797,-0.11428438850445803,-7.149920400402927
8708708708.70871,0.9869744671742555,-0.11388164587289905,-7.147874859434048,0.024604157658363882,-32.17982997539948,-5.545152978493027,0.024604157658363882,-32.17982997539948,-5.545152978493027,0.9869314202054148,-0.11426048989282275,-7.153316137387146
8714714714.714714,0.9869782010538537,-0.11384878584881271,-7.151258625245308,0.024618082021994843,-32.17491571348086,-5.54836239924227,0.024618082021994843,-32.17491571348086,-5.54836239924227,0.9869341023337403,-0.11423688476839576,-7.156705426335975
8720720720.720722,0.9869818914090688,-0.11381630898340306,-7.15463558306775,0.024631353199168798,-32.17023456403935,-5.551565439444438,0.024631353199168798,-32.17023456403935,-5.551565439444438,0.9869367519922561,-0.11421356547028103,-7.160088316303811
8726726726.726727,0.9869855392608394,-0.11378420628768109,-7.158005786010493,0.02464398675517367,-32.165780665772964,-5.554762140006195,0.02464398675517367,-32.165780665772964,-5.554762140006195,0.9869393700304586,-0.11419052451989715,-7.163464855662811
8732732732.732733,0.9869891456061456,-0.11375246898368602,-7.161369286436082,0.02465599790593386,-32.16154831021705,-5.557952541761981,0.02465599790593386,-32.16154831021705,-5.557952541761981,0.9869419572777542,-0.11416775461558193,-7.16683509211673
8738738738.738739,0.9869927114187002,-0.11372108849839051,-7.164726135975617,0.024667401526777093,-32.15753193685176,-5.561136685463678,0.024667401526777093,-32.15753193685176,-5.561136685463678,0.9869445145440354,-0.11414524862751164,-7.170199072714376
8744744744.744745,0.9869962376496146,-0.11369005645783523,-7.168076385543559,0.024678212160950275,-32.15372612839866,-5.564314611771099,0.024678212160950275,-32.15372612839866,-5.564314611771099,0.9869470426202555,-0.11412299959264027,-7.173556843862757
8750750750.750751,0.9869997252280408,-0.11365936468147553,-7.1714200853521195,0.024688444027893525,-32.15012560629755,-5.567486361243154,0.024688444027893525,-32.15012560629755,-5.567486361243154,0.9869495422789675,-0.11410100070995155,-7.17690845133989
8756756756.756756,0.98700317506179,-0.11362900517672395,-7.1747572849253425,0.02469811103127985,-32.14672522635543,-5.570651974329766,0.02469811103127985,-32.14672522635543,-5.570651974329766,0.9869520142748534,-0.11407924533580008,-7.1802539403073
8762762762.762764,0.9870065880379395,-0.11359897013360931,-7.178088033112796,0.024707226766827215,-32.14351997456032,-5.573811491364359,0.024707226766827215,-32.14351997456032,-5.573811491364359,0.9869544593452344,-0.11405772697941294,-7.183593355322215
8768768768.768768,0.987009965023407,-0.11356925191971241,-7.181412378102954,0.024715804529891857,-32.14050496305195,-5.576964952557009,0.024715804529891857,-32.14050496305195,-5.576964952557009,0.9869568782105548,-0.11403643929863175,-7.186926740349455
8774774774.774775,0.9870133068655139,-0.11353984307520482,-7.184730367436256,0.02472385732284781,-32.137675426243206,-5.580112397988113,0.02472385732284781,-32.137675426243206,-5.580112397988113,0.986959271574869,-0.11401537609561888,-7.190254138773052
8780780780.78078,0.987016614392526,-0.11351073630808618,-7.188042048017823,0.02473139786226101,-32.13502671708512,-5.583253867602601,0.02473139786226101,-32.13502671708512,-5.583253867602601,0.9869616401262852,-0.1139945313129516,-7.193575593407565
8786786786.786787,0.987019888414178,-0.11348192448955943,-7.1913474661298915,0.024738438585863727,-32.132554303469504,-5.586389401204652,0.024738438585863727,-32.132554303469504,-5.586389401204652,0.9869639845374204,-0.11397389902961491,-7.196891146509139
8792792792.792793,0.9870231297221808,-0.11345340064956562,-7.194646667443943,0.024744991659335573,-32.130253764763225,-5.5895190384528375,0.024744991659335573,-32.130253764763225,-5.5895190384528375,0.98696630546582,-0.11395347345730499,-7.2002008397863015
8798798798.798798,0.9870263390907098,-0.11342515797247814,-7.197939697032535,0.024751068982897115,-32.128120788468514,-5.592642818855744,0.024751068982897115,-32.128120788468514,-5.592642818855744,0.9869686035543744,-0.11393324893675845,-7.203504714410495
8804804804.804806,0.9870295172768809,-0.11339718979291259,-7.201226599380853,0.024756682197722334,-32.12615116700388,-5.595760781767963,0.024756682197722334,-32.12615116700388,-5.595760781767963,0.9869708794317217,-0.11391321993420965,-7.206802811026357
8810810810.81081,0.9870326650212088,-0.1133694895916871,-7.204507418397986,0.024761842692174962,-32.12434079460061,-5.598872966386454,0.024761842692174962,-32.12434079460061,-5.598872966386454,0.9869731337126294,-0.11389338103802284,-7.21009516976176
8816816816.816818,0.987035783048051,-0.11334205099191001,-7.207782197427958,0.02476656160787489,-32.12268566430986,-5.601979411747326,0.02476656160787489,-32.12268566430986,-5.601979411747326,0.9869753669983717,-0.11387372695537455,-7.21338183023763
8822822822.822823,0.9870388720660308,-0.11331486775525429,-7.211050979260459,0.02477084984559855,-32.12118186511609,-5.605080156722853,0.02477084984559855,-32.12118186511609,-5.605080156722853,0.9869775798770886,-0.11385425250908932,-7.2166628315775085
8828828828.828829,0.9870419327684683,-0.11328793377816282,-7.214313806141353,0.024774718071020187,-32.119825579151936,-5.608175240018889,0.024774718071020187,-32.119825579151936,-5.608175240018889,0.986979772924139,-0.11383495263452631,-7.219938212416918
8834834834.834835,0.9870449658337653,-0.11326124308845333,-7.217570719782948,0.024778176720297255,-32.118613079010714,-5.611264700172522,0.024778176720297255,-32.118613079010714,-5.611264700172522,0.9869819467024373,-0.11381582237661961,-7.223208010912489
8840840840.840841,0.9870479719258086,-0.11323478984176927,-7.220821761373987,0.024781236005505497,-32.11754072515249,-5.614348575550003,0.024781236005505497,-32.11754072515249,-5.614348575550003,0.986984101762781,-0.11379685688699263,-7.226472264750891
8846846846.846848,0.9870509516943403,-0.11320856831831508,-7.224066971589463,0.024783905919928392,-32.116604963399695,-5.61742690434496,0.024783905919928392,-32.116604963399695,-5.61742690434496,0.9869862386441667,-0.11377805142116962,-7.229731011157552
8852852852.852852,0.9870539057753243,-0.11318257291962958,-7.227306390600156,0.024786196243204692,-32.11580232251903,-5.6204997245768205,0.024786196243204692,-32.11580232251903,-5.6204997245768205,0.9869883578741017,-0.11375940133583881,-7.232984286905178
8858858858.85886,0.987056834791303,-0.11315679816544093,-7.2305400580819965,0.024788116546338727,-32.11512941188593,-5.623567074089459,0.024788116546338727,-32.11512941188593,-5.623567074089459,0.986990459968895,-0.11374090208628385,-7.236232128322084
8864864864.864864,0.9870597393517361,-0.1131312386906874,-7.233768013225168,0.024789676196577883,-32.11458291922838,-5.62662899055006,0.024789676196577883,-32.11458291922838,-5.62662899055006,0.9869925454339501,-0.11372254922380937,-7.2394745713003195
8870870870.87087,0.9870626200533399,-0.113105889242522,-7.236990294743058,0.024790884362160797,-32.11415960844684,-5.629685511448176,0.024790884362160797,-32.11415960844684,-5.629685511448176,0.9869946147640405,-0.11370433839331129,-7.242711651303641
8876876876.876877,0.9870654774804031,-0.1130807446775359,-7.240206940880943,0.02479175001694004,-32.1138563175075,-5.632736674094954,0.02479175001694004,-32.1138563175075,-5.632736674094954,0.9869966684435817,-0.1136862653308833,-7.245943403375271
8882882882.882883,0.9870683122051002,-0.11305579995899469,-7.243417989424541,0.02479228194488335,-32.11366995640581,-5.635782515622551,0.02479228194488335,-32.11366995640581,-5.635782515622551,0.9869987069468932,-0.11366832586150953,-7.249169862145504
8888888888.88889,0.9870711247878002,-0.11303105015411971,-7.24662347770832,0.024792488744457046,-32.11359750519753,-5.638823072983673,0.024792488744457046,-32.11359750519753,-5.638823072983673,0.9870007307384498,-0.11365051589684984,-7.252391061839133
8894894894.894894,0.9870739157773533,-0.11300649043156594,-7.2498234426236525,0.024792378832894476,-32.11363601209486,-5.641858382951301,0.024792378832894476,-32.11363601209486,-5.641858382951301,0.9870027402731294,-0.11363283143306167,-7.255607036282726
8900900900.900902,0.9870766857113764,-0.11298211605889986,-7.253017920626779,0.024791960450353798,-32.11378259162491,-5.644888482118523,0.024791960450353798,-32.11378259162491,-5.644888482118523,0.9870047359964512,-0.11361526854869587,-7.2588178189117185
8906906906.906906,0.9870794351165353,-0.11295792240012245,-7.256206947746585,0.024791241663967647,-32.11403442284829,-5.6479134068985,0.024791241663967647,-32.11403442284829,-5.6479134068985,0.9870067183448036,-0.11359782340269642,-7.262023442777365
8912912912.912914,0.987082164508807,-0.11293390491335142,-7.259390559592229,0.02479023037178762,-32.11438874763569,-5.650933193524564,0.02479023037178762,-32.11438874763569,-5.650933193524564,0.9870086877456724,-0.1135804922323854,-7.265223940553542
8918918918.918919,0.987084874393741,-0.11291005914852525,-7.262568791360572,0.024788934306628083,-32.114842868999574,-5.653947878050403,0.024788934306628083,-32.114842868999574,-5.653947878050403,0.9870106446178556,-0.11356327135157608,-7.26841934454338
8924924924.924925,0.9870875652667119,-0.11288638074517439,-7.265741677843476,0.024787361039810003,-32.115394149479975,-5.656957496350364,0.024787361039810003,-32.115394149479975,-5.656957496350364,0.9870125893716731,-0.11354615714872224,-7.271609686685779
8930930930.930931,0.9870902376131657,-0.11286286543025346,-7.26890925343492,0.024785517984809734,-32.11604000958137,-5.659962084119847,0.024785517984809734,-32.11604000958137,-5.659962084119847,0.9870145224091739,-0.11352914608509761,-7.274794998561766
8936936936.936937,0.9870928919088567,-0.11283950901605437,-7.272071552137971,0.024783412400814338,-32.11677792625927,-5.662961676875784,0.024783412400814338,-32.11677792625927,-5.662961676875784,0.9870164441243315,-0.1135122346930695,-7.277975311400715
8942942942.942944,0.9870955286200751,-0.11281630739820268,-7.275228607571605,0.024781051396186193,-32.117605431454706,-5.66595630995719,0.024781051396186193,-32.117605431454706,-5.66595630995719,0.9870183549032371,-0.11349541957440545,-7.281150656086438
8948948948.948948,0.9870981482038764,-0.11279325655363452,-7.278380452977372,0.024778441931839982,-32.11852011067455,-5.668946018525813,0.024778441931839982,-32.11852011067455,-5.668946018525813,0.9870202551242866,-0.11347869739861806,-7.28432106316315
8954954954.954956,0.9871007511082949,-0.11277035253871998,-7.281527121225939,0.024775590824534524,-32.11951960161611,-5.671930837566831,0.024775590824534524,-32.11951960161611,-5.671930837566831,0.9870221451583648,-0.11346206490134902,-7.287486562841295
8960960960.96096,0.9871033377725577,-0.11274759148737394,-7.284668644823455,0.024772504750080762,-32.1206015928347,-5.674910801889611,0.024772504750080762,-32.1206015928347,-5.674910801889611,0.987024025369012,-0.11344551888290072,-7.290647185003252
8966966966.966967,0.987105908627287,-0.11272496960927758,-7.28780505591783,0.024769190246470115,-32.12176382245208,-5.677885946128558,0.024769190246470115,-32.12176382245208,-5.677885946128558,0.9870258961126072,-0.11342905620662112,-7.293802959208932
8972972972.972973,0.9871084640947029,-0.11270248318809163,-7.290936386304834,0.024765653716923648,-32.12300407690478,-5.680856304743953,0.024765653716923648,-32.12300407690478,-5.680856304743953,0.9870277577385248,-0.11341267379752452,-7.2969539147012386
8978978978.97898,0.9871110045888146,-0.11268012857977087,-7.2940626674340985,0.02476190143286592,-32.124320189730454,-5.683821912022928,0.02476190143286592,-32.124320189730454,-5.683821912022928,0.9870296105892978,-0.11339636864085727,-7.300100080411426
8984984984.984985,0.987113530515608,-0.1126579022109145,-7.297183930414982,0.024757939536823755,-32.12571004039149,-5.686782802080407,0.024757939536823755,-32.12571004039149,-5.686782802080407,0.9870314550007775,-0.11338013778068912,-7.303241484964344
8990990990.99099,0.9871160422732335,-0.1126358005771097,-7.300300206022298,0.02475377404525405,-32.12717155313385,-5.689739008860129,0.02475377404525405,-32.12717155313385,-5.689739008860129,0.9870332913022818,-0.1133639783186062,-7.306378156683562
8996996996.996998,0.9871185402521789,-0.11261382024140834,-7.303411524701956,0.02474941085130097,-32.128702695880456,-5.692690566135704,0.02474941085130097,-32.128702695880456,-5.692690566135704,0.9870351198167449,-0.11334788741239613,-7.309510123596411
9003003003.003002,0.9871210248354424,-0.11259195783280843,-7.30651791657645,0.02474485572748547,-32.130301479157616,-5.695637507511673,0.02474485572748547,-32.130301479157616,-5.695637507511673,0.9870369408608591,-0.11333186227479577,-7.312637413438891
9009009009.00901,0.9871234963987051,-0.11257021004472789,-7.3096194114502575,0.024740114328328514,-32.13196595505351,-5.698579866424661,0.024740114328328514,-32.13196595505351,-5.698579866424661,0.9870387547452167,-0.11331590017224677,-7.315760053660504
9015015015.015015,0.9871259553104887,-0.11254857363362099,-7.312716038815114,0.02473519219290986,-32.13369421620749,-5.701517676144479,0.02473519219290986,-32.13369421620749,-5.701517676144479,0.9870405617744439,-0.11329999842371179,-7.318878071428965
9021021021.02102,0.9871284019323218,-0.11252704541751274,-7.315807827855188,0.02473009474736477,-32.13548439482915,-5.704450969775307,0.02473009474736477,-32.13548439482915,-5.704450969775307,0.9870423622473338,-0.11328415439950429,-7.321991493634843
9027027027.027027,0.9871308366188851,-0.11250562227471603,-7.31889480745214,0.024724827307319272,-32.13733466174628,-5.707379780256884,0.024724827307319272,-32.13733466174628,-5.707379780256884,0.9870441564569726,-0.11326836552017903,-7.325100346896078
9033033033.033033,0.9871332597181701,-0.11248430114244133,-7.321977006190092,0.02471939508026665,-32.1392432254805,-5.710304140365706,0.02471939508026665,-32.1392432254805,-5.710304140365706,0.9870459446908667,-0.11325262925541388,-7.328204657562431
9039039039.03904,0.9871356715716231,-0.11246307901552281,-7.325054452360477,0.024713803167886066,-32.14120833134991,-5.713224082716234,0.024713803167886066,-32.14120833134991,-5.713224082716234,0.9870477272310626,-0.11323694312294998,-7.331304451719825
9045045045.045044,0.987138072514285,-0.11244195294518822,-7.3281271739668075,0.02470805656830548,-32.14322826059751,-5.716139639762159,0.02470805656830548,-32.14322826059751,-5.716139639762159,0.9870495043542648,-0.11322130468755769,-7.33439975519462
9051051051.051052,0.9871404628749318,-0.11242092003782315,-7.331195198729345,0.024702160178310076,-32.14530132954473,-5.71905084379762,0.024702160178310076,-32.14530132954473,-5.71905084379762,0.9870512763319518,-0.11320571156001201,-7.337490593557778
9057057057.057056,0.9871428429762107,-0.11239997745377334,-7.334258554089662,0.024696118795497223,-32.14742588876928,-5.721957726958477,0.024696118795497223,-32.14742588876928,-5.721957726958477,0.9870530434304859,-0.11319016139612886,-7.340576992128958
9063063063.063065,0.9871452131347703,-0.112379122406193,-7.3373172672151314,0.024689937120379975,-32.14960032230649,-5.724860321223568,0.024689937120379975,-32.14960032230649,-5.724860321223568,0.9870548059112251,-0.1131746518957797,-7.343658975980542
9069069069.069069,0.9871475736613876,-0.11235835215993309,-7.34037136500331,0.02468361975844106,-32.15182304687298,-5.72775865841598,0.02468361975844106,-32.15182304687298,-5.72775865841598,0.9870565640306237,-0.11315918080200103,-7.3467365699415454
9075075075.075075,0.9871499248610934,-0.11233766403043174,-7.343420874086247,0.024677171222137004,-32.15409251111251,-5.730652770204334,0.024677171222137004,-32.15409251111251,-5.730652770204334,0.9870583180403404,-0.11314374590004911,-7.349809798601491
9081081081.081081,0.9871522670332956,-0.11231705538263198,-7.346465820834705,0.02467059593285498,-32.156407194863064,-5.73354268810405,0.02467059593285498,-32.156407194863064,-5.73354268810405,0.9870600681873354,-0.11312834501654086,-7.3528786863141775
9087087087.087088,0.9871546004718917,-0.1122965236299883,-7.34950623136229,0.02466389822282372,-32.15876560844416,-5.736428443478633,0.02466389822282372,-32.15876560844416,-5.736428443478633,0.9870618147139696,-0.11311297601858175,-7.355943257201389
9093093093.093094,0.9871569254653914,-0.11227606623339048,-7.352542131529504,0.024657082336978938,-32.16116629196418,-5.739310067540956,0.024657082336978938,-32.16116629196418,-5.739310067540956,0.9870635578580996,-0.11309763681292934,-7.359003535156524
9099099099.099098,0.98715924229702,-0.11225568070024733,-7.355573546947726,0.024650152434784814,-32.163607814646824,-5.742187591354527,0.024650152434784814,-32.163607814646824,-5.742187591354527,0.9870652978531683,-0.11308232534519638,-7.362059543848158
9105105105.105106,0.9871615512448384,-0.11223536458343777,-7.358600502983106,0.02464311259201307,-32.166088774176174,-5.745061045834788,0.02464311259201307,-32.166088774176174,-5.745061045834788,0.9870670349282968,-0.11306703959903966,-7.365111306723542
9111111111.11111,0.9871638525818365,-0.11221511548048183,-7.361623024760382,0.02463596680247995,-32.16860779605967,-5.747930461750367,0.02463596680247995,-32.16860779605967,-5.747930461750367,0.9870687693083727,-0.11305177759538489,-7.368158847012019
9117117117.117117,0.987166146576048,-0.11219493103253264,-7.364641137166638,0.024628718979743155,-32.17116353300846,-5.75079586972436,0.024628718979743155,-32.17116353300846,-5.75079586972436,0.9870705012141351,-0.11303653739167688,-7.371202187728387
9123123123.123123,0.9871684334906454,-0.11217480892353868,-7.367654864854965,0.024621372958758915,-32.17375466433471,-5.753657300235585,0.024621372958758915,-32.17375466433471,-5.753657300235585,0.987072230862257,-0.11302131708115337,-7.374241351676197
9129129129.12913,0.987170713584041,-0.11215474687935802,-7.370664232248077,0.024613932497500667,-32.17637989536511,-5.756514783619852,0.024613932497500667,-32.17637989536511,-5.756514783619852,0.9870739584654279,-0.11300611479212175,-7.3772763614509795
9135135135.135136,0.9871729871099818,-0.11213474266691567,-7.37366926354184,0.024606401278540316,-32.17903795687025,-5.759368350071206,0.024606401278540316,-32.17903795687025,-5.759368350071206,0.9870756842324329,-0.1129909286872572,-7.38030723944342
9141141141.14114,0.9871752543176435,-0.11211479409338332,-7.376669982708739,0.024598782910593055,-32.18172760450927,-5.762218029643169,0.024598782910593055,-32.18172760450927,-5.762218029643169,0.987077408368228,-0.11297575696294292,-7.383334007842462
9147147147.147148,0.9871775154517209,-0.11209489900537871,-7.379666413501289,0.024591080930026536,-32.18444761828929,-5.765063852249976,0.024591080930026536,-32.18444761828929,-5.765063852249976,0.9870791310740188,-0.11296059784857812,-7.3863566886383705
9153153153.153152,0.9871797707525183,-0.11207505528817191,-7.382658579455354,0.024583298802335438,-32.1871968020393,-5.7679058476678025,0.024583298802335438,-32.1871968020393,-5.7679058476678025,0.9870808525473317,-0.11294544960594856,-7.389375303625708
9159159159.15916,0.9871820204560383,-0.11205526086490017,-7.385646503893444,0.024575439923582038,-32.18997398289795,-5.770744045535988,0.024575439923582038,-32.18997398289795,-5.770744045535988,0.987082572982085,-0.11293031052860203,-7.392389874406292
9165165165.165165,0.987184264794058,-0.11203551369590234,-7.388630209927906,0.02456750762180435,-32.19277801081474,-5.773578475358216,0.02456750762180435,-32.19277801081474,-5.773578475358216,0.9870842925686609,-0.11291517894121486,-7.395400422392062
9171171171.171171,0.9871865039942231,-0.11201581177788397,-7.391609720464096,0.024559505158391778,-32.195607758064384,-5.7764091665037345,0.024559505158391778,-32.195607758064384,-5.7764091665037345,0.9870860114939695,-0.11290005319902807,-7.398406968807921
9177177177.177177,0.9871887382801215,-0.111996153143276,-7.394585058203453,0.024551435729429687,-32.198462118773854,-5.779236148208526,0.024551435729429687,-32.198462118773854,-5.779236148208526,0.9870877299415218,-0.11288493168720226,-7.401409534694499
9183183183.183184,0.9871909678713618,-0.11197653585953782,-7.397556245646554,0.02454330246701344,-32.201340008461685,-5.782059449576484,0.02454330246701344,-32.201340008461685,-5.782059449576484,0.9870894480914881,-0.11286981282030926,-7.4044081409108875
9189189189.18919,0.9871931929836533,-0.11195695802845632,-7.400523305096077,0.02453510844053291,-32.20424036358919,-5.784879099580568,0.02453510844053291,-32.20424036358919,-5.784879099580568,0.9870911661207643,-0.1128546950417429,-7.4074028081373156
9195195195.195194,0.9871954138288792,-0.11193741778549787,-7.4034862586597345,0.024526856657927802,-32.20716214112326,-5.787695127063947,0.024526856657927802,-32.20716214112326,-5.787695127063947,0.9870928842030343,-0.11283957682317157,-7.410393556877763
9201201201.201202,0.9871976306151701,-0.11191791329916692,-7.406445128253149,0.02451855006691495,-32.21010431811043,-5.7905075607411485,0.02451855006691495,-32.21010431811043,-5.7905075607411485,0.9870946025088276,-0.11282445666403199,-7.413380407462558
9207207207.207207,0.9871998435469747,-0.11189844277037757,-7.409399935602651,0.02451019155618805,-32.2130658912617,-5.793316429199157,0.02451019155618805,-32.2130658912617,-5.793316429199157,0.9870963212055812,-0.1128093330909838,-7.416363380050885
9213213213.213213,0.9872020528251285,-0.11187900443185134,-7.4123507022480695,0.024501783956590296,-32.21604587654813,-5.796121760898535,0.024501783956590296,-32.21604587654813,-5.796121760898535,0.9870980404576929,-0.11279420465743945,-7.4193424946332875
9219219219.21922,0.9872042586469277,-0.11185959654746815,-7.415297449545433,0.02449333004226144,-32.2190433088064,-5.798923584174519,0.02449333004226144,-32.2190433088064,-5.798923584174519,0.9870997604265827,-0.11277906994302467,-7.422317771034098
9225225225.225225,0.9872064612061878,-0.11184021741174723,-7.41824019866964,0.024484832531758732,-32.222057241354555,-5.801721927238084,0.024484832531758732,-32.222057241354555,-5.801721927238084,0.9871014812707432,-0.11276392755313377,-7.42528922891384
9231231231.231232,0.9872086606933118,-0.1118208653492479,-7.421178970617078,0.02447629408915333,-32.2250867456173,-5.8045168181770235,0.02447629408915333,-32.2250867456173,-5.8045168181770235,0.9871032031457947,-0.11274877611844589,-7.4282568877715685
9237237237.237236,0.9872108572953558,-0.11180153871399189,-7.4241137862081885,0.02446771732510224,-32.22813091076067,-5.807308284956983,0.02446771732510224,-32.22813091076067,-5.807308284956983,0.9871049262045366,-0.11273361429447239,-7.431220766947196
9243243243.243244,0.9872130511960882,-0.11178223588894431,-7.4270446660900085,0.024459104797896834,-32.231188843335794,-5.810096355422522,0.024459104797896834,-32.231188843335794,-5.810096355422522,0.9871066505969993,-0.11271844076109855,-7.434180885623749
9249249249.249249,0.9872152425760501,-0.11176295528547596,-7.429971630738627,0.024450459014487863,-32.23425966693157,-5.812881057298104,0.024450459014487863,-32.23425966693157,-5.812881057298104,0.9871083764704938,-0.1127032542221486,-7.437137262829603
9255255255.255257,0.9872174316126163,-0.11174369534283363,-7.432894700461638,0.02444178243148856,-32.23734252183573,-5.81566241818913,0.02444178243148856,-32.23734252183573,-5.81566241818913,0.9871101039696607,-0.11268805340495179,-7.440089917440669
9261261261.261261,0.9872196184800515,-0.11172445452764146,-7.435813895400525,0.024433077456155146,-32.24043656470445,-5.818440465582911,0.024433077456155146,-32.24043656470445,-5.818440465582911,0.9871118332365164,-0.11267283705993972,-7.4430388681825415
9267267267.267267,0.9872218033495679,-0.1117052313333918,-7.438729235533011,0.024424346447346028,-32.24354096824002,-5.821215226849662,0.024424346447346028,-32.24354096824002,-5.821215226849662,0.9871135644105001,-0.112657603960229,-7.445984133632615
9273273273.273273,0.9872239863893791,-0.11168602427997498,-7.441640740675371,0.024415591716460443,-32.24665492087618,-5.823986729243449,0.024415591716460443,-32.24665492087618,-5.823986729243449,0.9871152976285208,-0.1126423529012098,-7.448925732222162
9279279279.27928,0.9872261677647545,-0.11166683191319937,-7.44454843048469,0.024406815528356343,-32.24977762647134,-5.82675499990314,0.024406815528356343,-32.24977762647134,-5.82675499990314,0.9871170330249978,-0.11262708270018719,-7.451863682238358
9285285285.285286,0.9872283476380722,-0.11164765280432128,-7.447452324461101,0.024398020102248345,-32.252908304009075,-5.82952006585334,0.024398020102248345,-32.252908304009075,-5.82952006585334,0.9871187707319093,-0.11261179219595399,-7.454798001826301
9291291291.29129,0.9872305261688715,-0.11162848554958937,-7.450352441949967,0.024389207612586335,-32.256046187305934,-5.83228195400531,0.024389207612586335,-32.256046187305934,-5.83228195400531,0.9871205108788306,-0.1125964802484585,-7.4577287089909685
9297297297.297298,0.9872327035139017,-0.11160932876981076,-7.453248802144033,0.024380380189915188,-32.25919052472614,-5.835040691157856,0.024380380189915188,-32.25919052472614,-5.835040691157856,0.9871222535929763,-0.11258114573842432,-7.460655821599161
9303303303.303303,0.9872348798271701,-0.11159018110992872,-7.456141424085541,0.024371539921715753,-32.26234057890316,-5.837796303998227,0.024371539921715753,-32.26234057890316,-5.837796303998227,0.9871239989992445,-0.11256578756697116,-7.463579357381394
9309309309.309309,0.9872370552599946,-0.1115710412385603,-7.459030326668306,0.024362688853227697,-32.265495626468045,-5.8405488191029855,0.024362688853227697,-32.265495626468045,-5.8405488191029855,0.9871257472202486,-0.11255040465532748,-7.466499333933771
9315315315.315315,0.9872392299610473,-0.11155190784761429,-7.461915528639751,0.024353828988255194,-32.268654957783895,-5.843298262938855,0.024353828988255194,-32.268654957783895,-5.843298262938855,0.9871274983763655,-0.11253499594440929,-7.469415768719816
9321321321.321321,0.9872414040764007,-0.11153277965188052,-7.464797048602921,0.02434496228995476,-32.27181787668685,-5.846044661863573,0.02434496228995476,-32.27181787668685,-5.846044661863573,0.9871292525857666,-0.11251956039454745,-7.472328679072287
9327327327.327328,0.9872435777495738,-0.11151365538862731,-7.467674905018449,0.02433609068160652,-32.27498370023315,-5.8487880421266984,0.02433609068160652,-32.27498370023315,-5.8487880421266984,0.9871310099644578,-0.11250409698513389,-7.475238082194939
9333333333.333332,0.9872457511215774,-0.11149453381720162,-7.470549116206494,0.024327216047369125,-32.27815175845197,-5.851528429870444,0.024327216047369125,-32.27815175845197,-5.851528429870444,0.9871327706263148,-0.11248860471431377,-7.478143995164269
9339339339.33934,0.9872479243309525,-0.1114754137186899,-7.473419700348648,0.02431834023301859,-32.28132139410411,-5.854265851130465,0.02431834023301859,-32.28132139410411,-5.854265851130465,0.9871345346831195,-0.11247308259866097,-7.481046434931243
9345345345.345345,0.9872500975138192,-0.11145629389548994,-7.476286675489804,0.024309465046671284,-32.28449196244633,-5.857000331836628,0.024309465046671284,-32.28449196244633,-5.857000331836628,0.9871363022445928,-0.11245752967289373,-7.483945418322962
9351351351.351353,0.9872522708039125,-0.11143717317099239,-7.479150059539998,0.024300592259491938,-32.28766283100106,-5.859731897813791,0.024300592259491938,-32.28766283100106,-5.859731897813791,0.9871380734184318,-0.11244194498954338,-7.486840962044337
9357357357.357357,0.9872544443326267,-0.11141805038919447,-7.4820098702762206,0.024291723606386307,-32.290833379331445,-5.862460574782554,0.024291723606386307,-32.290833379331445,-5.862460574782554,0.9871398483103407,-0.11242632761868546,-7.489733082679701
9363363363.363363,0.9872566182290502,-0.11139892441438734,-7.484866125344196,0.02428286078667959,-32.29400299882159,-5.865186388359986,0.02428286078667959,-32.29400299882159,-5.865186388359986,0.9871416270240644,-0.11241067664764176,-7.492621796694423
9369369369.36937,0.9872587926200079,-0.11137979413078955,-7.4877188422601275,0.024274005464780576,-32.29717109246168,-5.867909364060364,0.024274005464780576,-32.29717109246168,-5.867909364060364,0.9871434096614167,-0.11239499118073203,-7.495507120436486
9375375375.375376,0.9872609676301017,-0.11136065844218637,-7.490568038412418,0.0242651592708315,-32.30033707463826,-5.870629527295867,0.0242651592708315,-32.30033707463826,-5.870629527295867,0.9871451963223185,-0.11237927033893969,-7.498389070138021
9381381381.381382,0.9872631433817382,-0.11134151627168731,-7.493413731063368,0.024256323801344605,-32.303500370929,-5.873346903377268,0.024256323801344605,-32.303500370929,-5.873346903377268,0.9871469871048221,-0.11236351325969603,-7.501267661916845
9387387387.387386,0.9872653199951761,-0.11132236656130605,-7.496255937350827,0.024247500619825627,-32.306660417902215,-5.8760615175146285,0.024247500619825627,-32.306660417902215,-5.8760615175146285,0.9871487821051452,-0.11234771909658188,-7.504142911777946
9393393393.393394,0.9872674975885535,-0.11130320827172566,-7.499094674289843,0.024238691257383677,-32.30981666292094,-5.878773394817949,0.024238691257383677,-32.30981666292094,-5.878773394817949,0.9871505814176973,-0.11233188701909619,-7.507014835614976
9399399399.399399,0.987269676277927,-0.11128404038194875,-7.501929958774257,0.024229897213329042,-32.31296856395123,-5.881482560297825,0.024229897213329042,-32.31296856395123,-5.881482560297825,0.9871523851351088,-0.11231601621239597,-7.509883449211678
9405405405.405407,0.9872718561773058,-0.11126486188900242,-7.504761807578303,0.024221119955758232,-32.31611558937499,-5.884189038866095,0.024221119955758232,-32.31611558937499,-5.884189038866095,0.9871541933482622,-0.11230010587702759,-7.512748768243327
9411411411.411411,0.9872740373986806,-0.11124567180767908,-7.507590237358142,0.024212360922126936,-32.31925721780672,-5.886892855336437,0.024212360922126936,-32.31925721780672,-5.886892855336437,0.9871560061463142,-0.11228415522872537,-7.515610808278124
9417417417.417418,0.9872762200520643,-0.11122646917017981,-7.510415264653414,0.024203621519811473,-32.32239293791445,-5.889594034425007,0.024203621519811473,-32.32239293791445,-5.889594034425007,0.9871578236167272,-0.11226816349814,-7.518469584778583
9423423423.423424,0.9872784042455149,-0.11120725302591397,-7.513236905888734,0.024194903126658167,-32.32552224824459,-5.8922926007510235,0.024194903126658167,-32.32552224824459,-5.8922926007510235,0.9871596458452947,-0.1122521299306137,-7.521325113102889
9429429429.42943,0.9872805900851751,-0.1111880224411513,-7.516055177375175,0.024186207091522017,-32.328644657050596,-5.89498857883735,0.024186207091522017,-32.328644657050596,-5.89498857883735,0.9871614729161664,-0.11223605378595641,-7.524177408506221
9435435435.435436,0.987282777675297,-0.11116877649879997,-7.518870095311723,0.02417753473479349,-32.33175968212553,-5.897681993111055,0.02417753473479349,-32.33175968212553,-5.897681993111055,0.9871633049118704,-0.1122199343382533,-7.527026486142081
9441441441.44144,0.987284967118275,-0.11114951429812321,-7.521681675786717,0.024168887348915594,-32.33486685063798,-5.9003728679039895,0.024168887348915594,-32.33486685063798,-5.9003728679039895,0.9871651419133458,-0.1122037708755774,-7.529872361063572
9447447447.447449,0.9872871585146753,-0.11113023495447247,-7.524489934779263,0.02416026619888931,-32.3379656989719,-5.903061227453319,0.02416026619888931,-32.3379656989719,-5.903061227453319,0.9871669839999613,-0.11218756269982448,-7.532715048224695
9453453453.453453,0.9872893519632657,-0.11111093759903233,-7.527294888160602,0.024151672522769726,-32.34105577256954,-5.905747095902043,0.024151672522769726,-32.34105577256954,-5.905747095902043,0.9871688312495379,-0.1121713091265137,-7.535554562481565
9459459459.45946,0.9872915475610391,-0.11109162137860938,-7.530096551695511,0.024143107532150924,-32.34413662577816,-5.908430497299538,0.024143107532150924,-32.34413662577816,-5.908430497299538,0.9871706837383782,-0.11215500948453147,-7.538390918593682
9465465465.465466,0.98729374540325,-0.11107228545531073,-7.5328949410436135,0.024134572412642292,-32.34720782169963,-5.911111455602033,0.024134572412642292,-32.34720782169963,-5.911111455602033,0.9871725415412835,-0.11213866311597911,-7.541224131225112
9471471471.471472,0.9872959455834321,-0.11105292900639044,-7.535690071760726,0.024126068324334185,-32.350268932043505,-5.913789994673135,0.024126068324334185,-32.350268932043505,-5.913789994673135,0.9871744047315784,-0.11212226937595673,-7.544054214945701
9477477477.477478,0.9872981481934313,-0.11103355122396033,-7.538481959300151,0.0241175964022545,-32.353319536983236,-5.916466138284277,0.0241175964022545,-32.353319536983236,-5.916466138284277,0.9871762733811335,-0.11210582763236206,-7.546881184232237
9483483483.483482,0.9873003533234308,-0.11101415131476516,-7.541270619013957,0.024109157756816355,-32.35635922501518,-5.919139910115201,0.024109157756816355,-32.35635922501518,-5.919139910115201,0.9871781475603858,-0.11208933726571342,-7.549705053469616
9489489489.48949,0.9873025610619753,-0.11099472849997255,-7.544056066154252,0.024100753474256137,-32.359387592820916,-5.921811333754425,0.024100753474256137,-32.359387592820916,-5.921811333754425,0.9871800273383613,-0.11207279766895042,-7.552525836951977
9495495495.495495,0.9873047714959965,-0.11097528201494901,-7.546838315874407,0.02409238461706325,-32.36240424513217,-5.924480432699662,0.02409238461706325,-32.36240424513217,-5.924480432699662,0.9871819127826947,-0.11205620824725812,-7.555343548883814
9501501501.501503,0.9873069847108389,-0.11095581110902945,-7.549617383230298,0.024084052224400986,-32.36540879459876,-5.927147230358273,0.024084052224400986,-32.36540879459876,-5.927147230358273,0.9871838039596482,-0.11203956841790459,-7.558158203381094
9507507507.507507,0.9873092007902838,-0.11093631504530896,-7.552393283181493,0.024075757312519083,-32.36840086165919,-5.929811750047674,0.024075757312519083,-32.36840086165919,-5.929811750047674,0.9871857009341359,-0.11202287761002322,-7.560969814472331
9513513513.513514,0.9873114198165701,-0.11091679310045997,-7.555166030592456,0.0240675008751578,-32.37138007441406,-5.932474014995761,0.0240675008751578,-32.37138007441406,-5.932474014995761,0.987187603769739,-0.11200613526448158,-7.5637783960996705
9519519519.51952,0.9873136418704245,-0.11089724456446363,-7.5579356402336915,0.024059283883944512,-32.374346068501815,-5.9351340483412915,0.024059283883944512,-32.374346068501815,-5.9351340483412915,0.9871895125287258,-0.1119893408337036,-7.566583962119919
9525525525.525526,0.9873158670310734,-0.11087766874050607,-7.56070212678291,0.02405110728878154,-32.37729848697746,-5.937791873134271,0.02405110728878154,-32.37729848697746,-5.937791873134271,0.9871914272720728,-0.11197249378148395,-7.5693865263056
9531531531.531532,0.9873180953762767,-0.11085806494468425,-7.563465504826155,0.02404297201822699,-32.38023698019346,-5.940447512336352,0.02404297201822699,-32.38023698019346,-5.940447512336352,0.9871933480594808,-0.11195559358284722,-7.5721861023459685
9537537537.537537,0.9873203269823434,-0.11083843250586237,-7.56622578885891,0.024034878979867818,-32.38316120568312,-5.943100988821158,0.024034878979867818,-32.38316120568312,-5.943100988821158,0.9871952749493947,-0.11193863972387302,-7.574982703848015
9543543543.543545,0.9873225619241535,-0.11081877076548513,-7.568982993287205,0.02402682906068546,-32.38607082804644,-5.945752325374685,0.02402682906068546,-32.38607082804644,-5.945752325374685,0.9871972079990197,-0.11192163170155527,-7.577776344337462
9549549549.54955,0.9873248002751804,-0.1107990790773754,-7.571737132428689,0.024018823127414112,-32.388965518838276,-5.948401544695602,0.024018823127414112,-32.388965518838276,-5.948401544695602,0.9871991472643409,-0.11190456902362424,-7.5805670372597245
9555555555.555555,0.9873270421075128,-0.11077935680754768,-7.5744882205136985,0.024010862026892305,-32.39184495645861,-5.9510486693956075,0.024010862026892305,-32.39184495645861,-5.9510486693956075,0.9872010928001356,-0.11188745120844507,-7.583354795980891
9561561561.561562,0.9873292874918701,-0.1107596033340642,-7.5772362716863055,0.024002946586407167,-32.39470882604527,-5.9536937219997474,0.024002946586407167,-32.39470882604527,-5.9536937219997474,0.9872030446599971,-0.11187027778480353,-7.586139633788649
9567567567.567568,0.9873315364976302,-0.11073981804679864,-7.57998130000534,0.023995077614032377,-32.39755681936846,-5.956336724946724,0.023995077614032377,-32.39755681936846,-5.956336724946724,0.9872050028963462,-0.11185304829180752,-7.588921563893232
9573573573.573574,0.9873337891928397,-0.1107200003473402,-7.582723319445422,0.023987255898958764,-32.40038863472789,-5.958977700589199,0.023987255898958764,-32.40038863472789,-5.958977700589199,0.9872069675604485,-0.11183576227873249,-7.591700599428329
9579579579.579578,0.9873360456442424,-0.11070014964874546,-7.5854623438979445,0.02397948221181932,-32.403203976851394,-5.961616671194086,0.02397948221181932,-32.403203976851394,-5.961616671194086,0.9872089387024312,-0.11181841930487496,-7.594476753451989
9585585585.585587,0.9873383059172918,-0.1106802653754288,-7.588198387172081,0.02397175730500718,-32.40600255679598,-5.9642536589428365,0.02397175730500718,-32.40600255679598,-5.9642536589428365,0.9872109163712977,-0.11180101893942535,-7.597250038947517
9591591591.59159,0.9873405700761713,-0.11066034696298266,-7.590931462995732,0.023964081912987788,-32.40878409185062,-5.966888685931695,0.023964081912987788,-32.40878409185062,-5.966888685931695,0.9872129006149422,-0.11178356076133518,-7.600020468824343
9597597597.597599,0.9873428381838123,-0.11064039385801923,-7.5936615850165055,0.023956456752604736,-32.41154830544099,-5.969521774172001,0.023956456752604736,-32.41154830544099,-5.969521774172001,0.9872148914801674,-0.11176604435916554,-7.602788055918895
9603603603.603603,0.9873451103019152,-0.1106204055179866,-7.596388766802639,0.023948882523379757,-32.41429492703616,-5.972152945590388,0.023948882523379757,-32.41429492703616,-5.972152945590388,0.9872168890126974,-0.11174846933097171,-7.605552812995443
9609609609.60961,0.9873473864909602,-0.11060038141107113,-7.59911302184395,0.023941359907807127,-32.417023692056915,-5.9747822220290745,0.023941359907807127,-32.417023692056915,-5.9747822220290745,0.9872188932571904,-0.1117308352841928,-7.608314752746947
9615615615.615616,0.9873496668102315,-0.11058032101598732,-7.601834363552733,0.023933889571641772,-32.4197343417861,-5.977409625246084,0.023933889571641772,-32.4197343417861,-5.977409625246084,0.9872209042572566,-0.11171314183548944,-7.611073887795874
9621621621.621622,0.9873519513178296,-0.11056022382186724,-7.604552805264667,0.023926472164182536,-32.422426623280465,-5.98003517691546,0.023926472164182536,-32.422426623280465,-5.98003517691546,0.9872229220554704,-0.11169538861064421,-7.613830230695021
9627627627.627628,0.9873542400706893,-0.11054008932810336,-7.607268360239709,0.023919108318549542,-32.42510028928429,-5.982658898627497,0.023919108318549542,-32.42510028928429,-5.982658898627497,0.987224946693383,-0.11167757524444222,-7.616583793928311
9633633633.633633,0.9873565331245961,-0.11051991704420282,-7.609981041662962,0.02391179865195609,-32.427755098144814,-5.985280811888943,0.02391179865195609,-32.427755098144814,-5.985280811888943,0.9872269782115375,-0.11165970138054615,-7.619334589911589
9639639639.63964,0.9873588305342023,-0.11049970648964963,-7.61269086264555,0.023904543765975905,-32.43039081372897,-5.987900938123212,0.023904543765975905,-32.43039081372897,-5.987900938123212,0.9872290166494823,-0.11164176667137216,-7.622082630993403
9645645645.645645,0.987361132353043,-0.11047945719375617,-7.615397836225449,0.02389734424680451,-32.43300720534204,-5.990519298670552,0.02389734424680451,-32.43300720534204,-5.990519298670552,0.9872310620457816,-0.11162377077799976,-7.6248279294557655
9651651651.651651,0.9873634386335493,-0.11045916869555654,-7.618101975368348,0.023890200665516306,-32.43560404764753,-5.993135914788255,0.023890200665516306,-32.43560404764753,-5.993135914788255,0.9872331144380319,-0.11160571337002839,-7.627570497514922
9657657657.657658,0.9873657494270657,-0.11043884054364449,-7.620803292968454,0.023883113578316063,-32.43818112058889,-5.9957508076508095,0.023883113578316063,-32.43818112058889,-5.9957508076508095,0.9872351738628704,-0.11158759412549908,-7.630310347322088
9663663663.663664,0.9873680647838654,-0.11041847229604525,-7.623501801849325,0.023876083526786343,-32.440738209312286,-5.998363998350087,0.023876083526786343,-32.440738209312286,-5.998363998350087,0.9872372403559917,-0.11156941273075273,-7.633047490964184
9669669669.66967,0.9873703847531624,-0.11039806352010613,-7.626197514764656,0.023869111038129446,-32.443275104091285,-6.00097550789549,0.023869111038129446,-32.443275104091285,-6.00097550789549,0.9872393139521558,-0.11155116888035493,-7.635781940464575
9675675675.675674,0.9873727093831272,-0.11037761379235866,-7.628890444399081,0.023862196625405292,-32.44579160025256,-6.003585357214105,0.023862196625405292,-32.44579160025256,-6.003585357214105,0.987241394685202,-0.11153286227697667,-7.638513707783767
9681681681.681683,0.9873750387209024,-0.11035712269837994,-7.631580603368953,0.02385534078776463,-32.44828749810318,-6.006193567150849,0.02385534078776463,-32.44828749810318,-6.006193567150849,0.9872434825880605,-0.11151449263129073,-7.641242804820128
9687687687.687687,0.9873773728126134,-0.11033658983270155,-7.634268004223101,0.023848544010677722,-32.45076260285912,-6.008800158468607,0.023848544010677722,-32.45076260285912,-6.008800158468607,0.9872455776927646,-0.11149605966186514,-7.643969243410572
9693693693.693695,0.9873797117033847,-0.11031601479866406,-7.636952659443608,0.02384180676615886,-32.45321672457522,-6.0114051518483596,0.02384180676615886,-32.45321672457522,-6.0114051518483596,0.9872476800304582,-0.1114775630950958,-7.646693035331252
9699699699.6997,0.9873820554373498,-0.11029539720832904,-7.639634581446535,0.02383512951298647,-32.45564967807628,-6.014008567889302,0.02383512951298647,-32.45564967807628,-6.014008567889302,0.987249789631414,-0.11145900266504805,-7.649414192298225
9705705705.705706,0.987384404057671,-0.11027473668230703,-7.642313782582681,0.023828512696919213,-32.4580612828895,-6.016610427108964,0.023828512696919213,-32.4580612828895,-6.016610427108964,0.9872519065250354,-0.11144037811343915,-7.652132725968139
9711711711.711712,0.9873867576065444,-0.11025403284971261,-7.644990275138291,0.023821956750908067,-32.46045136317812,-6.019210749943315,0.023821956750908067,-32.46045136317812,-6.019210749943315,0.9872540307398743,-0.11142168918948084,-7.654848647938865
9717717717.717718,0.9873891161252161,-0.11023328534801971,-7.647664071335781,0.023815462095304038,-32.46281974767626,-6.021809556746864,0.023815462095304038,-32.46281974767626,-6.021809556746864,0.9872561623036397,-0.11140293564980516,-7.6575619697501605
9723723723.723724,0.9873914796539968,-0.1102124938229365,-7.650335183334445,0.02380902913806251,-32.4651662696249,-6.024406867792756,0.02380902913806251,-32.4651662696249,-6.024406867792756,0.9872583012432058,-0.11138411725839106,-7.6602727028843045
9729729729.729729,0.9873938482322697,-0.11019165792833313,-7.653003623231145,0.023802658274943374,-32.46749076670909,-6.027002703272855,0.023802658274943374,-32.46749076670909,-6.027002703272855,0.9872604475846237,-0.11136523378646372,-7.662980858766726
9735735735.735737,0.9873962218985047,-0.1101707773261195,-7.655669403061013,0.023796349889707556,-32.46979308099614,-6.029597083297831,0.023796349889707556,-32.46979308099614,-6.029597083297831,0.9872626013531327,-0.11134628501239391,-7.66568644876663
9741741741.741741,0.9873986006902732,-0.11014985168611235,-7.658332534798103,0.02379010435431003,-32.47207305887501,-6.032190027897231,0.02379010435431003,-32.47207305887501,-6.032190027897231,0.9872647625731684,-0.11132727072162564,-7.668389484197602
9747747747.747747,0.9874009846442527,-0.11012888068599423,-7.660993030356087,0.02378392202908859,-32.47433055099685,-6.034781557019547,0.02378392202908859,-32.47433055099685,-6.034781557019547,0.9872669312683712,-0.11130819070660389,-7.671089976318221
9753753753.753754,0.9874033737962442,-0.11010786401116489,-7.663650901588897,0.02377780326295021,-32.47656541221629,-6.0373716905322725,0.02377780326295021,-32.47656541221629,-6.0373716905322725,0.9872691074615988,-0.11128904476666106,-7.673787936332651
9759759759.75976,0.9874057681811805,-0.11008680135466217,-7.666306160291375,0.023771748393552873,-32.47877750153407,-6.039960448221975,0.023771748393552873,-32.47877750153407,-6.039960448221975,0.9872712911749337,-0.11126983270795462,-7.67648337539123
9765765765.765766,0.9874081678331392,-0.11006569241705252,-7.668958818199925,0.023765757747484594,-32.480966682040545,-6.042547849794324,0.023765757747484594,-32.480966682040545,-6.042547849794324,0.9872734824296928,-0.11125055434338091,-7.6791763045910475
9771771771.771772,0.9874105727853507,-0.11004453690635761,-7.671608886993135,0.02375983164043906,-32.4831328208601,-6.045133914874148,0.02375983164043906,-32.4831328208601,-6.045133914874148,0.9872756812464343,-0.1112312094925137,-7.681866734976525
9777777777.777779,0.9874129830702124,-0.1100233345379304,-7.6742563782924025,0.023753970377387863,-32.48527578909663,-6.047718663005479,0.023753970377387863,-32.48527578909663,-6.047718663005479,0.98727788764497,-0.11121179798149552,-7.684554677539967
9783783783.783783,0.9874153987192958,-0.1100020850343923,-7.676901303662559,0.023748174252749683,-32.48739546177995,-6.050302113651558,0.023748174252749683,-32.48739546177995,-6.050302113651558,0.9872801016443737,-0.1111923196429675,-7.68724014322213
9789789789.789791,0.9874178197633574,-0.10998078812553859,-7.679543674612466,0.02374244355055635,-32.48949171781299,-6.0528842861949,0.02374244355055635,-32.48949171781299,-6.0528842861949,0.9872823232629854,-0.11117277431602812,-7.689923142912769
9795795795.795795,0.9874202462323525,-0.10995944354821427,-7.682183502595617,0.023736778544615807,-32.491564439920076,-6.0554651999372835,0.023736778544615807,-32.491564439920076,-6.0554651999372835,0.9872845525184237,-0.11115316184612384,-7.692603687451173
9801801801.801802,0.9874226781554408,-0.10993805104626603,-7.684820799010732,0.023731179498672136,-32.493613514595935,-6.058044874099784,0.023731179498672136,-32.493613514595935,-6.058044874099784,0.9872867894275944,-0.11113348208497864,-7.69528178762671
9807807807.807808,0.9874251155609961,-0.1099166103704593,-7.68745557520234,0.023725646666562412,-32.495638832055704,-6.060623327822775,0.023725646666562412,-32.495638832055704,-6.060623327822775,0.9872890340066944,-0.11111373489055297,-7.697957454179345
9813813813.813814,0.9874275584766197,-0.10989512127835599,-7.690087842461346,0.023720180292371235,-32.49764028618553,-6.063200580165944,0.023720180292371235,-32.49764028618553,-6.063200580165944,0.9872912862712269,-0.11109392012691581,-7.700630697800167
9819819819.81982,0.9874300069291467,-0.1098735835342608,-7.692717612025614,0.023714780610581784,-32.499617774494304,-6.065776650108284,0.023714780610581784,-32.499617774494304,-6.065776650108284,0.9872935462360004,-0.11107403766424745,-7.703301529131901
9825825825.825825,0.9874324609446559,-0.10985199690913705,-7.695344895080515,0.02370944784622446,-32.50157119806601,-6.068351556548098,0.02370944784622446,-32.50157119806601,-6.068351556548098,0.9872958139151423,-0.11105408737872614,-7.705969958769412
9831831831.831833,0.9874349205484796,-0.10983036118051404,-7.697969702759483,0.023704182215022938,-32.503500461512836,-6.070925318302981,0.023704182215022938,-32.503500461512836,-6.070925318302981,0.9872980893221065,-0.11103406915245678,-7.708635997260214
9837837837.837837,0.9874373857652121,-0.1098086761324183,-7.7005920461445605,0.02369898392353723,-32.505405472929176,-6.073497954109816,0.02369898392353723,-32.505405472929176,-6.073497954109816,0.9873003724696776,-0.11101398287343464,-7.711299655104952
9843843843.843845,0.9874398566187182,-0.10978694155529574,-7.703211936266941,0.0236938531693043,-32.50728614384635,-6.076069482624746,0.0236938531693043,-32.50728614384635,-6.076069482624746,0.9873026633699806,-0.11099382843546139,-7.713960942757904
9849849849.84985,0.987442333132143,-0.10976515724592636,-7.705829384107494,0.023688790140976423,-32.50914238918791,-6.078639922423163,0.023688790140976423,-32.50914238918791,-6.078639922423163,0.9873049620344884,-0.1109736057380786,-7.71661987062744
9855855855.855856,0.9874448153279186,-0.10974332300736377,-7.708444400597294,0.023683795018456376,-32.51097412722595,-6.0812092919996665,0.023683795018456376,-32.51097412722595,-6.0812092919996665,0.9873072684740254,-0.11095331468653341,-7.719276449076524
9861861861.861862,0.9874473032277751,-0.10972143864884032,-7.7110569966181375,0.02367886797303089,-32.512781279537876,-6.083777609768049,0.02367886797303089,-32.512781279537876,-6.083777609768049,0.9873095826987798,-0.11093295519167512,-7.721930688423162
9867867867.867868,0.9874497968527453,-0.10969950398572412,-7.71366718300305,0.02367400916750117,-32.514563770963974,-6.086344894061245,0.02367400916750117,-32.514563770963974,-6.086344894061245,0.987311904718307,-0.11091252716992075,-7.724582598940872
9873873873.873875,0.9874522962231774,-0.10967751883940763,-7.716274970536798,0.023669218756311502,-32.516321529565616,-6.088911163131295,0.023669218756311502,-32.516321529565616,-6.088911163131295,0.9873142345415362,-0.11089203054319942,-7.727232190859142
9879879879.879879,0.9874548013587372,-0.10965548303729095,-7.71888036995638,0.023664496885675127,-32.518054486584205,-6.09147643514931,0.023664496885675127,-32.518054486584205,-6.09147643514931,0.9873165721767795,-0.11087146523887216,-7.729879474363875
9885885885.885887,0.987457312278423,-0.10963339641264505,-7.721483391951523,0.023659843693698033,-32.51976257640071,-6.094040728205418,0.023659843693698033,-32.51976257640071,-6.094040728205418,0.9873189176317335,-0.1108508311897153,-7.732524459597846
9891891891.891891,0.9874598290005663,-0.10961125880461181,-7.724084047165159,0.02365525931050082,-32.52144573649572,-6.09660406030871,0.02365525931050082,-32.52144573649572,-6.09660406030871,0.9873212709134932,-0.11083012833380215,-7.735167156661123
9897897897.897898,0.9874623515428447,-0.10958907005808463,-7.72668234619392,0.02365074385833772,-32.52310390741047,-6.099166449387186,0.02365074385833772,-32.52310390741047,-6.099166449387186,0.9873236320285519,-0.11080935661450009,-7.7378075756115186
9903903903.903904,0.9874648799222854,-0.10956683002368213,-7.729278299588596,0.023646297451714253,-32.52473703270801,-6.1017279132877,0.023646297451714253,-32.52473703270801,-6.1017279132877,0.9873260009828099,-0.11078851598039624,-7.740445726465009
9909909909.90991,0.9874674141552765,-0.10954453855764648,-7.7318719178546065,0.02364192019750221,-32.52634505893536,-6.104288469775893,0.02364192019750221,-32.52634505893536,-6.104288469775893,0.9873283777815796,-0.11076760638525147,-7.743081619196159
9915915915.915916,0.9874699542575703,-0.10952219552181502,-7.734463211452464,0.023637612195052907,-32.527927935586,-6.106848136536126,0.023637612195052907,-32.527927935586,-6.106848136536126,0.9873307624295937,-0.11074662778792813,-7.745715263738536
9921921921.92192,0.9874725002442931,-0.10949980078353427,-7.73705219079823,0.023633373536308133,-32.52948561506315,-6.109406931171415,0.023633373536308133,-32.52948561506315,-6.109406931171415,0.9873331549310087,-0.11072558015236163,-7.748346669985126
9927927927.927929,0.9874750521299511,-0.10947735421560614,-7.73963886626396,0.023629204305909583,-32.531018052643354,-6.111964871203357,0.023629204305909583,-32.531018052643354,-6.111964871203357,0.9873355552894122,-0.110704463447492,-7.750975847788746
9933933933.933933,0.9874776099284384,-0.10945485569622049,-7.742223248178149,0.02362510458130596,-32.532525206440816,-6.114521974072047,0.02362510458130596,-32.532525206440816,-6.114521974072047,0.9873379635078274,-0.11068327764722677,-7.753602806962431
9939939939.939941,0.9874801736530414,-0.10943230510891208,-7.744805346826176,0.023621074432858193,-32.534007037372234,-6.117078257136009,0.023621074432858193,-32.534007037372234,-6.117078257136009,0.9873403795887192,-0.11066202273038811,-7.756227557279849
9945945945.945946,0.9874827433164484,-0.10940970234248241,-7.7473851724507234,0.023617113923943226,-32.53546350912203,-6.1196337376721095,0.023617113923943226,-32.53546350912203,-6.1196337376721095,0.987342803534001,-0.11064069868065128,-7.758850108475677
9951951951.951952,0.9874853189307532,-0.10938704729096066,-7.749962735252222,0.023613223111055303,-32.53689458810833,-6.1221884328754665,0.023613223111055303,-32.53689458810833,-6.1221884328754665,0.9873452353450386,-0.11061930548650842,-7.761470470246
9957957957.957958,0.9874879005074636,-0.1093643398535351,-7.752538045389258,0.023609402043906255,-32.538300243449164,-6.12474235985937,0.023609402043906255,-32.538300243449164,-6.12474235985937,0.9873476750226547,-0.11059784314123426,-7.764088652248686
9963963963.963964,0.987490488057508,-0.1093415799344907,-7.755111112979,0.02360565076552327,-32.53968044692945,-6.127295535655187,0.02360565076552327,-32.53968044692945,-6.127295535655187,0.9873501225671372,-0.11057631164281004,-7.766704664103769
9969969969.96997,0.9874930815912388,-0.10931876744318259,-7.757681948097606,0.0236019693123455,-32.54103517296826,-6.129847977212264,0.0236019693123455,-32.54103517296826,-6.129847977212264,0.9873525779782417,-0.11055471099389784,-7.769318515393819
9975975975.975975,0.9874956811184435,-0.10929590229393449,-7.760250560780632,0.023598357714318608,-32.542364398586635,-6.132399701397838,0.023598357714318608,-32.542364398586635,-6.132399701397838,0.9873550412551969,-0.11053304120180063,-7.771930215664311
9981981981.981983,0.9874982866483444,-0.10927298440604552,-7.762816961023436,0.02359481599498825,-32.54366810337579,-6.134950724996928,0.02359481599498825,-32.54366810337579,-6.134950724996928,0.9873575123967121,-0.11051130227838991,-7.77453977442399
9987987987.987988,0.9875008981896107,-0.10925001370367872,-7.765381158781564,0.02359134417159096,-32.54494626946601,-6.137501064712241,0.02359134417159096,-32.54494626946601,-6.137501064712241,0.9873599914009774,-0.1104894942401066,-7.777147201145228
9993993993.993994,0.9875035157503598,-0.10922699011585618,-7.767943163971166,0.023587942255144347,-32.54619888149566,-6.140050737164069,0.023587942255144347,-32.54619888149566,-6.140050737164069,0.9873624782656747,-0.11046761710786426,-7.7797525052643834
10000000000.0,0.9875061393381648,-0.10920391357638574,-7.770502986469358,0.023584610250535522,-32.54742592658085,-6.142599758890172,0.023584610250535522,-32.54742592658085,-6.142599758890172,0.9873649729879754,-0.1104456709070677,-7.782355696182153
