frequency_hz,s11_mag,s11_db,s11_phase_deg,s21_mag,s21_db,s21_phase_deg,s12_mag,s12_db,s12_phase_deg,s22_mag,s22_db,s22_phase_deg
4000000000.0,0.9874624419803665,-0.10958827455403697,0.8394926009997338,0.010812922669790576,-39.321138058390005,-0.8464922416781089,0.010812922669790576,-39.321138058390005,-0.8464922416781089,0.9874379728043056,-0.10980351230599575,0.840397738665778
4006006006.0060062,0.9874022273265943,-0.11011794916470771,0.835554136586761,0.010905119215922875,-39.24739164611744,-0.8506225057750231,0.010905119215922875,-39.24739164611744,-0.8506225057750231,0.9873778564923056,-0.11033233493734625,0.8364439178707826
4012012012.012012,0.9873417450041363,-0.11065001082480085,0.8316117856070412,0.01099814953276907,-39.17360759740178,-0.8547541994815091,0.01099814953276907,-39.17360759740178,-0.8547541994815091,0.9873174744087553,-0.11086352788219259,0.8324861996900618
4018018018.0180182,0.9872809925998445,-0.11118448120138798,0.8276655173152963,0.011092024041300046,-39.09978395571577,-0.858887364465661,0.011092024041300046,-39.09978395571577,-0.858887364465661,0.9872568241992258,-0.11139711228773842,0.8285245540327881
4024024024.024024,0.9872199676667064,-0.11172138226676395,0.8237153006272883,0.011186753323894672,-39.025918766498066,-0.8630220426211056,0.011186753323894672,-39.025918766498066,-0.8630220426211056,0.9871959034762422,-0.11193310959905153,0.8245589504768855
4030030030.0300303,0.9871586677232033,-0.11226073630424693,0.819761104115065,0.011282348127253372,-38.9520100769447,-0.8671582760759448,0.011282348127253372,-38.9520100769447,-0.8671582760759448,0.9871347098186688,-0.11247154156462313,0.8205893582643904
4036036036.036036,0.987097090252662,-0.11280256591403803,0.81580289600211,0.01137881936537219,-38.87805593580222,-0.8712961072016113,0.01137881936537219,-38.87805593580222,-0.8712961072016113,0.9870732407710556,-0.11301243024227033,0.8166157462967423
4042042042.0420423,0.9870352327025919,-0.11334689401921992,0.8118406441584193,0.011476178122578107,-38.80405439316276,-0.8754355786219206,0.011476178122578107,-38.80405439316276,-0.8754355786219206,0.987011493842999,-0.11355579800492008,0.8126380831299695
4048048048.048048,0.9869730924839979,-0.11389374387196276,0.8078743160954859,0.011574435656628069,-38.73000350026028,-0.8795767332221834,0.011574435656628069,-38.73000350026028,-0.8795767332221834,0.9869494665084744,-0.11410166754664175,0.8086563369698145
4054054054.0540543,0.9869106669706825,-0.1144431390598409,0.803903878961202,0.011673603401871124,-38.65590130926947,-0.883719614158299,0.011673603401871124,-38.65590130926947,-0.883719614158299,0.9868871562051458,-0.11465006188888699,0.804670475666747
4060060060.06006,0.9868479534985385,-0.11499510351222848,0.7999292995346556,0.011773692972477687,-38.58174587310533,-0.8878642648660796,0.011773692972477687,-38.58174587310533,-0.8878642648660796,0.9868245603336728,-0.11520100438675926,0.8006804667109312
4066066066.0660663,0.9867849493648088,-0.11554966150699059,0.7959505442208621,0.011874716165735884,-38.50753524522464,-0.8920107290705366,0.011874716165735884,-38.50753524522464,-0.8920107290705366,0.9867616762569925,-0.11575451873550666,0.7966862772270515
4072072072.072072,0.986721651827348,-0.1161068376771664,0.7919675790453656,0.011976684965416765,-38.43326747942891,-0.8961590507953395,0.011976684965416765,-38.43326747942891,-0.8961590507953395,0.9866985012995864,-0.1163106289771495,0.7926878739690906
4078078078.0780783,0.9866580581038443,-0.11666665701800326,0.7879803696487818,0.012079611545210514,-38.35894062966875,-0.9003092743723061,0.012079611545210514,-38.35894062966875,-0.9003092743723061,0.9866350327467324,-0.11686935950724617,0.7886852233149855
4084084084.084084,0.9865941653710487,-0.11722914489393604,0.7839888812812125,0.012183508272235133,-38.28455274984928,-0.90446144445106,0.012183508272235133,-38.28455274984928,-0.90446144445106,0.9865712678437334,-0.11743073508187116,0.784678291261209
4090090090.0900903,0.9865299707639548,-0.11779432704599864,0.7799930787965812,0.012288387710618735,-38.21010189363737,-0.9086156060086862,0.012288387710618735,-38.21010189363737,-0.9086156060086862,0.9865072037951358,-0.11799478082468415,0.7806670434172343
4096096096.096096,0.986465471374997,-0.11836222959908549,0.7759929266468393,0.012394262625158282,-38.13558611426955,-0.9127718043596337,0.012394262625158282,-38.13558611426955,-0.9127718043596337,0.9864428377639167,-0.11856152223427971,0.776651444999922
4102102102.1021023,0.9864006642531853,-0.11893287906977554,0.7719883888761115,0.012501145985055686,-38.06100346436146,-0.9169300851655349,0.012501145985055686,-38.06100346436146,-0.9169300851655349,0.9863781668706645,-0.1191309851916039,0.7726314608277816
4108108108.108108,0.9863355464032632,-0.11950630237395768,0.7679794291146883,0.012609050967733723,-37.98635199571805,-0.9210904944453386,0.012609050967733723,-37.98635199571805,-0.9210904944453386,0.9863131881927324,-0.11970319596760896,0.7686070553151506
4114114114.1141143,0.9862701147848076,-0.12008252683496902,0.7639660105729201,0.012717990962732944,-37.911629759145306,-0.9252530785853683,0.012717990962732944,-37.911629759145306,-0.9252530785853683,0.9862478987633756,-0.12027818123106415,0.7645781924662443
4120120120.12012,0.9862043663113342,-0.12066158019170029,0.7599480960350389,0.012827979575692705,-37.83683480426237,-0.9294178843496429,0.012827979575692705,-37.83683480426237,-0.9294178843496429,0.9861822955708581,-0.12085596805663437,0.7605448358691324
4126126126.1261263,0.9861382978493615,-0.12124349060706009,0.7559256478528056,0.012939030632417014,-37.761965179315084,-0.9335849588902393,0.012939030632417014,-37.761965179315084,-0.9335849588902393,0.9861163755575475,-0.12143658393307413,0.7565069486895604
4132132132.132132,0.9860719062174697,-0.12182828667649735,0.7518986279390751,0.013051158183027968,-37.687018930990334,-0.9377543497577739,0.013051158183027968,-37.687018930990334,-0.9377543497577739,0.9860501356189906,-0.12202005677159297,0.7524644936646951
4138138138.1381383,0.9860051881853139,-0.12241599743693318,0.7478669977612485,0.013164376506209488,-37.611994104230774,-0.9419261049120513,0.013164376506209488,-37.611994104230774,-0.9419261049120513,0.9859835726029449,-0.12260641491461927,0.7484174330967356
4144144144.144144,0.9859381404726434,-0.12300665237564443,0.7438307183345744,0.01327870011354203,-37.53688874205088,-0.9461002727328226,0.01327870011354203,-37.53688874205088,-0.9461002727328226,0.9859166833084174,-0.1231956871445049,0.7443657288464047
4150150150.1501503,0.9858707597482598,-0.1236002814396893,0.7397897502153484,0.013394143753931744,-37.461700885353395,-0.9502769020306616,0.013394143753931744,-37.461700885353395,-0.9502769020306616,0.9858494644846527,-0.1237879026926828,0.7403093423263326
4156156156.156156,0.9858030426289837,-0.12419691504527061,0.7357440534939859,0.01351072241813618,-37.386428572746475,-0.9544560420579943,0.01351072241813618,-37.386428572746475,-0.9544560420579943,0.9857819128301043,-0.12438309124897867,0.7362482344943068
4162162162.1621623,0.9857349856785708,-0.12479658408754818,0.7316935877879404,0.013628451343388309,-37.31106984036153,-0.9586377425202772,0.013628451343388309,-37.31106984036153,-0.9586377425202772,0.9857140249913887,-0.12498128297108285,0.7321823658463881
4168168168.168168,0.9856665854066177,-0.12539931995055104,0.7276383122345166,0.0137473460181222,-37.23562272167142,-0.9628220535873033,0.0137473460181222,-37.23562272167142,-0.9628220535873033,0.9856457975622098,-0.1255825084942912,0.7281116964099198
4174174174.1741743,0.9855978382674215,-0.12600515451750324,0.7235781854835286,0.013867422186802038,-37.16008524730928,-0.9670090259046557,0.013867422186802038,-37.16008524730928,-0.9670090259046557,0.9855772270822354,-0.12618679894167453,0.72403618573638
4180180180.18018,0.9855287406588383,-0.12661412018117024,0.7195131656898301,0.013988695854857307,-37.08445544488792,-0.9711987106053208,0.013988695854857307,-37.08445544488792,-0.9711987106053208,0.9855083100359869,-0.12679418593413816,0.71995579289412
4186186186.1861863,0.9854592889210783,-0.12722624985476758,0.7154432105056916,0.0141111832937274,-37.00873133881919,-0.975391159321461,0.0141111832937274,-37.00873133881919,-0.975391159321461,0.9854390428516511,-0.12740470160118228,0.7158704764609434
4192192192.192192,0.9853894793355036,-0.1278415769828563,0.7113682770730331,0.014234901046017155,-36.9329109501341,-0.9795864241963472,0.014234901046017155,-36.9329109501341,-0.9795864241963472,0.985369421899908,-0.12801837859151893,0.7117801945165638
4198198198.1981983,0.9853193081233623,-0.128460135552813,0.7072883220155225,0.014359865930767374,-36.85699229630296,-0.9837845578964205,0.014359865930767374,-36.85699229630296,-0.9837845578964205,0.985299443492694,-0.12863525008427668,0.7076849046349007
4204204204.204204,0.9852487714445257,-0.12908196010627518,0.7032033014304941,0.014486095048841836,-36.78097339105606,-0.9879856136235756,0.014486095048841836,-36.78097339105606,-0.9879856136235756,0.985229103881954,-0.1292553498003112,0.7035845638762367
4210210210.2102103,0.9851778653961635,-0.1297070857511447,0.699113170880736,0.014613605788435655,-36.70485224420395,-0.9921896451275972,0.014613605788435655,-36.70485224420395,-0.9921896451275972,0.9851583992583453,-0.12987871201393758,0.6994791287792291
4216216216.216216,0.9851065860113946,-0.13033554817381654,0.6950178853861048,0.01474241583070574,-36.62862686145846,-0.9963967067187419,0.01474241583070574,-36.62862686145846,-0.9963967067187419,0.9850873257499345,-0.13050537156475164,0.6953685553527386
4222222222.2222223,0.9850349292579132,-0.13096738365163504,0.6909173994149711,0.014872543155528465,-36.552295244253344,-1.0006068532805488,0.014872543155528465,-36.552295244253344,-1.0006068532805488,0.9850158794208214,-0.13113536387009386,0.6912527990675398
4228228228.228228,0.9849628910365609,-0.13160262906584025,0.6868116668755145,0.015004006047386182,-36.4758553895653,-1.0048201402828019,0.015004006047386182,-36.4758553895653,-1.0048201402828019,0.984944056269762,-0.13176872493752834,0.6871318148478394
4234234234.2342343,0.9848904671798732,-0.1322413219147389,0.6827006411068339,0.015136823101387148,-36.39930528973465,-1.0090366237947044,0.015136823101387148,-36.39930528973465,-1.0090366237947044,0.9848718522287331,-0.13240549137785879,0.6830055570626327
4240240240.24024,0.9848176534505897,-0.1328835003272215,0.6785842748698812,0.015271013229421471,-36.32264293228607,-1.0132563604982048,0.015271013229421471,-36.32264293228607,-1.0132563604982048,0.984799263161476,-0.13304570041832625,0.6788739795169035
4246246246.2462463,0.9847444455401129,-0.13352920307673494,0.6744625203382204,0.015406595666457138,-36.245866299749004,-1.0174794077016258,0.015406595666457138,-36.245866299749004,-1.0174794077016258,0.9847262848619868,-0.1336893899163007,0.6747370354426327
4252252252.252252,0.9846708390669341,-0.13417846959555685,0.6703353290886103,0.015543589976978198,-36.16897336947847,-1.0217058233533414,0.015543589976978198,-36.16897336947847,-1.0217058233533414,0.9846529130529734,-0.1343365983732649,0.6705946774896443
4258258258.2582583,0.984596829575027,-0.13483133998937175,0.666202652091375,0.01568201606157189,-36.09196211347463,-1.0259356660558068,0.01568201606157189,-36.09196211347463,-1.0259356660558068,0.9845791433842844,-0.13498736494907235,0.666446857716244
4264264264.264264,0.9845224125321758,-0.1354878550524345,0.6620644397006064,0.015821894163664557,-36.014830498203104,-1.030168995079728,0.015821894163664557,-36.014830498203104,-1.030168995079728,0.984504971431259,-0.1356417294769009,0.6622935275797129
4270270270.2702703,0.9844475833282814,-0.13614805628293564,0.6579206416441568,0.01596324487641395,-35.93757648441403,-1.0344058703784735,0.01596324487641395,-35.93757648441403,-1.0344058703784735,0.9844303926930698,-0.13629973247829058,0.6581346379265661
4276276276.276276,0.9843723372735991,-0.13681198589899626,0.6537712070134268,0.016106089149759313,-35.86019802696127,-1.0386463526026901,0.016106089149759313,-35.86019802696127,-1.0386463526026901,0.9843554025910171,-0.13696141517861496,0.6539701389826357
4282282282.2822824,0.9842966695969603,-0.1374796868548028,0.6496160842529533,0.016250448297634078,-35.78269307462124,-1.042890503115195,0.016250448297634078,-35.78269307462124,-1.042890503115195,0.9842799964667486,-0.13762681952323266,0.6497999803429564
4288288288.288288,0.9842205754439024,-0.13815120285757795,0.6454552211497844,0.016396344005347008,-35.70505956991055,-1.0471383840060382,0.016396344005347008,-35.70505956991055,-1.0471383840060382,0.984204169580462,-0.13829598819379588,0.6456241109614366
4294294294.2942944,0.9841440498747966,-0.13882657838457918,0.6412885648226224,0.016543798337133445,-35.62729544890381,-1.0513900581078817,0.016543798337133445,-35.62729544890381,-1.0513900581078817,0.9841279171090423,-0.13896896462515188,0.6414424791403234
4300300300.300301,0.9840670878628897,-0.13950585870087354,0.6371160617107704,0.016692833743883372,-35.54939864105034,-1.0556455890115646,0.016692833743883372,-35.54939864105034,-1.0556455890115646,0.9840512341441552,-0.13964579302265057,0.6372550325194486
4306306306.306306,0.983989684292298,-0.1401890898775446,0.6329376575628248,0.016843473071049837,-35.47136706899046,-1.0599050410819453,0.016843473071049837,-35.47136706899046,-1.0599050410819453,0.9839741156902814,-0.1403265183799793,0.633061718065257
4312312312.312312,0.9839118339559593,-0.14087631881030094,0.628753297425148,0.016995739566742968,-35.39319864837088,-1.0641684794740285,0.016995739566742968,-35.39319864837088,-1.0641684794740285,0.9838965566627023,-0.1410111864974538,0.6288624820596037
4318318318.318318,0.983833531553519,-0.14156759323866072,0.6245629256300955,0.01714965689001427,-35.31489128765931,-1.068435970149303,0.01714965689001427,-35.31489128765931,-1.068435970149303,0.9838185518854279,-0.1416998440008278,0.6246572700883275
4324324324.324325,0.9837547716891573,-0.14226296176569803,0.620366485784002,0.01730524911933645,-35.23644288795828,-1.0727075798924233,0.01730524911933645,-35.23644288795828,-1.0727075798924233,0.9837400960890686,-0.1423925383606178,0.6204460270295772
4330330330.33033,0.98367554886935,-0.14296247387836927,0.6161639207549136,0.017462540761283764,-35.15785134281799,-1.0769833763280978,0.017462540761283764,-35.15785134281799,-1.0769833763280978,0.9836611839086493,-0.14308931791195545,0.6162286970418908
4336336336.336336,0.9835958575005938,-0.1436661799681959,0.6119551726600471,0.017621556759418275,-35.079114538048344,-1.0812634279383146,0.017621556759418275,-35.079114538048344,-1.0812634279383146,0.983581809881351,-0.1437902318750929,0.6120052235520471
4342342342.342342,0.9835156918870183,-0.14437413135294244,0.6077401828530263,0.01778232250338826,-35.00023035152956,-1.0855478040798558,0.01778232250338826,-35.00023035152956,-1.0855478040798558,0.9835019684442011,-0.1444953303763877,0.6077755492426329
4348348348.348349,0.9834350462279924,-0.1450863802983854,0.6035188919107864,0.01794486383824318,-34.921196653022164,-1.0898365750020844,0.01794486383824318,-34.921196653022164,-1.0898365750020844,0.9834216539317019,-0.14520466446984723,0.6035396160393609
4354354354.354355,0.9833539146156056,-0.14580298004119374,0.5992912396202568,0.018109207073972292,-34.84201130397548,-1.0941298118650682,0.018109207073972292,-34.84201130397548,-1.0941298118650682,0.9833408605733759,-0.14591828615942845,0.5992973650981246
4360360360.36036,0.983272291032117,-0.14652398481212237,0.5950571649647188,0.018275378995272047,-34.76267215733516,-1.0984275867580149,0.018275378995272047,-34.76267215733516,-1.0984275867580149,0.9832595824912468,-0.14663624842192927,0.595048736791766
4366366366.366366,0.9831901693473093,-0.14724944986006303,0.5908166061098967,0.018443406871549446,-34.68317705734917,-1.1027299727180153,0.018443406871549446,-34.68317705734917,-1.1027299727180153,0.9831778136972722,-0.14735860523032493,0.5907936706965543
4372372372.372373,0.9831075433157874,-0.14797943147661147,0.5865695003897268,0.018613318467166746,-34.603523839372706,-1.1070370437491375,0.018613318467166746,-34.603523839372706,-1.1070370437491375,0.983095548090658,-0.14808541157817312,0.5865321055783996
4378378378.378378,0.9830244065741687,-0.14871398702161404,0.5823157842918398,0.0187851420519349,-34.523710329671545,-1.111348874841851,0.0187851420519349,-34.523710329671545,-1.111348874841851,0.9830127794551269,-0.14881672350444808,0.5822639793787452
4384384384.384384,0.9829407526382291,-0.14945317494912588,0.5780553934427104,0.01895890641186242,-34.443734345223916,-1.1156655419928048,0.01895890641186242,-34.443734345223916,-1.1156655419928048,0.9829295014561158,-0.14955259811902383,0.5779892292001559
4390390390.39039,0.9828565748999358,-0.15019705483440365,0.5737882625924867,0.01913464086016648,-34.36359369352091,-1.1199871222249744,0.01913464086016648,-34.36359369352091,-1.1199871222249744,0.982845707637859,-0.150293093629197,0.5737077912916053
4396396396.396397,0.9827718666244133,-0.15094568740150718,0.5695143255994957,0.01931237524855335,-34.283286172365365,-1.1243136936081284,0.01931237524855335,-34.283286172365365,-1.1243136936081284,0.982761391420405,-0.15103826936681453,0.5694196010334374
4402402402.402403,0.9826866209468088,-0.15169913455181958,0.5652335154144006,0.019492139978776662,-34.202809569668744,-1.1286453352797505,0.019492139978776662,-34.202809569668744,-1.1286453352797505,0.9826765460965635,-0.15178818581605286,0.565124592921984
4408408408.408408,0.9826008308690712,-0.15245745939336308,0.5609457640640061,0.019673966014479502,-34.12216166324679,-1.1329821274662573,0.019673966014479502,-34.12216166324679,-1.1329821274662573,0.9825911648287179,-0.15254290464240822,0.5608227005538672
4414414414.414414,0.9825144892566346,-0.15322072627098474,0.556651002634707,0.019857884893330117,-34.041340220612916,-1.1373241515047081,0.019857884893330117,-34.041340220612916,-1.1373241515047081,0.9825052406455915,-0.1533024887221236,0.5565138566099295
4420420420.420421,0.9824275888350067,-0.15398900079741445,0.5523491612555645,0.020043928739458275,-33.96034299876989,-1.1416714898648335,0.020043928739458275,-33.96034299876989,-1.1416714898648335,0.9824187664388876,-0.15406700217276742,0.5521979928388299
4426426426.426426,0.982340122186248,-0.15476234988531898,0.5480401690810179,0.02023213027620064,-33.8791677439997,-1.1460242261715263,0.02023213027620064,-33.8791677439997,-1.1460242261715263,0.9823317349598445,-0.15483651038458587,0.547875040040254
4432432432.432432,0.9822520817453508,-0.15554084178027908,0.5437239542731795,0.020422522839165156,-33.7978121916511,-1.15038244522776,0.020422522839165156,-33.7978121916511,-1.15038244522776,0.9822441388156684,-0.1556110800529749,0.5435449280477652
4438438438.438438,0.9821634597965127,-0.15632454609473057,0.5394004439837649,0.02061514038962173,-33.71627406592533,-1.1547462330379303,0.02061514038962173,-33.71627406592533,-1.1547462330379303,0.9821559704658904,-0.15639077921165212,0.5392075857112555
4444444444.444445,0.9820742484692916,-0.15711353384298468,0.5350695643355772,0.020810017528229845,-33.63455107965954,-1.159115676831652,0.020810017528229845,-33.63455107965954,-1.159115676831652,0.9820672222185849,-0.15717567726709014,0.5348629408790039
4450450450.450451,0.9819844397346497,-0.1579078774772791,0.5307312404036085,0.021007189509111773,-33.55264093410801,-1.1634908650880242,0.021007189509111773,-33.55264093410801,-1.1634908650880242,0.9819778862264833,-0.15796584503390984,0.5305109203793411
4456456456.456456,0.9818940254008731,-0.15870765092495312,0.5263853961956712,0.02120669225428261,-33.4705413187208,-1.1678718875603575,0.02120669225428261,-33.4705413187208,-1.1678718875603575,0.9818879544829823,-0.15876135477124764,0.5261514500018738
4462462462.462462,0.9818029971093775,-0.15951292962668326,0.5220319546326169,0.021408562368445048,-33.38824991092046,-1.172258835301402,0.021408562368445048,-33.38824991092046,-1.172258835301402,0.9817974188180048,-0.15956228022045932,0.5217844544782912
4468468468.468469,0.981711346330369,-0.16032379057602913,0.5176708375280721,0.021612837154162012,-33.30576437587573,-1.1766518006890727,0.021612837154162012,-33.30576437587573,-1.1766518006890727,0.9817062708937663,-0.16036869664370426,0.5174098574627363
4474474474.474475,0.9816190643583814,-0.1611403123601303,0.5133019655677262,0.021819554627415996,-33.223082366273104,-1.181050877452667,0.021819554627415996,-33.223082366273104,-1.181050877452667,0.981614502200374,-0.16118068086405007,0.5130275815117127
4480480480.48048,0.9815261423076794,-0.1619625752016179,0.5089252582881327,0.02202875353356776,-33.14020152208534,-1.1854561606996294,0.02202875353356776,-33.14020152208534,-1.1854561606996294,0.9815221040513229,-0.16199831130653344,0.5086375480635299
4486486486.486486,0.9814325711075178,-0.1627906610018604,0.5045406340549984,0.022240473363724738,-33.05711947033755,-1.189867746942871,0.022240473363724738,-33.05711947033755,-1.189867746942871,0.981429067578833,-0.16282166804066592,0.5042396774172712
4492492492.492493,0.9813383414972381,-0.163624653385689,0.5001480100409909,0.022454754371531906,-32.97383382487034,-1.1942857341285946,0.022454754371531906,-32.97383382487034,-1.1942857341285946,0.9813353837290498,-0.16365083282420495,0.49983388871127055
4498498498.498499,0.9812434440212408,-0.16446463774727665,0.49574730220300595,0.022671637590398357,-32.89034218609968,-1.1987102216647585,0.022671637590398357,-32.89034218609968,-1.1987102216647585,0.9812410432570897,-0.1644858891483431,0.49542009990108393
4504504504.504504,0.9811478690237702,-0.16531070129772743,0.4913384252588963,0.02289116485116901,-32.80664214077452,-1.203141310450072,0.02289116485116901,-32.80664214077452,-1.203141310450072,0.9811460367219341,-0.16532692228428286,0.49099822773693286
4510510510.51051,0.9810516066435576,-0.16616293311397537,0.4869212926636588,0.023113378800259182,-32.7227312617305,-1.2075791029036105,0.023113378800259182,-32.7227312617305,-1.2075791029036105,0.9810503544811536,-0.16617401933137432,0.48656818774062544
4516516516.516517,0.9809546468082765,-0.1670214241894047,0.4824958165850502,0.023338322918261756,-32.63860710764104,-1.2120237029950613,0.023338322918261756,-32.63860710764104,-1.2120237029950613,0.9809539866854838,-0.16702726926661843,0.4821298941819309
4522522522.522523,0.980856979228849,-0.16788626748584182,0.4780619078785981,0.023566041539043972,-32.5542672227646,-1.2164752162756067,0.023566041539043972,-32.5542672227646,-1.2164752162756067,0.9808569232732072,-0.16788676299594507,0.4776832600543625
4528528528.528528,0.9807585933935334,-0.16875755798755168,0.47361947606204957,0.023796579869345594,-32.469709136689076,-1.2209337499094317,0.023796579869345594,-32.469709136689076,-1.2209337499094317,0.9807591539643671,-0.16875259340703552,0.4732281970504287
4534534534.534534,0.9806594785618432,-0.16963539275679212,0.4691684292891667,0.02402998400889603,-32.38493036407225,-1.225399412705954,0.02402998400889603,-32.38493036407225,-1.225399412705954,0.980660668254792,-0.16962485542389066,0.46876461553621973
4540540540.540541,0.980559623758291,-0.17051987099097696,0.46470867432291113,0.02426630097106398,-32.29992840437894,-1.229872315152693,0.02426630097106398,-32.29992840437894,-1.229872315152693,0.980561455409936,-0.17050364606308946,0.46429242452545716
4546546546.546547,0.98045901776588,-0.17141109408215324,0.46024011650794955,0.02450557870405715,-32.2147007416142,-1.2343525694488982,0.02450557870405715,-32.2147007416142,-1.2343525694488982,0.9804615044584992,-0.17138906449206032,0.4598115316528497
4552552552.552552,0.9803576491194331,-0.17230916567798502,0.455762659742511,0.02474786611268737,-32.12924484405283,-1.2388402895398893,0.02474786611268737,-32.12924484405283,-1.2388402895398893,0.980360804185871,-0.1722812120889992,0.45532184314682417
4558558558.558558,0.9802555060986712,-0.1732141917450378,0.45127620644953614,0.02499321308071878,-32.04355816396501,-1.243335591152131,0.02499321308071878,-32.04355816396501,-1.243335591152131,0.9802593431273339,-0.17318019250497554,0.45082326380158444
4564564564.564565,0.9801525767210887,-0.17412628063393065,0.44678065754712004,0.025241670493817325,-31.957638137337746,-1.2478385918291328,0.025241670493817325,-31.957638137337746,-1.2478385918291328,0.9801571095610493,-0.17408611172804767,0.44631569694849277
4570570570.570571,0.9800488487345722,-0.17504554314685566,0.44227591241822123,0.025493290263119087,-31.871482183592143,-1.2523494109680864,0.025493290263119087,-31.871482183592143,-1.2523494109680864,0.9800540915008255,-0.1749990781493913,0.4417990444267191
4576576576.576576,0.9799443096097973,-0.17597209260714355,0.43776186887960883,0.025748125349436088,-31.785087705296746,-1.256868169857379,0.025748125349436088,-31.785087705296746,-1.256868169857379,0.9799502766886321,-0.1759192026317506,0.43727320655318325
4582582582.582582,0.9798389465323598,-0.17690604493127152,0.43323842315003713,0.02600622978812139,-31.69845208787585,-1.2613949917149203,0.02600622978812139,-31.69845208787585,-1.2613949917149203,0.9798456525868665,-0.1768465985801817,0.4327380820917329
4588588588.588589,0.9797327463946431,-0.17784751870330745,0.4287054698176331,0.026267658714609746,-31.611572699314124,-1.26593000172734,0.026267658714609746,-31.611572699314124,-1.26593000172734,0.9797402063703832,-0.1777813820149807,0.4281935682215535
4594594594.594595,0.9796256957874254,-0.1787966352517534,0.42416290180642946,0.02653246839065983,-31.52444688985571,-1.270473327090105,0.02653246839065983,-31.52444688985571,-1.270473327090105,0.9796339249182164,-0.17872367164742758,0.42363956050478174
4600600600.6006,0.9795177809911916,-0.17975351872910922,0.41961061034207325,0.026800716231314557,-31.437071991699398,-1.2750250970485275,0.026800716231314557,-31.437071991699398,-1.2750250970485275,0.9795267948050667,-0.1796735889577249,0.4190759528533031
4606606606.6066065,0.9794089879671676,-0.1807182961940043,0.4150484849166586,0.027072460832606844,-31.349445318688108,-1.2795854429397613,0.027072460832606844,-31.349445318688108,-1.2795854429397613,0.9794188022924644,-0.1806312582758937,0.414502637494695
4612612612.612613,0.9792993023480273,-0.18169109769634312,0.41047641325264506,0.027347762000029096,-31.261564165994198,-1.2841544982357451,0.027347762000029096,-31.261564165994198,-1.2841544982357451,0.9793099333196674,-0.18159680686514437,0.4099195049373124
4618618618.618619,0.9791887094283105,-0.1826720563651291,0.40589428126585225,0.027626680777795353,-31.17342580979884,-1.288732398587166,0.027626680777795353,-31.17342580979884,-1.288732398587166,0.9792001734942102,-0.18257036500844537,0.4053264439344705
4624624624.624624,0.9790771941544885,-0.18366130849953188,0.40130197302751924,0.02790927947891741,-31.085027506966515,-1.2933192818684702,0.02790927947891741,-31.085027506966515,-1.2933192818684702,0.9790895080821598,-0.18355206609780644,0.4007233414477023
4630630630.6306305,0.9789647411147041,-0.18465899366297192,0.39669937072534356,0.028195621716121964,-30.996366494714046,-1.2979152882239413,0.028195621716121964,-30.996366494714046,-1.2979152882239413,0.9789779219980189,-0.18454204672681968,0.3961100826090758
4636636636.636637,0.9788513345281539,-0.18566525478051155,0.3920863546235265,0.028485772433635734,-30.907439990273954,-1.3025205601148753,0.028485772433635734,-30.907439990273954,-1.3025205601148753,0.9788653997942973,-0.18554044678626783,0.39148655068251476
4642642642.642643,0.9787369582340989,-0.186680238239675,0.3874628030217758,0.028779797939865757,-30.818245190552112,-1.3071352423679106,0.028779797939865757,-30.818245190552112,-1.3071352423679106,0.9787519256506947,-0.18654740956331237,0.386852627024133
4648648648.648648,0.9786215956804954,-0.18770409399479066,0.38282859221321364,0.02907776594100317,-30.72877927177967,-1.3117594822245167,0.02907776594100317,-30.72877927177967,-1.3117594822245167,0.9786374833629258,-0.1875630818439977,0.3822081910414946
4654654654.6546545,0.9785052299122197,-0.1887369756750845,0.3781835964411808,0.029379745575581342,-30.639039389158622,-1.3163934293917086,0.029379745575581342,-30.639039389158622,-1.3163934293917086,0.9785220563311607,-0.18858761401931506,0.37755312015182724
4660660660.660661,0.9783878435588997,-0.18977904069641563,0.3735276878548893,0.02968580745001694,-30.54902267650167,-1.3210372360939937,0.02968580745001694,-30.54902267650167,-1.3210372360939937,0.9784056275480322,-0.1896211601952652,0.3728872897391278
4666666666.666667,0.9782694188222958,-0.19083045037719237,0.36886073646390144,0.02999602367516852,-30.458726245865194,-1.3256910571266303,0.02999602367516852,-30.458726245865194,-1.3256910571266303,0.9782881795862336,-0.19066387830670783,0.36821057311009964
4672672672.672672,0.9781499374632389,-0.19189137005837476,0.3641826100913777,0.030310467903941766,-30.368147187176426,-1.3303550499101884,0.030310467903941766,-30.368147187176426,-1.3303550499101884,0.9781696945856921,-0.1917159302351583,0.36352284144894753
4678678678.6786785,0.9780293807881064,-0.19296196922777423,0.3594931743260626,0.03062921536998063,-30.277282567853106,-1.3350293745465125,0.03062921536998063,-30.277282567853106,-1.3350293745465125,0.9780501542402479,-0.1927774819311403,0.3588239637709348
4684684684.684685,0.9779077296348223,-0.1940424216487655,0.35479229247299476,0.030952342927473835,-30.186129432417186,-1.339714193876066,0.030952342927473835,-30.186129432417186,-1.339714193876066,0.9779295397838879,-0.1938487035406764,0.35411380687468874
4690690690.690691,0.9777849643583381,-0.19513290549380366,0.35007982550283634,0.03127992909211894,-30.094684802100808,-1.3444096735367828,0.03127992909211894,-30.094684802100808,-1.3444096735367828,0.9778078319764658,-0.1949297695365385,0.349392235293226
4696696696.696697,0.9776610648155892,-0.19623360348281219,0.3453556319998729,0.031612054083277275,-30.002945674445712,-1.3491159820243737,0.031612054083277275,-30.002945674445712,-1.3491159820243737,0.9776850110889185,-0.1960208588541715,0.344659111243635
4702702702.7027025,0.97753601034993,-0.19734470302642482,0.3406195681085272,0.031948799867363153,-29.910909022894757,-1.3538332907542434,0.031948799867363153,-29.910909022894757,-1.3538332907542434,0.9775610568879287,-0.19712215503274202,0.3399142945753793
4708708708.708709,0.977409779774963,-0.1984663963748284,0.33587148747844675,0.03229025020250481,-29.818571796376364,-1.358561774124977,0.03229025020250481,-29.818571796376364,-1.358561774124977,0.9774359486200398,-0.1982338463612857,0.3351576427171838
4714714714.714715,0.977282351357815,-0.1995988807717724,0.33111124120804203,0.032636490684522006,-29.725930918880906,-1.363301609583521,0.032636490684522006,-29.725930918880906,-1.363301609583521,0.9773096649951868,-0.19935612603026562,0.3303890106224534
4720720720.72072,0.9771537028017607,-0.20074235861462117,0.3263386777864673,0.03298760879426195,-29.632983289029564,-1.3680529776920411,0.03298760879426195,-29.632983289029564,-1.3680529776920411,0.9771821841696158,-0.20048919228881523,0.32560825071317934
4726726726.726727,0.9770238112282339,-0.20189703762011593,0.32155364303397266,0.03334369394634151,-29.5397257796347,-1.3728160621966026,0.03334369394634151,-29.5397257796347,-1.3728160621966026,0.9770534837281719,-0.20163324860784693,0.32081521282227243
4732732732.732733,0.9768926531581644,-0.2030631309964096,0.31675598004057753,0.03370483753934081,-29.446155237252263,-1.37759105009765,0.03370483753934081,-29.446155237252263,-1.37759105009765,0.9769235406659311,-0.2027885038492636,0.31600974413429256
4738738738.738739,0.9767602044925836,-0.20424085762189612,0.3119455291030292,0.03407113300749853,-29.35226848172553,-1.3823781317223838,0.03407113300749853,-29.35226848172553,-1.3823781317223838,0.9767923313691406,-0.20395517244159808,0.3111916891244945
4744744744.744745,0.9766264404925693,-0.20543044223021645,0.30712212765994806,0.03444267587395935,-29.25806230572026,-1.3871775007991183,0.03444267587395935,-29.25806230572026,-1.3871775007991183,0.9766598315954489,-0.2051334745622631,0.30636088949616813
4750750750.750751,0.9764913357583719,-0.2066321156028722,0.3022856102251492,0.034819563805625536,-29.16353347425108,-1.3919893545336397,0.034819563805625536,-29.16353347425108,-1.3919893545336397,0.9765260164533879,-0.20632363632677064,0.30151718411618683
4756756756.756757,0.9763548642077797,-0.20784611476893994,0.2974358083190354,0.035201896669670114,-29.068678724198406,-1.396813893687668,0.035201896669670114,-29.068678724198406,-1.396813893687668,0.9763908603810685,-0.2075258899852651,0.29666040894871265
4762762762.762763,0.9762169990536619,-0.20907268321246159,0.29257255039803226,0.03558977659176409,-28.973494763816646,-1.4016513226594869,0.03558977659176409,-28.973494763816646,-1.4016513226594869,0.9762543371240822,-0.20874047412646982,0.2917903969870027
4768768768.768768,0.9760777127806368,-0.21031207108798278,0.28769566178197015,0.035983308016081586,-28.877978272232312,-1.4065018495668151,0.035983308016081586,-28.877978272232312,-1.4065018495668151,0.976116419712541,-0.2099676338896568,0.2869069781832602
4774774774.774775,0.9759369771208796,-0.21156453544415166,0.2828049645793647,0.03638259776714006,-28.782125898932907,-1.411365686331969,0.03638259776714006,-28.782125898932907,-1.411365686331969,0.9759770804372377,-0.2112076211848299,0.28200997937642996
4780780780.780781,0.9757947630289483,-0.21283034045645727,0.2779002776105088,0.03678775511354231,-28.685934263245485,-1.4162430487694775,0.03678775511354231,-28.685934263245485,-1.4162430487694775,0.9758362908248968,-0.21246069492139308,0.27709922421791294
4786786786.786787,0.9756510406556639,-0.21410975766883308,0.2729814163283216,0.03719889183368416,-28.589399953805344,-1.4211341566761102,0.03719889183368416,-28.589399953805344,-1.4211341566761102,0.9756940216124491,-0.21372712124593266,0.2721745330951028
4792792792.792793,0.9755057793209805,-0.21540306624470065,0.2680481927368489,0.037616122283498116,-28.49251952801408,-1.426039233923532,0.037616122283498116,-28.49251952801408,-1.426039233923532,0.9755502427202991,-0.21500717378941625,0.2672357230526707
4798798798.798799,0.9753589474857594,-0.21671055322826108,0.2631004153073666,0.03803956346630253,-28.395289511487313,-1.4309585085535705,0.03803956346630253,-28.395289511487313,-1.4309585085535705,0.9754049232245661,-0.21630113392398398,0.26228260771151907
4804804804.804805,0.9752105127224644,-0.21803251381589728,0.2581378888919623,0.03846933510483226,-28.297706397491353,-1.4358922128762692,0.03846933510483226,-28.297706397491353,-1.4358922128762692,0.9752580313282232,-0.21760929103005308,0.2573149971853545
4810810810.810811,0.9750604416846932,-0.2193692516384831,0.2531604146345628,0.038905559715526644,-28.199766646368808,-1.4408405835707714,0.038905559715526644,-28.199766646368808,-1.4408405835707714,0.9751095343310688,-0.2189319427743392,0.25233269799473756
4816816816.816816,0.9749087000754821,-0.22072107905517782,0.24816778987926855,0.039348362685154084,-28.10146668495309,-1.4458038617891529,0.039348362685154084,-28.10146668495309,-1.4458038617891529,0.9749593985985467,-0.2202693953986774,0.247335512978598
4822822822.822823,0.9747552526143619,-0.22208831745894966,0.24315980807591897,0.0397978723498586,-28.0028029059711,-1.4507822932633272,0.0397978723498586,-28.0028029059711,-1.4507822932633272,0.9748075895292831,-0.2216219640208507,0.24232324120304086
4828828828.828829,0.9746000630030833,-0.22347129759457546,0.2381362586828071,0.04025422007671215,-27.903771667434366,-1.4557761284151072,0.04025422007671215,-27.903771667434366,-1.4557761284151072,0.9746540715213425,-0.2229899729474438,0.23729567786742908
4834834834.834835,0.9744430938899731,-0.2248703598895138,0.2330969270664067,0.04071754034786397,-27.804369292018084,-1.460785622469541,0.04071754034786397,-27.804369292018084,-1.460785622469541,0.9744988079371055,-0.22437375599961787,0.23225261420759177
4840840840.840841,0.9742843068328317,-0.22628585479847194,0.22804159439804328,0.04118797084738086,-27.704592066427733,-1.4658110355716678,0.04118797084738086,-27.704592066427733,-1.4658110355716678,0.9743417610667412,-0.22577365685209047,0.22719383739608637
4846846846.846847,0.9741236622603197,-0.22771814316219205,0.22297003754737332,0.04166565255087253,-27.60443624075365,-1.470852632906772,0.04166565255087253,-27.60443624075365,-1.470852632906772,0.9741828920901584,-0.22719002938638974,0.22211913043937737
4852852852.852853,0.9739611194317852,-0.22916759658090735,0.21788202897256828,0.042150729818008305,-27.503898027812145,-1.4759106848243286,0.042150729818008305,-27.503898027812145,-1.4759106848243286,0.9740221610374447,-0.2286232380583495,0.2170282720718653
4858858858.858859,0.973796636395429,-0.23063459780346246,0.21277733660709047,0.04264335048802216,-27.402973602474585,-1.4809854669656806,0.04264335048802216,-27.402973602474585,-1.4809854669656806,0.9738595267476275,-0.23007365828136142,0.21192103664661754
4864864864.864864,0.973630169944716,-0.23211954113293526,0.20765572374291186,0.04314366597832509,-27.30165910098225,-1.4860772603957146,0.04314366597832509,-27.30165910098225,-1.4860772603957146,0.9736949468257656,-0.23154167682537055,0.2067971940227006
4870870870.870871,0.9734616755730238,-0.23362283284891244,0.2025169489100885,0.043651831386329415,-27.19995062024845,-1.491186351738553,0.043651831386329415,-27.19995062024845,-1.491186351738553,0.9735283775982394,-0.23302769223282,0.2016565094489658
4876876876.876877,0.9732911074263643,-0.23514489164793692,0.19736076575250996,0.04416800559460803,-27.097844217146786,-1.4963130333174868,0.04416800559460803,-27.097844217146786,-1.4963130333174868,0.9733597740661718,-0.2345321152522279,0.19649874344420554
4882882882.882883,0.9731184182541265,-0.23668614910264185,0.19218692289971906,0.044692351379512336,-26.995335907785055,-1.5014576032993308,0.044692351379512336,-26.995335907785055,-1.5014576032993308,0.9731890898569029,-0.23605536929012744,0.19132365167349602
4888888888.888889,0.972943559357765,-0.2382470501403168,0.18699516383465017,0.04522503552337169,-26.892421666765628,-1.506620365843263,0.04522503552337169,-26.892421666765628,-1.506620365843263,0.97301627717341,-0.23759789088240169,0.18613098482061846
4894894894.894895,0.9727664805372818,-0.23982805354233,0.18178522675711492,0.04576622893041341,-26.789097426430963,-1.511801631254451,0.04576622893041341,-26.789097426430963,-1.511801631254451,0.9728412867415814,-0.23916013018589888,0.18092048845640937
4900900900.900901,0.9725871300354691,-0.24142963246476662,0.17655684444289454,0.046316106746538264,-26.6853590760946,-1.517001716142534,0.046316106746538264,-26.6853590760946,-1.517001716142534,0.9726640677552467,-0.24074255149126583,0.1756919029028738
4906906906.906907,0.9724054544797127,-0.24305227498215923,0.171309744098289,0.046874848483096164,-26.581202461257444,-1.522220943585222,0.046874848483096164,-26.581202461257444,-1.522220943585222,0.9724845678188391,-0.2423456337581817,0.17044496309292334
4912912912.912913,0.9722213988213485,-0.2446964846544395,0.16604364720991308,0.04744263814481444,-26.476623382808672,-1.5274596432971608,0.04744263814481444,-26.476623382808672,-1.5274596432971608,0.972302732887613,-0.2439698711737624,0.16517939842556292
4918918918.918919,0.9720349062723741,-0.2463627811189922,0.16075826938959129,0.04801966436203098,-26.37161759621177,-1.5327181518042996,0.04801966436203098,-26.37161759621177,-1.5327181518042996,0.9721185072052411,-0.24561577373579352,0.1598949326163673
4924924924.924925,0.9718459182393829,-0.248051700709071,0.15545332021416278,0.04860612052740052,-26.266180810674523,-1.5379968126239525,0.04860612052740052,-26.266180810674523,-1.5379968126239525,0.9719318332387274,-0.24728386786143255,0.15459128354304147
4930930930.930931,0.9716543742546693,-0.2497637970991465,0.15012850305998848,0.049202204937236885,-26.16030868830404,-1.5432959764507768,0.049202204937236885,-26.16030868830404,-1.5432959764507768,0.9717426516104543,-0.24897469702313438,0.14926816308592641
4936936936.936937,0.9714602119042579,-0.25149964197949104,0.14478351493197023,0.04980812093767535,-26.053996843245134,-1.548616001348915,0.04980812093767535,-26.053996843245134,-1.548616001348915,0.9715509010272471,-0.2506888224129058,0.14392527696321497
4942942942.942943,0.9712633667527854,-0.25325982576076983,0.13941804628687693,0.050424077075831755,-25.947240840803346,-1.553957252950524,0.050424077075831755,-25.947240840803346,-1.553957252950524,0.9713565182063042,-0.25242682363639674,0.13856232456068493
4948948948.948949,0.9710637722650488,-0.25504495831040275,0.13403178085072537,0.05105028725615556,-25.84003619655131,-1.5593201046609577,0.05105028725615556,-25.84003619655131,-1.5593201046609577,0.971159437797849,-0.25418929943820345,0.1331789987557602
4954954954.954955,0.9708613597240396,-0.25685566972246654,0.12862439543003468,0.051686970902173314,-25.732378375418996,-1.5647049378708493,0.051686970902173314,-25.732378375418996,-1.5647049378708493,0.9709595923043022,-0.25597686846032197,0.1277749857356612
4960960960.960961,0.970656058145328,-0.25869261112247055,0.12319555971668661,0.052334353123831355,-25.624262790767474,-1.5701121421753907,0.052334353123831355,-25.624262790767474,-1.5701121421753907,0.9707569119958622,-0.25779017003489624,0.12234996480942041
4966966966.966967,0.9704477941875718,-0.2605564555091829,0.11774493608613168,0.052992664890654954,-25.515684803445986,-1.5755421156010692,0.052992664890654954,-25.515684803445986,-1.5755421156010692,0.9705513248222476,-0.2596298650135987,0.11690360821351871
4972972972.972973,0.9702364920589758,-0.2624478986352313,0.11227217938871362,0.05366214321094936,-25.406639720832352,-1.5809952648401926,0.05366214321094936,-25.406639720832352,-1.5809952648401926,0.9703427563204514,-0.2614966366351442,0.11143558091091718
4978978978.978979,0.9700220734195139,-0.2643676599283171,0.10677693673381368,0.054343031317275726,-25.29712279585702,-1.5864720054934733,0.054343031317275726,-25.29712279585702,-1.5864720054934733,0.9701311295182985,-0.2633911914329791,0.1059455403832001
4984984984.984985,0.9698044572786424,-0.2663164834556665,0.1012588472665401,0.0550355788584528,-25.18712922600971,-1.5919727623210553,0.0550355788584528,-25.18712922600971,-1.5919727623210553,0.9699163648335621,-0.26531426018549653,0.10043313641555174
4990990990.990991,0.9695835598883348,-0.26829513893343787,0.09571754193667532,0.05574004209833267,-25.076654152329905,-1.5974979695022673,0.05574004209833267,-25.076654152329905,-1.5974979695022673,0.9696983799684583,-0.2672665989106026,0.09489801087433446
4996996996.996997,0.9693592946311709,-0.27030442278368033,0.09015264325954926,0.05645668412162441,-24.965692658380007,-1.6030480709044932,0.05645668412162441,-24.965692658380007,-1.6030480709044932,0.9694770897992443,-0.26924898990728263,0.08933979747689759
5003003003.003003,0.9691315719031928,-0.27234515924165703,0.08456376506854568,0.05718577504703545,-24.8542397692024,-1.6086235203615369,0.05718577504703545,-24.8542397692024,-1.6086235203615369,0.9692524062606753,-0.27126224284659506,0.08375812155338264
5009009009.009009,0.9689002989913403,-0.27441820151544843,0.07895051225888147,0.05792759224802789,-24.742290450259357,-1.614224781961851,0.05792759224802789,-24.742290450259357,-1.614224781961851,0.96902423822506,-0.273307195914653,0.07815259980015794
5015015015.015015,0.9686653799450732,-0.276524433001624,0.07331248052231548,0.058682420581484235,-24.62983960635697,-1.6198523303470398,0.058682420581484235,-24.62983960635697,-1.6198523303470398,0.9687924913756343,-0.2753847170103578,0.07252284002455857
5021021021.021021,0.96842671544197,-0.27866476855913713,0.0676492560724152,0.05945055262460514,-24.516882080552183,-1.6255066510210952,0.05945055262460514,-24.516882080552183,-1.6255066510210952,0.9685570680739317,-0.27749570500104714,0.06686844088057353
5027027027.027027,0.9681842026469242,-0.28084015584516586,0.06196041536000717,0.060232288920357105,-24.403412653044523,-1.631188240670764,0.060232288920357105,-24.403412653044523,-1.631188240670764,0.9683178672208653,-0.2796410910389042,0.061188991595151
5033033033.033033,0.967937735064633,-0.2830515767159363,0.056245524778402424,0.06102793823182169,-24.28942604005148,-1.6368976074975476,0.06102793823182169,-24.28942604005148,-1.6368976074975476,0.9680747841111521,-0.28182183994175225,0.05548407168468748
5039039039.039039,0.967687202384995,-0.2853000486963436,0.05050414035797145,0.06183781780579644,-24.174916892668755,-1.6426352715618222,0.06183781780579644,-24.174916892668755,-1.6426352715618222,0.967827710280772,-0.28403895164133935,0.04975325066132971
5045045045.045045,0.9674324903210677,-0.2875866265218619,0.04473580744963859,0.06266225364602179,-24.059879795715403,-1.6484017651395635,0.06266225364602179,-24.059879795715403,-1.6484017651395635,0.9675765333470351,-0.2862934627033027,0.04399608772866857
5051051051.051051,0.9671734804391388,-0.2899124037571724,0.03894006039683586,0.0635015807964197,-23.944309266564634,-1.6541976330922439,0.0635015807964197,-23.944309266564634,-1.6541976330922439,0.967321136840882,-0.2885864479225792,0.03821213146640113
5057057057.057057,0.9669100499805376,-0.29227851449528214,0.033116422195445215,0.06435614363474976,-23.82819975396054,-1.6600234332504469,0.06435614363474976,-23.82819975396054,-1.6600234332504469,0.9670614000310159,-0.29091902199827985,0.032400919503470405
5063063063.063063,0.9666420716747027,-0.29468613514197906,0.027264404141214112,0.06522629617710227,-23.711545636821647,-1.6658797368117777,0.06522629617710227,-23.711545636821647,-1.6658797368117777,0.9667971977393873,-0.29329234129280657,0.026561978179246777
5069069069.069069,0.9663694135430273,-0.29713648629040335,0.021383505464107198,0.06611240239366778,-23.59434122303196,-1.6717671287537053,0.06611240239366778,-23.59434122303196,-1.6717671287537053,0.9665284001475862,-0.2957076056796823,0.0206948221922292
5075075075.075075,0.9660919386929917,-0.2996308346907191,0.015473212949102592,0.06701483653624106,-23.476580748220325,-1.6776862082619624,0.06701483653624106,-23.476580748220325,-1.6776862082619624,0.9662548725936064,-0.29816606048546074,0.01479895423574938
5081081081.081081,0.9658095051020408,-0.30217049532034246,0.009533000542804171,0.06793398347793421,-23.358258374529306,-1.6836375891751756,0.06793398347793421,-23.358258374529306,-1.6836375891751756,0.9659764753585094,-0.30066899853052564,0.008873864620158524
5087087087.087088,0.9655219653906327,-0.30475683356052813,0.003562328945277571,0.06887023906560037,-23.239368189374225,-1.6896219004464432,0.06887023906560037,-23.239368189374225,-1.6896219004464432,0.9656930634423534,-0.3032177622751104,0.00291903088087169
5093093093.093093,0.9652291665838542,-0.30739126748545464,-0.0024393548134763895,0.06982401048548063,-23.11990420419416,-1.6956397866226014,0.06982401048548063,-23.11990420419416,-1.6956397866226014,0.9654044863288459,-0.30581374607608686,-0.003066082628238124
5099099099.099099,0.9649309498609723,-0.3100752702702181,-0.008472617813112487,0.07079571664261812,-22.999860353195835,-1.7016919083419337,0.07079571664261812,-22.999860353195835,-1.7016919083419337,0.9651105877380592,-0.30845839856118706,-0.00908202515681599
5105105105.105105,0.9646271502922374,-0.31281037272473045,-0.014538041699261874,0.0717857885545987,-22.87923049209232,-1.7077789428511472,0.0717857885545987,-22.87923049209232,-1.7077789428511472,0.9648112053665472,-0.3111532251274094,-0.015129359995916454
5111111111.111111,0.9643175965621947,-0.31559816596107726,-0.020636223157282106,0.07279466976020675,-22.75800839683789,-1.7139015845424752,0.07279466976020675,-22.75800839683789,-1.7139015845424752,0.9645061706141392,-0.31389979057097184,-0.02120866493258197
5117117117.117117,0.9640021106787827,-0.31844030420178915,-0.02676777440423206,0.07382281674360362,-22.63618776236129,-1.720060545511789,0.07382281674360362,-22.63618776236129,-1.720060545511789,0.9641953082966671,-0.3166997218564522,-0.02732053272176314
5123123123.123123,0.9636805076673631,-0.3213385077377772,-0.032933323699797075,0.07487069937466528,-22.513762201299432,-1.7262565561386305,0.07487069937466528,-22.513762201299432,-1.7262565561386305,0.9638784363438038,-0.3195547110334996,-0.03346557157631785
5129129129.129129,0.9633525952488258,-0.32429456604476437,-0.03913351587704602,0.07593880136614173,-22.390725242733694,-1.732490365689202,0.07593880136614173,-22.390725242733694,-1.732490365689202,0.9635553654811487,-0.3224665183100134,-0.03964440567591521
5135135135.135136,0.9630181735008796,-0.3273103410674465,-0.04536901289382409,0.07702762074832359,-22.267070330931812,-1.7387627429432637,0.07702762074832359,-22.267070330931812,-1.7387627429432637,0.9632258988957252,-0.32543697529049,-0.045857675695583355
5141141141.141141,0.9626770345015019,-0.3303877706819751,-0.05164049440571781,0.07813767036193583,-22.14279082409783,-1.7450744768460948,0.07813767036193583,-22.14279082409783,-1.7450744768460948,0.9628898318837823,-0.32846798839079866,-0.05210603935481846
5147147147.147147,0.9623289619535532,-0.33352887234715267,-0.05794865836152037,0.07926947837000105,-22.01787999313353,-1.7514263771865735,0.07926947837000105,-22.01787999313353,-1.7514263771865735,0.9625469514800309,-0.33156154243864316,-0.05839017198807864
5153153153.153153,0.9619737307894238,-0.3367357469561367,-0.06429422162215236,0.0804235887894472,-21.892331020414915,-1.7578192753026172,0.0804235887894472,-21.892331020414915,-1.7578192753026172,0.9621970360670872,-0.33471970447227994,-0.06471076713763337
5159159159.159159,0.9616111067545471,-0.3400105829008638,-0.07067792060412839,0.08160056204326795,-21.76613699858718,-1.764254024815174,0.08160056204326795,-21.76613699858718,-1.764254024815174,0.9618398549640629,-0.33794462774872314,-0.0710685371697016
5165165165.165165,0.9612408459685319,-0.34335566036231446,-0.07710051194857497,0.08280097553406848,-21.639290929382817,-1.7707315023921233,0.08280097553406848,-21.639290929382817,-1.7707315023921233,0.9614751679930051,-0.34123855597493735,-0.07746421391491758
5171171171.171171,0.9608626944625814,-0.34677335584067,-0.0835627732169679,0.08402542423986775,-21.5117857224673,-1.7772526085433837,0.08402542423986775,-21.5117857224673,-1.7772526085433837,0.9611027250218664,-0.3446038277758922,-0.08389854933415443
5177177177.177177,0.9604763876917672,-0.35026614694049185,-0.09006550361475137,0.0852745213330582,-21.383614194317477,-1.7838182684487192,0.0852745213330582,-21.383614194317477,-1.7838182684487192,0.9607222654826524,-0.34804288141382594,-0.09037231621081608
5183183183.183184,0.9600816500206799,-0.3538366174266791,-0.09660952474406208,0.08654889882345959,-21.254769067137993,-1.7904294328196966,0.08654889882345959,-21.254769067137993,-1.7904294328196966,0.960333517863208,-0.3515582597749527,-0.09688630887075622
5189189189.189189,0.9596781941808165,-0.35748746256865255,-0.10319568138685592,0.08784920822643268,-21.1252429678224,-1.797087078797406,0.08784920822643268,-21.1252429678224,-1.797087078797406,0.9599361991710645,-0.35515261564041495,-0.10344134393102011
5195195195.195195,0.9592657206980294,-0.3612214947907665,-0.10982484231976468,0.08917612125706305,-20.99502842696483,-1.80379221088757,0.08917612125706305,-20.99502842696483,-1.80379221088757,0.9595300143676746,-0.3588287172593775,-0.11003826107864309
5201201201.201201,0.9588439172881615,-0.3650416496490424,-0.11649790116209582,0.09053033055144612,-20.86411787793044,-1.8105458619347659,0.09053033055144612,-20.86411787793044,-1.8105458619347659,0.9591146557711863,-0.36258945424401,-0.11667792388086329
5207207207.207207,0.9584124582189945,-0.3689509921545792,-0.12321577725843004,0.09191255041615591,-20.732503655991756,-1.817349094137607,0.09191255041615591,-20.732503655991756,-1.817349094137607,0.9586898024258872,-0.3664378438065902,-0.12336122062804729
5213213213.213213,0.9579710036363652,-0.37295272346679553,-0.12997941659736925,0.09332351760700192,-20.600177997540197,-1.8242030001067597,0.09332351760700192,-20.600177997540197,-1.8242030001067597,0.9582551194362189,-0.3703770373613519,-0.1300890652108188
5219219219.219219,0.957519198852297,-0.3770501879801025,-0.13678979276798744,0.09476399213822063,-20.46713303938215,-1.8311087039677802,0.09476399213822063,-20.46713303938215,-1.8311087039677802,0.9578102572632217,-0.3744103275144155,-0.1368623980328162
5225225225.225225,0.9570566735927665,-0.3812468808300163,-0.14364790795570723,0.09623475812328301,-20.333360818129922,-1.8380673625108956,0.09623475812328301,-20.333360818129922,-1.8380673625108956,0.9573548509810311,-0.3785411554676983,-0.14368218696065915
5231231231.231232,0.9565830412025879,-0.38554645584646374,-0.15055479397929106,0.09773662464853106,-20.19885326969892,-1.8450801663898961,0.09773662464853106,-20.19885326969892,-1.8450801663898961,0.9568885194909812,-0.38277311886371845,-0.15054942831273074
5237237237.237237,0.9560978978047598,-0.389952733983711,-0.15751151337078376,0.09927042668088805,-20.06360222892385,-1.8521483413724251,0.09927042668088805,-20.06360222892385,-1.8521483413724251,0.9564108646906384,-0.3871099801007658,-0.15746514788841068
5243243243.243243,0.9556008214113803,-0.39446971225909033,-0.164519160500297,0.10083702601093043,-19.927599429306593,-1.8592731496441013,0.10083702601093043,-19.927599429306593,-1.8592731496441013,0.9559214705949399,-0.3915556751498136,-0.1644304020395628
5249249249.249249,0.9550913709831191,-0.3991015732343083,-0.1715788627475755,0.10243731223261772,-19.790836502911734,-1.8664558911689657,0.10243731223261772,-19.790836502911734,-1.8664558911689657,0.9554199024064286,-0.39611432290673826,-0.1714462787860271
5255255255.255255,0.9545690854339464,-0.40385269507645327,-0.17869178172243128,0.10407220376103177,-19.65330498042459,-1.8736979051088902,0.10407220376103177,-19.65330498042459,-1.8736979051088902,0.9549057055313454,-0.4007902351161694,-0.1785138989770105
5261261261.261261,0.9540334825776903,-0.4087276622376267,-0.18585911453612688,0.10574264888947861,-19.5149962913901,-1.881000571304746,0.10574264888947861,-19.5149962913901,-1.881000571304746,0.9543784045381399,-0.40558792690579465,-0.18563441750035775
5267267267.267267,0.953484058012666,-0.4137312767959884,-0.1930820951259469,0.10744962688733575,-19.37590176465179,-1.888365311822146,0.10744962688733575,-19.37590176465179,-1.888365311822146,0.9538375020547456,-0.41051212797268577,-0.19280902454163895
5273273273.273273,0.9529202839404326,-0.41886857050352977,-0.20036199563525353,0.10919414914005805,-19.236012629010617,-1.8957935925648675,0.10919414914005805,-19.236012629010617,-1.8957935925648675,0.9532824776006548,-0.4155677944668684,-0.2000389468952327
5279279279.27928,0.952341607914471,-0.4241448175892895,-0.20770012785136752,0.11097726033273672,-19.095320014127992,-1.9032869249590467,0.11097726033273672,-19.095320014127992,-1.9032869249590467,0.9527127863496798,-0.42076012161970716,-0.20732544932947553
5285285285.285285,0.9517474515142035,-0.42956554837120403,-0.2150978447037966,0.11280003967864871,-18.953814951696234,-1.9108468677114818,0.11280003967864871,-18.953814951696234,-1.9108468677114818,0.9521278578188191,-0.4260945571699539,-0.21466983600817022
5291291291.291291,0.9511372089395997,-0.43513656373258836,-0.2225565418252932,0.11466360219420023,-18.81148837690446,-1.9184750286454713,0.11466360219420023,-18.81148837690446,-1.9184750286454713,0.951527094478561,-0.4315768156422803,-0.22207345197068473
5297297297.2972975,0.9505102455211568,-0.4408639505247509,-0.23007765917839332,0.11656910002167607,-18.668331130229024,-1.9261730666177865,0.11656910002167607,-18.668331130229024,-1.9261730666177865,0.9509098702794484,-0.4372128935390556,-0.22953768467303187
5303303303.303303,0.9498658961397725,-0.44675409796118865,-0.23766268275017477,0.11851772380118401,-18.524333959580225,-1.933942693520539,0.11851772380118401,-18.524333959580225,-1.933942693520539,0.9502755290894908,-0.4430090855097513,-0.23706396559232304
5309309309.309309,0.9492034635506501,-0.4528137150739389,-0.24531314631798032,0.120510704093145,-18.3794875228405,-1.9417856763718357,0.120510704093145,-18.3794875228405,-1.9417856763718357,0.9496233830365938,-0.44897200156773426,-0.24465377189708412
5315315315.315315,0.9485222166049008,-0.45904984930883186,-0.2530306332889693,0.12254931285263512,-18.233782390832186,-1.9497038394992818,0.12254931285263512,-18.233782390832186,-1.9497038394992818,0.9489527107497764,-0.45510858542969057,-0.252308628185916
5321321321.3213215,0.9478213883621912,-0.4654699063413299,-0.260816778616458,0.12463486495683068,-18.087209050755856,-1.957699066820586,0.12463486495683068,-18.087209050755856,-1.957699066820586,0.9482627554925753,-0.4614261340582757,-0.2600301082971076
5327327327.327328,0.9471001740872543,-0.4720816712018089,-0.26867327079599973,0.12676871978671736,-17.939757910144543,-1.9657733042256207,0.12676871978671736,-17.939757910144543,-1.9657733042256207,0.9475527231814976,-0.46793231849575545,-0.26781983719174
5333333333.333333,0.9463577291225993,-0.4788933308060714,-0.2766018539442524,0.1289522828641242,-17.79141930138303,-1.973928562064523,0.1289522828641242,-17.79141930138303,-1.973928562064523,0.9468217802819883,-0.4746352060824828,-0.2756794929129333
5339339339.339339,0.9455931666292694,-0.4859134979942178,-0.2846043299637515,0.13118700754502455,-17.642183486845212,-1.982166917746536,0.13118700754502455,-17.642183486845212,-1.982166917746536,0.946069051573835,-0.4815432841618147,-0.28361080862384175
5345345345.3453455,0.9448055551869488,-0.4931512371892,-0.2926825607966266,0.13347439676987385,-17.492040664708373,-1.9904905184544528,0.13347439676987385,-17.492040664708373,-1.9904905184544528,0.9452936177773473,-0.48866548538153887,-0.2916155747269932
5351351351.351352,0.9439939162440908,-0.5006160917957074,-0.300838470770448,0.1358160048715845,-17.340980975507126,-1.9989015839797262,0.1358160048715845,-17.340980975507126,-1.9989015839797262,0.944494513031151,-0.49601121470987264,-0.2996956410675789
5357357357.357357,0.9431572214081595,-0.5083181134693612,-0.3090740490392639,0.1382134394414994,-17.188994509496343,-2.00740240968338,0.1382134394414994,-17.188994509496343,-2.00740240968338,0.9436707222117566,-0.5035903782942485,-0.30785291922319663
5363363363.363363,0.9422943895654002,-0.5162678933968481,-0.3173913521229514,0.14066836325346674,-17.036071314897878,-2.0159953695880803,0.14066836325346674,-17.036071314897878,-2.0159953695880803,0.942821178084441,-0.5114134143011224,-0.3160893848825075
5369369369.3693695,0.9414042838188874,-0.5244765957387796,-0.32579250654782776,0.1431824962457884,-16.882201407113357,-2.0246829196067715,0.1431824962457884,-16.882201407113357,-2.0246829196067715,0.9419447582742757,-0.5194913258863574,-0.3244070803151233
5375375375.375376,0.940485708232782,-0.5329559934001529,-0.33427971159151787,0.1457576175604643,-16.72737477899122,-2.033467600913462,0.1457576175604643,-16.72737477899122,-2.033467600913462,0.9410402820454358,-0.527835716457657,-0.3328081169349298
5381381381.381382,0.93953740437007,-0.5417185063056797,-0.34285524213481294,0.1483955676386948,-16.571581412245507,-2.0423520434618094,0.1483955676386948,-16.571581412245507,-2.0423520434618094,0.9401065068761054,-0.5364588274041162,-0.34129467795879226
5387387387.387387,0.938558047610095,-0.5507772423731294,-0.3515214516231389,0.15109825037111593,-16.414811290131347,-2.0513389696572037,0.15109825037111593,-16.414811290131347,-2.0513389696572037,0.9391421248155128,-0.5453735784820609,-0.34986902116241797
5393393393.3933935,0.9375462432314873,-0.5601460413923061,-0.3602807751400261,0.153867635300641,-16.25705441149184,-2.0604311981881276,0.153867635300641,-16.25705441149184,-2.0604311981881276,0.9381457586088173,-0.5545936110614968,-0.3585334817347862
5399399399.3994,0.9365005222450141,-0.5698395220361772,-0.36913573259460564,0.15670575987510177,-16.09830080630141,-2.069631648022548,0.15670575987510177,-16.09830080630141,-2.069631648022548,0.9371159575745734,-0.5641333344553668,-0.36729047523214914
5405405405.405405,0.9354193369601319,-0.5798731322475239,-0.3780889320249128,0.1596147317461111,-15.938540552840394,-2.078943342575077,0.1596147317461111,-15.938540552840394,-2.078943342575077,0.9360511932186685,-0.5740079755712054,-0.37614250063227594
5411411411.411411,0.9343010562678126,-0.5902632032669867,-0.38714307301815704,0.1625967311096377,-15.7777637966492,-2.088369414050528,0.1625967311096377,-15.7777637966492,-2.088369414050528,0.9349498545676028,-0.5842336321452317,-0.3850921434888898
5417417417.417418,0.9331439606214306,-0.6010270075883496,-0.39630095024874357,0.16565401308276567,-15.615960771421964,-2.0979131079693425,0.16565401308276567,-15.615960771421964,-2.0979131079693425,0.9338102432029933,-0.5948273298404307,-0.39414207918569955
5423423423.423424,0.9319462366962289,-0.612182821152996,-0.4055654571339687,0.16878891010990893,-15.453121822014062,-2.1075777878801745,0.16878891010990893,-15.453121822014062,-2.1075777878801745,0.9326305679781568,-0.6058070835135599,-0.4032950762885668
5429429429.42943,0.930705971706975,-0.6237499901200471,-0.4149395896067358,0.1720038343903997,-15.28923742975244,-2.1173669402645894,0.1720038343903997,-15.28923742975244,-2.1173669402645894,0.9314089393965199,-0.6171919629820191,-0.4125539999935231
5435435435.435435,0.9294211473622126,-0.6357490025781289,-0.4244264500034316,0.1753012803177887,-15.124298240255282,-2.127284179638383,0.1753012803177887,-15.124298240255282,-2.127284179638383,0.930143363630614,-0.6290021636483967,-0.4219218156670532
5441441441.441442,0.9280896334324494,-0.6482015655952271,-0.4340292510642321,0.17868382691946547,-14.958295093982874,-2.1373332538536296,0.17868382691946547,-14.958295093982874,-2.1373332538536296,0.9288317361591939,-0.6412590823718387,-0.4314015924740337
5447447447.447448,0.9267091809085244,-0.6611306880365655,-0.4437513200415203,0.18215414028312987,-14.791219059763662,-2.1475180496047264,0.18215414028312987,-14.791219059763662,-2.1475180496047264,0.9274718349990839,-0.6539853990066851,-0.44099650708691207
5453453453.453453,0.9252774147252941,-0.6745607696170541,-0.4535961029107829,0.1857149759544163,-14.62306147155671,-2.1578425981410794,0.1857149759544163,-14.62306147155671,-2.1578425981410794,0.926061313507182,-0.6672051640652756,-0.45070984746822357
5459459459.459459,0.9237918260246908,-0.6885176966947737,-0.46356716867632075,0.18936918128732855,-14.453813968736126,-2.1683110811879427,0.18936918128732855,-14.453813968736126,-2.1683110811879427,0.9245976927270314,-0.6809438930002458,-0.460545016716267
5465465465.465466,0.9222497639313145,-0.7030289453539585,-0.4736682137620799,0.19311969772620388,-14.283468540206313,-2.178927837075737,0.19311969772620388,-14.283468540206313,-2.178927837075737,0.9230783532534804,-0.6952286676426124,-0.47050553696154157
5471471471.471472,0.9206484268126824,-0.7181236923738479,-0.4839030664754057,0.196969562994618,-14.112017572681223,-2.1896973670767967,0.196969562994618,-14.112017572681223,-2.1896973670767967,0.9215005265879826,-0.7100882453780227,-0.4805950532986576
5477477477.477478,0.9189848529955867,-0.7338329347292709,-0.4942756915286036,0.20092191316284996,-13.93945390348957,-2.2006243419466514,0.20092191316284996,-13.93945390348957,-2.2006243419466514,0.919861285956392,-0.7255531766919814,-0.49081733773533787
5483483483.483483,0.9172559109093059,-0.7501896183244915,-0.504790194599877,0.2049799845613038,-13.765770878295898,-2.2117136086649762,0.2049799845613038,-13.765770878295898,-2.2117136086649762,0.9181575365604718,-0.7416559317683438,-0.5011762931363785
5489489489.48949,0.9154582886260748,-0.7672287767205782,-0.5154508269113407,0.20914711550250398,-13.590962414158927,-2.2229701973688876,0.20914711550250398,-13.590962414158927,-2.2229701973688876,0.9163860052340483,-0.7584310368819076,-0.5116759571362101
5495495495.495496,0.913588482769031,-0.7849876806813721,-0.5262619897972811,0.21342674776890783,-13.415023068381437,-2.234399328468397,0.21342674776890783,-13.415023068381437,-2.234399328468397,0.914543229474511,-0.7759152213891709,-0.5223205059887931
5501501501.501501,0.9116427867580902,-0.8035059994324479,-0.537228239230763,0.21782242781777048,-13.237948113640341,-2.2460064199305534,0.21782242781777048,-13.237948113640341,-2.2460064199305534,0.9126255458207515,-0.7941475761869122,-0.5331142583179568
5507507507.507507,0.9096172783648265,-0.8228259746027611,-0.5483542902707202,0.22233780764754596,-13.059733619922486,-2.257797094714903,0.22233780764754596,-13.059733619922486,-2.257797094714903,0.910629077549218,-0.8131697245813346,-0.5440616787248482
5513513513.513514,0.9075078065486188,-0.8429926078996824,-0.559645021384797,0.22697664526276393,-12.880376543830312,-2.2697771883383497,0.22697664526276393,-12.880376543830312,-2.2697771883383497,0.9085497216610064,-0.8330260065879818,-0.555167381201689
5519519519.51952,0.9053099775481005,-0.8640538636559476,-0.5711054785954808,0.23174280466592487,-12.699874825860967,-2.2819527565423727,0.23174280466592487,-12.699874825860967,-2.2819527565423727,0.906383135134806,-0.8537636777659184,-0.5664361322926004
5525525525.525526,0.9030191402045918,-0.8860608874809082,-0.5827408793880643,0.2366402552956046,-12.518227496303652,-2.2943300830295112,0.2366402552956046,-12.518227496303652,-2.2943300830295112,0.904124720423134,-0.8754331237797839,-0.5778728539325345
5531531531.531531,0.9006303704977064,-0.909068242350106,-0.5945566163086751,0.24167307081954875,-12.335434790443172,-2.306915687229058,0.24167307081954875,-12.335434790443172,-2.306915687229058,0.9017696101728958,-0.8980880919796231,-0.5894826258841881
5537537537.537538,0.8981384552779965,-0.9331341635760475,-0.6065582601689589,0.2468454271800664,-12.151498273799568,-2.3197163320440803,0.2468454271800664,-12.151498273799568,-2.3197163320440803,0.8993126511561353,-0.9217859413904718,-0.6012706876801653
5543543543.543544,0.8955378751875843,-0.9583208342191791,-0.6187515627605931,0.2521615997763202,-11.966420978177508,-2.3327390315227214,0.2521615997763202,-11.966420978177508,-2.3327390315227214,0.8967483874028344,-0.9465879126146084,-0.6132424399631204
5549549549.549549,0.8928227867672978,-0.9846946826234113,-0.6311424589675433,0.25762595965416496,-11.780207549340911,-2.3459910583864336,0.25762595965416496,-11.780207549340911,-2.3459910583864336,0.8940710425354813,-0.9725594192648976,-0.6254034451001694
5555555555.555555,0.8899870037584234,-1.0123267038930326,-0.6437370681466535,0.26324296855889767,-11.5928644071689,-2.3594799513360596,0.26324296855889767,-11.5928644071689,-2.3594799513360596,0.8912745013146419,-0.9997703626727895,-0.6377594269291499
5561561561.561562,0.8870239776189257,-1.0412928072698022,-0.6565416946273808,0.26901717268956826,-11.404399919188023,-2.3732135220432435,0.26901717268956826,-11.404399919188023,-2.3732135220432435,0.8883522904167362,-1.0282954717447241,-0.6503162694728304
5567567567.567568,0.8839267772883864,-1.071674191519091,-0.6695628271590813,0.2749531949754325,-11.214824588408119,-2.387199861719684,0.2749531949754325,-11.214824588408119,-2.387199861719684,0.885297558479707,-1.0582146699790247,-0.6630800144331623
5573573573.573574,0.8806880682532968,-1.1035577505934968,-0.682807137108988,0.281055725675559,-11.024151256417742,-2.401447347139682,0.281055725675559,-11.024151256417742,-2.401447347139682,0.8821030554697998,-1.089613471800526,-0.6760568572500727
5579579579.579579,0.8773000909853286,-1.1370365120097725,-0.6962814751850145,0.28732951108164356,-10.83239532271512,-2.4159646459723683,0.28732951108164356,-10.83239532271512,-2.4159646459723683,0.8787611114438147,-1.1225834105211785,-0.6892531414782943
5585585585.585586,0.8737546388501863,-1.1722101105517875,-0.7099928664253362,0.2937793400818215,-10.639574981258846,-2.430760721258663,0.2937793400818215,-10.639574981258846,-2.430760721258663,0.8752636148063832,-1.1572225003920593,-0.7026753512005023
5591591591.591592,0.8700430356142674,-1.209185300097702,-0.7239485031598667,0.3004100283197683,-10.445711475218655,-2.445844834844239,0.3004100283197683,-10.445711475218655,-2.445844834844239,0.8716019901916785,-1.1936357353748157,-0.7163301011553747
5597597597.597597,0.8661561127114259,-1.2480765065617956,-0.7381557356075712,0.3072263996589449,-10.250829370883947,-2.461226549553411,0.3072263996589449,-10.250829370883947,-2.461226549553411,0.8677671761342549,-1.2319356274265516,-0.7302241242144019
5603603603.603603,0.8620841864730364,-1.289006425143269,-0.7526220597271832,0.31423326463671103,-10.054956851644636,-2.4769157298597464,0.31423326463671103,-10.054956851644636,-2.4769157298597464,0.8637496027349455,-1.2722427872622424,-0.7443642557908142
5609609609.60961,0.8578170355723739,-1.332106665282027,-0.7673551018868128,0.3214353955676967,-9.858126032888638,-2.4929225407772266,0.3214353955676967,-9.858126032888638,-2.4929225407772266,0.8595391695759402,-1.3146865507292422,-0.7587574147073123
5615615615.615616,0.853343878989645,-1.37751844693646,-0.7823625998597753,0.32883749793092865,-9.660373298555946,-2.5092574446611327,0.32883749793092865,-9.660373298555946,-2.5092574446611327,0.855125224194918,-1.3594056540994537,-0.7734105799856812
5621621621.621622,0.8486533548676989,-1.425393352019559,-0.7976523795887887,0.3364441776513394,-9.46173965994953,-2.5259311955698878,0.3364441776513394,-9.46173965994953,-2.5259311955698878,0.8504965414922947,-1.4065489617540745,-0.7883307629499731
5627627627.627627,0.8437335007013235,-1.4758941350567525,-0.8132323270881655,0.3442599038647804,-9.262271137211423,-2.542954830798908,0.3442599038647804,-9.262271137211423,-2.542954830798908,0.8456413045191942,-1.4562762499003363,-0.8035249739552365
5633633633.633634,0.8385717353857509,-1.5291955973628317,-0.8291103547729678,0.3522889667374436,-9.06201916362918,-2.5603396591543772,0.3522889667374436,-9.06201916362918,-2.5603396591543772,0.8405470871772261,-1.5087590501193728,-0.8190001829645717
5639639639.63964,0.8331548437433977,-1.5854855292748102,-0.8452943614142204,0.36053542989746806,-8.861041012627652,-2.578097245489817,0.36053542989746806,-8.861041012627652,-2.578097245489817,0.8352008394554885,-1.5641815566949,-0.8347632730979436
5645645645.645645,0.8274689642521164,-1.6449657252277208,-0.8617921848202839,0.3690030770303795,-8.659400246914037,-2.596239390981718,0.3690030770303795,-8.659400246914037,-2.596239390981718,0.8295888759355913,-1.6227416018156866,-0.850820986165467
5651651651.651651,0.8214995808139902,-1.707853076720018,-0.8786115462343737,0.377695352193073,-8.457167188772292,-2.614778108573064,0.377695352193073,-8.457167188772292,-2.614778108573064,0.8236968684127237,-1.684651702874794,-0.8671798590747042
5657657657.657658,0.8152315195303858,-1.7743807484945948,-0.8957599853170114,0.3866152934162889,-8.254419409929161,-2.633725592966721,0.3866152934162889,-8.254419409929161,-2.633725592966721,0.8175098436091279,-1.7501401862125245,-0.8838461498646861
5663663663.663664,0.8086489515864034,-1.844799443564746,-0.9132447844483911,0.3957654591960202,-8.051242238729788,-2.6530941845056026,0.3957654591960202,-8.051242238729788,-2.6530941845056026,0.811012187095993,-1.8194523917627594,-0.9008257519672168
5669669669.66967,0.801735403494538,-1.9193787630570527,-0.931072880937952,0.4051478475238871,-7.847729281551351,-2.6728963262354086,0.4051478475238871,-7.847729281551351,-2.6728963262354086,0.8041876546890065,-1.8928519631748268,-0.9181240951269711
5675675675.675675,0.7944737761012886,-1.9984086672431458,-0.9492507655655442,0.414763807179369,-7.6439829544384255,-2.6931445134106933,0.414763807179369,-7.6439829544384255,-2.6931445134106933,0.7970193927401146,-1.9706222280988903,-0.9357460312235686
5681681681.681682,0.7868463739186414,-2.082201044615011,-0.9677843656983001,0.42461394110773093,-7.440115019850455,-2.7138512346794355,0.42461394110773093,-7.440115019850455,-2.7138512346794355,0.7894899689102133,-2.0530676734587114,-0.953695703028776
5687687687.687688,0.7788349465003276,-2.1710913964620584,-0.9866789110271446,0.4346980018414147,-7.236247122166329,-2.7350289041682236,0.4346980018414147,-7.236247122166329,-2.7350289041682236,0.7815814151705732,-2.1405155207096165,-0.9719763936963258
5693693693.693693,0.7704207437349209,-2.2654406451801465,-1.0059387797429353,0.4450147790950837,-7.032511314185358,-2.756689783694365,0.4450147790950837,-7.032511314185358,-2.756689783694365,0.77327528493914,-2.23331740632085,-0.9905903545162874
5699699699.699699,0.7615845870662777,-2.3656370755546003,-1.0255673227200597,0.45556197988064157,-6.829050565302231,-2.7788458943572896,0.45556197988064157,-6.829050565302231,-2.7788458943572896,0.7645527264041887,-2.3318511730704015,-1.009538608163769
5705705705.705706,0.7523069587676585,-2.4720984195934492,-1.0455666629867235,0.46633610175339896,-6.62601924032556,-2.8015089168151333,0.46633610175339896,-6.62601924032556,-2.8015089168151333,0.7553945742131688,-2.4365227782488637,-1.0288207243244485
5711711711.711712,0.7425681114768319,-2.585274097268748,-1.0659374674273832,0.4773323001186824,-6.423583536069942,-2.824690079639995,0.4773323001186824,-6.423583536069942,-2.824690079639995,0.7457814617976315,-2.5477683256099803,-1.0484345641751678
5717717717.717718,0.73234820023259,-2.705647627896358,-1.0866786872680616,0.48854425090224884,-6.221921860918976,-2.84840003527299,0.48854425090224884,-6.221921860918976,-2.84840003527299,0.7356939566531108,-2.6660562289661405,-1.0683759897196818
5723723723.723723,0.7216274392222083,-2.8337392300476525,-1.1077872634201729,0.4999640103193165,-6.021225140570677,-2.8726487232755624,0.4999640103193165,-6.021225140570677,-2.8726487232755624,0.7251127208804344,-2.791889516824386,-1.08863853340501
5729729729.72973,0.7103862853373034,-2.9701086320841785,-1.1292577921738274,0.5115818739639179,-5.821697031205675,-2.8974452208030805,0.5115818739639179,-5.821697031205675,-2.8974452208030805,0.714018699206035,-2.925808289528125,-1.1092130227406065
5735735735.735736,0.6986056504240656,-3.1153581209451637,-1.1510821459965106,0.5233862379770142,-5.623554019448895,-2.922797580516644,0.5233862379770142,-5.623554019448895,-2.922797580516644,0.7023933365158853,-3.0683923431811113,-1.1300871537670032
5741741741.741742,0.6862671437843338,-3.2701358640847955,-1.173249043251458,0.5353634656283014,-5.427025386829482,-2.9487126565051422,0.5353634656283014,-5.427025386829482,-2.9487126565051422,0.6902188266441422,-3.2202639783709976,-1.151245006112098
5747747747.747747,0.6733533460201127,-3.435139548917898,-1.1957435594220556,0.5474977632462583,-5.232353015119134,-2.9751959192144026,0.5474977632462583,-5.232353015119134,-2.9751959192144026,0.6774783937383073,-3.382091016594555,-1.1726664909488629
5753753753.753754,0.6598481147027238,-3.611120396364302,-1.2185465708047425,0.5597710700309261,-5.039791008093558,-3.0022512608751466,0.5597710700309261,-5.039791008093558,-3.0022512608751466,0.6641566069673598,-3.554590053531684,-1.1943267213143312
5759759759.75976,0.6457369215828553,-3.79888762076743,-1.2416341194597864,0.5721629668529439,-4.849605105095964,-3.029880793482287,0.5721629668529439,-4.849605105095964,-3.029880793482287,0.6502397286446423,-3.7385299861230776,-1.2161952918109846
5765765765.765766,0.6310072201431053,-3.9993134284178034,-1.2649766852764959,0.5846506096420564,-4.662071862468208,-3.0580846419975756,0.5846506096420564,-4.662071862468208,-3.0580846419975756,0.6357160950111497,-3.934735859921868,-1.2382354514769607
5771771771.771772,0.6156488412488815,-4.213338672085016,-1.2885383470225713,0.5972086933516744,-4.47747758065551,-3.0868607361109213,0.5972086933516744,-4.47747758065551,-3.0868607361109213,0.6205765279910817,-4.1440930944289045,-1.2604031492927186
5777777777.777778,0.5996544135150461,-4.441979310433963,-1.3122758088002875,0.6098094527000951,-4.296116957770509,-3.116204604582164,0.6098094527000951,-4.296116957770509,-3.116204604582164,0.6048147752352595,-4.367552156857824,-1.2826459259970997
5783783783.783784,0.5830198038380638,-4.6863338601707625,-1.3361372608566806,0.6224227058760883,-4.118291454788132,-3.146109176866197,0.6224227058760883,-4.118291454788132,-3.146109176866197,0.5884279747817206,-4.606133768362245,-1.3049016180809963
5789789789.78979,0.5657445724422849,-4.947592076485364,-1.3600610333955419,0.6350159470982043,-3.9443073634584684,-3.1765645973636705,0.6350159470982043,-3.9443073634584684,-3.1765645973636705,0.5714171397942657,-4.860934739813455,-1.3270968292818464
5795795795.795795,0.5478324358891824,-5.227045155016174,-1.3839739877916348,0.6475544932791287,-3.77447357552518,-3.207558058193843,0.6475544932791287,-3.77447357552518,-3.207558058193843,0.5537876582393539,-5.13313454415527,-1.3491451106169134
5801801801.801802,0.5292917309820321,-5.526097817016748,-1.407789569810801,0.6600016890244594,-3.609099060887962,-3.239073656806454,0.6600016890244594,-3.609099060887962,-3.239073656806454,0.535549802232356,-5.424002734588153,-1.370944770591291
5807807807.807808,0.5101358726070059,-5.846282718653022,-1.4314054217872918,0.6723191727622981,-3.4484900728040504,-3.2710922849824646,0.6723191727622981,-3.4484900728040504,-3.2710922849824646,0.516719242394005,-5.7349073044097745,-1.3923762107963817
5813813813.813814,0.49038379959815775,-6.1892777135669075,-1.4547004118467202,0.6844672049545293,-3.2929471097958336,-3.3035915557685627,0.6844672049545293,-3.2929471097958336,-3.3035915557685627,0.497317564253911,-6.067324041824559,-1.4132986460425019
5819819819.81982,0.4700604051122863,-6.556926589315538,-1.4775308832419791,0.6964050571113005,-3.1427616762073454,-3.336545774597455,0.6964050571113005,-3.1427616762073454,-3.336545774597455,0.47737278697490226,-6.422846838696308,-1.4335460187839781
5825825825.825826,0.44919695230041895,-6.951263979805572,-1.4997258483205724,0.7080914577847774,-2.9982128957516934,-3.369925960229894,0.7080914577847774,-2.9982128957516934,-3.369925960229894,0.45691989004430794,-6.803198727768677,-1.4529218498218133
5831831831.831832,0.42783148302977675,-7.374545199262882,-1.5210807384439815,0.7194850889625349,-2.8595640442318575,-3.403699920191434,0.7194850889625349,-2.8595640442318575,-3.403699920191434,0.4360013618878243,-7.210243083461155,-1.4711926741088555
5837837837.837838,0.4060092381462712,-7.82928169149534,-1.541349156389416,0.7305451234603766,-2.727059078108674,-3.4378323840672453,0.7305451234603766,-2.727059078108674,-3.4378323840672453,0.41466779671306064,-7.645993816610218,-1.4880795824438537
5843843843.843843,0.38378312394110853,-8.318282527414443,-1.5602318353375924,0.7412317912058266,-2.600919243911809,-3.4722851963859664,0.7412317912058266,-2.600919243911809,-3.4722851963859664,0.3929785838529437,-8.112622334370421,-1.5032472144746785
5849849849.84985,0.36121428372885606,-8.844701688656231,-1.577361648257386,0.7515069599048787,-2.4813398588458764,-3.5070175689213445,0.7515069599048787,-2.4813398588458764,-3.5070175689213445,0.3710027597329528,-8.612457196791523,-1.5162893105331827
5855855855.855856,0.3383728700538379,-9.412089299081202,-1.5922829712516795,0.7613347136979453,-2.368487354645836,-3.5419863901483026,0.7613347136979453,-2.368487354645836,-3.5419863901483026,0.34882012967710174,-9.14796921587681,-1.5267096137845935
5861861861.861862,0.31533916919877447,-10.024441618321092,-1.604422889526022,0.77068191222332,-2.2624966742770773,-3.577146587414185,0.77068191222332,-2.2624966742770773,-3.577146587414185,0.3265228199716417,-9.721729228578246,-1.5338965122001837
5867867867.867868,0.2922053175679501,-10.68623770031339,-1.6130505054118767,0.7795187121678724,-2.163469104211907,-3.6124515352484488,0.7795187121678724,-2.163469104211907,-3.6124515352484488,0.30421749677480486,-10.336316230760525,-1.5370893451708816
5873873873.873874,0.2690779899680243,-11.402436503763894,-1.6172187751006888,0.7878190339894208,-2.0714706138045074,-3.6478535012692386,0.7878190339894208,-2.0714706138045074,-3.6478535012692386,0.2820285963337486,-10.994137081818202,-1.5353338861345107
5879879879.87988,0.2460826680349398,-12.178379464412462,-1.6156806651974192,0.7955609580656111,-1.9865307581292448,-3.6833041194821385,0.7955609580656111,-1.9865307581292448,-3.6833041194821385,0.2601030589370261,-11.697090805243704,-1.5274245009699186
5885885885.885886,0.2233704705902544,-13.019484816651797,-1.606767979124247,0.8027270370028688,-1.9086421822633028,-3.7187548795215726,0.8027270370028688,-1.9086421822633028,-3.7187548795215726,0.2386172461236379,-12.445963415689352,-1.511831799634984
5891891891.8918915,0.20112913145224032,-13.930500436629512,-1.5882179126436144,0.8093045140901419,-1.8377607443799706,-3.7541576196485256,0.8093045140901419,-1.8377607443799706,-3.7541576196485256,0.2177869085656251,-13.239364595240144,-1.4866194968614754
5897897897.897898,0.1796006324098908,-14.913842768558885,-1.5569336559366425,0.8152854417006316,-1.7738062533729777,-3.78946501114298,0.8152854417006316,-1.7738062533729777,-3.78946501114298,0.19788110869496162,-14.07191330042486,-1.449367713410579
5903903903.903904,0.15910917254535228,-15.9660956564708,-1.5086864169322878,0.8206666975764095,-1.7166637953403323,-3.8246310221297906,0.8206666975764095,-1.7166637953403323,-3.8246310221297906,0.17924043793387143,-14.931280073127729,-1.3971520404695683
5909909909.90991,0.14010369991147775,-17.071007910998148,-1.4378525140661431,0.825449901096517,-1.6661856033862323,-3.859611349822134,0.825449901096517,-1.6661856033862323,-3.859611349822134,0.1622975975041224,-15.793758179991082,-1.3266932861538094
5915915915.915916,0.1232153027413017,-18.18670703119254,-1.3375412279278156,0.829641235553125,-1.6221934079800144,-3.894363811588509,0.829641235553125,-1.6221934079800144,-3.894363811588509,0.14759230562300535,-16.618725656841228,-1.2348964813542838
5921921921.921922,0.10930969162783703,-19.226826617566886,-1.2010592982865138,0.8332511858967246,-1.584481191439565,-3.9288486870459547,0.8332511858967246,-1.584481191439565,-3.9288486870459547,0.13576039892774527,-17.344537890551294,-1.1200676021639024
5927927927.927928,0.09945916462894672,-20.047103855738126,-1.026251385607808,0.836294204166533,-1.5528182605786212,-3.963029005431056,0.836294204166533,-1.5528182605786212,-3.963029005431056,0.1274632019825012,-17.89230351755226,-0.9838547473658754
5933933933.933934,0.09469061642691391,-20.473861124459823,-0.822448221382125,0.8387883167695777,-1.5269525464381173,-3.996870774668248,0.8387883167695777,-1.5269525464381173,-3.996870774668248,0.12323190786110544,-18.18553655547153,-0.8330165793679315
5939939939.9399395,0.09548138708037014,-20.40162561044536,-0.6128215711591822,0.8407546888577893,-1.506614039246352,-4.030343150711937,0.8407546888577893,-1.506614039246352,-4.030343150711937,0.12326821368469076,-18.18297794919431,-0.679001720348603
5945945945.945946,0.10139999581425505,-19.87924125860316,-0.4237057308688679,0.8422171612941832,-1.4915182699647391,-4.063418547767618,0.8422171612941832,-1.4915182699647391,-4.063418547767618,0.1273316261020141,-17.901274293663544,-0.5343039506046205
5951951951.951952,0.11133451638875953,-19.067403460249345,-0.2702352683488182,0.8432017751750269,-1.481369756389892,-4.096072691800937,0.8432017751750269,-1.481369756389892,-4.096072691800937,0.13481533711737154,-17.405213959196818,-0.40797987419572584
5957957957.957958,0.12404113107486833,-18.128685645641283,-0.1539464727188258,0.8437362977093216,-1.4758653410566334,-4.128284621254095,0.8437362977093216,-1.4758653410566334,-4.128284621254095,0.14495074048532258,-16.775591233931575,-0.3037728601485421
5963963963.963964,0.1384956510862214,-17.171277274071485,-0.0692281640867199,0.8438497616029796,-1.4746973593062913,-4.160036640063302,0.8438497616029796,-1.4746973593062913,-4.160036640063302,0.15699505128780394,-16.082280739365878,-0.22119776069659441
5969969969.96997,0.15396464967848314,-16.25157963676379,-0.008995707778304506,0.8435720281170981,-1.4775565880345702,-4.191314228896104,0.8435720281170981,-1.4775565880345702,-4.191314228896104,0.17032733825186486,-15.374312807153434,-0.1575975416781464
5975975975.975976,0.16995108619022167,-15.393521108242483,0.03289896926390146,0.8429333818276009,-1.4841349380603417,-4.222105921012789,0.8429333818276009,-1.4841349380603417,-4.222105921012789,0.18446769793435824,-14.681593439644507,-0.10970543254430484
5981981981.981982,0.18612243783644428,-14.604025354026016,0.06117267054647507,0.8419641629505833,-1.4941278651146408,-4.252403149330085,0.8419641629505833,-1.4941278651146408,-4.252403149330085,0.1990595419071531,-14.020339994021608,-0.07444465678256121
5987987987.9879875,0.20225498877591072,-13.882015147477823,0.07928777663626876,0.8406944410324866,-1.5072364856260063,-4.28220007117104,0.8406944410324866,-1.5072364856260063,-4.28220007117104,0.21384240473392072,-13.398123408561988,-0.04921323058894009
5993993993.993994,0.21819650549107927,-13.223044182019903,0.08975715643054642,0.8391537319263991,-1.523169393406259,-4.311493376871601,0.8391537319263991,-1.523169393406259,-4.311493376871601,0.22862708253840855,-12.817446511157337,-0.031917052349862474
6000000000.0,0.23384233586603634,-12.621537188672399,0.0944106301503362,0.8373707583453285,-1.541644181792856,-4.340282087935195,0.8373707583453285,-1.541644181792856,-4.340282087935195,0.24327622967029136,-12.27800647139193,-0.02090779402142747
6006006006.006006,0.2491201858521071,-12.071821615548446,0.09459378899554258,0.8353732529327329,-1.5623886826791944,-4.368567349833472,0.8353732529327329,-1.5623886826791944,-4.368567349833472,0.25769015742150897,-11.778043383670296,-0.014898438525920267
6012012012.0120125,0.26398030041294307,-11.56856962481336,0.09130846798569586,0.8331878017289278,-1.5851419391664696,-4.396352223890444,0.8331878017289278,-1.5851419391664696,-4.396352223890444,0.27179669431456643,-11.315116592223031,-0.012884570868979966
6018018018.018018,0.27838899624920954,-11.106958697514951,0.08531031821790394,0.83083972512945,-1.6096549323858598,-4.4236414820004155,0.83083972512945,-1.6096549323858598,-4.4236414820004155,0.28554398349889554,-10.886539722469395,-0.014079522740477657
6024024024.024024,0.292324295969836,-10.682701751891166,0.07717654371548313,0.8283529929049277,-1.635691085509865,-4.450441407249562,0.8283529929049277,-1.635691085509865,-4.450441407249562,0.2988953392912523,-10.489617138215522,-0.017863682184677543
6030030030.03003,0.3057729037990276,-10.292020048320198,0.06735326919347032,0.8257501695496746,-1.663026569273972,-4.476759602862837,0.8257501695496746,-1.663026569273972,-4.476759602862837,0.3118255338484101,-10.121766509342924,-0.02374580105388936
6036036036.036036,0.3187280564295226,-9.9315941107438,0.05618903016579121,0.8230523861118682,-1.6914504336582972,-4.502604811300403,0.8230523861118682,-1.6914504336582972,-4.502604811300403,0.324318079176587,-9.780576816378465,-0.03133373285053014
6042042042.042042,0.3311879582802059,-9.598509243753472,0.04395875227176723,0.8202793346946968,-1.7207645899268305,-4.527986744791857,0.8202793346946968,-1.7207645899268305,-4.527986744791857,0.33636320782763574,-9.463830287880429,-0.04031233589402874
6048048048.048048,0.34315461653799023,-9.290203081408894,0.030881148235953077,0.8174492819695475,-1.7507836661744478,-4.552915928129281,0.8174492819695475,-1.7507836661744478,-4.552915928129281,0.3479563501248412,-9.169504666407752,-0.05042673970358374
6054054054.054054,0.3546329563939304,-9.004418148816157,0.01713150556856085,0.8145790982767225,-1.7813347580557368,-4.577403554142685,0.8145790982767225,-1.7813347580557368,-4.577403554142685,0.3590969693893094,-8.895765202020652,-0.0614696053245462
6060060060.0600605,0.365630137388176,-8.739160287103656,0.0028512061469702556,0.8116842991782033,-1.8122570946092704,-4.601461351951599,0.8116842991782033,-1.8122570946092704,-4.601461351951599,0.36978765932581426,-8.640951727037733,-0.07327136130943285
6066066066.066066,0.3761550174449252,-8.492662817046808,-0.011845100850497751,0.808779096646913,-1.8434016371693382,-4.625101467821274,0.808779096646913,-1.8434016371693382,-4.625101467821274,0.3800334364527985,-8.403563824078832,-0.0856926649084957
6072072072.072072,0.3862177277315228,-8.263355912050265,-0.026864032077094695,0.8058764574089555,-1.8746306273718072,-4.648336358244583,0.8058764574089555,-1.8746306273718072,-4.648336358244583,0.3898411799273156,-8.182245743024323,-0.09861853661672787
6078078078.078078,0.3958293323427017,-8.049840523837155,-0.04212925851992733,0.8029881662848093,-1.9058170982888187,-4.671178694714713,0.8029881662848093,-1.9058170982888187,-4.671178694714713,0.39921918443288856,-7.975771938216905,-0.11195376151225168
6084084084.084084,0.40500155407504296,-7.850866206080916,-0.0575782284593504,0.800124892691708,-1.936844360826103,-4.693641279542901,0.800124892691708,-1.936844360826103,-4.693641279542901,0.4081768010115222,-7.783033646440671,-0.12561925658149656
6090090090.09009,0.41374655250154946,-7.6653122382600225,-0.07315959369406966,0.7972962587651298,-1.9676054757265282,-4.715736972002004,0.7972962587651298,-1.9676054757265282,-4.715736972002004,0.41672414717441997,-7.603026670443452,-0.13954918020284687
6096096096.096096,0.42207674398614453,-7.492171527711756,-0.08883117058048312,0.7945109078278262,-1.9980027198704653,-4.737478624034461,0.7945109078278262,-1.9980027198704653,-4.737478624034461,0.4248718722064096,-7.434840391148993,-0.15368861614272716
6102102102.102102,0.4300046557027049,-7.330536844917656,-0.10455831180448415,0.7917765721776483,-2.027947054063155,-4.7588790247466495,0.7917765721776483,-2.027947054063155,-4.7588790247466495,0.43263096687619973,-7.277647956739911,-0.1679917056136018
6108108108.1081085,0.4375428074708257,-7.179589017912374,-0.12031259652884117,0.7891001393799125,-2.057357598156578,-4.779950852914601,0.7891001393799125,-2.057357598156578,-4.779950852914601,0.4400126091719778,-7.130697560487703,-0.18242013132209214
6114114114.114115,0.4447036165051743,-7.038586773654342,-0.1360707694852657,0.7864877164366105,-2.086161118168169,-4.800706636744428,0.7864877164366105,-2.086161118168169,-4.800706636744428,0.447028039466133,-6.993304704989868,-0.19694187998162196
6120120120.12012,0.4514993211378164,-6.906857966868731,-0.15181387631866974,0.7839446913647747,-2.114291529025371,-4.821158720160679,0.7839446913647747,-2.114291529025371,-4.821158720160679,0.4536884598544715,-6.864845348568311,-0.21153022660995252
6126126126.126126,0.4579419203079128,-6.783791980937769,-0.16752655483197126,0.781475791851685,-2.141689415674361,-4.841319234933415,0.781475791851685,-2.141689415674361,-4.841319234933415,0.4600049534392019,-6.744749834206379,-0.22616289660730016
6132132132.132133,0.46404312618443366,-6.6688331219377295,-0.18319645096533985,0.7790851407675817,-2.168301574532309,-4.861200077997681,0.7790851407675817,-2.168301574532309,-4.861200077997681,0.46598842011715447,-6.632497509191717,-0.24082137121383942
6138138138.138138,0.46981432773907966,-6.5614748570372425,-0.1988137352423287,0.7767763084094924,-2.1940805766233784,-4.880812893365144,0.7767763084094924,-2.1940805766233784,-4.880812893365144,0.47164952605610605,-6.5276119526434755,-0.25549030927279565
6144144144.144144,0.47526656344859963,-6.461254773249193,-0.21437070064132693,0.7745523614251252,-2.2189843532063365,-4.900169058074782,0.7745523614251252,-2.2189843532063365,-4.900169058074782,0.4769986645353782,-6.429656737257593,-0.2701570638539489
6150150150.15015,0.4804105016000533,-6.3677501528969795,-0.22986142684249056,0.7724159084258299,-2.242975804263888,-4.91927967167667,0.7724159084258299,-2.242975804263888,-4.91927967167667,0.48204592622308023,-6.338231660323061,-0.2848112766452935
6156156156.156157,0.48525642691435344,-6.280574078917468,-0.2452814988735624,0.7703691423445335,-2.2660224298690164,-4.938155548789088,0.7703691423445335,-2.2660224298690164,-4.938155548789088,0.4868010772838339,-6.252969387068424,-0.29944453640943036
6162162162.162163,0.4898142324040732,-6.1993719969352945,-0.26062777056161684,0.7684138796303496,-2.2880959841602433,-4.956807214313395,0.7684138796303496,-2.2880959841602433,-4.956807214313395,0.49127354397383494,-6.173532456588825,-0.3140500904556475
6168168168.168168,0.49409341554925384,-6.123818672451666,-0.27589816506022563,0.7665515963980404,-2.309172151435471,-4.975244900933098,0.7665515963980404,-2.309172151435471,-4.975244900933098,0.4954724025972023,-6.099610606965928,-0.3286226001709718
6174174174.174174,0.4981030780160885,-6.0536154909386735,-0.2910915061864344,0.7647834616692224,-2.329230243704408,-4.993478548562975,0.7647834616692224,-2.329230243704408,-4.993478548562975,0.4994063738776773,-6.030918381774368,-0.3431579333123947
6180180180.18018,0.5018519282626253,-5.988488056478388,-0.30620737546170845,0.7631103678546394,-2.348252918913036,-5.011517805450481,0.7631103678546394,-2.348252918913036,-5.011517805450481,0.503083820950252,-5.967192985029922,-0.3576529870850507
6186186186.186186,0.5053482864769001,-5.928184051124604,-0.3212459906751875,0.7615329586340699,-2.366225918964331,-5.029372030665522,0.7615329586340699,-2.366225918964331,-5.029372030665522,0.5065127503033564,-5.908192355859043,-0.3721055370917197
6192192192.192192,0.5086000913790097,-5.872471322632226,-0.3362081025277802,0.7600516543936526,-2.383137826599635,-5.047050297745249,0.7600516543936526,-2.383137826599635,-5.047050297745249,0.509700815108518,-5.853693437825664,-0.38651410809343684
6198198198.198198,0.5116149084921177,-5.821136172783897,-0.3510949065125505,0.7586666753803717,-2.398979840170346,-5.064561399288742,0.7586666753803717,-2.398979840170346,-5.064561399288742,0.5126553204639823,-5.80349062101785,-0.4008778632132838
6204204204.204205,0.5143999395499411,-5.773981822404858,-0.3659079676698265,0.7573780627309418,-2.4137455653145636,-5.081913852321506,0.7573780627309418,-2.4137455653145636,-5.081913852321506,0.5153832301546132,-5.757394337735758,-0.41519650877855907
6210210210.210211,0.5169620327619033,-5.730827032414496,-0.3806491562492652,0.7561856975279722,-2.4274308225540544,-5.099115904272658,0.7561856975279722,-2.4274308225540544,-5.099115904272658,0.5178911745946614,-5.7152297949924415,-0.4294702124570465
6216216216.216216,0.5193076937027855,-5.691504863026138,-0.395320592632723,0.7550893180305406,-2.4400334698402886,-5.116175539428039,0.7550893180305406,-2.4400334698402886,-5.116175539428039,0.5201854596744734,-5.676835829092674,-0.44369953272111756
6222222222.222222,0.5214430966327364,-5.655861555555123,-0.4099246001363695,0.7540885352196356,-2.451553239100957,-5.133100485740636,0.7540885352196356,-2.451553239100957,-5.133100485740636,0.5222720762784827,-5.642063869335438,-0.45788535798496216
6228228228.228228,0.5233740960868705,-5.6237555232972145,-0.4244636645285322,0.7531828467916176,-2.4619915858683643,-5.149898221895921,0.7531828467916176,-2.4619915858683643,-5.149898221895921,0.5241567102811132,-5.610776999431765,-0.47202885401821554
6234234234.234234,0.525106238602038,-5.595056439654208,-0.43894039928068423,0.7523716497251858,-2.471351551106269,-5.166575984544198,0.7523716497251858,-2.471351551106269,-5.166575984544198,0.5258447528605785,-5.582849106574384,-0.4861314184534903
6240240240.24024,0.5266447744725762,-5.569644413154176,-0.4533575157190121,0.751654251539542,-2.4796376343903095,-5.183140775624446,0.751654251539542,-2.4796376343903095,-5.183140775624446,0.5273413109988722,-5.558164109266982,-0.5001946413838178
6246246246.246246,0.5279946694474176,-5.547409240280501,-0.4677177973695835,0.7510298803536464,-2.4868556776382134,-5.199599369715594,0.7510298803536464,-2.4868556776382134,-5.199599369715594,0.528651218060241,-5.536615256043537,-0.514220271195426
6252252252.252253,0.5291606162983796,-5.528249728117679,-0.4820240778949966,0.7504976938488152,-2.4930127586280153,-5.215958321360818,0.7504976938488152,-2.4930127586280153,-5.215958321360818,0.5297790443607935,-5.518104488101734,-0.5282101849065511
6258258258.258259,0.5301470462042974,-5.512073079768323,-0.49627922210853576,0.7500567872294969,-2.4981170935849852,-5.23222397231903,0.7500567872294969,-2.4981170935849852,-5.23222397231903,0.5307291076591052,-5.502541859657612,-0.5421663623883548
6264264264.264264,0.5309581399081098,-5.498794336319021,-0.5104861096260261,0.7497062002699377,-2.5021779481601736,-5.248402458705334,0.7497062002699377,-2.5021779481601736,-5.248402458705334,0.531505483512249,-5.48984501051542,-0.5560908639331091
6270270270.27027,0.5315978386146062,-5.48833586984789,-0.524647620778391,0.7494449235276811,-2.5052055561647126,-5.264499717988667,0.7494449235276811,-2.5052055561647126,-5.264499717988667,0.5321120154538971,-5.479938685951752,-0.5699858107099468
6276276276.276276,0.5320698546053519,-5.480626922592508,-0.5387666244606947,0.7492719037984451,-2.507211045464128,-5.280521495820496,0.7492719037984451,-2.507211045464128,-5.280521495820496,0.5325523249615558,-5.472754299543797,-0.5838533677123149
6282282282.282282,0.5323776815547765,-5.475603187943255,-0.5528459676387639,0.7491860488809025,-2.508206370475608,-5.296473352673478,0.7491860488809025,-2.508206370475608,-5.296473352673478,0.532829821188554,-5.468229535043278,-0.5976957288556303
6288288288.288288,0.5325246045375468,-5.473206429407939,-0.5668884662724717,0.7491862317142861,-2.5082042507479367,-5.312360670273082,0.7491862317142861,-2.5082042507479367,-5.312360670273082,0.5329477104437588,-5.4663079838114195,-0.61151510392971
6294294294.294294,0.5325137097224834,-5.473384134115843,-0.580896897447459,0.7492712939465042,-2.50721811513908,-5.328188657808933,0.7492712939465042,-2.50721811513908,-5.328188657808933,0.5329090054079619,-5.46693881469988,-0.6253137071501256
6300300300.300301,0.5323478937525795,-5.476089197800653,-0.594873992534992,0.7494400489856319,-2.5052620511393804,-5.343962357915734,0.7494400489856319,-2.5052620511393804,-5.343962357915734,0.5327165340809301,-5.470076473589084,-0.6390937470862711
6306306306.306307,0.5320298728140461,-5.481279638532621,-0.6088224312231182,0.7496912845831719,-2.5023507589197442,-5.359686652416292,0.7496912845831719,-2.5023507589197442,-5.359686652416292,0.5323729484572768,-5.475680410085925,-0.6528574177728754
6312312312.312313,0.5315621914002107,-5.4889183367607135,-0.6227448362829353,0.7500237649933765,-2.498499509713459,-5.375366267821493,0.7500237649933765,-2.498499509713459,-5.375366267821493,0.5318807329326767,-5.483714829142992,-0.666606890836456
6318318318.318318,0.5309472307782964,-5.49897279948575,-0.6366437689509891,0.7504362327491708,-2.4937241081676356,-5.391005780583997,0.7504362327491708,-2.4937241081676356,-5.391005780583997,0.5312422124447153,-5.494148465593181,-0.6803443084895294
6324324324.324325,0.5301872171689879,-5.51141494661508,-0.6505217248237477,0.7509274100917755,-2.488040858325889,-5.406609622104053,0.7509274100917755,-2.488040858325889,-5.406609622104053,0.5304595603549449,-5.506954379800533,-0.6940717772635857
6330330330.33033,0.5292842296499927,-5.526220917757094,-0.6643811301730127,0.7514960000879946,-2.481466532927625,-5.422182083487239,0.7514960000879946,-2.481466532927625,-5.422182083487239,0.5295348060804359,-5.522109772815577,-0.7077913623677414
6336336336.336336,0.5282402077959294,-5.543370897897658,-0.6782243386019589,0.7521406874662993,-2.474018345731231,-5.437727320055141,0.7521406874662993,-2.474018345731231,-5.437727320055141,0.5284698424845355,-5.539595819590847,-0.721505082573397
6342342342.342342,0.5270569590676463,-5.562848960566518,-0.6920536279709247,0.7528601392002501,-2.4657139265889874,-5.45324935561083,0.7528601392002501,-2.4657139265889874,-5.45324935561083,0.5272664330376552,-5.559397518963099,-0.7352149055368852
6348348348.348349,0.5257361659646113,-5.584642927251386,-0.705871197530138,0.753653004865479,-2.456571299020214,-5.468752086461945,0.753653004865479,-2.456571299020214,-5.468752086461945,0.5259262187595714,-5.5815035592481586,-0.7489227434823007
6354354354.354355,0.524279392954323,-5.60874424195312,-0.7196791652033857,0.7545179167943518,-2.4466088600465867,-5.48423928520479,0.7545179167943518,-2.4466088600465867,-5.48423928520479,0.5244507249554645,-5.605906198416068,-0.762630449175047
6360360360.360361,0.5226880931929158,-5.635147859897353,-0.7334795649724019,0.7554534900505459,-2.4358453620694944,-5.499714604273358,0.7554534900505459,-2.4358453620694944,-5.499714604273358,0.522841367758106,-5.632601157930886,-0.776339812124288
6366366366.366366,0.5209636150511211,-5.6638521495304595,-0.747274344316863,0.7564583222440942,-2.424299896583989,-5.5151815792577965,0.7564583222440942,-2.424299896583989,-5.5151815792577965,0.5210994604889351,-5.6615875294415865,-0.790052554958702
6372372372.372373,0.5191072084596405,-5.694858807030656,-0.7610653616687973,0.7575309932059382,-2.411991879537292,-5.530643631997024,0.7575309932059382,-2.411991879537292,-5.530643631997024,0.5192262198507348,-5.69286769360782,-0.8037703299252822
6378378378.378378,0.5171200310878377,-5.72817278265866,-0.7748543838438223,0.7586700645396871,-2.3989410381523033,-5.546104073450604,0.7586700645396871,-2.3989410381523033,-5.546104073450604,0.5172227719645824,-5.72644725043274,-0.8174947154656186
6384384384.384384,0.5150031543693464,-5.763802218360427,-0.7886430834143981,0.7598740790671112,-2.385167399047609,-5.561566106355269,0.7598740790671112,-2.385167399047609,-5.561566106355269,0.5150901582636087,-5.762334960557325,-0.8312272128278033
6390390390.39039,0.5127575693878237,-5.801758396116387,-0.8024330359925121,0.7611415601828293,-2.370691277496109,-5.57703282767155,0.7611415601828293,-2.370691277496109,-5.57703282767155,0.5128293412558026,-5.800542697048994,-0.8449692426753463
6396396396.396397,0.510384192635704,-5.842055696607654,-0.816225717391018,0.7624710111327497,-2.3555332676735863,-5.592507230826322,0.7624710111327497,-2.3555332676735863,-5.592507230826322,0.5104412101677909,-5.841085407290212,-0.8587221416570789
6402402402.402403,0.5078838716583053,-5.884711567842916,-0.8300225006340972,0.763860914230009,-2.339714233757391,-5.607992207757023,0.763860914230009,-2.339714233757391,-5.607992207757023,0.5079265864811694,-5.883981084641935,-0.872487158903958
6408408408.408409,0.5052573905951744,-5.929746503458418,-0.8438246527881058,0.7653097300214659,-2.3232553017431363,-5.6234905507636,0.7653097300214659,-2.3232553017431363,-5.6234905507636,0.5052862293724466,-5.9292507496249325,-0.8862654524203819
6414414414.414414,0.5025054756299259,-5.977184030471644,-0.8576333315846102,0.7668158964171923,-2.3061778518547333,-5.639004954174258,0.7668158964171923,-2.3061778518547333,-5.639004954174258,0.5025208410672289,-5.976918440425995,-0.9000580853385955
6420420420.420421,0.499628800359357,-6.02705070633271,-0.8714495818071961,0.7683778277949016,-2.2885035114295476,-5.654538015831177,0.7683778277949016,-2.2885035114295476,-5.654538015831177,0.4996310721187409,-6.027011212599724,-0.9138660220053813
6426426426.426426,0.4966279910919019,-6.079376125183323,-0.8852743314135171,0.7699939140907968,-2.270254148166714,-5.67009223840255,0.7699939140907968,-2.270254148166714,-5.67009223840255,0.49661752662016484,-6.079559147900287,-0.9276901238704899
6432432432.432432,0.4935036320849068,-6.134192933296083,-0.8991083873628984,0.7716625198879586,-2.251451863632155,-5.685670030527313,0.7716625198879586,-2.251451863632155,-5.685670030527313,0.4934807673596927,-6.134595372240328,-0.9415311451460016
6438438438.438438,0.4902562707295366,-6.191536853731118,-0.9129524311189435,0.7733819835130744,-2.2321189869190765,-5.701273707799119,0.7733819835130744,-2.2321189869190765,-5.701273707799119,0.4902213209266029,-6.192156082837149,-0.9553897282050898
6444444444.444445,0.486886422691407,-6.251446720312996,-0.926807013794574,0.7751506161520417,-2.212278068367533,-5.7169054935961805,0.7751506161520417,-2.212278068367533,-5.7169054935961805,0.48683968277590683,-6.252280584673332,-0.9692663986876486
6450450450.450451,0.48339457701433747,-6.313964521097755,-0.9406725509050443,0.7769667009947581,-2.1919518732512104,-5.73256751976375,0.7769667009947581,-2.1919518732512104,-5.73256751976375,0.4833363222585357,-6.31501133646443,-0.9831615602785652
6456456456.456457,0.4797812011939301,-6.37913545156909,-0.95454931669171,0.7788284924192234,-2.1711633753437423,-5.74826182715618,0.7788284924192234,-2.1711633753437423,-5.74826182715618,0.4797116876232411,-6.380394006398305,-0.9970754891223845
6462462462.462462,0.47604674622689386,-6.447007977876669,-0.9684374379761351,0.7807342152249261,-2.1499357502808945,-5.763990366045604,0.7807342152249261,-2.1499357502808945,-5.763990366045604,0.47596621099568764,-6.448477537984216,-1.0110083278355901
6468468468.468469,0.4721916516412716,-6.517633910507092,-0.9823368875003182,0.7826820639253285,-2.1282923686389874,-5.779754996404474,0.7826820639253285,-2.1282923686389874,-5.779754996404474,0.47210031333947955,-6.519314226428418,-1.0249600790743107
6474474474.474474,0.4682163505120271,-6.5910684888595314,-0.9962474767043104,0.7846702021091622,-2.1062567886533974,-5.795557488069403,0.7846702021091622,-2.1062567886533974,-5.795557488069403,0.4681144094030541,-6.592959806038303,-1.0389305986117254
6480480480.48048,0.46412127446560236,-6.667370477288216,-1.0101688478872917,0.7866967618801171,-2.0838527485047873,-5.811399520793932,0.7866967618801171,-2.0838527485047873,-5.811399520793932,0.46400891265564254,-6.669473549247634,-1.0529195878745727
6486486486.486486,0.4599068586762903,-6.74660227327006,-1.024100465691847,0.7887598433843739,-2.061104158104405,-5.827282684198015,0.7887598433843739,-2.061104158104405,-5.827282684198015,0.4597842402146795,-6.748918377955069,-1.0669265858829988
6492492492.492493,0.4555735468565694,-6.828830028459111,-1.0380416078442047,0.7908575144353324,-2.0380350903131474,-5.8432084776223245,0.7908575144353324,-2.0380350903131474,-5.8432084776223245,0.455440817766243,-6.831360987976902,-1.080950960531537
6498498498.498499,0.451121796242636,-6.914123783507033,-1.0519913550747675,0.7929878102447198,-2.014669771532989,-5.85917830989566,0.7929878102447198,-2.014669771532989,-5.85917830989566,0.45097908447936613,-6.916871987533094,-1.0949918991416026
6504504504.504505,0.4465520825757586,-7.002557617652649,-1.065948580133591,0.7951487332691136,-1.9910325716130097,-5.875193499023952,0.7951487332691136,-1.9910325716130097,-5.875193499023952,0.44639949791419203,-7.005526050818983,-1.1090483982073644
6510510510.51051,0.4418649050792248,-7.0942098142257475,-1.0799119358044262,0.7973382531807353,-1.967147993015956,-5.891255271809746,0.7973382531807353,-1.967147993015956,-5.891255271809746,0.4417025389232352,-7.097402087859933,-1.1231192522466653
6516516516.516517,0.4370607914299952,-7.189163043364781,-1.0938798418076867,0.7995543069711297,-1.9430406591954539,-5.907364763411132,0.7995543069711297,-1.9430406591954539,-5.907364763411132,0.43688871654422906,-7.1925834320094895,-1.1372030416570453
6522522522.522522,0.43214030272355325,-7.287504563420564,-1.1078504704678451,0.8017947991961002,-1.918735302137994,-5.923523016849474,0.8017947991961002,-1.918735302137994,-5.923523016849474,0.4319585728823077,-7.291158046633738,-1.151298119463177
6528528528.528528,0.4271040384296883,-7.389326442714401,-1.1218217310030858,0.8040576023699725,-1.8942567490279902,-5.939730982475544,0.8040576023699725,-1.8942567490279902,-5.939730982475544,0.42691268797860454,-7.3932187527283055,-1.1654025968263322
6534534534.534534,0.42195264133656457,-7.494725803533323,-1.1357912522746245,0.8063405575168772,-1.869629907999106,-5.955989517403857,0.8063405575168772,-1.869629907999106,-5.955989517403857,0.4217516846616965,-7.4988634794445606,-1.1795143271676134
6540540540.540541,0.41668680247984585,-7.603805090491783,-1.1497563638094053,0.8086414748863638,-1.8448797529394105,-5.972299384925329,0.8086414748863638,-1.8448797529394105,-5.972299384925329,0.41647623337782275,-7.60819553975942,-1.1936308887353897
6546546546.546547,0.4113072660533626,-7.716672365663455,-1.1637140748818935,0.8109581348401703,-1.8200313073231595,-5.9886612539085915,0.8109581348401703,-1.8200313073231595,-5.9886612539085915,0.4110870569952384,-7.721323933818233,-1.2077495654217507
6552552552.552553,0.4058148342975235,-7.833441633199534,-1.1776610514084052,0.8132882889164451,-1.795109627047172,-6.005075698200544,0.8132882889164451,-1.795109627047172,-6.005075698200544,0.4055849355778122,-7.838363682810387,-1.2218673256033301
6558558558.558558,0.4002103723616869,-7.954233196501387,-1.1915935903690265,0.81562966107711,-1.7701397822554088,-6.021543196036901,0.81562966107711,-1.7701397822554088,-6.021543196036901,0.39997071112268223,-7.959436196616555,-1.235980798746735
6564564564.564565,0.39449481313674656,-8.079174051418121,-1.2055075914276083,0.8179799491433917,-1.7451468381410056,-6.038064129473704,0.8179799491433917,-1.7451468381410056,-6.038064129473704,0.3942452922567674,-8.084669678896358,-1.2500862494780796
6570570570.57057,0.38866916205461965,-8.208398319394446,-1.219398525367391,0.8203368264237875,-1.72015583472129,-6.054638783850929,0.8203368264237875,-1.72015583472129,-6.054638783850929,0.3884096588870366,-8.214199573777917,-1.2641795487675185
6576576576.576576,0.3827345018519491,-8.34204772501474,-1.2332613988976069,0.8226979435379302,-1.6951917655874373,-6.071267347299425,0.8226979435379302,-1.6951917655874373,-6.071267347299425,0.382464866799866,-8.34816905887315,-1.2782561418226095
6582582582.582582,0.3766919972962601,-8.480272122984957,-1.2470907153126176,0.8250609304388973,-1.6702795556372867,-6.087949910302511,0.8250609304388973,-1.6702795556372867,-6.087949910302511,0.376412052205427,-8.486729589990475,-1.2923110122164843
6588588588.588589,0.37054289987429023,-8.623230080272394,-1.260880430397559,0.8274233986355665,-1.6454440378063735,-6.104686465323624,0.8274233986355665,-1.6454440378063735,-6.104686465323624,0.37025243622410614,-8.630041503659449,-1.3063386416962208
6594594594.594595,0.3642885524439721,-8.771089519906582,-1.274623902870303,0.829782943615542,-1.6207099288196871,-6.121476906511354,0.829782943615542,-1.6207099288196871,-6.121476906511354,0.3639873293133697,-8.778274684439921,-1.3203329650206588
6600600600.600601,0.3579303938540447,-8.92402843384049,-1.2883138385249042,0.8321371474681045,-1.5961018039934274,-6.138321029493227,0.8321371474681045,-1.5961018039934274,-6.138321029493227,0.3576181356353818,-8.931609304979975,-1.3342873190621196
6606606606.6066065,0.3514699635384209,-9.082235673304172,-1.3019422270926002,0.8344835817054005,-1.5716440711240653,-6.1552185312693455,0.8344835817054005,-1.5716440711240653,-6.1552185312693455,0.35114635736823596,-9.090236647934383,-1.3481943852681977
6612612612.612613,0.34490890609636876,-9.245911826275231,-1.3155002706569614,0.8368198102788994,-1.5473609435089246,-6.1721690102170035,0.8368198102788994,-1.5473609435089246,-6.1721690102170035,0.34457359896686107,-9.254360020188708,-1.3620461244142428
6618618618.618618,0.3382489758746037,-9.415270193065426,-1.3289783022435726,0.8391433927867993,-1.5232764121506697,-6.189171966216952,0.8391433927867993,-1.5232764121506697,-6.189171966216952,0.33790157138377164,-9.42419577138493,-1.3758337023758276
6624624624.624624,0.33149204157359813,-9.590537872614622,-1.3423656929423482,0.8414518878667481,-1.4994142172053317,-6.206226800911849,0.8414518878667481,-1.4994142172053317,-6.206226800911849,0.33113209626495466,-9.599974430553278,-1.38954740540758
6630630630.6306305,0.3246400909081886,-9.771956973925333,-1.3556507456022076,0.8437428567668291,-1.475797818741481,-6.223332818106912,0.8437428567668291,-1.475797818741481,-6.223332818106912,0.3242671101426531,-9.781941976767296,-1.403176543117761
6636636636.636637,0.31769523536214916,-9.95978596920736,-1.3688205727491076,0.8460138670863666,-1.4524503668854396,-6.240489224322402,0.8460138670863666,-1.4524503668854396,-6.240489224322402,0.3173086686547569,-9.970361262214839,-1.4167093369656847
6642642642.642643,0.3106597150883109,-10.154301207779179,-1.3818609559019734,0.8482624966766582,-1.4293946714349697,-6.257695129507065,0.8482624966766582,-1.4293946714349697,-6.257695129507065,0.31025895083048144,-10.165513608980293,-1.4301327916635505
6648648648.648649,0.30353590402064345,-10.35579861264459,-1.3947561828746438,0.8504863376902856,-1.406653171031223,-6.274949547920851,0.8504863376902856,-1.406653171031223,-6.274949547920851,0.30312026349441906,-10.367700604244106,-1.4434325463147346
6654654654.6546545,0.2963263152829452,-10.564595584999065,-1.40748885892737,0.8526830007662585,-1.3842479019852483,-6.292251399194855,0.8526830007662585,-1.3842479019852483,-6.292251399194855,0.2958950458563536,-10.577246122624429,-1.456592701439719
6660660660.660661,0.2890336070018183,-10.781033145776766,-1.4200396867304041,0.8548501193367816,-1.362200466862484,-6.309599509575343,0.8548501193367816,-1.362200466862484,-6.309599509575343,0.2885858743735324,-10.79449860911697,-1.469595617192096
6666666666.666666,0.28166058866017046,-11.005478347813327,-1.4323872089785632,0.8569853540401032,-1.340532002934337,-6.326992613358044,0.8569853540401032,-1.340532002934337,-6.326992613358044,0.2811954679961529,-11.019833661673257,-1.4824216770050376
6672672672.672672,0.2742102281634147,-11.238326997342591,-1.444507506085426,0.8590863972225503,-1.3192631506119294,-6.344429354517977,0.8590863972225503,-1.3192631506119294,-6.344429354517977,0.2737266939370667,-11.25365695904842,-1.495049009571366
6678678678.6786785,0.2666856598360753,-11.48000672943461,-1.4563738396071688,0.8611509775116134,-1.298414021982024,-6.361908288538992,0.8611509775116134,-1.298414021982024,-6.361908288538992,0.26618257414516044,-11.49640758731815,-1.5074531603677117
6684684684.684685,0.2590901936241907,-11.730980488681627,-1.467956229791094,0.8631768644407724,-1.2780041695696351,-6.379427884446252,0.8631768644407724,-1.2780041695696351,-6.379427884446252,0.2585662927105582,-11.74856182762313,-1.519606701778117
6690690690.690691,0.25142732585273925,-11.991750473960714,-1.479220952767756,0.865161873105676,-1.2580525554556454,-6.396986527043692,0.865161873105676,-1.2580525554556454,-6.396986527043692,0.25088120449244244,-12.010637478449024,-1.5314787681118258
6696696696.696697,0.2437007519822749,-12.262862614397545,-1.490129939216705,0.8671038688303635,-1.2385775208804595,-6.414582519357404,0.8671038688303635,-1.2385775208804595,-6.414582519357404,0.2431308453408704,-12.283198798325213,-1.543034498251379
6702702702.702703,0.23591438193228012,-12.544911652534909,-1.5006400515750105,0.8690007718213514,-1.2195967564672907,-6.4322140852845715,0.8690007718213514,-1.2195967564672907,-6.4322140852845715,0.23531894438901332,-12.566862169405473,-1.5542343640487803
6708708708.708709,0.22807235869948347,-12.838546919780484,-1.5107022106762227,0.870850561786789,-1.201127273199446,-6.44987937244646,0.870850561786789,-1.201127273199446,-6.44987937244646,0.22744943902965806,-12.862302599113974,-1.5650333565543988
6714714714.714715,0.2201790812113897,-13.14447889765936,-1.5202603346289543,0.8726512824973371,-1.183185374286611,-6.467576455242582,0.8726512824973371,-1.183185374286611,-6.467576455242582,0.21952649337172714,-13.170261195833215,-1.5753799942226892
6720720720.72072,0.2122392326365996,-13.463486664801472,-1.5292500421184092,0.8744010462651071,-1.1657866280542921,-6.4853033381019145,0.8744010462651071,-1.1657866280542921,-6.4853033381019145,0.21155452121505341,-13.491553775099273,-1.5852151067137585
6726726726.726727,0.20425781575004312,-13.796426331438562,-1.5375970582461804,0.8760980383168315,-1.1489458419889922,-6.5030579589257815,0.8760980383168315,-1.1489458419889922,-6.5030579589257815,0.20353821490809396,-13.827080773926017,-1.5944703338484205
6732732732.732733,0.19624019746052512,-14.144240556125819,-1.545215242273603,0.8777405210374813,-1.1326770380689577,-6.52083819271561,0.8777405210374813,-1.1326770380689577,-6.52083819271561,0.19548258189720405,-14.177838670521725,-1.6030662603433632
6738738738.738739,0.18819216530179664,-14.50796921615854,-1.5520041314835789,0.8793268380607806,-1.1169934295065562,-6.538641855377604,0.8793268380607806,-1.1169934295065562,-6.538641855377604,0.18739299138550497,-14.544933120567833,-1.610910081257833
6744744744.744745,0.18011999964409206,-14.88876125134497,-1.5578458614271278,0.880855418183496,-1.1019073990237365,-6.556466707695111,0.880855418183496,-1.1019073990237365,-6.556466707695111,0.17927523436534792,-14.929594021510436,-1.6178926579241764
6750750750.7507515,0.17203056671123207,-15.287887599687522,-1.562601276734341,0.8823247790810302,-1.0874304787761295,-6.574310459458143,0.8823247790810302,-1.0874304787761295,-6.574310459458143,0.17113560147536447,-15.333192688669488,-1.6238847756310233
6756756756.756757,0.16393143935307128,-15.706754958099541,-1.5661049837977448,0.883733530802685,-1.0735733320346643,-6.592170773738529,0.883733530802685,-1.0735733320346643,-6.592170773738529,0.16298098481751339,-15.757261245731137,-1.628732346886454
6762762762.762763,0.1558310551668912,-16.1469197723419,-1.5681590105692362,0.8850803790260108,-1.0603457367258025,-6.610045271297962,0.8850803790260108,-1.0603457367258025,-6.610045271297962,0.15481901228868286,-16.203514151479418,-1.6322502096109022
6768768768.768768,0.14773892534658112,-16.610101287260058,-1.5685246207522736,0.8863641280508703,-1.0477565709231467,-6.627931535115222,0.8863641280508703,-1.0477565709231467,-6.627931535115222,0.1466582264969973,-16.67387142256771,-1.6342140363995685
6774774774.774775,0.13966591310880913,-17.09819149906288,-1.5669116684205526,0.8875836835152979,-1.035813800373419,-6.645827115017982,0.8875836835152979,-1.035813800373419,-6.645827115017982,0.13850832550523073,-17.17048242190963,-1.6343496822594616
6780780780.780781,0.13162460851744587,-17.613258149970108,-1.5629646606289302,0.8887380548167899,-1.0245244681299912,-6.663729532403673,0.8887380548167899,-1.0245244681299912,-6.663729532403673,0.13038049034536361,-17.69574779926758,-1.6323190303055424
6786786786.786787,0.12362983822346245,-18.15753398107851,-1.5562444055216107,0.889826357224433,-1.0138946863560891,-6.681636285033318,0.889826357224433,-1.0138946863560891,-6.681636285033318,0.12228783584874466,-18.252334814548806,-1.627701015724878
6792792792.792793,0.11569936585933015,-18.733380427628518,-1.546203754168275,0.8908478136691521,-1.0039296303485359,-6.699544851881445,0.8908478136691521,-1.0039296303485359,-6.699544851881445,0.11424603898928266,-18.843176967379865,-1.619965978083396
6798798798.7987995,0.10785486414280035,-19.343205277757875,-1.5321555152343604,0.8918017562013798,-0.9946335348209114,-6.717452698024886,0.8918017562013798,-0.9946335348209114,-6.717452698024886,0.10627422600546281,-19.471440986267478,-1.608440771822992
6804804804.804805,0.10012327654214605,-19.989298930199606,-1.5132302306973129,0.8926876271075539,-0.9860096924728899,-6.735357279552787,0.8926876271075539,-0.9860096924728899,-6.735357279552787,0.09839624118956143,-20.140429832554396,-1.5922611489129441
6810810810.810811,0.09253873828348841,-20.673528523403704,-1.4883214505363762,0.8935049796790546,-0.9780604548598868,-6.753256048479997,0.8935049796790546,-0.9780604548598868,-6.753256048479997,0.09064248382679921,-20.85336404491148,-1.5703069418794229
6816816816.816816,0.08514529490049813,-21.396786920018954,-1.4560172328555339,0.894253478629431,-0.9707872355646908,-6.771146457645851,0.894253478629431,-0.9707872355646908,-6.771146457645851,0.08305259458436602,-21.61293591059205,-1.5411150486562102
6822822822.822823,0.07800073223308263,-22.158026406884083,-1.4145207558587285,0.8949329001580679,-0.9641905156599422,-6.789025965580448,0.8949329001580679,-0.9641905156599422,-6.789025965580448,0.07567940524109787,-22.420445793627447,-1.5027667923926704
6828828828.828829,0.07118187187686378,-22.95261190992427,-1.3615744846874707,0.8955431316607263,-0.9582698514379178,-6.8068920413206815,0.8955431316607263,-0.9582698514379178,-6.8068920413206815,0.06859472155016474,-23.274186050248574,-1.4527543771483284
6834834834.834835,0.06479155683983841,-23.769631690234437,-1.294429918666856,0.8960841710896785,-0.9530238843717116,-6.824742169158558,0.8960841710896785,-0.9530238843717116,-6.824742169158558,0.0618975937013055,-24.166524681167214,-1.3878569559161782
6840840840.840841,0.058966911887440715,-24.58783231483952,-1.2099620221256724,0.8965561259684018,-0.9484503532598905,-6.842573853304825,0.8965561259684018,-0.9484503532598905,-6.842573853304825,0.05572540526030308,-25.078935289014296,-1.3041240008441106
6846846846.846848,0.05388661463579651,-25.37038199190397,-1.105121132501067,0.8969592120679694,-0.9445461084952332,-6.860384622451413,0.8969592120679694,-0.9445461084952332,-6.860384622451413,0.05026644911497958,-25.974435855907142,-1.197208545498766
6852852852.852853,0.049770991063803754,-26.060474225804345,-0.977993931479928,0.8972937517543789,-0.9413071283871133,-6.878172034216889,0.8972937517543789,-0.9413071283871133,-6.878172034216889,0.0457677843629873,-26.788802228718296,-1.0635117256660134
6858858858.858859,0.046863494837006234,-26.583306541912513,-0.8295835378672726,0.8975601720180462,-0.9387285374567826,-6.895933679459965,0.8975601720180462,-0.9387285374567826,-6.895933679459965,0.04252269575591245,-27.42758421749681,-0.9026262803117009
6864864864.864864,0.04538238567369633,-26.86225355479122,-0.6656383450064802,0.897759002198566,-0.9368046266151063,-6.913667186446825,0.897759002198566,-0.9368046266151063,-6.913667186446825,0.04081507821267433,-27.783587338773113,-0.7205685605942059
6870870870.870871,0.04545014877210869,-26.849293817245062,-0.49672591245817854,0.8978908714195522,-0.9355288751236479,-6.931370224859185,0.8978908714195522,-0.9355288751236479,-6.931370224859185,0.040819179835973274,-27.78271451287396,-0.5308962186526238
6876876876.876877,0.04704103969084389,-26.55046176287028,-0.3352033257603378,0.8979565057499619,-0.9348939742318364,-6.949040509630841,0.8979565057499619,-0.9348939742318364,-6.949040509630841,0.04251341861254311,-27.4294794180097,-0.35045089842758614
6882882882.882883,0.049989702119552545,-26.02238902258774,-0.19078485521543143,0.897956725109683,-0.934891852376174,-6.966675804601795,0.897956725109683,-0.934891852376174,-6.966675804601795,0.04568813476577209,-26.803931436157917,-0.1921086552724456
6888888888.888889,0.05405376238681851,-25.343481435890972,-0.06813742665316788,0.897892439938414,-0.935513701821119,-6.984273925979999,0.897892439938414,-0.935513701821119,-6.984273925979999,0.05004009140937555,-26.013638112845282,-0.061099989745276
6894894894.894896,0.05898243467558348,-24.585546092331462,0.03251020887989262,0.8977646476478688,-0.9367500066165271,-7.001832745602075,0.8977646476478688,-0.9367500066165271,-7.001832745602075,0.0552698637725739,-25.150232117046368,0.04346232253481105
6900900900.900901,0.06455755631062916,-23.801058345427045,0.11343194496098072,0.8975744288782095,-0.9385905717422288,-7.0193501939856375,0.8975744288782095,-0.9385905717422288,-7.0193501939856375,0.06113100817009431,-24.274768835685396,0.1253431250310335
6906906906.906907,0.07060612725016584,-23.02315217854754,0.1777556714301431,0.897322943580243,-0.9410245533074642,-7.036824263167027,0.897322943580243,-0.9410245533074642,-7.036824263167027,0.06743814235491663,-23.421888025116008,0.18888243720823952
6912912912.912912,0.07699712055266403,-22.2705103151144,0.22854991769673128,0.8970114269453787,-0.9440404896708132,-7.054253009319525,0.8970114269453787,-0.9440404896708132,-7.054253009319525,0.07405710687199069,-22.60866516360144,0.23796135796340045
6918918918.918919,0.08363309329062647,-21.552436798202102,0.2684630762100287,0.8966411852055999,-0.9476263333453495,-7.071634555148488,0.8966411852055999,-0.9476263333453495,-7.071634555148488,0.0808917768450567,-21.84191249787336,0.2757224939988104
6924924924.924925,0.09044173132518737,-20.87262265104078,0.2996513179860637,0.8962135913257906,-0.9517694835535793,-7.088967092060936,0.8962135913257906,-0.9517694835535793,-7.088967092060936,0.08787289832327916,-21.12290097941797,0.30460565836633696
6930930930.930931,0.09736899224090007,-20.23158649747711,0.3238240133107308,0.8957300806106444,-0.956456819297748,-7.106248882108446,0.8957300806106444,-0.956456819297748,-7.106248882108446,0.0949498992617389,-20.450109833935613,0.32647568344848116
6936936936.936937,0.10437400532191715,-19.628153005785713,0.34232251095917166,0.895192146248108,-0.9616747328128721,-7.123478259703384,0.895192146248108,-0.9616747328128721,-7.123478259703384,0.10208520764624875,-19.82074367011852,0.3427545556973236
6942942942.942944,0.11142541624091766,-19.060314697755437,0.3561979097125852,0.8946013348108867,-0.9674091632723786,-7.140653633109568,0.8946013348108867,-0.9674091632723786,-7.140653633109568,0.109250384221783,-19.231540539762847,0.3545314021180923
6948948948.948949,0.11849880263287962,-18.525720758910524,0.3662767305003851,0.8939592417369405,-0.9736456306197948,-7.157773485709613,0.8939592417369405,-0.9736456306197948,-7.157773485709613,0.11642349511234162,-18.679187340806468,0.3626469990034978
6954954954.954955,0.12557484948235548,-18.02194667452042,0.3732128814857491,0.893267506809189,-0.9803692694039102,-7.17483637705222,0.893267506809189,-0.9803692694039102,-7.17483637705222,0.12358731448059647,-18.160522095269894,0.3677565844220625
6960960960.96096,0.13263805436795695,-17.546637145926915,0.3775275793686755,0.8925278096537962,-0.9875648624996546,-7.191840943683587,0.8925278096537962,-0.9875648624996546,-7.191840943683587,0.13072808111490708,-17.67262227083311,0.37037597324780136
6966966966.966967,0.13967580074027836,-17.097576604319265,0.3796396345834099,0.8917418652754556,-0.9952168746022663,-7.208785899768066,0.8917418652754556,-0.9952168746022663,-7.208785899768066,0.13783462673661348,-17.212833310173778,0.37091535140856596
6972972972.972973,0.1466776876428976,-16.67271890521392,0.3798883442889472,0.89091141964706,-1.003309485388057,-7.225670037503948,0.89091141964706,-1.003309485388057,-7.225670037503948,0.14489775624951629,-16.778766791059393,0.3697041334586081
6978978978.978979,0.1536350393857595,-16.270194478219963,0.3785508229510249,0.8900382453700069,-1.0118266222414591,-7.2424922273410495,0.8900382453700069,-1.0118266222414591,-7.2424922273410495,0.15190980082395458,-16.368284113731594,0.36700936965976205
6984984984.984985,0.16054054265248394,-15.888305467451389,0.3758551793445985,0.8891241374202257,-1.0207519924544544,-7.259251418007387,0.8891241374202257,-1.0207519924544544,-7.259251418007387,0.15886429109175743,-15.979474217540123,0.36304948944953414
6990990990.990992,0.16738797476943076,-15.525514902825124,0.37199059575604027,0.8881709089937675,-1.0300691148114725,-7.275946636352813,0.8881709089937675,-1.0300691148114725,-7.275946636352813,0.1657557149128424,-15.610629781863459,0.3580046555082528
6996996996.996997,0.17417199787813298,-15.18043332922481,0.36711509099727974,0.8871803874645455,-1.0397613504797991,-7.292576987017976,0.8871803874645455,-1.0397613504797991,-7.292576987017976,0.17257933546065593,-15.260224153028808,0.352024636696668
7003003003.003003,0.18088800125537158,-14.851804800051585,0.3613615434837328,0.8861544104655289,-1.0498119331327418,-7.309141651937425,0.8861544104655289,-1.0498119331327418,-7.309141651937425,0.17933105286557852,-14.92689003469289,0.34523484973232477
7009009009.009008,0.18753197917369294,-14.538493257985515,0.35484239944000395,0.8850948221034016,-1.0602039982400595,-7.325639889685937,0.8850948221034016,-1.0602039982400595,-7.325639889685937,0.18600729768721433,-14.609400332511026,0.33774103744103584
7015015015.015015,0.19410043525970505,-14.239469814574202,0.3476533808042901,0.8840034693154212,-1.070920611467343,-7.3420710346775095,0.8840034693154212,-1.070920611467343,-7.3420710346775095,0.1926049479073454,-14.306651205989239,0.32963292288915397
7021021021.021021,0.20059030679860929,-13.953801147706619,0.3398764267840588,0.8828821983759413,-1.0819447961332538,-7.35843449622652,0.8828821983759413,-1.0819447961332538,-7.35843449622652,0.1991212634894418,-14.017647213008189,0.3209870874901106
7027027027.027027,0.20699890419188324,-13.680639071989953,0.33158204409109104,0.8817328515588273,-1.0932595596805732,-7.374729757480825,0.8817328515588273,-1.0932595596805732,-7.374729757480825,0.20555383419008696,-13.741488358498017,0.31186925601883553
7033033033.033033,0.2133238620282101,-13.419211248483958,0.32283119765146195,0.8805572639607897,-1.1048479191239224,-7.390956374236483,0.8805572639607897,-1.1048479191239224,-7.390956374236483,0.211900537462778,-13.477358834937228,0.3023361245696775
7039039039.03904,0.21956309912981342,-13.168812955742712,0.3136768417039028,0.8793572604895005,-1.1166929254437437,-7.407113973643849,0.8793572604895005,-1.1166929254437437,-7.407113973643849,0.21815950411736026,-13.224517244575583,0.2924368334687915
7045045045.045045,0.22571478559165364,-12.928799825042319,0.304165167551024,0.8781346530192563,-1.1287776869025363,-7.423202252814727,0.8781346530192563,-1.1287776869025363,-7.423202252814727,0.22432908999091436,-12.982288108067658,0.28221416226623686
7051051051.051051,0.2317773153113497,-12.698581437957689,0.2943366265746194,0.8768912377158932,-1.1410853912656196,-7.439220977340126,0.8768912377158932,-1.1410853912656196,-7.439220977340126,0.23040785231669672,-12.750054484169164,0.27170550558271955
7057057057.057056,0.23774928286297853,-12.477615687526713,0.2842267738628141,0.8756287925316752,-1.1535993269145048,-7.455169979727931,0.8756287925316752,-1.1535993269145048,-7.455169979727931,0.23639452979421405,-12.527251546312625,0.26094367494607523
7063063063.063063,0.2436294638329588,-12.265403811236087,0.27386696776571956,0.8743490748699481,-1.1663029028466303,-7.471049157769795,0.8743490748699481,-1.1663029028466303,-7.471049157769795,0.24228802559786358,-12.313360982233597,0.2499575615338793
7069069069.069069,0.2494167979352034,-12.061486012747174,0.2632849530601595,0.8730538194185005,-1.1791796675603123,-7.486858472846,0.8730538194185005,-1.1791796675603123,-7.486858472846,0.24808739273680006,-12.107906101412556,0.2387726870250737
7075075075.075075,0.255110374373741,-11.86543759835252,0.2525053495530294,0.8717447361497797,-1.1922133268287898,-7.502597948177023,0.8717447361497797,-1.1922133268287898,-7.502597948177023,0.2537918213105535,-11.910447551597587,0.2274116638975316
7081081081.081081,0.2607094190358806,-11.676865562946222,0.2415500634413938,0.8704235084853917,-1.2053877603716914,-7.518267667030116,0.8704235084853917,-1.2053877603716914,-7.518267667030116,0.2594006273051723,-11.720579560039129,0.21589458201613523
7087087087.087088,0.2662132831873814,-11.495405568432224,0.23043863524772487,0.8690917916216733,-1.218687037436411,-7.533867770888837,0.8690917916216733,-1.218687037436411,-7.533867770888837,0.2649132426510611,-11.537926627446724,0.2042393348917753
7093093093.093094,0.271621433409299,-11.320719264847067,0.21918853541666658,0.8677512110125404,-1.232095431305671,-7.54939845759316,0.8677512110125404,-1.232095431305671,-7.54939845759316,0.27032920632262913,-11.362140613252025,0.19246189630315289
7099099099.099099,0.27693344256920127,-11.152491910998751,0.20781541651564925,0.866403361005305,-1.2455974327510646,-7.564859979457443,0.866403361005305,-1.2455974327510646,-7.564859979457443,0.2756481563054079,-11.19289815976284,0.18057655587309152
7105105105.105105,0.2821489816608772,-10.990430257151157,0.1963333292888084,0.8650498036247147,-1.2591777624553186,-7.580252641373068,0.8650498036247147,-1.2591777624553186,-7.580252641373068,0.2808698222917055,-11.029898410432173,0.16859612054101553
7111111111.111111,0.2872678123791675,-10.834260657274463,0.1847549084702612,0.863692067500091,-1.2728213824287737,-7.595576798902207,0.863692067500091,-1.2728213824287737,-7.595576798902207,0.2859940189936268,-10.872860983938367,0.15653208756908601
7117117117.117117,0.2922897803223071,-10.683727382705504,0.173091533190845,0.8623316469301036,-1.28651350644815,-7.610832856368853,0.8623316469301036,-1.28651350644815,-7.610832856368853,0.29102063998409744,-10.721524171256235,0.1443947936829118
7123123123.123123,0.2972148087343567,-10.538591112805875,0.16135346595332103,0.8609700010794946,-1.3002396095473614,-7.626021264952651,0.8609700010794946,-1.3002396095473614,-7.626021264952651,0.29594965199365475,-10.575643327549209,0.13219354412001946
7129129129.129129,0.3020428927166261,-10.398627581425995,0.14954997345830662,0.8596085533018254,-1.31398543659225,-7.641142520790885,0.8596085533018254,-1.31398543659225,-7.641142520790885,0.30078108960449856,-10.434989434651857,0.11993672469371
7135135135.135136,0.3067740938498537,-10.263626360764572,0.13768943200294415,0.8582486905821851,-1.3277370099723624,-7.656197163093437,0.8582486905821851,-1.3277370099723624,-7.656197163093437,0.30551505029404796,-10.299347813262669,0.1076318994440446
7141141141.141142,0.31140853517921857,-10.133389766607943,0.12577941971871393,0.8568917630936919,-1.3414806364440937,-7.671185772275161,0.8568917630936919,-1.3414806364440937,-7.671185772275161,0.3101516897888933,-10.16851696681455,0.0952858960119576
7147147147.147147,0.31594639652264445,-10.007731870994682,0.11382679754248688,0.8555390838615574,-1.3552029131604162,-7.686108968109782,0.8555390838615574,-1.3552029131604162,-7.686108968109782,0.3146912176970254,-10.042307541414095,0.08290488051864121
7153153153.153153,0.3203879100695119,-9.886477610130694,0.10183778051002886,0.854191928528454,-1.36889073292318,-7.700967407909056,0.854191928528454,-1.36889073292318,-7.700967407909056,0.3191338933916483,-9.920541388314701,0.0704944234422886
7159159159.159159,0.32473335624231536,-9.769461976914268,0.08981800070997761,0.8528515352149667,-1.3825312886941379,-7.715761784730406,0.8528515352149667,-1.3825312886941379,-7.715761784730406,0.3234800221243961,-9.803050717157525,0.05805955774638583
7165165165.165165,0.328983059798183,-9.656529288756428,0.07777256302858016,0.8515191044689264,-1.3961120774014277,-7.730492825616185,0.8515191044689264,-1.3961120774014277,-7.730492825616185,0.32772995134937427,-9.689677329731097,0.045604830317306555
7171171171.171171,0.3331373861507145,-9.54753252252895,0.06570609464358787,0.8501957992975417,-1.409620903077864,-7.745161289867093,0.8501957992975417,-1.409620903077864,-7.745161289867093,0.3318840672422393,-9.580271925305881,0.03313434760660025
7177177177.177177,0.3371967378955007,-9.442332709465253,0.053622789082214836,0.8488827452763202,-1.4230458793675493,-7.75976796735212,0.8488827452763202,-1.4230458793675493,-7.75976796735212,0.33594279140097427,-9.474693469717842,0.020651816238291095
7183183183.183184,0.3411615515250217,-9.340798383701362,0.04152644553837894,0.8475810307289163,-1.436375431436863,-7.774313676857039,0.8475810307289163,-1.436375431436863,-7.774313676857039,0.33990657771681176,-9.372808621344147,0.008160579228929528
7189189189.18919,0.3450322943205399,-9.242805078892802,0.029420504044143307,0.8462917069721957,-1.4495982973253787,-7.788799264473163,0.8462917069721957,-1.4495982973253787,-7.788799264473163,0.3437759094053074,-9.274491207948296,-0.004336351626027285
7195195195.195195,0.3488094614101765,-9.14823486799459,0.01730807700595524,0.8450157886209617,-1.4627035287717987,-7.803225602027795,0.8450157886209617,-1.4627035287717987,-7.803225602027795,0.3475512961888212,-9.17962174909447,-0.01683626672501357
7201201201.201201,0.35249357298363254,-9.056975941859562,0.005191977545026771,0.8437542539469829,-1.475680491549187,-7.817593585557602,0.8437542539469829,-1.475680491549187,-7.817593585557602,0.3512332716226411,-9.08808701945875,-0.029336732584399703
7207207207.207207,0.35608517165507436,-8.96892222280596,-0.006925254978844425,0.8425080452871515,-1.4885188653429777,-7.831904133825793,0.8425080452871515,-1.4885188653429777,-7.831904133825793,0.3548223905577786,-8.999779648910454,-0.04183556836221035
7213213213.213213,0.35958481996657704,-8.883973009738558,-0.01904133193190219,0.8412780694957931,-1.501208643204521,-7.846158186883873,0.8412780694957931,-1.501208643204521,-7.846158186883873,0.35831922673417893,-8.91459775571041,-0.05433082467738719
7219219219.219219,0.3629930980252129,-8.802032651788016,-0.031154194574794427,0.8400651984363847,-1.5137401306116602,-7.8603567046783915,0.8400651984363847,-1.5137401306116602,-7.8603567046783915,0.3617243704986011,-8.832444609588283,-0.06682076446120948
7225225225.225225,0.3663106012675036,-8.723010247765345,-0.04326199518692228,0.8388702695081206,-1.5261039441671786,-7.8745006657030885,0.8388702695081206,-1.5261039441671786,-7.8745006657030885,0.365038426641851,-8.753228321823554,-0.07930384561183863
7231231231.231232,0.36953793834539883,-8.646819369022582,-0.055363079930980524,0.8376940862030132,-1.5382910099645766,-7.888591065696447,0.8376940862030132,-1.5382910099645766,-7.888591065696447,0.3682620123504649,-8.676861559771227,-0.09177870525244522
7237237237.237238,0.37267572912840946,-8.573377803567274,-0.06745597326871725,0.8365374186894128,-1.5502925616497751,-7.902628916384675,0.8365374186894128,-1.5502925616497751,-7.902628916384675,0.37139575526818436,-8.603261283553161,-0.10424414541876623
7243243243.243243,0.37572460281684145,-8.502607319506431,-0.07953936376270415,0.8354010044180675,-1.5621001382060309,-7.916615244269845,0.8354010044180675,-1.5621001382060309,-7.916615244269845,0.37444029166287846,-8.532348502879476,-0.11669912002336556
7249249249.249249,0.3786851961613928,-8.434433446095989,-0.09161209111874011,0.8342855487470484,-1.5737055814883585,-7.930551089462916,0.8342855487470484,-1.5737055814883585,-7.930551089462916,0.37739626469477194,-8.464048052180454,-0.12914272296290608
7255255255.255255,0.38155815178459024,-8.368785270850177,-0.10367313434107282,0.8331917255820953,-1.5851010335324165,-7.944437504561064,0.8331917255820953,-1.5851010335324165,-7.944437504561064,0.3802643227819439,-8.398288382421445,-0.14157417725052862
7261261261.261261,0.38434411659987705,-8.305595251320039,-0.11572160088768199,0.8321201780291326,-1.596278933661871,-7.958275553568845,0.8321201780291326,-1.596278933661871,-7.958275553568845,0.3830451180594072,-8.335001368137153,-0.1539928250695928
7267267267.267267,0.3870437403241843,-8.244799040293726,-0.12775671672587385,0.831071519055934,-1.6072320154168422,-7.972066310862378,0.831071519055934,-1.6072320154168422,-7.972066310862378,0.3857393049279705,-8.274122128376348,-0.16639811865699777
7273273273.273273,0.3896576740801769,-8.186335323291022,-0.1397778171998064,0.8300463321600996,-1.617953303325066,-7.985810860195837,0.8300463321600996,-1.617953303325066,-7.985810860195837,0.38834753868946104,-8.215588860374217,-0.17878961193490592
7279279279.27928,0.3921865690843967,-8.130145667337718,-0.15178433863166083,0.8290451720407143,-1.6284361095361841,-7.999510293749355,0.8290451720407143,-1.6284361095361841,-7.999510293749355,0.39087047426484267,-8.159342684890497,-0.19116695281876753
7285285285.285286,0.39463107541771436,-8.07617438010269,-0.16377581058646382,0.8280685652712461,-1.638674030338446,-8.013165711217393,0.8280685652712461,-1.638674030338446,-8.013165711217393,0.39330876499190476,-8.10532750225498,-0.20352987613758702
7291291291.291291,0.39699184087465345,-8.024368378567836,-0.17575184873850927,0.8271170109714274,-1.6486609425759922,-8.026778218936572,0.8271170109714274,-1.6486609425759922,-8.026778218936572,0.3956630614993659,-8.053489858253311,-0.21587819710928663
7297297297.2972975,0.3992695098882464,-7.974677066480057,-0.1877121482837999,0.8261909814760342,-1.6583909999838629,-8.04034892905193,0.8261909814760342,-1.6583909999838629,-8.04034892905193,0.3979340106542522,-8.003778819070696,-0.22821180532022822
7303303303.303303,0.401464722527215,-7.9270522199043025,-0.1996564778486729,0.8252909229986543,-1.6678586294567312,-8.05387895872046,0.8252909229986543,-1.6678586294567312,-8.05387895872046,0.4001222545795505,-7.956145854584079,-0.24053065916327385
7309309309.309309,0.4035781135623822,-7.881447880259445,-0.2115846738501206,0.8244172562886927,-1.6770585272664116,-8.067369429350824,0.8244172562886927,-1.6770585272664116,-8.067369429350824,0.40222842973922246,-7.910544729359694,-0.252834780693485
7315315315.315315,0.4056103115993406,-7.837820254275057,-0.22349663526766989,0.8235703772800227,-1.685985655242107,-8.080821465878058,0.8235703772800227,-1.685985655242107,-8.080821465878058,0.40425316608777284,-7.866931400771884,-0.2651242508647972
7321321321.3213215,0.40756193827448906,-7.796127620358128,-0.235392318790777,0.822750657729829,-1.6946352369265039,-8.094236196072046,0.822750657729829,-1.6946352369265039,-8.094236196072046,0.4061970862815845,-7.825263923713761,-0.27739920511459737
7327327327.327328,0.4094336075116783,-7.756330240903926,-0.24727173430917515,0.8219584458463365,-1.7030027537198067,-8.10761474987859,0.8219584458463365,-1.7030027537198067,-8.10761474987859,0.4080608049494551,-7.785502361415305,-0.28965982926646067
7333333333.333334,0.411225924836807,-7.7183902801261315,-0.2591349407168324,0.8211940669042495,-1.711083941022908,-8.120958258791827,0.8211940669042495,-1.711083941022908,-8.120958258791827,0.4098449280197123,-7.747608701930586,-0.30190635572416413
7339339339.339339,0.41293948674776476,-7.682271727019495,-0.27098204200281356,0.8204578238468477,-1.7188747843900698,-8.134267855256729,0.8204578238468477,-1.7188747843900698,-8.134267855256729,0.4115500521014926,-7.711546779892053,-0.31413905993267177
7345345345.3453455,0.41457488013731664,-7.647940323099495,-0.28281318360509167,0.8197499978738051,-1.726371515700634,-8.147544672100501,0.8197499978738051,-1.726371515700634,-8.147544672100501,0.41317676391778496,-7.677282203166307,-0.3263582570840013
7351351351.351351,0.41613268176650803,-7.615363494596156,-0.29462854900512636,0.8190708490139068,-1.7335706093584824,-8.160789841991576,0.8190708490139068,-1.7335706093584824,-8.160789841991576,0.41472563978794,-7.644782284077087,-0.3385642990480387
7357357357.357357,0.4176134577863364,-7.584510288805043,-0.3064283565435347,0.818420616681946,-1.7404687785272186,-8.174004496925013,0.818420616681946,-1.7404687785272186,-8.174004496925013,0.41619724515750195,-7.614015974888365,-0.35075757151007675
7363363363.363363,0.41901776330553836,-7.555351314323072,-0.31821285643844127,0.8177995202191798,-1.7470629714082677,-8.187189767733036,0.8177995202191798,-1.7470629714082677,-8.187189767733036,0.41759213417317503,-7.584953807269067,-0.36293849129847444
7369369369.3693695,0.4203461420023589,-7.527858684920937,-0.3299823279900336,0.8172077594168056,-1.753350367568529,-8.200346783619532,0.8172077594168056,-1.753350367568529,-8.200346783619532,0.41891084930097194,-7.55756783548131,-0.3751075038874332
7375375375.375376,0.42159912577838093,-7.502005966821902,-0.3417370769560021,0.8166455150220224,-1.7593283743233346,-8.21347667171725,0.8166455150220224,-1.7593283743233346,-8.21347667171725,0.42015392098557147,-7.531831583057567,-0.38726508106090285
7381381381.381382,0.42277723445245635,-7.4777681291780045,-0.35347743308402996,0.8161129492262991,-1.764994623180098,-8.226580556666578,0.8161129492262991,-1.764994623180098,-8.226580556666578,0.4213218673490276,-7.507719992750957,-0.3994117187251702
7387387387.387387,0.4238809754929657,-7.455121497549704,-0.3652037477884034,0.8156102061355681,-1.770346966347157,-8.23965956021461,0.8156102061355681,-1.770346966347157,-8.23965956021461,0.4224151939270995,-7.485209379559574,-0.4115479348583627
7393393393.3933935,0.4249108437866756,-7.434043710211435,-0.3769163919591216,0.8151374122221059,-1.7753834733120795,-8.252714800833512,0.8151374122221059,-1.7753834733120795,-8.252714800833512,0.42343439344148226,-7.464277386643465,-0.4236742675863463
7399399399.399399,0.42586732144256445,-7.414513677119377,-0.3886157538924373,0.8146946767579564,-1.780102427492759,-8.265747393356856,0.8146946767579564,-1.780102427492759,-8.265747393356856,0.424379945606353,-7.444902943966383,-0.4357912733751482
7405405405.405405,0.42675087762907105,-7.3965115413907245,-0.4003022373329673,0.8142820922297802,-1.7845023229645265,-8.278758448632988,0.8142820922297802,-1.7845023229645265,-8.278758448632988,0.42525231696773347,-7.427066229507861,-0.44789952533096095
7411411411.411411,0.4275619684433001,-7.380018643155676,-0.41197625961802137,0.8138997347350929,-1.7885818612657043,-8.2917490731942,0.8138997347350929,-1.7885818612657043,-8.2917490731942,0.4260519607741662,-7.410748632905148,-0.4599996115993158
7417417417.417418,0.42830103681077886,-7.365017485654651,-0.4236382499154739,0.8135476643598935,-1.7923399482837188,-8.304720368940727,0.8135476643598935,-1.7923399482837188,-8.304720368940727,0.4267793168774338,-7.3959327213926755,-0.47209213385585513
7423423423.423424,0.428968512414501,-7.351491703462033,-0.4352886475472898,0.8132259255377332,-1.7957756912234333,-8.317673432838466,0.8132259255377332,-1.7957756912234333,-8.317673432838466,0.4274348116619344,-7.382602207921103,-0.48417770588146875
7429429429.42943,0.42956481165200544,-7.339426032728246,-0.44692790039114627,0.8129345473903185,-1.7988883956589516,-8.330609356629443,0.8129345473903185,-1.7988883956589516,-8.330609356629443,0.4280188580015808,-7.370741921343829,-0.4962569522153073
7435435435.435435,0.4300903376193084,-7.328806283340537,-0.4585564633532581,0.8126735440497878,-1.8016775626696646,-8.343529226553986,0.8126735440497878,-1.8016775626696646,-8.343529226553986,0.42853185524304205,-7.3603377785702016,-0.5083305068794681
7441441441.441442,0.4305454801206918,-7.319619312908513,-0.4701747969058431,0.8124429149628242,-1.804142886061145,-8.356434123083694,0.8124429149628242,-1.804142886061145,-8.356434123083694,0.42897418921425456,-7.351376758592023,-0.5203990121697765
7447447447.447447,0.4309306157032347,-7.311853002491442,-0.4817833656831704,0.8122426451768229,-1.8062842496708602,-8.369325120664191,0.8122426451768229,-1.8062842496708602,-8.369325120664191,0.4293462322572269,-7.3438468782969455,-0.5324631175071877
7453453453.453453,0.43124610771523836,-7.305496233987183,-0.49338263713039515,0.8120727056083363,-1.8081017247586708,-8.382203287466815,0.8120727056083363,-1.8081017247586708,-8.382203287466815,0.4296483432841681,-7.337737169990589,-0.5445234783450862
7459459459.459459,0.43149230638759994,-7.300538869112123,-0.504973080199831,0.81193305329408,-1.809595567481421,-8.3950696851483,0.81193305329408,-1.809595567481421,-8.3950696851483,0.4298808678561038,-7.333037660554344,-0.5565807551276676
7465465465.465466,0.43166954893738224,-7.296971729904758,-0.516555164089454,0.8118236316247792,-1.8107662164509692,-8.407925368617605,0.8118236316247792,-1.8107662164509692,-8.407925368617605,0.43004413828313726,-7.32973935217329,-0.5686356122952293
7471471471.471472,0.4317781596927838,-7.294786580693122,-0.5281293570189136,0.8117443705621885,-1.8116142903744246,-8.42077138580908,0.8117443705621885,-1.8116142903744246,-8.42077138580908,0.430138473745623,-7.327834204573389,-0.5806887173322466
7477477477.477478,0.431818450238853,-7.293976111469775,-0.5396961250382478,0.8116951868396206,-1.8121405857753181,-8.433608777461092,0.8116951868396206,-1.8121405857753181,-8.433608777461092,0.430164180435552,-7.3273151187129315,-0.5927407398544303
7483483483.483484,0.43179071958330234,-7.294533922623718,-0.5512559308651307,0.8116759841463538,-1.8123460747940443,-8.446438576899428,0.8116759841463538,-1.8123460747940443,-8.446438576899428,0.4301215517175194,-7.32817592187799,-0.6047923507312877
7489489489.48949,0.4316952543418407,-7.296454510983055,-0.5628092327462025,0.8116866532963076,-1.8122319030656886,-8.45926180982456,0.8116866532963076,-1.8122319030656886,-8.45926180982456,0.4300108683086757,-7.3304113541368014,-0.6168442212406198
7495495495.495496,0.4315323289425164,-7.299733257125962,-0.5743564833386352,0.8117270723813877,-1.8117993876732204,-8.472079494102232,0.8117270723813877,-1.8117993876732204,-8.472079494102232,0.4298323984771299,-7.3340170561122005,-0.6288970222520102
7501501501.501501,0.43130220584858076,-7.304366413922294,-0.5858981286078352,0.8117971069099328,-1.8110500151736508,-8.484892639556477,0.8117971069099328,-1.8110500151736508,-8.484892639556477,0.42958639825833334,-7.338989558035315,-0.6409514234361217
7507507507.507507,0.43100513579946687,-7.310351096271229,-0.5974346067376782,0.8118966099307025,-1.8099854396946955,-8.49770224776453,0.8118966099307025,-1.8099854396946955,-8.49770224776453,0.42927311168898674,-7.345326270048412,-0.6530080924970227
7513513513.513514,0.4306413580694704,-7.317685272005134,-0.608966347049447,0.8120254221428713,-1.8086074810991688,-8.510509311852863,0.8120254221428713,-1.8086074810991688,-8.510509311852863,0.4288927710580647,-7.353025473728688,-0.6650676944247634
7519519519.51952,0.430211100743847,-7.326367753931646,-0.620493768925985,0.8121833719925043,-1.806918123214222,-8.523314816293798,0.8121833719925043,-1.806918123214222,-8.523314816293798,0.4284455971746339,-7.362086314807655,-0.6771308907657478
7525525525.525526,0.4297145810119866,-7.336398192991277,-0.6320172807374725,0.8123702757560056,-1.80491951212234,-8.53611973670205,0.8123702757560056,-1.80491951212234,-8.53611973670205,0.4279317996521092,-7.372508797065995,-0.6891983389082895
7531531531.531532,0.4291520054774415,-7.347777072509593,-0.6435372787653947,0.8125859376110578,-1.8026139545107407,-8.548925039630598,0.8125859376110578,-1.8026139545107407,-8.548925039630598,0.42735157720870914,-7.384293777385702,-0.7012706913810269
7537537537.537538,0.4285235704845582,-7.36050570352747,-0.6550541461212455,0.8128301496955708,-1.8000039160757975,-8.561731682365405,0.8128301496955708,-1.8000039160757975,-8.561731682365405,0.4267051179837989,-7.397442961946993,-0.713348595162017
7543543543.543544,0.4278294624615802,-7.374586221194416,-0.6665682516565703,0.8131026921551803,-1.7970920199788694,-8.574540612718364,0.8131026921551803,-1.7970920199788694,-8.574540612718364,0.4259925998699964,-7.411958903557845,-0.7254326909962058
7549549549.549549,0.4270698582800028,-7.390021582215345,-0.6780799488609258,0.8134033331798594,-1.7938810453496934,-8.587352768818025,0.8134033331798594,-1.7938810453496934,-8.587352768818025,0.42521419086075907,-7.427845000111246,-0.7375236127191888
7555555555.555555,0.42624492563012567,-7.406815563341562,-0.6895895747443012,0.8137318290302047,-1.7903739258335114,-8.600169078897611,0.8137318290302047,-1.7903739258335114,-8.600169078897611,0.4243700494133721,-7.445105494165092,-0.7496219865852852
7561561561.561562,0.42535482341266956,-7.424972760901855,-0.7010974487005999,0.8140879240539939,-1.786573748177755,-8.612990461079846,0.8140879240539939,-1.786573748177755,-8.612990461079846,0.4234603248271435,-7.463745473645952,-0.76172843059785
7567567567.567568,0.4243997021463967,-7.444498591371607,-0.7126038713486629,0.8144713506936087,-1.7824837508541505,-8.625817823158183,0.8144713506936087,-1.7824837508541505,-8.625817823158183,0.4224851576367237,-7.483770873679609,-0.7738435538399138
7573573573.573574,0.42337970439169414,-7.465399292980987,-0.7241091233472192,0.8148818294849427,-1.7781073227118718,-8.63865206237405,0.8148818294849427,-1.7781073227118718,-8.63865206237405,0.421444680020454,-7.505188479555407,-0.7859679558032518
7579579579.57958,0.42229496519011966,-7.48768192836584,-0.7356134641801985,0.8153190690484338,-1.7734480016571914,-8.65149406518966,0.8153190690484338,-1.7734480016571914,-8.65149406518966,0.42033901622365794,-7.528005930835244,-0.7981022257139734
7585585585.585586,0.4211456125198479,-7.511354388269714,-0.7471171309085959,0.8157827660728617,-1.7685094733550861,-8.664344707056145,0.8157827660728617,-1.7685094733550861,-8.664344707056145,0.41916828299680675,-7.5522317266216685,-0.8102469418528402
7591591591.591592,0.41993176776710117,-7.536425396305874,-0.7586203368850528,0.8162726052925825,-1.7632955699480124,-8.677204852176576,0.8162726052925825,-1.7632955699480124,-8.677204852176576,0.4179325900485203,-7.577875232002968,-0.8224026708683848
7597597597.597597,0.4186535462135347,-7.562904514794059,-0.7701232704270986,0.816788259458878,-1.7578102687870076,-8.69007535326364,0.816788259458878,-1.7578102687870076,-8.69007535326364,0.41663204051335834,-7.604946685697408,-0.8345699670810748
7603603603.603603,0.41731105753965486,-7.5908021516880675,-0.7816260934449734,0.8173293893061244,-1.7520576911700891,-8.702957051291685,0.8173293893061244,-1.7520576911700891,-8.702957051291685,0.4152667314343569,-7.63345720892307,-0.8467493717766127
7609609609.60961,0.41590440634429654,-7.620129568614955,-0.7931289400195681,0.8178956435134872,-1.7460421010829472,-8.71585077524286,0.8178956435134872,-1.7460421010829472,-8.71585077524286,0.4138367542602818,-7.663418815523702,-0.8589414124865663
7615615615.615616,0.4144336926802282,-7.650898890049502,-0.8046319149259937,0.8184866586628864,-1.7397679039366063,-8.72875734184719,0.8184866586628864,-1.7397679039366063,-8.72875734184719,0.41234219535757255,-7.694844423385597,-0.8711466022544481
7621621621.621622,0.41289901260594924,-7.6831231136515346,-0.8161350920979016,0.8191020591939706,-1.7332396452968832,-8.741677555316329,0.8191020591939706,-1.7332396452968832,-8.741677555316329,0.41078313653694254,-7.727747867185353,-0.8833654388852652
7627627627.627628,0.41130045875374344,-7.7168161217976206,-0.8276385130275313,0.8197414573568752,-1.7264620096001528,-8.754612207070908,0.8197414573568752,-1.7264620096001528,-8.754612207070908,0.40915965559457473,-7.762143912513933,-0.895598404176714
7633633633.633634,0.4096381209140657,-7.7519926943425945,-0.8391421850960742,0.820404453163548,-1.7194398188499482,-8.76756207546126,0.820404453163548,-1.7194398188499482,-8.76756207546126,0.40747182686791034,-7.798048271426432,-0.9078459631298562
7639639639.63964,0.4079120866363218,-7.788668522650951,-0.8506460798286621,0.8210906343384413,-1.7121780312888644,-8.780527925481511,0.8210906343384413,-1.7121780312888644,-8.780527925481511,0.4057197218059354,-7.835477619474437,-0.9201085631373396
7645645645.645645,0.40612244184611906,-7.8268602249423385,-0.8621501310677944,0.8217995762693934,-1.7046817400400616,-8.793510508476905,0.8217995762693934,-1.7046817400400616,-8.793510508476905,0.4039034095539265,-7.8744496142825255,-0.9323866331469016
7651651651.651651,0.40426927147904484,-7.866585363000549,-0.8736542330588725,0.8225308419595396,-1.6969561717126311,-8.806510561844355,0.8225308419595396,-1.6969561717126311,-8.806510561844355,0.4020229575525477,-7.914982915738182,-0.9446805827979726
7657657657.657658,0.40235266013104837,-7.907862460300047,-0.8851582384406449,0.8232839819810988,-1.6890066849651084,-8.819528808726218,0.8232839819810988,-1.6890066849651084,-8.819528808726218,0.400078432151215,-7.957097207870538,-0.956990801528965
7663663663.663664,0.4003726927254415,-7.950711021610641,-0.8966619561332578,0.8240585344319143,-1.6808387690211999,-8.832565957697316,0.8240585344319143,-1.6808387690211999,-8.832565957697316,0.398069899235591,-8.000813222501677,-0.9693176576528204
7669669669.66967,0.39832945519659785,-7.995151554145259,-0.9081651491157658,0.8248540248956349,-1.6724580421318682,-8.845622702445262,0.8248540248956349,-1.6724580421318682,-8.845622702445262,0.39599742486907735,-8.046152764761784,-0.9816614973981143
7675675675.675676,0.3962230351903801,-8.041205590322807,-0.919667532084327,0.8256699664064371,-1.6638702499778306,-8.858699721444193,0.8256699664064371,-1.6638702499778306,-8.858699721444193,0.39386107594811653,-8.093138740569037,-0.9940226439129505
7681681681.681682,0.39405352278128686,-8.088895712225487,-0.9311687689818992,0.8265058594192094,-1.655081264006523,-8.87179767762208,0.8265058594192094,-1.655081264006523,-8.87179767762208,0.39166092087109605,-8.14179518618441,-1.00640139622867
7687687687.687688,0.391821011206353,-8.138245577835873,-0.9426684703889895,0.8273611917861321,-1.646097079697506,-8.884917218021712,0.8273611917861321,-1.646097079697506,-8.884917218021712,0.38939703022063005,-8.192147299961812,-1.0187980281801357
7693693693.693693,0.38952559761581673,-8.189279949147037,-0.9541661907646294,0.828235438740597,-1.6369238147503693,-8.898058973455633,0.828235438740597,-1.6369238147503693,-8.898058973455633,0.3870694774589399,-8.244221476425718,-1.0312127872791272
7699699699.699699,0.38716738384049576,-8.242024722248548,-0.9656614255253941,0.8291280628894248,-1.627567707189146,-8.911223558155239,0.8291280628894248,-1.627567707189146,-8.911223558155239,0.38467833963600817,-8.298045342821082,-1.0436458935371895
7705705705.705706,0.38474647717586935,-8.296506959498739,-0.9771536079495511,0.8300385142143603,-1.6180351133771693,-8.924411569414355,0.8300385142143603,-1.6180351133771693,-8.924411569414355,0.3822236981101725,-8.353647798293123,-1.056097538233833
7711711711.711712,0.382262991182839,-8.352754923903541,-0.9886421058918964,0.8309662300838043,-1.608332505936652,-8.937623587227561,0.8309662300838043,-1.608332505936652,-8.937623587227561,0.3797056392807464,-8.4110590558702,-1.0685678826256877
7717717717.717718,0.37971704650506805,-8.410798115834048,-1.0001262182938706,0.8319106352757936,-1.5984664715668508,-8.950860173923695,0.8319106352757936,-1.5984664715668508,-8.950860173923695,0.3771242553322421,-8.470310687438468,-1.0810570565918864
7723723723.723724,0.37710877170288026,-8.470667312224261,-1.0116051714717902,0.8328711420132011,-1.5884437087552037,-8.964121873794916,0.8328711420132011,-1.5884437087552037,-8.964121873794916,0.37447964498966974,-8.531435671915883,-1.0935651572104135
7729729729.72973,0.3744383041036395,-8.532394608403912,-1.0230781151645583,0.8338471500121707,-1.578271025375545,-8.97740921272176,0.8338471500121707,-1.578271025375545,-8.97740921272176,0.37177191428442163,-8.594468446850815,-1.1060922472596697
7735735735.735736,0.37170579066848297,-8.596013462735492,-1.03454411832034,0.8348380465447705,-1.5679553361678873,-8.9907226977947,0.8348380465447705,-1.5679553361678873,-8.9907226977947,0.36900117733007376,-8.659444963694742,-1.1186383536389364
7741741741.741741,0.3689113888753922,-8.66155874423651,-1.0460021645997513,0.8358432065168776,-1.5575036600941086,-9.00406281693273,0.8358432065168776,-1.5575036600941086,-9.00406281693273,0.36616755710754334,-8.726402747018389,-1.1312034657008936
7747747747.747747,0.36605526761849383,-8.72906678338576,-1.0574511475706325,0.8368619925622772,-1.5469231175642832,-9.01743003849958,0.8368619925622772,-1.5469231175642832,-9.01743003849958,0.363271186258808,-8.795380957970856,-1.1437875334884025
7753753753.753754,0.3631376081234744,-8.798575426329766,-1.0688898655672736,0.837893755153974,-1.5362209275283156,-9.030824810918121,0.837893755153974,-1.5362209275283156,-9.030824810918121,0.36031220788846047,-8.866420462307081,-1.156390465867152
7759759759.75976,0.3601586048791352,-8.870124092721097,-1.0803170161837798,0.8389378327336893,-1.5254044044279034,-9.044247562283713,0.8389378327336893,-1.5254044044279034,-9.044247562283713,0.3572907763723011,-8.939563903340943,-1.169012128544767
7765765765.765766,0.357118466584955,-8.943753837444465,-1.0917311903684512,0.839993551860515,-1.5144809550039218,-9.057698699977095,0.839993551860515,-1.5144809550039218,-9.057698699977095,0.35420705817201614,-9.014855780218834,-1.1816523419659206
7771771771.771772,0.3540174171147122,-9.019507416504883,-1.1031308660821653,0.8410602273796739,-1.5034580749546314,-9.071178610277677,0.8410602273796739,-1.5034580749546314,-9.071178610277677,0.3510612326550374,-9.09234253194487,-1.1943108790718953
7777777777.777778,0.35085569649616843,-9.09742935737805,-1.1145144014800596,0.8421371626123171,-1.492343345440297,-9.08468765797793,0.8421371626123171,-1.492343345440297,-9.08468765797793,0.34785349291858764,-9.172072627632899,-1.2069874629115207
7783783783.783784,0.3476335619069059,-9.177566034148168,-1.1258800275711696,0.8432236495672663,-1.4811444294301421,-9.098226185999795,0.8432236495672663,-1.4811444294301421,-9.098226185999795,0.34458404661679826,-9.254096663509957,-1.2196817640892414
7789789789.789789,0.3443512886864585,-9.259965747787215,-1.1372258403057014,0.8443189691755789,-1.4698690678878077,-9.1117945150139,0.8443189691755789,-1.4698690678878077,-9.1117945150139,0.3412531167898085,-9.338467467247423,-1.232393398033934
7795795795.795795,0.3410091713649773,-9.344678811960089,-1.1485497920340053,0.8454223915487878,-1.4585250757917954,-9.125392943062607,0.8454223915487878,-1.4585250757917954,-9.125392943062607,0.33786094269364064,-9.425240210257138,-1.245121922070543
7801801801.801802,0.3376075247087962,-9.431757644773066,-1.159849682274839,0.8465331762616153,-1.4471203379878492,-9.139021745187744,0.8465331762616153,-1.4471203379878492,-9.139021745187744,0.3344077806296123,-9.514472528655899,-1.2578668322740725
7807807807.807808,0.33414668478332243,-9.521256866921377,-1.1711231477233979,0.8476505726599464,-1.4356628048703504,-9.152681173064114,0.8476505726599464,-1.4356628048703504,-9.152681173064114,0.3308939047719875,-9.606224653676453,-1.2706275600832164
7813813813.813814,0.3306270100339334,-9.613233406729053,-1.1823676514213297,0.8487738201947665,-1.4241604878905378,-9.166371454639728,0.8487738201947665,-1.4241604878905378,-9.166371454639728,0.3273196079925183,-9.70055955238662,-1.2834034686477722
7819819819.81982,0.3270488823856664,-9.707746612619667,-1.1935804710019113,0.8499021487827446,-1.4126214548895217,-9.180092793783917,0.8499021487827446,-1.4126214548895217,-9.180092793783917,0.3236852026804785,-9.79754307967203,-1.296193848880884
7825825825.825826,0.32341270836276165,-9.804858373602665,-1.2047586859127821,0.8510347791940737,-1.4010538252546252,-9.193845369944379,0.8510347791940737,-1.4010538252546252,-9.193845369944379,0.3199910215567505,-9.897244142543304,-1.3089979151833793
7831831831.831832,0.31971892022936355,-9.904633248412097,-1.2158991635071967,0.8521709234681264,-1.3894657648980382,-9.207629337814314,0.8521709234681264,-1.3894657648980382,-9.207629337814314,0.3162374184805064,-9.999734877946736,-1.3218148008029402
7837837837.837837,0.31596797715303465,-10.007138603989622,-1.2269985438806599,0.8533097853573985,-1.3778654810574182,-9.2214448270108,0.8533097853573985,-1.3778654810574182,-9.2214448270108,0.31242476924696594,-10.105090845392187,-1.334643552786197
7843843843.843843,0.31216036639306866,-10.112444764065813,-1.2380532233149864,0.854450560800172,-1.366261216918315,-9.235291941765647,0.854450560800172,-1.366261216918315,-9.235291941765647,0.30855347237471403,-10.213391235862622,-1.3474831264758276
7849849849.84985,0.30829660451607843,-10.220625168658358,-1.2490593361737976,0.8555924384222222,-1.3546612460591598,-9.249170760629895,0.8555924384222222,-1.3546612460591598,-9.249170760629895,0.3046239498810686,-10.324719098640461,-1.3603323794984108
7855855855.855856,0.3043772386418111,-10.331756545378731,-1.2600127350735804,0.8567346000678252,-1.3430738667199995,-9.263081336193231,0.8567346000678252,-1.3430738667199995,-9.263081336193231,0.30063664804394324,-10.439161587881529,-1.3731900651808384
7861861861.861862,0.30040284772281217,-10.445919093514423,-1.2709089691313156,0.8578762213602392,-1.3315073958967019,-9.27702369481958,0.8578762213602392,-1.3315073958967019,-9.27702369481958,0.2965920381487065,-10.556810230987079,-1.3860548253246805
7867867867.867868,0.296374043862184,-10.563196681940042,-1.2817432600633605,0.8590164722917201,-1.3199701632632128,-9.290997836400123,0.8590164722917201,-1.3199701632632128,-9.290997836400123,0.29249061721856223,-10.677761221076128,-1.3989251822572777
7873873873.873875,0.2922914736746386,-10.683677061996896,-1.2925104758797756,0.8601545178430656,-1.3084705049247565,-9.305003734125064,0.8601545178430656,-1.3084705049247565,-9.305003734125064,0.28833290872701517,-10.802115736147837,-1.411799530066612
7879879879.87988,0.28815581969691917,-10.807452096579768,-1.303205101883348,0.8612895186325391,-1.2970167570059818,-9.319041334275365,0.8612895186325391,-1.2970167570059818,-9.319041334275365,0.2841194632910539,-10.929980287852237,-1.4246761249130881
7885885885.885886,0.2839678018548602,-10.934618006770602,-1.3138212086423862,0.8624206315939608,-1.2856172490782614,-9.333110556035821,0.8624206315939608,-1.2856172490782614,-9.333110556035821,0.2798508593437986,-11.061467103163839,-1.437553074294973
7891891891.8918915,0.2797281789957387,-11.065275637465774,-1.3243524165594127,0.8635470106836068,-1.274280297431458,-9.347211291330694,0.8635470106836068,-1.274280297431458,-9.347211291330694,0.2755277037854576,-11.196694542686426,-1.4504283251253447
7897897897.897898,0.2754377504960216,-11.199530743560702,-1.334791856604166,0.8646678076154646,-1.2630141981959364,-9.361343404683227,0.8646678076154646,-1.2630141981959364,-9.361343404683227,0.27115063261160616,-11.335787559816016,-1.4632996504558282
7903903903.903904,0.2710973579566018,-11.337494298368897,-1.3451321267164231,0.8657821726242593,-1.2518272203214587,-9.375506733100273,0.8657821726242593,-1.2518272203214587,-9.375506733100273,0.26672031151799724,-11.478878205565232,-1.4761646346560369
7909909909.90991,0.2667078869996931,-11.47928282607504,-1.3553652433112862,0.8668892552555588,-1.240727598420225,-9.389701085983296,0.8668892552555588,-1.240727598420225,-9.389701085983296,0.26223743648133485,-11.626106184520653,-1.489020656826205
7915915915.915916,0.2622702691840821,-11.625018760142042,-1.3654825872346532,0.8679882051821282,-1.2297235254821468,-9.40392624506698,0.8679882051821282,-1.2297235254821468,-9.40392624506698,0.25770273431574015,-11.777619468179592,-1.5018648721837093
7921921921.921923,0.2577854840585525,-11.774830829703673,-1.3754748434171642,0.8690781730455754,-1.2188231454712064,-9.418181964386614,0.8690781730455754,-1.2188231454712064,-9.418181964386614,0.2531169632049993,-11.933574972815782,-1.514694191119462
7927927927.927928,0.25325456137666097,-11.928854476086206,-1.3853319333589356,0.8701583113222285,-1.2080345458122546,-9.432467970275399,0.8701583113222285,-1.2080345458122546,-9.432467970275399,0.24848091321107652,-12.094139310078964,-1.52750525556796
7933933933.933934,0.24867858350037678,-12.087232301686615,-1.3950429394407708,0.8712277752120098,-1.1973657497787318,-9.446783961392851,0.8712277752120098,-1.1973657497787318,-9.446783961392851,0.24379540675993627,-12.259489619767452,-1.5402944122709663
7939939939.9399395,0.24405868802497208,-12.250114553499373,-1.404596019897683,0.8722857235489916,-1.186824708792082,-9.461129608785274,0.8722857235489916,-1.186824708792082,-9.461129608785274,0.23906129910626847,-12.429814495667175,-1.553057682439074
7945945945.945946,0.23939607066341737,-12.417659643604699,-1.4139783131012127,0.8733313197321522,-1.1764192946446725,-9.475504555979406,0.8733313197321522,-1.1764192946446725,-9.475504555979406,0.23427947877952396,-12.605315017060175,-1.5657907272231926
7951951951.951952,0.2346919884356194,-12.590034708887812,-1.4231758295745487,0.8743637326747412,-1.1661572916585343,-9.489908419110122,0.8743637326747412,-1.1661572916585343,-9.489908419110122,0.22945086801449716,-12.786205900533243,-1.5784888082966295
7957957957.957958,0.2299477632161217,-12.76741621213331,-1.4321733299001098,0.8753821377705308,-1.156046388792988,-9.50434078708311,0.8753821377705308,-1.156046388792988,-9.50434078708311,0.2245764231708469,-12.972716789119135,-1.5911467427126027
7963963963.963964,0.22516478570391857,-12.949990586387335,-1.4409541863664048,0.8763857178751121,-1.1460941717147675,-9.518801221773343,0.8763857178751121,-1.1460941717147675,-9.518801221773343,0.21965713514720117,-13.165093698669514,-1.6037588510360488
7969969969.969971,0.22034451989011344,-13.137954924055109,-1.4495002258288576,0.8773736643002624,-1.136308114845033,-9.533289258260055,0.8773736643002624,-1.136308114845033,-9.533289258260055,0.21469402979715807,-13.363600644782279,-1.6163188975442597
7975975975.975976,0.21548850811355366,-13.33151771154508,-1.4577915508160477,0.8783451778193073,-1.1266955733980482,-9.547804405098908,0.8783451778193073,-1.1266955733980482,-9.547804405098908,0.20968816835640505,-13.568521477721248,-1.6288200210396278
7981981981.981982,0.21059837681215482,-13.530899609282338,-1.465806335383854,0.8792994696812804,-1.1172637754269878,-9.562346144631874,0.8792994696812804,-1.1172637754269878,-9.562346144631874,0.20464064789271544,-13.780161957720294,-1.6412546545044175
7987987987.9879875,0.20567584309880138,-13.736334275485154,-1.4735205915875869,0.8802357626315838,-1.1080198138927375,-9.576913933335323,0.8802357626315838,-1.1080198138927375,-9.576913933335323,0.19955260179342948,-13.998852109073649,-1.6536144314383352
7993993993.993994,0.20072272231653288,-13.948069230059556,-1.4809079016849511,0.8811532919367494,-1.098970638772073,-9.591507202206708,0.8811532919367494,-1.098970638772073,-9.591507202206708,0.19442520030893967,-14.224948898708156,-1.6658900762305495
8000000000.0,0.1957409367592756,-14.166366752098599,-1.4879391102739588,0.8820513064108153,-1.0901230492219294,-9.606125357190058,0.8820513064108153,-1.0901230492219294,-9.606125357190058,0.18925965117529794,-14.458839293857263,-1.678071275301077
8006006006.006006,0.19073252578290037,-14.391504800482613,-1.494581969480124,0.8829290694407397,-1.0814836858169101,-9.620767779640474,0.8829290694407397,-1.0814836858169101,-9.620767779640474,0.18405720034502862,-14.700943764406361,-1.6901465249638623
8012012012.0120125,0.18569965757883236,-14.62377794154911,-1.5008007289963383,0.8837858600082125,-1.073059022877373,-9.635433826827683,0.8837858600082125,-1.073059022877373,-9.635433826827683,0.17881913286277432,-14.95172030899208,-1.7021029509642327
8018018018.018019,0.18064464294084243,-14.863498260189656,-1.506555661205795,0.8846209737051521,-1.064855360905719,-9.650122832478527,0.8846209737051521,-1.064855360905719,-9.650122832478527,0.1735467739320857,-15.211669100700195,-1.7139260933578908
8024024024.024024,0.17556995142797524,-15.11099622027202,-1.5118025097279792,0.8854337237401226,-1.0568788191486753,-9.664834107358226,0.8854337237401226,-1.0568788191486753,-9.664834107358226,0.1682414902321489,-15.481337869115084,-1.725599648733596
8030030030.03003,0.17047823041611052,-15.366621425955353,-1.516491847463612,0.88622344193287,-1.0491353283033937,-9.679566939890114,0.88622344193287,-1.0491353283033937,-9.679566939890114,0.1629046915594796,-15.761328161705372,-1.7371051596094067
8036036036.036036,0.16537232764227563,-15.63074321582771,-1.5205683275081574,0.8869894796941353,-1.0416306233853159,-9.694320596813364,0.8869894796941353,-1.0416306233853159,-9.694320596813364,0.15753783289103454,-16.052302660632098,-1.7484216379742097
8042042042.042042,0.16025531798485274,-15.9037509949155,-1.523969807087252,0.8877312089878997,-1.034370236775566,-9.709094323878192,0.8877312089878997,-1.034370236775566,-9.709094323878192,0.15214241699345937,-16.354993773111474,-1.759525106155899
8048048048.048048,0.15513053539669985,-16.186054172800418,-1.5266263208741995,0.8884480232731915,-1.0273594914656743,-9.723887346577772,0.8884480232731915,-1.0273594914656743,-9.723887346577772,0.1467199977411468,-16.670213767206203,-1.7703880331231048
8054054054.054054,0.1500016111258069,-16.478081525647717,-1.528458875628742,0.8891393384226159,-1.0206034945170603,-9.73869887091616,0.8891393384226159,-1.0206034945170603,-9.73869887091616,0.1412721843569825,-16.998866794090745,-1.7809786374707366
8060060060.0600605,0.1448725196308549,-16.7802797308143,-1.529378033037939,0.8898045936147663,-1.0141071307526217,-9.75352808421113,0.8898045936147663,-1.0141071307526217,-9.75352808421113,0.13580064685978907,-17.341963227477372,-1.7912600189786887
8066066066.066067,0.13974763394044393,-17.093110727908826,-1.5292822420163583,0.8904432521977317,-1.0078750566972392,-9.768374155930982,0.8904432521977317,-1.0078750566972392,-9.768374155930982,0.13030712309927883,-17.700636867919105,-1.8011890677148688
8072072072.072072,0.1346317926317245,-17.417047430156977,-1.5280558757576375,0.8910548025209536,-1.0019116947836977,-9.783236238564069,0.8910548025209536,-1.0019116947836977,-9.783236238564069,0.12479342789482847,-18.076165713611406,-1.8107150816162205
8078078078.078078,0.1295303811356871,-17.752567131715697,-1.5255669230309328,0.8916387587327456,-0.9962212278400255,-9.79811346851973,0.8916387587327456,-0.9962212278400255,-9.79811346851973,0.11926146498665427,-18.469997203224626,-1.8197779979826632
8084084084.084084,0.12444943073334606,-18.100141712715953,-1.5216642785647492,0.8921946615408801,-0.9908075938735597,-9.8130049670592,0.8921946615408801,-0.9908075938735597,-9.8130049670592,0.11371324278406787,-18.88377910850688,-1.8283061077856773
8090090090.09009,0.1193957394096001,-18.460223411187343,-1.5161745756716107,0.892722078933723,-0.9856744811665332,-9.827909841254954,0.892722078933723,-0.9856744811665332,-9.827909841254954,0.10815089529875255,-19.319397620346432,-1.83621306859294
8096096096.096096,0.11437701969289794,-18.833224479933065,-1.50889850871395,0.893220606859504,-0.9808253236972149,-9.84282718497681,0.893220606859504,-0.9808253236972149,-9.84282718497681,0.10257671024898879,-19.77902466723434,-1.843393953524494
8102102102.102102,0.10940207972470234,-19.21948844042159,-1.4996066090304816,0.8936898698614455,-0.9762632968996892,-9.857756079903053,0.8936898698614455,-0.9762632968996892,-9.857756079903053,0.09699316722366029,-20.265177178918385,-1.8497199559918505
8108108108.1081085,0.10448104502865252,-19.61924984390922,-1.4880344745894842,0.8941295216665636,-0.9719913137748759,-9.872695596554728,0.8941295216665636,-0.9719913137748759,-9.872695596554728,0.09140299018432758,-20.780791927924817,-1.855031190118782
8114114114.114115,0.0996256296620456,-20.032578414473676,-1.473877525672605,0.8945392457261517,-0.968012021363933,-9.88764479535106,0.8945392457261517,-0.968012021363933,-9.88764479535106,0.08580922076730818,-21.329320836686346,-1.8591267463976635
8120120120.12012,0.09484946635867433,-20.459302163853238,-1.456785489751941,0.8949187557060521,-0.9643277975947894,-9.902602727684128,0.8949187557060521,-0.9643277975947894,-9.902602727684128,0.08021532235848483,-21.91485333752086,-1.861750715767487
8126126126.126126,0.09016850537149201,-20.898902582166052,-1.4363570443559681,0.8952677959250331,-0.9609407485110272,-9.917568437010493,0.8952677959250331,-0.9609407485110272,-9.917568437010493,0.07462533070254401,-22.54227462560076,-1.8625721680751894
8132132132.132132,0.08560148999424096,-21.35037351705386,-1.4121354195853277,0.8955861417397332,-0.9578527058915881,-9.932540959957702,0.8955861417397332,-0.9578527058915881,-9.932540959957702,0.0690440766204791,-23.21747148331037,-1.8611558563262065
8138138138.138138,0.08117051143248614,-21.812034353146036,-1.3836063525611748,0.8958735998748256,-0.9550652252684892,-9.947519327443434,0.8958735998748256,-0.9550652252684892,-9.947519327443434,0.06347752355619425,-23.94760049368677,-1.856918335017172
8144144144.144144,0.07690163392400041,-22.281288653480168,-1.350200675279119,0.8961300086972539,-0.9525795843485897,-9.96250256580489,0.8961300086972539,-0.9525795843485897,-9.96250256580489,0.05793329366023676,-24.741435600292018,-1.8490605061663388
8150150150.15015,0.07282555839089962,-22.754323534580777,-1.3113050639627517,0.8963552384335711,-0.9503967818443135,-9.977489697936171,0.8963552384335711,-0.9503967818443135,-9.977489697936171,0.052421514220675855,-25.609808768060777,-1.8364609345637182
8156156156.156157,0.06897825355023926,-23.22575611328841,-1.2662860337958775,0.8965491913296277,-0.9485175367169812,-9.992479744431218,0.8965491913296277,-0.9485175367169812,-9.992479744431218,0.04695622964755311,-26.5661356410862,-1.8175018185615766
8162162162.162163,0.06540142118249107,-23.688256285805927,-1.2145337935598315,0.8967118017520626,-0.946942287835097,-10.007471724729978,0.8967118017520626,-0.946942287835097,-10.007471724729978,0.041557855140862694,-27.626937501664575,-1.7897757327533519
8168168168.168168,0.062142575050088564,-24.13221509021657,-1.1555331612300481,0.8968430362312447,-0.9456711940488582,-10.022464658265223,0.8968430362312447,-0.9456711940488582,-10.022464658265223,0.036257638823397685,-28.812009630490344,-1.7495756721698372
8174174174.174174,0.059254412299046974,-24.545586099342202,-1.0889665495106289,0.8969428934455512,-0.9447041346806504,-10.037457565607808,0.8969428934455512,-0.9447041346806504,-10.037457565607808,0.03110617916961822,-30.143066616436293,-1.6909874741586493
8180180180.18018,0.05679308277217583,-24.91409113677002,-1.0148463547940039,0.8970114041470472,-0.9440407104303135,-10.05244946960777,0.8970114041470472,-0.9440407104303135,-10.05244946960777,0.026190440984567086,-31.637143780596745,-1.6042842934641641
8186186186.186186,0.054814999002511994,-25.222011789168633,-0.9336586847851612,0.8970486310288788,-0.9436802446924171,-10.067439396529002,0.8970486310288788,-0.9436802446924171,-10.067439396529002,0.021668573503641566,-33.2833935686094,-1.4733771848451442
8192192192.192192,0.05337209018098826,-25.4537157766829,-0.8464790347590092,0.8970546685348695,-0.9436217852818164,-10.082426377175,0.8970546685348695,-0.9436217852818164,-10.082426377175,0.017837071854239002,-34.97352876368247,-1.2737699431721068
8198198198.198198,0.05250594967808986,-25.59582964008627,-0.7550037116404117,0.897029642612037,-0.9438641065623463,-10.09740944800347,0.897029642612037,-0.9438641065623463,-10.09740944800347,0.0152174878844364,-36.353140706859044,-0.9814258130920034
8204204204.204205,0.052242029860801495,-25.639599138404492,-0.6614470584216514,0.8969737104069416,-0.9444057119724052,-10.112387652227355,0.8969737104069416,-0.9444057119724052,-10.112387652227355,0.014471291642255827,-36.78985407966558,-0.6152287138233088
8210210210.210211,0.05258550727302881,-25.582678644913752,-0.5682968831020138,0.8968870599069706,-0.9452448369400415,-10.127360040900188,0.8968870599069706,-0.9452448369400415,-10.127360040900188,0.01585206825441635,-35.99828132775044,-0.2658798841622161
8216216216.216216,0.053520217252914955,-25.42964264637767,-0.47798526617299086,0.8967699095278605,-0.9463794521789577,-10.142325673983482,0.8967699095278605,-0.9463794521789577,-10.142325673983482,0.018886486081239655,-34.47697674149494,-0.00494027864496329
8222222222.222222,0.055011060627871256,-25.190999633129266,-0.3925771365512965,0.8966225076489366,-0.9478072673558225,-10.157283621394061,0.8966225076489366,-0.9478072673558225,-10.157283621394061,0.02291509433533264,-32.7975670108189,0.16927752781681246
8228228228.228229,0.057009041413336285,-24.881125228820537,-0.3135691672444433,0.8964451320977211,-0.9495257351182451,-10.172232964029323,0.8964451320977211,-0.9495257351182451,-10.172232964029323,0.027493211921568145,-31.215490406238136,0.28360116269983443
8234234234.234234,0.05945734517444584,-24.515889726983858,-0.24183468675179076,0.8962380895857246,-0.9515320554718175,-10.187172794768506,0.8962380895857246,-0.9515320554718175,-10.187172794768506,0.03237809409915049,-29.794974381932704,0.35984122642860894
8240240240.24024,0.06229693590906699,-24.110666274042792,-0.17768925158693982,0.8960017150973917,-0.9538231804936513,-10.202102219448026,0.8960017150973917,-0.9538231804936513,-10.202102219448026,0.0374399012800007,-28.53330610124674,0.41169562017551004
8246246246.246246,0.06547076882268274,-23.67905118263286,-0.12102117980711803,0.8957363712343156,-0.9563958193689952,-10.217020357809215,0.8957363712343156,-0.9563958193689952,-10.217020357809215,0.04260612141331322,-27.410559987412668,0.4474189637659129
8252252252.252253,0.06892640372655262,-23.23228760941639,-0.07143480691988432,0.895442447516951,-0.9592464437368441,-10.231926344416742,0.895442447516951,-0.9592464437368441,-10.231926344416742,0.047833831552098964,-26.405296603640892,0.4720733986417403
8258258258.258259,0.07261725280128406,-22.779203699983,-0.028374298295069007,0.8951203596461916,-0.9623712933295618,-10.246819329546227,0.8951203596461916,-0.9623712933295618,-10.246819329546227,0.05309611264120001,-25.49874548054624,0.48886825548762636
8264264264.264265,0.07650286386773879,-22.326446136489583,0.008784115476461166,0.8947705487272727,-0.9657663818909825,-10.261698480039595,0.8947705487272727,-0.9657663818909825,-10.261698480039595,0.0583751593610542,-24.675438416471405,0.49991155417243816
8270270270.27027,0.0805486226364328,-21.878837630410143,0.04067084760074291,0.8943934804585443,-0.9694275033569353,-10.276562980126847,0.8943934804585443,-0.9694275033569353,-10.276562980126847,0.06365861424399356,-23.922856391503345,0.5066347199674153
8276276276.276277,0.08472516366749452,-21.439751670863064,0.06788641887758205,0.8939896442877534,-0.9733502382814949,-10.291412032213097,0.8939896442877534,-0.9733502382814949,-10.291412032213097,0.0689375213546543,-23.230886713701565,0.5100392298518137
8282282282.282282,0.08900767855216579,-21.01145051676724,0.09098247225221237,0.893559552538522,-0.9775299604919785,-10.306244857629762,0.893559552538522,-0.9775299604919785,-10.306244857629762,0.07420513238641703,-22.591321115439662,0.5108445438273844
8288288288.288288,0.09337522960491147,-20.595366345346484,0.11045418260239288,0.893103739509766,-0.9819618439552847,-10.321060697349038,0.893103739509766,-0.9819618439552847,-10.321060697349038,0.0794561820105697,-21.997446145688322,0.5095797278966487
8294294294.294294,0.0978101230771108,-20.192323892179704,0.12673951063026279,0.8926227605508339,-0.9866408698379172,-10.335858812660756,0.8926227605508339,-0.9866408698379172,-10.335858812660756,0.08468643239247654,-21.443723247709432,0.5066419401086965
8300300300.300301,0.10229736296585971,-19.80271122881384,0.14022222198502818,0.8921171911151672,-0.9915618337418626,-10.350638485811022,0.8921171911151672,-0.9915618337418626,-10.350638485811022,0.08989237791886388,-20.92554262097795,0.5023348106097266
8306306306.306307,0.10682418833249611,-19.42660796676243,0.1512367195735742,0.8915876257952928,-0.9967193530983323,-10.365399020601995,0.8915876257952928,-0.9967193530983323,-10.365399020601995,0.09507104848570953,-20.43903432942731,0.49689426710617157
8312312312.312312,0.11137968810867904,-19.063880051580842,0.1600735195761089,0.891034677341956,-1.0021078747013756,-10.38013974295245,0.891034677341956,-1.0021078747013756,-10.38013974295245,0.1002198752320344,-19.980922845295847,0.4905063108449395
8318318318.318318,0.11595448375050713,-18.714249066357855,0.16698471209556315,0.8904589756701802,-1.0077216823633974,-10.394860001418762,0.8904589756701802,-1.0077216823633974,-10.394860001418762,0.10533659689237486,-19.54841432992518,0.4833195052383095
8324324324.324325,0.12054046932921399,-18.37734243843216,0.17218906499282768,0.8898611668550251,-1.0135549046746282,-10.409559167676132,0.8898611668550251,-1.0135549046746282,-10.409559167676132,0.11041919319927247,-19.139108608939175,0.47545391401396825
8330330330.330331,0.12513059925904177,-18.05272951126794,0.17587661908282512,0.8892419121197574,-1.0196015228488866,-10.42423663695997,0.8892419121197574,-1.0196015228488866,-10.42423663695997,0.11546583668402911,-18.750929862505846,0.4670076068057057
8336336336.336336,0.12971871504418248,-17.739947239448604,0.17821273115384145,0.888601886819107,-1.0258553786381244,-10.438891828467543,0.888601886819107,-1.0258553786381244,-10.438891828467543,0.12047485723087835,-18.382071593770764,0.45806146725995617
8342342342.342342,0.1342994037509971,-17.43851830928044,0.17934157960532848,0.8879417794202258,-1.0323101822984888,-10.453524185719951,0.8879417794202258,-1.0323101822984888,-10.453524185719951,0.12544471562405793,-18.030952573579576,0.448682796577679
8348348348.348349,0.13886788217307905,-17.14796375449419,0.17938917607953297,0.8872622904838784,-1.0389595205911297,-10.468133176884777,0.8872622904838784,-1.0389595205911297,-10.468133176884777,0.1303739835345609,-17.696181290894387,0.4389280490412044
8354354354.354355,0.14341990176990593,-16.86781158575901,0.1784659378955085,0.8865641316483379,-1.0457968648011586,-10.482718295059724,0.8865641316483379,-1.0457968648011586,-10.482718295059724,0.135261328182863,-17.37652704771281,0.42884493315237276
8360360360.36036,0.1479516704016762,-16.597602544215622,0.17666887806185877,0.8858480246183448,-1.0528155787588838,-10.497279058517744,0.8858480246183448,-1.0528155787588838,-10.497279058517744,0.14010550043983822,-17.070896285893692,0.4184740430616385
8366366366.366366,0.15245978765984244,-16.33689378868599,0.17408346671303637,0.8851147001614176,-1.0600089268476836,-10.511815010914216,0.8851147001614176,-1.0600089268476836,-10.511815010914216,0.1449053254845091,-16.77831306545086,0.40785013801774384
8372372372.372373,0.15694119122407008,-16.085261106145698,0.1707852126369106,0.8843648971136895,-1.067370081983557,-10.526325721456795,0.8843648971136895,-1.067370081983557,-10.526325721456795,0.14965969538263485,-16.497902861502684,0.3970031551126042
8378378378.378379,0.1613931121842721,-15.842300074335125,0.16684100762738222,0.8835993613973336,-1.0748921335519892,-10.540810785038689,0.8835993613973336,-1.0748921335519892,-10.540810785038689,0.15436756312165614,-16.22887903301358,0.3859590178409064
8384384384.384384,0.16581303767265135,-15.607626488178347,0.1623102705050462,0.8828188450515435,-1.082568095288236,-10.555269822336165,0.8828188450515435,-1.082568095288236,-10.555269822336165,0.15902793775884527,-15.97053145715455,0.3747402868322641
8390390390.39039,0.17019867947506745,-15.380876276205612,0.15724592219443814,0.8820241052789028,-1.0903909130879241,-10.569702479871195,0.8820241052789028,-1.0903909130879241,-10.569702479871195,0.16363988042661817,-15.722216930341876,0.3633666874929208
8396396396.396397,0.17454794754935907,-15.161705070852062,0.1516952183951792,0.8812159035088707,-1.0983534727354158,-10.58410843004011,0.8812159035088707,-1.0983534727354158,-10.58410843004011,0.1682025010021034,-15.483351019354574,0.3518555408435145
8402402402.402403,0.17885892758429875,-14.949787551023459,0.14570046217296564,0.8803950044799801,-1.1064486075381277,-10.598487371109378,0.8803950044799801,-1.1064486075381277,-10.598487371109378,0.1727149552944262,-15.253401109607733,0.3402221176279915
8408408408.408408,0.18312986189730449,-14.744816642116392,0.13929961519925363,0.8795621753422301,-1.1146691058556442,-10.612839027179461,0.8795621753422301,-1.1146691058556442,-10.612839027179461,0.1771764426374675,-15.031880447249243,0.328479931158535
8414414414.414414,0.18735913310039187,-14.546502634437996,0.1325268233274415,0.8787181847810208,-1.1230077185132368,-10.627163148117916,0.8787181847810208,-1.1230077185132368,-10.627163148117916,0.1815862038015907,-14.818343010620712,0.31664098090577314
8420420420.420421,0.19154525006937947,-14.35457226325369,0.12541286963974596,0.8778638021638617,-1.1314571660900556,-10.641459509462855,0.8778638021638617,-1.1314571660900556,-10.641459509462855,0.1859435191571826,-14.612379077299183,0.3047159562321263
8426426426.426427,0.1956868358358626,-14.16876778077349,0.11798556596464402,0.8769997967109573,-1.1400101460730256,-10.655727912298005,0.8769997967109573,-1.1400101460730256,-10.655727912298005,0.19024770703765018,-14.413611377286744,0.2927144076752389
8432432432.432432,0.19978261708983697,-13.988846040957764,0.11027009208501536,0.87612693669065,-1.1486593398681917,-10.669968183100467,0.87612693669065,-1.1486593398681917,-10.669968183100467,0.19449812226080754,-14.221691742365081,0.28064489165888074
8438438438.438438,0.20383141503597157,-13.814577611170789,0.10228929037503358,0.8752459886405785,-1.1573974196619972,-10.684180173562542,0.8752459886405785,-1.1573974196619972,-10.684180173562542,0.19869415477636776,-14.036298177250941,0.2685150933252076
8444444444.444445,0.2078321373912433,-13.645745919742254,0.09406392237084615,0.8743577166152938,-1.166217055125652,-10.698363760388759,0.8743577166152938,-1.166217055125652,-10.698363760388759,0.2028352284140241,-13.857132290804488,0.2563319312596735
8450450450.450451,0.21178377134817453,-13.48214644490766,0.08561289275289218,0.873462881460955,-1.1751109199565104,-10.712518845069443,0.873462881460955,-1.1751109199565104,-10.712518845069443,0.20692079971198749,-13.683917035779869,0.24410164715626556
8456456456.456456,0.2156853773574466,-13.32358594804069,0.07695344536250899,0.8725622401176057,-1.1840716982511077,-10.726645353632083,0.8725622401176057,-1.1840716982511077,-10.726645353632083,0.21095035680998905,-13.516394713963571,0.2318298828989656
8462462462.462462,0.21953608360820326,-13.169881752264052,0.0681013351617869,0.8716565449494468,-1.1930920907050102,-10.740743236371754,0.8716565449494468,-1.1930920907050102,-10.740743236371754,0.2149234183941003,-13.354325210392917,0.2195217470821066
8468468468.468469,0.2233350811041426,-13.020861066264956,0.059070979449222995,0.8707465431033783,-1.2021648206355775,-10.754812467561873,0.8707465431033783,-1.2021648206355775,-10.754812467561873,0.21883953268337733,-13.19748442598561,0.207181872629261
8474474474.474475,0.22708161925020212,-12.876360352265213,0.04987559114508979,0.8698329758960074,-1.2112826398242165,-10.7688530451466,0.8698329758960074,-1.2112826398242165,-10.7688530451466,0.2226982764504026,-13.045662882577071,0.19481446687937728
8480480480.48048,0.23077500187803762,-12.736224736531412,0.040527296541986696,0.8689165782292192,-1.2204383341752791,-10.782864990416076,0.8689165782292192,-1.2204383341752791,-10.782864990416076,0.22649925406953336,-12.898664478234377,0.18242335527412168
8486486486.486486,0.23441458364994255,-12.600307460444496,0.031037239564616428,0.8679980780342971,-1.229624729189593,-10.796848347665794,0.8679980780342971,-1.229624729189593,-10.796848347665794,0.23024209658798217,-12.756305373948065,0.1700120195891871
8492492492.492493,0.2379997667901791,-12.46846936994438,0.0214156742871968,0.8670781957445092,-1.2388346952509834,-10.810803183841287,0.8670781957445092,-1.2388346952509834,-10.810803183841287,0.23392646081596974,-12.618412995506926,0.15758363149759827
8498498498.498499,0.2415299981005684,-12.34057844106764,0.011672047206880575,0.8661576437959807,-1.2480611527248597,-10.824729588169394,0.8661576437959807,-1.2480611527248597,-10.824729588169394,0.2375520284330641,-12.484825136634052,0.14514108212526075
8504504504.504504,0.24500476622365916,-12.216509339280728,0.0018150705611550413,0.8652371261566021,-1.2572970768683809,-10.838627671777251,0.8652371261566021,-1.2572970768683809,-10.838627671777251,0.24111850510853933,-12.355389151378926,0.13268700815483137
8510510510.51051,0.24842359912236503,-12.096143010343726,-0.008147212202203324,0.864317337882646,-1.266535502552268,-10.852497567300135,0.864317337882646,-1.266535502552268,-10.852497567300135,0.24462561963413476,-12.229961225383422,0.12022381494730511
8516516516.516517,0.2517860617494988,-11.979366300514272,-0.018207367845465897,0.8633989647026917,-1.275769528794877,-10.866339428479353,0.8633989647026917,-1.275769528794877,-10.866339428479353,0.24807312306808146,-12.108405717015762,0.10775369707943831
8522522522.522523,0.2550917538845923,-11.866071603994072,-0.02835852082397364,0.8624826826284056,-1.2849923231094795,-10.880153429751205,0.8624826826284056,-1.2849923231094795,-10.880153429751205,0.2514607878896438,-11.9905945605394,0.09527865663524127
8528528528.528528,0.2583403081185739,-11.756156535633384,-0.03859430611437333,0.8615691575916531,-1.2941971256662592,-10.893939765828149,0.8615691575916531,-1.2941971256662592,-10.893939765828149,0.2547884071636804,-11.876406724487328,0.08280051954022574
8534534534.534534,0.2615313879697591,-11.649523627022099,-0.048908826764774815,0.8606590451073761,-1.3033772532708698,-10.907698651273122,0.8606590451073761,-1.3033772532708698,-10.907698651273122,0.2580557937150054,-11.765727719269814,0.07032095018555927
8540540540.540541,0.26466468611684796,-11.546080044219767,-0.05929661562440526,0.8597529899616162,-1.312526103161768,-10.92143032006804,0.8597529899616162,-1.312526103161768,-10.92143032006804,0.26126277931248854,-11.658449148782646,0.057841464553838824
8546546546.546547,0.2677399227367142,-11.445737325492525,-0.06975260077961878,0.85885162592402,-1.321637156628956,-10.935135025177473,0.85885162592402,-1.321637156628956,-10.935135025177473,0.264409213863007,-11.554468301417849,0.04536344202893652
8552552552.552552,0.27075684393638977,-11.348411137543666,-0.08027207428274265,0.8579555754841282,-1.3307039824570122,-10.948813038108288,0.8579555754841282,-1.3307039824570122,-10.948813038108288,0.2674949646154435,-11.45368777642962,0.03288813604745374
8558558558.558558,0.273715220270164,-11.254021048833618,-0.09085066381166344,0.8570654496107135,-1.3397202401956323,-10.962464648466268,0.8570654496107135,-1.3397202401956323,-10.962464648466268,0.27051991537502307,-11.356015142083555,0.020416683727636584
8564564564.564565,0.2766148453339164,-11.162490318692244,-0.1014843069424256,0.8561818475333994,-1.3486796832612087,-10.976090163510445,0.8561818475333994,-1.3486796832612087,-10.976090163510445,0.27348396572834954,-11.261362622430514,0.007950114594158038
8570570570.570571,0.2794555344298213,-11.073745701027285,-0.11216922775574634,0.8553053565457793,-1.357576161873077,-10.989689907705953,0.8553053565457793,-1.357576161873077,-10.989689907705953,0.27638703027953676,-11.169646809906588,-0.0045106414987853335
8576576576.576576,0.28223712329553785,-10.98771726152394,-0.12290191553135409,0.8544365518292191,-1.366403625828469,-11.003264222276181,0.8544365518292191,-1.366403625828469,-11.003264222276181,0.27922903789784576,-11.080788401274864,-0.016964747156447843
8582582582.582582,0.2849594668927377,-10.904338207318967,-0.13367910531348573,0.8535759962965145,-1.3751561271203148,-11.01681346475493,0.8535759962965145,-1.3751561271203148,-11.01681346475493,0.2820099309772693,-10.994711954698843,-0.0294114508664427
8588588588.588589,0.28762243825045286,-10.823544728214591,-0.14449776015556773,0.8527242404545693,-1.3838278224021576,-11.03033800853917,0.8527242404545693,-1.3838278224021576,-11.03033800853917,0.2847296647085079,-10.911345665977898,-0.04185008098713991
8594594594.594595,0.2902259273593431,-10.745275848570992,-0.15535505487459636,0.8518818222852439,-1.3924129753046426,-11.043838242443108,0.8518818222852439,-1.3924129753046426,-11.043838242443108,0.28738820636375906,-10.830621162187171,-0.05428004024143398
8600600600.600601,0.2927698401134495,-10.669473289086051,-0.16624836116464883,0.8510492671435066,-1.4009059586082864,-11.057314570254118,0.8510492671435066,-1.4009059586082864,-11.057314570254118,0.28998553459475246,-10.75247331114944,-0.06670080066317653
8606606606.606606,0.2952540972964305,-10.596081337734597,-0.1771752339358558,0.8502270876720407,-1.4093012562770997,-11.070767410291065,0.8502270876720407,-1.4093012562770997,-11.070767410291065,0.29252163874444403,-10.676840045330767,-0.07911189894960788
8612612612.612614,0.2976786336096164,-10.525046729198714,-0.18813339875991578,0.8494157837314409,-1.4175934653579092,-11.084197194965538,0.8494157837314409,-1.4175934653579092,-11.084197194965538,0.2949965181727225,-10.60366219889758,-0.09151293217878921
8618618618.618618,0.3000433967395319,-10.456318532174658,-0.19912074031621763,0.848615842345142,-1.4257772977502217,-11.09760437034642,0.848615842345142,-1.4257772977502217,-11.09760437034642,0.2974101815965287,-10.532883356799116,-0.1039035538555793
8624624624.624626,0.3023483464628777,-10.3898480439894,-0.2101352917439963,0.8478277376582214,-1.4338475818515946,-11.110989395728335,0.8478277376582214,-1.4338475818515946,-11.110989395728335,0.2997626464447011,-10.464449714854634,-0.11628347025401851
8630630630.63063,0.3045934537870294,-10.325588692010061,-0.2211752248158739,0.8470519309092459,-1.4417992640832757,-11.124352743204147,0.8470519309092459,-1.4417992640832757,-11.124352743204147,0.30205393822785004,-10.39830994992527,-0.12865243702738677
8636636636.636637,0.30677870012451086,-10.263495941365598,-0.23223884085728894,0.8462888704142996,-1.449627410301348,-11.13769489724213,0.8462888704142996,-1.449627410301348,-11.13769489724213,0.30428408992355255,-10.33441509933991,-0.1410102560605121
8642642642.642643,0.3089040764999222,-10.203527208542697,-0.24332456234379543,0.8455389915623959,-1.4573272070980252,-11.15101635426789,0.8455389915623959,-1.4573272070980252,-11.15101635426789,0.30645314137712115,-10.272718448824678,-0.15335677254156
8648648648.64865,0.31096958278801484,-10.145641780451191,-0.25443092511532783,0.8448027168214421,-1.4648939629982658,-11.164317622251446,0.8448027168214421,-1.4648939629982658,-11.164317622251446,0.30856113871813984,-10.21317542825823,-0.1656918722330071
8654654654.654655,0.3129752269817154,-10.089800738587098,-0.2655565711527192,0.8440804557539684,-1.4723231095565006,-11.17759922029969,0.8440804557539684,-1.4723231095565006,-11.17759922029969,0.3106081337929979,-10.155743514637049,-0.1780154789236025
8660660660.66066,0.31492102448903764,-10.035966887950284,-0.2767002418670243,0.8433726050418376,-1.4796102023583804,-11.190861678254429,0.8433726050418376,-1.4796102023583804,-11.190861678254429,0.3125941836135382,-10.100382141694634,-0.1903275520450376
8666666666.666668,0.31680699745789537,-9.984104690401535,-0.2878607718571684,0.8426795485191707,-1.4867509219323947,-11.204105536296206,0.8426795485191707,-1.4867509219323947,-11.204105536296206,0.3145193498220082,-10.047052615667189,-0.2026280844386251
8672672672.672672,0.3186331741278919,-9.934180202169342,-0.2990370830957485,0.8420016572127504,-1.4937410745760222,-11.217331344553992,0.8420016572127504,-1.4937410745760222,-11.217331344553992,0.31638369817238027,-9.995718036747146,-0.214917100258777
8678678678.678679,0.32039958820833114,-9.886161015236922,-0.31022817950664405,0.8413392893891641,-1.5005765931012678,-11.230539662721041,0.8413392893891641,-1.5005765931012678,-11.230539662721041,0.3181872980281535,-9.946343225805558,-0.22719465300148275
8684684684.684685,0.3221062782815815,-9.840016202365952,-0.32143314190140276,0.8406927906080001,-1.5072535375039746,-11.243731059676739,0.8406927906080001,-1.5072535375039746,-11.243731059676739,0.31993022187667713,-9.898894656003062,-0.23946082364680463
8690690690.690691,0.3237532872312228,-9.795716265526078,-0.3326511232446761,0.8400624937803932,-1.5137680955616575,-11.256906113114775,0.8400624937803932,-1.5137680955616575,-11.256906113114775,0.3216125448600557,-9.853340388941804,-0.2517157189058611
8696696696.696697,0.3253406616942022,-9.75323308752408,-0.3438813442214053,0.8394487192322778,-1.5201165833640717,-11.270065409177512,0.8394487192322778,-1.5201165833640717,-11.270065409177512,0.32323434432264453,-9.809650015042035,-0.26395946956328153
8702702702.702702,0.32686845153646393,-9.712539886637492,-0.3551230890812254,0.838851774771691,-1.5262954457810087,-11.283209542096607,0.838851774771691,-1.5262954457810087,-11.283209542096607,0.3247956993751219,-9.767794597854845,-0.276192228907071
8708708708.70871,0.3283367093514619,-9.673611174075154,-0.3663757017374869,0.8382719557595241,-1.532301256871392,-11.296339113839974,0.8382719557595241,-1.532301256871392,-11.296339113839974,0.3262966904751542,-9.727746622046197,-0.28841417123872753
8714714714.714714,0.32974548998100534,-9.63642271410092,-0.3776385821003436,0.8377095451831216,-1.5381307202378185,-11.309454733764841,0.8377095451831216,-1.5381307202378185,-11.309454733764841,0.327737399024566,-9.689479944812561,-0.30062549045647546
8720720720.720722,0.3310948500579418,-9.600951486668821,-0.38891118262538105,0.8371648137321566,-1.5437806693305496,-11.322557018277173,0.8371648137321566,-1.5437806693305496,-11.322557018277173,0.32911790698304083,-9.652969750505633,-0.31282639870598106
8726726726.726727,0.332384847570217,-9.567175652429723,-0.40019300506020894,0.8366380198762395,-1.5492480677047316,-11.335646590497014,0.8366380198762395,-1.5492480677047316,-11.335646590497014,0.33043829649820455,-9.618192508266766,-0.3250171250923747
8732732732.732733,0.333615541445841,-9.535074519981348,-0.41148359737373796,0.8361294099437364,-1.5545300092345933,-11.348724079930031,0.8361294099437364,-1.5545300092345933,-11.348724079930031,0.3316986495520889,-9.585125932484624,-0.3371979144487712
8738738738.738739,0.3347869911583235,-9.504628515243379,-0.42278255085329963,0.8356392182012928,-1.5596237182882224,-11.361790122144832,0.8356392182012928,-1.5596237182882224,-11.361790122144832,0.33289904762386596,-9.553748945907888,-0.34936902615613824
8744744744.744745,0.33589925635220974,-9.47581915284753,-0.43408949735662206,0.8351676669335937,-1.5645265498663234,-11.374845358456191,0.8351676669335937,-1.5645265498663234,-11.374845358456191,0.3340395713687489,-9.524041645258691,-0.3615307330102956
8750750750.750751,0.3369523964882885,-9.448629009443234,-0.44540410670617014,0.8347149665228983,-1.5692359897083268,-11.387890435613842,0.8347149665228983,-1.5692359897083268,-11.387890435613842,0.3351203003129815,-9.495985269204805,-0.3736833201317226
8756756756.756756,0.33794647050816184,-9.423041698825124,-0.4567260842146957,0.8342813155279284,-1.5737496543689578,-11.400926005496835,0.8342813155279284,-1.5737496543689578,-11.400926005496835,0.3361413125648181,-9.469562168560909,-0.38582708391439413
8762762762.762764,0.33888153651775255,-9.399041848799413,-0.46805516833153366,0.8338669007616965,-1.578065291268336,-11.413952724813194,0.8338669007616965,-1.578065291268336,-11.413952724813194,0.3371026845413612,-9.44475577860119,-0.39796233100997647
8768768768.768768,0.3397576514894969,-9.376615079709282,-0.4793911283998016,0.8334718973678932,-1.582180778718484,-11.426971254804712,0.8334718973678932,-1.582180778718484,-11.426971254804712,0.3380044907111677,-9.42155059337447,-0.41008937734395096
8774774774.774775,0.3405748709828735,-9.355747984548882,-0.49073376251574724,0.8330964688954714,-1.5860941259289736,-11.439982260956764,0.8330964688954714,-1.5860941259289736,-11.439982260956764,0.3388468033525175,-9.399932141922863,-0.42220854716057343
8780780780.78078,0.3413332488829605,-9.33642811060104,-0.5020828954815865,0.8327407673710882,-1.5898034729943136,-11.452986412712766,0.8327407673710882,-1.5898034729943136,-11.452986412712766,0.3396296923272018,-9.379886966314565,-0.43432017209343654
8786786786.786787,0.34203283715676824,-9.318643942538449,-0.5134383768442778,0.8324049333690894,-1.5933070908655014,-11.46598438319327,0.8324049333690894,-1.5933070908655014,-11.46598438319327,0.3403532248697566,-9.361402601407722,-0.44642459025896475
8792792792.792793,0.34267368562708084,-9.302384886934336,-0.5248000790127075,0.8320890960787353,-1.5966033813081124,-11.47897684891931,0.8320890960787353,-1.5966033813081124,-11.47897684891931,0.3410174653920257,-9.344467556270887,-0.458522145369909
8798798798.798798,0.343255841763533,-9.287641258134226,-0.5361678954465515,0.8317933733684038,-1.5996908768489582,-11.491964489539834,0.8317933733684038,-1.5996908768489582,-11.491964489539834,0.34162247530290585,-9.329071297193448,-0.4706131858663389
8804804804.804806,0.3437793504907268,-9.274404265443652,-0.5475417389103089,0.8315178718465068,-1.6025682407134587,-11.504947987562971,0.8315178718465068,-1.6025682407134587,-11.504947987562971,0.3421683128432388,-9.315204232223135,-0.4826980640614747
8810810810.81081,0.34424425401312825,-9.262666001593201,-0.5589215397863978,0.8312626869189,-1.6052342667554487,-11.517928028090832,0.8312626869189,-1.6052342667554487,-11.517928028090832,0.34265503293569943,-9.302857697176904,-0.4947771352999489
8816816816.816818,0.3446505916565919,-9.252419432444345,-0.5703072444416765,0.8310279028425628,-1.607687879381258,-11.530905298557744,0.8310279028425628,-1.607687879381258,-11.530905298557744,0.34308268704961614,-9.292023943075147,-0.5068507571262084
8822822822.822823,0.34499839972627955,-9.243658387906006,-0.5816988136416852,0.8308135927753699,-1.609928133469498,-11.54388048847138,0.8308135927753699,-1.609928133469498,-11.54388048847138,0.34345132308061044,-9.28269612495599,-0.5189192884604704
8828828828.828829,0.34528771138082975,-9.236377554033977,-0.593096221007646,0.830619818821772,-1.611954214288104,-11.556854289156822,0.830619818821772,-1.611954214288104,-11.556854289156822,0.34376098524501386,-9.274868292029977,-0.5309830887802705
8834834834.834835,0.34551855652261854,-9.230572466289823,-0.6044994515110325,0.830446632074248,-1.613765437409743,-11.569827393503052,0.830446632074248,-1.613765437409743,-11.569827393503052,0.34401171398896285,-9.268535379141948,-0.5430425173050221
8840840840.840841,0.3456909617039532,-9.226239503939999,-0.615908500001022,0.8302940726503842,-1.6153612486268518,-11.582800495711687,0.8302940726503842,-1.6153612486268518,-11.582800495711687,0.3442035459120964,-9.26369319951115,-0.5550979321815755
8846846846.846848,0.3458049500491017,-9.22337588557834,-0.6273233697601621,0.8301621697254785,-1.6167412238671985,-11.595774291047709,0.8301621697254785,-1.6167412238671985,-11.595774291047709,0.3443365137058522,-9.260338438723585,-0.5671496896684619
8852852852.852852,0.3458605411920141,-9.221979665760104,-0.6387440710837348,0.830050941560576,-1.6179050691107586,-11.60874947559179,0.830050941560576,-1.6179050691107586,-11.60874947559179,0.3444106461062488,-9.258468649957816,-0.5791981433165245
8858858858.85886,0.34585775122967266,-9.222049732737537,-0.6501706198785632,0.8299603955258527,-1.6188526203087303,-11.621726745994085,0.8299603955258527,-1.6188526203087303,-11.621726745994085,0.3444259678611675,-9.258082250426753,-0.5912436431438363
8864864864.864864,0.34579659269095486,-9.223585807292064,-0.6616030362767619,0.8298905281193142,-1.6195838433049699,-11.634706799228997,0.8298905281193142,-1.6195838433049699,-11.634706799228997,0.3443824997120871,-9.259178519023784,-0.6032865348024093
8870870870.87087,0.3456770745209828,-9.22658844265964,-0.6730413432605656,0.8298413249807466,-1.6200988337605324,-11.647690332350876,0.8298413249807466,-1.6200988337605324,-11.647690332350876,0.34428025839023924,-9.261757595165472,-0.6153271587346545
8876876876.876877,0.34549920208086654,-9.231059025551188,-0.6844855652936442,0.8298127609009261,-1.6203978170812958,-11.660678042250085,0.8298127609009261,-1.6203978170812958,-11.660678042250085,0.34411925662720927,-9.265820478825912,-0.6273658493169595
8882882882.882883,0.3452629771628337,-9.236999778271688,-0.6959357269552471,0.8298047998260774,-1.6204811483489006,-11.673670625409393,0.8298047998260774,-1.6204811483489006,-11.673670625409393,0.34389950317995777,-9.271369031763202,-0.6394029339881473
8888888888.88889,0.3449683980207202,-9.24441376194562,-0.7073918515726261,0.8298173948575989,-1.6203493122549557,-11.686668777660199,0.8298173948575989,-1.6203493122549557,-11.686668777660199,0.3436210028702902,-9.27840597994137,-0.6514387323602165
8894894894.894894,0.34461545941579813,-9.25330488086027,-0.7188539598479212,0.8298504882471063,-1.6200029230382031,-11.699673193938455,0.8298504882471063,-1.6200029230382031,-11.699673193938455,0.3432837566387773,-9.28693491715599,-0.6634735553088646
8900900900.900902,0.3442041526779611,-9.263677887941137,-0.730322068475086,0.8299040113868367,-1.6194427244244385,-11.712684568039876,0.8299040113868367,-1.6194427244244385,-11.712684568039876,0.3428877616132067,-9.296960309873967,-0.6755077040410443
8906906906.906906,0.34373446578229633,-9.275538391377385,-0.7417961887427639,0.8299778847954995,-1.6186695895686003,-11.725703592374217,0.8299778847954995,-1.6186695895686003,-11.725703592374217,0.3424330111915458,-9.308487503304784,-0.6875414691367656
8912912912.912914,0.34320638344104537,-9.288892862420031,-0.7532763251187795,0.8300720180996652,-1.6176845209984323,-11.738730957718342,0.8300720180996652,-1.6176845209984323,-11.738730957718342,0.34191949513952835,-9.321522728721714,-0.6995751295623137
8918918918.918919,0.3426198872110517,-9.303748644377315,-0.764762473811619,0.8301863100108055,-1.6164886505589382,-11.751767352967699,0.8301863100108055,-1.6164886505589382,-11.751767352967699,0.34134719970289024,-9.336073112058052,-0.7116089516516295
8924924924.924925,0.3419749556167173,-9.320113962837853,-0.77625462130465,0.830320648298117,-1.6150832393567003,-11.764813464886096,0.830320648298117,-1.6150832393567003,-11.764813464886096,0.3407161077343507,-9.352146683806419,-0.7236431880529054
8930930930.930931,0.34127156428854044,-9.337997937155501,-0.7877527428580566,0.830474909757281,-1.6134696777029984,-11.777869977853324,0.830474909757281,-1.6134696777029984,-11.777869977853324,0.34002619883542706,-9.369752390254177,-0.7356780766366726
8936936936.936937,0.340509686117386,-9.357410593232407,-0.7992568009736754,0.8306489601753249,-1.6116494850545335,-11.790937573610474,0.8306489601753249,-1.6116494850545335,-11.790937573610474,0.3392774495131488,-9.388900106093615,-0.747713839362001
8942942942.942944,0.3396892914244983,-9.378362877645309,-0.8107667438176692,0.8308426542917816,-1.609624309950358,-11.804016931002607,0.8308426542917816,-1.609624309950358,-11.804016931002607,0.3384698333518105,-9.409600648448917,-0.7597506810968783
8948948948.948948,0.33881034814744376,-9.400866673160696,-0.822282503595531,0.8310558357563502,-1.607395929943554,-11.81710872571863,0.8310558357563502,-1.607395929943554,-11.81710872571863,0.337603321199859,-9.431865792368571,-0.771788788388717
8954954954.954956,0.3378728220420821,-9.42493481569221,-0.8338039948738031,0.8312883370832872,-1.6049662515260015,-11.830213630027961,0.8312883370832872,-1.6049662515260015,-11.830213630027961,0.336677881372034,-9.455708287837112,-0.7838283281806222
8960960960.96096,0.3368766769007039,-9.450581112758279,-0.8453311128424669,0.8315399796027758,-1.6023373100444604,-11.843332312513851,0.8315399796027758,-1.6023373100444604,-11.843332312513851,0.3356934798669088,-9.481141878365463,-0.795869446468676
8966966966.966967,0.3358218747864876,-9.477820363503852,-0.8568637315117863,0.831810573409546,-1.5995112696059886,-11.85646543780318,0.831810573409546,-1.5995112696059886,-11.85646543780318,0.33465008059994555,-9.50818132122651,-0.8079122668954429
8972972972.972973,0.3347083762844549,-9.506668380355753,-0.8684017018365756,0.8320999173090244,-1.5964904229707058,-11.86961366629227,0.8320999173090244,-1.5964904229707058,-11.86961366629227,0.33354764565223416,-9.536842409408099,-0.8199568892740631
8978978978.97898,0.3335361407690564,-9.537142012389387,-0.8799448497609844,0.8324077987613312,-1.5932771914296049,-11.882777653868771,0.8324077987613312,-1.5932771914296049,-11.882777653868771,0.33238613553507584,-9.567141995363137,-0.8320033880373349
8984984984.984985,0.3323051266886437,-9.569259170488763,-0.8914929741757943,0.8327339938234465,-1.5898741246651102,-11.895958051629217,0.8327339938234465,-1.5898741246651102,-11.895958051629217,0.33116550947052636,-9.599098016645746,-0.8440518106054238
8990990990.99099,0.3310152918669456,-9.603038854393212,-0.9030458447801144,0.8330782670899004,-1.5862839005918525,-11.909155505592105,0.8330782670899004,-1.5862839005918525,-11.909155505592105,0.32988572568812036,-9.632729523527964,-0.8561021756655328
8996996996.996998,0.3296665938218257,-9.638501181728687,-0.9146031998384402,0.8334403716323527,-1.582509325175053,-11.922370656406397,0.8334403716323527,-1.582509325175053,-11.922370656406397,0.32854674173793436,-9.668056708702451,-0.8681544713561336
9003003003.003002,0.3282589901014958,-9.675667419133335,-0.9261647438234883,0.8338200489384573,-1.5785533322237177,-11.935604139055071,0.8338200489384573,-1.5785533322237177,-11.935604139055071,0.327148514820142,-9.705100939186497,-0.880208653347832
9009009009.00901,0.3267924386384375,-9.714560015594959,-0.937730144934398,0.8342170288504218,-1.574418983155741,-11.948856582553798,0.8342170288504218,-1.574418983155741,-11.948856582553798,0.32569100213129515,-9.74388479055125,-0.8922646428123313
9015015015.015015,0.32526689812128096,-9.755202638128843,-0.9492990324788987,0.8346310295036985,-1.5701094667318651,-11.962128609644374,0.8346310295036985,-1.5701094667318651,-11.962128609644374,0.32417416122749615,-9.784432083613378,-0.9043223242699079
9021021021.02102,0.3236823283848868,-9.797620209936056,-0.960870994107385,0.8350617572662573,-1.565628098755347,-11.975420836482986,0.8350617572662573,-1.565628098755347,-11.975420836482986,0.32259795040464145,-9.826767923738544,-0.916381543305424
9027027027.027027,0.3220386908188962,-9.841838951194607,-0.9724455728852786,0.8355089066789239,-1.5609783217339706,-11.988733872322953,0.8355089066789239,-1.5609783217339706,-11.988733872322953,0.3209623290959873,-9.870918742917782,-0.9284421041413556
9033033033.033033,0.3203359487950628,-9.88788642264817,-0.9840222641893678,0.8359721603972756,-1.5561637045010144,-12.002068319192109,0.8359721603972756,-1.5561637045010144,-12.002068319192109,0.3192672582872257,-9.916912344794394,-0.9405037670558841
9039039039.03904,0.3185740681136283,-9.935791572173567,-0.9956005124120186,0.8364511891356147,-1.5511879417916241,-12.015424771564478,0.8364511891356147,-1.5511879417916241,-12.015424771564478,0.31751270094926504,-9.964777952834984,-0.9525662456324603
9045045045.045044,0.31675301746908613,-9.985584784522214,-1.0071797074560045,0.8369456516135675,-1.546054853770811,-12.02880381602641,0.8369456516135675,-1.546054853770811,-12.02880381602641,0.3156986224889688,-10.014546261854404,-0.964629203826176
9051051051.051052,0.31487276893565663,-10.037297934449274,-1.0187591810007675,0.8374551945058571,-1.540768385509443,-12.04220603093697,0.8374551945058571,-1.540768385509443,-12.04220603093697,0.31382499121809376,-10.066249493124051,-0.9766922528307946
9057057057.057056,0.3129332984728328,-10.090964443462738,-1.030338202519136,0.8379794523958466,-1.5353326064041553,-12.055631986082611,0.8379794523958466,-1.5353326064041553,-12.055631986082611,0.3118917788406133,-10.119921453315747,-0.988754947728539
9063063063.063065,0.31093458645137295,-10.146619340445685,-1.0419159750215656,0.8385180477334458,-1.5297517095372684,-12.069082242326179,0.8385180477334458,-1.5297517095372684,-12.069082242326179,0.309898960958747,-10.1755975975531,-1.0008167839031128
9069069069.069069,0.3088766182001644,-10.20429932642708,-1.0534916305022655,0.839070590798008,-1.524030010972577,-12.082557351250134,0.839070590798008,-1.524030010972577,-12.082557351250134,0.3078465175978962,-10.233315096871237,-1.0128771931941702
9075075075.075075,0.30675938457435215,-10.26404284380317,-1.0650642250594493,0.8396366796668638,-1.5181719489827272,-12.096057854794218,0.8396366796668638,-1.5181719489827272,-12.096057854794218,0.3057344337508212,-10.293112910410363,-1.0249355397694295
9081081081.081081,0.3045828825452655,-10.325890150336104,-1.076632733658419,0.8402159001901458,-1.5121820832039836,-12.109584284887468,0.8402159001901458,-1.5121820832039836,-12.109584284887468,0.3035626999412867,-10.35503186270285,-1.0369911156876668
9087087087.087088,0.30234711581260926,-10.389883398289479,-1.0881960445033145,0.8408078259725892,-1.5060650937139433,-12.123137163074754,0.8408078259725892,-1.5060650937139433,-12.123137163074754,0.3013313128075652,-10.419114726443524,-1.0490431361233996
9093093093.093094,0.30005209543950445,-10.456066719091755,-1.0997529529794141,0.8414120183630064,-1.4998257800277415,-12.13671700013795,0.8414120183630064,-1.4998257800277415,-12.13671700013795,0.2990402757060706,-10.485406311174186,-1.0610907342203673
9099099099.099098,0.29769784051099385,-10.524486313955707,-1.1113021551236948,0.8420280264521501,-1.4934690600082199,-12.150324295711872,0.8420280264521501,-1.4934690600082199,-12.150324295711872,0.29668959933554545,-10.553953558351555,-1.073132955537624
9105105105.105106,0.2952843788166857,-10.59519055092263,-1.1228422405765555,0.8426553870796918,-1.4869999686855262,-12.163959537895236,0.8426553870796918,-1.4869999686855262,-12.163959537895236,0.29427930238215483,-10.624805643316593,-1.0851687520475846
9111111111.11111,0.2928117475583239,-10.668230068843211,-1.134371684962323,0.8432936248510592,-1.4804236569815157,-12.177623202856653,0.8432936248510592,-1.4804236569815157,-12.177623202856653,0.2918094121860095,-10.698014084730508,-1.097196975640841
9117117117.117117,0.29027999408309557,-10.743657888858207,-1.1458888416400004,0.8439422521649005,-1.4737453903342166,-12.191315754436172,0.8439422521649005,-1.4737453903342166,-12.191315754436172,0.28927996542952744,-10.773632862103904,-1.1092163710873304
9123123123.123123,0.2876891766436724,-10.82152953399386,-1.1573919327588165,0.84460076925193,-1.466970547217812,-12.205037643742402,0.84460076925193,-1.466970547217812,-12.205037643742402,0.28669100884829407,-10.851718542102898,-1.1212255683970749
9129129129.12913,0.2850393651860432,-10.901903157549002,-1.1688790395452788,0.8452686642259416,-1.4601046175533923,-12.21878930874566,0.8452686642259416,-1.4601046175533923,-12.21878930874566,0.2840425999649899,-10.932330414390618,-1.1332230745171799
9135135135.135136,0.282330642166342,-10.98483968101721,-1.1803480917397235,0.8459454131477797,-1.4531532010057724,-12.232571173867436,0.8459454131477797,-1.4531532010057724,-12.232571173867436,0.28133480784715276,-11.015530637837225,-1.1452072642937878
9141141141.14114,0.2795631033981231,-11.07040294235894,-1.191796856089738,0.8466304801030533,-1.4461220051617887,-12.246383649566535,0.8466304801030533,-1.4461220051617887,-12.246383649566535,0.2785677138896206,-11.101384398019116,-1.1571763706186957
9147147147.147148,0.2767368589316082,-11.158659855524242,-1.2032229237968233,0.8473233172943974,-1.4390168435853898,-12.26022713192238,0.8473233172943974,-1.4390168435853898,-12.26022713192238,0.27574141262258134,-11.18996007702646,-1.1691284736703769
9153153153.153152,0.2738520339667842,-11.249680582213845,-1.2146236967989286,0.8480233651490762,-1.431843633744994,-12.274102002215738,0.8480233651490762,-1.431843633744994,-12.274102002215738,0.27285601254642766,-11.281329436702967,-1.1810614891470235
9159159159.15916,0.27090876980239226,-11.343538716971274,-1.2259963727566596,0.8487300524427296,-1.4246083948085855,-12.288008626507688,0.8487300524427296,-1.4246083948085855,-12.288008626507688,0.26991163699462534,-11.375567816568564,-1.1929731553763985
9165165165.165165,0.26790722482330964,-11.440311486806518,-1.2373379285932098,0.849442796440054,-1.417317245302164,-12.3019473552169,0.849442796440054,-1.417317245302164,-12.3019473552169,0.2669084250262014,-11.472754347806172,-1.2048610191711888
9171171171.171171,0.2648475755290188,-11.540079966683061,-1.24864510241846,0.8501610030532153,-1.4099764006271585,-12.315918522696254,0.8501610030532153,-1.4099764006271585,-12.315918522696254,0.2638465323495807,-11.57297218485093,-1.2167224202814302
9177177177.177177,0.26173001760649295,-11.642929312333488,-1.25991437364412,0.8508840670187544,-1.4025921704327993,-12.329922446809007,0.8508840670187544,-1.4025921704327993,-12.329922446809007,0.26072613227989017,-11.676308756289501,-1.228554474274365
9183183183.183184,0.2585547670511914,-11.748949012029538,-1.2711419410705462,0.8516113720937798,-1.395170955839157,-12.343959428505393,0.8516113720937798,-1.395170955839157,-12.343959428505393,0.2575474167321295,-11.782856036973259,-1.24035405364901
9189189189.18919,0.2553220613405765,-11.858233159102529,-1.2823236986949038,0.8523422912721703,-1.3877192465072319,-12.358029751400231,0.8523422912721703,-1.3877192465072319,-12.358029751400231,0.2543105972531394,-11.892710843464213,-1.2521177669645145
9195195195.195194,0.25203216066521233,-11.970880747206174,-1.2934552089543765,0.8530761870215385,-1.3802436175522486,-12.372133681352228,0.8530761870215385,-1.3802436175522486,-12.372133681352228,0.25101590609572516,-12.005975155181591,-1.2638419357297277
9201201201.201202,0.24868534922340188,-12.086995990528306,-1.3045316730770227,0.8538124115416603,-1.3727507262967065,-12.386271466045876,0.8538124115416603,-1.3727507262967065,-12.386271466045876,0.24766359733890742,-12.12275646389525,-1.2755225687640401
9207207207.207207,0.24528193658630582,-12.206688671399828,-1.3155478981638444,0.8545503070450409,-1.3652473088600723,-12.400443334576476,0.8545503070450409,-1.3652473088600723,-12.400443334576476,0.24425394805907677,-12.243168154524515,-1.2871553336954136
9213213213.213213,0.24182225914165037,-12.330074518019064,-1.3264982605697277,0.8552892060602824,-1.3577401765819959,-12.414649497039436,0.8552892060602824,-1.3577401765819959,-12.414649497039436,0.24078725955751798,-12.367329920563922,-1.2987355252112045
9219219219.21922,0.23830668162557347,-12.457275615308713,-1.3373766650841852,0.8560284317588629,-1.3502362122764175,-12.428890144124438,0.8560284317588629,-1.3502362122764175,-12.428890144124438,0.2372638586509939,-12.495368217855603,-1.3102580296163222
9225225225.225225,0.23473559875378955,-12.588420852258444,-1.348176499335374,0.8567672983058962,-1.3427423663142546,-12.443165446715533,0.8567672983058962,-1.3427423663142546,-12.443165446715533,0.23368409903310453,-12.62741676089509,-1.3217172851834147
9231231231.231232,0.23110943696524114,-12.723646409478572,-1.358890582749448,0.8575051112354148,-1.3352656525325082,-12.457475555498029,0.8575051112354148,-1.3352656525325082,-12.457475555498029,0.23004836271571194,-12.763617066376396,-1.3331072376954813
9237237237.237236,0.227428656293766,-12.863096291104497,-1.369511109289042,0.8582411678506523,-1.3278131439682028,-12.47182060057321,0.8582411678506523,-1.3278131439682028,-12.47182060057321,0.2263570615613886,-12.904119049280702,-1.3444212904826605
9243243243.243244,0.22369375238608463,-13.006922905652434,-1.3800295830676064,0.858974757649759,-1.320391968415791,-12.486200691081848,0.858974757649759,-1.320391968415791,-12.486200691081848,0.22261063891995012,-13.049081677490967,-1.3556522481371838
9249249249.249249,0.21990525868782254,-13.155287700933698,-1.3904367457839464,0.8597051627773172,-1.3130093038072337,-12.500615914837502,0.8597051627773172,-1.3130093038072337,-12.500615914837502,0.21880957138465162,-13.198673691687892,-1.3667922529500411
9255255255.255257,0.21606374882326612,-13.308361858696305,-1.4007224947418007,0.8604316585019796,-1.3056723734141584,-12.5150663379708,0.8604316585019796,-1.3056723734141584,-12.5150663379708,0.2149543706865717,-13.35307439816793,-1.3778327129454873
9261261261.261261,0.21216983919941834,-13.466327055275343,-1.410875790003275,0.8611535137204556,-1.2983884408722792,-12.529552004585664,0.8611535137204556,-1.2983884408722792,-12.529552004585664,0.2110455857494358,-13.512474543227292,-1.3887642201876451
9267267267.267267,0.20822419187074684,-13.629376295201066,-1.4208845489677684,0.8618699914880351,-1.2911648050284261,-12.544072936428666,0.8618699914880351,-1.2911648050284261,-12.544072936428666,0.20708380493144804,-13.677077278907868,-1.3995764577918541
9273273273.273273,0.20422751770813052,-13.797714825429557,-1.4307355263576567,0.8625803495757307,-1.2840087946113057,-12.558629132572669,0.8625803495757307,-1.2840087946113057,-12.558629132572669,0.2030696584861535,-13.847099231206148,-1.4102580937795257
9279279279.27928,0.20018057992407323,-13.971561138622953,-1.440414177219468,0.8632838410540624,-1.2769277627274485,-12.57322056911583,0.8632838410540624,-1.2769277627274485,-12.57322056911583,0.19900382128078564,-14.022771683341,-1.4207966595609949
9285285285.285286,0.1960841980167014,-14.15114807469813,-1.4499045000974837,0.8639797149034047,-1.2699290811845296,-12.587847198897233,0.8639797149034047,-1.2699290811845296,-12.587847198897233,0.19488701581870882,-14.204341888363633,-1.4311784103972405
9291291291.29129,0.1919392522079217,-14.336724030658099,-1.4591888569894027,0.8646672166507461,-1.2630201346446324,-12.602508951230334,0.8646672166507461,-1.2630201346446324,-12.602508951230334,0.19072001562224133,-14.392074527319284,-1.4413881646633597
9297297297.297298,0.18774668846681514,-14.528554289487573,-1.4682477660272,0.8653455890325981,-1.256208314610798,-12.617205731655316,0.8653455890325981,-1.256208314610798,-12.617205731655316,0.18650364904449626,-14.586253331327265,-1.4514091180870863
9303303303.303303,0.18350752422868347,-14.72692247957248,-1.477059662011729,0.8660140726837043,-1.2495010132507398,-12.631937421711658,0.8660140726837043,-1.2495010132507398,-12.631937421711658,0.18223880359383715,-14.787182888378975,-1.4612226283355538
9309309309.309309,0.1792228549442123,-14.932132176597417,-1.485600618931579,0.8666719068511017,-1.2429056170621766,-12.646703878732144,0.8666719068511017,-1.2429056170621766,-12.646703878732144,0.177926430873359,-14.995190658352296,-1.4708079643331398
9315315315.315315,0.17489386162305282,-15.144508660056923,-1.4938440273676106,0.867318330132967,-1.2364295003850385,-12.661504935659348,0.867318330132967,-1.2364295003850385,-12.661504935659348,0.17356755226145928,-15.210629222698058,-1.4801420134611156
9321321321.321321,0.17052181957331858,-15.364400836187112,-1.50176021816851,0.8679525812415956,-1.2300800187662522,-12.676340400886023,0.8679525812415956,-1.2300800187662522,-12.676340400886023,0.16916326548903227,-15.433878798455074,-1.4891989382507655
9327327327.327328,0.1661081085853468,-15.592183337977623,-1.509316021901613,0.8685738997897351,-1.223864502183624,-12.691210058120372,0.8685738997897351,-1.223864502183624,-12.691210058120372,0.16471475230645632,-15.66535004958932,-1.4979497722493957
9333333333.333332,0.16165422486699482,-15.828258810538697,-1.5164742512468459,0.8691815270993787,-1.217790248136056,-12.706113666277465,0.8691815270993787,-1.217790248136056,-12.706113666277465,0.16022328748119172,-15.905487232006106,-1.506361942301652
9339339339.33934,0.15716179511250242,-16.073060385827457,-1.523193090583645,0.869774707032036,-1.2118645146077638,-12.721050959397981,0.869774707032036,-1.2118645146077638,-12.721050959397981,0.15569024942785248,-16.154771711679242,-1.5143987013979308
9345345345.345345,0.1526325931822106,-16.327054343646388,-1.529425373370425,0.8703526868393516,-1.2060945129151626,-12.736021646595205,0.8703526868393516,-1.2060945129151626,-12.736021646595205,0.15111713285141315,-16.413725897730608,-1.5220184523047542
9351351351.351353,0.14806855999226745,-16.590742944551558,-1.5351177233329385,0.8709147180328562,-1.2004874004454749,-12.751025412031664,0.8709147180328562,-1.2004874004454749,-12.751025412031664,0.14650556388593033,-16.68291763328639,-1.529173937149223
9357357357.357357,0.1434718273706069,-16.864667402806404,-1.540209529710292,0.8714600572714911,-1.19505027329706,-12.766061914926102,0.8714600572714911,-1.19505027329706,-12.766061914926102,0.14185731834442564,-16.96296508532656,-1.5358112616374011
9363363363.363363,0.13884474683851444,-17.14941094084612,-1.5446317195368082,0.8719879672654656,-1.189790158831819,-12.781130789592089,0.8719879672654656,-1.189790158831819,-12.781130789592089,0.13717434387013308,-17.254542168730186,-1.5418687141872272
9369369369.36937,0.13418992454165007,-17.445601826445166,-1.54830528076232,0.8724977176948567,-1.1847140081510341,-12.796231645509003,0.8724977176948567,-1.1847140081510341,-12.796231645509003,0.1324587870106441,-17.558384526322538,-1.5472753293334403
9375375375.375376,0.12951026390018183,-17.7539162334194,-1.5511394784373806,0.8729885861412827,-1.1798286885063123,-12.811364067426403,0.8729885861412827,-1.1798286885063123,-12.811364067426403,0.12771302654458377,-17.87529606132526,-1.551949130493065
9381381381.381382,0.1248090180024937,-18.07508067652922,-1.5530296916156272,0.8734598590308488,-1.1751409756581537,-12.826527615502567,0.8734598590308488,-1.1751409756581537,-12.826527615502567,0.12293971480439003,-18.206155973810848,-1.5557949684567007
9387387387.387386,0.12008985436744685,-18.409873636846736,-1.5538547803635305,0.8739108325864757,-1.1706575461951045,-12.84172182547797,0.8739108325864757,-1.1706575461951045,-12.84172182547797,0.11814182929866285,-18.55192617690108,-1.558701847318945
9393393393.393394,0.11535693549681629,-18.759125793564387,-1.5534738695832715,0.8743408137876044,-1.1663849698271669,-12.856946208884468,0.8743408137876044,-1.1663849698271669,-12.856946208884468,0.11332273770135093,-18.913658842892957,-1.5605395970174194
9399399399.399399,0.11061501969934825,-19.123717979673323,-1.5517224086019652,0.8747491213351878,-1.1623297016675331,-12.872200253290622,0.8747491213351878,-1.1623297016675331,-12.872200253290622,0.10848628032436052,-19.292503624543123,-1.5611547086512063
9405405405.405407,0.10586958808056919,-19.50457553356819,-1.5484073323920087,0.875135086619781,-1.1584980745173183,-12.887483422583951,0.875135086619781,-1.1584980745173183,-12.887483422583951,0.10363687564269668,-19.68971376466778,-1.5603650920286611
9411411411.411411,0.10112700547533413,-19.90265705380159,-1.543301112595848,0.8754980546904602,-1.1548962911683789,-12.902795157290313,0.8754980546904602,-1.1548962911683789,-12.902795157290313,0.09877965646597593,-20.106649771059857,-1.5579534404872577
9417417417.417418,0.09639472560093487,-20.318934571959232,-1.5361344471925305,0.8758373852222225,-1.1515304167397273,-12.91813487493102,0.8758373852222225,-1.1515304167397273,-12.91813487493102,0.09392064718875634,-20.544778468961322,-1.5536587915915894
9423423423.423424,0.09168155400330331,-20.75436068036535,-1.526587304259136,0.8761524534794478,-1.1484063710634742,-12.933501970417655,0.8761524534794478,-1.1484063710634742,-12.933501970417655,0.08906699654981758,-21.00566384777665,-1.5471657501974878
9429429429.42943,0.08699798663913486,-21.209815959496957,-1.5142780246310203,0.8764426512729431,-1.145529921136493,-12.948895816485049,0.8764426512729431,-1.145529921136493,-12.948895816485049,0.08422728596997958,-21.490943864419663,-1.538090692460284
9435435435.435436,0.08235664730744052,-21.686026831540374,-1.4987502348110184,0.8767073879080379,-1.1429066736543334,-12.96431576416223,0.8767073879080379,-1.1429066736543334,-12.96431576416223,0.07941194147454123,-22.00228372310757,-1.5259641058507123
9441441441.44144,0.077772853524403,-22.183439325470687,-1.479457492693256,0.8769460911211577,-1.1405420676440707,-12.97976114328146,0.8769460911211577,-1.1405420676440707,-12.97976114328146,0.07463378826701113,-22.541290277412806,-1.5102080768831796
9447447447.447449,0.0732653471657787,-22.7020277631574,-1.455746011625678,0.8771582080022694,-1.1384413672129643,-12.995231263025126,0.8771582080022694,-1.1384413672129643,-12.995231263025126,0.06990880209235867,-23.109362791388005,-1.4901079095650474
9453453453.453453,0.06885723130632077,-23.24100887821534,-1.4268367127212316,0.8773432059005625,-1.1366096544299826,-13.010725412510116,0.8773432059005625,-1.1366096544299826,-13.010725412510116,0.06525713111367402,-23.707440458614645,-1.4647771665963323
9459459459.45946,0.06457715339861352,-23.798422057396515,-1.3918096336428853,0.8775005733107442,-1.1350518223570392,-13.02624286140955,0.8775005733107442,-1.1350518223570392,-13.02624286140955,0.06070448496022508,-24.335584425110255,-1.4331165642901362
9465465465.465466,0.06046075700718504,-24.37052838961291,-1.3495969860900532,0.8776298207372931,-1.1337725682470945,-13.041782860611004,0.8776298207372931,-1.1337725682470945,-13.041782860611004,0.056284007758616666,-24.99229971533509,-1.393770146363077
9471471471.471472,0.05655236976452788,-24.95098383454264,-1.298996694711767,0.8777304815340646,-1.132776386925842,-13.05734464291094,0.8777304815340646,-1.132776386925842,-13.05734464291094,0.052038750545357254,-25.673462788623706,-1.34508899812044
9477477477.477478,0.0529067695123896,-25.529775113632255,-1.2387266245887487,0.8778021127166393,-1.1320675643737905,-13.072927423744321,0.8778021127166393,-1.1320675643737905,-13.072927423744321,0.04802478795558335,-26.370690880152388,-1.2851268452748397
9483483483.483482,0.049590625287060916,-26.09200831330338,-1.1675498320440199,0.8778442957448651,-1.1316501715251246,-13.088530401948761,0.8778442957448651,-1.1316501715251246,-13.088530401948761,0.044314780647188336,-27.069027921191356,-1.2117175936590934
9489489489.48949,0.04668280706758548,-26.616860748630387,-1.084507056463166,0.8778566372730795,-1.1315280582995506,-13.104152760562094,0.8778566372730795,-1.1315280582995506,-13.104152760562094,0.04100118226236744,-27.74407240579083,-1.1227229890466675
9495495495.495495,0.0442722554574205,-27.077367045058125,-0.9892785916125109,0.8778387698655742,-1.1317048478828504,-13.119793667652253,0.8778387698655742,-1.1317048478828504,-13.119793667652253,0.038197113611587036,-28.35938907156768,-1.0165702282311657
9501501501.501503,0.042451820050800615,-27.442073707423,-0.882638391472433,0.8777903526749299,-1.13218393127151,-13.135452277178459,0.8777903526749299,-1.13218393127151,-13.135452277178459,0.03603129819694521,-28.86640180189343,-0.8931540612614517
9507507507.507507,0.04130711821007986,-27.67950205017359,-0.7668472134620918,0.877711072080951,-1.1329684620961487,-13.15112772988207,0.877711072080951,-1.1329684620961487,-13.15112772988207,0.03463273960810289,-29.21026304823617,-0.7549273926605392
9513513513.513514,0.040901738163064486,-27.765164715849387,-0.6457178520802157,0.8776006422880172,-1.1340613517380185,-13.166819154206006,0.8776006422880172,-1.1340613517380185,-13.166819154206006,0.03410421218243502,-29.343839567003833,-0.6075308721100965
9519519519.51952,0.04126343666221282,-27.68869208504678,-0.5241284098595593,0.8774588058787901,-1.1354652647521042,-13.18252566724091,0.8774588058787901,-1.1354652647521042,-13.18252566724091,0.03449293589938757,-29.24539677334307,-0.4590823537623416
9525525525.525526,0.042377595953903245,-27.45727368189002,-0.40705785631290564,0.877285334322343,-1.1371826146095922,-13.198246375696662,0.877285334322343,-1.1371826146095922,-13.198246375696662,0.03577503106558265,-28.928399608886984,-0.31801365155287825
9531531531.531532,0.04419138950811894,-27.093246854374726,-0.2985726369401381,0.8770800284348977,-1.1392155597718618,-13.213980376897407,0.8770800284348977,-1.1392155597718618,-13.213980376897407,0.037864640507054535,-28.435323241619606,-0.19070175559859298
9537537537.537537,0.046626348616101584,-26.627371870180628,-0.20123291773072796,0.8768427187915215,-1.1415660001071068,-13.229726759798272,0.8768427187915215,-1.1415660001071068,-13.229726759798272,0.04064101497261539,-27.82070908953105,-0.08035950373917783
9543543543.543545,0.04959329229632108,-26.091541194264988,-0.11606614252192986,0.8765732660872776,-1.1442355736599297,-13.245484606021943,0.8765732660872776,-1.1442355736599297,-13.245484606021943,0.04397683870891095,-27.13551986540785,0.012590335397758959
9549549549.54955,0.05300439417990757,-25.51376249893508,-0.04292115522417247,0.876271561446486,-1.1472256537833077,-13.261252990913079,0.876271561446486,-1.1472256537833077,-13.261252990913079,0.047756659205304426,-26.419321233657662,0.08945812290708034
9555555555.555555,0.05678038462729623,-24.916033398250935,0.019073297396083096,0.8759375266789361,-1.1505373466412263,-13.277030984608613,0.8759375266789361,-1.1505373466412263,-13.277030984608613,0.0518843656587001,-25.699269772146515,0.15230721031556263
9561561561.561562,0.06085347498425768,-24.314292334414667,0.0711238728046874,0.8755711144820552,-1.1541714890893813,-13.292817653121732,0.8755711144820552,-1.1541714890893813,-13.292817653121732,0.056283617602801886,-24.9923599253704,0.20332890589206015
9567567567.567568,0.06516753269142811,-23.719374430412525,0.11451665975759291,0.8751723085882303,-1.158128646940202,-13.308612059437465,0.8751723085882303,-1.158128646940202,-13.308612059437465,0.06089514945056478,-24.308345986669273,0.24453532147738913
9573573573.573574,0.06967688840543868,-23.138225041328578,0.15047463437731196,0.8747411238566759,-1.1624091136173034,-13.324413264617712,0.8747411238566759,-1.1624091136173034,-13.324413264617712,0.06567331139335358,-23.652221701474044,0.27764996404731673
9579579579.579578,0.07434467304244555,-22.57500288343281,0.18009276884609496,0.8742776063094181,-1.1670129092034838,-13.340220328913404,0.8742776063094181,-1.1670129092034838,-13.340220328913404,0.07058289159562761,-23.026011074153715,0.30409799657373865
9585585585.585587,0.07914115670409055,-22.03195213003955,0.20431872557824418,0.8737818331111773,-1.171939779885086,-13.356032312881664,0.8737818331111773,-1.171939779885086,-13.356032312881664,0.07559653761982818,-22.429961901361448,0.32503772846283113
9591591591.59159,0.08404228897718664,-21.51004255306475,0.2239570854588722,0.8732539124931195,-1.1771891977944995,-13.371848278505528,0.8732539124931195,-1.1771891977944995,-13.371848278505528,0.08069278040990907,-21.863306398098228,0.3414039303194827
9597597597.597599,0.08902849494329643,-21.009419369126874,0.23968393196679963,0.8726939836206501,-1.1827603612513202,-13.387667290314223,0.8726939836206501,-1.1827603612513202,-13.387667290314223,0.08585456036854311,-21.324732626184257,0.3539500982909379
9603603603.603603,0.09408371517464,-20.529710830463216,0.2520646617192737,0.872102216405625,-1.1886521954015112,-13.40348841650139,0.872102216405625,-1.1886521954015112,-13.40348841650139,0.09106814025514652,-20.81267064526463,0.3632850291067262
9609609609.60961,0.099194653967515,-20.070234664773658,0.26157151875993456,0.8714788112635273,-1.194863353252936,-13.41931073003935,0.8714788112635273,-1.194863353252936,-13.41931073003935,0.09632230536082968,-20.325462632708053,0.3699027696719452
9615615615.615616,0.10435019580724546,-19.630134633374198,0.26859935215165215,0.8708239988163908,-1.2013922171040934,-13.435133309786853,0.8708239988163908,-1.2013922171040934,-13.435133309786853,0.10160777351922899,-19.86146130022265,0.37420647485758757
9621621621.621622,0.1095409538420536,-19.20846963430554,0.27347912820958087,0.8701380395423979,-1.2082369003621525,-13.450955241588321,0.8701380395423979,-1.2082369003621525,-13.450955241588321,0.10691675750287294,-19.419084413940965,0.3765271589417514
9627627627.627628,0.11475892036261674,-18.804270923885646,0.2764892201358037,0.8694212233732902,-1.215395249744991,-13.466775619362318,0.8694212233732902,-1.215395249744991,-13.466775619362318,0.11224263812535454,-18.996842686026657,0.37713835226451237
9633633633.633633,0.11999719552707737,-18.41657807593875,0.27786470400467206,0.8686738692408941,-1.2228648478609851,-13.482593546177144,0.8686738692408941,-1.2228648478609851,-13.482593546177144,0.11757971809033414,-18.593351708242203,0.37626754725631856
9639639639.63964,0.12524977596153167,-18.044460845942083,0.2778049534051342,0.8678963245742389,-1.2306430161591695,-13.498408135311461,0.8678963245742389,-1.2306430161591695,-13.498408135311461,0.12292303509521126,-18.20733450218412,0.3741051546118159
9645645645.645645,0.130511389211418,-17.687031750292544,0.27647982173139724,0.8670889647489073,-1.2387268182413778,-13.51421851129794,0.8670889647489073,-1.2387268182413778,-13.51421851129794,0.12826821873518718,-17.837618725614767,0.37081153707820025
9651651651.651651,0.1357773633989891,-17.34345257907254,0.2740346703132549,0.8662521924903942,-1.2471130635271275,-13.53002381094809,0.8662521924903942,-1.2471130635271275,-13.53002381094809,0.13361138004043718,-17.483131005130762,0.36652255966993513
9657657657.657658,0.1410435240207556,-17.012936991535927,0.2705944615815203,0.8653864372334247,-1.2557983112607995,-13.545823184356196,0.8653864372334247,-1.2557983112607995,-13.545823184356196,0.13894902552472121,-17.14288989327308,0.3613539926689003
9663663663.663664,0.14630611176636465,-16.694750627054166,0.2662670981419602,0.8644921544392745,-1.2647788748501396,-13.561615795880854,0.8644921544392745,-1.2647788748501396,-13.561615795880854,0.14427798979565057,-16.81599834547358,0.35540502437244287
9669669669.66967,0.15156171670469576,-16.38820968431011,0.26114615458357093,0.8635698248732886,-1.2740508265240016,-13.57740082510217,0.8635698248732886,-1.2740508265240016,-13.57740082510217,0.14959538233368913,-16.501636238782652,0.3487610798922898
9675675675.675674,0.15680722528285967,-16.092678599845158,0.25531312009862617,0.8626199538448828,-1.2836100022966632,-13.593177467753216,0.8626199538448828,-1.2836100022966632,-13.593177467753216,0.15489854517082244,-16.199053223544222,0.34149609628075156
9681681681.681683,0.16203977741108172,-15.807567241292729,0.24883924640478197,0.8616430704124148,-1.2934520072253208,-13.608944936624187,0.8616430704124148,-1.2934520072253208,-13.608944936624187,0.160185019016554,-15.907562057504078,0.3336743694206758
9687687687.687687,0.16725673153037177,-15.532327885831842,0.2417870764270769,0.8606397265554048,-1.303572220946627,-13.624702462437774,0.8606397265554048,-1.303572220946627,-13.624702462437774,0.165452515977061,-15.626532485870271,0.32535206173479353
9693693693.693695,0.17245563603247946,-15.266452157238444,0.23421171398908278,0.8596104963166337,-1.3139658034777921,-13.640449294694715,0.8596104963166337,-1.3139658034777921,-13.640449294694715,0.17069889745496097,-15.355385679729096,0.31657843974891514
9699699699.6997,0.17763420576082206,-15.00946802984368,0.2261618826756098,0.8585559749167342,-1.324627701267023,-13.656184702488062,0.8585559749167342,-1.324627701267023,-13.656184702488062,0.17592215614532225,-15.093589215887883,0.30739689529884956
9705705705.705706,0.18279030259589682,-14.760936964254249,0.21768081244564,0.8574767778439003,-1.3355526534779492,-13.67190797528544,0.8574767778439003,-1.3355526534779492,-13.67190797528544,0.18112040128972465,-14.840652565388572,0.29784579251510745
9711711711.711712,0.18792191933957159,-14.520451210866137,0.20880698498127606,0.8563735399214144,-1.3467351984919498,-13.687618423678027,0.8563735399214144,-1.3467351984919498,-13.687618423678027,0.18629184653573172,-14.596123050441099,0.2879591737657254
9717717717.717718,0.1930271662758376,-14.287631298246012,0.19957476273623465,0.8552469143556674,-1.3581696806124364,-13.70331538009573,0.8552469143556674,-1.3581696806124364,-13.70331538009573,0.19143479989048037,-14.35958222704225,0.2777673508264312
9723723723.723724,0.19810425991202668,-14.062123711198247,0.19001492186469238,0.8540975717673839,-1.369850256954619,-13.718998199487704,0.8540975717673839,-1.369850256954619,-13.718998199487704,0.1965476553651675,-14.130642651026228,0.26729740218556935
9729729729.729729,0.2031515135034199,-13.84359875557885,0.18015510540230883,0.8529261992087457,-1.3817709045043014,-13.734666259967616,0.8529261992087457,-1.3817709045043014,-13.734666259967616,0.201628885990512,-13.908944987425016,0.25657359320989775
9735735735.735737,0.208167329041782,-13.631748602201384,0.17002021003021953,0.8517334991690834,-1.3939254273291992,-13.75031896342338,0.8517334991690834,-1.3939254273291992,-13.75031896342338,0.20667703794806547,-13.694155425982952,0.24561773261986947
9741741741.741741,0.21315019044947067,-13.42628549950027,0.1596327173171127,0.8505201885718012,-1.4063074639260529,-13.765955736090731,0.8505201885718012,-1.4063074639260529,-13.765955736090731,0.21169072561263472,-13.485963368991623,0.2344494761412716
9747747747.747747,0.218098657769412,-13.226940143275286,0.14901297837674826,0.8492869977651144,-1.4189104946873143,-13.781576029090708,0.8492869977651144,-1.4189104946873143,-13.781576029090708,0.21666862734085396,-13.284079360970512,0.22308658615558782
9753753753.753754,0.22301136217992332,-13.033460191383288,0.1381794592996708,0.8480346695091782,-1.4317278494707888,-13.797179318930706,0.8480346695091782,-1.4317278494707888,-13.797179318930706,0.22160948187226157,-13.088233232960203,0.21154515454487305
9759759759.75976,0.22788700169431253,-12.845608911348572,0.1271489534404279,0.846763957962086,-1.4447527152562314,-13.812765107969211,0.846763957962086,-1.4447527152562314,-13.812765107969211,0.22651208523416996,-12.898172437217642,0.1998397946266183
9765765765.765766,0.23272433743021234,-12.663163949309606,0.11593676560372852,0.8454756276671662,-1.4579781438729078,-13.828332924844286,0.8454756276671662,-1.4579781438729078,-13.828332924844286,0.2313752880615789,-12.713660550866038,0.1879838070293874
9771771771.771772,0.23752219035372726,-12.485916209372682,0.10455687232723856,0.8441704525439119,-1.4713970597825865,-13.843882324866032,0.8441704525439119,-1.4713970597825865,-13.843882324866032,0.2361979932593451,-12.534475929547051,0.1759893235172249
9777777777.777779,0.24227943841990487,-12.313668833195944,0.09302206176704939,0.8428492148848101,-1.4850022679026207,-13.859412890373267,0.8428492148848101,-1.4850022679026207,-13.859412890373267,0.24097915394677538,-12.360410494349557,0.1638674320880316
9783783783.783783,0.24699501404439245,-12.14623627042311,0.0813440561233969,0.8415127043602223,-1.4987864614543662,-13.874924231054937,0.8415127043602223,-1.4987864614543662,-13.874924231054937,0.24571777163528724,-12.191268637266532,0.15162828611472776
9789789789.789791,0.2516679018521008,-11.983443431380206,0.06953361907702821,0.8401617170333768,-1.512742229822549,-13.890415984236634,0.8401617170333768,-1.512742229822549,-13.890415984236634,0.25041289459835386,-12.02686623217735,0.13928119984416643
9795795795.795795,0.25629713665769865,-11.825124914216612,0.05760065031931559,0.8387970543874318,-1.5268620664116626,-13.905887815132857,0.8387970543874318,-1.5268620664116626,-13.905887815132857,0.25506361639990993,-11.867029739891988,0.1268347321956446
9801801801.801802,0.2608818016402477,-11.671124299396467,0.045554268938828434,0.8374195223664452,-1.5411383764860949,-13.92133941706572,0.8374195223664452,-1.5411383764860949,-13.92133941706572,0.2596690745532176,-11.711595397142709,0.11429676049381424
9807807807.807808,0.2654210266803616,-11.52129350512614,0.03340288716031793,0.8360299304319826,-1.5555634849811897,-13.9367705116507,0.8360299304319826,-1.5555634849811897,-13.9367705116507,0.26422844928686146,-11.560408480597332,0.10167454551713373
9813813813.813814,0.2699139868335189,-11.375492197922854,0.021154275709027618,0.8346290906369672,-1.5701296442730974,-13.952180848950391,0.8346290906369672,-1.5701296442730974,-13.952180848950391,0.2687409623985603,-11.413322638005392,0.08897478903187128
9819819819.81982,0.2743599009173321,-11.233587253103183,0.008815621887125952,0.8332178167182621,-1.5848290418958557,-13.967570207597038,0.8332178167182621,-1.5848290418958557,-13.967570207597038,0.2732058761807216,-11.270199279501359,0.07620368480660006
9825825825.825825,0.2787580301942175,-11.095452260486065,-0.003606418707711494,0.8317969232093476,-1.5996538081948137,-13.982938394884794,0.8317969232093476,-1.5996538081948137,-13.982938394884794,0.27762249240436754,-11.130907022889334,0.06336696395537945
9831831831.831833,0.28310767713391194,-10.960967071073927,-0.016105676023545488,0.8303672245743332,-1.614596023906187,-13.998285246832681,0.8303672245743332,-1.614596023906187,-13.998285246832681,0.2819901513504361,-10.99532118743199,0.050469935334855255
9837837837.837837,0.2874081842427545,-10.830017380900221,-0.02867642426827987,0.8289295343644228,-1.6296477276531771,-14.013610628219276,0.8289295343644228,-1.6296477276531771,-14.013610628219276,0.28630823087923385,-10.863323331286521,0.03751752161725896
9843843843.843845,0.2916589329489169,-10.702494348608004,-0.041313344904726775,0.8274846643978098,-1.644800923349967,-14.028914432590277,0.8274846643978098,-1.644800923349967,-14.028914432590277,0.2905761455306619,-10.734800828263758,0.024514291573977602
9849849849.84985,0.2958593425343504,-10.578294243672932,-0.05401149341392395,0.8260334239638958,-1.6600475875051761,-14.044196582239856,0.8260334239638958,-1.6600475875051761,-14.044196582239856,0.29479334564885734,-10.609646480072408,0.011464489030836546
9855855855.855856,0.3000088691060157,-10.457318122482324,-0.06676626938335439,0.8245766190525466,-1.6753796764177078,-14.05945702816718,0.8245766190525466,-1.6753796764177078,-14.05945702816718,0.29895931652641106,-10.487758160617366,-0.0016279411067080317
9861861861.861862,0.30410700460000656,-10.339471529764769,-0.07957338953411298,0.8231150516090349,-1.6907891332579914,-14.074695750009065,0.8231150516090349,-1.6907891332579914,-14.074695750009065,0.30307357756400005,-10.369038489298706,-0.014759329413148834
9867867867.867868,0.30815327581341756,-10.224664223106865,-0.09242886335149791,0.8216495188151579,-1.7062678950288332,-14.089912755950017,0.8216495188151579,-1.7062678950288332,-14.089912755950017,0.3071356814422269,-10.25339453057899,-0.027926260787692767
9873873873.873875,0.31214724345974326,-10.11280991851471,-0.10532897102621272,0.8201808123969335,-1.721807899400464,-14.105108082610935,0.8201808123969335,-1.721807899400464,-14.105108082610935,0.31114521330315537,-10.140737517374024,-0.04112555532335125
9879879879.879879,0.3160885012442737,-10.003826055178882,-0.1182702434499317,0.8187097179591427,-1.7374010914152977,-14.120281794917474,0.8187097179591427,-1.7374010914152977,-14.120281794917474,0.3151017899395129,-10.030982596079166,-0.05435425097273123
9885885885.885887,0.3199766749567719,-9.897633577775098,-0.1312494440412066,0.817237014346896,-1.753039430058445,-14.135433985949568,0.817237014346896,-1.753039430058445,-14.135433985949568,0.319005058990177,-9.92404859126413,-0.06760958781191233
9891891891.891891,0.3238114215791501,-9.794156734795747,-0.14426355220451811,0.815763473034287,-1.7687148946907907,-14.150564776772951,0.815763473034287,-1.7687148946907907,-14.150564776772951,0.3228546981407949,-9.81985778827408,-0.08088899372785383
9897897897.897898,0.32759242840649927,-9.693322891546014,-0.15730974824971522,0.8142898575400881,-1.784419491342197,-14.165674316254321,0.8142898575400881,-1.784419491342197,-14.165674316254321,0.3266504143289224,-9.71833573214674,-0.09419007137691877
9903903903.903904,0.3313194121800342,-9.59506235657215,-0.17038539961894497,0.8128169228703755,-1.8001452588627394,-14.180762780860928,0.8128169228703755,-1.8001452588627394,-14.180762780860928,0.33039194295319835,-9.619411041417582,-0.10751058627966215
9909909909.90991,0.3349921182310817,-9.499308220398449,-0.1834880482867162,0.8113454149878414,-1.8158842749309274,-14.195830374446016,0.8113454149878414,-1.8158842749309274,-14.195830374446016,0.3340790470863919,-9.523015235523179,-0.12084845593381294
9915915915.915916,0.3386103196353546,-9.405996205557914,-0.1966153992139518,0.8098760703074864,-1.8316286619182152,-14.210877328021253,0.8098760703074864,-1.8316286619182152,-14.210877328021253,0.33771151669237764,-9.429082574637631,-0.13420173984081235
9921921921.92192,0.3421738163770967,-9.315064526991879,-0.20976530975067204,0.8084096152183065,-1.8473705926097093,-14.22590389951722,0.8084096152183065,-1.8473705926097093,-14.22590389951722,0.34128916784719404,-9.337549910890475,-0.14756863035347645
9927927927.927929,0.34568243452283365,-9.226453761979247,-0.2229357798937879,0.8069467656304943,-1.863102295781681,-14.24091037353315,0.8069467656304943,-1.863102295781681,-14.24091037353315,0.34481184196449777,-9.248356550013591,-0.1609474442631653
9933933933.933933,0.34913602540467004,-9.140106728830387,-0.23612494331695325,0.8054882265476165,-1.878816061636943,-14.255897061076944,0.8054882265476165,-1.878816061636943,-14.255897061076944,0.3482794050258652,-9.161444122553322,-0.17433661505365788
9939939939.939941,0.35253446481318174,-9.055968373649733,-0.2493310590985723,0.8040346916631457,-1.8945042470998106,-14.27086429929668,0.8040346916631457,-1.8945042470998106,-14.27086429929668,0.35169174681642973,-9.076756463865246,-0.1877346857575057
9945945945.945946,0.3558776522000167,-8.973985664533625,-0.2625525040819796,0.8025868429806915,-1.9101592809725687,-14.285812451204402,0.8025868429806915,-1.9101592809725687,-14.285812451204402,0.35504878016640257,-8.99423950218109,-0.20114030235725575
9951951951.951952,0.3591655098905825,-8.89410749262116,-0.2757877658092081,0.8011453504571723,-1.9257736689563654,-14.30074190539348,0.8011453504571723,-1.9257736689563654,-14.30074190539348,0.35835044019914114,-8.913841154100036,-0.2145522076806953
9957957957.957958,0.36239798230697323,-8.816284579473313,-0.2890354359755728,0.7997108716681609,-1.9413399985393751,-14.31565307575027,0.7997108716681609,-1.9413399985393751,-14.31565307575027,0.36159668358632563,-8.835511226918186,-0.22796923574421335
9963963963.963964,0.36557503520163537,-8.74046939029372,-0.3022942043581778,0.7982840514945616,-1.9568509437558506,-14.330546401161122,0.7982840514945616,-1.9568509437558506,-14.330546401161122,0.3647874878109818,-8.759201327258314,-0.24139030650375184
9969969969.96997,0.36869665490211073,-8.666616052550573,-0.3155628531761269,0.7968655218297368,-1.972299269820014,-14.34542234521558,0.7968655218297368,-1.972299269820014,-14.34542234521558,0.36792285043894235,-8.684864775512933,-0.25481442097660567
9975975975.975975,0.3717628475672819,-8.59468027959489,-0.3288402518446361,0.7954559013061667,-1.987677837639079,-14.360281395906656,0.7954559013061667,-1.987677837639079,-14.360281395906656,0.3710027883994657,-8.612456525653233,-0.2682406567016209
9981981981.981983,0.37477363845558803,-8.524619298903568,-0.3421253520890285,0.794055795040686,-2.002979608210107,-14.37512406532893,0.794055795040686,-2.002979608210107,-14.37512406532893,0.3740273372756066,-8.541933089997677,-0.28166816350817364
9987987987.987988,0.37772907120560933,-8.456391784608174,-0.3554171833879562,0.7926657943973128,-2.018197646905703,-14.38995088937521,0.7926657943973128,-2.018197646905703,-14.38995088937521,0.37699655060500575,-8.473252468566649,-0.2950961595676883
9993993993.993994,0.38062920712950615,-8.389957793996285,-0.36871484871844795,0.7912864767666455,-2.033325127654009,-14.404762427432637,0.7912864767666455,-2.033325127654009,-14.404762427432637,0.37991049919169856,-8.406374082682264,-0.3085239277039959
10000000000.0,0.3834741245196604,-8.325278707700559,-0.3820175205776915,0.7899184053608045,-2.0483553370184864,-14.419559262078602,0.7899184053608045,-2.0483553370184864,-14.419559262078602,0.3827692704295045,-8.341258712501254,-0.32195081194091385
