frequency_hz,s11_mag,s11_db,s11_phase_deg,s21_mag,s21_db,s21_phase_deg,s12_mag,s12_db,s12_phase_deg,s22_mag,s22_db,s22_phase_deg
4000000000.0,0.9606014155452445,-0.3491355543776182,-0.5205687399685596,0.19405294252150054,-14.241595349006339,1.0510411899780248,0.19405294252150054,-14.241595349006339,1.0510411899780248,0.9609050864066676,-0.34639015475716683,-0.49519847774984843
4006006006.0060062,0.9598808301995971,-0.35565363086042273,-0.5370496276909986,0.19664518463939643,-14.126333678717389,1.0347402164687325,0.19664518463939643,-14.126333678717389,1.0347402164687325,0.96018083493601,-0.3529393346480658,-0.5113089117902172
4012012012.012012,0.9591466377790085,-0.3622998250977536,-0.5536522492687065,0.19926174774247388,-14.011521295316422,1.018319760909058,0.19926174774247388,-14.011521295316422,1.018319760909058,0.9594426946215118,-0.35961919194967906,-0.5275430585267686
4018018018.0180182,0.9583987259292381,-0.36907544588720537,-0.5703770863654725,0.20190230585219307,-13.897174422200509,1.001779282689425,0.20190230585219307,-13.897174422200509,1.001779282689425,0.9586905446099329,-0.36643111949785123,-0.5439016137528004
4024024024.024024,0.9576369922027029,-0.37598172155653564,-0.587224583994595,0.20456650226901543,-13.783309609032825,0.985118273889662,0.20456650226901543,-13.783309609032825,0.985118273889662,0.9579242739058811,-0.37337643063559545,-0.5603852434218648
4030030030.0300303,0.9568613448244297,-0.38301979285077825,-0.6041951488251112,0.20725394864150803,-13.669943728761805,0.9683362609175095,0.20725394864150803,-13.669943728761805,0.9683362609175095,0.9571437821520415,-0.38045635199000305,-0.5769945820140803
4036036036.036036,0.9560717034817826,-0.3901907055510711,-0.6212891474699618,0.2099642240493098,-13.557093974045419,0.9514328061688456,0.2099642240493098,-13.557093974045419,0.9514328061688456,0.9563489804343275,-0.3876720159697308,-0.5937302308744354
4042042042.0420423,0.9552680001369508,-0.39749540283034,-0.638506904759234,0.21269687410353655,-13.444777853055971,0.9344075097068472,0.21269687410353655,-13.444777853055971,0.9344075097068472,0.9555397921109486,-0.39502445298791666,-0.6105927565253487
4048048048.048048,0.9544501798609923,-0.404934717352646,-0.6558487020016742,0.21545141006835422,-13.333013184642796,0.9172600109572907,0.21545141006835422,-13.333013184642796,0.9172600109572907,0.9547161536642188,-0.4025145834168861,-0.627582688955786
4054054054.0540543,0.9536182016880257,-0.41250936312480113,-0.6733147752379989,0.21822730800765303,-13.221818092829977,0.8999899904168539,0.21822730800765303,-13.221818092829977,0.8999899904168539,0.9538780155737184,-0.41014320928281944,-0.6447005198895348
4060060060.06006,0.9527720394879264,-0.42021992711098544,-0.6909053134897961,0.2210240079609266,-13.111211000627264,0.8825971713710435,0.2210240079609266,-13.111211000627264,0.8825971713710435,0.9530253432092105,-0.41791100571050926,-0.6619467010354589
4066066066.0660663,0.9519116828556947,-0.4280668606228688,-0.7086204570079868,0.22384091315262233,-13.001210623133577,0.8650813216181676,0.22384091315262233,-13.001210623133577,0.8650813216181676,0.9521581177414772,-0.42581851213043836,-0.6793216423227456
4072072072.072072,0.9510371380154053,-0.43605047050009893,-0.7264602955250989,0.2266773892393752,-12.891835959914026,0.8474422551955175,0.2266773892393752,-12.891835959914026,0.8474422551955175,0.9512763370689945,-0.43386612326273033,-0.6968257101243497
4078078078.0780783,0.9501484287364159,-0.44417091009827747,-0.7444248665158429,0.229532763599705,-12.783106286631948,0.82967983410369,0.229532763599705,-12.783106286631948,0.82967983410369,0.9503800167581566,-0.442054079894486,-0.714459225472154
4084084084.084084,0.9492455972592616,-0.452428170103935,-0.7625141534707486,0.23240632467086417,-12.675041145919788,0.811793970024716,0.23240632467086417,-12.675041145919788,0.811793970024716,0.9494691909944463,-0.4503824594700168,-0.7322224622674917
4090090090.0900903,0.9483287052284235,-0.46082206919841406,-0.7807280841877319,0.2352973213376441,-12.5676603374742,0.7937846260295327,0.2352973213376441,-12.5676603374742,0.7937846260295327,0.9485439135417564,-0.4588511665154117,-0.7501156454909109
4096096096.096096,0.9473978346288746,-0.46935224459539354,-0.7990665290868443,0.23820496237804253,-12.460983907362682,0.775651818269956,0.23820496237804253,-12.460983907362682,0.775651818269956,0.9476042587067369,-0.46745992292213656,-0.7681389494153095
4102102102.1021023,0.9464530887230774,-0.47801814247919305,-0.8175292995535534,0.24112841597076953,-12.355032136531143,0.7573956176502424,0.24112841597076953,-12.355032136531143,0.7573956176502424,0.9466503223048306,-0.476208258116567,-0.786292495826749
4108108108.108108,0.9454945929848146,-0.4868190083740281,-0.8361161463160662,0.24406680926960914,-12.249825528504616,0.7390161514730953,0.24406680926960914,-12.249825528504616,0.7390161514730953,0.9456822226243548,-0.48509549914551875,-0.8045763522573921
4114114114.1141143,0.9445224960260149,-0.49575387747682154,-0.8548267578625799,0.24701922804970455,-12.145384796274861,0.7205136050546777,0.24701922804970455,-12.145384796274861,0.7205136050546777,0.9447001013847214,-0.49412076071068467,-0.8229905302353581
4120120120.12012,0.9435369705124328,-0.5048215649894432,-0.8736607589042151,0.2499847164307891,-12.041730848372998,0.70188822330321,0.2499847164307891,-12.041730848372998,0.70188822330321,0.9437041246846499,-0.5032829351875471,-0.841534983556222
4126126126.1261263,0.9425382140638252,-0.5140206564887944,-0.8926177088898037,0.2529622766824035,-11.938884774126361,0.6831403122553767,0.2529622766824035,-11.938884774126361,0.6831403122553767,0.9426944839359165,-0.5125806826677501,-0.8602096065813027
4132132132.132132,0.9415264501340251,-0.5233494983760033,-0.9116971005786099,0.2559508691160345,-11.836867828103427,0.6642702405648536,0.2559508691160345,-11.836867828103427,0.6642702405648536,0.9416713967779884,-0.5220124210663374,-0.8790142325678013
4138138138.1381383,0.9405019288660442,-0.5328061884491793,-0.9308983586773427,0.258949412069042,-11.735701413752844,0.6452784409368613,0.258949412069042,-11.735701413752844,0.6452784409368613,0.9406351079686002,-0.531576316338664,-0.8979486320361906
4144144144.144144,0.9394649279171714,-0.5423885666464586,-0.9502208385476599,0.26195678198508493,-11.635407066246952,0.6261654115029371,0.26195678198508493,-11.635407066246952,0.6261654115029371,0.9395858902451165,-0.5412702728545178,-0.9170125111801354
4150150150.1501503,0.9384157532487941,-0.5520942060091487,-0.9696638249906485,0.2649718135956103,-11.5360064345429,0.6069317171296832,0.2649718135956103,-11.5360064345429,0.6069317171296832,0.9385240451513343,-0.5510919239796396,-0.93620551032456
4156156156.156156,0.9373547398754993,-0.561920403917263,-0.989226531114544,0.26799330020674217,-11.437521262678871,0.5875779906555416,0.26799330020674217,-11.437521262678871,0.5875779906555416,0.9374499038241446,-0.5610386229179005,-0.9555272024373175
4162162162.1621623,0.9362822525678692,-0.5718641736520489,-1.0089080972920894,0.2710199940956776,-11.339973370326213,0.5681049340493968,0.2710199940956776,-11.339973370326213,0.5681049340493968,0.936363827734334,-0.571107433869747,-0.9749770917001239
4168168168.168168,0.93519868650323,-0.5819222363426281,-1.0287075902137521,0.2740506070203946,-11.243384632622643,0.5485133194850168,0.2740506070203946,-11.243384632622643,0.5485133194850168,0.9352662093756501,-0.5812951235650156,-0.9945546121443557
4174174174.1741743,0.9341044678585244,-0.5920910133558048,-1.0486240020429902,0.2770838108461652,-11.147776959315227,0.528803990325328,0.2770838108461652,-11.147776959315227,0.528803990325328,0.9341574728961398,-0.5915981532304988,-1.01425912635731
4180180180.18018,0.9330000543394126,-0.6023666191899081,-1.068656249679545,0.2801182382919821,-11.053172273246366,0.5089778620106595,0.2801182382919821,-11.053172273246366,0.5089778620106595,0.933038074665691,-0.6020126710545831,-1.0340899242644779
4186186186.1861863,0.9318859356396546,-0.612744854935243,-1.0888031741366169,0.28315248379962243,-10.959592488219357,0.4890359228452319,0.28315248379962243,-10.959592488219357,0.4890359228452319,0.9319085037736481,-0.6125345052131183,-1.054046221993372
4192192192.192192,0.9307626338248676,-0.6232212023646551,-1.1090635400375328,0.28618510452760215,-10.867059486284866,0.4689792346763108,0.28618510452760215,-10.867059486284866,0.4689792346763108,0.930769282450405,-0.62315915752174,-1.0741271608242762
4198198198.1981983,0.9296307036347454,-0.633790818719064,-1.1294360352371877,0.28921462147180643,-10.775595094493088,0.44880893346081707,0.28921462147180643,-10.775595094493088,0.44880893346081707,0.9296209664068475,-0.6338817977815171,-1.094331806233175
4204204204.204204,0.9284907326979751,-0.6444485322528257,-1.1499192705733243,0.29223952071405346,-10.685221061160444,0.4285262297142195,0.29223952071405346,-10.685221061160444,0.4285262297142195,0.9284641450856683,-0.6446972588848134,-1.1146591470320046
4210210210.2102103,0.927343341654181,-0.655188838604211,-1.1705117797523215,0.2952582547992978,-10.59595903170341,0.4081324088370568,0.2952582547992978,-10.59595903170341,0.4081324088370568,0.9272994418186499,-0.6556000327490041,-1.1351080946111387
4216216216.216216,0.9261891841774343,-0.6660058980557269,-1.1912120193736895,0.2982692442415846,-10.507830524095867,0.3876288313147081,0.2982692442415846,-10.507830524095867,0.3876288313147081,0.9261275138842207,-0.6665842671451593,-1.1556774822887534
4222222222.2222223,0.9250289468960884,-0.6768935337482563,-1.212018369097181,0.30127087915826206,-10.420856904009524,0.36701693278634206,0.30127087915826206,-10.420856904009524,0.36701693278634206,0.9249490524597964,-0.6776437634882864,-1.1763660647715906
4228228228.228228,0.9238633492040105,-0.6878452309113594,-1.2329291319558107,0.3042615210313134,-10.335059359700365,0.34629822397954835,0.3042615210313134,-10.335059359700365,0.34629822397954835,0.9237647824637302,-0.6887719756541968,-1.1971725177312071
4234234234.2342343,0.922693142958579,-0.6988541371705623,-1.2539425348176454,0.30723950459400984,-10.250458876707079,0.32547429050749976,0.30723950459400984,-10.250458876707079,0.32547429050749976,0.922575462281977,-0.699962009886741,-1.2180954374996142
4240240240.24024,0.921519112061275,-0.7099130639892748,-1.2750567289985948,0.3102031398404073,-10.16707621243011,0.3045467925260709,0.3102031398404073,-10.16707621243011,0.3045467925260709,0.9213818833750304,-0.7112066258561928,-1.23913334088773
4246246246.2462463,0.9203420719170406,-0.721014489300854,-1.296269791027964,0.3131507141545302,-10.084931870662183,0.28351746424878516,0.3131507141545302,-10.084931870662183,0.28351746424878516,0.9201848697610776,-0.7224982389270739,-1.2602846651298982
4252252252.252252,0.9191628687691981,-0.7321505613814181,-1.3175797235677429,0.31608049455537673,-10.0040460761435,0.26238811331816275,0.31608049455537673,-10.0040460761435,0.26238811331816275,0.9189852773718618,-0.7338289236896691,-1.281547767957081
4258258258.2582583,0.9179823789071461,-0.7433131040108825,-1.338984456486178,0.318990730053209,-9.924438749215934,0.24116062003242145,0.318990730053209,-9.924438749215934,0.24116062003242145,0.9177839932782347,-0.7451904188057481,-1.3029209278012228
4264264264.264264,0.9168015077447373,-0.7544936229638727,-1.360481848085241,0.32187965411186953,-9.846129480652566,0.21983693642734917,0.32187965411186953,-9.846129480652566,0.21983693642734917,0.9165819347830506,-0.756574133213494,-1.3244023441325277
4270270270.2702703,0.9156211887678233,-0.7656833138671592,-1.382069686481218,0.3247454872112264,-9.769137506738716,0.1984190852135526,0.3247454872112264,-9.769137506738716,0.1984190852135526,0.9153800483796306,-0.7679711537317506,-1.3459901379312582
4276276276.276276,0.9144423823501675,-0.7768730714538068,-1.403745691136656,0.32758643950315464,-9.693481684681917,0.17690915857010378,0.32758643950315464,-9.693481684681917,0.17690915857010378,0.914179308574756,-0.7793722540972126,-1.3676823522949166
4282282282.2822824,0.913266074437615,-0.7880535002378326,-1.4255075145414318,0.33040071355385187,-9.619180468427432,0.15530931679616145,0.33040071355385187,-9.619180468427432,0.15530931679616145,0.9129807165758871,-0.7907679054613664,-1.3894769531814677
4288288288.288288,0.912093275101182,-0.7992149266256472,-1.4473527440398344,0.3331865071646619,-9.54625188495581,0.1336217868228265,0.3331865071646619,-9.54625188495581,0.1336217868228265,0.9117852988430256,-0.8021482883670816,-1.411371830288538
4294294294.2942944,0.9109250169605153,-0.8103474124727386,-1.4692789037999636,0.3359420162630252,-9.474713511137448,0.11184886058815867,0.3359420162630252,-9.474713511137448,0.11184886058815867,0.9105941055064906,-0.8135033062163715,-1.4333647980682482
4300300300.300301,0.9097623534799343,-0.821440770086155,-1.4912834569208981,0.3386654378546274,-9.404582451218083,0.08999289327892815,0.3386654378546274,-9.404582451218083,0.08999289327892815,0.9094082086526695,-0.8248226002327098,-1.4554535968766784
4306306306.306306,0.9086063571401242,-0.8324845786643009,-1.5133638076726015,0.3413549730273598,-9.335875315006385,0.06805630144326524,0.3413549730273598,-9.335875315006385,0.06805630144326524,0.9082287004806381,-0.8360955659125511,-1.4776358942566434
4312312312.312312,0.9074581174893738,-0.8434682021565374,-1.5355173038626835,0.3440088299972611,-9.268608196832806,0.04604156097903242,0.3440088299972611,-9.268608196832806,0.04604156097903242,0.9070566913334358,-0.847311370951016,-1.4999092863518717
4318318318.318318,0.9063187390790561,-0.8543808085159459,-1.5577412393235732,0.3466252271862361,-9.202796655345677,0.023951205003342607,0.3466252271862361,-9.202796655345677,0.023951205003342607,0.9058933076085874,-0.8584589746176319,-1.5222712994502379
4324324324.324325,0.9051893392888952,-0.8652113903088344,-1.5800328565130848,0.349202396321055,-9.138455694206778,0.0017878216091581607,0.349202396321055,-9.138455694206778,0.0017878216091581607,0.9047396895533728,-0.8695271485475787,-1.544719391653301
4330330330.33033,0.9040710460483766,-0.8759487866347866,-1.6023893492207073,0.35173858554287396,-9.075599743745093,-0.02044594848450485,0.35173858554287396,-9.075599743745093,-0.02044594848450485,0.9035969889511434,-0.8805044989042745,-1.5672509546688997
4336336336.336336,0.9029649954614528,-0.8865817063012289,-1.6248078653715032,0.3542320625163494,-9.014242643622904,-0.04274741438184756,0.3542320625163494,-9.014242643622904,-0.04274741438184756,0.9024663667058325,-0.8913794898587319,-1.5898633157231845
4342342342.342342,0.9018723293424256,-0.8970987521869883,-1.647285509918917,0.3566811175273098,-8.954397626563802,-0.06511383755148199,0.3566811175273098,-8.954397626563802,-0.06511383755148199,0.9013489903326203,-0.9021404683207679,-1.6125537395880087
4348348348.348349,0.900794192671688,-0.9074884467189293,-1.6698193478174952,0.3590840665579162,-8.896077303187079,-0.08754243445187906,0.3590840665579162,-8.896077303187079,-0.08754243445187906,0.9002460313634534,-0.9127756898472749,-1.6353194307193453
4354354354.354355,0.8997317309806241,-0.917739258376941,-1.6924064070660516,0.36143925432827434,-8.839293647987846,-0.11003037923277421,0.36143925432827434,-8.839293647987846,-0.11003037923277421,0.8991586626768492,-0.923273345642732,-1.6581575355019056
4360360360.36036,0.8986860876756388,-0.9278396291329538,-1.715043681811505,0.3637450572935778,-8.784057986496483,-0.13257480650414147,0.3637450572935778,-8.784057986496483,-0.13257480650414147,0.8980880557621026,-0.9336215905573226,-1.6810651445949185
4366366366.366366,0.897658401311877,-0.9377780027208271,-1.737728135503467,0.36599988658603355,-8.730380983645526,-0.15517281416402953,0.36599988658603355,-8.730380983645526,-0.15517281416402953,0.8970353779286456,-0.9438085719785583,-1.704039295373734
4372372372.372373,0.8966498028276855,-0.9475428536257969,-1.760456704089296,0.36820219089107903,-8.678272633366031,-0.17782146627636675,0.36820219089107903,-8.678272633366031,-0.17782146627636675,0.8960017894717971,-0.9538224595041268,-1.7270769744615502
4378378378.378378,0.8956614127513379,-0.9571227166743075,-1.7832262992394352,0.37035045924771415,-8.627742249429616,-0.20051779598979305,0.37035045924771415,-8.627742249429616,-0.20051779598979305,0.8949884408067251,-0.9636514752744492,-1.7501751203454945
4384384384.384384,0.8946943383919145,-0.9665062170979949,-1.806033811592638,0.3724432237631507,-8.578798457546355,-0.22325880848851162,0.3724432237631507,-8.578798457546355,-0.22325880848851162,0.8939964695827649,-0.9732839248367119,-1.773330626070978
4390390390.39039,0.8937496710265292,-0.9756821009392586,-1.8288761140107643,0.3744790622324264,-8.531449188722757,-0.24604148396606604,0.3744790622324264,-8.531449188722757,-0.24604148396606604,0.893026997790641,-0.9827082284045805,-1.7965403420080777
4396396396.396397,0.8928284830962978,-0.9846392656605679,-1.8517500648329468,0.3764566006541223,-8.48570167387816,-0.2688627806131664,0.3764566006541223,-8.48570167387816,-0.2688627806131664,0.8920811288753199,-0.9919129523725084,-1.8198010786836065
4402402402.402403,0.8919318254235955,-0.9933667908148389,-1.874652511119097,0.3783745156338814,-8.441562439711953,-0.29171963761077874,0.3783745156338814,-8.441562439711953,-0.29171963761077874,0.8911599448674453,-1.0008868409378722,-1.8431096096724724
4408408408.408408,0.8910607244631814,-1.0018539686308696,-1.8975802918728204,0.38023153666799636,-8.399037305808857,-0.31460897811972754,0.38023153666799636,-8.399037305808857,-0.31460897811972754,0.8902645035463352,-1.0096188476805592,-1.8664626745416526
4414414414.414414,0.8902161795997152,-1.0100903343653556,-1.9205302412343501,0.38202644829999605,-8.358131382963435,-0.3375277122586293,0.38202644829999605,-8.358131382963435,-0.3375277122586293,0.8893958356475201,-1.0180981669464673,-1.8898569818403854
4420420420.420421,0.8893991605040904,-1.0180656962713255,-1.9434991916341144,0.38375809214379025,-8.318849072700793,-0.3604727400618346,0.38375809214379025,-8.318849072700793,-0.3604727400618346,0.8885549421276794,-1.026314264879661,-1.9132892121297582
4426426426.426426,0.8886106045607557,-1.0257701650328617,-1.966483976898333,0.3854253687676568,-8.281194067964682,-0.38344095440985027,0.3854253687676568,-8.281194067964682,-0.38344095440985027,0.887742791499648,-1.0342569099470675,-1.9367560210452994
4432432432.432432,0.8878514143778928,-1.0331941825168272,-1.9894814352982029,0.38702723943404077,-8.245169354940538,-0.40642924392476515,0.38702723943404077,-8.245169354940538,-0.40642924392476515,0.8869603172498561,-1.0419162028002966,-1.960254042385889
4438438438.438438,0.8871224553919922,-1.040328549693741,-2.01248841253487,0.38856272769086886,-8.210777215976568,-0.42943449582374804,0.38856272769086886,-8.210777215976568,-0.42943449582374804,0.8862084153501845,-1.049282605320911,-1.9837798912224847
4444444444.444445,0.8864245535777736,-1.04716445358435,-2.0355017646529445,0.3900309208108212,-8.17801923356228,-0.45245359872417645,0.3900309208108212,-8.17801923356228,-0.45245359872417645,0.8854879418757912,-1.0563469686980436,-2.007330167020283
4450450450.450451,0.8857584932740123,-1.053693493091245,-2.0585183608758295,0.3914309710757222,-8.146896295320795,-0.4754834453943883,0.3914309710757222,-8.146896295320795,-0.4754834453943883,0.8847997107398488,-1.0631005603921517,-2.0309014567679156
4456456456.456456,0.8851250151350544,-1.0599077035818674,-2.0815350863568143,0.3927620969039451,-8.117408599968513,-0.49852093544454334,0.3927620969039451,-8.117408599968513,-0.49852093544454334,0.8841444915555947,-1.0695350898431755,-2.054490338107486
4462462462.462462,0.8845248142172665,-1.065799580094383,-2.1045488448404845,0.3940235838194463,-8.08955566419306,-0.5215629779526647,0.3940235838194463,-8.08955566419306,-0.5215629779526647,0.8835230076353443,-1.0756427327884939,-2.0780933824593517
4468468468.468469,0.8839585382088099,-1.0713620990465613,-2.127556561229642,0.39521478526173554,-8.063336330399032,-0.5446064940213861,0.39521478526173554,-8.063336330399032,-0.5446064940213861,0.8829359341353906,-1.0814161540633314,-2.1017071581356386
4474474474.474475,0.8834267858104063,-1.0765887383355792,-2.150555184053663,0.3963351232367788,-8.038748775269163,-0.5676484192615611,0.3963351232367788,-8.038748775269163,-0.5676484192615611,0.8823838963548974,-1.0868485287649423,-2.125328233436782
4480480480.48048,0.8829301052738692,-1.0814734957265846,-2.173541687834812,0.3973840888094721,-8.015790519088007,-0.5906857061993428,0.3973840888094721,-8.015790519088007,-0.5906857061993428,0.8818674681960244,-1.0919335616714843,-2.1489531797253845
4486486486.486486,0.8824689931043566,-1.0860109054374147,-2.196513075349769,0.3983612424389667,-7.994458435774278,-0.613715326603956,0.3983612424389667,-7.994458435774278,-0.613715326603956,0.8813871707916185,-1.0966655048169085,-2.17257857447198
4492492492.492493,0.8820438929312757,-1.090196052838899,-2.219466379784189,0.39926621415869323,-7.9747487635684,-0.6367342737338099,0.39926621415869323,-7.9747487635684,-0.6367342737338099,0.8809434713058735,-1.101039173134326,-2.1962010042673943
4498498498.498499,0.8816551945519835,-1.0940245872001728,-2.2423986667789215,0.40009870360351885,-7.956657116321595,-0.6597395644992381,0.40009870360351885,-7.956657116321595,-0.6597395644992381,0.8805367819123673,-1.1050499580923507,-2.2198170677966815
4504504504.504504,0.881303233151327,-1.0974927324219064,-2.2653070363669827,0.400858479886967,-7.940178495333933,-0.6827282415405419,0.400858479886967,-7.940178495333933,-0.6827282415405419,0.8801674589529215,-1.1086938392611962,-2.243423378769721
4510510510.51051,0.8809882886991864,-1.1005972957119394,-2.2881886248010628,0.4015453813319221,-7.925307301689667,-0.7056973752204982,0.4015453813319221,-7.925307301689667,-0.7056973752204982,0.8798358022797177,-1.1119673937581993,-2.267016568803819
4516516516.516517,0.8807105855272063,-1.1033356741706286,-2.311040606271881,0.40215931505868036,-7.912037349039491,-0.7286440655309442,0.40215931505868036,-7.912037349039491,-0.7286440655309442,0.8795420547820904,-1.1148678035357986,-2.290593290253825
4522522522.522523,0.880470292084921,-1.1057058592662352,-2.33386019451836,0.4027002564346087,-7.900361876781089,-0.7515654439135433,0.4027002564346087,-7.900361876781089,-0.7515654439135433,0.8792864020984432,-1.1173928604880965,-2.314150218985588
4528528528.528528,0.8802675208745443,-1.107706439193504,-2.3566446443308595,0.40316824839002385,-7.890273563591372,-0.7744586749950138,0.40316824839002385,-7.890273563591372,-0.7744586749950138,0.8790689725127148,-1.1195409693659517,-2.337684057088624
4534534534.534534,0.8801023285627738,-1.1093365991212778,-2.3793912529494627,0.4035634006052415,-7.881764541265589,-0.7973209582376966,0.4035634006052415,-7.881764541265589,-0.7973209582376966,0.8788898370338781,-1.12131114850368,-2.361191535524278
4540540540.540541,0.879974716267053,-1.1105961193477238,-2.4020973613593966,0.4038858885740017,-7.874826408821285,-0.8201495295063755,0.4038858885740017,-7.874826408821285,-0.8201495295063755,0.8787490096560163,-1.1227030283737078,-2.38466941670564
4546546546.546547,0.8798846300128803,-1.111485371393904,-2.4247603554864545,0.4041359525487395,-7.869450246827067,-0.8429416625528859,0.4041359525487395,-7.869450246827067,-0.8429416625528859,0.8786464477955725,-1.1237168479987936,-2.408114497006055
4552552552.552552,0.8798319613579024,-1.112005312078561,-2.447377667295133,0.40431389637335385,-7.865626631919116,-0.8656946704198483,0.40431389637335385,-7.865626631919116,-0.8656946704198483,0.8785820529015702,-1.1243534492633276,-2.431523609192822
4558558558.558558,0.8798165481777668,-1.1121574756281651,-2.469946775792949,0.4044200862093146,-7.8633456514706515,-0.8884059067655276,0.4044200862093146,-7.8633456514706515,-0.8884059067655276,0.8785556712336928,-1.1246142691780343,-2.454893624783394
4564564564.564565,0.879838175607988,-1.111943963886882,-2.492465207944235,0.40445494916106606,-7.862596918382556,-0.9110727671115636,0.40445494916106606,-7.862596918382556,-0.9110727671115636,0.8785670948024153,-1.1245013301630535,-2.4782214563211538
4570570570.570571,0.8798965771353483,-1.1113674347017408,-2.514930539497169,0.4044189718068002,-7.863369585965794,-0.9336926900157477,0.4044189718068002,-7.863369585965794,-0.9336926900157477,0.8786160624645948,-1.1240172284257068,-2.5015040595684197
4576576576.576576,0.8799914358317753,-1.1104310885670974,-2.5373403957278136,0.40431269864074043,-7.865652362889035,-0.9562631581719796,0.40431269864074043,-7.865652362889035,-0.9562631581719796,0.8787022611673228,-1.1231651205185946,-2.524738435614347
4582582582.582582,0.8801223857230518,-1.1091386536212275,-2.5596924521050526,0.40413673043312875,-7.8694335281673915,-0.9787816994396308,0.40413673043312875,-7.8694335281673915,-0.9787816994396308,0.8788253273321696,-1.1219487081734558,-2.5479216328957115
4588588588.588589,0.8802890132842087,-1.1074943690954544,-2.5819844348803325,0.4038917225141206,-7.87470094617084,-1.0012458878045432,0.4038917225141206,-7.87470094617084,-1.0012458878045432,0.8789848483714994,-1.120372221513493,-2.57105074912869
4594594594.594595,0.8804908590530065,-1.1055029673229655,-2.6042141216062182,0.40357838298780596,-7.8814420816330175,-1.0236533442739648,0.40357838298780596,-7.8814420816330175,-1.0236533442739648,0.8791803643279782,-1.1184404007549096,-2.5941229331500817
4600600600.6006,0.880727419352527,-1.1031696544202638,-2.626379341587625,0.4031974708825352,-7.889644014643674,-1.0460017377076483,0.4031974708825352,-7.889644014643674,-1.0460017377076483,0.8794113696280603,-1.1161584765139165,-2.6171353866665306
4606606606.6066065,0.8809981481136053,-1.1005000897587605,-2.6484779762696338,0.402749794243702,-7.899293455609905,-1.0682887855873215,0.402749794243702,-7.899293455609905,-1.0682887855873215,0.8796773149398462,-1.1135321488411873,-2.6400853659105907
4612612612.612613,0.8813024587875476,-1.0975003643481593,-2.670507959565588,0.40223620817506656,-7.91037676017344,-1.0905122547266386,0.40223620817506656,-7.91037676017344,-1.0905122547266386,0.8799776091254804,-1.1105675651094344,-2.6629701832026034
4618618618.618619,0.8816397263394236,-1.09417697825581,-2.692467278129173,0.40165761283463575,-7.922879944072951,-1.1126699619237153,0.40165761283463575,-7.922879944072951,-1.1126699619237153,0.8803116212780263,-1.1072712968831724,-2.6857872084176844
4624624624.624624,0.8820092893120794,-1.0905368171882739,-2.7143539715739236,0.4010149513910267,-7.936788697941973,-1.1347597745581826,0.4010149513910267,-7.936788697941973,-1.1347597745581826,0.8806786828326417,-1.1036503159016218,-2.7085338703571877
4630630630.6306305,0.8824104519509871,-1.0865871283619475,-2.736166132643497,0.40030920794613783,-7.9520884020345575,-1.156779611134637,0.40030920794613783,-7.9520884020345575,-1.156779611134637,0.8810780897417854,-1.0997119693069684,-2.7312076580243385
4636636636.636637,0.8828424863800103,-1.0823354957898876,-2.757901907335813,0.3995414054298491,-7.968764140871858,-1.1787274417742033,0.3995414054298491,-7.968764140871858,-1.1787274417742033,0.881509104704201,-1.0954639542501068,-2.7538061218037737
4642642642.642643,0.8833046348182486,-1.077789815110877,-2.779559494984025,0.3987126034723459,-7.986800717804028,-1.2006012886558741,0.3987126034723459,-7.986800717804028,-1.2006012886558741,0.8819709594374877,-1.0909142920050503,-2.7763268745451106
4648648648.648648,0.8837961118282325,-1.0729582680850038,-2.8011371482970135,0.397823896259533,-8.006182669482708,-1.2223992264090946,0.397823896259533,-8.006182669482708,-1.2223992264090946,0.8824628569841234,-1.0860713017220063,-2.798767592550667
4654654654.6546545,0.8843161065859114,-1.067849296877463,-2.8226331733619308,0.39687641037687305,-8.02689428023999,-1.2441193824590255,0.39687641037687305,-8.02689428023999,-1.2441193824590255,0.8829839740410749,-1.08094357394555,-2.821126016467789
4660660660.660661,0.8848637851630813,-1.0624715782491034,-2.844045929610977,0.39587130264683745,-8.048919596370308,-1.2657599373256052,0.39587130264683745,-8.048919596370308,-1.2657599373256052,0.8835334633032398,-1.0755399440220599,-2.8433999520862208
4666666666.666667,0.885438292813172,-1.0568339977681531,-2.865373829754649,0.39480975796499906,-8.072242440312303,-1.2873191248777576,0.39480975796499906,-8.072242440312303,-1.2873191248777576,0.8841104558113242,-1.0698694655155974,-2.865587271041466
4672672672.672672,0.8860387562516223,-1.0509456241529558,-2.88661533968306,0.39369298713966255,-8.09684642472743,-1.308795232543523,0.39369298713966255,-8.09684642472743,-1.308795232543523,0.8847140632950283,-1.06394138374712,-2.8876859114247906
4678678678.6786785,0.8866642859223932,-1.0448156838506057,-2.907768978337194,0.3925222247397349,-8.122714966472845,-1.330186601477249,0.3925222247397349,-8.122714966472845,-1.330186601477249,0.885343380502778,-1.057765109566505,-2.9096938783011552
4684684684.684685,0.8873139782425808,-1.0384535359504385,-2.9288333175512973,0.391298726955403,-8.14983130046547,-1.3514916266844461,0.391298726955403,-8.14983130046547,-1.3514916266844461,0.8859974875096258,-1.0513501934610727,-2.931609244136104
4690690690.690691,0.8879869178174639,-1.0318686475256758,-2.9498069818678054,0.3900237694759867,-8.178178493434471,-1.3727087571052041,0.3900237694759867,-8.178178493434471,-1.3727087571052041,0.8866754519953937,-1.0447063000977916,-2.953430149133118
4696696696.696697,0.888682179618781,-1.0250705694898916,-2.9706886483256967,0.3886986453891824,-8.207739457558787,-1.3938364956566467,0.3886986453891824,-8.207739457558787,-1.3938364956566467,0.8873763314855327,-1.037843183390209,-2.975154801482813
4702702702.7027025,0.8893988311194823,-1.018068913048462,-2.991477046223305,0.387324663105709,-8.238496963986435,-1.4148733992351497,0.387324663105709,-8.238496963986435,-1.4148733992351497,0.8880991755477102,-1.0307706621736363,-2.996781477525748
4708708708.708709,0.890135934378665,-1.010873326818392,-3.012170956856131,0.38590314431320477,-8.270433656231514,-1.435818078678689,0.38590314431320477,-8.270433656231514,-1.435818078678689,0.8888430279375759,-1.02349859656552,-3.018308521830493
4714714714.714715,0.8908925480709127,-1.0034934746828257,-3.03276921323037,0.38443542196301983,-8.303532063444793,-1.4566691986898606,0.38443542196301983,-8.303532063444793,-1.4566691986898606,0.8896069286876994,-1.016036865080361,-3.039734347188891
4720720720.72072,0.8916677294547422,-0.9959390144395962,-3.0532706997525416,0.38292283829336254,-8.337774613553089,-1.477425477719988,0.38292283829336254,-8.337774613553089,-1.477425477719988,0.8903899161341782,-1.0083953425613295,-3.0610574345305497
4726726726.726727,0.8924605362753789,-0.9882195772961087,-3.073674351895603,0.3813667428920577,-8.373143646262399,-1.4980856878147135,0.3813667428920577,-8.373143646262399,-1.4980856878147135,0.8911910288759507,-1.0005838789832504,-3.0822763327586276
4732732732.732733,0.8932700285975793,-0.9803447482559189,-3.0939791558417653,0.37976849080198954,-8.40962142591883,-1.5186486544214406,0.37976849080198954,-8.40962142591883,-1.5186486544214406,0.8920093076623622,-0.9926122791745398,-3.1033896585091156
4738738738.738739,0.8940952705647469,-0.9723240474353089,-3.1141841481022623,0.3781294406720794,-8.447190154221545,-1.5391132561590661,0.3781294406720794,-8.447190154221545,-1.5391132561590661,0.8928437972050925,-0.9844902834980882,-3.1243960958359636
4744744744.744745,0.8949353320810745,-0.9641669123415944,-3.1342884151141606,0.3764509529564626,-8.485831982780885,-1.5594784245503628,0.3764509529564626,-8.485831982780885,-1.5594784245503628,0.8936935479110408,-0.9762275495244468,-3.1452943958244015
4750750750.750751,0.8957892904139597,-0.9558826811381573,-3.1542910928143173,0.374734388164317,-8.525529025514746,-1.5797431437174394,0.374734388164317,-8.525529025514746,-1.5797431437174394,0.8945576175332979,-0.9678336347236054,-3.1660833761349405
4756756756.756757,0.8966562317144193,-0.9474805769149729,-3.1741913661905903,0.37298110516258215,-8.566263370875863,-1.599906450040758,0.37298110516258215,-8.566263370875863,-1.599906450040758,0.8954350727378697,-0.9593179801947884,-3.1867619204805955
4762762762.762763,0.8975352524537064,-0.9389696929772607,-3.1939884688103,0.371192459533617,-8.608017093902042,-1.6199674317821204,0.371192459533617,-8.608017093902042,-1.6199674317821204,0.8963249905842564,-0.9506898954478538,-3.2073289780398953
4768768768.768768,0.8984254607748088,-0.9303589791589927,-3.2136816823260768,0.3693698019896122,-8.650772268081543,-1.639925228672228,0.3693698019896122,-8.650772268081543,-1.639925228672228,0.8972264599185141,-0.9419585442433804,-3.227783562808398
4774774774.774775,0.8993259777579217,-0.9216572291627816,-3.2332703359591597,0.36751447684538796,-8.694510977025104,-1.659779031463365,0.36751447684538796,-8.694510977025104,-1.659779031463365,0.89813858267787,-0.9331329314930032,-3.2481247528913975
4780780780.780781,0.9002359385994398,-0.9128730689222425,-3.2527538059602032,0.36562782055098636,-8.73921532593618,-1.6795280814478017,0.36562782055098636,-8.73921532593618,-1.6795280814478017,0.8990604751064007,-0.9242218912161527,-3.268351689740529
4786786786.786787,0.901154493704421,-0.9040149459781286,-3.2721315150478407,0.3637111602852658,-8.784867452870838,-1.6991716699426638,0.3637111602852658,-8.784867452870838,-1.6991716699426638,0.8999912688817148,-0.9152340755442846,-3.2884635773371325
4792792792.792793,0.9020808096928323,-0.8950911198552874,-3.29140293182512,0.3617658126115009,-8.831449539778593,-1.7187091377419916,0.3617658126115009,-8.831449539778593,-1.7187091377419916,0.9009301121529522,-0.9061779447592216,-3.308459681325138
4798798798.798799,0.9030140703202615,-0.8861096534233224,-3.3105675701740878,0.3597930821957943,-8.878943823315517,-1.7381398745368137,0.3597930821957943,-8.878943823315517,-1.7381398745368137,0.9018761704908244,-0.8970617583476825,-3.328339328096318
4804804804.804805,0.9039534773141249,-0.8770784052199789,-3.3296249886288414,0.3577942605888978,-8.927332605421151,-1.7574633183041308,0.3577942605888978,-8.927332605421151,-1.7574633183041308,0.9028286277507191,-0.8878935670506017,-3.348101903830767
4810810810.810811,0.9048982511266902,-0.8680050227131924,-3.3485747897274076,0.3557706250718632,-8.976598263650686,-1.7766789546657369,0.3557706250718632,-8.976598263650686,-1.7766789546657369,0.9037866868502569,-0.8786812058820087,-3.3677468534954453
4816816816.816816,0.9058476316065388,-0.8588969364745389,-3.367416619342859,0.3537234375657397,-9.026723261254254,-1.7957863162178964,0.3537234375657397,-9.026723261254254,-1.7957863162178964,0.9047495704629536,-0.8694322880893935,-3.3872736798036147
4822822822.822823,0.9068008785903314,-0.8497613552344463,-3.3861501659942688,0.35165394360535707,-9.077690156995464,-1.8147849818330273,0.35165394360535707,-9.077690156995464,-1.8147849818330273,0.9057165216299241,-0.8601542000246907,-3.406681942138101
4828828828.828829,0.9077572724170059,-0.8406052617869598,-3.404775160137961,0.34956337137705834,-9.129481614701492,-1.8336745759344122,0.34956337137705834,-9.129481614701492,-1.8336745759344122,0.9066868042918003,-0.8508540968926785,-3.4259712554410937
4834834834.834835,0.9087161143667052,-0.8314354097103381,-3.4232913734397874,0.3474529308200723,-9.182080412537546,-1.8524547677452328,0.3474529308200723,-9.182080412537546,-1.8524547677452328,0.9076597037432531,-0.8415388993416305,-3.445141289073368
4840840840.840841,0.9096767270269542,-0.8222583208678229,-3.441698618029124,0.34532381279105084,-9.235469451998986,-1.871125270513145,0.34532381279105084,-9.235469451998986,-1.871125270513145,0.9086345270126981,-0.8322152908594217,-3.464191765645683
4846846846.846847,0.9106384545887427,-0.8130802836518641,-3.4599967457353995,0.3431771882911382,-9.289631766614878,-1.889685840711745,0.3431771882911382,-9.289631766614878,-1.889685840711745,0.9096106031699308,-0.8228897159369453,-3.4831224598251422
4852852852.852853,0.9116006630753183,-0.8039073519340068,-3.4781856473079427,0.3410142077547999,-9.344550530357102,-1.9081362772202177,0.3410142077547999,-9.344550530357102,-1.9081362772202177,0.9105872835645709,-0.8135683789597979,-3.5019331971191545
4858858858.858859,0.9125627405065958,-0.7947453446820776,-3.4962652516201076,0.33883600039948786,-9.400209065749966,-1.9264764204825864,0.33883600039948786,-9.400209065749966,-1.9264764204825864,0.9115639419983164,-0.8042572437884066,-3.520623852639694
4864864864.864864,0.9135240970021921,-0.7855998462057616,-3.5142355248586736,0.3366436736350869,-9.45659085167585,-1.944706151648064,0.3366436736350869,-9.45659085167585,-1.944706151648064,0.9125399748341063,-0.7949620339863324,-3.5391943498505234
4870870870.870871,0.9144841648261591,-0.7764762069915441,-3.532096469699462,0.33443831253197626,-9.513679530872794,-1.9628253916938714,0.33443831253197626,-9.513679530872794,-1.9628253916938714,0.9135148010453448,-0.7856882336564532,-3.5576446592998496
4876876876.876877,0.9154423983765282,-0.7673795450881544,-3.5498481244702833,0.3322209793464148,-9.571458917120854,-1.9808341005320513,0.3322209793464148,-9.571458917120854,-1.9808341005320513,0.914487862208407,-0.77644108884465,-3.5759747973409444
4882882882.882883,0.9163982741228384,-0.7583147480035997,-3.56749056230234,0.32999271310185774,-9.629913002114622,-1.998732276101832,0.32999271310185774,-9.629913002114622,-1.998732276101832,0.9154586224416741,-0.767225609470948,-3.594184824843202
4888888888.888889,0.9173512904947884,-0.7492864750758034,-3.5850238902711897,0.32775452922471665,-9.689025962020072,-2.0165199534489835,0.32775452922471665,-9.689025962020072,-2.0165199534489835,0.9164265682943467,-0.7580465717486151,-3.6122748458959437
4894894894.894895,0.9183009677251989,-0.7402991602789756,-3.602448248528461,0.3255074192329929,-9.748782163714386,-2.0341972037937457,0.3255074192329929,-9.748782163714386,-2.0341972037937457,0.9173912085882923,-0.7489085210523208,-3.6302450065072756
4900900900.900901,0.9192468476504069,-0.7313570154290654,-3.6197638094255384,0.32325235047613315,-9.809166170708325,-2.051764133588862,0.32325235047613315,-9.809166170708325,-2.051764133588862,0.9183520742161654,-0.7398157751971974,-3.648095493300241
4906906906.906907,0.9201884934712197,-0.7224640337521858,-3.6369707766303834,0.32099026592439567,-9.870162748751147,-2.0692208835692054,0.32099026592439567,-9.870162748751147,-2.0692208835692054,0.9193087178989826,-0.7307724280918306,-3.665826532208367
4912912912.912913,0.9211254894774695,-0.7136239937813084,-3.654069384238775,0.31872208400594415,-9.931756871119195,-2.086567627794545,0.31872208400594415,-9.931756871119195,-2.086567627794545,0.9202607139063158,-0.7217823537289985,-3.683438387172682
4918918918.918919,0.9220574407391942,-0.7048404635472647,-3.671059895881159,0.31644869848985774,-9.993933723589311,-2.1038045726869536,0.31644869848985774,-9.993933723589311,-2.1038045726869536,0.9212076577421813,-0.7128492104793981,-3.7009313588421775
4924924924.924925,0.9229839727673694,-0.6961168050315902,-3.6879426038263854,0.3141709784131861,-10.056678709099497,-2.1209319560643256,0.3141709784131861,-10.056678709099497,-2.1209319560643256,0.922149165799642,-0.7039764456547715,-3.7183057832796065
4930930930.930931,0.9239047311470489,-0.6874561788499862,-3.7047178280834827,0.3118897680501633,-10.119977452099365,-2.1379500461714414,0.3118897680501633,-10.119977452099365,-2.1379500461714414,0.9230848749870784,-0.6951673003080081,-3.7355620306743647
4936936936.936937,0.9248193811456927,-0.6788615491363819,-3.7213859155027884,0.3096058869216564,-10.183815802594001,-2.1548591407100552,0.3096058869216564,-10.183815802594001,-2.1548591407100552,0.9240144423289408,-0.6864248142397016,-3.752700504064243
4942942942.942943,0.9257276072993587,-0.6703356885991463,-3.7379472388775383,0.30732012984292284,-10.248179839885015,-2.1716595658693367,0.30732012984292284,-10.248179839885015,-2.1716595658693367,0.9249375445437791,-0.677751831181359,-3.769721638067619
4948948948.948949,0.926629112979351,-0.6618811837221882,-3.754402196047171,0.30503326700773314,-10.31305587601343,-2.1883516753580703,0.30503326700773314,-10.31305587601343,-2.1883516753580703,0.9258538776021661,-0.6691510041276347,-3.786625897627629
4954954954.954955,0.9275236199417763,-0.6535004400855635,-3.770751209003447,0.30274604410692213,-10.378430458909376,-2.2049358494398845,0.30274604410692213,-10.378430458909376,-2.2049358494398845,0.9267631562670772,-0.6606248007909955,-3.80341377676977
4960960960.960961,0.9284108678624222,-0.6451956877809302,-3.7869947230005034,0.30045918247943365,-10.444290375254191,-2.2214124939727733,0.30045918247943365,-10.444290375254191,-2.2214124939727733,0.9276651136191626,-0.6521755091538356,-3.8200857973742415
4966966966.966967,0.9292906138591817,-0.6369689868994373,-3.803133205670016,0.29817337929393645,-10.510622653060981,-2.2377820394541987,0.29817337929393645,-10.510622653060981,-2.2377820394541987,0.9285595005692268,-0.6438052430946659,-3.8366425079643807
4972972972.972973,0.9301626320041969,-0.6288222330704758,-3.8191671461424126,0.29588930775911265,-10.577414563980017,-2.2540449400728324,0.29588930775911265,-10.577414563980017,-2.2540449400728324,0.9294460853601232,-0.6355159480663859,-3.853084482512247
4978978978.978979,0.9310267128277556,-0.6207571630313947,-3.835097054175194,0.2936076173607464,-10.64465362533564,-2.270201672768128,0.2936076173607464,-10.64465362533564,-2.270201672768128,0.9303246530601639,-0.6273094068060591,-3.869412319262496
4984984984.984985,0.931882662815847,-0.6127753602097942,-3.8509234592893966,0.29132893412374705,-10.712327601902427,-2.286252736298784,0.29132893412374705,-10.712327601902427,-2.286252736298784,0.9311950050500014,-0.6191872450572697,-3.885626639575584
4990990990.990991,0.9327303039032218,-0.6048782603009059,-3.866646909915004,0.28905386089731727,-10.780424507427428,-2.3021986503210474,0.28905386089731727,-10.780424507427428,-2.3021986503210474,0.9320569585048513,-0.6111509372873161,-3.9017280867911026
4996996996.996997,0.9335694729636136,-0.5970671568245909,-3.882267972546297,0.2867829776614713,-10.848932605906867,-2.3180399544778716,0.2867829776614713,-10.848932605906867,-2.3180399544778716,0.9329103458737927,-0.6032018123829846,-3.9177173251121853
5003003003.003003,0.9344000212987371,-0.5893432066471299,-3.8977872309078965,0.2845168418531854,-10.917840412624948,-2.3337772074997725,0.2845168418531854,-10.917840412624948,-2.3337772074997725,0.9337550143577753,-0.5953410593099626,-3.933595038511649
5009009009.009009,0.9352218141275233,-0.5817074354546521,-3.9132052851323347,0.28225598871047913,-10.98713669496349,-2.3494109863182486,0.28225598871047913,-10.98713669496349,-2.3494109863182486,0.9345908253878303,-0.5875697327223635,-3.9493619296605904
5015015015.015015,0.9360347300769615,-0.5741607431660974,-3.9285227509498495,0.2800009316328029,-11.056810472990449,-2.364941885192503,0.2800009316328029,-11.056810472990449,-2.364941885192503,0.9354176541049102,-0.5798887585097826,-3.9650187188799846
5021021021.021021,0.9368386606758198,-0.5667039092747085,-3.9437402588911366,0.27775216255612933,-11.126851019836401,-2.3803705148502594,0.27775216255612933,-11.126851019836401,-2.3803705148502594,0.9362353888426422,-0.572298939270736,-3.98056614311587
5027027027.027027,0.937633509852389,-0.5593375981083595,-3.95885845350359,0.27551015234123194,-11.197247861867275,-2.395697501643206,0.27551015234123194,-11.197247861867275,-2.395697501643206,0.9370439306141707,-0.564800959702577,-3.996004954938445
5033033033.033033,0.9384191934373264,-0.5520623639998359,-3.973877992581733,0.2732753511736557,-11.267990778662627,-2.4109234867178064,0.2732753511736557,-11.267990778662627,-2.4109234867178064,0.937843192604201,-0.5573953918986554,-4.011335921565571
5039039039.039039,0.9391956386725602,-0.5448786563593402,-3.9887995464122827,0.27104818897396676,-11.339069802808147,-2.426049125201936,0.27104818897396676,-11.339069802808147,-2.426049125201936,0.9386330996672168,-0.5500827005449705,-4.026559823910924
5045045045.045045,0.9399627837271234,-0.537786824642478,-4.003623797034367,0.26882907581691234,-11.410475219511486,-2.441075085407872,0.26882907581691234,-11.410475219511486,-2.441075085407872,0.9394135878327788,-0.5428632480092137,-4.041677455657041
5051051051.051051,0.9407205772207121,-0.5307871232077241,-4.018351437515289,0.2666184023581864,-11.482197566050296,-2.456002048052038,0.2666184023581864,-11.482197566050296,-2.456002048052038,0.940184603818694,-0.5357372993163366,-4.056689622353458
5057057057.057057,0.9414689777556715,-0.523879716058296,-4.032983171242263,0.2644165402675584,-11.554227631061366,-2.4708307054919545,0.2644165402675584,-11.554227631061366,-2.4708307054919545,0.9409461045527978,-0.5287050270052263,-4.071597140540042
5063063063.063063,0.9422079534580143,-0.5170646814643226,-4.047519711230423,0.26222384266716375,-11.626556453680156,-2.4855617609806484,0.26222384266716375,-11.626556453680156,-2.4855617609806484,0.9416980567039654,-0.5217665158623606,-4.0864008368956135
5069069069.069069,0.9429374815280487,-0.5103420164614946,-4.061961779447392,0.260040644573842,-11.699175322539174,-2.5001959279388712,0.260040644573842,-11.699175322539174,-2.5001959279388712,0.942440436222919,-0.5149217675287444,-4.101101547411846
5075075075.075075,0.943657547801051,-0.5037116412237084,-4.076310106154683,0.2578672633444458,-11.772075774634223,-2.5147339292453212,0.2578672633444458,-11.772075774634223,-2.5147339292453212,0.9431732278933239,-0.5081707049771892,-4.115700116592428
5081081081.081081,0.9443681463184281,-0.4971734033071642,-4.090565429266058,0.2557039991231115,-11.845249594067093,-2.529176496545063,0.2557039991231115,-11.845249594067093,-2.529176496545063,0.9438964248935752,-0.5015131768578484,-4.130197396677369
5087087087.087088,0.945069278909675,-0.49072708176463914,-4.104728493723112,0.25355113528953127,-11.918688810673572,-2.5435243695763243,0.25355113528953127,-11.918688810673572,-2.5435243695763243,0.9446100283696314,-0.49494896171031,-4.144594246892405
5093093093.093093,0.9457609547854451,-0.48437239112857217,-4.118800050888085,0.2514089389073427,-11.992385698544775,-2.5577782955157278,0.2514089389073427,-11.992385698544775,-2.5577782955157278,0.9453140470191889,-0.48847777204118176,-4.158891532723234
5099099099.099099,0.9464431901419202,-0.4781089852627788,-4.132780857954058,0.24927766117177833,-12.066332774450641,-2.5719390283420456,0.24927766117177833,-12.066332774450641,-2.5719390283420456,0.9460084966874197,-0.4820992582666942,-4.17309012521447
5105105105.105105,0.9471160077766895,-0.47193646108237586,-4.146671677372515,0.24715753785580627,-12.140522796173222,-2.586007328218489,0.24715753785580627,-12.140522796173222,-2.586007328218489,0.9466933999744498,-0.47581301252028246,-4.187190900293002
5111111111.111111,0.9477794367162375,-0.46585436214249587,-4.160473276298331,0.24504878975401304,-12.214948760758253,-2.599983960893546,0.24504878975401304,-12.214948760758253,-2.599983960893546,0.9473687858547121,-0.469618572325457,-4.201194738115555
5117117117.117117,0.9484335118551319,-0.459862182096431,-4.174186426052119,0.242951623123557,-12.289603902692514,-2.6138696971202804,0.242951623123557,-12.289603902692514,-2.6138696971202804,0.9480346893082542,-0.4635154241347567,-4.215102522440087
5123123123.123123,0.9490782736069407,-0.45395936802433784,-4.1878119015998685,0.2408662301215607,-12.364481692014662,-2.6276653120940345,0.2408662301215607,-12.364481692014662,-2.6276653120940345,0.94869115096403,-0.4575030067359987,-4.228915140020737
5129129129.129129,0.9497137675668943,-0.44814532363378046,-4.2013504810498565,0.2387927892383488,-12.43957583236735,-2.64137158490846,0.2387927892383488,-12.43957583236735,-2.64137158490846,0.9493382167551896,-0.45158071452713766,-4.242633480025981
5135135135.135136,0.9503400441862349,-0.44241941233396254,-4.214802945166601,0.2367314657260184,-12.514880258997167,-2.654989298029653,0.2367314657260184,-12.514880258997167,-2.654989298029653,0.9499759375863194,-0.44574790066158104,-4.256258433479552
5141141141.141141,0.950957158458201,-0.4367809601854531,-4.228170076901836,0.23468241202182524,-12.590389136710357,-2.6685192367883386,0.23468241202182524,-12.590389136710357,-2.6685192367883386,0.9506043690125703,-0.44000388006589,-4.269790892723799
5147147147.147147,0.9515651696155547,-0.4312292587274996,-4.241452660942249,0.23264576816596413,-12.666096857790325,-2.6819621888898264,0.23264576816596413,-12.666096857790325,-2.6819621888898264,0.9512235709305734,-0.4343479323320951,-4.283231750905059
5153153153.153153,0.9521641408395107,-0.42576356768543905,-4.2546514832738325,0.2306216622133202,-12.741998039884315,-2.695318943941561,0.2306216622133202,-12.741998039884315,-2.695318943941561,0.9518336072810217,-0.42877930448700524,-4.296581901480549
5159159159.159159,0.9527541389799387,-0.4203831175605407,-4.267767330762656,0.22861021063884077,-12.81808752386511,-2.7085902929980596,0.22861021063884077,-12.81808752386511,-2.7085902929980596,0.9524345457627587,-0.42329721364117395,-4.3098422377464285
5165165165.165165,0.9533352342866723,-0.41508711210492605,-4.280800990751802,0.2266115187361897,-12.894360371674532,-2.7217770281229567,0.2266115187361897,-12.894360371674532,-2.7217770281229567,0.9530264575582187,-0.4179008495201062,-4.323013652386516
5171171171.171171,0.95390750015172,-0.40987473068451175,-4.293753250674225,0.22462568100940628,-12.970811864154314,-2.7348799419678764,0.22462568100940628,-12.970811864154314,-2.7348799419678764,0.9536094170700169,-0.4125893768806707,-4.336097037041185
5177177177.177177,0.9544710128621984,-0.4047451305326115,-4.306624897681305,0.22265278155730284,-13.047437498870575,-2.747899827367895,0.22265278155730284,-13.047437498870575,-2.747899827367895,0.9541835016684864,-0.40736193781561336,-4.349093281896016
5183183183.183184,0.9550258513637698,-0.3996974488971852,-4.319416718286781,0.22069289445038864,-13.124232987937198,-2.7608374769532644,0.22069289445038864,-13.124232987937198,-2.7608374769532644,0.9547487914499487,-0.4022176539491481,-4.362003275289675
5189189189.189189,0.9555720970343352,-0.3947308050849107,-4.332129498025807,0.2187460841001175,-13.201194255843978,-2.773693682777082,0.2187460841001175,-13.201194255843978,-2.773693682777082,0.9553053690054732,-0.3971556285268046,-4.37482790334056
5195195195.195195,0.9561098334677656,-0.3898443024049335,-4.344764021128856,0.2168124056203114,-13.278317437294248,-2.7864692359586254,0.2168124056203114,-13.278317437294248,-2.7864692359586254,0.9558533191998903,-0.3921749484025966,-4.3875680495917155
5201201201.201201,0.9566391462674267,-0.3850370300153624,-4.357321070210075,0.2148919051806132,-13.355598875057561,-2.799164926341966,0.2148919051806132,-13.355598875057561,-2.799164926341966,0.9563927289607984,-0.3872746859267309,-4.400224594673506
5207207207.207207,0.9571601228492156,-0.3803080646758567,-4.369801425969908,0.2129846203518692,-13.433035117841907,-2.8117815421695806,0.2129846203518692,-13.433035117841907,-2.8117815421695806,0.9569236870773169,-0.3824539007369503,-4.41279841598358
5213213213.213213,0.957672852253883,-0.37565647240909006,-4.38220586691157,0.21109058044334925,-13.510622918190585,-2.8243198697705827,0.21109058044334925,-13.510622918190585,-2.8243198697705827,0.9574462840083041,-0.3777116414568082,-4.4252903873836384
5219219219.219219,0.958177424968353,-0.37108131007443146,-4.394535169071066,0.20920980683175547,-13.588359230407697,-2.8367806932632207,0.20920980683175547,-13.588359230407697,-2.8367806932632207,0.9579606116997795,-0.3730469473040009,-4.437701378912464
5225225225.225225,0.9586739327557824,-0.366581626856824,-4.406790105760467,0.2073423132819695,-13.66624120851709,-2.8491647942713185,0.2073423132819695,-13.66624120851709,-2.8491647942713185,0.9584667634112787,-0.36845884961188985,-4.450032256514762
5231231231.231232,0.9591624684940898,-0.362156465673935,-4.418971447324056,0.2054881062595181,-13.744266204258969,-2.861472951654269,0.2054881062595181,-13.744266204258969,-2.861472951654269,0.9589648335508536,-0.3639463732674713,-4.462283881785339
5237237237.237237,0.9596431260226809,-0.35780486450464266,-4.43107996090702,0.20364718523477157,-13.82243176512752,-2.8737059412502224,0.20364718523477157,-13.82243176512752,-2.8737059412502224,0.9594549175184559,-0.35950853806878,-4.474457111728071
5243243243.243243,0.9601159999971073,-0.35352585764177114,-4.443116410236396,0.20181954297886331,-13.900735632454662,-2.885864535632143,0.20181954297886331,-13.900735632454662,-2.885864535632143,0.9599371115574277,-0.355144360004782,-4.486552798529259
5249249249.249249,0.9605811857513772,-0.34931847687214834,-4.455081555413849,0.20000516585139247,-13.979175739542315,-2.8979495038763154,0.20000516585139247,-13.979175739542315,-2.8979495038763154,0.9604115126138024,-0.3508528524609836,-4.498571789344834
5255255255.255255,0.9610387791676597,-0.34518175258678274,-4.466976152720024,0.19820403407993192,-14.057750209847894,-2.9099616113429794,0.19820403407993192,-14.057750209847894,-2.9099616113429794,0.9608782182031688,-0.34663302735348867,-4.510514926100983
5261261261.261261,0.9614888765531202,-0.34111471482398503,-4.478800954430094,0.19641612203140998,-14.136457355226096,-2.921901619468728,0.19641612203140998,-14.136457355226096,-2.921901619468728,0.9613373262848208,-0.3424838961944599,-4.522383045307734
5267267267.267267,0.9619315745236118,-0.3371163942483333,-4.490556708640138,0.1946413984754449,-14.215295674230033,-2.933770285570258,0.1946413984754449,-14.215295674230033,-2.933770285570258,0.9617889351429091,-0.338404471092002,-4.534176977884988
5273273273.273273,0.9623669698939754,-0.33318582306808725,-4.502244159104112,0.19287982683969457,-14.294263850475897,-2.945568362659214,0.19287982683969457,-14.294263850475897,-2.945568362659214,0.9622331432743502,-0.33439376568704515,-4.545897549000669
5279279279.27928,0.9627951595746903,-0.3293220358937535,-4.513864045080952,0.19113136545733753,-14.373360751073264,-2.957296599267641,0.19113136545733753,-14.373360751073264,-2.957296599267641,0.9626700492832195,-0.33045079603008976,-4.557545577920405
5285285285.285285,0.9632162404746261,-0.3255240705403614,-4.525417101191596,0.18939596780676593,-14.452585425125053,-2.9689557392838264,0.18939596780676593,-14.452585425125053,-2.9689557392838264,0.9630997517813841,-0.32657458140034834,-4.569121877868451
5291291291.291291,0.9636303094096429,-0.321790968776045,-4.536904057285527,0.18767358274361567,-14.531937102299468,-2.9805465217980704,0.18767358274361567,-14.531937102299468,-2.9805465217980704,0.9635223492951119,-0.32276414506996665,-4.580627255899328
5297297297.2972975,0.9640374630168151,-0.3181217770192344,-4.5483256383165465,0.18596415472524194,-14.611415191477226,-2.992069680958102,0.18596415472524194,-14.611415191477226,-2.992069680958102,0.9639379401774198,-0.3190185150157773,-4.592062512779822
5303303303.303303,0.9644377976740235,-0.31451554698700834,-4.5596825642274545,0.18426762402776217,-14.691019279476972,-3.003525945833788,0.18426762402776217,-14.691019279476972,-3.003525945833788,0.9643466225259228,-0.31533672458097106,-4.603428442880917
5309309309.309309,0.9648314094247106,-0.3109713362966907,-4.57097554984333,0.18258392695580314,-14.77074912986138,-3.0149160402908017,0.18258392695580314,-14.77074912986138,-3.0149160402908017,0.964748494105936,-0.3117178130891847,-4.61472583407929
5315315315.315315,0.9652183939075515,-0.3074882090231453,-4.582205304773106,0.18091299604507882,-14.850604681826987,-3.0262406828728894,0.18091299604507882,-14.850604681826987,-3.0262406828728894,0.9651436522786273,-0.30816082641304027,-4.62595546766795
5321321321.3213215,0.9655988462908387,-0.30406523621376713,-4.593372533319122,0.1792547602579374,-14.930586049180455,-3.0375005866924694,0.1792547602579374,-14.930586049180455,-3.0375005866924694,0.9655321939339677,-0.3046648174996241,-4.637118118275672
5327327327.327328,0.9659728612113656,-0.3007014963632922,-4.60447793439439,0.17760914517202253,-15.010693519403821,-3.048696459329184,0.17760914517202253,-15.010693519403821,-3.048696459329184,0.9659142154282836,-0.3012288468548445,-4.648214553794867
5333333333.333333,0.9663405327176012,-0.297396075850452,-4.615522201447256,0.1759760731621898,-15.090927552811536,-3.059829002736132,0.1759760731621898,-15.090927552811536,-3.059829002736132,0.966289812526201,-0.29785198298873,-4.659245535317502
5339339339.339339,0.9667019542169594,-0.29414806933838844,-4.626506022393203,0.17435546357582343,-15.171288781802039,-3.070898913153455,0.17435546357582343,-15.171288781802039,-3.070898913153455,0.9666590803467666,-0.29453330282375867,-4.670211817078757
5345345345.3453455,0.9670572184269648,-0.29095658014073467,-4.637430079553481,0.17274723290170993,-15.251778010206165,-3.0819068810289787,0.17274723290170993,-15.251778010206165,-3.0819068810289787,0.96702211331356,-0.29127189206801185,-4.681114146408062
5351351351.351352,0.9674064173301437,-0.2878207205550331,-4.648295049600341,0.1711512949326047,-15.332396212735677,-3.0928535909456136,0.1711512949326047,-15.332396212735677,-3.0928535909456136,0.9673790051085992,-0.28806684555507067,-4.691953263687202
5357357357.357357,0.9677496421324336,-0.2847396121654327,-4.659101603508559,0.16956756092165617,-15.413144534534,-3.103739721555238,0.16956756092165617,-15.413144534534,-3.103739721555238,0.9677298486298628,-0.2849172675523359,-4.702729902315168
5363363363.363363,0.9680869832249682,-0.2817123861160669,-4.669850406513065,0.1679959397328288,-15.494024290832316,-3.1145659455187658,0.1679959397328288,-15.494024290832316,-3.1145659455187658,0.9680747359522399,-0.28182227203957533,-4.713444788679452
5369369369.3693695,0.9684185301490402,-0.27873818335694367,-4.68054211807233,0.1664363379854809,-15.57503696671356,-3.12533292945212,0.1664363379854809,-15.57503696671356,-3.12533292945212,0.9684137582917491,-0.27878098295920806,-4.724098642133476
5375375375.375376,0.9687443715641041,-0.27581615486368205,-4.691177391837353,0.16488866019324896,-15.656184216987114,-3.136041333877861,0.16488866019324896,-15.656184216987114,-3.136041333877861,0.9687470059728502,-0.2757925344399776,-4.734692174979883
5381381381.381382,0.9690645952186471,-0.272945461832682,-4.701756875625984,0.1633528088973819,-15.737467866177369,-3.14669181318219,0.1633528088973819,-15.737467866177369,-3.14669181318219,0.969074568398696,-0.272856070995458,-4.745226092459419
5387387387.387387,0.9693792879237821,-0.2701252758531021,-4.712281211402329,0.16182868479468593,-15.818889908628588,-3.1572850155770795,0.16182868479468593,-15.818889908628588,-3.1572850155770795,0.969396534024165,-0.26997074769887097,-4.755701092745111
5393393393.3933935,0.969688535529427,-0.26735477905690747,-4.722751035261055,0.1603161868602167,-15.900452508729625,-3.1678215830672682,0.1603161868602167,-15.900452508729625,-3.1678215830672682,0.969712990331538,-0.2671357303354997,-4.766117866941504
5399399399.3994,0.9699924229029134,-0.2646331642484252,-4.733166977416333,0.15881521246487623,-15.982158001261116,-3.1783021514218754,0.15881521246487623,-15.982158001261116,-3.1783021514218754,0.9700240238086585,-0.264350195534161,-4.7764770990886865
5405405405.405405,0.970291033909911,-0.26195963501447445,-4.743529662195268,0.15732565748805236,-16.064008891868696,-3.1887273501504256,0.15732565748805236,-16.064008891868696,-3.1887273501504256,0.9703297199294638,-0.26161333087879884,-4.786779466170904
5411411411.411411,0.9705844513975285,-0.25933340581632913,-4.753839708035556,0.15584741642544664,-16.146007857665488,-3.19909780248301,0.15584741642544664,-16.146007857665488,-3.19909780248301,0.9706301631367394,-0.25892433500154016,-4.7970256381294725
5417417417.417418,0.9708727571794632,-0.25675370206468767,-4.764097727487208,0.15438038249223354,-16.228157747967245,-3.2094141253543715,0.15438038249223354,-16.228157747967245,-3.2094141253543715,0.9709254368269692,-0.25628241765837423,-4.807216277879814
5423423423.423424,0.9711560320231024,-0.25421976017853154,-4.774304327218121,0.1529244477216936,-16.31046158516348,-3.2196769293916945,0.1529244477216936,-16.31046158516348,-3.2196769293916945,0.9712156233371856,-0.25368679978833253,-4.817352041332347
5429429429.42943,0.9714343556384419,-0.2517308276290832,-4.78446010802337,0.15147950305944535,-16.3929225657291,-3.229886818905903,0.15147950305944535,-16.3929225657291,-3.229886818905903,0.9715008039336699,-0.251136713557526,-4.827433577417105
5435435435.435435,0.9717078066687231,-0.24928616296975975,-4.794565664837947,0.1500454384534281,-16.47554406137943,-3.240044391886198,0.1500454384534281,-16.47554406137943,-3.240044391886198,0.9717810588024243,-0.24863140238873854,-4.837461528111777
5441441441.441442,0.9719764626826878,-0.24688503585302032,-4.8046215867529005,0.14862214293975395,-16.558329620373453,-3.2501502399977054,0.14862214293975395,-16.558329620373453,-3.2501502399977054,0.9720564670412893,-0.24617012097771698,-4.8474365284730965
5447447447.447448,0.9722404001683544,-0.24452672703496947,-4.814628457034576,0.14720950472456565,-16.641282968969218,-3.2602049485819573,0.14720950472456565,-16.641282968969218,-3.2602049485819573,0.9723271066536165,-0.24375213529696282,-4.857359206671258
5453453453.453453,0.9724996945282041,-0.2422105283687165,-4.824586853146912,0.14580741126202745,-16.72440801303578,-3.2702090966600688,0.14580741126202745,-16.72440801303578,-3.2702090966600688,0.9725930545433996,-0.24137672258788018,-4.867230184027322
5459459459.459459,0.9727544200757171,-0.23993574278699764,-4.834497346776583,0.14441574932856738,-16.807708839826823,-3.2801632569383896,0.14441574932856738,-16.807708839826823,-3.2801632569383896,0.9728543865117685,-0.23904317134213465,-4.877050075053341
5465465465.465466,0.9730046500331418,-0.23770168427512905,-4.844360503860829,0.14303440509350215,-16.89118971992018,-3.2900679958164387,0.14303440509350215,-16.89118971992018,-3.2900679958164387,0.9731111772547593,-0.23675078127298638,-4.886819487495069
5471471471.471472,0.9732504565304391,-0.23550767783476595,-4.85417688461788,0.14166326418615396,-16.974855109329155,-3.299923873396964,0.14166326418615396,-16.974855109329155,-3.299923873396964,0.9733635003622826,-0.23449886327727879,-4.896539022377134
5477477477.477478,0.9734919106053097,-0.23335305943928986,-4.863947043579794,0.1403022117595814,-17.058709651790572,-3.309731443497917,0.1403022117595814,-17.058709651790572,-3.309731443497917,0.9736114283182067,-0.23228673938881444,-4.9062092740504575
5483483483.483483,0.9737290822042407,-0.23123717598138524,-4.873671529627591,0.13895113255103353,-17.14275818123563,-3.3194912536661842,0.13895113255103353,-17.14275818123563,-3.3194912536661842,0.9738550325014754,-0.23011374272381557,-4.915830830241837
5489489489.48949,0.9739620401844878,-0.22915938521351376,-4.883350886028581,0.1376099109392412,-17.227005724449352,-3.3292038451929047,0.1376099109392412,-17.227005724449352,-3.3292038451929047,0.9740943831881974,-0.2279792174190208,-4.9254042721055304
5495495495.495496,0.9741908523169408,-0.22711905568175556,-4.892985650475712,0.13627843099864823,-17.311457503925258,-3.3388697531301803,0.13627843099864823,-17.311457503925258,-3.3388697531301803,0.9743295495546342,-0.22588251856304004,-4.934930174276697
5501501501.501501,0.9744155852897985,-0.22511556665363902,-4.902576355128879,0.13495657655069,-17.396118940921884,-3.34848950630904,0.13495657655069,-17.396118940921884,-3.34848950630904,0.9745605996810187,-0.22382301212156522,-4.94440910492658
5507507507.507507,0.974636304712997,-0.22314830804045577,-4.912123526658055,0.13364423121221963,-17.480995658728244,-3.3580636273584754,0.13364423121221963,-17.480995658728244,-3.3580636273584754,0.9747876005561494,-0.2218000748568916,-4.953841625819347
5513513513.513514,0.9748530751233264,-0.22121668031459735,-4.921627686288131,0.13234127844118,-17.56609348614586,-3.367592632725391,0.13234127844118,-17.56609348614586,-3.367592632725391,0.9750106180826951,-0.21981309424232376,-4.963228292370398
5519519519.51952,0.9750659599901943,-0.21932009442228345,-4.931089349845369,0.13104760157961903,-17.651418461195153,-3.377077032695289,0.13104760157961903,-17.651418461195153,-3.377077032695289,0.9752297170831551,-0.21786146837191464,-4.9725696537060955
5525525525.525526,0.9752750217219759,-0.21745797169217657,-4.9405090278054,0.12976308389413618,-17.73697683505494,-3.3865173314135735,0.12976308389413618,-17.73697683505494,-3.3865173314135735,0.9754449613064301,-0.21594460586593378,-4.981866252724796
5531531531.531531,0.9754803216728914,-0.2156297437403998,-4.949887225342621,0.12848760861385633,-17.822775076243506,-3.395914026907256,0.12848760861385633,-17.822775076243506,-3.395914026907256,0.9756564134349377,-0.21406192577260952,-4.991118626159065
5537537537.537538,0.9756819201503899,-0.2138348523721163,-4.959224442380947,0.1272210589660139,-17.908819875051027,-3.405267611106952,0.1272210589660139,-17.908819875051027,-3.405267611106952,0.975864135092244,-0.21221285746638632,-5.000327304639012
5543543543.543544,0.9758798764229707,-0.21207274948025237,-4.968521173645808,0.12596331820923273,-17.99511814823314,-3.4145785698689854,0.12596331820923273,-17.99511814823314,-3.4145785698689854,0.9760681868511463,-0.2103968405432486,-5.009492812756612
5549549549.549549,0.9760742487284092,-0.2103428969416488,-4.977777908717319,0.12471426966458386,-18.081677043976303,-3.4238473829974354,0.12471426966458386,-18.081677043976303,-3.4238473829974354,0.9762686282421794,-0.20861332471332453,-5.0186156691309876
5555555555.555555,0.976265094282354,-0.20864476651089764,-4.986995132084549,0.12347379674449695,-18.168503947146306,-3.4330745242660057,0.12347379674449695,-18.168503947146306,-3.4330745242660057,0.9764655177625052,-0.2068617696911154,-5.027696386474517
5561561561.561562,0.9764524692872456,-0.20697783971228717,-4.996173323200816,0.12224178297961016,-18.25560648483124,-3.4422604614394965,0.12224178297961016,-18.25560648483124,-3.4422604614394965,0.9766589128851275,-0.20514164508382632,-5.036735471659707
5567567567.567568,0.9766364289415312,-0.20534160773006058,-5.005312956539914,0.12101811204361874,-18.34299253219248,-3.4514056562947704,0.12101811204361874,-18.34299253219248,-3.4514056562947704,0.9768488700684262,-0.2034524302778365,-5.045733425786787
5573573573.573574,0.9768170274491346,-0.20373557129732237,-5.0144145016532615,0.11980266777620689,-18.430670218636052,-3.4605105646410217,0.11980266777620689,-18.430670218636052,-3.4605105646410217,0.9770354447659436,-0.20179361432387952,-5.054690744251907
5579579579.579579,0.9769943180291564,-0.2021592405837882,-5.02347842322784,0.11859533420412223,-18.518647934319265,-3.469575636339181,0.11859533420412223,-18.518647934319265,-3.469575636339181,0.9772186914364294,-0.2001646958208439,-5.063607916815915
5585585585.585586,0.9771683529257645,-0.20061213508272113,-5.0325051811449235,0.11739599556046175,-18.606934337007466,-3.4786013153202986,0.11739599556046175,-18.606934337007466,-3.4786013153202986,0.9773986635540651,-0.19856518279888133,-5.072485427673625
5591591591.591592,0.9773391834182623,-0.19909378349712845,-5.0414952305394936,0.1162045363022383,-18.69553835929648,-3.4875880396027092,0.1162045363022383,-18.69553835929648,-3.4875880396027092,0.9775754136188913,-0.19699459260158897,-5.081323755523529
5597597597.597597,0.9775068598312879,-0.19760372362561252,-5.050449021860321,0.11502084112627677,-18.78446921621868,-3.4965362413078314,0.11502084112627677,-18.78446921621868,-3.4965362413078314,0.9777489931673666,-0.19545245176786394,-5.090123373637897
5603603603.603603,0.9776714315451374,-0.1961415022479264,-5.059367000930664,0.11384479498351104,-18.873736413249787,-3.505446346674395,0.11384479498351104,-18.873736413249787,-3.505446346674395,0.9779194527830603,-0.19393829591340198,-5.0988847499332275
5609609609.60961,0.9778329470061714,-0.1947066750105541,-5.068249609009495,0.11267628309173464,-18.96334975473591,-3.514318776070895,0.11267628309173464,-18.96334975473591,-3.514318776070895,0.9780868421074429,-0.19245166961212146,-5.107608347040949
5615615615.615616,0.9779914537373042,-0.19329880631232021,-5.077097282853265,0.11151519094685126,-19.053319352761868,-3.5231539440061272,0.11151519094685126,-19.053319352761868,-3.5231539440061272,0.9782512098507539,-0.1909921262776889,-5.116294622378411
5621621621.621622,0.9781469983485319,-0.1919174691903734,-5.08591045477813,0.11036140433269502,-19.143655636481224,-3.5319522591375194,0.11036140433269502,-19.143655636481224,-3.5319522591375194,0.9784126038029288,-0.18955922804525888,-5.12494402822003
5627627627.627627,0.9782996265474883,-0.19056224520663576,-5.094689552722611,0.10921480932945181,-19.234369361932483,-3.54071412427713,0.10921480932945181,-19.234369361932483,-3.54071412427713,0.9785710708445492,-0.18815254565375497,-5.13355701176862
5633633633.633634,0.9784493831500163,-0.18923272433479865,-5.103435000310642,0.10807529232074219,-19.32547162236531,-3.549439936395028,0.10807529232074219,-19.32547162236531,-3.549439936395028,0.9787266569578328,-0.18677165832849307,-5.14213401522684
5639639639.63964,0.9785963120907305,-0.18792850484806628,-5.112147216914989,0.10694273999940777,-19.416973859103145,-3.55813008661985,0.10694273999940777,-19.416973859103145,-3.55813008661985,0.9788794072375993,-0.1854161536647158,-5.150675475868715
5645645645.645645,0.9787404564335487,-0.186649193207814,-5.12082661772099,0.10581703937204462,-19.5088878729704,-3.566784960236284,0.10581703937204462,-19.5088878729704,-3.566784960236284,0.9790293659022321,-0.18408562751182386,-5.15918182611123
5651651651.651651,0.9788818583821908,-0.1853944039531623,-5.1294736137906005,0.1046980777623281,-19.601225836313755,-3.5754049366792056,0.1046980777623281,-19.601225836313755,-3.5754049366792056,0.9791765763045984,-0.18277968385862797,-5.167653493585933
5657657657.657658,0.9790205592906204,-0.1841637595916663,-5.138088612126702,0.10358574281316542,-19.69400030564978,-3.583990389524231,0.10358574281316542,-19.69400030564978,-3.583990389524231,0.9793210809429281,-0.1814979347195843,-5.176090901210532
5663663663.663664,0.9791565996734133,-0.18295689049123667,-5.146672015737657,0.10247992248772014,-19.78722423497235,-3.5925416864743327,0.10247992248772014,-19.78722423497235,-3.5925416864743327,0.9794629214716222,-0.18024000002226606,-5.184494467260479
5669669669.66967,0.9792900192160509,-0.18177343477329533,-5.155224223702103,0.10138050506933971,-19.880910989756618,-3.6010591893422834,0.10138050506933971,-19.880910989756618,-3.6010591893422834,0.9796021387119913,-0.17900550749603572,-5.192864605440481
5675675675.675675,0.9794208567851103,-0.1806130382073937,-5.163745631233919,0.10028737916042313,-19.97507436169809,-3.609543254028542,0.10028737916042313,-19.97507436169809,-3.609543254028542,0.979738772662904,-0.1777940925620911,-5.201201724955949
5681681681.681682,0.9795491504383561,-0.17947535410723722,-5.17223662974741,0.09920043368026316,-20.069728584228223,-3.6179942304942645,0.09920043368026316,-20.069728584228223,-3.6179942304942645,0.9798728625113293,-0.17660539822498944,-5.209506230584346
5687687687.687688,0.9796749374347157,-0.17836004322825538,-5.180697606922618,0.09811955786189175,-20.164888348851008,-3.6264124627290513,0.09811955786189175,-20.164888348851008,-3.6264124627290513,0.9800044466427834,-0.17543907496555905,-5.217778522746427
5693693693.693693,0.979798254244112,-0.1772667736669285,-5.189128946770808,0.09704464124796353,-20.260568822347732,-3.6347982887130246,0.09704464124796353,-20.260568822347732,-3.6347982887130246,0.9801335626516376,-0.174294780635548,-5.2260189975773415
5699699699.699699,0.9799191365571877,-0.17619522076156685,-5.197531029700085,0.09597557368569534,-20.356785664901494,-3.6431520403728497,0.09597557368569534,-20.356785664901494,-3.6431520403728497,0.9802602473513065,-0.1731721803538375,-5.234228046997609
5705705705.705706,0.9800376192948501,-0.1751450669951301,-5.20590423258112,0.09491224532090353,-20.453555049194726,-3.6514740435311666,0.09491224532090353,-20.453555049194726,-3.6514740435311666,0.9803845367842964,-0.1720709464043639,-5.242406058783917
5711711711.711712,0.9801537366176866,-0.17411600189966123,-5.214248928812999,0.09385454659114874,-20.55089368053946,-3.6597646178490133,0.09385454659114874,-20.55089368053946,-3.6597646178490133,0.9805064662320966,-0.1709907581359098,-5.250553416639781
5717717717.717718,0.9802675219352054,-0.17310772196268476,-5.222565488389193,0.0928023682180236,-20.648818818102,-3.6680240767606525,0.0928023682180236,-20.648818818102,-3.6680240767606525,0.980626070224926,-0.16993130186361433,-5.258670500266008
5723723723.723723,0.9803790079149068,-0.17211993053554153,-5.230854277963573,0.09175560119859853,-20.74734829728987,-3.6762527274002506,0.09175560119859853,-20.74734829728987,-3.6762527274002506,0.9807433825513068,-0.168892270772454,-5.266757685430978
5729729729.72973,0.9804882264911783,-0.1711523377436831,-5.2391156609165765,0.09071413679605031,-20.846500553373083,-3.684450870519781,0.09071413679605031,-20.846500553373083,-3.684450870519781,0.9808584362674739,-0.1678733648225962,-5.274815344040755
5735735735.735736,0.9805952088740021,-0.17020466039901816,-5.24734999742141,0.08967786652949002,-20.94629464641761,-3.692618800397479,0.08967786652949002,-20.94629464641761,-3.692618800397479,0.980971263706597,-0.16687429065681897,-5.282843844208978
5741741741.741742,0.980699985557474,-0.1692766219143181,-5.255557644510368,0.08864668216301161,-21.04675028761449,-3.7007568047361112,0.08864668216301161,-21.04675028761449,-3.7007568047361112,0.9810818964878276,-0.16589476150986743,-5.290843550326572
5747747747.747747,0.9808025863281192,-0.1683679522197774,-5.263738956141212,0.08762047569397437,-21.14788786709493,-3.7088651645502866,0.08762047569397437,-21.14788786709493,-3.7088651645502866,0.9811903655251538,-0.16493449711989375,-5.298814823131248
5753753753.753754,0.9809030402730105,-0.16747838768168935,-5.2718942832636415,0.08659913934053652,-21.249728483328166,-3.7169441540419377,0.08659913934053652,-21.249728483328166,-3.7169441540419377,0.981296701036054,-0.16399322364204205,-5.306758019776812
5759759759.75976,0.9810013757876719,-0.16660767102335,-5.280023973885852,0.08558256552845528,-21.352293974206738,-3.7249940404630157,0.08558256552845528,-21.352293974206738,-3.7249940404630157,0.9814009325499512,-0.16307067356415145,-5.314673493902271
5765765765.765766,0.9810976205837647,-0.16575555124823488,-5.288128373141163,0.0845706468771642,-21.455606949932196,-3.733015083964425,0.0845706468771642,-21.455606949932196,-3.733015083964425,0.9815030889164694,-0.1621665856245473,-5.322561595700724
5771771771.771772,0.9811918016965615,-0.164921783565361,-5.296207823354743,0.08356327618514015,-21.559690827823104,-3.7410075374300495,0.08356327618514015,-21.559690827823104,-3.7410075374300495,0.9816031983134589,-0.16128070473221479,-5.3304226719880745
5777777777.777778,0.9812839454921849,-0.1641061293170455,-5.304262664110446,0.08256034641457136,-21.664569869177114,-3.7489716462946783,0.08256034641457136,-21.664569869177114,-3.7489716462946783,0.9817012882548247,-0.1604127818890229,-5.338257066271549
5783783783.783784,0.9813740776746224,-0.16330835590894355,-5.312293232317712,0.08156175067533479,-21.770269218329727,-3.7569076483444945,0.08156175067533479,-21.770269218329727,-3.7569076483444945,0.9817973855981195,-0.159562574114349,-5.346065118818007
5789789789.78979,0.9814622232924946,-0.16252823674255737,-5.32029986227862,0.08056738220829122,-21.876814944064197,-3.764815773498682,0.08056738220829122,-21.876814944064197,-3.764815773498682,0.9818915165519169,-0.158729844371933,-5.353847166722099
5795795795.795795,0.9815484067455998,-0.16176555115000268,-5.328282885755014,0.07957713436790716,-21.984234083539533,-3.7726962435705635,0.07957713436790716,-21.984234083539533,-3.7726962435705635,0.9819837066829568,-0.1579143614990441,-5.361603543974217
5801801801.801802,0.981632651791196,-0.1610200843313729,-5.3362426320358045,0.07859090060420422,-22.09255468891876,-3.780549272006534,0.07859090060420422,-22.09255468891876,-3.780549272006534,0.9820739809230473,-0.15711590013806978,-5.3693345815283084
5807807807.807808,0.981714981550042,-0.16029162729448296,-5.344179428004361,0.07760857444405027,-22.201805876893374,-3.7883750636008404,0.07760857444405027,-22.201805876893374,-3.7883750636008404,0.9821623635757362,-0.15633424067041674,-5.3770406073695005
5813813813.813814,0.9817954185121828,-0.15957997679714447,-5.3520935982061015,0.07663004947178427,-22.312017881319367,-3.7961738141841708,0.07663004947178427,-22.312017881319367,-3.7961738141841708,0.9822488783227317,-0.15556916915287883,-5.384721946581604
5819819819.81982,0.9818739845424718,-0.15888493529199738,-5.359985464916214,0.07565521930918853,-22.423222109196622,-3.8039457102836742,0.07565521930918853,-22.423222109196622,-3.8039457102836742,0.9823335482300897,-0.154820477256329,-5.392378921414465
5825825825.825826,0.9819507008858336,-0.15820631087388104,-5.367855348207577,0.07468397759480341,-22.53545120024588,-3.8116909287518843,0.07468397759480341,-22.53545120024588,-3.8116909287518843,0.9824163957541273,-0.1540879622070651,-5.400011851351189
5831831831.831832,0.9820255881722554,-0.15754391722983038,-5.375703566018877,0.07371621796258673,-22.64873909035966,-3.8194096363617613,0.07371621796258673,-22.64873909035966,-3.8194096363617613,0.9824974427471052,-0.15337142673043705,-5.4076210531752675
5837837837.837838,0.9820986664215035,-0.15689757359172288,-5.383530434222928,0.07275183401992215,-22.763121079228135,-3.8271019893646616,0.07275183401992215,-22.763121079228135,-3.8271019893646616,0.9825767104626307,-0.1526706789971614,-5.415206841037588
5843843843.843843,0.9821699550475648,-0.15626710469157148,-5.391336266695237,0.07179071932496713,-22.878633902470522,-3.8347681330078944,0.07179071932496713,-22.878633902470522,-3.8347681330078944,0.9826542195608136,-0.1519855325720509,-5.422769526523367
5849849849.84985,0.9822394728628031,-0.1556523407195476,-5.399121375382821,0.07083276736334528,-22.99531580863127,-3.8424082010079843,0.07083276736334528,-22.99531580863127,-3.8424082010079843,0.9827299901131352,-0.15131580636547226,-5.430309418719028
5855855855.855856,0.9823072380818256,-0.15505311728476417,-5.406886070373287,0.06987787152417861,-23.113206641435916,-3.85002231497541,0.06987787152417861,-23.113206641435916,-3.85002231497541,0.9828040416070649,-0.15066132458725695,-5.437826824279007
5861861861.861862,0.9823732683250646,-0.15446927537877128,-5.41463065996423,0.06892592507545253,-23.23234792773914,-3.8576105837861805,0.06892592507545253,-23.23234792773914,-3.8576105837861805,0.9828763929503868,-0.15002191670335585,-5.445322047492545
5867867867.867868,0.9824375806220418,-0.15390066134204247,-5.422355450732921,0.06797682113871419,-23.352782971639026,-3.8651731028949547,0.06797682113871419,-23.352782971639026,-3.8651731028949547,0.9829470624752458,-0.14939741739517012,-5.452795390350442
5873873873.873874,0.9825001914143527,-0.15334712683312493,-5.430060747606368,0.06703045266309471,-23.474556955279166,-3.8727099535839233,0.06703045266309471,-23.474556955279166,-3.8727099535839233,0.9830160679419119,-0.1487876665215574,-5.46024715261184
5879879879.87988,0.9825611165583211,-0.15280852880087514,-5.437746853931731,0.06608671239864851,-23.597717046912464,-3.8802212021409743,0.06608671239864851,-23.597717046912464,-3.8802212021409743,0.9830834265422554,-0.14819250908356502,-5.467677631871028
5885885885.885886,0.982620371327349,-0.15228472945955818,-5.4454140715471375,0.06514549286900834,-23.722312516857574,-3.8877068989598156,0.06514549286900834,-23.722312516857574,-3.8877068989598156,0.9831491549029141,-0.14761179519206283,-5.475087123624265
5891891891.8918915,0.9826779704139381,-0.15177559626702097,-5.453062700852925,0.06420668634333962,-23.848394862046177,-3.895167077554044,0.06420668634333962,-23.848394862046177,-3.895167077554044,0.9832132690881765,-0.14704538003804368,-5.4824759213367145
5897897897.897898,0.9827339279313906,-0.15128100190585653,-5.460693040883343,0.0632701848075929,-23.97601793993016,-3.902601753475985,0.0632701848075929,-23.97601793993016,-3.902601753475985,0.9832757846025384,-0.14649312386598118,-5.489844316509445
5903903903.903904,0.9827882574151647,-0.1508008242677778,-5.46830538937874,0.062335879935041805,-24.105238112600766,-3.910010923130095,0.062335879935041805,-24.105238112600766,-3.910010923130095,0.9833367163929657,-0.14595489194992975,-5.497192598746551
5909909909.90991,0.9828409718239014,-0.15033494644105305,-5.475900042858262,0.06140366305609817,-24.236114402063226,-3.9173945624694944,0.06140366305609817,-24.236114402063226,-3.9173945624694944,0.9833960788508281,-0.1454305545726909,-5.5045210558224245
5915915915.915916,0.9828920835400857,-0.14988325670131164,-5.483477296693118,0.060473425127393024,-24.36870865771398,-3.924752625562624,0.060473425127393024,-24.36870865771398,-3.924752625562624,0.9834538858135031,-0.14491998700803485,-5.511829973749179
5921921921.921922,0.9829416043703666,-0.1494456485055205,-5.491037445180427,0.05954505670011385,-24.5030857371837,-3.932085043015504,0.05954505670011385,-24.5030857371837,-3.932085043015504,0.9835101505656625,-0.14442306950587022,-5.519119636844295
5927927927.927928,0.9829895455455018,-0.1490220204894085,-5.4985807816177,0.058618447887586994,-24.639313701841235,-3.939391720233022,0.058618447887586994,-24.639313701841235,-3.939391720233022,0.983564885840209,-0.14393968728064388,-5.526390327798469
5933933933.933934,0.9830359177199339,-0.14861227646829037,-5.506107598377974,0.05769348833209547,-24.777464028401923,-3.9466725355005887,0.05769348833209547,-24.777464028401923,-3.9466725355005887,0.9836181038188742,-0.14346973050286624,-5.533642327743731
5939939939.9399395,0.9830807309709804,-0.1482163254414387,-5.513618186985653,0.056770067170920264,-24.917611838252792,-3.9539273378649407,0.056770067170920264,-24.917611838252792,-3.9539273378649407,0.9836698161324526,-0.14301309429398204,-5.540875916321822
5945945945.945946,0.9831239947976376,-0.14783408159999073,-5.521112838193114,0.05584807300159275,-25.059836146298796,-3.96115594478999,0.05584807300159275,-25.059836146298796,-3.96115594478999,0.983720033860688,-0.1425696787244419,-5.54809137175293
5951951951.951952,0.9831657181189764,-0.14746546433860147,-5.528591842058079,0.05492739384635295,-25.204220131351004,-3.9683581395601486,0.05492739384635295,-25.204220131351004,-3.9683581395601486,0.9837687675317786,-0.1421393888152565,-5.555288970904741
5957957957.957958,0.983205909272128,-0.14711039827083702,-5.536055488021836,0.05400791711579852,-25.350851430328053,-3.9755336683998235,0.05400791711579852,-25.350851430328053,-3.9755336683998235,0.9838160271215082,-0.14172213454298715,-5.562468989361887
5963963963.963964,0.983244576009855,-0.14676881324836344,-5.5435040649883485,0.05308952957171873,-25.499822458824575,-3.982682237273079,0.05308952957171873,-25.499822458824575,-3.982682237273079,0.983861822051988,-0.14131783084828456,-5.569631701495819
5969969969.96997,0.9832817254976737,-0.14644064438421522,-5.550937861404272,0.052172117289107436,-25.65123076092639,-3.9898035083222454,0.052172117289107436,-25.65123076092639,-3.9898035083222454,0.9839061611900003,-0.14092639764806325,-5.576777380535127
5975975975.975976,0.98331736431054,-0.14612583208004373,-5.5583571653399835,0.05125556561734562,-25.805179391526202,-3.99689709589806,0.05125556561734562,-25.805179391526202,-3.99689709589806,0.983949052844929,-0.14054775985143453,-5.5839062986363635
5981981981.981982,0.983351498429077,-0.14582432205753587,-5.565762264571626,0.05033975914055394,-25.961777334822884,-4.003962562126691,0.05033975914055394,-25.961777334822884,-4.003962562126691,0.9839905047662767,-0.1401818473794046,-5.591018726955399
5987987987.9879875,0.9833841332353228,-0.14553606539418656,-5.573153446664246,0.0494245816371144,-26.121139963183783,-4.010999411950442,0.0494245816371144,-26.121139963183783,-4.010999411950442,0.9840305241407422,-0.1398285951885651,-5.598114935719346
5993993993.993994,0.9834152735079932,-0.14526101856347334,-5.580530999056086,0.04850991603836245,-26.283389541124343,-4.018007087568916,0.04850991603836245,-26.283389541124343,-4.018007087568916,0.9840691175888662,-0.13948794329869893,-5.605195194299117
6000000000.0,0.9834449234172531,-0.14499914347948686,-5.587895209144081,0.04759564438646113,-26.448655779823884,-4.024984962195597,0.04759564438646113,-26.448655779823884,-4.024984962195597,0.9841062911611994,-0.13915983682471084,-5.612259771282636
6006006006.006006,0.9834730865189523,-0.14475040754641227,-5.595246364370618,0.04668164779146968,-26.617076448372174,-4.031932333030614,0.04668164779146968,-26.617076448372174,-4.031932333030614,0.9841420503340226,-0.13884422601262322,-5.6193089345487515
6012012012.0120125,0.9834997657483479,-0.14451478371265597,-5.602584752311633,0.04576780638762751,-26.788798048844818,-4.03884841333387,0.04576780638762751,-26.788798048844818,-4.03884841333387,0.9841764000045616,-0.13854106628012658,-5.626342951341917
6018018018.018018,0.9835249634132529,-0.1442922505301601,-5.609910660766109,0.04485399928888724,-26.96397656336265,-4.045732323462544,0.04485399928888724,-26.96397656336265,-4.045732323462544,0.9842093444857136,-0.13825031826155637,-5.633362088347677
6024024024.024024,0.9835486811866362,-0.14408279221867965,-5.617224377847043,0.043940104543731685,-27.142778282533303,-4.052583080713182,0.043940104543731685,-27.142778282533303,-4.052583080713182,0.9842408875002527,-0.13797194785756026,-5.640366611768995
6030030030.03003,0.9835709200986122,-0.14388639873556178,-5.62452619207394,0.043025999089339774,-27.325380726132643,-4.059399587779661,0.043025999089339774,-27.325380726132643,-4.059399587779661,0.9842710321744933,-0.13770592628966172,-5.647356787403499
6036036036.036036,0.9835916805278457,-0.1437030658508168,-5.631816392466964,0.04211155870516392,-27.511973668615134,-4.066180619603547,0.04211155870516392,-27.511973668615134,-4.066180619603547,0.9842997810314191,-0.13745223015963592,-5.654332880721706
6042042042.042042,0.983610962192298,-0.14353279522811702,-5.639095268642737,0.041196657966018964,-27.70276028408848,-4.072924808351198,0.041196657966018964,-27.70276028408848,-4.072924808351198,0.9843271359832183,-0.1372108415142365,-5.661295156946237
6048048048.048048,0.983628764139335,-0.14337559451155968,-5.646363110911929,0.04028117019480022,-27.89795842782891,-4.079630626200624,0.04028117019480022,-27.89795842782891,-4.079630626200624,0.9843530983232477,-0.13698174791505818,-5.668243881132128
6054054054.054054,0.9836450847351528,-0.14323147741857312,-5.6536202103787385,0.0393649674149788,-28.097802074329113,-4.08629636555834,0.0393649674149788,-28.097802074329113,-4.08629636555834,0.9843776687173692,-0.13676494251404836,-5.675179318248291
6060060060.0600605,0.9836599216535025,-0.14310046383914507,-5.6608668590422795,0.038447920303070655,-28.302542935366816,-4.092920116249241,0.038447920303070655,-28.302542935366816,-4.092920116249241,0.984400847194654,-0.13656042413470135,-5.682101733260161
6066066066.066066,0.9836732718636723,-0.14298257994173139,-5.668103349900036,0.03752989814131773,-28.5124522857984,-4.099499739127463,0.03752989814131773,-28.5124522857984,-4.099499739127463,0.9844226331374368,-0.13636819735909592,-5.689011391213629
6072072072.072072,0.9836851316177249,-0.14287785828587604,-5.67532997705346,0.036610768770884684,-28.72782302988228,-4.106032835437989,0.036610768770884684,-28.72782302988228,-4.106032835437989,0.9844430252706703,-0.136188272621214,-5.695908557320311
6078078078.078078,0.9836954964369373,-0.14278633794200868,-5.682547035815775,0.03569039854595687,-28.948972047138714,-4.112516711111558,0.03569039854595687,-28.948972047138714,-4.112516711111558,0.9844620216505846,-0.13602066630650458,-5.702793497044224
6084084084.084084,0.9837043610974214,-0.14270806461861738,-5.689754822822152,0.03476865228921984,-29.176242864332366,-4.1189483349906055,0.03476865228921984,-29.176242864332366,-4.1189483349906055,0.9844796196525999,-0.13586540085815121,-5.709666476189951
6090090090.09009,0.9837117196148918,-0.1426430907970916,-5.696953636142329,0.03384539324932568,-29.410008709473043,-4.125324289751137,0.03384539324932568,-29.410008709473043,-4.125324289751137,0.9844958159584656,-0.13572250489027618,-5.716527760992376
6096096096.096096,0.9837175652285416,-0.14259147587459323,-5.704143775395777,0.03292048306111999,-29.650676015222306,-4.13164071398948,0.03292048306111999,-29.650676015222306,-4.13164071398948,0.9845106065426157,-0.13559201330818216,-5.723377618208052
6102102102.102102,0.983721890383993,-0.14255328631525332,-5.711325541869563,0.03199378170960075,-29.898688453371065,-4.1378932335651175,0.03199378170960075,-29.898688453371065,-4.1378932335651175,0.9845239866576784,-0.13547396743617743,-5.730216315208302
6108108108.1081085,0.9837246867152911,-0.14252859580997684,-5.71849923863902,0.031065147498850226,-30.154531599887648,-4.1440768798047465,0.031065147498850226,-30.154531599887648,-4.1440768798047465,0.9845359508191214,-0.1353684151531521,-5.737044120074139
6114114114.114115,0.983725945025872,-0.1425174854454683,-5.725665170691325,0.03013443702752965,-30.418738352460405,-4.150185991542809,0.03013443702752965,-30.418738352460405,-4.150185991542809,0.9845464927890005,-0.1352754110361978,-5.743861301693086
6120120120.12012,0.9837256552684989,-0.14252004388254919,-5.732823645052169,0.029201505172973746,-30.69189525084702,-4.1562140971514046,0.029201505172973746,-30.69189525084702,-4.1562140971514046,0.9845556055587616,-0.13519501651271507,-5.750668129857994
6126126126.126126,0.9837238065240939,-0.14253636754440963,-5.7399749709156245,0.028266205086523805,-30.9746498865319,-4.162153771629712,0.028266205086523805,-30.9746498865319,-4.162153771629712,0.9845632813310504,-0.13512730002141388,-5.757464875367965
6132132132.132133,0.9837203869794178,-0.14256656081521957,-5.747119459777353,0.0273283882035323,-31.267719634682383,-4.167996462385364,0.0273283882035323,-31.267719634682383,-4.167996462385364,0.9845695115005141,-0.135072337182356,-5.764251810131481
6138138138.138138,0.9837153839035746,-0.14261073624932302,-5.754257425571335,0.02638790427254017,-31.57190200159597,-4.173732275412756,0.02638790427254017,-31.57190200159597,-4.173732275412756,0.9845742866335102,-0.13503021097679316,-5.771029207271822
6144144144.144144,0.9837087836232312,-0.14266901479198746,-5.761389184810253,0.025444601409570364,-31.888086959464722,-4.179349710964848,0.025444601409570364,-31.888086959464722,-4.179349710964848,0.9845775964467087,-0.13500101193693037,-5.77779734123493
6150150150.15015,0.9837005714965605,-0.14274152601164813,-5.768515056729705,0.024498326185472496,-32.21727174393029,-4.184835334245653,0.024498326185472496,-32.21727174393029,-4.184835334245653,0.9845794297845192,-0.13498483834622252,-5.784556487899794
6156156156.156157,0.9836907318857977,-0.14282840834463528,-5.7756353634364315,0.023548923756987337,-32.56057872788406,-4.190173361712484,0.023548923756987337,-32.56057872788406,-4.190173361712484,0.9845797745952805,-0.134981796450766,-5.791306924691487
6162162162.162163,0.9836792481283664,-0.14292980935277627,-5.782750430060712,0.022596238056058093,-32.919277170581964,-4.195345136659531,0.022596238056058093,-32.919277170581964,-4.195345136659531,0.9845786179061787,-0.1349920006820979,-5.798048930697014
6168168168.168168,0.983666102506498,-0.1430458859945691,-5.789860584913158,0.021640112057378588,-33.29480989369829,-4.200328457937353,0.021640112057378588,-33.29480989369829,-4.200328457937353,0.9845759457968192,-0.1350155738920691,-5.804782786784051
6174174174.174174,0.9836512762152907,-0.14317680491041232,-5.796966159646075,0.020680388152047174,-33.688826283795706,-4.205096711529318,0.020680388152047174,-33.688826283795706,-4.205096711529318,0.9845717433713825,-0.13505264760041075,-5.81150877572276
6180180180.18018,0.9836347493291007,-0.14332274272285733,-5.804067489419606,0.019716908666727664,-34.10322350617483,-4.209617734042906,0.019716908666727664,-34.10322350617483,-4.209617734042906,0.9845659947293092,-0.13510336225551284,-5.8182271823107925
6186186186.186186,0.9836165007662165,-0.143483886352337,-5.811164913072889,0.018749516584867884,-34.5401985024381,-4.213852306449915,0.018749516584867884,-34.5401985024381,-4.213852306449915,0.9845586829344302,-0.13516786750913737,-5.82493829350166
6192192192.192192,0.9835965082517067,-0.14366043334936213,-5.818258773300433,0.017778056552546828,-35.00231433259903,-4.217752129878788,0.017778056552546828,-35.00231433259903,-4.217752129878788,0.9845497899824808,-0.13524632250565172,-5.83164239853659
6198198198.198198,0.9835747482783674,-0.14385259224384858,-5.8253494168339826,0.016802376291746003,-35.492585868562834,-4.221257063353351,0.016802376291746003,-35.492585868562834,-4.221257063353351,0.9845392967668981,-0.13533889618666356,-5.8383397890800905
6204204204.204205,0.9835511960656725,-0.1440605829124665,-5.832437194630109,0.01582232860751457,-36.014592000872156,-4.22429128973868,0.01582232860751457,-36.014592000872156,-4.22429128973868,0.9845271830428364,-0.13544576761166255,-5.845030759359348
6210210210.210211,0.9835258255166058,-0.14428463696509886,-5.8395224620637665,0.014837774278749197,-36.57262479913449,-4.226757892093623,0.014837774278749197,-36.57262479913449,-4.226757892093623,0.9845134273892908,-0.13556712629564813,-5.851715606307646
6216216216.216216,0.9834986091722893,-0.14452499815119446,-5.846605579128139,0.013848586294517736,-37.17189116856335,-4.228531016159593,0.013848586294517736,-37.17189116856335,-4.228531016159593,0.9844980071692511,-0.13570317256446296,-5.858394629712031
6222222222.222222,0.9834695181642971,-0.14478192278702054,-5.853686910641044,0.012854656194172084,-37.81879068687224,-4.229444268404057,0.012854656194172084,-37.81879068687224,-4.229444268404057,0.9844808984877679,-0.13585411792887758,-5.865068132365377
6228228228.228228,0.9834385221645063,-0.14505568020516707,-5.860766826458157,0.011855903797690302,-38.5213066668863,-4.229273063029817,0.011855903797690302,-38.5213066668863,-4.229273063029817,0.98446207614784,-0.13602018547827327,-5.8717364202230815
6234234234.234234,0.9834055893323814,-0.14534655322724396,-5.8678457016934695,0.010852292593056527,-39.2895701112629,-4.227706899098706,0.010852292593056527,-39.2895701112629,-4.227706899098706,0.9844415136039805,-0.1362016102951894,-5.878399802564617
6240240240.24024,0.9833706862595554,-0.1456548386610176,-5.874923916947222,0.009843854953862911,-40.136695882320595,-4.224304192765363,0.009843854953862911,-40.136695882320595,-4.224304192765363,0.9844191829133853,-0.1363986398914459,-5.88505859216015
6246246246.246246,0.9833337779115447,-0.14598084782347334,-5.882001858541718,0.00883073527418074,-41.080062684450894,-4.2184154317194835,0.00883073527418074,-41.080062684450894,-4.2184154317194835,0.984395054684516,-0.13661153466752815,-5.891713105442479
6252252252.252253,0.9832948275664657,-0.1463249070910169,-5.889079918765386,0.007813267675828786,-42.14334593760461,-4.2090454999519435,0.007813267675828786,-42.14334593760461,-4.2090454999519435,0.984369098023015,-0.13684056839599573,-5.898363662684536
6258258258.258259,0.9832537967505797,-0.14668735847837708,-5.89615849612544,0.006792125202836803,-43.359886342207936,-4.194591048248452,0.006792125202836803,-43.359886342207936,-4.194591048248452,0.9843412804747798,-0.13708602873046413,-5.905010588182731
6264264264.264264,0.9832106451704946,-0.14706856024780332,-5.903237995609606,0.005768630061491573,-44.77854622345226,-4.1722990397406985,0.005768630061491573,-44.77854622345226,-4.1722990397406985,0.984311567966024,-0.1373482177417428,-5.911654210446378
6270270270.27027,0.9831653306418465,-0.14746888755015997,-5.910318828957304,0.004745468399952875,-46.4744182844383,-4.137035173595605,0.004745468399952875,-46.4744182844383,-4.137035173595605,0.984279924740219,-0.1376274524820911,-5.918294862393569
6276276276.276276,0.9831178090142442,-0.14788873309989886,-5.917401414940739,0.0037285769616221313,-48.56913776401665,-4.078102954358831,0.0037285769616221313,-48.56913776401665,-4.078102954358831,0.9842463132916668,-0.13792406557983677,-5.924932881553705
6282282282.282282,0.9830680340923105,-0.14832850788544882,-5.924486179656406,0.002733143996520747,-51.26674973536041,-3.96955321684187,0.002733143996520747,-51.26674973536041,-3.96955321684187,0.9842106942955761,-0.13823840586555702,-5.931568610277084
6288288288.288288,0.9830159575525562,-0.1487886419174289,-5.931573556827488,0.0018082646764508168,-54.854760026889984,-3.7346063844988286,0.0018082646764508168,-54.854760026889984,-3.7346063844988286,0.9841730265344238,-0.1385708390317723,-5.9382023959518575
6294294294.294294,0.9829615288558715,-0.14926958501666196,-5.938663988117664,0.0011623470992129972,-58.69328327775686,-3.137801962653668,0.0011623470992129972,-58.69328327775686,-3.137801962653668,0.9841332668203718,-0.13892174832826718,-5.944834591228686
6300300300.300301,0.9829046951553945,-0.14977180764419837,-5.945757923456928,0.0013288913691344598,-57.530210384361325,-2.2523810392496553,0.0013288913691344598,-57.530210384361325,-2.2523810392496553,0.9840913699135517,-0.13929153529473312,-5.951465554253517
6306306306.306307,0.9828454011994736,-0.15029580177594895,-5.952855821379957,0.0021376355748533153,-53.40132663100406,-1.8186225762214243,0.0021376355748533153,-53.40132663100406,-1.8186225762214243,0.984047288435953,-0.13968062053315872,-5.958095648908832
6312312312.312313,0.9827835892294485,-0.15084208182446318,-5.959958149377682,0.0031336091700841333,-50.079103411083366,-1.642295540203943,0.0031336091700841333,-50.079103411083366,-1.642295540203943,0.9840009727806576,-0.1400894445222986,-5.964725245063816
6318318318.318318,0.9827191988719504,-0.15141118561059919,-5.9670653842626935,0.004192480424124981,-47.55057913121439,-1.5555082689129767,0.004192480424124981,-47.55057913121439,-1.5555082689129767,0.9839523710161732,-0.14051846847649266,-5.971354718833853
6324324324.324325,0.9826521670253823,-0.15200367538821033,-5.974178012549175,0.005282582691111669,-45.543073919540724,-1.5065163665908317,0.005282582691111669,-45.543073919540724,-1.5065163665908317,0.9839014287855486,-0.1409681752517265,-5.977984452849823
6330330330.33033,0.9825824277402757,-0.1526201389246663,-5.981296530848103,0.0063932158643979775,-43.88561263075281,-1.4765451309350712,0.0063932158643979775,-43.88561263075281,-1.4765451309350712,0.9838480891999855,-0.1414390703015495,-5.98461483653768
6336336336.336336,0.9825099120931027,-0.1532611906410626,-5.98842144627846,0.00751999154476466,-42.47565295429513,-1.457395775006528,0.00751999154476466,-42.47565295429513,-1.457395775006528,0.9837922927265929,-0.14193168268607148,-5.991246266408835
6342342342.342342,0.9824345480532031,-0.15392747281528646,-5.99555327689529,0.008660905159859629,-41.2487343412013,-1.4449649192684315,0.008660905159859629,-41.2487343412013,-1.4449649192684315,0.9837339770699611,-0.14244656613703058,-5.997879146361852
6348348348.348349,0.9823562603423814,-0.1546196568520477,-6.002692552135437,0.009815009701143282,-40.16218533615283,-1.4369833355281671,0.009815009701143282,-40.16218533615283,-1.4369833355281671,0.9836730770471543,-0.14298430018257788,-6.004513887996049
6354354354.354355,0.9822749702867308,-0.15533844462396984,-6.009839813281886,0.010981886770992755,-39.18646076814483,-1.4320979912117298,0.010981886770992755,-39.18646076814483,-1.4320979912117298,0.9836095244557411,-0.14354549133528627,-6.011150910937604
6360360360.360361,0.9821905956602176,-0.1560845698880635,-6.01699561394764,0.01216140810208043,-38.30032275199063,-1.4294535128062944,0.01216140810208043,-38.30032275199063,-1.4294535128062944,0.9835432479344104,-0.1441307743475375,-6.017790643178761
6366366366.366366,0.9821030505195096,-0.15685879978237754,-6.024160520580177,0.013353617529091626,-37.48802133752435,-1.4284832940604009,0.013353617529091626,-37.48802133752435,-1.4284832940604009,0.9834741728157443,-0.14474081353822996,-6.02443352143085
6372372372.372373,0.9820122450295098,-0.15766193640782758,-6.031335112987535,0.01455866816593499,-36.73756705353789,-1.428797451400262,0.01455866816593499,-36.73756705353789,-1.428797451400262,0.9834022209706389,-0.14537630419549155,-6.031079991491804
6378378378.378378,0.9819180852790065,-0.15849481850066402,-6.038519984887142,0.01577678698118634,-36.03962876577783,-1.4301190990955888,0.01577678698118634,-36.03962876577783,-1.4301190990955888,0.9833273106438347,-0.1460379740603387,-6.037730508628893
6384384384.384384,0.9818204730858143,-0.1593583232014128,-6.045715744478643,0.017008253883311425,-35.38680540060858,-1.4322463027852537,0.017008253883311425,-35.38680540060858,-1.4322463027852537,0.9832493562800441,-0.14672658489604537,-6.0443855379775
6390390390.39039,0.9817193057907654,-0.16025336792625866,-6.052923015041933,0.01825338891736489,-34.77312985540829,-1.4350284163775424,0.01825338891736489,-34.77312985540829,-1.4350284163775424,0.9831682683400096,-0.14744293414932547,-6.051045554956742
6396396396.396397,0.9816144760397825,-0.16118091234801232,-6.060142435561793,0.019512544209764438,-34.19372199886215,-1.4383508424349145,0.019512544209764438,-34.19372199886215,-1.4383508424349145,0.9830839531059068,-0.14818785670878717,-6.057711045702829
6402402402.402403,0.9815058715533387,-0.16214196049319446,-6.06737466138052,0.020786098805401304,-33.64454025307198,-1.4421249175930497,0.020786098805401304,-33.64454025307198,-1.4421249175930497,0.9829963124753595,-0.14896222676740098,-6.064382507521064
6408408408.408409,0.9813933748824106,-0.16313756296354526,-6.074620364880081,0.02207445532988948,-33.12220006997208,-1.4462810210108774,0.02207445532988948,-33.12220006997208,-1.4462810210108774,0.9829052437433525,-0.1497669597956183,-6.071060449357496
6414414414.414414,0.9812768631500937,-0.1641688192897718,-6.081880236195401,0.023378037840851167,-32.623838854631025,-1.4507637692258528,0.023378037840851167,-32.623838854631025,-1.4507637692258528,0.9828106393712323,-0.15060301463264553,-6.077745392291257
6420420420.420421,0.9811562077779188,-0.16523688042652745,-6.089154983960476,0.024697290477098,-32.14701380556923,-1.455528596553592,0.024697290477098,-32.14701380556923,-1.455528596553592,0.9827123867419493,-0.15147139570371354,-6.084437870048661
6426426426.426426,0.981031274195846,-0.16634295139824426,-6.0964453360891335,0.02603267665857954,-31.68962351581183,-1.4605392767227805,0.02603267665857954,-31.68962351581183,-1.4605392767227805,0.9826103679006241,-0.15237315537189705,-6.091138429540254
6432432432.432432,0.9809019215348607,-0.16748829410591817,-6.1037520405923384,0.027384678677212653,-31.249847011470152,-1.4657660970322606,0.027384678677212653,-31.249847011470152,-1.4657660970322606,0.9825044592794512,-0.15330939643363486,-6.097847631422048
6438438438.438438,0.9807680023009705,-0.16867423030614978,-6.111075866434123,0.028753797573014897,-30.82609578046838,-1.4711844932217617,0.028753797573014897,-30.82609578046838,-1.4711844932217617,0.9823945314058877,-0.15428127476778017,-6.104566050682222
6444444444.444445,0.9806293620293975,-0.1699021447738443,-6.1184176044282825,0.03014055322460357,-30.416975610973473,-1.4767740150557267,0.03014055322460357,-30.416975610973473,-1.4767740150557267,0.9822804485929758,-0.15529000214890376,-6.111294277254719
6450450450.450451,0.9804858389175362,-0.17117348866201915,-6.125778068178147,0.031545484605711445,-30.02125593040338,-1.4825175329010742,0.031545484605711445,-30.02125593040338,-1.4825175329010742,0.9821620686105933,-0.15633684923612617,-6.1180329166611545
6456456456.456457,0.9803372634352788,-0.17248978307198473,-6.1331580950619085,0.03296915017441515,-29.637844945107062,-1.4884006223498127,0.03296915017441515,-29.637844945107062,-1.4884006223498127,0.9820392423362918,-0.15742314875001232,-6.124782590682655
6462462462.462462,0.980183457911107,-0.17385262284906697,-6.140558547266089,0.034412128371975555,-29.26576931327808,-1.4944110820494894,0.034412128371975555,-29.26576931327808,-1.4944110820494894,0.9819118133843323,-0.15855029885056465,-6.131543938063231
6468468468.468469,0.9800242360922541,-0.17526368061993514,-6.147980312869943,0.03587501821525121,-28.904157394967484,-1.500538552359461,0.03587501821525121,-28.904157394967484,-1.500538552359461,0.9817796177113437,-0.1597197667310684,-6.138317615246468
6474474474.474474,0.9798594026771204,-0.176724711088858,-6.1554243069837655,0.03735843997160989,-28.552225350052556,-1.506774211146816,0.03735843997160989,-28.552225350052556,-1.506774211146816,0.9816424831970068,-0.16093309244283072,-6.14510429714738
6480480480.48048,0.9796887528179754,-0.17823755561158622,-6.162891472944273,0.03886303590882553,-28.209265522511345,-1.5131105291905917,0.03886303590882553,-28.209265522511345,-1.5131105291905917,0.9815002291979343,-0.16219189296800665,-6.15190467796145
6486486486.486486,0.979512071591803,-0.17980414706733872,-6.170382783570385,0.04038947111503432,-27.874636674320467,-1.519541072076383,0.04038947111503432,-27.874636674320467,-1.519541072076383,0.9813526660728619,-0.16349786655831516,-6.158719472012882
6492492492.492493,0.9793291334370103,-0.18142651505067553,-6.177899242483052,0.0419384343857669,-27.547755726490053,-1.52606033866566,0.0419384343857669,-27.547755726490053,-1.52606033866566,0.9811995946770525,-0.16485279735942662,-6.165549414644385
6498498498.498499,0.979139701553513,-0.1831067914071052,-6.185441885492945,0.04351063917652945,-27.22809073644363,-1.53266362857363,0.04351063917652945,-27.22809073644363,-1.53266362857363,0.9810408058236936,-0.1662585603420759,-6.172395263150813
6504504504.504505,0.9789435272635205,-0.1848472161381125,-6.193011782060066,0.04510682462054473,-26.91515489600395,-1.5393469328311111,0.04510682462054473,-26.91515489600395,-1.5393469328311111,0.980876079709827,-0.16771712656316745,-6.179257797759186
6510510510.51051,0.9787403493301102,-0.1866501437036181,-6.200610036829713,0.0467277566121797,-26.60850137687666,-1.546106843209807,0.0467277566121797,-26.60850137687666,-1.546106843209807,0.9807051853042431,-0.16923056878133586,-6.1861378226578125
6516516516.516517,0.9785298932304666,-0.1885180497520091,-6.208237791249427,0.04837422895731202,-26.307718883803123,-1.552940476674946,0.04837422895731202,-26.307718883803123,-1.552940476674946,0.9805278796944418,-0.17080106745446622,-6.193036167077348
6522522522.522522,0.9783118703803799,-0.1904535383106451,-6.215896225271919,0.05004706459251873,-26.012427801717955,-1.5598454121797967,0.05004706459251873,-26.012427801717955,-1.5598454121797967,0.9803439073896447,-0.1724309171479973,-6.199953686426819
6528528528.528528,0.9780859773063181,-0.19245934947256585,-6.223586559149335,0.05174711687551465,-25.722276843966,-1.5668196375926269,0.05174711687551465,-25.722276843966,-1.5668196375926269,0.980152999576477,-0.1741225333862773,-6.206891263487887
6534534534.534534,0.977851894761094,-0.19453836761803645,-6.231310055324564,0.05347527094973854,-25.436940125150862,-1.5738615049925904,0.05347527094973854,-25.436940125150862,-1.5738615049925904,0.9799548733237514,-0.17587845998116605,-6.213849809670758
6540540540.540541,0.9776092867787918,-0.1966936302131687,-6.239068020425695,0.05523244518643783,-25.156114595432108,-1.580969692918814,0.05523244518643783,-25.156114595432108,-1.580969692918814,0.9797492307324173,-0.17770137687568427,-6.220830266335438
6546546546.546547,0.97735779966425,-0.19892833723151476,-6.246861807370191,0.05701959270801937,-24.879517783776166,-1.5881431744294943,0.05701959270801937,-24.879517783776166,-1.5881431744294943,0.9795357580264191,-0.17959410854362878,-6.2278336061822195
6552552552.552553,0.9770970609119972,-0.2012458612486231,-6.254692817585792,0.05883770299683958,-24.606885806337374,-1.5953811900435415,0.05883770299683958,-24.606885806337374,-1.5953811900435415,0.9793141245798662,-0.18155963298955105,-6.23486083471559
6558558558.558558,0.9768266780491264,-0.2036497582637229,-6.262562503355658,0.06068780359400054,-24.337971603219778,-1.602683224808492,0.06068780359400054,-24.337971603219778,-1.602683224808492,0.9790839818754954,-0.18360109139760777,-6.241912991785962
6564564564.564565,0.9765462373960332,-0.20614377930831684,-6.2704723702958365,0.06257096189313212,-24.07254337266678,-1.6100489888754503,0.06257096189313212,-24.07254337266678,-1.6100489888754503,0.9788449623889484,-0.18572179848239712,-6.24899115321399
6570570570.57057,0.9762553027384914,-0.2087318829062063,-6.2784239799737,0.06448828703453466,-23.810383176504992,-1.6174784010720233,0.06448828703453466,-23.810383176504992,-1.6174784010720233,0.97859667839297,-0.18792525359911713,-6.256096432502477
6576576576.576576,0.9759534139039208,-0.21141824845574236,-6.286418952676635,0.06644093190548626,-23.551285694619967,-1.6249715750533196,0.06644093190548626,-23.551285694619967,-1.6249715750533196,0.9783387206750173,-0.19021515267649028,-6.263229982641264
6582582582.582582,0.9756400852340641,-0.21420729061170635,-6.294458970340977,0.0684300952529461,-23.295057109528674,-1.6325288076835909,0.0684300952529461,-23.295057109528674,-1.6325288076835909,0.9780706571612986,-0.19259540104076484,-6.270392998010824
6588588588.588589,0.9753148039456037,-0.2171036747513348,-6.302545779651896,0.07045702391534343,-23.041514104855672,-1.6401505693603826,0.07045702391534343,-23.041514104855672,-1.6401505693603826,0.9777920314395233,-0.1950701272065048,-6.277586716390643
6594594594.594595,0.974977028369465,-0.220112333617148,-6.310681195325742,0.07252301518060876,-22.79048296381991,-1.6478374960417803,0.07252301518060876,-22.79048296381991,-1.6478374960417803,0.9775023611720179,-0.19764369771629064,-6.284812421078911
6600600600.600601,0.9746261860587171,-0.22323848523801426,-6.318867103587273,0.07462941927811416,-22.541798755771588,-1.6555903827776777,0.07462941927811416,-22.541798755771588,-1.6555903827776777,0.9772011363900797,-0.20032073311950183,-6.292071443130455
6606606606.6066065,0.9742616717540724,-0.22648765223945796,-6.327105465855026,0.07677764201269252,-22.295304600454926,-1.6634101785793778,0.07677764201269252,-22.295304600454926,-1.6634101785793778,0.9768878176595803,-0.20310612518912874,-6.299365163720282
6612612612.612613,0.9738828451948905,-0.22986568266571042,-6.335398322649252,0.07896914754948621,-22.050851001053772,-1.671297982489998,0.07896914754948621,-22.050851001053772,-1.671297982489998,0.976561834106954,-0.20600505548473116,-6.306695016640636
6618618618.618618,0.9734890287625964,-0.23337877244680455,-6.343747797737769,0.08120546135892945,-21.808295238258353,-1.6792550407415374,0.08120546135892945,-21.808295238258353,-1.6792550407415374,0.9762225812936054,-0.2090230153809233,-6.314062490939936
6624624624.624624,0.9730795049420228,-0.23703348965870855,-6.352156102536447,0.08348817333180927,-21.567500818593878,-1.6872827449045038,0.08348817333180927,-21.567500818593878,-1.6872827449045038,0.9758694189257529,-0.2121658276916209,-6.321469133712549
6630630630.6306305,0.9726535135849718,-0.24083680073787717,-6.360625540782177,0.0858189410749752,-21.32833697111525,-1.69538263095294,0.0858189410749752,-21.32833697111525,-1.69538263095294,0.9755016683854159,-0.21543967003385128,-6.328916553048906
6636636636.636637,0.9722102489586618,-0.24479609882898534,-6.369158513497687,0.08819949339896589,-21.09067818731043,-1.7035563791822586,0.08819949339896589,-21.09067818731043,-1.7035563791822586,0.9751186100668919,-0.2188511000893737,-6.336406421156098
6642642642.642643,0.9717488565601471,-0.24891923446205264,-6.377757524269053,0.09063163400953904,-20.85440379969338,-1.711805814929972,0.09063163400953904,-20.85440379969338,-1.711805814929972,0.974719480501611,-0.22240708293790876,-6.3439404776597526
6648648648.648649,0.9712684296758954,-0.25321454877589766,-6.386425184858322,0.09311724541581941,-20.61939759512167,-1.7201329100603115,0.09311724541581941,-20.61939759512167,-1.7201329100603115,0.9743034692525664,-0.22611502065380412,-6.351520533098599
6654654654.6546545,0.9707680056637273,-0.2576909095269498,-6.395164221175595,0.0956582930686116,-20.385547459349446,-1.7285397851836208,0.0956582930686116,-20.385547459349446,-1.7285397851836208,0.9738697155576652,-0.22998278437793684,-6.359148472623974
6660660660.660661,0.9702465619320411,-0.26235775014778606,-6.403977479636723,0.09825682974320403,-20.152745049748365,-1.7370287125898654,0.09825682974320403,-20.152745049748365,-1.7370287125898654,0.97341730469936,-0.23401874909821146,-6.366826259917152
6666666666.666666,0.9697030115887728,-0.2672251121476536,-6.412867933934903,0.10091500018186869,-19.9208854934925,-1.7456021198835636,0.10091500018186869,-19.9208854934925,-1.7456021198835636,0.9729452640756486,-0.2382318313968583,-6.37455594133822
6672672672.672672,0.9691361987297912,-0.2723036911784542,-6.4218386922567925,0.10363504601215036,-19.689867108824355,-1.754262594314523,0.10363504601215036,-19.689867108824355,-1.754262594314523,0.9724525589450651,-0.2426315304498934,-6.382339650321038
6678678678.6786785,0.9685448933333798,-0.27760488712456394,-6.430893004976135,0.10641931095793085,-19.459591147304526,-1.7630128878052955,0.10641931095793085,-19.459591147304526,-1.7630128878052955,0.9719380878155146,-0.2472279725948637,-6.390179612029644
6684684684.684685,0.9679277857240849,-0.2831408586139246,-6.440034272860638,0.10927024636120271,-19.229961555197498,-1.7718559226825419,0.10927024636120271,-19.229961555197498,-1.7718559226825419,0.9714006774438029,-0.25203195981672905,-6.3980781482923055
6690690690.690691,0.9672834805654507,-0.28892458239168484,-6.44926605583072,0.1121904170334227,-19.00088475237169,-1.780794798125272,0.1121904170334227,-19.00088475237169,-1.780794798125272,0.9708390774093211,-0.25705502254006213,-6.406037682830349
6696696696.696697,0.9666104903370403,-0.29496991804647194,-6.458592082311901,0.11518250745626434,-18.772269427293292,-1.7898327973486678,0.11518250745626434,-18.772269427293292,-1.7898327973486678,0.9702519542215851,-0.2623094771586693,-6.414060746799708
6702702702.702703,0.9659072282464997,-0.30129167863472284,-6.468016259225992,0.11824932835251352,-18.544026346877107,-1.7989733955475862,0.11824932835251352,-18.544026346877107,-1.7989733955475862,0.9696378849172722,-0.26780848878079794,-6.422149984664033
6708708708.708709,0.9651720005223616,-0.30790570780985255,-6.477542682669988,0.12139382364877352,-18.31606818012331,-1.8082202686294322,0.12139382364877352,-18.31606818012331,-1.8082202686294322,0.9689953500976987,-0.2735661397226945,-6.43030816041905
6714714714.714715,0.9644029980275431,-0.3148289641331806,-6.487175649335498,0.12461907785248422,-18.088309334624558,-1.817577302771398,0.12461907785248422,-18.088309334624558,-1.817577302771398,0.9683227263527006,-0.27959750434243846,-6.438538164188634
6720720720.72072,0.9635982871272685,-0.32207961332105495,-6.496919668725953,0.12792832386655117,-17.860665805170697,-1.8270486048426149,0.12792832386655117,-17.860665805170697,-1.8270486048426149,0.9676182780111493,-0.2859187308743392,-6.446843019213786
6726726726.726727,0.9627557997380811,-0.3296771292714217,-6.506779476233461,0.13132495126554902,-17.633055033814355,-1.8366385137373675,0.13132495126554902,-17.633055033814355,-1.8366385137373675,0.9668801481521214,-0.2925471309996694,-6.455225889256365
6732732732.732733,0.9618733224768719,-0.337642404812209,-6.5167600471422285,0.13481251505796457,-17.405395780891897,-1.846351612671146,0.13481251505796457,-17.405395780891897,-1.846351612671146,0.9661063488037603,-0.29950127797532305,-6.463690086439795
6738738738.738739,0.9609484848202192,-0.3459978732261657,-6.526866611630941,0.13839474495927187,-17.177608006619856,-1.8561927424973044,0.13839474495927187,-17.177608006619856,-1.8561927424973044,0.9652947502491906,-0.3068011142380127,-6.472239079549366
6744744744.744745,0.9599787461747097,-0.35476764173409847,-6.5371046708523926,0.14207555520066845,-16.949612763012446,-1.8661670161081463,0.14207555520066845,-16.949612763012446,-1.8661670161081463,0.9644430693502428,-0.3144680695106834,-6.4808765028146675
6750750750.7507515,0.9589613817482819,-0.3639776382618707,-6.547480014174849,0.14585905489797393,-16.721332095993052,-1.8762798339905422,0.14585905489797393,-16.721332095993052,-1.8762798339905422,0.9635488567903461,-0.3225251905596478,-6.489606165196328
6756756756.756757,0.9578934671007953,-0.37365577297946506,-6.557998737676544,0.14974955900446857,-16.492688957698945,-1.886536901012858,0.14974955900446857,-16.492688957698945,-1.886536901012858,0.9626094831273272,-0.33099728389037214,-6.498432060198561
6762762762.762763,0.9567718612388855,-0.3838321162851332,-6.56866726399184,0.1537515998701083,-16.263607129113375,-1.8969442445267146,0.1537515998701083,-16.263607129113375,-1.8969442445267146,0.96162212353535,-0.3399110728251068,-6.507358376227548
6768768768.768768,0.9555931881056197,-0.39453909511722013,-6.57949236361532,0.15786993942752378,-16.03401115329936,-1.907508233874209,0.15786993942752378,-16.03401115329936,-1.907508233874209,0.9605837411022278,-0.3492953705837038,-6.5163895075136224
6774774774.774775,0.9543538162993132,-0.4058117097146393,-6.5904811777783205,0.1621095820223178,-15.8038262796579,-1.9182356013985895,0.1621095820223178,-15.8038262796579,-1.9182356013985895,0.9594910685342092,-0.35918127118846516,-6.525530065612306
6780780780.780781,0.9530498368379807,-0.41768777321834677,-6.601641243020998,0.166475787901124,-15.572978419797025,-1.929133465063814,0.166475787901124,-15.572978419797025,-1.929133465063814,0.9583405881045581,-0.3696023602416251,-6.534784891494968
6786786786.786787,0.9516770387661572,-0.4302081768148803,-6.612980517592246,0.1709740873655626,-15.341394115771497,-1.9402093527962392,0.1709740873655626,-15.341394115771497,-1.9402093527962392,0.9571285096650027,-0.3805949478809719,-6.544159068234449
6792792792.792793,0.9502308823790012,-0.4434171834753735,-6.6245074098191346,0.17561029559311814,-15.109000521650097,-1.9514712286692888,0.17561029559311814,-15.109000521650097,-1.9514712286692888,0.9558507465200377,-0.3921983265118703,-6.553657934283462
6798798798.7987995,0.9487064698145288,-0.45736275374594526,-6.636230808597567,0.1803905281169035,-14.875725399579716,-1.9629275210598263,0.1803905281169035,-14.875725399579716,-1.9629275210598263,0.9545028889432545,-0.404455056245151,-6.563287097334166
6804804804.804805,0.947098512738455,-0.47209690750454897,-6.648160116165768,0.18532121694460627,-14.641497131757099,-1.9745871529123755,0.18532121694460627,-14.641497131757099,-1.9745871529123755,0.9530801750920195,-0.41741128134762945,-6.57305244873479
6810810810.810811,0.9454012968171221,-0.48767612612573447,-6.660305283332501,0.19040912728221138,-14.406244749987614,-1.9864595742545528,0.19040912728221138,-14.406244749987614,-1.9864595742545528,0.9515774590520216,-0.4311170814400392,-6.582960178423561
6816816816.816816,0.9436086426424669,-0.504161800096304,-6.672676847341909,0.19566137480961626,-14.169897984813494,-1.9985547971134894,0.19566137480961626,-14.169897984813494,-1.9985547971134894,0.9499891757162886,-0.4456268616644712,-6.593016790320074
6822822822.822823,0.9417138627385921,-0.5216207278157108,-6.685285972566644,0.20108544343222987,-13.932387336535701,-2.01088343298851,0.20108544343222987,-13.932387336535701,-2.01088343298851,0.9483093021743125,-0.4609997865973034,-6.6032291180891
6828828828.828829,0.939709714242457,-0.5401256721068426,-6.69814449422993,0.20668920340406324,-13.693644170840887,-2.0234567330392776,0.20668920340406324,-13.693644170840887,-2.0234567330392776,0.9465313152559827,-0.4773002633138478,-6.613604341160109
6834834834.834835,0.9375883468114345,-0.5597559818725331,-6.711264965365135,0.21248092968255197,-13.453600842182894,-2.036286631150531,0.21248092968255197,-13.453600842182894,-2.036286631150531,0.9446481448422697,-0.4945984797280506,-6.624150000846144
6840840840.840841,0.9353412452682105,-0.5805982873790964,-6.724660707227575,0.2184693203319728,-13.212190848565292,-2.0493857900336234,0.2184693203319728,-13.212190848565292,-2.0493857900336234,0.9426521225203954,-0.5129710051463119,-6.634874016356242
6846846846.846848,0.9329591664490668,-0.6027472788518947,-6.738345863377057,0.22466351473915683,-12.969349021935557,-2.0627676505203643,0.22466351473915683,-12.969349021935557,-2.0627676505203643,0.9405349251261165,-0.53250146090184,-6.645784700433964
6852852852.852853,0.9304320696757207,-0.6263065794534479,-6.752335457650039,0.23107311134031272,-12.72501175903999,-2.076446484195057,0.23107311134031272,-12.72501175903999,-2.076446484195057,0.9382875126804242,-0.5532812699909082,-6.656890774278137
6858858858.858859,0.9277490402242754,-0.6513897253128593,-6.766645456236269,0.23770818447880002,-12.479117298310795,-2.090437449494577,0.23770818447880002,-12.479117298310795,-2.090437449494577,0.9359000601938028,-0.5754104958292618,-6.668201381306952
6864864864.864864,0.9248982051191209,-0.6781212671176247,-6.781292834064544,0.24457929991777083,-12.231606049176175,-2.104756651381865,0.24457929991777083,-12.231606049176175,-2.104756651381865,0.9333618827795465,-0.5989987816062273,-6.679726099208944
6870870870.870871,0.9218666405364477,-0.7066380099069219,-6.796295645684613,0.2516975284156689,-11.982420981103205,-2.1194212046633054,0.2516975284156689,-11.982420981103205,-2.1194212046633054,0.9306613534910402,-0.6241664032527856,-6.6914749495788595
6876876876.876877,0.9186402700643271,-0.7370904101627567,-6.811673100804172,0.2590744566325686,-11.731508080721877,-2.1344493009718355,0.2590744566325686,-11.731508080721877,-2.1344493009718355,0.9277858132792458,-0.6510454507802994,-6.7034584042562235
6882882882.882883,0.9152037530374526,-0.7696441521374087,-6.827445644599652,0.2667221944671639,-11.478816886534702,-2.14986027937225,0.2667221944671639,-11.478816886534702,-2.14986027937225,0.9247214724600868,-0.6797811547097512,-6.715687387262068
6888888888.888889,0.9115403621498711,-0.8044819286414051,-6.8436350428626,0.2746533777225006,-11.22430111200969,-2.165674700458129,0.2746533777225006,-11.22430111200969,-2.165674700458129,0.9214533030925677,-0.7105333765180242,-6.728173270954146
6894894894.894896,0.9076318495544584,-0.8418054553220272,-6.860264471967024,0.282881164757847,-10.967919369280443,-2.181914423696375,0.282881164757847,-10.967919369280443,-2.181914423696375,0.9179649217044077,-0.7434782844998091,-6.740927864681571
6900900900.900901,0.903458300692549,-0.881837751868382,-6.877358613541416,0.2914192254978933,-10.709636007242091,-2.198602687628742,0.2914192254978933,-10.709636007242091,-2.198602687628742,0.9142384618723454,-0.7788102391976941,-6.7539633938006345
6906906906.906907,0.8989979751718277,-0.9248257286878686,-6.894943753597194,0.30028172083177596,-10.449422079530974,-2.2157641923522813,0.30028172083177596,-10.449422079530974,-2.2157641923522813,0.9102544362812554,-0.8167439156029885,-6.767292466396322
6912912912.912912,0.8942271341401402,-0.9710431235233684,-6.913047885695953,0.30948327003591797,-10.1872564596924,-2.2334251834631433,0.30948327003591797,-10.1872564596924,-2.2334251834631433,0.90599158806591,-0.8575166926782471,-6.780928024415708
6918918918.918919,0.8891198538054604,-1.0207938393610505,-6.931700817524295,0.3190389033888457,-9.923127122746875,-2.2516135363497054,0.3190389033888457,-9.923127122746875,-2.2516135363497054,0.9014267315016713,-0.901391344392648,-6.794883275132208
6924924924.924925,0.883647825051794,-1.0744157429741086,-6.9509342799777745,0.32896399660573206,-9.657032614317998,-2.2703588393484004,0.32896399660573206,-9.657032614317998,-2.2703588393484004,0.8965345824817745,-0.9486590703609172,-6.809171597888496
6930930930.930931,0.877780139526389,-1.1322849927571963,-6.970782037526663,0.33927418309961677,-9.388983730407784,-2.28969247381441,0.33927418309961677,-9.388983730407784,-2.28969247381441,0.891287579731428,-0.9996429082788533,-6.8238064198686885
6936936936.936937,0.8714830631622241,-1.1948209753634655,-6.991279998235891,0.34998523937139864,-9.119005432693326,-2.3096476885923978,0.34998523937139864,-9.119005432693326,-2.3096476885923978,0.8856556984035332,-1.0547015745501584,-6.838801053174497
6942942942.942944,0.8647197988961158,-1.2624919433534545,-7.012466321331414,0.36111293804211875,-8.847139025723253,-2.3302596656808636,0.36111293804211875,-8.847139025723253,-2.3302596656808636,0.8796062586275223,-1.114233783639059,-6.854168483661259
6948948948.948949,0.857450241401011,-1.3358214609685946,-7.034381519639168,0.3726728621760153,-8.573444623394623,-2.3515655730477802,0.3726728621760153,-8.573444623394623,-2.3515655730477802,0.8731037328029122,-1.1786831005145388,-6.869921099749252
6954954954.954955,0.8496307280350922,-1.4153957827201749,-7.057068553568401,0.38468017361795487,-8.298003932309564,-2.37360459955393,0.38468017361795487,-8.298003932309564,-2.37360459955393,0.8661095570161753,-1.2485433837136484,-6.886070346666633
6960960960.96096,0.8412137919939757,-1.5018723103520975,-7.0805729125744055,0.3971493271155765,-8.020923378657894,-2.396417965754588,0.3971493271155765,-8.020923378657894,-2.396417965754588,0.8585819540006218,-1.324364878517886,-6.902626288183602
6966966966.966967,0.8321479259175101,-1.5959892987219395,-7.104942679235205,0.4100937210665594,-7.7423376026444135,-2.4200489029640906,0.4100937210665594,-7.7423376026444135,-2.4200489029640906,0.8504757776540677,-1.4067610197696947,-6.919597053717524
6972972972.972973,0.8223773670365869,-1.6985770113917757,-7.1302285702519175,0.4235252749044557,-7.462413339534577,-2.4445425913727923,0.4235252749044557,-7.462413339534577,-2.4445425913727923,0.841742392390698,-1.4964160009102332,-6.936988143545618
6978978978.978979,0.8118419184332843,-1.8105705638419587,-7.156483947904808,0.43745392252956916,-7.181353698319568,-2.469946046206573,0.43745392252956916,-7.181353698319568,-2.469946046206573,0.8323296046519263,-1.5940931584448768,-6.9548015585344025
6984984984.984985,0.800476825202246,-1.9330247385407247,-7.183764794885837,0.4518870109694199,-6.899402836813838,-2.4963079389401917,0.4518870109694199,-6.899402836813838,-2.4963079389401917,0.8221816688579563,-1.700644207221027,-6.97303471300841
6990990990.990992,0.7882127292844525,-2.067131115027279,-7.2121296451747545,0.46682859384122877,-6.616851014523894,-2.5236783384730415,0.46682859384122877,-6.616851014523894,-2.5236783384730415,0.8112393960580551,-1.8170193388347817,-6.9916790797923145
6996996996.996997,0.7749757324822041,-2.214237934753254,-7.241639464025007,0.4822786104825531,-6.3340399805294005,-2.5521083550489054,0.4822786104825531,-6.3340399805294005,-2.5521083550489054,0.799440400615422,-1.9442781592718843,-7.010718504639009
7003003003.003003,0.7606876035482941,-2.3758732222754086,-7.272357471624965,0.49823194419068034,-6.051368621458271,-2.581649667710138,0.49823194419068034,-6.051368621458271,-2.581649667710138,0.7867195284702938,-2.083601387067974,-7.030127112652625
7009009009.009008,0.7452661720232141,-2.553771823001845,-7.304348908264556,0.5146773573214118,-5.769298752994367,-2.6123539144596295,0.5146773573214118,-5.769298752994367,-2.6123539144596295,0.7730095198041468,-2.2363031520875363,-7.049866711222518
7015015015.015015,0.7286259582178857,-2.7499072106064917,-7.337680744850234,0.5315963075657936,-5.488360886014626,-2.644271923399472,0.5315963075657936,-5.488360886014626,-2.644271923399472,0.758241969094133,-2.4038436162991075,-7.069883571481987
7021021021.021021,0.7106790946789313,-2.9665291913376333,-7.372421352813255,0.5489616591020294,-5.2091597347463985,-2.6774527633759324,0.5489616591020294,-5.2091597347463985,-2.6774527633759324,0.7423486562519498,-2.587841465244013,-7.0901044421850905
7027027027.027027,0.691336598556342,-3.2062090292734218,-7.408640163971328,0.566736315025242,-4.9323791595658495,-2.711942594666639,0.566736315025242,-4.9323791595658495,-2.711942594666639,0.7252633332433968,-2.7900855676157628,-7.110431614571369
7033033033.033033,0.6705100550500434,-3.47189410061734,-7.4464073768835295,0.5848718138508974,-4.658786153139709,-2.747783304694324,0.5848718138508974,-4.658786153139709,-2.747783304694324,0.7069240605556099,-3.0125447326332417,-7.13073681220752
7039039039.03904,0.6481137676662603,-3.7669750574983816,-7.485793806454551,0.6033069530045074,-4.389233389773696,-2.7850109214243077,0.6033069530045074,-4.389233389773696,-2.7850109214243077,0.6872761962703209,-3.2573739513683724,-7.1508536234009314
7045045045.045045,0.6240674191697283,-4.09536980276959,-7.526871035412001,0.6219665255271735,-4.124659771458241,-2.823653808786014,0.6219665255271735,-4.124659771458241,-2.823653808786014,0.6662761465284752,-3.5269146941598644,-7.170568122667291
7051051051.051051,0.5982992655896776,-4.461630605052644,-7.569712121752556,0.6407602813827559,-3.8660883314510657,-2.8637306648077696,0.6407602813827559,-3.8660883314510657,-2.8637306648077696,0.6438959894533868,-3.8236855985982006,-7.18960723932911
7057057057.057056,0.5707498525107243,-4.871083841302483,-7.614393265441758,0.6595822492647025,-3.6146208128281736,-2.9052483644897245,0.6595822492647025,-3.6146208128281736,-2.9052483644897245,0.6201290857046159,-4.150357972164978,-7.207624325317601
7063063063.063063,0.5413761973583586,-5.33001685469285,-7.660997076030531,0.6783105748523366,-3.37142824474652,-2.9481997154770876,0.6783105748523366,-3.37142824474652,-2.9481997154770876,0.5949967899991262,-4.509707545577813,-7.224181257405575
7069069069.069069,0.5101563249050693,-5.8459344921267755,-7.70961847607929,0.6968080418941682,-3.137736915171257,-2.9925612241309065,0.6968080418941682,-3.137736915171257,-2.9925612241309065,0.5685563837616059,-4.904529196752789,-7.238726306263719
7075075075.075075,0.4770939809624125,-6.427921249676642,-7.760374950930477,0.7149234371354747,-2.914809306914724,-3.0382910002164505,0.7149234371354747,-2.914809306914724,-3.0382910002164505,0.5409103665838765,-5.337493903899276,-7.2505669830145685
7081081081.081081,0.4422232922289711,-7.087167730844499,-7.813424073716728,0.7324938926450931,-2.7039198399983566,-3.0853269563463277,0.7324938926450931,-2.7039198399983566,-3.0853269563463277,0.5122172808169094,-5.8109154741332505,-7.2588372936447225
7087087087.087088,0.4056131086879624,-7.837760356588501,-7.868993554743235,0.7493482845148755,-2.5063256517144126,-3.1335854784438424,0.7493482845148755,-2.5063256517144126,-3.1335854784438424,0.4827042997846583,-6.326376651990219,-7.2624596489923805
7093093093.093094,0.36737079461454536,-8.697907447370666,-7.927433759274372,0.7653116834138805,-2.323233131726718,-3.182960749941388,0.7653116834138805,-2.323233131726718,-3.182960749941388,0.45268185940245886,-6.884138178098738,-7.260103840006929
7099099099.099099,0.32764539376560964,-9.691918664716281,-7.98931280521973,0.7802107435632438,-2.1557614742782447,-3.2333248994680917,0.7802107435632438,-2.1557614742782447,-3.2333248994680917,0.42256055669087483,-7.482220879747198,-7.250150459494842
7105105105.105105,0.2866305374491918,-10.853550839891813,-8.055598166268306,0.7938797926181695,-2.004905048556871,-3.2845291052465178,0.7938797926181695,-2.004905048556871,-3.2845291052465178,0.39287011250148834,-8.115020175578245,-7.23067652166261
7111111111.111111,0.2445686078934727,-12.231985769672134,-8.128029975904534,0.8061672628442115,-1.871496836504416,-3.33640572830835,0.8061672628442115,-1.871496836504416,-3.33640572830835,0.36427880960855963,-8.771321825655006,-7.199500487796815
7117117117.117117,0.20176087277537139,-13.903261041995219,-8.209968435087843,0.8169420058785896,-1.7561754524820914,-3.388771464454731,0.8169420058785896,-1.7561754524820914,-3.388771464454731,0.3376083828331208,-9.431735567173604,-7.154354812276495
7123123123.123123,0.1585989063388623,-15.993996236034732,-8.308594004357841,0.8260989818947148,-1.6593582614556743,-3.4414314101517407,0.8260989818947148,-1.6593582614556743,-3.4414314101517407,0.31383245937905746,-10.06604279559542,-7.093287636979501
7129129129.129129,0.11567691434269234,-18.735066092176027,-8.441797092965036,0.8335638265371781,-1.581222806902659,-3.494183843046112,0.8335638265371781,-1.581222806902659,-3.494183843046112,0.2940363599905144,-10.631979244351218,-7.015387887726578
7135135135.135136,0.07430083904219123,-22.580125638829873,-8.666427874400426,0.8392958820359644,-1.5216981545243715,-3.5468254383583475,0.8392958820359644,-1.5216981545243715,-3.5468254383583475,0.27930889189400065,-11.078304763314076,-6.921780362513205
7141141141.141142,0.03998753010242735,-27.9615083994568,-9.232479570822811,0.8432894245152761,-1.4804669203750005,-3.599156591778396,0.8432894245152761,-1.4804669203750005,-3.599156591778396,0.27055143710876955,-11.355003097000866,-6.8164688127957715
7147147147.147147,0.03925770580510096,-28.121501677653367,-10.448602921952599,0.845573005786155,-1.4569777993778985,-3.650986506891195,0.845573005786155,-1.4569777993778985,-3.650986506891195,0.2682456045589871,-11.429347712042983,-6.706238290077671
7153153153.153153,0.0719555772497882,-22.858710768408788,-11.025144943921152,0.8462070236705714,-1.450467485348261,-3.7021377329488625,0.8462070236705714,-1.450467485348261,-3.7021377329488625,0.27229176875482797,-11.299309739369555,-6.599123543081009
7159159159.159159,0.110713615494473,-19.1159793312049,-11.250229679210724,0.8452798073019447,-1.4599901132608228,-3.7524499018203987,0.8452798073019447,-1.4599901132608228,-3.7524499018203987,0.2820274101903336,-10.99417361262606,-6.5021064472152865
7165165165.165165,0.1498850015306542,-16.484836466232174,-11.380876407771122,0.8429026263971693,-1.4844518588915812,-3.801782499886221,0.8429026263971693,-1.4844518588915812,-3.801782499886221,0.2964193767120642,-10.561868205212265,-6.419483299583331
7171171171.171171,0.18825627595206057,-14.505010733789236,-11.4753883507297,0.839204091837334,-1.522648145049679,-3.8500166069408976,0.839204091837334,-1.522648145049679,-3.8500166069408976,0.31431241974689356,-10.05276915846003,-6.3526606295817905
7177177177.177177,0.22537535247777332,-12.941871621006385,-11.552091495954844,0.8343244086543198,-1.5733010137648251,-3.8970556254292243,0.8343244086543198,-1.5733010137648251,-3.8970556254292243,0.3346201180005145,-9.50895903950127,-6.300951721472901
7183183183.183184,0.26101493383131363,-11.666692880438038,-11.618394249605018,0.8284098832121384,-1.6350945693309658,-3.942825098225423,0.8284098832121384,-1.6350945693309658,-3.942825098225423,0.3564216481056943,-8.960718518779284,-6.26257548518933
7189189189.18919,0.29504728969508864,-10.602167408730349,-11.677829628934782,0.8216079926641836,-1.7067068908186147,-3.98727176505202,0.8216079926641836,-1.7067068908186147,-3.98727176505202,0.37898563831099064,-8.427544946837271,-6.235401678222394
7195195195.195195,0.32740294927310737,-9.698348254909945,-11.732291336882838,0.8140632170450366,-1.786837362958581,-4.030362034857941,0.8140632170450366,-1.786837362958581,-4.030362034857941,0.4017553548234396,-7.920766520052877,-6.217369094500316
7201201201.201201,0.3580525355618988,-8.921064929093854,-11.782889609401968,0.805913730252634,-1.8742289028679304,-4.072080056426208,0.805913730252634,-1.8742289028679304,-4.072080056426208,0.4243199083518401,-7.4461318282776245,-6.206666585361187
7207207207.207207,0.3869964666695474,-8.24586000261523,-11.830325385926539,0.797288957993928,-1.9676850120125364,-4.112425557107099,0.797288957993928,-1.9676850120125364,-4.112425557107099,0.4463842092150062,-7.005823538223357,-6.201780614216065
7213213213.213213,0.4142578738298896,-7.654584563260051,-11.875070778715449,0.7883079448367422,-2.066081928938449,-4.151411595810135,0.7883079448367422,-2.066081928938449,-4.151411595810135,0.4677426563643753,-6.59986044536568,-6.201480360913656
7219219219.219219,0.43987713515001337,-7.133372241992971,-11.917462851322263,0.7790784300093301,-2.1683763919733727,-4.18906234690674,0.7790784300093301,-2.1683763919733727,-4.18906234690674,0.4882577414507261,-6.227017242720075,-6.204779601531034
7225225225.225225,0.46390742289699943,-6.671373567196898,-11.957755242314224,0.769696510087027,-2.273609651774745,-4.225411001120286,0.769696510087027,-2.273609651774745,-4.225411001120286,0.5078432349727665,-5.885406569017406,-6.210894191268
7231231231.231232,0.4864110137473109,-6.259931998903429,-11.996147904055135,0.7602467618286493,-2.3809084200052886,-4.260497841068454,0.7602467618286493,-2.3809084200052886,-4.260497841068454,0.5264511792536418,-5.572837943086778,-6.219202983705431
7237237237.237238,0.5074562373185503,-5.892028101223893,-12.03280487188609,0.750802705232869,-2.4894834246475326,-4.294368524797765,0.750802705232869,-2.4894834246475326,-4.294368524797765,0.5440618958082797,-5.287033789901957,-6.229214703568368
7243243243.243243,0.5271149816361926,-5.561892802262621,-12.067865208127522,0.7414275008007924,-2.5986261858073325,-4.327072591225718,0.7414275008007924,-2.5986261858073325,-4.327072591225718,0.5606763322848396,-5.0257555259715385,-6.240540962214922
7249249249.249249,0.5454606878294467,-5.264730884059759,-12.10144992220302,0.7321747922962804,-2.7077045463768092,-4.358662186902325,0.7321747922962804,-2.7077045463768092,-4.358662186902325,0.5763102124728436,-4.7868736891882415,-6.252874722626984
7255255255.255255,0.5625667706072774,-4.996518481741966,-12.13366645401807,0.7230896242827161,-2.816157403511126,-4.38919100344191,0.7230896242827161,-2.816157403511126,-4.38919100344191,0.5909895742696539,-4.568403610026229,-6.2659732887209705
7261261261.261261,0.5785054035783972,-4.753851602582734,-12.164611649446396,0.7142093806241553,-2.923488999231214,-4.418713408633518,0.7142093806241553,-2.923488999231214,-4.418713408633518,0.6047473771851937,-4.3685201303085925,-6.279644928594481
7267267267.267267,0.5933466117599475,-4.533830665646389,-12.194373786008535,0.7055647049871965,-3.0292630476802285,-4.447283750815484,0.7055647049871965,-3.0292630476802285,-4.447283750815484,0.6176209351510346,-4.185559827718529,-6.293738367395583
7273273273.273273,0.6071576181312792,-4.333971028618925,-12.223033991221138,0.6971803767562577,-3.13309690589406,-4.474955814842707,0.6971803767562577,-3.13309690589406,-4.474955814842707,0.6296499866608928,-4.018016030093648,-6.308134527598067
7279279279.27928,0.6200023965476348,-4.1521326356671215,-12.250667267350057,0.6890761256512172,-3.234655935607012,-4.50178240822739,0.6890761256512172,-3.234655935607012,-4.50178240822739,0.6408752569500424,-3.8645299085432505,-6.322740023647349
7285285285.285286,0.6319413892641618,-3.9864639881347546,-12.277343257734687,0.6812673759116624,-3.3336481554783544,-4.527815057265656,0.6812673759116624,-3.3336481554783544,-4.527815057265656,0.6513373994807486,-3.7238796825864853,-6.337482025690179
7291291291.291291,0.6430313533000823,-3.835357019486085,-12.303126841059875,0.6737659164994412,-3.429819245269787,-4.553103794765417,0.6737659164994412,-3.429819245269787,-4.553103794765417,0.6610762290173726,-3.594969178432211,-6.352304193280901
7297297297.2972975,0.6533253055721837,-3.6974103948286956,-12.328078609228179,0.6665804977207606,-3.522947934606605,-4.577697023067808,0.6665804977207606,-3.522947934606605,-4.577697023067808,0.6701301779258442,-3.4768164814082,-6.36716344740072
7303303303.303303,0.6628725419395853,-3.571399406377399,-12.352255264931305,0.6597173573201071,-3.612841787568555,-4.601641438198717,0.6597173573201071,-3.612841787568555,-4.601641438198717,0.678535922383048,-3.3685431080653183,-6.382027401323336
7309309309.309309,0.6717187099196862,-3.456251095609862,-12.375709962475835,0.6531806807541712,-3.69933337907287,-4.624982003064701,0.6531806807541712,-3.69933337907287,-4.624982003064701,0.6863281369335937,-3.2693639253043836,-6.396872311054074
7315315315.315315,0.6799059188231975,-3.3510235624255484,-12.398492607326673,0.6469730012718043,-3.7822768485525997,-4.6477619595366875,0.6469730012718043,-3.7822768485525997,-4.6477619595366875,0.6935393450288826,-3.1785779205309823,-6.41168143697657
7321321321.3213215,0.6874728744288934,-3.254888661757862,-12.420650124594028,0.6410955458140792,-3.8615448096997733,-4.670022871004221,0.6410955458140792,-3.8615448096997733,-4.670022871004221,0.7001998403890863,-3.0955598513725073,-6.42644373212669
7327327327.327328,0.6944550281209607,-3.1671174656632233,-12.442226703293546,0.6355485327705691,-3.937025591116793,-4.691804688515939,0.6355485327705691,-3.937025591116793,-4.691804688515939,0.7063376596727097,-3.019752758679562,-6.441152790858115
7333333333.333334,0.7008847327037183,-3.087068002062426,-12.463264021006006,0.6303314274087776,-4.0086207808589975,-4.713145834950277,0.6303314274087776,-4.0086207808589975,-4.713145834950277,0.711978591354166,-2.9506613013228735,-6.4558060058550275
7339339339.339339,0.706791398956661,-3.014174882467578,-12.483801452134554,0.6254431604257182,-4.076243047472234,-4.734083302796163,0.6254431604257182,-4.076243047472234,-4.734083302796163,0.7171462091573126,-2.887845858556648,-6.470403892463358
7345345345.3453455,0.7122016484625657,-2.947940508844194,-12.503876262031737,0.6208823146207622,-4.139814210778882,-4.754652762084545,0.6208823146207622,-4.139814210778882,-4.754652762084545,0.7218619210764458,-2.830917340836736,-6.484949547895297
7351351351.351351,0.7171394593939185,-2.8879276103320577,-12.523523788667909,0.6166472842038044,-4.199263537001879,-4.774888675818088,0.6166472842038044,-4.199263537001879,-4.774888675818088,0.7261450270963787,-2.7795326499767814,-6.4994482195751555
7357357357.357357,0.7216263028330381,-2.8337529082396857,-12.542777613121192,0.612736410763882,-4.25452623458837,-4.794824420919953,0.612736410763882,-4.25452623458837,-4.794824420919953,0.7300127803273098,-2.7333907324664537,-6.513906962165991
7363363363.363363,0.7256812678760729,-2.78508174570148,-12.56166971991022,0.6091480994509648,-4.3055421291183436,-4.81449241328233,0.6091480994509648,-4.3055421291183436,-4.81449241328233,0.7334804474977445,-2.6922291744375872,-6.528334366971103
7369369369.3693695,0.7293211742710273,-2.7416235489629064,-12.580230648014723,0.6058809184795175,-4.352254497834554,-4.83392423596075,0.6058809184795175,-4.352254497834554,-4.83392423596075,0.7365613656791461,-2.6558212923642026,-6.542740350691507
7375375375.375376,0.732560671698479,-2.7031280121683725,-12.598489633301828,0.6029336846527746,-4.394609046522118,-4.853150769947157,0.6029336846527746,-4.394609046522118,-4.853150769947157,0.739266992810893,-2.6239736796504194,-6.557135993130303
7381381381.381382,0.7354123250480865,-2.669381918075275,-12.616474742976212,0.6003055372333171,-4.4325530136493505,-4.872202327278273,0.6003055372333171,-4.4325530136493505,-4.872202327278273,0.7416069501023376,-2.596524175519565,-6.57153341551415
7387387387.387387,0.7378866851964386,-2.640206524308067,-12.634213002583916,0.5979960021476934,-4.466034388827099,-4.891108786508434,0.5979960021476934,-4.466034388827099,-4.891108786508434,0.7435890547481129,-2.573340228930207,-6.585945692763596
7393393393.3933935,0.7399923448699451,-2.6154554593787793,-12.651730516012616,0.5960050482075314,-4.495001234745962,-4.9098997308090375,0.5960050482075314,-4.495001234745962,-4.9098997308090375,0.7452193416326797,-2.5543176365643343,-6.6003867943754395
7399399399.399399,0.7417359791939798,-2.5950130853585565,-12.669052578835668,0.5943331367528433,-4.5194011038139035,-4.928604589158519,0.5943331367528433,-4.5194011038139035,-4.928604589158519,0.746502072843059,-2.5393796402780433,-6.6148715496481625
7405405405.405405,0.7431223704971063,-2.578793295294499,-12.686203785237087,0.5929812658697219,-4.539180542762794,-4.947252781266513,0.5929812658697219,-4.539180542762794,-4.947252781266513,0.7474397338720496,-2.5284763758422053,-6.629415633838845
7411411411.411411,0.7441544168650432,-2.5667387236528776,-12.703208128620556,0.5919510100987944,-4.554284680546389,-4.965873867038325,0.5919510100987944,-4.554284680546389,-4.965873867038325,0.7480330153906483,-2.521584671439384,-6.644035572524954
7417417417.417418,0.7448331238292072,-2.558820357602823,-12.72008909584006,0.5912445563259001,-4.564656896956007,-4.984497701538228,0.5912445563259001,-4.564656896956007,-4.984497701538228,0.7482807794076106,-2.518708201363698,-6.658748761988201
7423423423.423424,0.7451575784338808,-2.555037546167798,-12.736869754781342,0.5908647363254917,-4.5702385715776614,-5.003154596555053,0.5908647363254917,-4.5702385715776614,-5.003154596555053,0.7481800085226956,-2.519878007874479,-6.673573503860493
7429429429.42943,0.745124904757796,-2.55541841348361,-12.753572834758998,0.5908150562020448,-4.570968915064025,-5.021875490015675,0.5908150562020448,-4.570968915064025,-5.021875490015675,0.747725736823009,-2.525153412401459,-6.688529052589244
7435435435.435435,0.744730199773464,-2.560020691924358,-12.770220798855565,0.591099722736197,-4.56678488726241,-5.040692124632451,0.591099722736197,-4.56678488726241,-5.040692124632451,0.7469109607722411,-2.5346233465588703,-6.703635674497792
7441441441.441442,0.7439664482138681,-2.568933001021765,-12.786835906893474,0.591723666379784,-4.557621209605856,-5.059637237311328,0.591723666379784,-4.557621209605856,-5.059637237311328,0.7457265282027262,-2.548408144030242,-6.718914717338537
7447447447.447447,0.7428244148851133,-2.58227660926369,-12.803440267166751,0.5926925603448885,-4.543410482432067,-5.078744760987146,0.5926925603448885,-4.543410482432067,-5.078744760987146,0.7441610032423075,-2.5666618467418956,-6.73438868925507
7453453453.453453,0.7412925126206081,-2.600207728415715,-12.82005587432603,0.5940128348815236,-4.524083421655559,-5.098050040690374,0.5940128348815236,-4.524083421655559,-5.098050040690374,0.7422005046940823,-2.5895750933642114,-6.750081345972134
7459459459.459459,0.7393566438254022,-2.6229204044292906,-12.83670462985165,0.595691685418486,-4.499569233613889,-5.11759006578007,0.595691685418486,-4.499569233613889,-5.11759006578007,0.7398285150410118,-2.6173786757057034,-6.766017784794316
7465465465.465466,0.7370000133208434,-2.650650085826603,-12.853408340291228,0.5977370727301736,-4.469796152095224,-5.137403720394734,0.5977370727301736,-4.469796152095224,-5.137403720394734,0.7370256568750482,-2.6503478698119483,-6.782224543580533
7471471471.471472,0.7342029099886782,-2.683677970339337,-12.8701886867786,0.600157712661691,-4.434692167715983,-5.157532054264496,0.600157712661691,-4.434692167715983,-5.157532054264496,0.7337694331618936,-2.6888076745944782,-6.798729702218257
7477477477.477478,0.7309424545584862,-2.7223362543161422,-12.887067157153258,0.602963052162164,-4.394185987170909,-5.178018576078049,0.602963052162164,-4.394185987170909,-5.178018576078049,0.7300339273644924,-2.7331391229389155,-6.815562983173638
7483483483.483484,0.7271923108258126,-2.7670144379543093,-12.90406492907566,0.6061632274012869,-4.348208268675316,-5.198909571582593,0.6061632274012869,-4.348208268675316,-5.198909571582593,0.725789459086683,-2.783786870235579,-6.83275584633457
7489489489.48949,0.7229223576933944,-2.818166873916036,-12.921202688625927,0.6097689985273199,-4.2966931904514,-5.22025444848016,0.6097689985273199,-4.2966931904514,-5.22025444848016,0.7210021906038133,-2.8412683154393554,-6.850341571442054
7495495495.495496,0.7180983197869191,-2.876321788757625,-12.938500363625337,0.6137916541067051,-4.2395804217022555,-5.24210610992322,0.6137916541067051,-4.2395804217022555,-5.24210610992322,0.7156336794802272,-2.9061845731546745,-6.868355318709235
7501501501.501501,0.7126813551443395,-2.9420920575069225,-12.955976743834508,0.6182428763955234,-4.176817580528254,-5.2645213579395005,0.6182428763955234,-4.176817580528254,-5.2645213579395005,0.7096403725254856,-2.979233695931511,-6.886834154454376
7507507507.507507,0.7066275998082349,-3.0161880736495994,-12.973648950564673,0.62313455624956,-4.108363281039749,-5.2875613273432895,0.62313455624956,-4.108363281039749,-5.2875613273432895,0.7029730367446012,-3.061226649464272,-6.905817023295706
7513513513.513514,0.6998876713444174,-3.0994331319962147,-12.991531705105185,0.628478543590845,-4.034190892867132,-5.311291949495444,0.628478543590845,-4.034190892867132,-5.311291949495444,0.6955761238854751,-3.153106677226394,-6.925344641053767
7519519519.51952,0.692406136768687,-3.1927818328893505,-13.009636327323072,0.6342863158166537,-3.954293160649917,-5.335784443496061,0.6342863158166537,-3.954293160649917,-5.335784443496061,0.6873870669551624,-3.255972865647265,-6.945459272086472
7525525525.525526,0.6841209556630865,-3.2973421254527575,-13.027969370817232,0.6405685422673932,-3.868687859030609,-5.361115829815484,0.6405685422673932,-3.868687859030609,-5.361115829815484,0.6783355100578939,-3.3711089507965246,-6.9662043400300275
7531531531.531532,0.6749629172249363,-3.4144017370677844,-13.046530766193921,0.6473345177878209,-3.7774246900108683,-5.387369457708886,0.6473345177878209,-3.7774246900108683,-5.387369457708886,0.6683424776536533,-3.5000187133533895,-6.987623799885565
7537537537.537538,0.6648551017895031,-3.5454598864209625,-13.065311295094709,0.6545914324963243,-3.6805936635398058,-5.4146355326520395,0.6545914324963243,-3.6805936635398058,-5.4146355326520395,0.6573194966151612,-3.644469720228456,-7.009761169135818
7543543543.543544,0.6537124146747125,-3.692265345089603,-13.084289148213445,0.6623434381922508,-3.5783352373204806,-5.443011623019118,0.6623434381922508,-3.5783352373204806,-5.443011623019118,0.6451676953344823,-3.806547732332783,-7.032658071586415
7549549549.549549,0.64144126540675,-3.8568620867180785,-13.103425221178908,0.6705904646308684,-3.470852525082208,-5.4726031157312995,0.6705904646308684,-3.470852525082208,-5.4726031157312995,0.6317769200468554,-3.9887248740741645,-7.056352082841614
7555555555.555555,0.6279395019328631,-4.041643916413717,-13.12265665842174,0.6793267317246707,-3.358425908918696,-5.503523577968214,0.6793267317246707,-3.358425908918696,-5.503523577968214,0.6170249314585158,-4.193945750903827,-7.080873569442231
7561561561.561562,0.6130967622744948,-4.249419546971989,-13.141887944806673,0.6885388976062042,-3.241430402591217,-5.535894965511968,0.6885388976062042,-3.241430402591217,-5.535894965511968,0.6007767773137305,-4.425737261736337,-7.1062410661556035
7567567567.567568,0.5967954824751184,-4.483489459486355,-13.160978533397262,0.69820377915099,-3.1203560964012973,-5.569847597151081,0.69820377915099,-3.1203560964012973,-5.569847597151081,0.5828844822171567,-4.688350129746541,-7.132454506361983
7573573573.573574,0.578912910453266,-4.747735300731952,-13.17972553103176,0.7082855837995934,-2.9958319518340475,-5.6055197882407475,0.7082855837995934,-2.9958319518340475,-5.6055197882407475,0.5631872595421374,-4.986943567842014,-7.159485254259272
7579579579.57958,0.5593246369750878,-5.046721011372485,-13.197839255716485,0.7187326035749111,-2.8686530794474185,-5.643057004886143,0.7187326035749111,-2.8686530794474185,-5.643057004886143,0.5415125380883121,-5.327829666847891,-7.187261286016141
7585585585.585586,0.5379103934505904,-5.385801284854587,-13.214908395777805,0.7294733501598027,-2.7398113911049817,-5.68261036412178,0.7294733501598027,-2.7398113911049817,-5.68261036412178,0.5176782178618891,-5.718802165358139,-7.215644844981826
7591591591.591592,0.5145632243617436,-5.7712251175653915,-13.230349829779914,0.740412161996227,-2.610529122951282,-5.724334267430461,0.740412161996227,-2.610529122951282,-5.724334267430461,0.4914967407422167,-6.169587155105419,-7.244398091948607
7597597597.597597,0.48920369270917574,-6.210205467826837,-13.243335597364425,0.7514244007361746,-2.48229412708124,-5.768382920267015,0.7514244007361746,-2.48229412708124,-5.768382920267015,0.4627818131348429,-6.69247433452588,-7.2731289458052535
7603603603.603603,0.46180164778323846,-6.710890435657443,-13.252685646719536,0.7623514859107761,-2.3568949775003603,-5.814905468309686,0.7623514859107761,-2.3568949775003603,-5.814905468309686,0.43135901561212703,-7.3032224113290045,-7.301202873837578
7609609609.60961,0.4324095013097885,-7.282095437710463,-13.256709551623818,0.7729962020399397,-2.2364527978857334,-5.864039486832239,0.7729962020399397,-2.2364527978857334,-5.864039486832239,0.39708224177851337,-8.02239069841266,-7.327593237238312
7615615615.615616,0.4012133000301326,-7.932493575148207,-13.252974216072712,0.7831189522125657,-2.12344531143763,-5.915902614093494,0.7831189522125657,-2.12344531143763,-5.915902614093494,0.3598593537713683,-8.877344085540905,-7.3506142192254265
7621621621.621622,0.3686116783973267,-8.668618190631252,-13.237973215648816,0.7924359097437041,-2.020717047067235,-5.970582249701476,0.7924359097437041,-2.020717047067235,-5.970582249701476,0.3196938291149719,-9.905314932194088,-7.367413870178052
7627627627.627628,0.3353382271601482,-9.490338719768085,-13.206699203617573,0.8006202886107321,-1.9314681717019042,-6.028123472435193,0.8006202886107321,-1.9314681717019042,-6.028123472435193,0.27675813964065005,-11.157991947446572,-7.372937966851246
7633633633.633634,0.3026471497734315,-10.381268235358974,-13.152247928768073,0.8073081265009325,-1.8592135162489434,-6.088515688179918,0.8073081265009325,-1.8592135162489434,-6.088515688179918,0.23154114429521536,-12.707436494418268,-7.357623375083355
7639639639.63964,0.2725691340887076,-11.290466510299407,-13.066008337564698,0.8121099200799679,-1.8077036897243413,-6.151678991194313,0.8121099200799679,-1.8077036897243413,-6.151678991194313,0.18519954011779552,-14.647201921607792,-7.301792971963933
7645645645.645645,0.24815706529362166,-12.105467109365238,-12.939998466589863,0.8146290150575114,-1.780802509725266,-6.217451757664174,0.8146290150575114,-1.780802509725266,-6.217451757664174,0.14055910949519224,-17.04282005907555,-7.161548842425662
7651651651.651651,0.23337548791560994,-12.638895221342745,-12.77372123818518,0.8144867102990199,-1.7823199506426106,-6.285581471242542,0.8144867102990199,-1.7823199506426106,-6.285581471242542,0.10516101725226476,-19.562904429839836,-6.845317063158081
7657657657.657658,0.23199441104909577,-12.690449550438421,-12.583583116367713,0.8113525871952677,-1.8158074929270265,-6.355721024286269,0.8113525871952677,-1.8158074929270265,-6.355721024286269,0.09567274267028922,-20.384235516984845,-6.308961335565848
7663663663.663664,0.24557711528008488,-12.196242129334529,-12.401256705779197,0.8049768492649184,-1.884332190930182,-6.427432539882702,0.8049768492649184,-1.884332190930182,-6.427432539882702,0.12146869053715953,-18.31071300579478,-5.8488183674414325
7669669669.66967,0.27250383718052007,-11.292547559152798,-12.254276379849387,0.795219941240166,-1.9902547587847785,-6.50019997320077,0.795219941240166,-1.9902547587847785,-6.50019997320077,0.16805709467850488,-15.49086297365654,-5.622663480662845
7675675675.675676,0.30922646816422017,-10.194466796646182,-12.151831710612448,0.7820740561807049,-2.135042415329093,-6.573450398511124,0.7820740561807049,-2.135042415329093,-6.573450398511124,0.2226977559111481,-13.045683185167075,-5.532645224848421
7681681681.681682,0.35205168478520116,-9.06787145945733,-12.089192348199106,0.7656718616756758,-2.319146257377564,-6.646582230091229,0.7656718616756758,-2.319146257377564,-6.646582230091229,0.2799202116619389,-11.059314842656661,-5.507681140204432
7687687687.687688,0.39798182329805204,-8.00273525308009,-12.057167483077423,0.7462799629694965,-2.541964373771939,-6.718997121428118,0.7462799629694965,-2.541964373771939,-6.718997121428118,0.33716228270123555,-9.443220290133606,-5.515667435662328
7693693693.693693,0.44480544075742334,-7.036598184074156,-12.047149669162252,0.724277732650248,-2.801897332732328,-6.790131433281989,0.724277732650248,-2.801897332732328,-6.790131433281989,0.39294329769380726,-8.11340228894711,-5.541506924147486
7699699699.699699,0.4909530554067069,-6.179200656625109,-12.052442309219998,0.7001251745041099,-3.096486121531721,-6.859483263090446,0.7001251745041099,-3.096486121531721,-6.859483263090446,0.44629785343481826,-7.007504039736818,-5.577342076165731
7705705705.705706,0.5353442813768942,-5.427336643175568,-12.068155871372715,0.6743254485722274,-3.422609000863242,-6.926632048560014,0.6743254485722274,-3.422609000863242,-6.926632048560014,0.4965845045314178,-6.08013672670014,-5.618696018974921
7711711711.711712,0.5772709174790134,-4.772406428289426,-12.090792229117636,0.6473880302378461,-3.7767066933464024,-6.991249335846276,0.6473880302378461,-3.7767066933464024,-6.991249335846276,0.5434052163063632,-5.297523939555191,-5.662839485758595
7717717717.717718,0.6163096680664081,-4.2040203885324186,-12.117861517773648,0.6197973405284843,-4.155005831901867,-7.053100930986454,0.6197973405284843,-4.155005831901867,-7.053100930986454,0.5865570663674374,-4.6337945762431145,-5.7080334060915465
7723723723.723724,0.6522537258851167,-3.7116686277905635,-12.147594206455839,0.5919896980764472,-4.55371701782137,-7.112041903218225,0.5919896980764472,-4.55371701782137,-7.112041903218225,0.6259927668288441,-4.068613698234479,-5.7531443236957855
7729729729.72973,0.6850568745041267,-3.2854674239340707,-12.178736432982173,0.5643393618224886,-4.969193145719909,-7.168006570462453,0.5643393618224886,-4.969193145719909,-7.168006570462453,0.6617843188028165,-3.5856705560978526,-5.7974315740703295
7735735735.735736,0.7147873532669998,-2.916462801418085,-12.2104057503689,0.5371528156637182,-5.398042868572517,-7.220995690373525,0.5371528156637182,-5.398042868572517,-7.220995690373525,0.6940897204554956,-3.1716877499736555,-5.8404198321775045
7741741741.741741,0.7415903705334264,-2.5967183618274987,-12.241988619567458,0.5106695207076687,-5.837201244435645,-7.271062771241529,0.5106695207076687,-5.837201244435645,-7.271062771241529,0.7231238922381904,-2.815745780087575,-5.881817449313907
7747747747.747747,0.7656585582622071,-2.3192971744881987,-12.273066677040244,0.4850670778243976,-6.283964010855154,-7.3183009121271825,0.4850670778243976,-6.283964010855154,-7.3183009121271825,0.7491346950897521,-2.508801774850003,-5.9214613152950335
7753753753.753754,0.7872095569128993,-2.078192842109959,-12.303363130344106,0.4604689072444499,-6.735993796554602,-7.362831051433872,0.4604689072444499,-6.735993796554602,-7.362831051433872,0.7723842599348273,-2.2433317018171484,-5.959278258604736
7759759759.75976,0.806469728792672,-1.8682385881918295,-12.332703500311343,0.43695294449628214,-7.19130659450199,-7.4047920518047246,0.43695294449628214,-7.19130659450199,-7.4047920518047246,0.793135279097547,-2.0130546406607293,-5.995257429016551
7765765765.765766,0.8236628953689521,-1.6850099562635181,-12.360986759627536,0.41456030218657186,-7.648245755733475,-7.444332718661797,0.41456030218657186,-7.648245755733475,-7.444332718661797,0.8116415649632098,-1.8127144084283717,-6.029430329296989
7771771771.771772,0.839003011345827,-1.5247296080141048,-12.388164096008364,0.3933032522270025,-8.105449247833471,-7.481605639295791,0.3933032522270025,-8.105449247833471,-7.481605639295791,0.8281420459334425,-1.63790330115887,-6.061856344705051
7777777777.777778,0.8526897960522938,-1.384178681806913,-12.414223308160492,0.37317219868372536,-8.561814372893995,-7.5167626170720325,0.37317219868372536,-8.561814372893995,-7.5167626170720325,0.8428573826121907,-1.4849180966966382,-6.0926122953735184
7783783783.783784,0.8649064978498116,-1.2606168024438924,-12.439177377636938,0.35414153134157383,-9.016462782272916,-7.549951432784448,0.35414153134157383,-9.016462782272916,-7.549951432784448,0.8559884835890497,-1.3506415650403916,-6.1217849559796225
7789789789.789789,0.8758191340549378,-1.1517114198337266,-12.46305613887494,0.3361743878129114,-9.468707546380406,-7.581313666652578,0.3361743878129114,-9.468707546380406,-7.581313666652578,0.8677163305861197,-1.2324445793331587,-6.149465767184775
7795795795.795795,0.8855767044003865,-1.0554763268556946,-12.485900245381885,0.3192264276988424,-9.918023240619434,-7.61098334000047,0.3192264276988424,-9.918023240619434,-7.61098334000047,0.8782026555939549,-1.1281050793614504,-6.175747161470792
7801801801.801802,0.8943120089465314,-0.9702187488321362,-12.507756833815826,0.3032487554705469,-10.364019455947203,-7.639086171620341,0.3032487554705469,-10.364019455947203,-7.639086171620341,0.8875911312428059,-1.035740917253795,-6.200720071494042
7807807807.807808,0.9021428082434131,-0.894494173265161,-12.52867643973564,0.28819013526744536,-10.80641778287897,-7.665739281776471,0.28819013526744536,-10.80641778287897,-7.665739281776471,0.8960088334219426,-0.9537541753401845,-6.224472298063933
7813813813.813814,0.9091731457257008,-0.8270680105335522,-12.548710832663474,0.2739986322876347,-11.245032100629874,-7.691051212121513,0.2739986322876347,-11.245032100629874,-7.691051212121513,0.9035678113895096,-0.880784974796936,-6.24708749715492
7819819819.81982,0.9154947132839979,-0.7668831855901277,-12.567911523444472,0.2606227996413489,-11.679751885645596,-7.715122160371434,0.2606227996413489,-11.679751885645596,-7.715122160371434,0.9103666575932623,-0.8156731360369984,-6.268644607581647
7825825825.825826,0.9211881848207055,-0.7130328188473373,-12.586328760775888,0.2480125112801212,-12.110528202599527,-7.738044353825154,0.2480125112801212,-12.110528202599527,-7.738044353825154,0.9164920105468441,-0.7574263323231842,-6.289217587877293
7831831831.831832,0.9263244733000098,-0.6647372365424724,-12.6040108815044,0.23611952366293706,-12.537362031528005,-7.759902505956583,0.23611952366293706,-12.537362031528005,-7.759902505956583,0.9220199528664427,-0.7051936109006883,-6.308875366124189
7837837837.837837,0.930965887707627,-0.6213246414206163,-12.621003914860017,0.22489783257745574,-12.960294599974482,-7.780774315970834,0.22489783257745574,-12.960294599974482,-7.780774315970834,0.9270172860647149,-0.6582433500652818,-6.327681932774148
7843843843.843843,0.9351671801514593,-0.58221486432444,-12.637351367240115,0.21430387756399014,-13.379399417296039,-7.800730983148594,0.21430387756399014,-13.379399417296039,-7.800730983148594,0.9315426764576052,-0.6159448824403495,-6.345696526018056
7849849849.84985,0.9389764821373227,-0.5469057011291799,-12.653094133773921,0.20429663477695467,-13.794775742224859,-7.819837716733402,0.20429663477695467,-13.794775742224859,-7.819837716733402,0.9356476745353753,-0.5777531493966176,-6.362973873682848
7855855855.855856,0.9424361343904695,-0.514961414943838,-12.668270497418472,0.19483762969672586,-14.20654324982449,-7.838154228695691,0.19483762969672586,-14.20654324982449,-7.838154228695691,0.9393776148577777,-0.5431958632465039,-6.3795644662261815
7861861861.861862,0.945583417585291,-0.4860030497798955,-12.682916187063928,0.18589089359828337,-14.614837697502756,-7.855735201479714,0.18589089359828337,-14.614837697502756,-7.855735201479714,0.9427724060292764,-0.5118627462168068,-6.395514843136816
7867867867.867868,0.9484511927893834,-0.45970025908315065,-12.697064474034566,0.17742288178544943,-15.019807420376008,-7.8726307262458,0.17742288178544943,-15.019807420376008,-7.8726307262458,0.9458672213585536,-0.48339649138374124,-6.410867880668165
7873873873.873875,0.9510684608799053,-0.4357644012677946,-12.7107462921905,0.1694023670178458,-15.421610513446604,-7.888886709507762,0.1694023670178458,-15.421610513446604,-7.888886709507762,0.948693100939854,-0.4574851534468851,-6.4256630728867545
7879879879.87988,0.9534608500311801,-0.4139426955580813,-12.72399037110656,0.1618003180312674,-15.820412581658026,-7.904545247701811,0.1618003180312674,-15.820412581658026,-7.904545247701811,0.9512774754766604,-0.4338557287253627,-6.439936800920246
7885885885.885886,0.9556510398589975,-0.3940132659866368,-12.736823374932065,0.15458977035981167,-16.216384959100914,-7.91964497031263,0.15458977035981167,-16.216384959100914,-7.91964497031263,0.9536446214446842,-0.4122687260318617,-6.4537225873491515
7891891891.8918915,0.9576591301088836,-0.37578093024528963,-12.7492700418175,0.14774569462774198,-16.609703315757464,-7.934221352877385,0.14774569462774198,-16.609703315757464,-7.934221352877385,0.9558160563209268,-0.3925135647537905,-6.467051334130289
7897897897.897898,0.9595029610011064,-0.35907361410000593,-12.761353320453154,0.14124486594354244,-17.00054658456509,-7.948307001603385,0.14124486594354244,-17.00054658456509,-7.948307001603385,0.9578108816901617,-0.37440466490882196,-6.479951543437451
7903903903.903904,0.9611983915627953,-0.34373929202748066,-12.773094501464442,0.13506573688159543,-17.38909615360702,-7.9619319115534575,0.13506573688159543,-17.38909615360702,-7.9619319115534575,0.9596460811417058,-0.3577781172717378,-6.492449521479044
7909909909.90991,0.9627595415272112,-0.32964337127766646,-12.784513342270527,0.12918831568656866,-17.775535278260993,-7.975123700436271,0.12918831568656866,-17.775535278260993,-7.975123700436271,0.9613367790232566,-0.342488840821879,-6.504569565795329
7915915915.915916,0.9641990016841654,-0.3166664502832738,-12.795628184626572,0.12359405071094624,-18.160048676463717,-7.987907820031085,0.12359405071094624,-18.160048676463717,-7.987907820031085,0.9628964653434509,-0.32840815049634187,-6.516334136815363
7921921921.921923,0.9655280169341234,-0.30470239370720376,-12.806456064501836,0.11826572164211725,-18.54282227716117,-8.000307747209446,0.11826572164211725,-18.54282227716117,-8.000307747209446,0.9643371914177563,-0.31542167117937936,-6.527764014614693
7927927927.927928,0.9667566457346348,-0.2936566758461193,-12.817012814244887,0.11318733774974608,-18.924043097759995,-8.012345156413108,0.11318733774974608,-18.924043097759995,-8.012345156413108,0.9656697402339521,-0.30342754452192927,-6.5388784418946075
7933933933.933934,0.9678938991297334,-0.283444951931072,-12.827313157189675,0.1083440431546842,-19.303899231168874,-8.024040075323239,0.1083440431546842,-19.303899231168874,-8.024040075323239,0.9669037749702611,-0.2923348839823924,-6.549695254227627
7939939939.9399395,0.9689478621169646,-0.2739918233622081,-12.837370794988438,0.10372202896273866,-19.6825799270042,-8.035411025322166,0.10372202896273866,-19.6825799270042,-8.035411025322166,0.9680479686254307,-0.282062440749994,-6.560230998600452
7945945945.945946,0.9699257997271716,-0.2652297683168932,-12.84719848803958,0.0993084520015852,-20.06027575487731,-8.046475148212767,0.0993084520015852,-20.06027575487731,-8.046475148212767,0.9691101173090771,-0.27253744923083906,-6.570501041248108
7951951951.951952,0.9708342498635045,-0.2570982136676286,-12.856808129424621,0.09509135983300683,-20.437178840498085,-8.057248320526721,0.09509135983300683,-20.437178840498085,-8.057248320526721,0.9700972393855439,-0.2636946257685175,-6.580519665720408
7957957957.957958,0.9716791046621869,-0.24954272789744303,-12.866210812789149,0.09105962167471818,-20.81348316773505,-8.067745256624557,0.09105962167471818,-20.81348316773505,-8.067745256624557,0.9710156623585724,-0.255475298419862,-6.5903001620613
7963963963.963964,0.9724656818932148,-0.24251431783194094,-12.87541689460601,0.08720286484843545,-21.18938494184652,-8.077979601669444,0.08720286484843545,-21.18938494184652,-8.077979601669444,0.971871099121111,-0.24782664906036073,-6.599854907917186
7969969969.969971,0.9731987877088417,-0.23596881462891267,-12.884436051250123,0.08351141636762793,-21.56508301091374,-8.08796401544345,0.08351141636762793,-21.56508301091374,-8.08796401544345,0.9726687149687124,-0.24070105197648228,-6.60919544232529
7975975975.975976,0.9738827718672527,-0.22986633666202724,-12.893277331298027,0.07997624928503194,-21.940779344137347,-8.097710247870392,0.07997624928503194,-21.940779344137347,-8.097710247870392,0.9734131865813255,-0.23405549551134308,-6.618332532869624
7981981981.981982,0.9745215764037891,-0.22417081878003875,-12.901949203443914,0.07658893343336369,-22.316679567148057,-8.107229207012695,0.07658893343336369,-22.316679567148057,-8.107229207012695,0.9741087540121479,-0.2278510753495816,-6.627276236831313
7987987987.9879875,0.975118778589151,-0.21884959897391765,-12.910459600399893,0.07334159021024206,-22.69299355588955,-8.11653102022062,0.07334159021024206,-22.69299355588955,-8.11653102022062,0.974759266579857,-0.2220525497219483,-6.636035956902772
7993993993.993994,0.9756776288998416,-0.21387305479226018,-12.918815959123078,0.07022685107842355,-23.069936091997295,-8.125625089030246,0.07022685107842355,-23.069936091997295,-8.125625089030246,0.9753682234384158,-0.21662794823637585,-6.644620491982008
8000000000.0,0.9762010846282255,-0.20921428294886213,-12.927025257686594,0.06723781947380351,-23.44772758396427,-8.134520138330549,0.06723781947380351,-23.44772758396427,-8.134520138330549,0.97593880949392,-0.21154822724450706,-6.653038083514056
8006006006.006006,0.9766918396753711,-0.20484881650110132,-12.935094049086782,0.06436803583531235,-23.82659485980065,-8.143224260249458,0.06436803583531235,-23.82659485980065,-8.143224260249458,0.9764739272480853,-0.20678696566803226,-6.6612964578015905
8012012012.0120125,0.9771523509976301,-0.2007543747688649,-12.943028492254909,0.061611445492266284,-24.206772038398764,-8.151744953142348,0.061611445492266284,-24.206772038398764,-8.151744953142348,0.9769762250707221,-0.2023200960692973,-6.669402864665567
8018018018.018019,0.9775848621157054,-0.1969106418364351,-12.950834380519016,0.05896236916547467,-24.588501488454767,-8.160089156003508,0.05896236916547467,-24.588501488454767,-8.160089156003508,0.9774481223372082,-0.19812566647953986,-6.677364112799444
8024024024.024024,0.9779914240414113,-0.19329907005210234,-12.958517167740336,0.056415475858180526,-24.972034885629256,-8.168263278560248,0.056415475858180526,-24.972034885629256,-8.168263278560248,0.9778918318098291,-0.1941836291181828,-6.685186602126699
8030030030.03003,0.9783739139313077,-0.18990270542719123,-12.966081992328887,0.053965757931561636,-25.357634380708525,-8.176273227249572,0.053965757931561636,-25.357634380708525,-8.176273227249572,0.9783093795926645,-0.19047565266436403,-6.692876353440845
8036036036.036036,0.978734051736505,-0.18670603225369173,-12.973533699324584,0.05160850817699356,-25.74557389392114,-8.184124427216986,0.05160850817699356,-25.74557389392114,-8.184124427216986,0.9787026229472853,-0.18698495519222078,-6.700439035579556
8042042042.042042,0.9790734150836882,-0.18369483461519526,-12.98087686071349,0.04933929871346863,-26.13614055336476,-8.191821840414985,0.04933929871346863,-26.13614055336476,-8.191821840414985,0.9790732662198749,-0.18369615526667205,-6.7078799903597455
8048048048.048048,0.9793934525926546,-0.18085607277189095,-12.988115794133302,0.04715396155358725,-26.529636298792163,-8.199369979812802,0.04715396155358725,-26.529636298792163,-8.199369979812802,0.9794228750987517,-0.18059513902609686,-6.715204255478104
8054054054.054054,0.9796954958100003,-0.178177772662326,-12.995254580108238,0.04504857069530734,-26.926379675935127,-8.20677291965719,0.04504857069530734,-26.926379675935127,-8.20677291965719,0.9797528893938497,-0.17766894136147973,-6.722416585561585
8060060060.0600605,0.9799807699162819,-0.17564892699062046,-13.002297077940554,0.043019425609349536,-27.326707851242297,-8.214034301643622,0.043019425609349536,-27.326707851242297,-8.214034301643622,0.9800646345059805,-0.1749056395448661,-6.729521471534231
8066066066.066067,0.980250403344684,-0.17325940656205932,-13.009246940374403,0.04106303600370975,-27.73097888259423,-8.221157336764994,0.04106303600370975,-27.73097888259423,-8.221157336764994,0.9803593317331016,-0.17229425786949362,-6.736523158450658
8072072072.072072,0.9805054364324173,-0.17099988069794184,-13.016107627137007,0.0391761077573544,-28.13957428845511,-8.22814480249647,0.0391761077573544,-28.13957428845511,-8.22814480249647,0.9806381075428922,-0.16982468204505138,-6.743425661931872
8078078078.078078,0.980746829211462,-0.16886174570579987,-13.022882417452664,0.03735552992482597,-28.552901966360178,-8.234999034845064,0.03735552992482597,-28.552901966360178,-8.234999034845064,0.9809020019254123,-0.16748758224735646,-6.750232783326117
8084084084.084084,0.9809754684325606,-0.16683706050670408,-13.029574421616273,0.03559836272230008,-28.97139952201558,-8.241721914633885,0.03559836272230008,-28.97139952201558,-8.241721914633885,0.9811519759260005,-0.1652743438576364,-6.756948123705657
8090090090.09009,0.9811921739052462,-0.16491848863063122,-13.036186591705262,0.033901826413648146,-29.395538083134596,-8.248314847194154,0.033901826413648146,-29.395538083134596,-8.248314847194154,0.9813889184467962,-0.16317700504334967,-6.763575096799926
8096096096.096096,0.981397704227019,-0.1630992458855091,-13.042721731501626,0.032263291022367184,-29.825826688132217,-8.254778734390689,0.032263291022367184,-29.825826688132217,-8.254778734390689,0.9816136523948805,-0.16118820043503151,-6.77011694095595
8102102102.102102,0.9815927619663023,-0.16137305308812172,-13.049182505689306,0.03068026680188939,-30.26281735985585,-8.261113937591627,0.03068026680188939,-30.26281735985585,-8.261113937591627,0.9818269402460471,-0.15930111024182295,-6.776576730208451
8108108108.1081085,0.9817779983563811,-0.15973409331703117,-13.05557144838632,0.029150395402831562,-30.70711099984669,-8.267320229787531,0.029150395402831562,-30.70711099984669,-8.267320229787531,0.9820294890852754,-0.157509414225946,-6.782957384534396
8114114114.114115,0.9819540175510311,-0.15817697321039736,-13.061890971065697,0.02767144168129406,-31.159364270798505,-8.27339673453705,0.02767144168129406,-31.159364270798505,-8.27339673453705,0.9822219551780307,-0.1558072500239298,-6.789261679359795
8120120120.12012,0.9821213804868326,-0.15669668788647795,-13.068143369914548,0.026241286097350502,-31.620297676099028,-8.279341848721765,0.026241286097350502,-31.620297676099028,-8.279341848721765,0.9824049481204756,-0.1541891753609497,-6.7954922543804335
8126126126.126126,0.9822806083921434,-0.15528858911271556,-13.07433083267615,0.02485791765753361,-32.09070509853762,-8.285153145169309,0.02485791765753361,-32.09070509853762,-8.285153145169309,0.9825790346112571,-0.15265013375689596,-6.801651621752514
8132132132.132132,0.9824321859782823,-0.15394835639148358,-13.0804554450161,0.023519427359395294,-32.57146512953896,-8.290827249963078,0.023519427359395294,-32.57146512953896,-8.290827249963078,0.9827447418828839,-0.15118542336749288,-6.807742173704218
8138138138.138138,0.9825765643446028,-0.15267197066746593,-13.086519196449927,0.02222400210020306,-33.06355461129896,-8.296359687571094,0.02222400210020306,-33.06355461129896,-8.296359687571094,0.9829025608265295,-0.1497906686438372,-6.813766189614599
8144144144.144144,0.9827141636256729,-0.1514556903944309,-13.092523985866372,0.020969919015609576,-33.568064934938995,-8.301744684609726,0.020969919015609576,-33.568064934938995,-8.301744684609726,0.9830529488404182,-0.14846179452878258,-6.819725842602111
8150150150.15015,0.9828453754057833,-0.15029602972751685,-13.098471626677558,0.019755540217727963,-34.086221799660336,-8.306974919835145,0.019755540217727963,-34.086221799660336,-8.306974919835145,0.9831963324287568,-0.1471950029390377,-6.825623205661334
8156156156.156157,0.9829705649232798,-0.14918973863283247,-13.104363851624708,0.018579307905612314,-34.61940935730152,-8.31204120341331,0.018579307905612314,-34.61940935730152,-8.31204120341331,0.9833331095752926,-0.14598675130917696,-6.831460257383146
8162162162.162163,0.9830900730848937,-0.1481337847280167,-13.110202317265497,0.01743973982479294,-35.169199967770396,-8.316932062028336,0.01743973982479294,-35.169199967770396,-8.316932062028336,0.9834636519130259,-0.14483373299786656,-6.837238887290486
8168168168.168168,0.9832042183080946,-0.14712533668756972,-13.115988608167042,0.016335425056457166,-35.73739120935749,-8.321633196972886,0.016335425056457166,-35.73739120935749,-8.321633196972886,0.9835883067093897,-0.1437328593775488,-6.842960900819104
8174174174.174174,0.9833132982076476,-0.1461617490640036,-13.121724240826538,0.015265020121347757,-36.326052378129134,-8.32612676847947,0.015265020121347757,-36.326052378129134,-8.32612676847947,0.9837073986842251,-0.14268124344749106,-6.848628023970249
8180180180.18018,0.9834175911408937,-0.1452405483913942,-13.127410667339618,0.014227245389011956,-36.93758355580771,-8.330390438710873,0.014227245389011956,-36.93758355580771,-8.330390438710873,0.9838212316760482,-0.14167618482725802,-6.854241907659887
8186186186.186186,0.9835173576248033,-0.1443594204515975,-13.133049278835008,0.01322088179029194,-37.57479155678561,-8.334396073931284,0.01322088179029194,-37.57479155678561,-8.334396073931284,0.9839300901706098,-0.14071515600171952,-6.859804131787072
8192192192.192192,0.9836128416365181,-0.14351619859580264,-13.138641408692411,0.012244767841243629,-38.24098889224329,-8.338107956503542,0.012244767841243629,-38.24098889224329,-8.338107956503542,0.9840342407043009,-0.13979578970220075,-6.865316209042118
8198198198.198198,0.9837042718079586,-0.14270885302465255,-13.14418833555928,0.011297797002009908,-38.94012465802138,-8.341480277494862,0.011297797002009908,-38.94012465802138,-8.341480277494862,0.9841339331536806,-0.13891586732025965,-6.870779588473651
8204204204.204205,0.9837918625240041,-0.14193548094008582,-13.149691286180804,0.010378915418403342,-39.676960545189765,-8.344453549365745,0.010378915418403342,-39.676960545189765,-8.344453549365745,0.9842294019213842,-0.13807330826012126,-6.876195658831911
8210210210.210211,0.9838758149328315,-0.14119429749054152,-13.155151438056388,0.00948712013393789,-40.45731199961018,-8.346949355833772,0.00948712013393789,-40.45731199961018,-8.346949355833772,0.9843208670275477,-0.13726616014612747,-6.881565751704434
8216216216.216216,0.9839563178761608,-0.14048362743893553,-13.160569921934727,0.00862145792914518,-41.28838573444849,-8.348862466549512,0.00862145792914518,-41.28838573444849,-8.348862466549512,0.9844085351150981,-0.13649258980891701,-6.886891144458807
8222222222.222222,0.9840335487464128,-0.139801897489628,-13.165947824158778,0.0077810250697861,-42.17926370846765,-8.35004863567297,0.0077810250697861,-42.17926370846765,-8.35004863567297,0.9844926003763875,-0.1357508749820659,-6.8921730630061155
8228228228.228229,0.9841076742771186,-0.13914762921675547,-13.171286188870923,0.006964968481995483,-43.14161689026026,-8.35030505656356,0.006964968481995483,-43.14161689026026,-8.35030505656356,0.984573245407996,-0.1350393966469961,-6.897412684397581
8234234234.234234,0.9841788512723115,-0.13851943254187216,-13.176586020087909,0.006172489344871875,-44.19079302173945,-8.349337750550024,0.006172489344871875,-44.19079302173945,-8.349337750550024,0.9846506419998274,-0.13435663197035824,-6.902611139265956
8240240240.24024,0.9842472272800933,-0.13791599971379312,-13.181848283654391,0.005402851095241651,-45.347540032543925,-8.34670444421739,0.005402851095241651,-45.347540032543925,-8.34670444421739,0.9847249518640984,-0.1337011477829902,-6.907769514122284
8246246246.246246,0.9843129412151133,-0.1373360997477029,-13.18707390908321,0.004655396135623079,-46.64086716499364,-8.34170842225291,0.004655396135623079,-46.64086716499364,-8.34170842225291,0.9847963273092566,-0.13307159455466078,-6.912888853517879
8252252252.252253,0.9843761239341993,-0.1367785732851269,-13.192263791289975,0.003929581277285008,-48.11307448181882,-8.333186260136282,0.003929581277285008,-48.11307448181882,-8.333186260136282,0.9848649118634523,-0.13246670082267012,-6.917970162080583
8258258258.258259,0.9844368987690746,-0.13624232783918658,-13.197418792228913,0.0032250580041861716,-49.829249399356,-8.319041598710578,0.0032250580041861716,-49.829249399356,-8.319041598710578,0.9849308408517066,-0.13188526803670675,-6.923014406433723
8264264264.264265,0.9844953820196611,-0.13572633339349038,-13.202539742436468,0.0025418755938184058,-51.89691417587876,-8.295085405746997,0.0025418755938184058,-51.89691417587876,-8.295085405746997,0.9849942419305965,-0.13132616578538214,-6.928022517005505
8270270270.27027,0.9845516834111994,-0.13522961832548686,-13.207627442488592,0.001881090492780617,-54.51180623072605,-8.25160331486913,0.001881090492780617,-54.51180623072605,-8.25160331486913,0.9850552355839071,-0.13078832737320603,-6.932995389736035
8276276276.276277,0.984605906518123,-0.13475126562776565,-13.212682664377358,0.00124715684134853,-58.081578531889306,-8.160160473355095,0.00124715684134853,-58.081578531889306,-8.160160473355095,0.9851139355823983,-0.1302707457195464,-6.937933887688639
8282282282.282282,0.9846581491573406,-0.1342904094033863,-13.21770615281195,0.0006629471986567555,-63.57042120400658,-7.895826985079827,0.0006629471986567555,-63.57042120400658,-7.895826985079827,0.9851704494105541,-0.12977246955367022,-6.942838842571649
8288288288.288288,0.984708503753386,-0.13384623161306103,-13.222698626448912,0.00035137539471351834,-69.08457307049011,-6.734788744464373,0.00035137539471351834,-69.08457307049011,-6.734788744464373,0.9852248786629483,-0.12929259988207414,-6.94771105617638
8294294294.294294,0.9847570576776269,-0.1334179590544588,-13.227660779056007,0.00073797335862609,-62.63918632479996,-5.806634240744888,0.00073797335862609,-62.63918632479996,-5.806634240744888,0.9852773194126047,-0.12883028670667646,-6.95255130173659
8300300300.300301,0.9848038935636084,-0.13300486055496136,-13.232593280613884,0.0012823958155010213,-57.83955815537051,-5.595695839342174,0.0012823958155010213,-57.83955815537051,-5.595695839342174,0.9853278625535411,-0.12838472597411674,-6.957360325214403
8306306306.306307,0.9848490896003467,-0.13260624436153964,-13.237496778359343,0.001835455507164827,-54.725122773208064,-5.516710682033918,0.001835455507164827,-54.725122773208064,-5.516710682033918,0.9853765941195141,-0.1279551567380152,-6.96213884651723
8312312312.312312,0.9848927198053061,-0.1322214557121681,-13.242371897773804,0.002380553735353849,-52.466440218221095,-5.4776546506139,0.002380553735353849,-52.466440218221095,-5.4776546506139,0.9854235955807599,-0.1275408585180131,-6.966887560649986
8318318318.318318,0.9849348542785917,-0.13184987457502942,-13.2472192435203,0.00291406640615816,-50.71001111378146,-5.455582802332528,0.00291406640615816,-50.71001111378146,-5.455582802332528,0.985468944120449,-0.12714114884016645,-6.971607138806564
8324324324.324325,0.9849755594398008,-0.13149091354253847,-13.252039400332066,0.0034349952524491494,-49.28147717695943,-5.442248767061179,0.0034349952524491494,-49.28147717695943,-5.442248767061179,0.9855127128923588,-0.12675538094515723,-6.976298229404241
8330330330.330331,0.9850148982488366,-0.13114401586850147,-13.256832933855643,0.003943136333111373,-48.08316414053202,-5.433983753005426,0.003943136333111373,-48.08316414053202,-5.433983753005426,0.9855549712611912,-0.12638294165149902,-6.980961459064474
8336336336.336336,0.9850529304118747,-0.13080865363773864,-13.261600391451196,0.004438585015962063,-47.055109145910976,-5.428912393023146,0.004438585015962063,-47.055109145910976,-5.428912393023146,0.9855957850268199,-0.12602324936222634,-6.985597433543303
8342342342.342342,0.9850897125736015,-0.13048432605812638,-13.266342302952527,0.0049215644413066525,-46.157936480308315,-5.425977698570058,0.0049215644413066525,-46.157936480308315,-5.425977698570058,0.9856352166336614,-0.1256757522043245,-6.990206738614304
8348348348.348349,0.9851252984967194,-0.13017055786615972,-13.271059181389157,0.0053923555222399515,-45.36442964304156,-5.424539115002431,0.0053923555222399515,-45.36442964304156,-5.424539115002431,0.9856733253662557,-0.12533992629118101,-6.994789940906955
8354354354.354355,0.9851597392296663,-0.12986689783755143,-13.275751523672668,0.005851264908889288,-44.65500478581351,-5.424186083925205,0.005851264908889288,-44.65500478581351,-5.424186083925205,0.9857101675320714,-0.12501527409895935,-6.999347588702943
8360360360.36036,0.9851930832633872,-0.12957291739535945,-13.280419811249335,0.006298609062627306,-44.01510692559683,-5.424643462448888,0.006298609062627306,-44.01510692559683,-5.424643462448888,0.9857457966324447,-0.12470132294873885,-7.003880212692903
8366366366.366366,0.9852253766779661,-0.12928820930842652,-13.285064510721007,0.00673470585535145,-43.433627354981475,-5.4257200378272765,0.00673470585535145,-43.433627354981475,-5.4257200378272765,0.9857802635225099,-0.12439762358675215,-7.008388326695843
8372372372.372373,0.9852566632798292,-0.12901238647376428,-13.289686074435977,0.007159869957894264,-42.901897311054654,-5.42727885752865,0.007159869957894264,-42.901897311054654,-5.42727885752865,0.9858136165609147,-0.12410374885561984,-7.012872428343372
8378378378.378379,0.9852869847301985,-0.12874508077682065,-13.294284941051561,0.007574410254162188,-42.41302351614021,-5.429219306838367,0.007574410254162188,-42.41302351614021,-5.429219306838367,0.9858459017500276,-0.12381929245024197,-7.017332999730736
8384384384.384384,0.9853163806653977,-0.12848594202424274,-13.298861536069943,0.007978628391755687,-41.96143523837595,-5.431465845642258,0.007978628391755687,-41.96143523837595,-5.431465845642258,0.985877162867316,-0.12354386775229673,-7.021770508036517
8390390390.39039,0.9853448888096086,-0.12823463694380674,-13.30341627234877,0.008372817995374406,-41.54256698382093,-5.433960687189959,0.008372817995374406,-41.54256698382093,-5.433960687189959,0.985907441588499,-0.12327710673793074,-7.026185406112752
8396396396.396397,0.9853725450805746,-0.12799084824706516,-13.307949550587859,0.008757264278765824,-41.152630877085905,-5.436658898546434,0.008757264278765824,-41.152630877085905,-5.436658898546434,0.9859367776030683,-0.12301865895335554,-7.030578133047079
8402402402.402403,0.9853993836887515,-0.12775427375026527,-13.312461759793337,0.009132243901945274,-40.78844995972358,-5.43952503734041,0.009132243901945274,-40.78844995972358,-5.43952503734041,0.9859652087226589,-0.12276819055403321,-7.034949114698486
8408408408.408408,0.9854254372303553,-0.12752462554950952,-13.316953277720412,0.009498024981756161,-40.447333849376534,-5.442530790907176,0.009498024981756161,-40.447333849376534,-5.442530790907176,0.9859927709828135,-0.1225253834026056,-7.039298764208056
8414414414.414414,0.9854507367747198,-0.12730162924649,-13.32142447129594,0.00985486719904243,-40.126984475101544,-5.445653285892335,0.00985486719904243,-40.126984475101544,-5.445653285892335,0.9860194987385307,-0.12228993422207902,-7.043627482486082
8420420420.420421,0.9854753119463514,-0.12708502322133966,-13.32587569702181,0.010203021966566224,-39.82542356667155,-5.448873856298599,0.010203021966566224,-39.82542356667155,-5.448873856298599,0.986045424754064,-0.12206155380010873,-7.047935658676824
8426426426.426427,0.9854991910020278,-0.12687455794949984,-13.330307301360254,0.01054273263452425,-39.540936142471615,-5.452177131252878,0.01054273263452425,-39.540936142471615,-5.452177131252878,0.986070580287324,-0.12183996624122656,-7.052223670602081
8432432432.432432,0.9855224009032876,-0.12666999535953088,-13.334719621101888,0.010874234718472446,-39.27202594123972,-5.455550349746074,0.010874234718472446,-39.27202594123972,-5.455550349746074,0.9860949951692516,-0.1216249082637427,-7.056491885184703
8438438438.438438,0.9855449673845985,-0.12647110822929028,-13.339112983717545,0.011197756139560259,-39.0173798927352,-5.4589828391168815,0.011197756139560259,-39.0173798927352,-5.4589828391168815,0.9861186978785039,-0.12141612853827521,-7.060740658853101
8444444444.444445,0.9855669150175055,-0.1262776796177979,-13.343487707694576,0.011513517470290491,-38.77583951426082,-5.462465613406002,0.011513517470290491,-38.77583951426082,-5.462465613406002,0.9861417156117436,-0.12121338706531395,-7.064970337927736
8450450450.450451,0.9855882672710058,-0.12608950233058952,-13.34784410285853,0.011821732181226452,-38.54637767445588,-5.465991060643993,0.011821732181226452,-38.54637767445588,-5.465991060643993,0.9861640743498282,-0.1210164545891772,-7.069181258990518
8456456456.456456,0.9856090465684092,-0.1259063784162639,-13.352182470680898,0.01212260688555463,-38.32807956004265,-5.469552696934171,0.01212260688555463,-38.32807956004265,-5.469552696934171,0.9861857989201547,-0.12082511204609711,-7.073373749238003
8462462462.462462,0.9856292743408959,-0.1257281186923273,-13.356503104573639,0.012416341579422438,-38.12012696550359,-5.473144971272577,0.012416341579422438,-38.12012696550359,-5.473144971272577,0.9862069130554261,-0.12063915004404346,-7.077548126819197
8468468468.468469,0.9856489710780025,-0.12555454229828777,-13.360806290171144,0.01270312987667276,-37.921785233322915,-5.476763109311128,0.01270312987667276,-37.921785233322915,-5.476763109311128,0.9862274394490396,-0.12045836837252738,-7.081704701158747
8474474474.474475,0.9856681563752124,-0.1253854762744368,-13.365092305600283,0.012983159237088105,-37.73239232592205,-5.480402987301728,0.012983159237088105,-37.73239232592205,-5.480402987301728,0.9862473998073379,-0.12028257554022265,-7.085843773266279
8480480480.48048,0.985686848978848,-0.12522075516455033,-13.369361421739086,0.013256611187597299,-37.55134962514501,-5.484061029641136,0.013256611187597299,-37.55134962514501,-5.484061029641136,0.9862668148988996,-0.12011158833884711,-7.089965636032526
8486486486.486486,0.9857050668284254,-0.12506022064109176,-13.373613902464642,0.013523661536140638,-37.37811414177794,-5.48773412502601,0.013523661536140638,-37.37811414177794,-5.48773412502601,0.9862857046010666,-0.11994523143153879,-7.094070574512949
8492492492.492493,0.985722827096636,-0.12490372115145915,-13.377850004890746,0.013784480578063413,-37.212191883628336,-5.49141955739762,0.013784480578063413,-37.212191883628336,-5.49141955739762,0.9863040879438798,-0.11978333696421209,-7.098158866199424
8498498498.498499,0.9857401462270974,-0.12475111158399105,-13.382069979595755,0.014039233295026456,-37.05313218149074,-5.495114948726113,0.014039233295026456,-37.05313218149074,-5.495114948726113,0.9863219831515749,-0.11962574419853594,-7.1022307812806185
8504504504.504504,0.9857570399700177,-0.12460225295247895,-13.386274070841175,0.014288079546509458,-36.90052281172824,-5.498818211337747,0.014288079546509458,-36.90052281172824,-5.498818211337747,0.9863394076817927,-0.11947229916516713,-7.106286582891558
8510510510.51051,0.9857735234158939,-0.12445701209809171,-13.390462516781348,0.014531174254040496,-36.753985785004,-5.502527507983576,0.014531174254040496,-36.753985785004,-5.502527507983576,0.9863563782626499,-0.11932285433594113,-7.110326527352956
8516516516.516517,0.9857896110273628,-0.12431526140766583,-13.394635549664748,0.014768667578330022,-36.613173694954526,-5.506241218226207,0.014768667578330022,-36.613173694954526,-5.506241218226207,0.9863729109277892,-0.11917726831396268,-7.11435086440074
8522522522.522523,0.9858053166693328,-0.12417687854723898,-13.398793396027202,0.015000705089509578,-36.47776653983773,-5.509957910012526,0.015000705089509578,-36.47776653983773,-5.509957910012526,0.9863890210495341,-0.11903540554049116,-7.118359837406295
8528528528.528528,0.9858206536374788,-0.12404174621006349,-13.402936276877456,0.01522742793069891,-36.3474689455426,-5.513676315526025,0.01522742793069891,-36.3474689455426,-5.513676315526025,0.986404723370265,-0.11889713601756846,-7.122353683587822
8534534534.534534,0.9858356346852053,-0.12390975187820374,-13.40706440787544,0.015448972975129274,-36.22200773068526,-5.517395310588848,0.015448972975129274,-36.22200773068526,-5.517395310588848,0.986420032032121,-0.11876233504548336,-7.126332634213245
8540540540.540541,0.9858502720491815,-0.12378078759676546,-13.411177999503533,0.01566547297706049,-36.10112976447861,-5.521113897022374,0.01566547297706049,-36.10112976447861,-5.521113897022374,0.9864349606051234,-0.11863088297420749,-7.1302969147950535
8546546546.546547,0.9858645774735085,-0.12365474976024732,-13.415277257231207,0.01587705671672702,-35.98460007616049,-5.52483118748492,0.01587705671672702,-35.98460007616049,-5.52483118748492,0.9864495221138171,-0.11850266496794551,-7.134246745277462
8552552552.552552,0.9858785622326262,-0.12353153891004423,-13.41936238167328,0.01608384913954822,-35.87220018137633,-5.5285463923924265,0.01608384913954822,-35.87220018137633,-5.5285463923924265,0.9864637290625141,-0.11837757078207133,-7.1381823402162246
8558558558.558558,0.9858922371530062,-0.12341105954269634,-13.423433568742137,0.016285971489833035,-35.76372659633954,-5.532258808598083,0.016285971489833035,-35.76372659633954,-5.532258808598083,0.9864775934592247,-0.11825549455166977,-7.142103908951466
8564564564.564565,0.9859056126337272,-0.12329321992803906,-13.427491009794137,0.01648354143920446,-35.658989515068875,-5.535967809562961,0.01648354143920446,-35.658989515068875,-5.535967809562961,0.9864911268383445,-0.11813633459109137,-7.146011655773805
8570570570.570571,0.9859186986659757,-0.12317793193685167,-13.431534891770486,0.01667667320996207,-35.55781162871004,-5.53967283679534,0.01667667320996207,-35.55781162871004,-5.53967283679534,0.9865043402821766,-0.11801999320381634,-7.1499057800841115
8576576576.576576,0.9859315048515458,-0.12306511087737207,-13.435565397332816,0.01686547769359609,-35.460027069033366,-5.543373392373418,0.01686547769359609,-35.460027069033366,-5.543373392373418,0.9865172444413519,-0.1179063765020648,-7.153786476547158
8582582582.582582,0.9859440404203951,-0.12295467534016208,-13.439582704993722,0.017050062564656004,-35.36548046077863,-5.547069032396301,0.017050062564656004,-35.36548046077863,-5.547069032396301,0.9865298495542048,-0.1177953942356508,-7.1576539352394635
8588588588.588589,0.9859563142473021,-0.1228465470509203,-13.443586989242439,0.017230532390170958,-35.274026069679714,-5.550759361232942,0.017230532390170958,-35.274026069679714,-5.550759361232942,0.9865421654651776,-0.11768695962942319,-7.161508341791534
8594594594.594595,0.9859683348676861,-0.12274065073070911,-13.447578420665895,0.01740698873481121,-35.185527034822506,-5.554444026459186,0.01740698873481121,-35.185527034822506,-5.554444026459186,0.9865542016422911,-0.1175809892289739,-7.165349877524811
8600600600.600601,0.9859801104926276,-0.12263691396324664,-13.451557166065353,0.01757953026197279,-35.09985467552789,-5.558122714389924,0.01757953026197279,-35.09985467552789,-5.558122714389924,0.9865659671937431,-0.11747740275405133,-7.16917871958351
8606606606.606606,0.9859916490231404,-0.12253526706882492,-13.455523388568789,0.017748252830958343,-35.01688786425732,-5.561795146127391,0.017748252830958343,-35.01688786425732,-5.561795146127391,0.9865774708836862,-0.11737612295923364,-7.1729950410615935
8612612612.612614,0.9860029580637313,-0.12243564298452689,-13.459477247739237,0.017913249590421426,-34.93651245814756,-5.565461074058404,0.017913249590421426,-34.93651245814756,-5.565461074058404,0.9865887211472189,-0.11727707550155923,-7.1767990111250874
8618618618.618618,0.9860140449352911,-0.1223379771503535,-13.463418899679214,0.018074611068232646,-34.85862078272972,-5.569120278742989,0.018074611068232646,-34.85862078272972,-5.569120278742989,0.9865997261046422,-0.11718018881464913,-7.180590795129914
8624624624.624626,0.9860249166873543,-0.12224220740094019,-13.467348497131468,0.018232425257921774,-34.7831111621976,-5.572772566145279,0.018232425257921774,-34.7831111621976,-5.572772566145279,0.9866104935750201,-0.11708539398898739,-7.184370554735493
8630630630.63063,0.986035580109754,-0.12214827386261354,-13.471266189576106,0.01838677770183839,-34.70988749128934,-5.576417765164164,0.01838677770183839,-34.70988749128934,-5.576417765164164,0.9866210310890827,-0.11699262465800454,-7.188138448014188
8636636636.636637,0.9860460417437149,-0.12205611885542507,-13.475172123324342,0.018537751571174224,-34.63885884444299,-5.580055725427415,0.018537751571174224,-34.63885884444299,-5.580055725427415,0.9866313459014945,-0.11690181688978246,-7.191894629556915
8642642642.642643,0.9860563078924091,-0.12196568679992592,-13.47906644160895,0.018685427742975484,-34.56993911840874,-5.583686315317579,0.018685427742975484,-34.56993911840874,-5.583686315317579,0.9866414450025499,-0.11681290908381035,-7.195639250574915
8648648648.64865,0.9860663846310006,-0.12187692412846496,-13.482949284671566,0.018829884874275584,-34.50304670494518,-5.587309420202426,0.018829884874275584,-34.50304670494518,-5.587309420202426,0.986651335129295,-0.1167258418728214,-7.1993724589979795
8654654654.654655,0.9860762778162193,-0.12178977920065051,-13.486820789847,0.018971199473467606,-34.43810419061913,-5.590924940846178,0.018971199473467606,-34.43810419061913,-5.590924940846178,0.9866610227761275,-0.1166405580292339,-7.203094399569201
8660660660.66066,0.9860859930954683,-0.12170420222292921,-13.490681091644618,0.01910944596903172,-34.375038081066435,-5.594532791980883,0.01910944596903172,-34.375038081066435,-5.594532791980883,0.9866705142048947,-0.11655700237603041,-7.20680521393642
8666666666.666668,0.9860955359155065,-0.12162014517192363,-13.494530321826971,0.01924469677572965,-34.31377854736582,-5.598132901019893,0.01924469677572965,-34.31377854736582,-5.598132901019893,0.9866798154545132,-0.11647512170186039,-7.2105050407405
8672672672.672672,0.9861049115307241,-0.12153756172136679,-13.498368609485759,0.019377022358368776,-34.25425919243836,-5.601725206897674,0.019377022358368776,-34.25425919243836,-5.601725206897674,0.9866889323501413,-0.11639486468009888,-7.2141940157005395
8678678678.678679,0.9861141250110298,-0.12145640717246978,-13.502196081115219,0.01950649129323999,-34.19641683560856,-5.6053096590222005,0.01950649129323999,-34.19641683560856,-5.6053096590222005,0.9866978705119268,-0.11631618179165162,-7.2178722716961925
8684684684.684685,0.9861231812493687,-0.12137663838754856,-13.506012860683065,0.019633170327321127,-34.140191313665305,-5.6088862163276545,0.019633170327321127,-34.140191313665305,-5.6088862163276545,0.9867066353633439,-0.11623902525139158,-7.22153993884714
8690690690.690691,0.9861320849688934,-0.12129821372672019,-13.509819069699065,0.019757124435341437,-34.08552529693233,-5.612454846416942,0.019757124435341437,-34.08552529693233,-5.612454846416942,0.9867152321391497,-0.11616334893795621,-7.22519714458991
8696696696.696697,0.9861408407298118,-0.12122109298745115,-13.51361482728134,0.019878416874791752,-34.032364119015014,-5.616015524784438,0.019878416874791752,-34.032364119015014,-5.616015524784438,0.9867236658929783,-0.1160891083267433,-7.228844013752074
8702702702.702702,0.9861494529359088,-0.12114523734699098,-13.517400250220502,0.019997109238965378,-33.980655619024496,-5.619568234110737,0.019997109238965378,-33.980655619024496,-5.619568234110737,0.9867319415045851,-0.11601626042600022,-7.2324806686239755
8708708708.70871,0.9861579258407824,-0.12107060930732708,-13.521175453041664,0.02011326150810948,-33.9303499952016,-5.62311296362208,0.02011326150810948,-33.9303499952016,-5.62311296362208,0.9867400636867668,-0.11594476371577028,-7.236107229028074
8714714714.714714,0.9861662635537908,-0.12099717264269132,-13.52494054806445,0.02022693209876196,-33.881399668970246,-5.626649708507802,0.02022693209876196,-33.881399668970246,-5.626649708507802,0.9867480369919619,-0.11587457808966826,-7.239723812385971
8720720720.720722,0.9861744700457378,-0.12092489234937956,-13.528695645461081,0.020338177911348745,-33.83375915854362,-5.630178469390172,0.020338177911348745,-33.83375915854362,-5.630178469390172,0.986755865818569,-0.11580566479914134,-7.243330533783253
8726726726.726727,0.9861825491542929,-0.12085373459791637,-13.532440853312558,0.020447054376108435,-33.78738496129298,-5.6336992518413345,0.020447054376108435,-33.78738496129298,-5.6336992518413345,0.9867635544169648,-0.11573798640038505,-7.246927506032197
8732732732.732733,0.9861905045891822,-0.12078366668724354,-13.536176277663085,0.020553615497413132,-33.742235444162084,-5.637212065942862,0.020553615497413132,-33.742235444162084,-5.637212065942862,0.9867711068952753,-0.11567150670343883,-7.250514839732444
8738738738.738739,0.9861983399371399,-0.12071465700101922,-13.539902022572733,0.020657913896547885,-33.69827074147894,-5.640716925883738,0.020657913896547885,-33.69827074147894,-5.640716925883738,0.9867785272248727,-0.11560619072369607,-7.254092643329699
8744744744.744745,0.9862060586666475,-0.12064667496579712,-13.543618190168466,0.02076000085300957,-33.65545265957628,-5.644213849593218,0.02076000085300957,-33.65545265957628,-5.644213849593218,0.9867858192456472,-0.11554200463541403,-7.257661023172552
8750750750.750751,0.9862136641324613,-0.12057969101107241,-13.547324880693544,0.02085992634438338,-33.613744587685765,-5.647702858405146,0.02085992634438338,-33.613744587685765,-5.647702858405146,0.9867929866710375,-0.11547891572734215,-7.261220083567472
8756756756.756756,0.9862211595799396,-0.12051367653109817,-13.551022192555408,0.020957739084852343,-33.57311141461974,-5.651183976750958,0.020957739084852343,-33.57311141461974,-5.651183976750958,0.9868000330928463,-0.11541689236025374,-7.264769926832065
8762762762.762764,0.9862285481491908,-0.12044860384828356,-13.554710222372046,0.02105348656239381,-33.533519450796746,-5.654657231878609,0.02105348656239381,-33.533519450796746,-5.654657231878609,0.9868069619858503,-0.1153559039262877,-7.268310653346629
8768768768.768768,0.9862358328790352,-0.12038444617823384,-13.558389065016947,0.02114721507471198,-33.49493635520766,-5.6581226535951155,0.02114721507471198,-33.49493635520766,-5.6581226535951155,0.986813776712205,-0.11529592081010857,-7.271842361604092
8774774774.774775,0.9862430167107971,-0.12032117759629131,-13.562058813662684,0.02123896976395773,-33.457331066952285,-5.661580274030596,0.02123896976395773,-33.457331066952285,-5.661580274030596,0.9868204805256707,-0.1152369143516386,-7.275365148258407
8780780780.78078,0.9862501024919367,-0.12025877300549272,-13.56571955982314,0.02132879465027902,-33.42067374101037,-5.665030127421835,0.02132879465027902,-33.42067374101037,-5.665030127421835,0.9868270765756453,-0.11517885681049335,-7.278879108171403
8786786786.786787,0.9862570929795268,-0.12019720810589316,-13.569371393394476,0.021416732664249732,-33.38493568793721,-5.668472249913703,0.021416732664249732,-33.38493568793721,-5.668472249913703,0.9868335679110405,-0.1151217213318039,-7.282384334458218
8792792792.792793,0.9862639908435797,-0.12013645936521418,-13.573014402694842,0.021502825678217277,-33.35008931720188,-5.67190667937685,0.021502825678217277,-33.35008931720188,-5.67190667937685,0.9868399574839817,-0.1150654819135945,-7.285880918531328
8798798798.798798,0.9862707986702439,-0.12007650399064261,-13.576648674502911,0.02158711453661074,-33.31610808390836,-5.675333455240237,0.02158711453661074,-33.31610808390836,-5.675333455240237,0.9868462481533637,-0.11501011337542838,-7.289368950143207
8804804804.804806,0.9862775189648465,-0.12001731990198769,-13.580274294095263,0.02166963908524869,-33.28296643866154,-5.678752618337262,0.02166963908524869,-33.28296643866154,-5.678752618337262,0.986852442688247,-0.1149555913284665,-7.292848517427722
8810810810.81081,0.9862841541548326,-0.11995888570575182,-13.58389134528263,0.021750438199683794,-33.2506397803592,-5.68216421076429,0.021750438199683794,-33.2506397803592,-5.68216421076429,0.9868585437711225,-0.11490189214667877,-7.296319706940231
8816816816.816818,0.9862907065925675,-0.11990118067041158,-13.587499910445121,0.02182954981262068,-33.21910441170881,-5.68556827575059,0.02182954981262068,-33.21910441170881,-5.68556827575059,0.9868645540010356,-0.11484899293930406,-7.299782603696524
8822822822.822823,0.9862971785580252,-0.1198441847026973,-13.591100070566357,0.021907010940441066,-33.18833749728343,-5.688964857538656,0.021907010940441066,-33.18833749728343,-5.688964857538656,0.9868704758965815,-0.11479687152444225,-7.30323729121055
8828828828.828829,0.9863035722613702,-0.11978787832482513,-13.594691905266647,0.02198285770886878,-33.158317023946466,-5.69235400127409,0.02198285770886878,-33.158317023946466,-5.69235400127409,0.9868763118987836,-0.11474550640367992,-7.306683851531046
8834834834.834835,0.9863098898454326,-0.11973224265265833,-13.598275492835183,0.022057125377807386,-33.129021763486854,-5.695735752904267,0.022057125377807386,-33.129021763486854,-5.695735752904267,0.9868820643738461,-0.11469487673782058,-7.310122365277079
8840840840.840841,0.9863161333880794,-0.11967725937479128,-13.601850910261309,0.022129848365379637,-33.10043123731973,-5.699110159085033,0.022129848365379637,-33.10043123731973,-5.699110159085033,0.9868877356157993,-0.11464496232356894,-7.31355291167252
8846846846.846848,0.9863223049044962,-0.11962291073242945,-13.605418233264883,0.022201060271198624,-33.07252568311766,-5.702477267094802,0.022201060271198624,-33.07252568311766,-5.702477267094802,0.9868933278490437,-0.1145957435711043,-7.316975568579535
8852852852.852852,0.9863284063493686,-0.11956917950014212,-13.608977536325778,0.02227079389889785,-33.04528602324823,-5.70583712475546,0.02227079389889785,-33.04528602324823,-5.70583712475546,0.986898843230778,-0.11454720148267356,-7.3203904125310695
8858858858.85886,0.9863344396189798,-0.11951604896736287,-13.612528892712554,0.022339081277947644,-33.01869383490258,-5.709189780359496,0.022339081277947644,-33.01869383490258,-5.709189780359496,0.9869042838533445,-0.11449931763192231,-7.323797518762418
8864864864.864864,0.9863404065532325,-0.11946350292056021,-13.61607237451027,0.022405953684782765,-32.992731321808364,-5.71253528260292,0.022405953684782765,-32.992731321808364,-5.71253528260292,0.986909651746471,-0.11445207414412913,-7.327196961241846
8870870870.87087,0.9863463089375736,-0.11941152562625852,-13.619608052647592,0.02247144166326721,-32.967381287427614,-5.715873680523485,0.02247144166326721,-32.967381287427614,-5.715873680523485,0.9869149488794303,-0.11440545367717589,-7.330588812700376
8876876876.876877,0.9863521485048586,-0.11936010181459498,-13.623135996923061,0.022535575044518107,-32.94262710954836,-5.719205023443756,0.022535575044518107,-32.94262710954836,-5.719205023443756,0.9869201771631104,-0.11435943940329575,-7.333973144660677
8882882882.882883,0.9863579269371344,-0.11930921666360048,-13.626656276030676,0.022598382966112912,-32.918452716183964,-5.722529360918725,0.022598382966112912,-32.918452716183964,-5.722529360918725,0.9869253384520041,-0.11431401499154066,-7.337350027465164
8888888888.88889,0.986363645867354,-0.11925885578407214,-13.630168957584763,0.022659893890700635,-32.894842562701406,-5.7258467426875646,0.022659893890700635,-32.894842562701406,-5.7258467426875646,0.9869304345461235,-0.11426916459090697,-7.340719530303288
8894894894.894894,0.9863693068810261,-0.11920900520502985,-13.633674108144131,0.02272013562403943,-32.87178161010405,-5.729157218629214,0.02272013562403943,-32.87178161010405,-5.729157218629214,0.9869354671928389,-0.11422487281412658,-7.344081721238059
8900900900.900902,0.9863749115177967,-0.11915965135976521,-13.637171793235604,0.022779135332478884,-32.84925530440101,-5.732460838721519,0.022779135332478884,-32.84925530440101,-5.732460838721519,0.9869404380886442,-0.11418112472210942,-7.347436667231824
8906906906.906906,0.9863804612729757,-0.11911078107238063,-13.640662077376868,0.02283691955990732,-32.8272495569986,-5.735757653003613,0.02283691955990732,-32.8272495569986,-5.735757653003613,0.9869453488808547,-0.11413790580898088,-7.350784434171327
8912912912.912914,0.9863859575990002,-0.11906238154488827,-13.644145024098737,0.02289351424418348,-32.80575072605408,-5.739047711541368,0.02289351424418348,-32.80575072605408,-5.739047711541368,0.9869502011692466,-0.11409520198763347,-7.354125086892088
8918918918.918919,0.9863914019068414,-0.11901444034479619,-13.647620695966783,0.022948944733068466,-32.784745598736684,-5.742331064395587,0.022948944733068466,-32.784745598736684,-5.742331064395587,0.9869549965076225,-0.11405299957592728,-7.357458689202073
8924924924.924925,0.9863967955673636,-0.11896694539313211,-13.651089154602401,0.023003235799676943,-32.76422137434332,-5.745607761592827,0.023003235799676943,-32.76422137434332,-5.745607761592827,0.9869597364053269,-0.11401128528333991,-7.36078530390475
8930930930.930931,0.9864021399126224,-0.11891988495299219,-13.654550460703314,0.02305641165746339,-32.74416564822076,-5.748877853098566,0.02305641165746339,-32.74416564822076,-5.748877853098566,0.9869644223286994,-0.11397004619815382,-7.3641049928215025
8936936936.936937,0.9864074362371263,-0.11887324761841607,-13.658004674063516,0.023108495974758694,-32.724566396449,-5.752141388792644,0.023108495974758694,-32.724566396449,-5.752141388792644,0.9869690557024772,-0.11392926977510458,-7.367417816813419
8942942942.942944,0.9864126857990396,-0.11882702230378377,-13.661451853592698,0.0231595118888735,-32.705411961243215,-5.755398418446663,0.0231595118888735,-32.705411961243215,-5.755398418446663,0.9869736379111369,-0.11388894382355,-7.370723835802512
8948948948.948948,0.9864178898213448,-0.11878119823356137,-13.664892057335152,0.02320948201978234,-32.686691037034585,-5.758648991703384,0.02320948201978234,-32.686691037034585,-5.758648991703384,0.9869781703002007,-0.11384905649596523,-7.374023108792354
8954954954.954956,0.9864230494929641,-0.11873576493241596,-13.668325342488195,0.02325842848340249,-32.668392657193095,-5.7618931580577994,0.02325842848340249,-32.668392657193095,-5.7618931580577994,0.9869826541774758,-0.11380959627701999,-7.377315693888169
8960960960.96096,0.9864281659698367,-0.11869071221571527,-13.671751765420083,0.02330637290448148,-32.6505061813572,-5.76513096683987,0.02330637290448148,-32.6505061813572,-5.76513096683987,0.9869870908142647,-0.11377055197291062,-7.380601648316366
8966966966.966967,0.9864332403759571,-0.1186460301803742,-13.675171381687495,0.023353336429106787,-32.63302128333765,-5.768362467198765,0.023353336429106787,-32.63302128333765,-5.768362467198765,0.9869914814465197,-0.11373191270119393,-7.383881028443591
8972972972.972973,0.9864382738043751,-0.11860170919603709,-13.678584246052523,0.023399339736849035,-32.61592793956522,-5.771587708088495,0.023399339736849035,-32.61592793956522,-5.771587708088495,0.9869958272759617,-0.1136936678809237,-7.3871538897952345
8978978978.97898,0.986443267318159,-0.11855773989658423,-13.681990412499268,0.023444403052552,-32.59921641805323,-5.774806738254834,0.023444403052552,-32.59921641805323,-5.774806738254834,0.9870001294711525,-0.1136558072232048,-7.390420287073477
8984984984.984985,0.9864482219513248,-0.11851411317194285,-13.685389934249981,0.023488546157780628,-32.58287726784796,-5.7780196062234515,0.023488546157780628,-32.58287726784796,-5.7780196062234515,0.9870043891685353,-0.11361832072202462,-7.3936802741748595
8990990990.99099,0.9864531387097316,-0.11847082016018805,-13.688782863780787,0.023531788401938314,-32.56690130894164,-5.7812263602891525,0.023531788401938314,-32.56690130894164,-5.7812263602891525,0.9870086074734307,-0.11358119864547961,-7.396933904207384
8996996996.996998,0.9864580185719451,-0.11842785223993539,-13.692169252837044,0.023574148713064694,-32.55127962262391,-5.784427048506155,0.023574148713064694,-32.55127962262391,-5.784427048506155,0.9870127854610011,-0.1135444315272749,-7.400181229507188
9003003003.003002,0.9864628624900675,-0.11838520102302058,-13.69554915244827,0.02361564560832278,-32.53600354225003,-5.787621718679304,0.02361564560832278,-32.53600354225003,-5.787621718679304,0.9870169241771783,-0.11350801015855577,-7.403422301654764
9009009009.00901,0.9864676713905444,-0.1183428583473866,-13.698922612942736,0.02365629720418878,-32.521064644403424,-5.790810418356208,0.02365629720418878,-32.521064644403424,-5.790810418356208,0.9870210246395592,-0.11347192558001298,-7.406657171490789
9015015015.015015,0.9864724461749322,-0.11830081627031648,-13.70228968396165,0.023696121226349894,-32.50645474043425,-5.7939931948201515,0.023696121226349894,-32.50645474043425,-5.7939931948201515,0.9870250878382703,-0.11343616907426711,-7.4098858891315285
9021021021.02102,0.9864771877206501,-0.11825906706181012,-13.70565041447304,0.023735135019323735,-32.49216586835379,-5.797170095083832,0.023735135019323735,-32.49216586835379,-5.797170095083832,0.9870291147368002,-0.11340073215853362,-7.4131085039838585
9027027027.027027,0.9864818968816988,-0.11821760319823904,-13.709004852785231,0.023773355555804856,-32.47819028506815,-5.800341165883725,0.023773355555804856,-32.47819028506815,-5.800341165883725,0.9870331062728028,-0.11336560657755029,-7.416325064759902
9033033033.033033,0.986486574489356,-0.1181764173562255,-13.712353046560043,0.02381079944574974,-32.46452045893381,-5.803506453675186,0.02381079944574974,-32.46452045893381,-5.803506453675186,0.9870370633588724,-0.11333078429674426,-7.4195356194913
9039039039.03904,0.986491221352844,-0.11813550240674653,-13.715695042825638,0.02384748294520675,-32.4511490626198,-5.806666004628097,0.02384748294520675,-32.4511490626198,-5.806666004628097,0.9870409868832948,-0.11329625749561731,-7.422740215543117
9045045045.045044,0.9864958382599838,-0.11809485140937645,-13.719030887989048,0.023883421964900026,-32.43806896626143,-5.809819864623119,0.023883421964900026,-32.43806896626143,-5.809819864623119,0.9870448777107677,-0.11326201856139839,-7.425938899627404
9051051051.051052,0.9865004259778126,-0.11805445760683932,-13.722360627848415,0.02391863207857497,-32.42527323089173,-5.812968079248428,0.02391863207857497,-32.42527323089173,-5.812968079248428,0.9870487366830981,-0.11322806008290033,-7.429131717816427
9057057057.057056,0.9865049852531963,-0.11801431441961155,-13.72568430760492,0.023953128531112595,-32.41275510213719,-5.8161106937969755,0.023953128531112595,-32.41275510213719,-5.8161106937969755,0.9870525646198763,-0.11319437484458432,-7.432318715555552
9063063063.063065,0.9865095168134047,-0.11797441544084851,-13.729001971874434,0.023986926246420265,-32.400508004165374,-5.819247753264177,0.023986926246420265,-32.400508004165374,-5.819247753264177,0.987056362319127,-0.1131609558208218,-7.435499937675843
9069069069.069069,0.9865140213666785,-0.11793475443138945,-13.732313664698871,0.02402003983510575,-32.38852553387269,-5.822379302345994,0.02402003983510575,-32.38852553387269,-5.822379302345994,0.9870601305579372,-0.11312779617036198,-7.4386754284063015
9075075075.075075,0.9865184996027739,-0.11789532531495628,-13.735619429557303,0.024052483601940917,-32.37680145530096,-5.825505385437448,0.024052483601940917,-32.37680145530096,-5.825505385437448,0.9870638700930603,-0.11309488923101434,-7.441845231385863
9081081081.081081,0.9865229521934862,-0.11785612217353733,-13.73891930937677,0.02408427155312236,-32.365329694272276,-5.828626046631442,0.02408427155312236,-32.365329694272276,-5.828626046631442,0.9870675816615073,-0.11306222851443803,-7.445009389675055
9087087087.087088,0.9865273797931602,-0.11781713924288773,-13.74221334654286,0.02411541740333436,-32.35410433323217,-5.831741329717943,0.02411541740333436,-32.35410433323217,-5.831741329717943,0.9870712659811091,-0.11302980770119048,-7.4481679457674
9093093093.093094,0.9865317830391798,-0.11777837090821652,-13.74550158291003,0.024145934582621084,-32.34311960629143,-5.834851278183462,0.024145934582621084,-32.34311960629143,-5.834851278183462,0.9870749237510659,-0.1129976206358844,-7.451320941600531
9099099099.099098,0.9865361625524427,-0.11773981169999936,-13.748784059811683,0.02417583624307336,-32.33236989445778,-5.837955935210785,0.02417583624307336,-32.33236989445778,-5.837955935210785,0.9870785556524763,-0.11296566132253194,-7.454468418567038
9105105105.105106,0.986540518937821,-0.11770145628992126,-13.75206081807002,0.02420513526533551,-32.321849721048764,-5.841055343679019,0.02420513526533551,-32.321849721048764,-5.841055343679019,0.9870821623488477,-0.1129339239200451,-7.457610417525074
9111111111.11111,0.9865448527846009,-0.11766329948699933,-13.755331898005643,0.024233844264938277,-32.311553747277834,-5.8441495461638215,0.024233844264938277,-32.311553747277834,-5.8441495461638215,0.9870857444865933,-0.11290240273786155,-7.46074697880867
9117117117.117117,0.9865491646669178,-0.11762533623374793,-13.758597339446954,0.024261975598462972,-32.30147676800573,-5.847238584937881,0.024261975598462972,-32.30147676800573,-5.847238584937881,0.9870893026955077,-0.11287109223175035,-7.463878142237855
9123123123.123123,0.986553455144167,-0.11758756160255787,-13.76185718173932,0.024289541369541402,-32.29161370765024,-5.850322501971599,0.024289541369541402,-32.29161370765024,-5.850322501971599,0.9870928375892298,-0.11283998699973893,-7.46700394712849
9129129129.12913,0.9865577247614071,-0.11754997079214438,-13.76511146375404,0.024316553434697102,-32.2819596162472,-5.853401338933935,0.024316553434697102,-32.2819596162472,-5.853401338933935,0.9870963497656929,-0.11280908177814886,-7.470124432301899
9135135135.135136,0.9865619740497474,-0.11751255912412797,-13.768360223897108,0.0243430234090327,-32.27250966565604,-5.856475137193466,0.0243430234090327,-32.27250966565604,-5.856475137193466,0.9870998398075547,-0.11277837143780542,-7.4732396360942746
9141141141.14114,0.9865662035267262,-0.11747532203970358,-13.771603500117752,0.024368962671766966,-32.263259145904094,-5.8595439378195495,0.024368962671766966,-32.263259145904094,-5.8595439378195495,0.9871033082826167,-0.11274785098034333,-7.476349596365835
9147147147.147148,0.9865704136966714,-0.11743825509645939,-13.774841329916818,0.024394382371627863,-32.254203461663096,-5.862607781583688,0.024394382371627863,-32.254203461663096,-5.862607781583688,0.9871067557442302,-0.11271751553463558,-7.479454350509816
9153153153.153152,0.986574605051056,-0.11740135396524756,-13.778073750354924,0.024419293432103795,-32.24533812885288,-5.865666708960959,0.024419293432103795,-32.24533812885288,-5.865666708960959,0.9871101827316878,-0.11268736035334062,-7.482553935461203
9159159159.15916,0.9865787780688373,-0.11736461442718991,-13.781300798060462,0.024443706556558847,-32.23665877136642,-5.868720760131646,0.024443706556558847,-32.23665877136642,-5.868720760131646,0.9871135897706029,-0.11265738080956102,-7.485648387705308
9165165165.165165,0.9865829332167866,-0.11732803237077678,-13.784522509237402,0.024467632233215245,-32.22816111791138,-5.871769974982901,0.024467632233215245,-32.22816111791138,-5.871769974982901,0.9871169773732784,-0.11262757239359725,-7.48873774328611
9171171171.171171,0.9865870709498125,-0.11729160378901372,-13.78773891967293,0.024491080740006683,-32.21984099896329,-5.874814393110556,0.024491080740006683,-32.21984099896329,-5.874814393110556,0.9871203460390613,-0.11259793070982334,-7.491822037814442
9177177177.177177,0.986591191711265,-0.11725532477674339,-13.790950064744903,0.024514062149307618,-32.21169434382552,-5.877854053821014,0.024514062149307618,-32.21169434382552,-5.877854053821014,0.987123696254687,-0.1125684514736548,-7.494901306475959
9183183183.183184,0.9865952959332397,-0.11721919152796448,-13.794155979429163,0.02453658633254018,-32.203717177791944,-5.88088899613322,0.02453658633254018,-32.203717177791944,-5.88088899613322,0.9871270284946149,-0.11253913050859368,-7.497975584038944
9189189189.18919,0.9865993840368678,-0.11718320033327616,-13.797356698306666,0.024558662964663813,-32.19590561940797,-5.883919258780698,0.024558662964663813,-32.19590561940797,-5.883919258780698,0.9871303432213475,-0.1125099637434164,-7.50104490486194
9195195195.195194,0.9866034564325951,-0.11714734757741702,-13.800552255570464,0.02458030152855051,-32.18825587782578,-5.88694488021366,0.02458030152855051,-32.18825587782578,-5.88694488021366,0.9871336408857504,-0.11248094720935875,-7.5041093029011945
9201201201.201202,0.986607513520459,-0.11711162973682694,-13.803742685032539,0.024601511319248717,-32.18076425025028,-5.8899658986012,0.024601511319248717,-32.18076425025028,-5.8899658986012,0.987136921927349,-0.11245207703749835,-7.507168811717955
9207207207.207207,0.9866115556903493,-0.11707604337734576,-13.806928020130474,0.024622301448139417,-32.17342711947185,-5.89298235183349,0.024622301448139417,-32.17342711947185,-5.89298235183349,0.9871401867746243,-0.11242334945615377,-7.510223464485585
9213213213.213213,0.9866155833222668,-0.11704058515193738,-13.810108293933997,0.024642680846987453,-32.166240951482564,-5.895994277524075,0.024642680846987453,-32.166240951482564,-5.895994277524075,0.9871434358452997,-0.11239476078835606,-7.513273293996542
9219219219.21922,0.9866195967865693,-0.11700525179851971,-13.813283539151367,0.02466265827189058,-32.15920229317262,-5.899001713012169,0.02466265827189058,-32.15920229317262,-5.899001713012169,0.9871466695466143,-0.11236630744944254,-7.516318332669179
9225225225.225225,0.9866235964442174,-0.11697004013779741,-13.816453788135634,0.0246822423071303,-32.15230777010355,-5.902004695365026,0.0246822423071303,-32.15230777010355,-5.902004695365026,0.9871498882755939,-0.11233798594467097,-7.519358612554419
9231231231.231232,0.9866275826470007,-0.11693494707127083,-13.819619072890756,0.024701441368925468,-32.14555408435573,-5.905003261380297,0.024701441368925468,-32.14555408435573,-5.905003261380297,0.9871530924193082,-0.11230979286695336,-7.5223941653422575
9237237237.237236,0.9866315557377722,-0.11689996957916964,-13.822779425077593,0.024720263709093478,-32.138938012446594,-5.907997447588456,0.024720263709093478,-32.138938012446594,-5.907997447588456,0.9871562823551201,-0.11228172489465976,-7.525425022368145
9243243243.243244,0.9866355160506627,-0.11686510471856248,-13.825934876019769,0.024738717418620094,-32.132456403317406,-5.910987290255239,0.024738717418620094,-32.132456403317406,-5.910987290255239,0.9871594584509356,-0.11225377878942153,-7.528451214619227
9249249249.249249,0.986639463911296,-0.11683034962146202,-13.829085456709413,0.024756810431140735,-32.12610617638573,-5.913972825384068,0.024756810431140735,-32.12610617638573,-5.913972825384068,0.9871626210654347,-0.11222595139409167,-7.531472772740431
9255255255.255257,0.9866433996369958,-0.11679570149299995,-13.832231197812767,0.024774550526336567,-32.119884319661026,-5.916954088718549,0.024774550526336567,-32.119884319661026,-5.916954088718549,0.987165770548304,-0.11219823963070338,-7.53448972704045
9261261261.261261,0.9866473235369853,-0.11676115760966914,-13.8353721296757,0.024791945333246676,-32.113787887921035,-5.919931115744928,0.024791945333246676,-32.113787887921035,-5.919931115744928,0.9871689072404574,-0.11217064049852069,-7.537502107497567
9267267267.267267,0.9866512359125839,-0.11672671531758978,-13.838508282329082,0.02480900233349924,-32.10781400094671,-5.922903941694585,0.02480900233349924,-32.10781400094671,-5.922903941694585,0.9871720314742536,-0.11214315107212484,-7.540509943765388
9273273273.273273,0.9866551370573938,-0.1166923720308648,-13.841639685494057,0.024825728864463683,-32.10195984181346,-5.925872601546538,0.024825728864463683,-32.10195984181346,-5.925872601546538,0.9871751435737056,-0.1121157684995716,-7.54351326517842
9279279279.27928,0.9866590272574864,-0.11665812522993921,-13.844766368587203,0.02484213212232662,-32.0962226552364,-5.928837130029922,0.02484213212232662,-32.0962226552364,-5.928837130029922,0.9871782438546841,-0.11208849000059799,-7.546512100757548
9285285285.285286,0.9866629067915769,-0.116623972460059,-13.847888360725598,0.02485821916509229,-32.09059974596813,-5.931797561626496,0.02485821916509229,-32.09059974596813,-5.931797561626496,0.9871813326251115,-0.11206131286491351,-7.5495064792154025
9291291291.29129,0.9866667759312013,-0.11658991132970994,-13.85100569073176,0.02487399691551129,-32.08508847724638,-5.934753930573144,0.02487399691551129,-32.08508847724638,-5.934753930573144,0.9871844101851602,-0.11203423445045577,-7.552496428961597
9297297297.297298,0.9866706349408803,-0.11655593950918022,-13.854118387138499,0.02488947216393826,-32.07968626929031,-5.937706270864365,0.02488947216393826,-32.07968626929031,-5.937706270864365,0.9871874768274299,-0.11200725218182737,-7.5554819781078635
9303303303.303303,0.9866744840782853,-0.11652205472908811,-13.85722647819367,0.02490465157112077,-32.07439059784345,-5.940654616254743,0.02490465157112077,-32.07439059784345,-5.940654616254743,0.9871905328371381,-0.11198036354861915,-7.558463154473081
9309309309.309309,0.986678323594396,-0.11648825477900153,-13.860329991864823,0.024919541670921763,-32.06919899276142,-5.943599000261459,0.024919541670921763,-32.06919899276142,-5.943599000261459,0.987193578492286,-0.11195356610394955,-7.5614399855882075
9315315315.315315,0.9866821537336535,-0.11645453750608398,-13.863428955843764,0.024934148872976812,-32.064109036643124,-5.946539456166733,0.024934148872976812,-32.064109036643124,-5.946539456166733,0.9871966140638346,-0.1119268574629122,-7.564412498701081
9321321321.321321,0.9866859747341108,-0.11642090081377095,-13.866523397551022,0.024948479465287977,-32.05911836350364,-5.949476017020296,0.024948479465287977,-32.05911836350364,-5.949476017020296,0.9871996398158688,-0.11190023530113578,-7.56738072078116
9327327327.327328,0.9866897868275776,-0.11638734266049122,-13.86961334414022,0.02496253961675622,-32.05422465748744,-5.952408715641842,0.02496253961675622,-32.05422465748744,-5.952408715641842,0.9872026560057567,-0.11187369735337334,-7.5703446785241395
9333333333.333332,0.9866935902397611,-0.11635386105842829,-13.87269882250237,0.02497633537965375,-32.04942565162046,-5.955337584623449,0.02497633537965375,-32.04942565162046,-5.955337584623449,0.9872056628843066,-0.11184724141212865,-7.573304398356474
9339339339.33934,0.9866973851904052,-0.11632045407229458,-13.875779859270075,0.02498987269203841,-32.04471912659949,-5.958262656332013,0.02498987269203841,-32.04471912659949,-5.958262656332013,0.9872086606959184,-0.11182086532631405,-7.576259906439831
9345345345.345345,0.9867011718934201,-0.11628711981818582,-13.878856480821646,0.025003157380110747,-32.04010290961797,-5.961183962911643,0.025003157380110747,-32.04010290961797,-5.961183962911643,0.9872116496787327,-0.11179456699994625,-7.579211228675413
9351351351.351353,0.9867049505570166,-0.11625385646240219,-13.881928713285134,0.025016195160516293,-32.03557487322643,-5.9641015362860585,0.025016195160516293,-32.03557487322643,-5.9641015362860585,0.9872146300647687,-0.11176834439092427,-7.582158390708235
9357357357.357357,0.9867087213838271,-0.11622066222037715,-13.884996582542302,0.02502899164259345,-32.03113293422689,-5.967015408160942,0.02502899164259345,-32.03113293422689,-5.967015408160942,0.9872176020800691,-0.11174219550976056,-7.5851014179312894
9363363363.363363,0.9867124845710318,-0.11618753535557179,-13.888060114232488,0.0250415523305697,-32.02677505259944,-5.969925610026313,0.0250415523305697,-32.02677505259944,-5.969925610026313,0.9872205659448339,-0.11171611841839806,-7.588040335489629
9369369369.36937,0.9867162403104776,-0.11615447417841948,-13.891119333756425,0.025053882625706094,-32.02249923046053,-5.972832173158846,0.025053882625706094,-32.02249923046053,-5.972832173158846,0.987223521873548,-0.11169011122908604,-7.5909751682843805
9375375375.375376,0.9867199887887912,-0.1161214770453347,-13.89417426627995,0.025065987828392474,-32.01830351105136,-5.975735128624182,0.025065987828392474,-32.01830351105136,-5.975735128624182,0.9872264700751138,-0.1116641721032176,-7.593905940976667
9381381381.381382,0.9867237301874948,-0.11608854235769273,-13.897224936737686,0.025077873140194166,-32.014185977755645,-5.978634507279233,0.025077873140194166,-32.014185977755645,-5.978634507279233,0.9872294107529732,-0.1116382992502496,-7.596832677991451
9387387387.387386,0.9867274646831143,-0.11605566856087489,-13.900271369836592,0.025089543665851248,-32.01014475314581,-5.981530339774441,0.025089543665851248,-32.01014475314581,-5.981530339774441,0.9872323441052275,-0.11161249092665163,-7.599755403521308
9393393393.393394,0.986731192447286,-0.11602285414332933,-13.903313590059522,0.02510100441523244,-32.00617799805623,-5.984422656556037,0.02510100441523244,-32.00617799805623,-5.984422656556037,0.9872352703247582,-0.11158674543483948,-7.602674141530128
9399399399.399399,0.9867349136468603,-0.11599009763565642,-13.906351621668637,0.025112260305243675,-32.002283910683204,-5.987311487868254,0.025112260305243675,-32.002283910683204,-5.987311487868254,0.9872381895993366,-0.1115610611222104,-7.605588915756734
9405405405.405407,0.9867386284440035,-0.11595739760971156,-13.909385488708805,0.025123316161693696,-31.998460725710185,-5.9901968637555605,0.025123316161693696,-31.998460725710185,-5.9901968637555605,0.9872411021117377,-0.11153543638014188,-7.608499749718432
9411411411.411411,0.9867423369962943,-0.11592475267775716,-13.91241521501091,0.025134176721116314,-31.994706713458086,-5.993078814064806,0.025134176721116314,-31.994706713458086,-5.993078814064806,0.9872440080398507,-0.11150986964301515,-7.611406666714496
9417417417.417418,0.9867460394568232,-0.11589216149158504,-13.915440824195116,0.025144846632552224,-31.991020179059056,-5.995957368447419,0.025144846632552224,-31.991020179059056,-5.995957368447419,0.9872469075567781,-0.11148435938734715,-7.6143096898295894
9423423423.423424,0.9867497359742794,-0.11585962274174848,-13.918462339674054,0.02515533045928976,-31.98739946165366,-5.9988325563615135,0.02515533045928976,-31.98739946165366,-5.9988325563615135,0.9872498008309418,-0.11145890413085391,-7.6172088419371065
9429429429.42943,0.9867534266930471,-0.11582713515671902,-13.921479784655949,0.025165632680566798,-31.983842933610237,-6.001704407074018,0.025165632680566798,-31.983842933610237,-6.001704407074018,0.9872526880261852,-0.11143350243155128,-7.620104145702455
9435435435.435436,0.9867571117532907,-0.11579469750213124,-13.924493182147698,0.02517575769323408,-31.980348999765944,-6.004572949662765,0.02517575769323408,-31.980348999765944,-6.004572949662765,0.9872555693018628,-0.11140815288696504,-7.622995623586285
9441441441.44144,0.9867607912910427,-0.11576230858001088,-13.927502554957886,0.02518570981338124,-31.97691609668873,-6.0074382130185455,0.02518570981338124,-31.97691609668873,-6.0074382130185455,0.9872584448129417,-0.11138285413324038,-7.625883297847639
9447447447.447449,0.9867644654382844,-0.11572996722805975,-13.930507925699747,0.025195493277926483,-31.97354269195951,-6.010300225847172,0.025195493277926483,-31.97354269195951,-6.010300225847172,0.9872613147100904,-0.1113576048443578,-7.628767190547058
9453453453.453453,0.9867681343230297,-0.11569767231892497,-13.933509316794051,0.02520511224617071,-31.970227283473953,-6.013159016671467,0.02520511224617071,-31.970227283473953,-6.013159016671467,0.987264179139767,-0.11133240373135611,-7.631647323549611
9459459459.45946,0.9867717980694032,-0.11566542275950145,-13.936506750471981,0.02521457080131704,-31.966968398763278,-6.01601461383329,0.02521457080131704,-31.966968398763278,-6.01601461383329,0.9872670382443085,-0.11130724954154932,-7.634523718527893
9465465465.465466,0.9867754567977203,-0.11563321749023357,-13.939500248777907,0.025223872951956758,-31.963764594333284,-6.018867045495486,0.025223872951956758,-31.963764594333284,-6.018867045495486,0.9872698921620144,-0.11128214105778467,-7.637396396964929
9471471471.471472,0.986779110624558,-0.1156010554844869,-13.942489833572141,0.02523302263352209,-31.96061445502135,-6.021716339643832,0.02523302263352209,-31.96061445502135,-6.021716339643832,0.9872727410272281,-0.11125707709773303,-7.640265380157064
9477477477.477478,0.9867827596628289,-0.11556893574789981,-13.94547552653363,0.025242023709706896,-31.957516593370578,-6.024562524088973,0.025242023709706896,-31.957516593370578,-6.024562524088973,0.9872755849704197,-0.11123205651315271,-7.643130689216763
9483483483.483482,0.9867864040218581,-0.11553685731770158,-13.948457349162595,0.025250879973856454,-31.954469649020556,-6.027405626468305,0.025250879973856454,-31.954469649020556,-6.027405626468305,0.9872784241182629,-0.11120707818921799,-7.645992345075383
9489489489.48949,0.9867900438074458,-0.11550481926216453,-13.95143532278315,0.025259595150326233,-31.951472288114413,-6.030245674247867,0.025259595150326233,-31.951472288114413,-6.030245674247867,0.9872812585937104,-0.11118214104385432,-7.64885036848589
9495495495.495495,0.9867936791219388,-0.11547282067997222,-13.954409468545816,0.02526817289581127,-31.94852320272144,-6.033082694724167,0.02526817289581127,-31.94852320272144,-6.033082694724167,0.9872840885160701,-0.11115724402706388,-7.651704780025504
9501501501.501503,0.9867973100642963,-0.11544086069964013,-13.957379807430058,0.025276616800646065,-31.945621110275034,-6.035916715026033,0.025276616800646065,-31.945621110275034,-6.035916715026033,0.9872869140010743,-0.11113238612031948,-7.654555600098325
9507507507.507507,0.9868009367301537,-0.11540893847895235,-13.960346360246724,0.02528493039007676,-31.942764753025145,-6.038747762116398,0.02528493039007676,-31.942764753025145,-6.038747762116398,0.9872897351609539,-0.11110756633591055,-7.657402848937888
9513513513.513514,0.9868045592118855,-0.11537705320440983,-13.96330914764047,0.02529311712550522,-31.939952897505147,-6.041575862794094,0.02529311712550522,-31.939952897505147,-6.041575862794094,0.9872925521045034,-0.11108278371637051,-7.660246546609695
9519519519.51952,0.9868081775986668,-0.1153452040906864,-13.96626819009212,0.025301180405706086,-31.93718433401258,-6.044401043695595,0.025301180405706086,-31.93718433401258,-6.044401043695595,0.9872953649371536,-0.11105803733383719,-7.66308671301366
9525525525.525526,0.9868117919765317,-0.11531339038011526,-13.969223507921,0.025309123568017938,-31.93445787610313,-6.047223331296756,0.025309123568017938,-31.93445787610313,-6.047223331296756,0.9872981737610272,-0.11103332628956326,-7.665923367886557
9531531531.531532,0.9868154024284357,-0.11528161134213824,-13.97217512128723,0.025316949889508347,-31.931772360097774,-6.050042751914524,0.025316949889508347,-31.931772360097774,-6.050042751914524,0.9873009786750121,-0.11100864971327012,-7.668756530804392
9537537537.537537,0.9868190090343066,-0.11524986627285773,-13.975123050193961,0.025324662588114125,-31.92912664460248,-6.052859331708624,0.025324662588114125,-31.92912664460248,-6.052859331708624,0.987303779774816,-0.11098400676266683,-7.67158622118474
9543543543.543545,0.986822611871102,-0.1152181544945319,-13.97806731448959,0.02533226482375697,-31.926519610040152,-6.055673096683221,0.02533226482375697,-31.926519610040152,-6.055673096683221,0.9873065771530328,-0.11095939662286662,-7.674412458289044
9549549549.54955,0.9868262110128678,-0.1151864753550544,-13.981007933869915,0.025339759699435308,-31.92395015819447,-6.058484072688558,0.025339759699435308,-31.92395015819447,-6.058484072688558,0.9873093708991977,-0.11093481850590303,-7.677235261224865
9555555555.555555,0.9868298065307827,-0.1151548282275687,-13.98394492788028,0.025347150262292784,-31.921417211765238,-6.061292285422581,0.025347150262292784,-31.921417211765238,-6.061292285422581,0.9873121610998429,-0.11091027165023523,-7.6800546489481025
9561561561.561562,0.9868333984932155,-0.11512321250995669,-13.986878315917663,0.025354439504664063,-31.918919713934923,-6.064097760432535,0.025354439504664063,-31.918919713934923,-6.064097760432535,0.9873149478385591,-0.11088575532021043,-7.682870640265164
9567567567.567568,0.9868369869657743,-0.11509162762441111,-13.989808117232716,0.02536163036509854,-31.916456627945983,-6.066900523116534,0.02536163036509854,-31.916456627945983,-6.066900523116534,0.9873177311960447,-0.11086126880562984,-7.685683253835098
9573573573.573574,0.9868405720113528,-0.11506007301702266,-13.992734350931812,0.025368725729361757,-31.914026936688966,-6.069700598725117,0.025368725729361757,-31.914026936688966,-6.069700598725117,0.9873205112501632,-0.11083681142124234,-7.688492508171699
9579579579.579578,0.9868441536901809,-0.11502854815733804,-13.995657035979008,0.025375728431416646,-31.911629642300486,-6.0724980123627725,0.025375728431416646,-31.911629642300486,-6.0724980123627725,0.987323288075991,-0.11081238250632319,-7.691298421645559
9585585585.585587,0.9868477320598695,-0.11499705253796151,-13.998576191198005,0.025382641254383154,-31.909263765771453,-6.075292788989465,0.025382641254383154,-31.909263765771453,-6.075292788989465,0.9873260617458712,-0.11078798142420276,-7.694101012486104
9591591591.59159,0.9868513071754563,-0.11496558567415607,-14.001491835274066,0.025389466931478276,-31.906928346564772,-6.078084953422095,0.025389466931478276,-31.906928346564772,-6.078084953422095,0.9873288323294621,-0.11076360756183759,-7.6969002987835635
9597597597.597599,0.9868548790894519,-0.11493414710343242,-14.0044039867559,0.025396208146936133,-31.904622442242463,-6.080874530335997,0.025396208146936133,-31.904622442242463,-6.080874530335997,0.9873315998937843,-0.11073926032939573,-7.699696298490948
9603603603.603603,0.986858447851879,-0.11490273638520557,-14.007312664057498,0.025402867536908756,-31.90234512810193,-6.083661544266361,0.025402867536908756,-31.90234512810193,-6.083661544266361,0.9873343645032671,-0.11071493915984829,-7.702489029425944
9609609609.60961,0.9868620135103173,-0.11487135310040074,-14.010217885459987,0.025409447690348256,-31.900095496820974,-6.086446019609673,0.025409447690348256,-31.900095496820974,-6.086446019609673,0.9873371262197981,-0.11069064350853335,-7.7052785092728175
9615615615.615616,0.986865576109946,-0.11483999685107665,-14.01311966911339,0.025415951149870476,-31.897872658111478,-6.089227980625117,0.025415951149870476,-31.897872658111478,-6.089227980625117,0.9873398851027638,-0.11066637285279833,-7.708064755584264
9621621621.621622,0.9868691356935805,-0.11480866726010173,-14.016018033038394,0.02542238041260067,-31.89567573838142,-6.09200745143595,0.02542238041260067,-31.89567573838142,-6.09200745143595,0.9873426412090954,-0.1106421266915971,-7.710847785783218
9627627627.627628,0.9868726923017154,-0.1147773639707785,-14.018912995128083,0.025428737931001845,-31.893503880405,-6.094784456030885,0.025428737931001845,-31.893503880405,-6.094784456030885,0.9873453945933096,-0.11061790454512943,-7.713627617164661
9633633633.633633,0.9868762459725592,-0.1147460866465344,-14.021804573149637,0.025435026113685703,-31.891356243000647,-6.097559018265423,0.025435026113685703,-31.891356243000647,-6.097559018265423,0.987348145307552,-0.11059370595445958,-7.716404266897367
9639639639.63964,0.9868797967420747,-0.11471483497056774,-14.024692784746001,0.025441247326206905,-31.889232000716774,-6.100331161863185,0.025441247326206905,-31.889232000716774,-6.100331161863185,0.9873508934016372,-0.11056953048116366,-7.719177752025636
9645645645.645645,0.986883344644013,-0.11468360864554819,-14.027577647437537,0.025447403891841427,-31.887130343524774,-6.103100910417215,0.025447403891841427,-31.887130343524774,-6.103100910417215,0.9873536389230879,-0.11054537770698428,-7.721948089470991
9651651651.651651,0.986886889709952,-0.11465240739327462,-14.03045917862363,0.025453498092348342,-31.88505047651948,-6.1058682873912735,0.025453498092348342,-31.88505047651948,-6.1058682873912735,0.987356381917172,-0.11052124723350629,-7.724715296033861
9657657657.657658,0.9868904319693288,-0.11462123095439414,-14.033337395584283,0.025459532168716086,-31.88299161962668,-6.108633316121097,0.025459532168716086,-31.88299161962668,-6.108633316121097,0.9873591224269442,-0.1104971386817871,-7.727479388395202
9663663663.663664,0.9868939714494745,-0.11459007908809213,-14.036212315481684,0.02546550832189385,-31.880953007317274,-6.111396019815661,0.02546550832189385,-31.880953007317274,-6.111396019815661,0.9873618604932786,-0.11047305169207321,-7.730240383118129
9669669669.66967,0.9868975081756494,-0.11455895157178492,-14.039083955361736,0.025471428713507844,-31.878933888328277,-6.114156421558403,0.025471428713507844,-31.878933888328277,-6.114156421558403,0.9873645961549079,-0.11044898592345037,-7.7329982966494955
9675675675.675674,0.9869010421710719,-0.11452784820085976,-14.041952332155576,0.02547729546656267,-31.876933525390307,-6.116914544308438,0.02547729546656267,-31.876933525390307,-6.116914544308438,0.9873673294484564,-0.11042494105355904,-7.7357531453214525
9681681681.681683,0.9869045734569512,-0.11449676878839388,-14.044817462681067,0.02548311066612916,-31.87495119496125,-6.119670410901761,0.02548311066612916,-31.87495119496125,-6.119670410901761,0.9873700604084751,-0.11040091677828062,-7.738504945352995
9687687687.687687,0.986908102052521,-0.11446571316485131,-14.047679363644246,0.02548887636001735,-31.872986186966262,-6.122424044052406,0.02548887636001735,-31.872986186966262,-6.122424044052406,0.9873727890674737,-0.1103769128114569,-7.741253712851455
9693693693.693695,0.9869116279750686,-0.1144346811778315,-14.050538051640778,0.025494594559436968,-31.871037804543498,-6.125175466353638,0.025494594559436968,-31.871037804543498,-6.125175466353638,0.9873755154559571,-0.11035292888457035,-7.7439994638139975
9699699699.6997,0.9869151512399614,-0.11440367269183148,-14.053393543157364,0.025500267239643434,-31.869105363795928,-6.127924700279071,0.025500267239643434,-31.869105363795928,-6.127924700279071,0.987378239602453,-0.11032896474649992,-7.74674221412907
9705705705.705706,0.9869186718606788,-0.11437268758796816,-14.056245854573145,0.02550589634057168,-31.867188193548618,-6.130671768183804,0.02550589634057168,-31.867188193548618,-6.130671768183804,0.987380961533545,-0.11030502016322656,-7.749481979577851
9711711711.711712,0.9869221898488408,-0.11434172576372387,-14.059095002161062,0.025511483767457065,-31.86528563511153,-6.133416692305534,0.025511483767457065,-31.86528563511153,-6.133416692305534,0.9873836812739024,-0.1102810949175783,-7.752218775835647
9717717717.717718,0.9869257052142338,-0.11431078713272043,-14.061941002089208,0.025517031391443658,-31.863397042047797,-6.136159494765645,0.025517031391443658,-31.863397042047797,-6.136159494765645,0.9873863988463104,-0.11025718880895641,-7.754952618473295
9723723723.723724,0.9869292179648377,-0.11427987162448044,-14.064783870422158,0.025522541050180297,-31.86152177994718,-6.138900197570287,0.025522541050180297,-31.86152177994718,-6.138900197570287,0.9873891142717,-0.11023330165307736,-7.757683522958516
9729729729.729729,0.9869327281068553,-0.11424897918416611,-14.067623623122275,0.025528014548405337,-31.859659226204457,-6.14163882261143,0.025528014548405337,-31.859659226204457,-6.14163882261143,0.9873918275691735,-0.11020943328174411,-7.760411504657266
9735735735.735737,0.9869362356447323,-0.114218109772406,-14.070460276050994,0.025533453658518942,-31.857808769803036,-6.144375391667928,0.025533453658518942,-31.857808769803036,-6.144375391667928,0.987394538756036,-0.1101855835425753,-7.763136578835057
9741741741.741741,0.9869397405811885,-0.1141872633650192,-14.073293844970086,0.02553886012114452,-31.85596981110318,-6.147109926406527,0.02553886012114452,-31.85596981110318,-6.147109926406527,0.9873972478478197,-0.1101617522987833,-7.765858760658254
9747747747.747747,0.9869432429172381,-0.11415643995283442,-14.07612434554291,0.025544235645679106,-31.854141761634935,-6.149842448382891,0.025544235645679106,-31.854141761634935,-6.149842448382891,0.98739995485831,-0.11013793942894959,-7.768578065195362
9753753753.753754,0.9869467426522159,-0.11412563954146188,-14.07895179333563,0.025549581910832304,-31.85232404389581,-6.1525729790426,0.025549581910832304,-31.85232404389581,-6.1525729790426,0.9874026597995734,-0.11011414482677806,-7.7712945074182755
9759759759.75976,0.9869502397838015,-0.1140948621510792,-14.081776203818425,0.025554900565155296,-31.85051609115268,-6.155301539722125,0.025554900565155296,-31.85051609115268,-6.155301539722125,0.9874053626819824,-0.1100903684008754,-7.774008102203523
9765765765.765766,0.9869537343080393,-0.11406410781625229,-14.084597592366675,0.025560193227558838,-31.84871734724821,-6.158028151649812,0.025560193227558838,-31.84871734724821,-6.158028151649812,0.9874080635142377,-0.11006661007455538,-7.776718864333486
9771771771.771772,0.9869572262193621,-0.11403337658573381,-14.08741597426214,0.025565461487821337,-31.84692726641144,-6.160752835946818,0.025565461487821337,-31.84692726641144,-6.160752835946818,0.9874107623033966,-0.11004286978558872,-7.779426808497597
9777777777.777779,0.986960715510616,-0.11400266852223631,-14.09023136469409,0.0255707069070869,-31.845145313072507,-6.163475613628064,0.0255707069070869,-31.845145313072507,-6.163475613628064,0.9874134590548918,-0.1100191474860397,-7.782131949293517
9783783783.783783,0.9869642021730787,-0.11397198370227749,-14.09304377876046,0.025575931018353912,-31.84337096168127,-6.166196505603161,0.025575931018353912,-31.84337096168127,-6.166196505603161,0.9874161537725576,-0.10999544314202976,-7.784834301228308
9789789789.789791,0.9869676861964797,-0.11394132221599634,-14.095853231468954,0.02558113532695327,-31.841603696530164,-6.168915532677308,0.02558113532695327,-31.841603696530164,-6.168915532677308,0.9874188464586517,-0.10997175673355455,-7.787533878719561
9795795795.795795,0.9869711675690253,-0.11391068416693802,-14.098659737738142,0.02558632131101838,-31.839843011580463,-6.1716327155522,0.02558632131101838,-31.839843011580463,-6.1716327155522,0.987421537113877,-0.10994808825428366,-7.79023069609654
9801801801.801802,0.9869746462774132,-0.11388006967192155,-14.101463312398552,0.02559149042194507,-31.83808841029258,-6.174348074826917,0.02559149042194507,-31.83808841029258,-6.174348074826917,0.9874242257374009,-0.1099244377113952,-7.792924767601271
9807807807.807808,0.9869781223068554,-0.11384947886083946,-14.10426397019372,0.02559664408484286,-31.836339405459935,-6.177061630998774,0.02559664408484286,-31.836339405459935,-6.177061630998774,0.9874269123268817,-0.10990080512533952,-7.795616107389645
9813813813.813814,0.9869815956410987,-0.11381891187647959,-14.107061725781252,0.025601783698977962,-31.83459551904615,-6.179773404464198,0.025601783698977962,-31.83459551904615,-6.179773404464198,0.9874295968784839,-0.10987719052971184,-7.798304729532489
9819819819.81982,0.9869850662624385,-0.11378836887439604,-14.109856593733847,0.025606910638206856,-31.83285628202601,-6.182483415519562,0.025606910638206856,-31.83285628202601,-6.182483415519562,0.9874322793869001,-0.1098535939710491,-7.800990648016625
9825825825.825825,0.9869885341517421,-0.11375785002271342,-14.112648588540324,0.02561202625140224,-31.831121234229546,-6.185191684362017,0.02561202625140224,-31.831121234229546,-6.185191684362017,0.9874349598453719,-0.10983001550865687,-7.803673876745905
9831831831.831833,0.9869919992884649,-0.11372735550197724,-14.115437724606618,0.025617131862870058,-31.829389924189577,-6.187898231090314,0.025617131862870058,-31.829389924189577,-6.187898231090314,0.9874376382457062,-0.10980645521445584,-7.806354429542241
9837837837.837837,0.9869954616506658,-0.11369688550502076,-14.118224016256761,0.025622228772759367,-31.82766190899226,-6.190603075705598,0.025622228772759367,-31.82766190899226,-6.190603075705598,0.987440314578296,-0.10978291317280586,-7.80903232014661
9843843843.843845,0.9869989212150279,-0.11366644023678109,-14.121007477733869,0.025627318257463436,-31.82593675413095,-6.1933062381122195,0.025627318257463436,-31.82593675413095,-6.1933062381122195,0.9874429888321404,-0.10975938948032517,-7.811707562220054
9849849849.84985,0.9870023779568737,-0.11363601991416712,-14.123788123201088,0.0256324015700136,-31.824214033363067,-6.19600773811849,0.0256324015700136,-31.824214033363067,-6.19600773811849,0.9874456609948578,-0.10973588424577976,-7.814380169344648
9855855855.855856,0.9870058318501803,-0.1136056247659265,-14.126565966742536,0.025637479940465793,-31.82249332856978,-6.198707595437478,0.025637479940465793,-31.82249332856978,-6.198707595437478,0.9874483310527067,-0.10971239758989193,-7.817050155024477
9861861861.861862,0.9870092828675976,-0.11357525503248114,-14.12934102236424,0.025642554576279133,-31.820774229618802,-6.201405829687746,0.025642554576279133,-31.820774229618802,-6.201405829687746,0.987450998990603,-0.10968892964519651,-7.819717532686573
9867867867.867868,0.9870127309804636,-0.11354491096579528,-14.13211330399505,0.02564762666268769,-31.819056334229906,-6.204102460394099,0.02564762666268769,-31.819056334229906,-6.204102460394099,0.9874536647921344,-0.10966548055590786,-7.822382315681853
9873873873.873875,0.9870161761588174,-0.11351459282926082,-14.134882825487532,0.025652697363065066,-31.8173392478432,-6.206797506988325,0.025652697363065066,-31.8173392478432,-6.206797506988325,0.9874563284395801,-0.1096420504777498,-7.825044517286045
9879879879.879879,0.9870196183714189,-0.11348430089752345,-14.137649600618866,0.025657767819282067,-31.81562258349014,-6.209490988809908,0.025657767819282067,-31.81562258349014,-6.209490988809908,0.987458989913923,-0.10961863957784714,-7.827704150700587
9885885885.885887,0.9870230575857568,-0.11345403545641188,-14.140413643091726,0.025662839152057335,-31.813905961667178,-6.212182925106745,0.025662839152057335,-31.813905961667178,-6.212182925106745,0.9874616491948689,-0.10959524803455649,-7.830361229053528
9891891891.891891,0.9870264937680692,-0.11342379680275605,-14.14317496653512,0.02566791246130192,-31.812189010211892,-6.21487333503584,0.02566791246130192,-31.812189010211892,-6.21487333503584,0.9874643062608597,-0.10957187603734993,-7.833015765400395
9897897897.897898,0.9870299268833558,-0.11339358524427946,-14.14593358450527,0.025672988826456637,-31.810471364181762,-6.2175622376639925,0.025672988826456637,-31.810471364181762,-6.2175622376639925,0.9874669610890883,-0.10954852378668403,-7.8356677727250785
9903903903.903904,0.987033356895389,-0.1133634010995033,-14.148689510486433,0.0256780693068234,-31.808752665735334,-6.2202496519684845,0.0256780693068234,-31.808752665735334,-6.2202496519684845,0.9874696136555137,-0.10952519149386683,-7.838317263940668
9909909909.90991,0.9870367837667314,-0.11333324469758882,-14.151442757891724,0.02568315494189055,-31.807032564015675,-6.222935596837733,0.02568315494189055,-31.807032564015675,-6.222935596837733,0.9874722639348755,-0.10950187938092985,-7.840964251890307
9915915915.915916,0.9870402074587461,-0.11330311637825137,-14.154193340063937,0.02568824675165158,-31.805310715036313,-6.225620091071955,0.02568824675165158,-31.805310715036313,-6.225620091071955,0.9874749119007078,-0.1094785876805078,-7.84360874934801
9921921921.92192,0.9870436279316108,-0.11327301649163014,-14.156941270276349,0.02569334573691808,-31.80358678156943,-6.228303153383811,0.02569334573691808,-31.80358678156943,-6.228303153383811,0.9874775575253537,-0.10945531663570657,-7.84625076901949
9927927927.927929,0.9870470451443293,-0.11324294539819237,-14.159686561733505,0.025698452879626785,-31.801860433036246,-6.230984802399041,0.025698452879626785,-31.801860433036246,-6.230984802399041,0.9874802007799764,-0.10943206650000938,-7.848890323542959
9933933933.933933,0.9870504590547452,-0.11321290346860799,-14.162429227572,0.025703569143141196,-31.800131345399482,-6.233665056657087,0.025703569143141196,-31.800131345399482,-6.233665056657087,0.9874828416345736,-0.10940883753714972,-7.851527425489916
9939939939.939941,0.9870538696195529,-0.11318289108365676,-14.165169280861246,0.02570869547254694,-31.798399201058164,-6.236343934611721,0.02570869547254694,-31.798399201058164,-6.236343934611721,0.987485480057991,-0.10938563002098814,-7.854162087365941
9945945945.945946,0.9870572767943098,-0.11315290863411767,-14.167906734604228,0.025713832794941993,-31.796663688744378,-6.2390214546316285,0.025713832794941993,-31.796663688744378,-6.2390214546316285,0.9874881160179342,-0.10936244423541353,-7.856794321611448
9951951951.951952,0.9870606805334494,-0.11312295652065449,-14.170641601738257,0.02571898201972149,-31.794924503422056,-6.241697635001021,0.02571898201972149,-31.794924503422056,-6.241697635001021,0.9874907494809793,-0.10933928047424618,-7.859424140602461
9957957957.957958,0.9870640807902886,-0.11309303515375302,-14.173373895135697,0.025724144038857248,-31.79318134618771,-6.2443724939202205,0.025724144038857248,-31.79318134618771,-6.2443724939202205,0.9874933804125895,-0.10931613904109143,-7.862051556651352
9963963963.963964,0.9870674775170414,-0.11306314495359793,-14.176103627604697,0.02572931972717188,-31.791433924173205,-6.247046049506229,0.02572931972717188,-31.791433924173205,-6.247046049506229,0.9874960087771195,-0.10929302024930312,-7.86467658200758
9969969969.96997,0.9870708706648317,-0.11303328634996018,-14.178830811889908,0.025734509942608102,-31.789681950450344,-6.249718319793306,0.025734509942608102,-31.789681950450344,-6.249718319793306,0.9874986345378333,-0.10926992442182552,-7.867299228858421
9975975975.975975,0.9870742601836974,-0.11300345978216281,-14.181555460673177,0.025739715526492766,-31.78792514393734,-6.252389322733517,0.025739715526492766,-31.78792514393734,-6.252389322733517,0.9875012576569149,-0.10924685189109734,-7.869919509329682
9981981981.981983,0.987077646022609,-0.11297366569891543,-14.184277586574263,0.02574493730379624,-31.78616322930707,-6.255059076197291,0.02574493730379624,-31.78616322930707,-6.255059076197291,0.9875038780954729,-0.1092238029990146,-7.872537435486406
9987987987.987988,0.987081028129473,-0.11294390455828411,-14.186997202151495,0.025750176083386977,-31.78439593689708,-6.2577275979739495,0.025750176083386977,-31.78439593689708,-6.2577275979739495,0.9875064958135591,-0.10920077809676543,-7.87515301933357
9993993993.993994,0.9870844064511443,-0.1129141768275835,-14.189714319902482,0.02575543265828105,-31.78262300262145,-6.260394905772252,0.02575543265828105,-31.78262300262145,-6.260394905772252,0.9875091107701749,-0.10917777754477237,-7.8777662728167765
10000000000.0,0.9870877809334372,-0.11288448298327824,-14.192428952264748,0.025760707805887698,-31.780844167884098,-6.263061017220912,0.025760707805887698,-31.780844167884098,-6.263061017220912,0.987511722923282,-0.10915480171259948,-7.88037720782292
